model,objective,image,image_sha256,height,width,snr_db,draw,noise_seed,cbr_payload,rate_map_bits,cbr_rate_map_capacity,cbr_with_rate_map_capacity,mse,psnr,ms_ssim,ms_ssim_db,lpips,native_ms_ssim_4level,psnr_8bit
ntscc_quality1,MSE,01.png,a56e27cbf5f843c048b6af1d6e090760e9c92fadba88b7dee0205918a37523bd,256,256,0.0,0,7070,0.028157552083333332,1024,0.005208333333333333,0.033365885416666664,0.014156229794025421,18.490522384643555,0.6265615224838257,4.2778096199035645,0.4216766953468323,0.5090456604957581,18.490055084228516
ntscc_quality1,MSE,01.png,a56e27cbf5f843c048b6af1d6e090760e9c92fadba88b7dee0205918a37523bd,256,256,0.0,1,7071,0.028157552083333332,1024,0.005208333333333333,0.033365885416666664,0.016779765486717224,17.75214195251465,0.6670198440551758,4.775815963745117,0.4253787100315094,0.5297742486000061,17.751707077026367
ntscc_quality1,MSE,01.png,a56e27cbf5f843c048b6af1d6e090760e9c92fadba88b7dee0205918a37523bd,256,256,0.0,2,7072,0.028157552083333332,1024,0.005208333333333333,0.033365885416666664,0.024958044290542603,16.027894973754883,0.5874319076538086,3.845043659210205,0.424594521522522,0.4763067960739136,16.02776336669922
ntscc_quality1,MSE,01.png,a56e27cbf5f843c048b6af1d6e090760e9c92fadba88b7dee0205918a37523bd,256,256,0.0,3,7073,0.028157552083333332,1024,0.005208333333333333,0.033365885416666664,0.012402302585542202,19.064977645874023,0.7100757360458374,5.377154350280762,0.4197332262992859,0.5919191241264343,19.06439208984375
ntscc_quality1,MSE,01.png,a56e27cbf5f843c048b6af1d6e090760e9c92fadba88b7dee0205918a37523bd,256,256,0.0,4,7074,0.028157552083333332,1024,0.005208333333333333,0.033365885416666664,0.013546593487262726,18.681699752807617,0.6576474905014038,4.655264854431152,0.42686253786087036,0.5024506449699402,18.68148422241211
ntscc_quality1,MSE,01.png,a56e27cbf5f843c048b6af1d6e090760e9c92fadba88b7dee0205918a37523bd,256,256,0.0,5,7075,0.028157552083333332,1024,0.005208333333333333,0.033365885416666664,0.01727358251810074,17.626176834106445,0.5955643057823181,3.9315054416656494,0.4475289285182953,0.4925193786621094,17.625595092773438
ntscc_quality1,MSE,01.png,a56e27cbf5f843c048b6af1d6e090760e9c92fadba88b7dee0205918a37523bd,256,256,0.0,6,7076,0.028157552083333332,1024,0.005208333333333333,0.033365885416666664,0.01663178764283657,17.790611267089844,0.6187195181846619,4.187554359436035,0.4155968725681305,0.4824390411376953,17.79037857055664
ntscc_quality1,MSE,01.png,a56e27cbf5f843c048b6af1d6e090760e9c92fadba88b7dee0205918a37523bd,256,256,0.0,7,7077,0.028157552083333332,1024,0.005208333333333333,0.033365885416666664,0.016389897093176842,17.854238510131836,0.6564123630523682,4.639625072479248,0.41893458366394043,0.5161647796630859,17.853851318359375
ntscc_quality1,MSE,01.png,a56e27cbf5f843c048b6af1d6e090760e9c92fadba88b7dee0205918a37523bd,256,256,0.0,8,7078,0.028157552083333332,1024,0.005208333333333333,0.033365885416666664,0.014449959620833397,18.401334762573242,0.6404555439949036,4.442474365234375,0.4240557849407196,0.49453020095825195,18.401330947875977
ntscc_quality1,MSE,01.png,a56e27cbf5f843c048b6af1d6e090760e9c92fadba88b7dee0205918a37523bd,256,256,0.0,9,7079,0.028157552083333332,1024,0.005208333333333333,0.033365885416666664,0.015353888273239136,18.137815475463867,0.6061564683914185,4.046762943267822,0.46194973587989807,0.48236632347106934,18.13764762878418
ntscc_quality1,MSE,02.png,4f4b74a79237e311d72cad958237b5f7088d8bce1c82305ebefe1a70e3022dfd,256,256,0.0,0,17070,0.021931966145833332,1024,0.005208333333333333,0.027140299479166664,0.003162417095154524,24.99980926513672,0.7927314639091492,6.8346662521362305,0.3863883912563324,0.7183464169502258,24.99819564819336
ntscc_quality1,MSE,02.png,4f4b74a79237e311d72cad958237b5f7088d8bce1c82305ebefe1a70e3022dfd,256,256,0.0,1,17071,0.021931966145833332,1024,0.005208333333333333,0.027140299479166664,0.0033319806680083275,24.77297592163086,0.7679613828659058,6.344397068023682,0.4003485441207886,0.691372811794281,24.771203994750977
ntscc_quality1,MSE,02.png,4f4b74a79237e311d72cad958237b5f7088d8bce1c82305ebefe1a70e3022dfd,256,256,0.0,2,17072,0.021931966145833332,1024,0.005208333333333333,0.027140299479166664,0.004173824097961187,23.794660568237305,0.7932290434837341,6.845104694366455,0.4009146988391876,0.715050995349884,23.792722702026367
ntscc_quality1,MSE,02.png,4f4b74a79237e311d72cad958237b5f7088d8bce1c82305ebefe1a70e3022dfd,256,256,0.0,3,17073,0.021931966145833332,1024,0.005208333333333333,0.027140299479166664,0.0034845254849642515,24.578563690185547,0.7832571864128113,6.640552997589111,0.4255191683769226,0.6992711424827576,24.57685661315918
ntscc_quality1,MSE,02.png,4f4b74a79237e311d72cad958237b5f7088d8bce1c82305ebefe1a70e3022dfd,256,256,0.0,4,17074,0.021931966145833332,1024,0.005208333333333333,0.027140299479166664,0.004018659703433514,23.95918846130371,0.7660204768180847,6.308221817016602,0.38751041889190674,0.6749810576438904,23.95763397216797
ntscc_quality1,MSE,02.png,4f4b74a79237e311d72cad958237b5f7088d8bce1c82305ebefe1a70e3022dfd,256,256,0.0,5,17075,0.021931966145833332,1024,0.005208333333333333,0.027140299479166664,0.0026476308703422546,25.771427154541016,0.816117525100708,7.354597091674805,0.41573482751846313,0.7512588500976562,25.770017623901367
ntscc_quality1,MSE,02.png,4f4b74a79237e311d72cad958237b5f7088d8bce1c82305ebefe1a70e3022dfd,256,256,0.0,6,17076,0.021931966145833332,1024,0.005208333333333333,0.027140299479166664,0.003204678650945425,24.942157745361328,0.8135859370231628,7.29521369934082,0.3886359632015228,0.7495248317718506,24.940214157104492
ntscc_quality1,MSE,02.png,4f4b74a79237e311d72cad958237b5f7088d8bce1c82305ebefe1a70e3022dfd,256,256,0.0,7,17077,0.021931966145833332,1024,0.005208333333333333,0.027140299479166664,0.004834673833101988,23.156328201293945,0.7444509267807007,5.925256729125977,0.41949111223220825,0.6601426005363464,23.155080795288086
ntscc_quality1,MSE,02.png,4f4b74a79237e311d72cad958237b5f7088d8bce1c82305ebefe1a70e3022dfd,256,256,0.0,8,17078,0.021931966145833332,1024,0.005208333333333333,0.027140299479166664,0.0037909671664237976,24.212501525878906,0.7870371341705322,6.716961860656738,0.401854544878006,0.7129407525062561,24.210710525512695
ntscc_quality1,MSE,02.png,4f4b74a79237e311d72cad958237b5f7088d8bce1c82305ebefe1a70e3022dfd,256,256,0.0,9,17079,0.021931966145833332,1024,0.005208333333333333,0.027140299479166664,0.004047801252454519,23.927810668945312,0.7303220629692078,5.691546440124512,0.44767892360687256,0.6339250802993774,23.92678451538086
ntscc_quality1,MSE,03.png,e25ca1ff2f0c0cb5fdfd5f9b0a0bb21ac4c3de3c84a67f35b09a85d3306249db,256,256,0.0,0,27070,0.0216064453125,1024,0.005208333333333333,0.026814778645833332,0.012920251116156578,18.887290954589844,0.726719081401825,5.633907318115234,0.3613092005252838,0.6147965788841248,18.886812210083008
ntscc_quality1,MSE,03.png,e25ca1ff2f0c0cb5fdfd5f9b0a0bb21ac4c3de3c84a67f35b09a85d3306249db,256,256,0.0,1,27071,0.0216064453125,1024,0.005208333333333333,0.026814778645833332,0.012275679968297482,19.109542846679688,0.7562009692192078,6.129680156707764,0.3398488461971283,0.6565635800361633,19.109270095825195
ntscc_quality1,MSE,03.png,e25ca1ff2f0c0cb5fdfd5f9b0a0bb21ac4c3de3c84a67f35b09a85d3306249db,256,256,0.0,2,27072,0.0216064453125,1024,0.005208333333333333,0.026814778645833332,0.008674263022840023,20.61767578125,0.753667950630188,6.0847907066345215,0.34280139207839966,0.6509069204330444,20.61679458618164
ntscc_quality1,MSE,03.png,e25ca1ff2f0c0cb5fdfd5f9b0a0bb21ac4c3de3c84a67f35b09a85d3306249db,256,256,0.0,3,27073,0.0216064453125,1024,0.005208333333333333,0.026814778645833332,0.009979288093745708,20.009004592895508,0.7755125761032104,6.488080024719238,0.34044212102890015,0.6904699802398682,20.00823211669922
ntscc_quality1,MSE,03.png,e25ca1ff2f0c0cb5fdfd5f9b0a0bb21ac4c3de3c84a67f35b09a85d3306249db,256,256,0.0,4,27074,0.0216064453125,1024,0.005208333333333333,0.026814778645833332,0.007530055940151215,21.232017517089844,0.7825597524642944,6.626601219177246,0.353656530380249,0.6916492581367493,21.231582641601562
ntscc_quality1,MSE,03.png,e25ca1ff2f0c0cb5fdfd5f9b0a0bb21ac4c3de3c84a67f35b09a85d3306249db,256,256,0.0,5,27075,0.0216064453125,1024,0.005208333333333333,0.026814778645833332,0.009643908590078354,20.157470703125,0.77332603931427,6.44598388671875,0.333517849445343,0.6812652945518494,20.15699005126953
ntscc_quality1,MSE,03.png,e25ca1ff2f0c0cb5fdfd5f9b0a0bb21ac4c3de3c84a67f35b09a85d3306249db,256,256,0.0,6,27076,0.0216064453125,1024,0.005208333333333333,0.026814778645833332,0.008607620373368263,20.651168823242188,0.7139112949371338,5.434992790222168,0.35181307792663574,0.6070054173469543,20.64996337890625
ntscc_quality1,MSE,03.png,e25ca1ff2f0c0cb5fdfd5f9b0a0bb21ac4c3de3c84a67f35b09a85d3306249db,256,256,0.0,7,27077,0.0216064453125,1024,0.005208333333333333,0.026814778645833332,0.02127125859260559,16.722068786621094,0.6631568670272827,4.7257232666015625,0.36958956718444824,0.5371885895729065,16.72190284729004
ntscc_quality1,MSE,03.png,e25ca1ff2f0c0cb5fdfd5f9b0a0bb21ac4c3de3c84a67f35b09a85d3306249db,256,256,0.0,8,27078,0.0216064453125,1024,0.005208333333333333,0.026814778645833332,0.004113208502531052,23.858192443847656,0.8026740550994873,7.048158168792725,0.33031269907951355,0.7315266728401184,23.856536865234375
ntscc_quality1,MSE,03.png,e25ca1ff2f0c0cb5fdfd5f9b0a0bb21ac4c3de3c84a67f35b09a85d3306249db,256,256,0.0,9,27079,0.0216064453125,1024,0.005208333333333333,0.026814778645833332,0.005298340227454901,22.758602142333984,0.7746273875236511,6.470989227294922,0.3438941240310669,0.6853453516960144,22.757265090942383
ntscc_quality1,MSE,04.png,e3b946107c5d3441c022f678d0c3caf1e224d81b1604ba840a4f88e562de61aa,256,256,0.0,0,37070,0.019571940104166668,1024,0.005208333333333333,0.0247802734375,0.0015075362753123045,28.217323303222656,0.8850411772727966,9.394577026367188,0.41435807943344116,0.8381800651550293,28.213626861572266
ntscc_quality1,MSE,04.png,e3b946107c5d3441c022f678d0c3caf1e224d81b1604ba840a4f88e562de61aa,256,256,0.0,1,37071,0.019571940104166668,1024,0.005208333333333333,0.0247802734375,0.0020752004347741604,26.82939910888672,0.8653713464736938,8.708624839782715,0.39739280939102173,0.8062224388122559,26.827064514160156
ntscc_quality1,MSE,04.png,e3b946107c5d3441c022f678d0c3caf1e224d81b1604ba840a4f88e562de61aa,256,256,0.0,2,37072,0.019571940104166668,1024,0.005208333333333333,0.0247802734375,0.001973220845684409,27.04824447631836,0.879764199256897,9.199662208557129,0.4326859712600708,0.8286184072494507,27.045654296875
ntscc_quality1,MSE,04.png,e3b946107c5d3441c022f678d0c3caf1e224d81b1604ba840a4f88e562de61aa,256,256,0.0,3,37073,0.019571940104166668,1024,0.005208333333333333,0.0247802734375,0.0014077366795390844,28.514785766601562,0.885476291179657,9.411046028137207,0.4130247235298157,0.8375383019447327,28.510618209838867
ntscc_quality1,MSE,04.png,e3b946107c5d3441c022f678d0c3caf1e224d81b1604ba840a4f88e562de61aa,256,256,0.0,4,37074,0.019571940104166668,1024,0.005208333333333333,0.0247802734375,0.0013768754433840513,28.611051559448242,0.8730909824371338,8.96507453918457,0.43186062574386597,0.8199006915092468,28.607219696044922
ntscc_quality1,MSE,04.png,e3b946107c5d3441c022f678d0c3caf1e224d81b1604ba840a4f88e562de61aa,256,256,0.0,5,37075,0.019571940104166668,1024,0.005208333333333333,0.0247802734375,0.001771913142874837,27.515575408935547,0.8666813373565674,8.751090049743652,0.4151049256324768,0.8066754937171936,27.511951446533203
ntscc_quality1,MSE,04.png,e3b946107c5d3441c022f678d0c3caf1e224d81b1604ba840a4f88e562de61aa,256,256,0.0,6,37076,0.019571940104166668,1024,0.005208333333333333,0.0247802734375,0.001587406499311328,27.993118286132812,0.8898600339889526,9.580550193786621,0.41681286692619324,0.8388522863388062,27.98947525024414
ntscc_quality1,MSE,04.png,e3b946107c5d3441c022f678d0c3caf1e224d81b1604ba840a4f88e562de61aa,256,256,0.0,7,37077,0.019571940104166668,1024,0.005208333333333333,0.0247802734375,0.002177620306611061,26.620180130004883,0.8728678226470947,8.95744514465332,0.43697822093963623,0.812995433807373,26.618139266967773
ntscc_quality1,MSE,04.png,e3b946107c5d3441c022f678d0c3caf1e224d81b1604ba840a4f88e562de61aa,256,256,0.0,8,37078,0.019571940104166668,1024,0.005208333333333333,0.0247802734375,0.001546244602650404,28.107219696044922,0.8775525093078613,9.120501518249512,0.39727070927619934,0.8281279802322388,28.103607177734375
ntscc_quality1,MSE,04.png,e3b946107c5d3441c022f678d0c3caf1e224d81b1604ba840a4f88e562de61aa,256,256,0.0,9,37079,0.019571940104166668,1024,0.005208333333333333,0.0247802734375,0.0015336142387241125,28.142841339111328,0.8874835968017578,9.487842559814453,0.409560889005661,0.8398269414901733,28.139907836914062
ntscc_quality1,MSE,05.png,10349e963c5c813d327852f82c1795fa4148d69fedffc4c589bee458e3ac3d53,256,256,0.0,0,47070,0.033650716145833336,1024,0.005208333333333333,0.03885904947916667,0.03233170509338379,14.903715133666992,0.6463994979858398,4.514871120452881,0.3713616132736206,0.49628984928131104,14.903276443481445
ntscc_quality1,MSE,05.png,10349e963c5c813d327852f82c1795fa4148d69fedffc4c589bee458e3ac3d53,256,256,0.0,1,47071,0.033650716145833336,1024,0.005208333333333333,0.03885904947916667,0.0370110459625721,14.316686630249023,0.6602400541305542,4.6882781982421875,0.3563064634799957,0.513115406036377,14.316635131835938
ntscc_quality1,MSE,05.png,10349e963c5c813d327852f82c1795fa4148d69fedffc4c589bee458e3ac3d53,256,256,0.0,2,47072,0.033650716145833336,1024,0.005208333333333333,0.03885904947916667,0.03204072266817093,14.942977905273438,0.6889580488204956,5.071810722351074,0.3413791358470917,0.5584317445755005,14.942581176757812
ntscc_quality1,MSE,05.png,10349e963c5c813d327852f82c1795fa4148d69fedffc4c589bee458e3ac3d53,256,256,0.0,3,47073,0.033650716145833336,1024,0.005208333333333333,0.03885904947916667,0.03173873946070671,14.984103202819824,0.6623988151550293,4.715960502624512,0.3629710376262665,0.5231189727783203,14.984245300292969
ntscc_quality1,MSE,05.png,10349e963c5c813d327852f82c1795fa4148d69fedffc4c589bee458e3ac3d53,256,256,0.0,4,47074,0.033650716145833336,1024,0.005208333333333333,0.03885904947916667,0.030898910015821457,15.100568771362305,0.6788836717605591,4.933375835418701,0.3637763261795044,0.544622004032135,15.10036563873291
ntscc_quality1,MSE,05.png,10349e963c5c813d327852f82c1795fa4148d69fedffc4c589bee458e3ac3d53,256,256,0.0,5,47075,0.033650716145833336,1024,0.005208333333333333,0.03885904947916667,0.03299252688884735,14.815844535827637,0.6631122827529907,4.7251482009887695,0.3542281985282898,0.5281805992126465,14.81575870513916
ntscc_quality1,MSE,05.png,10349e963c5c813d327852f82c1795fa4148d69fedffc4c589bee458e3ac3d53,256,256,0.0,6,47076,0.033650716145833336,1024,0.005208333333333333,0.03885904947916667,0.03177535906434059,14.979096412658691,0.6875023245811462,5.05153226852417,0.3493201732635498,0.553627073764801,14.978963851928711
ntscc_quality1,MSE,05.png,10349e963c5c813d327852f82c1795fa4148d69fedffc4c589bee458e3ac3d53,256,256,0.0,7,47077,0.033650716145833336,1024,0.005208333333333333,0.03885904947916667,0.028538405895233154,15.445703506469727,0.6999379396438599,5.227889537811279,0.34050410985946655,0.573165774345398,15.445646286010742
ntscc_quality1,MSE,05.png,10349e963c5c813d327852f82c1795fa4148d69fedffc4c589bee458e3ac3d53,256,256,0.0,8,47078,0.033650716145833336,1024,0.005208333333333333,0.03885904947916667,0.03194315358996391,14.956222534179688,0.6679434776306152,4.787879943847656,0.36718133091926575,0.534867525100708,14.956159591674805
ntscc_quality1,MSE,05.png,10349e963c5c813d327852f82c1795fa4148d69fedffc4c589bee458e3ac3d53,256,256,0.0,9,47079,0.033650716145833336,1024,0.005208333333333333,0.03885904947916667,0.03820403665304184,14.17890739440918,0.636859118938446,4.399249076843262,0.35664957761764526,0.48537468910217285,14.178909301757812
ntscc_quality1,MSE,06.png,363510303b715d4cbc384e1ce227e466b613a09e1b71ae985882bf8e7fbd9b18,256,256,0.0,0,57070,0.028483072916666668,1024,0.005208333333333333,0.03369140625,0.01365399919450283,18.647401809692383,0.6082236766815186,4.069618225097656,0.44796884059906006,0.4559134244918823,18.64684295654297
ntscc_quality1,MSE,06.png,363510303b715d4cbc384e1ce227e466b613a09e1b71ae985882bf8e7fbd9b18,256,256,0.0,1,57071,0.028483072916666668,1024,0.005208333333333333,0.03369140625,0.013580734841525555,18.67076873779297,0.630947470664978,4.329118251800537,0.4682433605194092,0.4809303283691406,18.670352935791016
ntscc_quality1,MSE,06.png,363510303b715d4cbc384e1ce227e466b613a09e1b71ae985882bf8e7fbd9b18,256,256,0.0,2,57072,0.028483072916666668,1024,0.005208333333333333,0.03369140625,0.018073467537760735,17.42958641052246,0.5861290693283081,3.831350803375244,0.4784504175186157,0.4258902072906494,17.429269790649414
ntscc_quality1,MSE,06.png,363510303b715d4cbc384e1ce227e466b613a09e1b71ae985882bf8e7fbd9b18,256,256,0.0,3,57073,0.028483072916666668,1024,0.005208333333333333,0.03369140625,0.01303873211145401,18.847646713256836,0.6439871788024902,4.485343933105469,0.4660363793373108,0.500005841255188,18.847286224365234
ntscc_quality1,MSE,06.png,363510303b715d4cbc384e1ce227e466b613a09e1b71ae985882bf8e7fbd9b18,256,256,0.0,4,57074,0.028483072916666668,1024,0.005208333333333333,0.03369140625,0.013789749704301357,18.604434967041016,0.6338917016983032,4.3639044761657715,0.4781653583049774,0.4929487705230713,18.60403823852539
ntscc_quality1,MSE,06.png,363510303b715d4cbc384e1ce227e466b613a09e1b71ae985882bf8e7fbd9b18,256,256,0.0,5,57075,0.028483072916666668,1024,0.005208333333333333,0.03369140625,0.013706102967262268,18.630861282348633,0.5959779620170593,3.9359498023986816,0.4466513395309448,0.445553183555603,18.630233764648438
ntscc_quality1,MSE,06.png,363510303b715d4cbc384e1ce227e466b613a09e1b71ae985882bf8e7fbd9b18,256,256,0.0,6,57076,0.028483072916666668,1024,0.005208333333333333,0.03369140625,0.01502632349729538,18.23147201538086,0.6019930839538574,4.001093864440918,0.44831472635269165,0.44918370246887207,18.23075294494629
ntscc_quality1,MSE,06.png,363510303b715d4cbc384e1ce227e466b613a09e1b71ae985882bf8e7fbd9b18,256,256,0.0,7,57077,0.028483072916666668,1024,0.005208333333333333,0.03369140625,0.012324118986725807,19.09244155883789,0.6592923402786255,4.676180839538574,0.4728100001811981,0.5215609073638916,19.092243194580078
ntscc_quality1,MSE,06.png,363510303b715d4cbc384e1ce227e466b613a09e1b71ae985882bf8e7fbd9b18,256,256,0.0,8,57078,0.028483072916666668,1024,0.005208333333333333,0.03369140625,0.016362648457288742,17.86146354675293,0.6430935859680176,4.474456787109375,0.4823351800441742,0.5048036575317383,17.861202239990234
ntscc_quality1,MSE,06.png,363510303b715d4cbc384e1ce227e466b613a09e1b71ae985882bf8e7fbd9b18,256,256,0.0,9,57079,0.028483072916666668,1024,0.005208333333333333,0.03369140625,0.012018094770610332,19.201644897460938,0.636237382888794,4.391819953918457,0.4503612816333771,0.49263304471969604,19.201168060302734
ntscc_quality1,MSE,07.png,b77d3f006f42414bb242222e0482e750c0fb9e5ee8d4bed2f6f11c5605fe54a4,256,256,0.0,0,67070,0.02587890625,1024,0.005208333333333333,0.031087239583333332,0.009158657863736153,20.381681442260742,0.759014368057251,6.180088520050049,0.34942734241485596,0.6560799479484558,20.380895614624023
ntscc_quality1,MSE,07.png,b77d3f006f42414bb242222e0482e750c0fb9e5ee8d4bed2f6f11c5605fe54a4,256,256,0.0,1,67071,0.02587890625,1024,0.005208333333333333,0.031087239583333332,0.015293538570404053,18.154922485351562,0.7153927683830261,5.457540512084961,0.3610396981239319,0.5843507647514343,18.15460968017578
ntscc_quality1,MSE,07.png,b77d3f006f42414bb242222e0482e750c0fb9e5ee8d4bed2f6f11c5605fe54a4,256,256,0.0,2,67072,0.02587890625,1024,0.005208333333333333,0.031087239583333332,0.011387171223759651,19.435842514038086,0.744853138923645,5.932097911834717,0.3634399175643921,0.6441322565078735,19.435020446777344
ntscc_quality1,MSE,07.png,b77d3f006f42414bb242222e0482e750c0fb9e5ee8d4bed2f6f11c5605fe54a4,256,256,0.0,3,67073,0.02587890625,1024,0.005208333333333333,0.031087239583333332,0.012545675039291382,19.015060424804688,0.7145001292228699,5.44394063949585,0.3714967966079712,0.6000139117240906,19.014413833618164
ntscc_quality1,MSE,07.png,b77d3f006f42414bb242222e0482e750c0fb9e5ee8d4bed2f6f11c5605fe54a4,256,256,0.0,4,67074,0.02587890625,1024,0.005208333333333333,0.031087239583333332,0.009141751565039158,20.389707565307617,0.7485816478729248,5.996029853820801,0.3422369360923767,0.6470038294792175,20.389080047607422
ntscc_quality1,MSE,07.png,b77d3f006f42414bb242222e0482e750c0fb9e5ee8d4bed2f6f11c5605fe54a4,256,256,0.0,5,67075,0.02587890625,1024,0.005208333333333333,0.031087239583333332,0.012766718864440918,18.939207077026367,0.6985588073730469,5.207974433898926,0.368002325296402,0.5604103803634644,18.938852310180664
ntscc_quality1,MSE,07.png,b77d3f006f42414bb242222e0482e750c0fb9e5ee8d4bed2f6f11c5605fe54a4,256,256,0.0,6,67076,0.02587890625,1024,0.005208333333333333,0.031087239583333332,0.013951998203992844,18.55363655090332,0.7422986030578613,5.888832092285156,0.35522347688674927,0.6383971571922302,18.55364227294922
ntscc_quality1,MSE,07.png,b77d3f006f42414bb242222e0482e750c0fb9e5ee8d4bed2f6f11c5605fe54a4,256,256,0.0,7,67077,0.02587890625,1024,0.005208333333333333,0.031087239583333332,0.01053674053400755,19.772937774658203,0.7234241962432861,5.581858158111572,0.3747096657752991,0.6172675490379333,19.772708892822266
ntscc_quality1,MSE,07.png,b77d3f006f42414bb242222e0482e750c0fb9e5ee8d4bed2f6f11c5605fe54a4,256,256,0.0,8,67078,0.02587890625,1024,0.005208333333333333,0.031087239583333332,0.013805313035845757,18.599538803100586,0.69803786277771,5.200474739074707,0.3671620190143585,0.5774377584457397,18.599079132080078
ntscc_quality1,MSE,07.png,b77d3f006f42414bb242222e0482e750c0fb9e5ee8d4bed2f6f11c5605fe54a4,256,256,0.0,9,67079,0.02587890625,1024,0.005208333333333333,0.031087239583333332,0.014483767561614513,18.391185760498047,0.716195285320282,5.469804286956787,0.35463187098503113,0.5892834663391113,18.390785217285156
ntscc_quality1,MSE,08.png,ba23983c76b4832ee0e8af0592664756841a16779acd69f792e268fb6d13d6e7,256,256,0.0,0,77070,0.030029296875,1024,0.005208333333333333,0.035237630208333336,0.02382911741733551,16.228919982910156,0.6584792733192444,4.665829658508301,0.3711290955543518,0.5162119269371033,16.22875213623047
ntscc_quality1,MSE,08.png,ba23983c76b4832ee0e8af0592664756841a16779acd69f792e268fb6d13d6e7,256,256,0.0,1,77071,0.030029296875,1024,0.005208333333333333,0.035237630208333336,0.01980467513203621,17.032323837280273,0.6995720267295837,5.222596645355225,0.3443823754787445,0.5763646960258484,17.032018661499023
ntscc_quality1,MSE,08.png,ba23983c76b4832ee0e8af0592664756841a16779acd69f792e268fb6d13d6e7,256,256,0.0,2,77072,0.030029296875,1024,0.005208333333333333,0.035237630208333336,0.024014677852392197,16.195232391357422,0.6692454218864441,4.804941654205322,0.3712995946407318,0.5311629176139832,16.195085525512695
ntscc_quality1,MSE,08.png,ba23983c76b4832ee0e8af0592664756841a16779acd69f792e268fb6d13d6e7,256,256,0.0,3,77073,0.030029296875,1024,0.005208333333333333,0.035237630208333336,0.028101978823542595,15.512632369995117,0.6427714228630066,4.470538139343262,0.3995876610279083,0.504388689994812,15.512371063232422
ntscc_quality1,MSE,08.png,ba23983c76b4832ee0e8af0592664756841a16779acd69f792e268fb6d13d6e7,256,256,0.0,4,77074,0.030029296875,1024,0.005208333333333333,0.035237630208333336,0.03116767853498459,15.062956809997559,0.595518946647644,3.931018352508545,0.3788222074508667,0.44217491149902344,15.062887191772461
ntscc_quality1,MSE,08.png,ba23983c76b4832ee0e8af0592664756841a16779acd69f792e268fb6d13d6e7,256,256,0.0,5,77075,0.030029296875,1024,0.005208333333333333,0.035237630208333336,0.02260054461658001,16.458812713623047,0.6926289796829224,5.123371124267578,0.33984243869781494,0.5690413117408752,16.45846939086914
ntscc_quality1,MSE,08.png,ba23983c76b4832ee0e8af0592664756841a16779acd69f792e268fb6d13d6e7,256,256,0.0,6,77076,0.030029296875,1024,0.005208333333333333,0.035237630208333336,0.02351352386176586,16.286823272705078,0.6886180639266968,5.067066192626953,0.3620077967643738,0.5647637844085693,16.286439895629883
ntscc_quality1,MSE,08.png,ba23983c76b4832ee0e8af0592664756841a16779acd69f792e268fb6d13d6e7,256,256,0.0,7,77077,0.030029296875,1024,0.005208333333333333,0.035237630208333336,0.02531651221215725,15.965961456298828,0.638225793838501,4.415624618530273,0.36626315116882324,0.49489617347717285,15.965615272521973
ntscc_quality1,MSE,08.png,ba23983c76b4832ee0e8af0592664756841a16779acd69f792e268fb6d13d6e7,256,256,0.0,8,77078,0.030029296875,1024,0.005208333333333333,0.035237630208333336,0.028316061943769455,15.479671478271484,0.6458250880241394,4.507822036743164,0.3675604462623596,0.5116355419158936,15.479650497436523
ntscc_quality1,MSE,08.png,ba23983c76b4832ee0e8af0592664756841a16779acd69f792e268fb6d13d6e7,256,256,0.0,9,77079,0.030029296875,1024,0.005208333333333333,0.035237630208333336,0.023152977228164673,16.353931427001953,0.6213903427124023,4.218082904815674,0.36054372787475586,0.4645974040031433,16.353681564331055
ntscc_quality1,MSE,09.png,6a4361c2fc194feb4edaa9f9a4a0620fb9943e460ac7fdf037fb0f6dd6607a7d,256,256,0.0,0,87070,0.0216064453125,1024,0.005208333333333333,0.026814778645833332,0.0061019728891551495,22.14529800415039,0.793071448802948,6.841795921325684,0.30740535259246826,0.7116469144821167,22.144893646240234
ntscc_quality1,MSE,09.png,6a4361c2fc194feb4edaa9f9a4a0620fb9943e460ac7fdf037fb0f6dd6607a7d,256,256,0.0,1,87071,0.0216064453125,1024,0.005208333333333333,0.026814778645833332,0.005509485956281424,22.588890075683594,0.8081787824630737,7.17103385925293,0.33602210879325867,0.7388704419136047,22.588333129882812
ntscc_quality1,MSE,09.png,6a4361c2fc194feb4edaa9f9a4a0620fb9943e460ac7fdf037fb0f6dd6607a7d,256,256,0.0,2,87072,0.0216064453125,1024,0.005208333333333333,0.026814778645833332,0.00906401313841343,20.426795959472656,0.7674515247344971,6.334865093231201,0.31219351291656494,0.6646315455436707,20.426097869873047
ntscc_quality1,MSE,09.png,6a4361c2fc194feb4edaa9f9a4a0620fb9943e460ac7fdf037fb0f6dd6607a7d,256,256,0.0,3,87073,0.0216064453125,1024,0.005208333333333333,0.026814778645833332,0.006906142458319664,21.60764503479004,0.7900452017784119,6.778741836547852,0.30388951301574707,0.6945269107818604,21.607267379760742
ntscc_quality1,MSE,09.png,6a4361c2fc194feb4edaa9f9a4a0620fb9943e460ac7fdf037fb0f6dd6607a7d,256,256,0.0,4,87074,0.0216064453125,1024,0.005208333333333333,0.026814778645833332,0.00587832648307085,22.307462692260742,0.8050947189331055,7.10176420211792,0.32492634654045105,0.7251227498054504,22.30681610107422
ntscc_quality1,MSE,09.png,6a4361c2fc194feb4edaa9f9a4a0620fb9943e460ac7fdf037fb0f6dd6607a7d,256,256,0.0,5,87075,0.0216064453125,1024,0.005208333333333333,0.026814778645833332,0.009261845611035824,20.333024978637695,0.7750131487846375,6.478428840637207,0.32936662435531616,0.6859245300292969,20.33214569091797
ntscc_quality1,MSE,09.png,6a4361c2fc194feb4edaa9f9a4a0620fb9943e460ac7fdf037fb0f6dd6607a7d,256,256,0.0,6,87076,0.0216064453125,1024,0.005208333333333333,0.026814778645833332,0.007718285545706749,21.124792098999023,0.7710022926330566,6.401688575744629,0.33968937397003174,0.6741911768913269,21.123865127563477
ntscc_quality1,MSE,09.png,6a4361c2fc194feb4edaa9f9a4a0620fb9943e460ac7fdf037fb0f6dd6607a7d,256,256,0.0,7,87077,0.0216064453125,1024,0.005208333333333333,0.026814778645833332,0.0058907922357320786,22.298261642456055,0.7960548400878906,6.9048662185668945,0.3176981210708618,0.7107568979263306,22.2974796295166
ntscc_quality1,MSE,09.png,6a4361c2fc194feb4edaa9f9a4a0620fb9943e460ac7fdf037fb0f6dd6607a7d,256,256,0.0,8,87078,0.0216064453125,1024,0.005208333333333333,0.026814778645833332,0.00522984191775322,22.815114974975586,0.8096308708190918,7.204034805297852,0.2967887222766876,0.7369353175163269,22.814029693603516
ntscc_quality1,MSE,09.png,6a4361c2fc194feb4edaa9f9a4a0620fb9943e460ac7fdf037fb0f6dd6607a7d,256,256,0.0,9,87079,0.0216064453125,1024,0.005208333333333333,0.026814778645833332,0.009018649347126484,20.44858741760254,0.7801846265792847,6.579419136047363,0.3127477765083313,0.6927148699760437,20.44808578491211
ntscc_quality1,MSE,10.png,9dfb70f5867c29ff9ed6313683f19b3d867849e40fbc0c4c54a4a89df341cf23,256,256,0.0,0,97070,0.0194091796875,1024,0.005208333333333333,0.024617513020833332,0.0012620335910469294,28.98929214477539,0.859893798828125,8.53542709350586,0.369380384683609,0.7961620688438416,28.98381233215332
ntscc_quality1,MSE,10.png,9dfb70f5867c29ff9ed6313683f19b3d867849e40fbc0c4c54a4a89df341cf23,256,256,0.0,1,97071,0.0194091796875,1024,0.005208333333333333,0.024617513020833332,0.0011416537454351783,29.424657821655273,0.8830622434616089,9.320451736450195,0.3583630323410034,0.8333836793899536,29.417808532714844
ntscc_quality1,MSE,10.png,9dfb70f5867c29ff9ed6313683f19b3d867849e40fbc0c4c54a4a89df341cf23,256,256,0.0,2,97072,0.0194091796875,1024,0.005208333333333333,0.024617513020833332,0.0014263547491282225,28.457725524902344,0.8602408170700073,8.546196937561035,0.3557121753692627,0.79597407579422,28.454471588134766
ntscc_quality1,MSE,10.png,9dfb70f5867c29ff9ed6313683f19b3d867849e40fbc0c4c54a4a89df341cf23,256,256,0.0,3,97073,0.0194091796875,1024,0.005208333333333333,0.024617513020833332,0.0014593757223337889,28.358327865600586,0.8789583444595337,9.17065143585205,0.3536732494831085,0.8268381357192993,28.355398178100586
ntscc_quality1,MSE,10.png,9dfb70f5867c29ff9ed6313683f19b3d867849e40fbc0c4c54a4a89df341cf23,256,256,0.0,4,97074,0.0194091796875,1024,0.005208333333333333,0.024617513020833332,0.003438004059717059,24.63693618774414,0.8551691770553589,8.391390800476074,0.35976096987724304,0.7928059697151184,24.63507843017578
ntscc_quality1,MSE,10.png,9dfb70f5867c29ff9ed6313683f19b3d867849e40fbc0c4c54a4a89df341cf23,256,256,0.0,5,97075,0.0194091796875,1024,0.005208333333333333,0.024617513020833332,0.0011571841314435005,29.365976333618164,0.862093448638916,8.604150772094727,0.36062708497047424,0.7942783236503601,29.360679626464844
ntscc_quality1,MSE,10.png,9dfb70f5867c29ff9ed6313683f19b3d867849e40fbc0c4c54a4a89df341cf23,256,256,0.0,6,97076,0.0194091796875,1024,0.005208333333333333,0.024617513020833332,0.001198016805574298,29.21537208557129,0.8648393154144287,8.691496849060059,0.3461986780166626,0.8049473166465759,29.210662841796875
ntscc_quality1,MSE,10.png,9dfb70f5867c29ff9ed6313683f19b3d867849e40fbc0c4c54a4a89df341cf23,256,256,0.0,7,97077,0.0194091796875,1024,0.005208333333333333,0.024617513020833332,0.001265660161152482,28.976829528808594,0.855073869228363,8.388532638549805,0.3481663465499878,0.7931844592094421,28.97283363342285
ntscc_quality1,MSE,10.png,9dfb70f5867c29ff9ed6313683f19b3d867849e40fbc0c4c54a4a89df341cf23,256,256,0.0,8,97078,0.0194091796875,1024,0.005208333333333333,0.024617513020833332,0.0012624941300600767,28.98770523071289,0.8678109049797058,8.788043975830078,0.3520627021789551,0.8053440451622009,28.98392105102539
ntscc_quality1,MSE,10.png,9dfb70f5867c29ff9ed6313683f19b3d867849e40fbc0c4c54a4a89df341cf23,256,256,0.0,9,97079,0.0194091796875,1024,0.005208333333333333,0.024617513020833332,0.0012768092565238476,28.93874168395996,0.8904019594192505,9.601972579956055,0.34052783250808716,0.8446043729782104,28.934946060180664
ntscc_quality1,MSE,11.png,7936814b58b5387fce2e4e2488b4ec830dadd95fa9520f358ddb30990b50f2b6,256,256,0.0,0,107070,0.029541015625,1024,0.005208333333333333,0.034749348958333336,0.020179515704512596,16.95089340209961,0.6704338788986206,4.820574760437012,0.4131312370300293,0.541729748249054,16.950634002685547
ntscc_quality1,MSE,11.png,7936814b58b5387fce2e4e2488b4ec830dadd95fa9520f358ddb30990b50f2b6,256,256,0.0,1,107071,0.029541015625,1024,0.005208333333333333,0.034749348958333336,0.021487301215529442,16.67818260192871,0.6662776470184326,4.766147613525391,0.42752575874328613,0.5404678583145142,16.67781639099121
ntscc_quality1,MSE,11.png,7936814b58b5387fce2e4e2488b4ec830dadd95fa9520f358ddb30990b50f2b6,256,256,0.0,2,107072,0.029541015625,1024,0.005208333333333333,0.034749348958333336,0.016338659450411797,17.867835998535156,0.7152004241943359,5.454607009887695,0.43354520201683044,0.6153136491775513,17.867158889770508
ntscc_quality1,MSE,11.png,7936814b58b5387fce2e4e2488b4ec830dadd95fa9520f358ddb30990b50f2b6,256,256,0.0,3,107073,0.029541015625,1024,0.005208333333333333,0.034749348958333336,0.01884801685810089,17.247344970703125,0.6882084608078003,5.061356544494629,0.41430699825286865,0.574052631855011,17.247055053710938
ntscc_quality1,MSE,11.png,7936814b58b5387fce2e4e2488b4ec830dadd95fa9520f358ddb30990b50f2b6,256,256,0.0,4,107074,0.029541015625,1024,0.005208333333333333,0.034749348958333336,0.020755037665367126,16.828765869140625,0.6780810356140137,4.922533988952637,0.41122692823410034,0.5588025450706482,16.82854461669922
ntscc_quality1,MSE,11.png,7936814b58b5387fce2e4e2488b4ec830dadd95fa9520f358ddb30990b50f2b6,256,256,0.0,5,107075,0.029541015625,1024,0.005208333333333333,0.034749348958333336,0.017995605245232582,17.448335647583008,0.7045904397964478,5.295754432678223,0.4133290648460388,0.5963631868362427,17.448139190673828
ntscc_quality1,MSE,11.png,7936814b58b5387fce2e4e2488b4ec830dadd95fa9520f358ddb30990b50f2b6,256,256,0.0,6,107076,0.029541015625,1024,0.005208333333333333,0.034749348958333336,0.021429887041449547,16.689800262451172,0.6382519602775574,4.415938377380371,0.4308619201183319,0.514536440372467,16.689865112304688
ntscc_quality1,MSE,11.png,7936814b58b5387fce2e4e2488b4ec830dadd95fa9520f358ddb30990b50f2b6,256,256,0.0,7,107077,0.029541015625,1024,0.005208333333333333,0.034749348958333336,0.01881539821624756,17.254865646362305,0.694459855556488,5.149317264556885,0.4269481599330902,0.5858082175254822,17.25437355041504
ntscc_quality1,MSE,11.png,7936814b58b5387fce2e4e2488b4ec830dadd95fa9520f358ddb30990b50f2b6,256,256,0.0,8,107078,0.029541015625,1024,0.005208333333333333,0.034749348958333336,0.021547947078943253,16.66594123840332,0.6499097347259521,4.558199882507324,0.42347583174705505,0.5152067542076111,16.665481567382812
ntscc_quality1,MSE,11.png,7936814b58b5387fce2e4e2488b4ec830dadd95fa9520f358ddb30990b50f2b6,256,256,0.0,9,107079,0.029541015625,1024,0.005208333333333333,0.034749348958333336,0.024560891091823578,16.09756088256836,0.6488414406776428,4.5449676513671875,0.41260266304016113,0.5129530429840088,16.097455978393555
ntscc_quality1,MSE,12.png,d78c37c2f04f23761ed2367dd77e2db584ddd4c3950833fecf89f199a8126980,256,256,0.0,0,117070,0.023111979166666668,1024,0.005208333333333333,0.0283203125,0.007292131893336773,21.371456146240234,0.6800861358642578,4.949669361114502,0.4181525707244873,0.5325493812561035,21.370586395263672
ntscc_quality1,MSE,12.png,d78c37c2f04f23761ed2367dd77e2db584ddd4c3950833fecf89f199a8126980,256,256,0.0,1,117071,0.023111979166666668,1024,0.005208333333333333,0.0283203125,0.0070354691706597805,21.527070999145508,0.699715256690979,5.224667549133301,0.41151905059814453,0.5676278471946716,21.526269912719727
ntscc_quality1,MSE,12.png,d78c37c2f04f23761ed2367dd77e2db584ddd4c3950833fecf89f199a8126980,256,256,0.0,2,117072,0.023111979166666668,1024,0.005208333333333333,0.0283203125,0.006747778505086899,21.708391189575195,0.7124713659286499,5.413188934326172,0.3721493184566498,0.5824937224388123,21.70760154724121
ntscc_quality1,MSE,12.png,d78c37c2f04f23761ed2367dd77e2db584ddd4c3950833fecf89f199a8126980,256,256,0.0,3,117073,0.023111979166666668,1024,0.005208333333333333,0.0283203125,0.012211909517645836,19.132164001464844,0.6455015540122986,4.503856658935547,0.397858202457428,0.4855744242668152,19.131877899169922
ntscc_quality1,MSE,12.png,d78c37c2f04f23761ed2367dd77e2db584ddd4c3950833fecf89f199a8126980,256,256,0.0,4,117074,0.023111979166666668,1024,0.005208333333333333,0.0283203125,0.018713677302002907,17.27840805053711,0.6375957727432251,4.40806770324707,0.4300154149532318,0.4711730480194092,17.27809715270996
ntscc_quality1,MSE,12.png,d78c37c2f04f23761ed2367dd77e2db584ddd4c3950833fecf89f199a8126980,256,256,0.0,5,117075,0.023111979166666668,1024,0.005208333333333333,0.0283203125,0.011667712591588497,19.330142974853516,0.639998733997345,4.436959743499756,0.42718517780303955,0.485882043838501,19.32986831665039
ntscc_quality1,MSE,12.png,d78c37c2f04f23761ed2367dd77e2db584ddd4c3950833fecf89f199a8126980,256,256,0.0,6,117076,0.023111979166666668,1024,0.005208333333333333,0.0283203125,0.017540819942951202,17.55950164794922,0.7004721164703369,5.235628128051758,0.38573771715164185,0.5670995116233826,17.559518814086914
ntscc_quality1,MSE,12.png,d78c37c2f04f23761ed2367dd77e2db584ddd4c3950833fecf89f199a8126980,256,256,0.0,7,117077,0.023111979166666668,1024,0.005208333333333333,0.0283203125,0.015389502048492432,18.127756118774414,0.6486047506332397,4.542041301727295,0.41803938150405884,0.49612629413604736,18.127307891845703
ntscc_quality1,MSE,12.png,d78c37c2f04f23761ed2367dd77e2db584ddd4c3950833fecf89f199a8126980,256,256,0.0,8,117078,0.023111979166666668,1024,0.005208333333333333,0.0283203125,0.010669432580471039,19.71858787536621,0.6674059629440308,4.780855655670166,0.4038284420967102,0.5140250325202942,19.7182674407959
ntscc_quality1,MSE,12.png,d78c37c2f04f23761ed2367dd77e2db584ddd4c3950833fecf89f199a8126980,256,256,0.0,9,117079,0.023111979166666668,1024,0.005208333333333333,0.0283203125,0.013705847784876823,18.63094139099121,0.6248433589935303,4.257874011993408,0.4200667142868042,0.4635918140411377,18.630695343017578
ntscc_quality1,MSE,13.png,bc34a3ce58dea09dce1704c997171602de90cb34d0c8503a988b77f473d39b08,256,256,0.0,0,127070,0.029866536458333332,1024,0.005208333333333333,0.035074869791666664,0.01764410175383091,17.53400421142578,0.6475459933280945,4.528975486755371,0.6251808404922485,0.5252717137336731,17.533872604370117
ntscc_quality1,MSE,13.png,bc34a3ce58dea09dce1704c997171602de90cb34d0c8503a988b77f473d39b08,256,256,0.0,1,127071,0.029866536458333332,1024,0.005208333333333333,0.035074869791666664,0.018692543730139732,17.283315658569336,0.6248875856399536,4.25838565826416,0.642810583114624,0.482169508934021,17.282888412475586
ntscc_quality1,MSE,13.png,bc34a3ce58dea09dce1704c997171602de90cb34d0c8503a988b77f473d39b08,256,256,0.0,2,127072,0.029866536458333332,1024,0.005208333333333333,0.035074869791666664,0.018585603684186935,17.3082332611084,0.5832216143608093,3.800948143005371,0.6162104606628418,0.41611170768737793,17.308029174804688
ntscc_quality1,MSE,13.png,bc34a3ce58dea09dce1704c997171602de90cb34d0c8503a988b77f473d39b08,256,256,0.0,3,127073,0.029866536458333332,1024,0.005208333333333333,0.035074869791666664,0.032011501491069794,14.946939468383789,0.5812516212463379,3.780468702316284,0.6631361246109009,0.4235975742340088,14.946798324584961
ntscc_quality1,MSE,13.png,bc34a3ce58dea09dce1704c997171602de90cb34d0c8503a988b77f473d39b08,256,256,0.0,4,127074,0.029866536458333332,1024,0.005208333333333333,0.035074869791666664,0.016763724386692047,17.756296157836914,0.6226570010185242,4.23263692855835,0.6115655303001404,0.47330009937286377,17.756052017211914
ntscc_quality1,MSE,13.png,bc34a3ce58dea09dce1704c997171602de90cb34d0c8503a988b77f473d39b08,256,256,0.0,5,127075,0.029866536458333332,1024,0.005208333333333333,0.035074869791666664,0.0226873941719532,16.442153930664062,0.6103942394256592,4.093746185302734,0.631159782409668,0.4553983211517334,16.44184684753418
ntscc_quality1,MSE,13.png,bc34a3ce58dea09dce1704c997171602de90cb34d0c8503a988b77f473d39b08,256,256,0.0,6,127076,0.029866536458333332,1024,0.005208333333333333,0.035074869791666664,0.015297207050025463,18.153879165649414,0.6163512468338013,4.1606621742248535,0.6230354309082031,0.4760245084762573,18.153606414794922
ntscc_quality1,MSE,13.png,bc34a3ce58dea09dce1704c997171602de90cb34d0c8503a988b77f473d39b08,256,256,0.0,7,127077,0.029866536458333332,1024,0.005208333333333333,0.035074869791666664,0.017812397330999374,17.49277687072754,0.6158217191696167,4.154672145843506,0.6535398960113525,0.46557021141052246,17.492509841918945
ntscc_quality1,MSE,13.png,bc34a3ce58dea09dce1704c997171602de90cb34d0c8503a988b77f473d39b08,256,256,0.0,8,127078,0.029866536458333332,1024,0.005208333333333333,0.035074869791666664,0.01723659783601761,17.63548469543457,0.6472994089126587,4.525938034057617,0.6214852929115295,0.5139813423156738,17.635303497314453
ntscc_quality1,MSE,13.png,bc34a3ce58dea09dce1704c997171602de90cb34d0c8503a988b77f473d39b08,256,256,0.0,9,127079,0.029866536458333332,1024,0.005208333333333333,0.035074869791666664,0.019123584032058716,17.184307098388672,0.605954110622406,4.04453182220459,0.6204789280891418,0.45573699474334717,17.18401336669922
ntscc_quality1,MSE,14.png,55a94550ff18f3246c4074fd32b77b0c74447c26b6ad274d564d999c0450ba6e,256,256,0.0,0,137070,0.02978515625,1024,0.005208333333333333,0.034993489583333336,0.024593284353613853,16.091835021972656,0.6587807536125183,4.669665336608887,0.37998586893081665,0.5379941463470459,16.091625213623047
ntscc_quality1,MSE,14.png,55a94550ff18f3246c4074fd32b77b0c74447c26b6ad274d564d999c0450ba6e,256,256,0.0,1,137071,0.02978515625,1024,0.005208333333333333,0.034993489583333336,0.02716881036758423,15.659294128417969,0.6340428590774536,4.365697383880615,0.3862884044647217,0.5139672756195068,15.659116744995117
ntscc_quality1,MSE,14.png,55a94550ff18f3246c4074fd32b77b0c74447c26b6ad274d564d999c0450ba6e,256,256,0.0,2,137072,0.02978515625,1024,0.005208333333333333,0.034993489583333336,0.022875677794218063,16.406261444091797,0.659508466720581,4.678936958312988,0.38418352603912354,0.5387645959854126,16.40587615966797
ntscc_quality1,MSE,14.png,55a94550ff18f3246c4074fd32b77b0c74447c26b6ad274d564d999c0450ba6e,256,256,0.0,3,137073,0.02978515625,1024,0.005208333333333333,0.034993489583333336,0.025217734277248383,15.982938766479492,0.6361886858940125,4.391237735748291,0.39024460315704346,0.5069006085395813,15.982889175415039
ntscc_quality1,MSE,14.png,55a94550ff18f3246c4074fd32b77b0c74447c26b6ad274d564d999c0450ba6e,256,256,0.0,4,137074,0.02978515625,1024,0.005208333333333333,0.034993489583333336,0.021168168634176254,16.743167877197266,0.6800928115844727,4.9497599601745605,0.3652077913284302,0.5700969099998474,16.74281120300293
ntscc_quality1,MSE,14.png,55a94550ff18f3246c4074fd32b77b0c74447c26b6ad274d564d999c0450ba6e,256,256,0.0,5,137075,0.02978515625,1024,0.005208333333333333,0.034993489583333336,0.01961418054997921,17.074298858642578,0.682591438293457,4.983813762664795,0.3559376001358032,0.5784814953804016,17.07360076904297
ntscc_quality1,MSE,14.png,55a94550ff18f3246c4074fd32b77b0c74447c26b6ad274d564d999c0450ba6e,256,256,0.0,6,137076,0.02978515625,1024,0.005208333333333333,0.034993489583333336,0.021366355940699577,16.702695846557617,0.6541942954063416,4.611678600311279,0.3974122703075409,0.5315414071083069,16.702924728393555
ntscc_quality1,MSE,14.png,55a94550ff18f3246c4074fd32b77b0c74447c26b6ad274d564d999c0450ba6e,256,256,0.0,7,137077,0.02978515625,1024,0.005208333333333333,0.034993489583333336,0.018844878301024437,17.24806785583496,0.6994343996047974,5.220607757568359,0.37582284212112427,0.5949004888534546,17.24765968322754
ntscc_quality1,MSE,14.png,55a94550ff18f3246c4074fd32b77b0c74447c26b6ad274d564d999c0450ba6e,256,256,0.0,8,137078,0.02978515625,1024,0.005208333333333333,0.034993489583333336,0.023354511708021164,16.31629180908203,0.6532549262046814,4.599897384643555,0.3909449577331543,0.5384930372238159,16.31601333618164
ntscc_quality1,MSE,14.png,55a94550ff18f3246c4074fd32b77b0c74447c26b6ad274d564d999c0450ba6e,256,256,0.0,9,137079,0.02978515625,1024,0.005208333333333333,0.034993489583333336,0.0216014813631773,16.65516471862793,0.6840850710868835,5.004298686981201,0.37979257106781006,0.5737301707267761,16.655029296875
ntscc_quality1,MSE,15.png,7538cbb80cb9103606c48b806eae57d56c885c7f90b9b3be70a41160f9cbb683,256,256,0.0,0,147070,0.023193359375,1024,0.005208333333333333,0.028401692708333332,0.009114504791796207,20.40266990661621,0.7415997982025146,5.877071380615234,0.48523789644241333,0.642081081867218,20.401691436767578
ntscc_quality1,MSE,15.png,7538cbb80cb9103606c48b806eae57d56c885c7f90b9b3be70a41160f9cbb683,256,256,0.0,1,147071,0.023193359375,1024,0.005208333333333333,0.028401692708333332,0.01058298908174038,19.753915786743164,0.7230879664421082,5.576581954956055,0.5008249878883362,0.6004636883735657,19.753158569335938
ntscc_quality1,MSE,15.png,7538cbb80cb9103606c48b806eae57d56c885c7f90b9b3be70a41160f9cbb683,256,256,0.0,2,147072,0.023193359375,1024,0.005208333333333333,0.028401692708333332,0.008130337111651897,20.898914337158203,0.7482020258903503,5.989477634429932,0.5144783854484558,0.6429547071456909,20.897855758666992
ntscc_quality1,MSE,15.png,7538cbb80cb9103606c48b806eae57d56c885c7f90b9b3be70a41160f9cbb683,256,256,0.0,3,147073,0.023193359375,1024,0.005208333333333333,0.028401692708333332,0.008602960966527462,20.653518676757812,0.7211322784423828,5.546017646789551,0.5291278958320618,0.6069654822349548,20.652647018432617
ntscc_quality1,MSE,15.png,7538cbb80cb9103606c48b806eae57d56c885c7f90b9b3be70a41160f9cbb683,256,256,0.0,4,147074,0.023193359375,1024,0.005208333333333333,0.028401692708333332,0.009474212303757668,20.234567642211914,0.7154514789581299,5.458436489105225,0.5136778950691223,0.5896663069725037,20.23431396484375
ntscc_quality1,MSE,15.png,7538cbb80cb9103606c48b806eae57d56c885c7f90b9b3be70a41160f9cbb683,256,256,0.0,5,147075,0.023193359375,1024,0.005208333333333333,0.028401692708333332,0.009291710332036018,20.31904411315918,0.7355391979217529,5.7763872146606445,0.5008392930030823,0.6252235174179077,20.318510055541992
ntscc_quality1,MSE,15.png,7538cbb80cb9103606c48b806eae57d56c885c7f90b9b3be70a41160f9cbb683,256,256,0.0,6,147076,0.023193359375,1024,0.005208333333333333,0.028401692708333332,0.008824452757835388,20.54312515258789,0.7588315010070801,6.176794052124023,0.5258646011352539,0.6579762101173401,20.5423526763916
ntscc_quality1,MSE,15.png,7538cbb80cb9103606c48b806eae57d56c885c7f90b9b3be70a41160f9cbb683,256,256,0.0,7,147077,0.023193359375,1024,0.005208333333333333,0.028401692708333332,0.011323114857077599,19.46034049987793,0.7288413047790527,5.667765140533447,0.48471686244010925,0.6061106324195862,19.459613800048828
ntscc_quality1,MSE,15.png,7538cbb80cb9103606c48b806eae57d56c885c7f90b9b3be70a41160f9cbb683,256,256,0.0,8,147078,0.023193359375,1024,0.005208333333333333,0.028401692708333332,0.016560906544327736,17.809160232543945,0.7050929069519043,5.303147315979004,0.517421543598175,0.5673066973686218,17.808900833129883
ntscc_quality1,MSE,15.png,7538cbb80cb9103606c48b806eae57d56c885c7f90b9b3be70a41160f9cbb683,256,256,0.0,9,147079,0.023193359375,1024,0.005208333333333333,0.028401692708333332,0.01199571043252945,19.209741592407227,0.7208885550498962,5.5422234535217285,0.5171521306037903,0.6142699718475342,19.2092342376709
ntscc_quality1,MSE,16.png,a89c7268ccd4718ba424a99fc4643c572cf692ca6eae887185ceb4e9f11d2e54,256,256,0.0,0,157070,0.021525065104166668,1024,0.005208333333333333,0.0267333984375,0.0039239078760147095,24.06281280517578,0.7798441648483276,6.572698593139648,0.4078987240791321,0.699614405632019,24.061416625976562
ntscc_quality1,MSE,16.png,a89c7268ccd4718ba424a99fc4643c572cf692ca6eae887185ceb4e9f11d2e54,256,256,0.0,1,157071,0.021525065104166668,1024,0.005208333333333333,0.0267333984375,0.0034299863036721945,24.647075653076172,0.7707321643829346,6.39656925201416,0.4455178678035736,0.6795056462287903,24.645557403564453
ntscc_quality1,MSE,16.png,a89c7268ccd4718ba424a99fc4643c572cf692ca6eae887185ceb4e9f11d2e54,256,256,0.0,2,157072,0.021525065104166668,1024,0.005208333333333333,0.0267333984375,0.0034522973001003265,24.618919372558594,0.7839169502258301,6.653792858123779,0.4280954897403717,0.7034658193588257,24.61758804321289
ntscc_quality1,MSE,16.png,a89c7268ccd4718ba424a99fc4643c572cf692ca6eae887185ceb4e9f11d2e54,256,256,0.0,3,157073,0.021525065104166668,1024,0.005208333333333333,0.0267333984375,0.004213809967041016,23.753252029418945,0.7582780718803406,6.166839599609375,0.45879876613616943,0.664592981338501,23.75235366821289
ntscc_quality1,MSE,16.png,a89c7268ccd4718ba424a99fc4643c572cf692ca6eae887185ceb4e9f11d2e54,256,256,0.0,4,157074,0.021525065104166668,1024,0.005208333333333333,0.0267333984375,0.0050332145765423775,22.98154640197754,0.7383739352226257,5.823190212249756,0.4416320025920868,0.6284475922584534,22.980480194091797
ntscc_quality1,MSE,16.png,a89c7268ccd4718ba424a99fc4643c572cf692ca6eae887185ceb4e9f11d2e54,256,256,0.0,5,157075,0.021525065104166668,1024,0.005208333333333333,0.0267333984375,0.005191707517951727,22.846899032592773,0.7520184516906738,6.0558061599731445,0.4480726718902588,0.6479198336601257,22.846370697021484
ntscc_quality1,MSE,16.png,a89c7268ccd4718ba424a99fc4643c572cf692ca6eae887185ceb4e9f11d2e54,256,256,0.0,6,157076,0.021525065104166668,1024,0.005208333333333333,0.0267333984375,0.004076072480529547,23.897581100463867,0.7943547964096069,6.868814468383789,0.43138986825942993,0.7222982048988342,23.896278381347656
ntscc_quality1,MSE,16.png,a89c7268ccd4718ba424a99fc4643c572cf692ca6eae887185ceb4e9f11d2e54,256,256,0.0,7,157077,0.021525065104166668,1024,0.005208333333333333,0.0267333984375,0.003379817120730877,24.711071014404297,0.7832009196281433,6.639425754547119,0.43479639291763306,0.6997681260108948,24.709857940673828
ntscc_quality1,MSE,16.png,a89c7268ccd4718ba424a99fc4643c572cf692ca6eae887185ceb4e9f11d2e54,256,256,0.0,8,157078,0.021525065104166668,1024,0.005208333333333333,0.0267333984375,0.0037608793936669827,24.247108459472656,0.7833454012870789,6.64232063293457,0.461690217256546,0.7121474146842957,24.245718002319336
ntscc_quality1,MSE,16.png,a89c7268ccd4718ba424a99fc4643c572cf692ca6eae887185ceb4e9f11d2e54,256,256,0.0,9,157079,0.021525065104166668,1024,0.005208333333333333,0.0267333984375,0.0035749960225075483,24.467247009277344,0.7551171779632568,6.110417366027832,0.3922129273414612,0.6640152931213379,24.46550178527832
ntscc_quality1,MSE,17.png,37afcc89fbdcb76d9518e04b2fc011027e2f4cd14b3b2f83cefd721641a47c5b,256,256,0.0,0,167070,0.023681640625,1024,0.005208333333333333,0.028889973958333332,0.007659069262444973,21.158239364624023,0.7166231870651245,5.476356506347656,0.37133297324180603,0.6289990544319153,21.157381057739258
ntscc_quality1,MSE,17.png,37afcc89fbdcb76d9518e04b2fc011027e2f4cd14b3b2f83cefd721641a47c5b,256,256,0.0,1,167071,0.023681640625,1024,0.005208333333333333,0.028889973958333332,0.007065459154546261,21.508596420288086,0.7105810642242432,5.384730815887451,0.3670504689216614,0.5999757051467896,21.507678985595703
ntscc_quality1,MSE,17.png,37afcc89fbdcb76d9518e04b2fc011027e2f4cd14b3b2f83cefd721641a47c5b,256,256,0.0,2,167072,0.023681640625,1024,0.005208333333333333,0.028889973958333332,0.0056223757565021515,22.500802993774414,0.7585576772689819,6.171865940093994,0.41666179895401,0.6648036241531372,22.499103546142578
ntscc_quality1,MSE,17.png,37afcc89fbdcb76d9518e04b2fc011027e2f4cd14b3b2f83cefd721641a47c5b,256,256,0.0,3,167073,0.023681640625,1024,0.005208333333333333,0.028889973958333332,0.008419835940003395,20.746963500976562,0.7172104716300964,5.4853668212890625,0.37398743629455566,0.6080295443534851,20.746458053588867
ntscc_quality1,MSE,17.png,37afcc89fbdcb76d9518e04b2fc011027e2f4cd14b3b2f83cefd721641a47c5b,256,256,0.0,4,167074,0.023681640625,1024,0.005208333333333333,0.028889973958333332,0.005553686525672674,22.554187774658203,0.7605003714561462,6.20695161819458,0.35386019945144653,0.6701960563659668,22.553377151489258
ntscc_quality1,MSE,17.png,37afcc89fbdcb76d9518e04b2fc011027e2f4cd14b3b2f83cefd721641a47c5b,256,256,0.0,5,167075,0.023681640625,1024,0.005208333333333333,0.028889973958333332,0.0053700897842645645,22.700185775756836,0.785321831703186,6.682121276855469,0.34918469190597534,0.7136062383651733,22.698806762695312
ntscc_quality1,MSE,17.png,37afcc89fbdcb76d9518e04b2fc011027e2f4cd14b3b2f83cefd721641a47c5b,256,256,0.0,6,167076,0.023681640625,1024,0.005208333333333333,0.028889973958333332,0.006793403532356024,21.679126739501953,0.7573537826538086,6.150264739990234,0.3663291037082672,0.6669091582298279,21.67782974243164
ntscc_quality1,MSE,17.png,37afcc89fbdcb76d9518e04b2fc011027e2f4cd14b3b2f83cefd721641a47c5b,256,256,0.0,7,167077,0.023681640625,1024,0.005208333333333333,0.028889973958333332,0.005221059545874596,22.82241439819336,0.778408944606781,6.544477939605713,0.37332507967948914,0.6968930959701538,22.821300506591797
ntscc_quality1,MSE,17.png,37afcc89fbdcb76d9518e04b2fc011027e2f4cd14b3b2f83cefd721641a47c5b,256,256,0.0,8,167078,0.023681640625,1024,0.005208333333333333,0.028889973958333332,0.006234429776668549,22.052032470703125,0.7626122236251831,6.245416641235352,0.36862611770629883,0.6703808307647705,22.051067352294922
ntscc_quality1,MSE,17.png,37afcc89fbdcb76d9518e04b2fc011027e2f4cd14b3b2f83cefd721641a47c5b,256,256,0.0,9,167079,0.023681640625,1024,0.005208333333333333,0.028889973958333332,0.006251777987927198,22.03996467590332,0.7571567296981812,6.1467390060424805,0.3734789490699768,0.6669537425041199,22.039352416992188
ntscc_quality1,MSE,18.png,1a9258c365988961d87a0598725b609139c303ad48a5aad6c503c3b1a87849aa,256,256,0.0,0,177070,0.026926676432291668,1024,0.005208333333333333,0.032135009765625,0.018230970948934555,17.391902923583984,0.6475731134414673,4.5293097496032715,0.4659775495529175,0.5053212642669678,17.391918182373047
ntscc_quality1,MSE,18.png,1a9258c365988961d87a0598725b609139c303ad48a5aad6c503c3b1a87849aa,256,256,0.0,1,177071,0.026926676432291668,1024,0.005208333333333333,0.032135009765625,0.015357604250311852,18.13676643371582,0.6186574697494507,4.186847686767578,0.4594288468360901,0.47924602031707764,18.136598587036133
ntscc_quality1,MSE,18.png,1a9258c365988961d87a0598725b609139c303ad48a5aad6c503c3b1a87849aa,256,256,0.0,2,177072,0.026926676432291668,1024,0.005208333333333333,0.032135009765625,0.03127861022949219,15.047526359558105,0.5967935919761658,3.944725751876831,0.5194597840309143,0.4432046413421631,15.04708194732666
ntscc_quality1,MSE,18.png,1a9258c365988961d87a0598725b609139c303ad48a5aad6c503c3b1a87849aa,256,256,0.0,3,177073,0.026926676432291668,1024,0.005208333333333333,0.032135009765625,0.03171046823263168,14.987974166870117,0.5829164981842041,3.797769784927368,0.4266849458217621,0.40838539600372314,14.987936973571777
ntscc_quality1,MSE,18.png,1a9258c365988961d87a0598725b609139c303ad48a5aad6c503c3b1a87849aa,256,256,0.0,4,177074,0.026926676432291668,1024,0.005208333333333333,0.032135009765625,0.013130901381373405,18.817054748535156,0.6782044768333435,4.924200057983398,0.450550377368927,0.5585957169532776,18.816946029663086
ntscc_quality1,MSE,18.png,1a9258c365988961d87a0598725b609139c303ad48a5aad6c503c3b1a87849aa,256,256,0.0,5,177075,0.026926676432291668,1024,0.005208333333333333,0.032135009765625,0.023105217143893242,16.362899780273438,0.5967826843261719,3.944608688354492,0.4623491168022156,0.45710837841033936,16.362646102905273
ntscc_quality1,MSE,18.png,1a9258c365988961d87a0598725b609139c303ad48a5aad6c503c3b1a87849aa,256,256,0.0,6,177076,0.026926676432291668,1024,0.005208333333333333,0.032135009765625,0.018710609525442123,17.27912139892578,0.5986454486846924,3.9647183418273926,0.4519786536693573,0.4455259442329407,17.278854370117188
ntscc_quality1,MSE,18.png,1a9258c365988961d87a0598725b609139c303ad48a5aad6c503c3b1a87849aa,256,256,0.0,7,177077,0.026926676432291668,1024,0.005208333333333333,0.032135009765625,0.0226312056183815,16.452922821044922,0.6181498169898987,4.181069850921631,0.44138216972351074,0.46668267250061035,16.45271110534668
ntscc_quality1,MSE,18.png,1a9258c365988961d87a0598725b609139c303ad48a5aad6c503c3b1a87849aa,256,256,0.0,8,177078,0.026926676432291668,1024,0.005208333333333333,0.032135009765625,0.024349868297576904,16.135034561157227,0.5906351804733276,3.8788950443267822,0.4626920223236084,0.4416933059692383,16.134756088256836
ntscc_quality1,MSE,18.png,1a9258c365988961d87a0598725b609139c303ad48a5aad6c503c3b1a87849aa,256,256,0.0,9,177079,0.026926676432291668,1024,0.005208333333333333,0.032135009765625,0.02288760617375374,16.40399742126465,0.631468653678894,4.3352556228637695,0.4457024931907654,0.4900244474411011,16.403865814208984
ntscc_quality1,MSE,19.png,b7450b264b1b0a411390d8931b112c27905a992520fc90569dc4b920aa32bbdc,256,256,0.0,0,187070,0.0250244140625,1024,0.005208333333333333,0.030232747395833332,0.02240842953324318,16.495887756347656,0.6481120586395264,4.535956382751465,0.406777560710907,0.5009486079216003,16.495521545410156
ntscc_quality1,MSE,19.png,b7450b264b1b0a411390d8931b112c27905a992520fc90569dc4b920aa32bbdc,256,256,0.0,1,187071,0.0250244140625,1024,0.005208333333333333,0.030232747395833332,0.01325959526002407,18.77469825744629,0.6732673048973083,4.858074188232422,0.40530383586883545,0.5358813405036926,18.774282455444336
ntscc_quality1,MSE,19.png,b7450b264b1b0a411390d8931b112c27905a992520fc90569dc4b920aa32bbdc,256,256,0.0,2,187072,0.0250244140625,1024,0.005208333333333333,0.030232747395833332,0.016421789303421974,17.845794677734375,0.6523789167404175,4.588939189910889,0.37303414940834045,0.4994211196899414,17.84552001953125
ntscc_quality1,MSE,19.png,b7450b264b1b0a411390d8931b112c27905a992520fc90569dc4b920aa32bbdc,256,256,0.0,3,187073,0.0250244140625,1024,0.005208333333333333,0.030232747395833332,0.010500661097466946,19.78783416748047,0.6935176849365234,5.135946273803711,0.3739584982395172,0.5684781670570374,19.787351608276367
ntscc_quality1,MSE,19.png,b7450b264b1b0a411390d8931b112c27905a992520fc90569dc4b920aa32bbdc,256,256,0.0,4,187074,0.0250244140625,1024,0.005208333333333333,0.030232747395833332,0.012166745029389858,19.148256301879883,0.6528763771057129,4.595158100128174,0.40010324120521545,0.5095747709274292,19.1480655670166
ntscc_quality1,MSE,19.png,b7450b264b1b0a411390d8931b112c27905a992520fc90569dc4b920aa32bbdc,256,256,0.0,5,187075,0.0250244140625,1024,0.005208333333333333,0.030232747395833332,0.012859521433711052,18.907752990722656,0.6492118835449219,4.549551486968994,0.4028601050376892,0.5136411786079407,18.906999588012695
ntscc_quality1,MSE,19.png,b7450b264b1b0a411390d8931b112c27905a992520fc90569dc4b920aa32bbdc,256,256,0.0,6,187076,0.0250244140625,1024,0.005208333333333333,0.030232747395833332,0.012956231832504272,18.875213623046875,0.5998642444610596,3.977926254272461,0.3987230658531189,0.4425112009048462,18.875076293945312
ntscc_quality1,MSE,19.png,b7450b264b1b0a411390d8931b112c27905a992520fc90569dc4b920aa32bbdc,256,256,0.0,7,187077,0.0250244140625,1024,0.005208333333333333,0.030232747395833332,0.008753571659326553,20.578147888183594,0.6987435221672058,5.210636138916016,0.3722817003726959,0.5656312108039856,20.57748031616211
ntscc_quality1,MSE,19.png,b7450b264b1b0a411390d8931b112c27905a992520fc90569dc4b920aa32bbdc,256,256,0.0,8,187078,0.0250244140625,1024,0.005208333333333333,0.030232747395833332,0.00942317582666874,20.258028030395508,0.7095093131065369,5.368678092956543,0.3443186581134796,0.5778172612190247,20.25771713256836
ntscc_quality1,MSE,19.png,b7450b264b1b0a411390d8931b112c27905a992520fc90569dc4b920aa32bbdc,256,256,0.0,9,187079,0.0250244140625,1024,0.005208333333333333,0.030232747395833332,0.010170801542699337,19.926448822021484,0.7069705724716187,5.330887317657471,0.3789842426776886,0.5735616683959961,19.926225662231445
ntscc_quality1,MSE,20.png,3b46c71e3b92a563820ba32936be8330c586c41f938efd94be938386aae4328a,256,256,0.0,0,197070,0.0244140625,1024,0.005208333333333333,0.029622395833333332,0.036545924842357635,14.371610641479492,0.6237115859985352,4.244791507720947,0.49666115641593933,0.45293283462524414,14.371583938598633
ntscc_quality1,MSE,20.png,3b46c71e3b92a563820ba32936be8330c586c41f938efd94be938386aae4328a,256,256,0.0,1,197071,0.0244140625,1024,0.005208333333333333,0.029622395833333332,0.02034137025475502,16.916196823120117,0.6499145030975342,4.558259010314941,0.47743815183639526,0.4934747815132141,16.915870666503906
ntscc_quality1,MSE,20.png,3b46c71e3b92a563820ba32936be8330c586c41f938efd94be938386aae4328a,256,256,0.0,2,197072,0.0244140625,1024,0.005208333333333333,0.029622395833333332,0.028284430503845215,15.484525680541992,0.5883194208145142,3.854396343231201,0.4889170527458191,0.4096251130104065,15.484251976013184
ntscc_quality1,MSE,20.png,3b46c71e3b92a563820ba32936be8330c586c41f938efd94be938386aae4328a,256,256,0.0,3,197073,0.0244140625,1024,0.005208333333333333,0.029622395833333332,0.026959985494613647,15.692804336547852,0.6212694048881531,4.216696262359619,0.48830437660217285,0.44888627529144287,15.692390441894531
ntscc_quality1,MSE,20.png,3b46c71e3b92a563820ba32936be8330c586c41f938efd94be938386aae4328a,256,256,0.0,4,197074,0.0244140625,1024,0.005208333333333333,0.029622395833333332,0.022359825670719147,16.50531578063965,0.6232275366783142,4.239208221435547,0.48463600873947144,0.4580892324447632,16.50498390197754
ntscc_quality1,MSE,20.png,3b46c71e3b92a563820ba32936be8330c586c41f938efd94be938386aae4328a,256,256,0.0,5,197075,0.0244140625,1024,0.005208333333333333,0.029622395833333332,0.0461856871843338,13.354926109313965,0.5829055309295654,3.7976560592651367,0.5351080894470215,0.4131186008453369,13.35474967956543
ntscc_quality1,MSE,20.png,3b46c71e3b92a563820ba32936be8330c586c41f938efd94be938386aae4328a,256,256,0.0,6,197076,0.0244140625,1024,0.005208333333333333,0.029622395833333332,0.026313327252864838,15.798243522644043,0.6245607137680054,4.254602909088135,0.4757383465766907,0.46140360832214355,15.798227310180664
ntscc_quality1,MSE,20.png,3b46c71e3b92a563820ba32936be8330c586c41f938efd94be938386aae4328a,256,256,0.0,7,197077,0.0244140625,1024,0.005208333333333333,0.029622395833333332,0.028219427913427353,15.494518280029297,0.620417594909668,4.206939697265625,0.4924687147140503,0.46753203868865967,15.494426727294922
ntscc_quality1,MSE,20.png,3b46c71e3b92a563820ba32936be8330c586c41f938efd94be938386aae4328a,256,256,0.0,8,197078,0.0244140625,1024,0.005208333333333333,0.029622395833333332,0.03466410934925079,14.601201057434082,0.613799512386322,4.131871700286865,0.511042594909668,0.4495272636413574,14.601068496704102
ntscc_quality1,MSE,20.png,3b46c71e3b92a563820ba32936be8330c586c41f938efd94be938386aae4328a,256,256,0.0,9,197079,0.0244140625,1024,0.005208333333333333,0.029622395833333332,0.01947622001171112,17.10495376586914,0.6334401965141296,4.358551502227783,0.487659215927124,0.46723294258117676,17.104673385620117
ntscc_quality1,MSE,21.png,ac958597c82073f6bb65129c68f72b651db5b9efd82e11547d07350214bc268b,256,256,0.0,0,207070,0.025594075520833332,1024,0.005208333333333333,0.030802408854166664,0.0202974621206522,16.925582885742188,0.6423141360282898,4.464982032775879,0.47596505284309387,0.5046098232269287,16.925451278686523
ntscc_quality1,MSE,21.png,ac958597c82073f6bb65129c68f72b651db5b9efd82e11547d07350214bc268b,256,256,0.0,1,207071,0.025594075520833332,1024,0.005208333333333333,0.030802408854166664,0.01677200198173523,17.754150390625,0.6886641383171082,5.067708492279053,0.48416590690612793,0.5646012425422668,17.75386619567871
ntscc_quality1,MSE,21.png,ac958597c82073f6bb65129c68f72b651db5b9efd82e11547d07350214bc268b,256,256,0.0,2,207072,0.025594075520833332,1024,0.005208333333333333,0.030802408854166664,0.01571814902126789,18.035985946655273,0.6574186086654663,4.65236234664917,0.49318885803222656,0.5124221444129944,18.035564422607422
ntscc_quality1,MSE,21.png,ac958597c82073f6bb65129c68f72b651db5b9efd82e11547d07350214bc268b,256,256,0.0,3,207073,0.025594075520833332,1024,0.005208333333333333,0.030802408854166664,0.017481017857789993,17.57433319091797,0.6772217154502869,4.910957336425781,0.485393762588501,0.5496837496757507,17.574111938476562
ntscc_quality1,MSE,21.png,ac958597c82073f6bb65129c68f72b651db5b9efd82e11547d07350214bc268b,256,256,0.0,4,207074,0.025594075520833332,1024,0.005208333333333333,0.030802408854166664,0.015123352408409119,18.203521728515625,0.6508176326751709,4.569477081298828,0.47028985619544983,0.5213341116905212,18.203161239624023
ntscc_quality1,MSE,21.png,ac958597c82073f6bb65129c68f72b651db5b9efd82e11547d07350214bc268b,256,256,0.0,5,207075,0.025594075520833332,1024,0.005208333333333333,0.030802408854166664,0.018729930743575096,17.274639129638672,0.6297643780708313,4.315217971801758,0.520653247833252,0.47710341215133667,17.27415657043457
ntscc_quality1,MSE,21.png,ac958597c82073f6bb65129c68f72b651db5b9efd82e11547d07350214bc268b,256,256,0.0,6,207076,0.025594075520833332,1024,0.005208333333333333,0.030802408854166664,0.01926034316420555,17.15336036682129,0.6344349384307861,4.370352745056152,0.4987080693244934,0.48183363676071167,17.153156280517578
ntscc_quality1,MSE,21.png,ac958597c82073f6bb65129c68f72b651db5b9efd82e11547d07350214bc268b,256,256,0.0,7,207077,0.025594075520833332,1024,0.005208333333333333,0.030802408854166664,0.012629231438040733,18.986230850219727,0.6939152479171753,5.14158296585083,0.43994414806365967,0.5646032691001892,18.985715866088867
ntscc_quality1,MSE,21.png,ac958597c82073f6bb65129c68f72b651db5b9efd82e11547d07350214bc268b,256,256,0.0,8,207078,0.025594075520833332,1024,0.005208333333333333,0.030802408854166664,0.015056545846164227,18.222747802734375,0.6791950464248657,4.937589645385742,0.4631950259208679,0.5517380237579346,18.222314834594727
ntscc_quality1,MSE,21.png,ac958597c82073f6bb65129c68f72b651db5b9efd82e11547d07350214bc268b,256,256,0.0,9,207079,0.025594075520833332,1024,0.005208333333333333,0.030802408854166664,0.01232572179287672,19.091876983642578,0.6788753271102905,4.933263778686523,0.4532872438430786,0.5459511876106262,19.091690063476562
ntscc_quality1,MSE,22.png,1cee58eb1f2d9c7ebb254d208a03c783ce6cf2c4d8c2cf45e235dd23b4ce1b29,256,256,0.0,0,217070,0.0252685546875,1024,0.005208333333333333,0.030476888020833332,0.011294911615550518,19.471172332763672,0.6852426528930664,5.020241737365723,0.4570159614086151,0.5666089057922363,19.470577239990234
ntscc_quality1,MSE,22.png,1cee58eb1f2d9c7ebb254d208a03c783ce6cf2c4d8c2cf45e235dd23b4ce1b29,256,256,0.0,1,217071,0.0252685546875,1024,0.005208333333333333,0.030476888020833332,0.01466967910528183,18.33579444885254,0.6466025710105896,4.5173659324646,0.45575523376464844,0.5112097263336182,18.335330963134766
ntscc_quality1,MSE,22.png,1cee58eb1f2d9c7ebb254d208a03c783ce6cf2c4d8c2cf45e235dd23b4ce1b29,256,256,0.0,2,217072,0.0252685546875,1024,0.005208333333333333,0.030476888020833332,0.012526462785899639,19.021717071533203,0.6254481673240662,4.264880657196045,0.44636717438697815,0.508354127407074,19.02156639099121
ntscc_quality1,MSE,22.png,1cee58eb1f2d9c7ebb254d208a03c783ce6cf2c4d8c2cf45e235dd23b4ce1b29,256,256,0.0,3,217073,0.0252685546875,1024,0.005208333333333333,0.030476888020833332,0.01543145440518856,18.115930557250977,0.6251811981201172,4.261786460876465,0.44726893305778503,0.49413108825683594,18.115781784057617
ntscc_quality1,MSE,22.png,1cee58eb1f2d9c7ebb254d208a03c783ce6cf2c4d8c2cf45e235dd23b4ce1b29,256,256,0.0,4,217074,0.0252685546875,1024,0.005208333333333333,0.030476888020833332,0.010818632319569588,19.65827751159668,0.6805051565170288,4.955361366271973,0.4384784698486328,0.5616433024406433,19.65763282775879
ntscc_quality1,MSE,22.png,1cee58eb1f2d9c7ebb254d208a03c783ce6cf2c4d8c2cf45e235dd23b4ce1b29,256,256,0.0,5,217075,0.0252685546875,1024,0.005208333333333333,0.030476888020833332,0.00957529991865158,20.1884765625,0.6748455762863159,4.879103183746338,0.42210209369659424,0.5666537284851074,20.188283920288086
ntscc_quality1,MSE,22.png,1cee58eb1f2d9c7ebb254d208a03c783ce6cf2c4d8c2cf45e235dd23b4ce1b29,256,256,0.0,6,217076,0.0252685546875,1024,0.005208333333333333,0.030476888020833332,0.011369618587195873,19.442541122436523,0.6784954071044922,4.928128242492676,0.432959645986557,0.5705313086509705,19.442235946655273
ntscc_quality1,MSE,22.png,1cee58eb1f2d9c7ebb254d208a03c783ce6cf2c4d8c2cf45e235dd23b4ce1b29,256,256,0.0,7,217077,0.0252685546875,1024,0.005208333333333333,0.030476888020833332,0.012042999267578125,19.192655563354492,0.6767386198043823,4.904461860656738,0.44451913237571716,0.55765300989151,19.191770553588867
ntscc_quality1,MSE,22.png,1cee58eb1f2d9c7ebb254d208a03c783ce6cf2c4d8c2cf45e235dd23b4ce1b29,256,256,0.0,8,217078,0.0252685546875,1024,0.005208333333333333,0.030476888020833332,0.012147871777415276,19.154998779296875,0.6755353808403015,4.888326644897461,0.40807676315307617,0.5556739568710327,19.15452766418457
ntscc_quality1,MSE,22.png,1cee58eb1f2d9c7ebb254d208a03c783ce6cf2c4d8c2cf45e235dd23b4ce1b29,256,256,0.0,9,217079,0.0252685546875,1024,0.005208333333333333,0.030476888020833332,0.011939728632569313,19.230056762695312,0.6262564063072205,4.27426290512085,0.42396026849746704,0.505094051361084,19.229907989501953
ntscc_quality1,MSE,23.png,e3111a2fd4da24af15d6459ef9eacfe54106b38e27b4a21821b75c3f5d2d5baf,256,256,0.0,0,227070,0.022420247395833332,1024,0.005208333333333333,0.027628580729166664,0.0065185632556676865,21.85848045349121,0.7585408091545105,6.171562671661377,0.38321229815483093,0.6603407859802246,21.857595443725586
ntscc_quality1,MSE,23.png,e3111a2fd4da24af15d6459ef9eacfe54106b38e27b4a21821b75c3f5d2d5baf,256,256,0.0,1,227071,0.022420247395833332,1024,0.005208333333333333,0.027628580729166664,0.010730838403105736,19.69366455078125,0.6969406604766846,5.184723854064941,0.39128443598747253,0.5695361495018005,19.693153381347656
ntscc_quality1,MSE,23.png,e3111a2fd4da24af15d6459ef9eacfe54106b38e27b4a21821b75c3f5d2d5baf,256,256,0.0,2,227072,0.022420247395833332,1024,0.005208333333333333,0.027628580729166664,0.008459778502583504,20.726411819458008,0.7387584447860718,5.829577445983887,0.4034444987773895,0.638377845287323,20.72574806213379
ntscc_quality1,MSE,23.png,e3111a2fd4da24af15d6459ef9eacfe54106b38e27b4a21821b75c3f5d2d5baf,256,256,0.0,3,227073,0.022420247395833332,1024,0.005208333333333333,0.027628580729166664,0.009883671998977661,20.050819396972656,0.7491385340690613,6.0056610107421875,0.4073559641838074,0.640417754650116,20.050384521484375
ntscc_quality1,MSE,23.png,e3111a2fd4da24af15d6459ef9eacfe54106b38e27b4a21821b75c3f5d2d5baf,256,256,0.0,4,227074,0.022420247395833332,1024,0.005208333333333333,0.027628580729166664,0.008702351711690426,20.603635787963867,0.7306289672851562,5.696491241455078,0.37746214866638184,0.6222056150436401,20.603153228759766
ntscc_quality1,MSE,23.png,e3111a2fd4da24af15d6459ef9eacfe54106b38e27b4a21821b75c3f5d2d5baf,256,256,0.0,5,227075,0.022420247395833332,1024,0.005208333333333333,0.027628580729166664,0.007766379974782467,21.097814559936523,0.7360981702804565,5.785575866699219,0.3912060260772705,0.6402509808540344,21.09701156616211
ntscc_quality1,MSE,23.png,e3111a2fd4da24af15d6459ef9eacfe54106b38e27b4a21821b75c3f5d2d5baf,256,256,0.0,6,227076,0.022420247395833332,1024,0.005208333333333333,0.027628580729166664,0.009759596548974514,20.105682373046875,0.7491964101791382,6.006662368774414,0.37035071849823,0.6458224654197693,20.104694366455078
ntscc_quality1,MSE,23.png,e3111a2fd4da24af15d6459ef9eacfe54106b38e27b4a21821b75c3f5d2d5baf,256,256,0.0,7,227077,0.022420247395833332,1024,0.005208333333333333,0.027628580729166664,0.008780661970376968,20.564727783203125,0.7373570799827576,5.806343078613281,0.3836984634399414,0.6312358975410461,20.564163208007812
ntscc_quality1,MSE,23.png,e3111a2fd4da24af15d6459ef9eacfe54106b38e27b4a21821b75c3f5d2d5baf,256,256,0.0,8,227078,0.022420247395833332,1024,0.005208333333333333,0.027628580729166664,0.00908646546304226,20.41604995727539,0.7615418434143066,6.225878715515137,0.4452560842037201,0.6643054485321045,20.415359497070312
ntscc_quality1,MSE,23.png,e3111a2fd4da24af15d6459ef9eacfe54106b38e27b4a21821b75c3f5d2d5baf,256,256,0.0,9,227079,0.022420247395833332,1024,0.005208333333333333,0.027628580729166664,0.009629974141716957,20.163747787475586,0.7218548655509949,5.557284832000732,0.3979009985923767,0.6003391146659851,20.16357421875
ntscc_quality1,MSE,24.png,1071c68372cc5a01435c2c225a5cf7d4bb803846ec08bb6b3d6721b156d7cb96,256,256,0.0,0,237070,0.024210611979166668,1024,0.005208333333333333,0.0294189453125,0.007550827227532864,21.220056533813477,0.7013107538223267,5.247804641723633,0.4301148056983948,0.5847610235214233,21.218969345092773
ntscc_quality1,MSE,24.png,1071c68372cc5a01435c2c225a5cf7d4bb803846ec08bb6b3d6721b156d7cb96,256,256,0.0,1,237071,0.024210611979166668,1024,0.005208333333333333,0.0294189453125,0.009432744234800339,20.253620147705078,0.7033395767211914,5.277404308319092,0.4024091958999634,0.5874955654144287,20.25299835205078
ntscc_quality1,MSE,24.png,1071c68372cc5a01435c2c225a5cf7d4bb803846ec08bb6b3d6721b156d7cb96,256,256,0.0,2,237072,0.024210611979166668,1024,0.005208333333333333,0.0294189453125,0.005812275223433971,22.356538772583008,0.7504464983940125,6.028363227844238,0.4038779139518738,0.6430800557136536,22.35556411743164
ntscc_quality1,MSE,24.png,1071c68372cc5a01435c2c225a5cf7d4bb803846ec08bb6b3d6721b156d7cb96,256,256,0.0,3,237073,0.024210611979166668,1024,0.005208333333333333,0.0294189453125,0.006020228844136,22.203868865966797,0.7326295375823975,5.728865623474121,0.44099265336990356,0.6229139566421509,22.203094482421875
ntscc_quality1,MSE,24.png,1071c68372cc5a01435c2c225a5cf7d4bb803846ec08bb6b3d6721b156d7cb96,256,256,0.0,4,237074,0.024210611979166668,1024,0.005208333333333333,0.0294189453125,0.005705404095351696,22.437135696411133,0.7519704699516296,6.054966449737549,0.3803368806838989,0.6508912444114685,22.436105728149414
ntscc_quality1,MSE,24.png,1071c68372cc5a01435c2c225a5cf7d4bb803846ec08bb6b3d6721b156d7cb96,256,256,0.0,5,237075,0.024210611979166668,1024,0.005208333333333333,0.0294189453125,0.006357334554195404,21.967248916625977,0.7162830233573914,5.471147537231445,0.4138558506965637,0.6041854619979858,21.96649169921875
ntscc_quality1,MSE,24.png,1071c68372cc5a01435c2c225a5cf7d4bb803846ec08bb6b3d6721b156d7cb96,256,256,0.0,6,237076,0.024210611979166668,1024,0.005208333333333333,0.0294189453125,0.007954953238368034,20.993623733520508,0.7050881385803223,5.303077697753906,0.4051981568336487,0.5922670364379883,20.993087768554688
ntscc_quality1,MSE,24.png,1071c68372cc5a01435c2c225a5cf7d4bb803846ec08bb6b3d6721b156d7cb96,256,256,0.0,7,237077,0.024210611979166668,1024,0.005208333333333333,0.0294189453125,0.007733810693025589,21.116065979003906,0.6899316310882568,5.08542537689209,0.4262176752090454,0.5709506273269653,21.11501693725586
ntscc_quality1,MSE,24.png,1071c68372cc5a01435c2c225a5cf7d4bb803846ec08bb6b3d6721b156d7cb96,256,256,0.0,8,237078,0.024210611979166668,1024,0.005208333333333333,0.0294189453125,0.006415549665689468,21.927661895751953,0.745516300201416,5.9434003829956055,0.4078614115715027,0.654481828212738,21.92672348022461
ntscc_quality1,MSE,24.png,1071c68372cc5a01435c2c225a5cf7d4bb803846ec08bb6b3d6721b156d7cb96,256,256,0.0,9,237079,0.024210611979166668,1024,0.005208333333333333,0.0294189453125,0.005998394452035427,22.219650268554688,0.7358630895614624,5.781709671020508,0.40557143092155457,0.6278116703033447,22.2185115814209
ntscc_quality1,MSE,01.png,a56e27cbf5f843c048b6af1d6e090760e9c92fadba88b7dee0205918a37523bd,256,256,5.0,0,50007070,0.028157552083333332,1024,0.002531545230366976,0.030689097313700307,0.00440133735537529,23.56415557861328,0.8907799124717712,9.616974830627441,0.2478945106267929,0.848164975643158,23.56319236755371
ntscc_quality1,MSE,01.png,a56e27cbf5f843c048b6af1d6e090760e9c92fadba88b7dee0205918a37523bd,256,256,5.0,1,50007071,0.028157552083333332,1024,0.002531545230366976,0.030689097313700307,0.004188693594187498,23.779216766357422,0.9011249542236328,10.04913330078125,0.24157479405403137,0.8678050637245178,23.778179168701172
ntscc_quality1,MSE,01.png,a56e27cbf5f843c048b6af1d6e090760e9c92fadba88b7dee0205918a37523bd,256,256,5.0,2,50007072,0.028157552083333332,1024,0.002531545230366976,0.030689097313700307,0.003892878768965602,24.097291946411133,0.9060531854629517,10.27117919921875,0.2419348955154419,0.8734636902809143,24.095457077026367
ntscc_quality1,MSE,01.png,a56e27cbf5f843c048b6af1d6e090760e9c92fadba88b7dee0205918a37523bd,256,256,5.0,3,50007073,0.028157552083333332,1024,0.002531545230366976,0.030689097313700307,0.0040421257726848125,23.933902740478516,0.9051722884178162,10.230647087097168,0.24921277165412903,0.8745580315589905,23.93242835998535
ntscc_quality1,MSE,01.png,a56e27cbf5f843c048b6af1d6e090760e9c92fadba88b7dee0205918a37523bd,256,256,5.0,4,50007074,0.028157552083333332,1024,0.002531545230366976,0.030689097313700307,0.004912483971565962,23.08698844909668,0.8789958357810974,9.1719970703125,0.2622690498828888,0.8281835317611694,23.08591079711914
ntscc_quality1,MSE,01.png,a56e27cbf5f843c048b6af1d6e090760e9c92fadba88b7dee0205918a37523bd,256,256,5.0,5,50007075,0.028157552083333332,1024,0.002531545230366976,0.030689097313700307,0.0040448009967803955,23.931028366088867,0.8951554298400879,9.794540405273438,0.2349129021167755,0.857192873954773,23.93021011352539
ntscc_quality1,MSE,01.png,a56e27cbf5f843c048b6af1d6e090760e9c92fadba88b7dee0205918a37523bd,256,256,5.0,6,50007076,0.028157552083333332,1024,0.002531545230366976,0.030689097313700307,0.00403382396325469,23.94283103942871,0.8982629776000977,9.925209999084473,0.25747543573379517,0.8617389798164368,23.940998077392578
ntscc_quality1,MSE,01.png,a56e27cbf5f843c048b6af1d6e090760e9c92fadba88b7dee0205918a37523bd,256,256,5.0,7,50007077,0.028157552083333332,1024,0.002531545230366976,0.030689097313700307,0.003964781761169434,24.01780891418457,0.9019855260848999,10.087098121643066,0.244330033659935,0.8671316504478455,24.01526641845703
ntscc_quality1,MSE,01.png,a56e27cbf5f843c048b6af1d6e090760e9c92fadba88b7dee0205918a37523bd,256,256,5.0,8,50007078,0.028157552083333332,1024,0.002531545230366976,0.030689097313700307,0.003966336604207754,24.01610565185547,0.9054440259933472,10.243110656738281,0.24687296152114868,0.8741726875305176,24.014453887939453
ntscc_quality1,MSE,01.png,a56e27cbf5f843c048b6af1d6e090760e9c92fadba88b7dee0205918a37523bd,256,256,5.0,9,50007079,0.028157552083333332,1024,0.002531545230366976,0.030689097313700307,0.003928429447114468,24.057809829711914,0.9025552272796631,10.112414360046387,0.2393856942653656,0.8703533411026001,24.056671142578125
ntscc_quality1,MSE,02.png,4f4b74a79237e311d72cad958237b5f7088d8bce1c82305ebefe1a70e3022dfd,256,256,5.0,0,50017070,0.021931966145833332,1024,0.002531545230366976,0.024463511376200307,0.001082893810234964,29.654142379760742,0.9225427508354187,11.109379768371582,0.2773566246032715,0.8983557224273682,29.648611068725586
ntscc_quality1,MSE,02.png,4f4b74a79237e311d72cad958237b5f7088d8bce1c82305ebefe1a70e3022dfd,256,256,5.0,1,50017071,0.021931966145833332,1024,0.002531545230366976,0.024463511376200307,0.0012172062415629625,29.146358489990234,0.9101032018661499,10.46255874633789,0.2827252745628357,0.8871020674705505,29.141942977905273
ntscc_quality1,MSE,02.png,4f4b74a79237e311d72cad958237b5f7088d8bce1c82305ebefe1a70e3022dfd,256,256,5.0,2,50017072,0.021931966145833332,1024,0.002531545230366976,0.024463511376200307,0.0010675970697775483,29.715927124023438,0.9171065092086792,10.814796447753906,0.274173766374588,0.8910994529724121,29.711191177368164
ntscc_quality1,MSE,02.png,4f4b74a79237e311d72cad958237b5f7088d8bce1c82305ebefe1a70e3022dfd,256,256,5.0,3,50017073,0.021931966145833332,1024,0.002531545230366976,0.024463511376200307,0.0010356901912018657,29.847702026367188,0.9208217859268188,11.01394271850586,0.2681664824485779,0.8972336649894714,29.84224510192871
ntscc_quality1,MSE,02.png,4f4b74a79237e311d72cad958237b5f7088d8bce1c82305ebefe1a70e3022dfd,256,256,5.0,4,50017074,0.021931966145833332,1024,0.002531545230366976,0.024463511376200307,0.0010786151979118586,29.671335220336914,0.9191811084747314,10.924871444702148,0.27773475646972656,0.893498420715332,29.66668701171875
ntscc_quality1,MSE,02.png,4f4b74a79237e311d72cad958237b5f7088d8bce1c82305ebefe1a70e3022dfd,256,256,5.0,5,50017075,0.021931966145833332,1024,0.002531545230366976,0.024463511376200307,0.0010727399494498968,29.69505500793457,0.9175528883934021,10.83824634552002,0.2863408625125885,0.8920425772666931,29.689083099365234
ntscc_quality1,MSE,02.png,4f4b74a79237e311d72cad958237b5f7088d8bce1c82305ebefe1a70e3022dfd,256,256,5.0,6,50017076,0.021931966145833332,1024,0.002531545230366976,0.024463511376200307,0.0010636354563757777,29.732072830200195,0.9187139272689819,10.899839401245117,0.2738483250141144,0.8927862048149109,29.727291107177734
ntscc_quality1,MSE,02.png,4f4b74a79237e311d72cad958237b5f7088d8bce1c82305ebefe1a70e3022dfd,256,256,5.0,7,50017077,0.021931966145833332,1024,0.002531545230366976,0.024463511376200307,0.0010674209333956242,29.716642379760742,0.9198147654533386,10.959054946899414,0.27546289563179016,0.8952447175979614,29.711013793945312
ntscc_quality1,MSE,02.png,4f4b74a79237e311d72cad958237b5f7088d8bce1c82305ebefe1a70e3022dfd,256,256,5.0,8,50017078,0.021931966145833332,1024,0.002531545230366976,0.024463511376200307,0.001039408496581018,29.832138061523438,0.921470046043396,11.049646377563477,0.27255865931510925,0.8983957171440125,29.825944900512695
ntscc_quality1,MSE,02.png,4f4b74a79237e311d72cad958237b5f7088d8bce1c82305ebefe1a70e3022dfd,256,256,5.0,9,50017079,0.021931966145833332,1024,0.002531545230366976,0.024463511376200307,0.0010579414665699005,29.75538444519043,0.9187883734703064,10.903818130493164,0.27629685401916504,0.8947029113769531,29.75060272216797
ntscc_quality1,MSE,03.png,e25ca1ff2f0c0cb5fdfd5f9b0a0bb21ac4c3de3c84a67f35b09a85d3306249db,256,256,5.0,0,50027070,0.0216064453125,1024,0.002531545230366976,0.024137990542866975,0.0011999837588518858,29.208248138427734,0.9456287622451782,12.646307945251465,0.14288997650146484,0.9289992451667786,29.204208374023438
ntscc_quality1,MSE,03.png,e25ca1ff2f0c0cb5fdfd5f9b0a0bb21ac4c3de3c84a67f35b09a85d3306249db,256,256,5.0,1,50027071,0.0216064453125,1024,0.002531545230366976,0.024137990542866975,0.0013097533956170082,28.828105926513672,0.9296765327453613,11.528997421264648,0.13348865509033203,0.9014765620231628,28.82412338256836
ntscc_quality1,MSE,03.png,e25ca1ff2f0c0cb5fdfd5f9b0a0bb21ac4c3de3c84a67f35b09a85d3306249db,256,256,5.0,2,50027072,0.0216064453125,1024,0.002531545230366976,0.024137990542866975,0.001348055899143219,28.702922821044922,0.9377470016479492,12.05839729309082,0.15233154594898224,0.9129027724266052,28.697988510131836
ntscc_quality1,MSE,03.png,e25ca1ff2f0c0cb5fdfd5f9b0a0bb21ac4c3de3c84a67f35b09a85d3306249db,256,256,5.0,3,50027073,0.0216064453125,1024,0.002531545230366976,0.024137990542866975,0.0012017479166388512,29.201866149902344,0.9478467702865601,12.827187538146973,0.13447798788547516,0.9322011470794678,29.198036193847656
ntscc_quality1,MSE,03.png,e25ca1ff2f0c0cb5fdfd5f9b0a0bb21ac4c3de3c84a67f35b09a85d3306249db,256,256,5.0,4,50027074,0.0216064453125,1024,0.002531545230366976,0.024137990542866975,0.0011754704173654318,29.297883987426758,0.9427339434623718,12.421028137207031,0.13606709241867065,0.9225701093673706,29.294416427612305
ntscc_quality1,MSE,03.png,e25ca1ff2f0c0cb5fdfd5f9b0a0bb21ac4c3de3c84a67f35b09a85d3306249db,256,256,5.0,5,50027075,0.0216064453125,1024,0.002531545230366976,0.024137990542866975,0.001093364553526044,29.612350463867188,0.9468051791191101,12.741307258605957,0.13114601373672485,0.9298095107078552,29.606895446777344
ntscc_quality1,MSE,03.png,e25ca1ff2f0c0cb5fdfd5f9b0a0bb21ac4c3de3c84a67f35b09a85d3306249db,256,256,5.0,6,50027076,0.0216064453125,1024,0.002531545230366976,0.024137990542866975,0.0011866168351843953,29.256895065307617,0.9430965185165405,12.448612213134766,0.1345965564250946,0.9230384230613708,29.252605438232422
ntscc_quality1,MSE,03.png,e25ca1ff2f0c0cb5fdfd5f9b0a0bb21ac4c3de3c84a67f35b09a85d3306249db,256,256,5.0,7,50027077,0.0216064453125,1024,0.002531545230366976,0.024137990542866975,0.001011816319078207,29.94898223876953,0.9504824876785278,13.052412033081055,0.12800593674182892,0.9354055523872375,29.94451332092285
ntscc_quality1,MSE,03.png,e25ca1ff2f0c0cb5fdfd5f9b0a0bb21ac4c3de3c84a67f35b09a85d3306249db,256,256,5.0,8,50027078,0.0216064453125,1024,0.002531545230366976,0.024137990542866975,0.001024091150611639,29.89661407470703,0.9502021670341492,13.0278959274292,0.12414997816085815,0.9350115656852722,29.890159606933594
ntscc_quality1,MSE,03.png,e25ca1ff2f0c0cb5fdfd5f9b0a0bb21ac4c3de3c84a67f35b09a85d3306249db,256,256,5.0,9,50027079,0.0216064453125,1024,0.002531545230366976,0.024137990542866975,0.0010970951989293098,29.597557067871094,0.943866491317749,12.50777816772461,0.1368771493434906,0.9241747260093689,29.59225845336914
ntscc_quality1,MSE,04.png,e3b946107c5d3441c022f678d0c3caf1e224d81b1604ba840a4f88e562de61aa,256,256,5.0,0,50037070,0.019571940104166668,1024,0.002531545230366976,0.022103485334533643,0.0005185863701626658,32.85178756713867,0.9611096382141113,14.101580619812012,0.29730671644210815,0.9462894201278687,32.842071533203125
ntscc_quality1,MSE,04.png,e3b946107c5d3441c022f678d0c3caf1e224d81b1604ba840a4f88e562de61aa,256,256,5.0,1,50037071,0.019571940104166668,1024,0.002531545230366976,0.022103485334533643,0.000457294809166342,33.39803695678711,0.9668169021606445,14.790831565856934,0.2882244884967804,0.9574018716812134,33.38673782348633
ntscc_quality1,MSE,04.png,e3b946107c5d3441c022f678d0c3caf1e224d81b1604ba840a4f88e562de61aa,256,256,5.0,2,50037072,0.019571940104166668,1024,0.002531545230366976,0.022103485334533643,0.00048237640294246376,33.166141510009766,0.9671446681022644,14.833942413330078,0.2894054055213928,0.9576168060302734,33.15550994873047
ntscc_quality1,MSE,04.png,e3b946107c5d3441c022f678d0c3caf1e224d81b1604ba840a4f88e562de61aa,256,256,5.0,3,50037073,0.019571940104166668,1024,0.002531545230366976,0.022103485334533643,0.0004864853690378368,33.129302978515625,0.9639686346054077,14.43319320678711,0.3003092110157013,0.95260089635849,33.117557525634766
ntscc_quality1,MSE,04.png,e3b946107c5d3441c022f678d0c3caf1e224d81b1604ba840a4f88e562de61aa,256,256,5.0,4,50037074,0.019571940104166668,1024,0.002531545230366976,0.022103485334533643,0.0004272163787391037,33.693519592285156,0.967771053314209,14.917539596557617,0.28853222727775574,0.9584448337554932,33.68033218383789
ntscc_quality1,MSE,04.png,e3b946107c5d3441c022f678d0c3caf1e224d81b1604ba840a4f88e562de61aa,256,256,5.0,5,50037075,0.019571940104166668,1024,0.002531545230366976,0.022103485334533643,0.0004527076962403953,33.44182205200195,0.9672629833221436,14.849609375,0.288652628660202,0.9581414461135864,33.4293098449707
ntscc_quality1,MSE,04.png,e3b946107c5d3441c022f678d0c3caf1e224d81b1604ba840a4f88e562de61aa,256,256,5.0,6,50037076,0.019571940104166668,1024,0.002531545230366976,0.022103485334533643,0.00046687116264365613,33.30803298950195,0.9674727320671082,14.877524375915527,0.28944292664527893,0.9582387208938599,33.2940673828125
ntscc_quality1,MSE,04.png,e3b946107c5d3441c022f678d0c3caf1e224d81b1604ba840a4f88e562de61aa,256,256,5.0,7,50037077,0.019571940104166668,1024,0.002531545230366976,0.022103485334533643,0.0004288459604140371,33.67698669433594,0.9670085906982422,14.81599235534668,0.28971952199935913,0.9575360417366028,33.66541290283203
ntscc_quality1,MSE,04.png,e3b946107c5d3441c022f678d0c3caf1e224d81b1604ba840a4f88e562de61aa,256,256,5.0,8,50037078,0.019571940104166668,1024,0.002531545230366976,0.022103485334533643,0.0004504293610807508,33.4637336730957,0.966371476650238,14.732922554016113,0.28565067052841187,0.9565679430961609,33.45075225830078
ntscc_quality1,MSE,04.png,e3b946107c5d3441c022f678d0c3caf1e224d81b1604ba840a4f88e562de61aa,256,256,5.0,9,50037079,0.019571940104166668,1024,0.002531545230366976,0.022103485334533643,0.0004456093884073198,33.510459899902344,0.9661030173301697,14.698390007019043,0.28722238540649414,0.9559082984924316,33.497802734375
ntscc_quality1,MSE,05.png,10349e963c5c813d327852f82c1795fa4148d69fedffc4c589bee458e3ac3d53,256,256,5.0,0,50047070,0.033650716145833336,1024,0.002531545230366976,0.036182261376200314,0.006518559530377388,21.858484268188477,0.907556414604187,10.341232299804688,0.15562942624092102,0.8783478736877441,21.857702255249023
ntscc_quality1,MSE,05.png,10349e963c5c813d327852f82c1795fa4148d69fedffc4c589bee458e3ac3d53,256,256,5.0,1,50047071,0.033650716145833336,1024,0.002531545230366976,0.036182261376200314,0.006970650516450405,21.56726837158203,0.8995257616043091,9.979453086853027,0.16801717877388,0.8586637377738953,21.566661834716797
ntscc_quality1,MSE,05.png,10349e963c5c813d327852f82c1795fa4148d69fedffc4c589bee458e3ac3d53,256,256,5.0,2,50047072,0.033650716145833336,1024,0.002531545230366976,0.036182261376200314,0.007852025330066681,21.05018424987793,0.8895511627197266,9.568388938903809,0.17355740070343018,0.8424234390258789,21.049299240112305
ntscc_quality1,MSE,05.png,10349e963c5c813d327852f82c1795fa4148d69fedffc4c589bee458e3ac3d53,256,256,5.0,3,50047073,0.033650716145833336,1024,0.002531545230366976,0.036182261376200314,0.007080079987645149,21.499618530273438,0.8914531469345093,9.643828392028809,0.15832002460956573,0.8508749008178711,21.49895668029785
ntscc_quality1,MSE,05.png,10349e963c5c813d327852f82c1795fa4148d69fedffc4c589bee458e3ac3d53,256,256,5.0,4,50047074,0.033650716145833336,1024,0.002531545230366976,0.036182261376200314,0.006953475531190634,21.577980041503906,0.8917349576950073,9.65511703491211,0.1573830395936966,0.8481146097183228,21.577178955078125
ntscc_quality1,MSE,05.png,10349e963c5c813d327852f82c1795fa4148d69fedffc4c589bee458e3ac3d53,256,256,5.0,5,50047075,0.033650716145833336,1024,0.002531545230366976,0.036182261376200314,0.007593265734612942,21.195714950561523,0.879398763179779,9.186483383178711,0.16576282680034637,0.8247640132904053,21.19483184814453
ntscc_quality1,MSE,05.png,10349e963c5c813d327852f82c1795fa4148d69fedffc4c589bee458e3ac3d53,256,256,5.0,6,50047076,0.033650716145833336,1024,0.002531545230366976,0.036182261376200314,0.006948861293494701,21.58086585998535,0.899056613445282,9.959221839904785,0.16607849299907684,0.8611575961112976,21.580026626586914
ntscc_quality1,MSE,05.png,10349e963c5c813d327852f82c1795fa4148d69fedffc4c589bee458e3ac3d53,256,256,5.0,7,50047077,0.033650716145833336,1024,0.002531545230366976,0.036182261376200314,0.006605618633329868,21.80086326599121,0.8926534056663513,9.692117691040039,0.16166570782661438,0.8470876812934875,21.799945831298828
ntscc_quality1,MSE,05.png,10349e963c5c813d327852f82c1795fa4148d69fedffc4c589bee458e3ac3d53,256,256,5.0,8,50047078,0.033650716145833336,1024,0.002531545230366976,0.036182261376200314,0.007138506509363651,21.463926315307617,0.8906530737876892,9.611934661865234,0.16330847144126892,0.8460985422134399,21.4631290435791
ntscc_quality1,MSE,05.png,10349e963c5c813d327852f82c1795fa4148d69fedffc4c589bee458e3ac3d53,256,256,5.0,9,50047079,0.033650716145833336,1024,0.002531545230366976,0.036182261376200314,0.007848615758121014,21.05207061767578,0.8947250247001648,9.776748657226562,0.17210844159126282,0.8556190729141235,21.05137825012207
ntscc_quality1,MSE,06.png,363510303b715d4cbc384e1ce227e466b613a09e1b71ae985882bf8e7fbd9b18,256,256,5.0,0,50057070,0.028483072916666668,1024,0.002531545230366976,0.031014618147033643,0.004221453331410885,23.74538230895996,0.8740827441215515,8.999147415161133,0.32219913601875305,0.829971194267273,23.74359130859375
ntscc_quality1,MSE,06.png,363510303b715d4cbc384e1ce227e466b613a09e1b71ae985882bf8e7fbd9b18,256,256,5.0,1,50057071,0.028483072916666668,1024,0.002531545230366976,0.031014618147033643,0.004326424095779657,23.638710021972656,0.8665801882743835,8.747796058654785,0.3059289753437042,0.8186610341072083,23.637649536132812
ntscc_quality1,MSE,06.png,363510303b715d4cbc384e1ce227e466b613a09e1b71ae985882bf8e7fbd9b18,256,256,5.0,2,50057072,0.028483072916666668,1024,0.002531545230366976,0.031014618147033643,0.004520787857472897,23.447858810424805,0.8564877510070801,8.431110382080078,0.32412752509117126,0.8055167198181152,23.447399139404297
ntscc_quality1,MSE,06.png,363510303b715d4cbc384e1ce227e466b613a09e1b71ae985882bf8e7fbd9b18,256,256,5.0,3,50057073,0.028483072916666668,1024,0.002531545230366976,0.031014618147033643,0.004455161280930042,23.511367797851562,0.868196964263916,8.800745964050293,0.3182397782802582,0.823957622051239,23.510051727294922
ntscc_quality1,MSE,06.png,363510303b715d4cbc384e1ce227e466b613a09e1b71ae985882bf8e7fbd9b18,256,256,5.0,4,50057074,0.028483072916666668,1024,0.002531545230366976,0.031014618147033643,0.004334780387580395,23.63033103942871,0.8543418645858765,8.366652488708496,0.31310027837753296,0.7969615459442139,23.62938117980957
ntscc_quality1,MSE,06.png,363510303b715d4cbc384e1ce227e466b613a09e1b71ae985882bf8e7fbd9b18,256,256,5.0,5,50057075,0.028483072916666668,1024,0.002531545230366976,0.031014618147033643,0.004837557207792997,23.15373992919922,0.8498409986495972,8.23448657989502,0.3398154675960541,0.7853603959083557,23.15233612060547
ntscc_quality1,MSE,06.png,363510303b715d4cbc384e1ce227e466b613a09e1b71ae985882bf8e7fbd9b18,256,256,5.0,6,50057076,0.028483072916666668,1024,0.002531545230366976,0.031014618147033643,0.004698889795690775,23.280046463012695,0.8543140292167664,8.365822792053223,0.33182162046432495,0.7936394810676575,23.27932357788086
ntscc_quality1,MSE,06.png,363510303b715d4cbc384e1ce227e466b613a09e1b71ae985882bf8e7fbd9b18,256,256,5.0,7,50057077,0.028483072916666668,1024,0.002531545230366976,0.031014618147033643,0.004373687785118818,23.591522216796875,0.8588546514511108,8.503334045410156,0.32700350880622864,0.804847240447998,23.590431213378906
ntscc_quality1,MSE,06.png,363510303b715d4cbc384e1ce227e466b613a09e1b71ae985882bf8e7fbd9b18,256,256,5.0,8,50057078,0.028483072916666668,1024,0.002531545230366976,0.031014618147033643,0.0042527345940470695,23.713319778442383,0.8628947138786316,8.6294584274292,0.31347349286079407,0.8152235150337219,23.71240997314453
ntscc_quality1,MSE,06.png,363510303b715d4cbc384e1ce227e466b613a09e1b71ae985882bf8e7fbd9b18,256,256,5.0,9,50057079,0.028483072916666668,1024,0.002531545230366976,0.031014618147033643,0.004367191344499588,23.597980499267578,0.8626301288604736,8.621085166931152,0.31361913681030273,0.8116343021392822,23.597061157226562
ntscc_quality1,MSE,07.png,b77d3f006f42414bb242222e0482e750c0fb9e5ee8d4bed2f6f11c5605fe54a4,256,256,5.0,0,50067070,0.02587890625,1024,0.002531545230366976,0.028410451480366975,0.0024405396543443203,26.12514305114746,0.9272093772888184,11.379246711730957,0.1562747359275818,0.9005202054977417,26.122610092163086
ntscc_quality1,MSE,07.png,b77d3f006f42414bb242222e0482e750c0fb9e5ee8d4bed2f6f11c5605fe54a4,256,256,5.0,1,50067071,0.02587890625,1024,0.002531545230366976,0.028410451480366975,0.0026321434415876865,25.796905517578125,0.9214400053024292,11.047985076904297,0.1635202169418335,0.892859697341919,25.794960021972656
ntscc_quality1,MSE,07.png,b77d3f006f42414bb242222e0482e750c0fb9e5ee8d4bed2f6f11c5605fe54a4,256,256,5.0,2,50067072,0.02587890625,1024,0.002531545230366976,0.028410451480366975,0.0024570422247052193,26.095874786376953,0.9277321696281433,11.410550117492676,0.1547839492559433,0.9007535576820374,26.093751907348633
ntscc_quality1,MSE,07.png,b77d3f006f42414bb242222e0482e750c0fb9e5ee8d4bed2f6f11c5605fe54a4,256,256,5.0,3,50067073,0.02587890625,1024,0.002531545230366976,0.028410451480366975,0.002136925933882594,26.702106475830078,0.9369068145751953,12.000175476074219,0.15077632665634155,0.916906476020813,26.69975471496582
ntscc_quality1,MSE,07.png,b77d3f006f42414bb242222e0482e750c0fb9e5ee8d4bed2f6f11c5605fe54a4,256,256,5.0,4,50067074,0.02587890625,1024,0.002531545230366976,0.028410451480366975,0.0022772697266191244,26.42585563659668,0.9319664835929871,11.672771453857422,0.15526700019836426,0.9061899781227112,26.422765731811523
ntscc_quality1,MSE,07.png,b77d3f006f42414bb242222e0482e750c0fb9e5ee8d4bed2f6f11c5605fe54a4,256,256,5.0,5,50067075,0.02587890625,1024,0.002531545230366976,0.028410451480366975,0.002691840287297964,25.699508666992188,0.9202763438224792,10.984127044677734,0.14905402064323425,0.8853713870048523,25.69709014892578
ntscc_quality1,MSE,07.png,b77d3f006f42414bb242222e0482e750c0fb9e5ee8d4bed2f6f11c5605fe54a4,256,256,5.0,6,50067076,0.02587890625,1024,0.002531545230366976,0.028410451480366975,0.002359150443226099,26.272445678710938,0.927376389503479,11.389222145080566,0.15837587416172028,0.8996031284332275,26.269344329833984
ntscc_quality1,MSE,07.png,b77d3f006f42414bb242222e0482e750c0fb9e5ee8d4bed2f6f11c5605fe54a4,256,256,5.0,7,50067077,0.02587890625,1024,0.002531545230366976,0.028410451480366975,0.002487284829840064,26.04274559020996,0.9274789690971375,11.395359992980957,0.16825351119041443,0.9043367505073547,26.040283203125
ntscc_quality1,MSE,07.png,b77d3f006f42414bb242222e0482e750c0fb9e5ee8d4bed2f6f11c5605fe54a4,256,256,5.0,8,50067078,0.02587890625,1024,0.002531545230366976,0.028410451480366975,0.0024605293292552233,26.08971405029297,0.929989218711853,11.548351287841797,0.1516415774822235,0.9056103229522705,26.087032318115234
ntscc_quality1,MSE,07.png,b77d3f006f42414bb242222e0482e750c0fb9e5ee8d4bed2f6f11c5605fe54a4,256,256,5.0,9,50067079,0.02587890625,1024,0.002531545230366976,0.028410451480366975,0.0024013682268559933,26.19541358947754,0.9300180673599243,11.550141334533691,0.15331202745437622,0.9055168628692627,26.192628860473633
ntscc_quality1,MSE,08.png,ba23983c76b4832ee0e8af0592664756841a16779acd69f792e268fb6d13d6e7,256,256,5.0,0,50077070,0.030029296875,1024,0.002531545230366976,0.03256084210536698,0.0056820884346961975,22.454919815063477,0.910007119178772,10.457918167114258,0.15400740504264832,0.87663334608078,22.45406723022461
ntscc_quality1,MSE,08.png,ba23983c76b4832ee0e8af0592664756841a16779acd69f792e268fb6d13d6e7,256,256,5.0,1,50077071,0.030029296875,1024,0.002531545230366976,0.03256084210536698,0.006611932069063187,21.79671859741211,0.9094135165214539,10.429365158081055,0.15048392117023468,0.8732300400733948,21.795787811279297
ntscc_quality1,MSE,08.png,ba23983c76b4832ee0e8af0592664756841a16779acd69f792e268fb6d13d6e7,256,256,5.0,2,50077072,0.030029296875,1024,0.002531545230366976,0.03256084210536698,0.005187955219298601,22.85003662109375,0.9034637808799744,10.153097152709961,0.16533520817756653,0.8668003678321838,22.84906578063965
ntscc_quality1,MSE,08.png,ba23983c76b4832ee0e8af0592664756841a16779acd69f792e268fb6d13d6e7,256,256,5.0,3,50077073,0.030029296875,1024,0.002531545230366976,0.03256084210536698,0.0049856859259307384,23.022750854492188,0.9139291644096375,10.651440620422363,0.16155648231506348,0.8845396637916565,23.02154541015625
ntscc_quality1,MSE,08.png,ba23983c76b4832ee0e8af0592664756841a16779acd69f792e268fb6d13d6e7,256,256,5.0,4,50077074,0.030029296875,1024,0.002531545230366976,0.03256084210536698,0.005585763603448868,22.5291748046875,0.8917331695556641,9.655045509338379,0.16432806849479675,0.842524528503418,22.52803611755371
ntscc_quality1,MSE,08.png,ba23983c76b4832ee0e8af0592664756841a16779acd69f792e268fb6d13d6e7,256,256,5.0,5,50077075,0.030029296875,1024,0.002531545230366976,0.03256084210536698,0.005410096608102322,22.667949676513672,0.9007701873779297,10.033578872680664,0.16645294427871704,0.8579371571540833,22.66692352294922
ntscc_quality1,MSE,08.png,ba23983c76b4832ee0e8af0592664756841a16779acd69f792e268fb6d13d6e7,256,256,5.0,6,50077076,0.030029296875,1024,0.002531545230366976,0.03256084210536698,0.004515675827860832,23.452774047851562,0.9188553094863892,10.907398223876953,0.15842536091804504,0.8916287422180176,23.451738357543945
ntscc_quality1,MSE,08.png,ba23983c76b4832ee0e8af0592664756841a16779acd69f792e268fb6d13d6e7,256,256,5.0,7,50077077,0.030029296875,1024,0.002531545230366976,0.03256084210536698,0.00655562337487936,21.833860397338867,0.9084984064102173,10.385713577270508,0.16386555135250092,0.8739348649978638,21.83285140991211
ntscc_quality1,MSE,08.png,ba23983c76b4832ee0e8af0592664756841a16779acd69f792e268fb6d13d6e7,256,256,5.0,8,50077078,0.030029296875,1024,0.002531545230366976,0.03256084210536698,0.005924506112933159,22.273479461669922,0.9105933904647827,10.486305236816406,0.15521502494812012,0.8779227137565613,22.272903442382812
ntscc_quality1,MSE,08.png,ba23983c76b4832ee0e8af0592664756841a16779acd69f792e268fb6d13d6e7,256,256,5.0,9,50077079,0.030029296875,1024,0.002531545230366976,0.03256084210536698,0.004626256413757801,23.347702026367188,0.9208974838256836,11.018096923828125,0.15159055590629578,0.8931752443313599,23.346765518188477
ntscc_quality1,MSE,09.png,6a4361c2fc194feb4edaa9f9a4a0620fb9943e460ac7fdf037fb0f6dd6607a7d,256,256,5.0,0,50087070,0.0216064453125,1024,0.002531545230366976,0.024137990542866975,0.0008560330606997013,30.675094604492188,0.9631946086883545,14.340886116027832,0.13197384774684906,0.9517894983291626,30.66840934753418
ntscc_quality1,MSE,09.png,6a4361c2fc194feb4edaa9f9a4a0620fb9943e460ac7fdf037fb0f6dd6607a7d,256,256,5.0,1,50087071,0.0216064453125,1024,0.002531545230366976,0.024137990542866975,0.0008501165430061519,30.705215454101562,0.9627166986465454,14.284857749938965,0.12303659319877625,0.9507803320884705,30.698101043701172
ntscc_quality1,MSE,09.png,6a4361c2fc194feb4edaa9f9a4a0620fb9943e460ac7fdf037fb0f6dd6607a7d,256,256,5.0,2,50087072,0.0216064453125,1024,0.002531545230366976,0.024137990542866975,0.000859544612467289,30.65731430053711,0.9655210971832275,14.624465942382812,0.12284165620803833,0.9552281498908997,30.65140724182129
ntscc_quality1,MSE,09.png,6a4361c2fc194feb4edaa9f9a4a0620fb9943e460ac7fdf037fb0f6dd6607a7d,256,256,5.0,3,50087073,0.0216064453125,1024,0.002531545230366976,0.024137990542866975,0.000872493430506438,30.59238052368164,0.962093710899353,14.212888717651367,0.12857544422149658,0.9500313997268677,30.586118698120117
ntscc_quality1,MSE,09.png,6a4361c2fc194feb4edaa9f9a4a0620fb9943e460ac7fdf037fb0f6dd6607a7d,256,256,5.0,4,50087074,0.0216064453125,1024,0.002531545230366976,0.024137990542866975,0.0010115724289789796,29.950029373168945,0.9581884741783142,13.787039756774902,0.13103075325489044,0.943674623966217,29.94512176513672
ntscc_quality1,MSE,09.png,6a4361c2fc194feb4edaa9f9a4a0620fb9943e460ac7fdf037fb0f6dd6607a7d,256,256,5.0,5,50087075,0.0216064453125,1024,0.002531545230366976,0.024137990542866975,0.0009023500606417656,30.446250915527344,0.9615527987480164,14.151352882385254,0.12953020632266998,0.9492771029472351,30.440372467041016
ntscc_quality1,MSE,09.png,6a4361c2fc194feb4edaa9f9a4a0620fb9943e460ac7fdf037fb0f6dd6607a7d,256,256,5.0,6,50087076,0.0216064453125,1024,0.002531545230366976,0.024137990542866975,0.0008471205364912748,30.720548629760742,0.962817907333374,14.296663284301758,0.12882663309574127,0.9507020711898804,30.713481903076172
ntscc_quality1,MSE,09.png,6a4361c2fc194feb4edaa9f9a4a0620fb9943e460ac7fdf037fb0f6dd6607a7d,256,256,5.0,7,50087077,0.0216064453125,1024,0.002531545230366976,0.024137990542866975,0.0008270330727100372,30.824771881103516,0.9623345732688904,14.240571022033691,0.12769155204296112,0.9508854746818542,30.817630767822266
ntscc_quality1,MSE,09.png,6a4361c2fc194feb4edaa9f9a4a0620fb9943e460ac7fdf037fb0f6dd6607a7d,256,256,5.0,8,50087078,0.0216064453125,1024,0.002531545230366976,0.024137990542866975,0.0008451886242255569,30.730464935302734,0.963172197341919,14.338241577148438,0.12769635021686554,0.9516922235488892,30.722930908203125
ntscc_quality1,MSE,09.png,6a4361c2fc194feb4edaa9f9a4a0620fb9943e460ac7fdf037fb0f6dd6607a7d,256,256,5.0,9,50087079,0.0216064453125,1024,0.002531545230366976,0.024137990542866975,0.0008445265702903271,30.733869552612305,0.9646362066268921,14.514411926269531,0.1189478188753128,0.9542514085769653,30.725528717041016
ntscc_quality1,MSE,10.png,9dfb70f5867c29ff9ed6313683f19b3d867849e40fbc0c4c54a4a89df341cf23,256,256,5.0,0,50097070,0.0194091796875,1024,0.002531545230366976,0.021940724917866975,0.00042353125172667205,33.73114776611328,0.9605269432067871,14.036993026733398,0.23188023269176483,0.947701632976532,33.717071533203125
ntscc_quality1,MSE,10.png,9dfb70f5867c29ff9ed6313683f19b3d867849e40fbc0c4c54a4a89df341cf23,256,256,5.0,1,50097071,0.0194091796875,1024,0.002531545230366976,0.021940724917866975,0.0004216365050524473,33.75061798095703,0.9610342979431152,14.093175888061523,0.22757013142108917,0.9487393498420715,33.73727798461914
ntscc_quality1,MSE,10.png,9dfb70f5867c29ff9ed6313683f19b3d867849e40fbc0c4c54a4a89df341cf23,256,256,5.0,2,50097072,0.0194091796875,1024,0.002531545230366976,0.021940724917866975,0.0004143903497606516,33.825904846191406,0.9614013433456421,14.134278297424316,0.2261030375957489,0.9485967755317688,33.815040588378906
ntscc_quality1,MSE,10.png,9dfb70f5867c29ff9ed6313683f19b3d867849e40fbc0c4c54a4a89df341cf23,256,256,5.0,3,50097073,0.0194091796875,1024,0.002531545230366976,0.021940724917866975,0.0004080514772795141,33.892852783203125,0.9592381715774536,13.897464752197266,0.22708848118782043,0.9458218216896057,33.878108978271484
ntscc_quality1,MSE,10.png,9dfb70f5867c29ff9ed6313683f19b3d867849e40fbc0c4c54a4a89df341cf23,256,256,5.0,4,50097074,0.0194091796875,1024,0.002531545230366976,0.021940724917866975,0.0004659375117626041,33.31672286987305,0.9600920677185059,13.989408493041992,0.23410914838314056,0.9466522336006165,33.30427932739258
ntscc_quality1,MSE,10.png,9dfb70f5867c29ff9ed6313683f19b3d867849e40fbc0c4c54a4a89df341cf23,256,256,5.0,5,50097075,0.0194091796875,1024,0.002531545230366976,0.021940724917866975,0.00040070543764159083,33.97174835205078,0.9620382785797119,14.206542015075684,0.22877243161201477,0.9491927623748779,33.958641052246094
ntscc_quality1,MSE,10.png,9dfb70f5867c29ff9ed6313683f19b3d867849e40fbc0c4c54a4a89df341cf23,256,256,5.0,6,50097076,0.0194091796875,1024,0.002531545230366976,0.021940724917866975,0.0004529448342509568,33.43954849243164,0.9609870910644531,14.087916374206543,0.22930586338043213,0.9474943280220032,33.42881774902344
ntscc_quality1,MSE,10.png,9dfb70f5867c29ff9ed6313683f19b3d867849e40fbc0c4c54a4a89df341cf23,256,256,5.0,7,50097077,0.0194091796875,1024,0.002531545230366976,0.021940724917866975,0.00042924852459691465,33.67291259765625,0.9601830840110779,13.999324798583984,0.22925280034542084,0.9459918141365051,33.65961456298828
ntscc_quality1,MSE,10.png,9dfb70f5867c29ff9ed6313683f19b3d867849e40fbc0c4c54a4a89df341cf23,256,256,5.0,8,50097078,0.0194091796875,1024,0.002531545230366976,0.021940724917866975,0.000418332580011338,33.784786224365234,0.9595617651939392,13.932077407836914,0.23293648660182953,0.9459975957870483,33.77308654785156
ntscc_quality1,MSE,10.png,9dfb70f5867c29ff9ed6313683f19b3d867849e40fbc0c4c54a4a89df341cf23,256,256,5.0,9,50097079,0.0194091796875,1024,0.002531545230366976,0.021940724917866975,0.00043403194285929203,33.624786376953125,0.9583579897880554,13.804683685302734,0.23334281146526337,0.9437119960784912,33.61314010620117
ntscc_quality1,MSE,11.png,7936814b58b5387fce2e4e2488b4ec830dadd95fa9520f358ddb30990b50f2b6,256,256,5.0,0,50107070,0.029541015625,1024,0.002531545230366976,0.03207256085536698,0.00480015529319644,23.18744659423828,0.9000112414360046,10.000487327575684,0.2559388279914856,0.8722130060195923,23.18647575378418
ntscc_quality1,MSE,11.png,7936814b58b5387fce2e4e2488b4ec830dadd95fa9520f358ddb30990b50f2b6,256,256,5.0,1,50107071,0.029541015625,1024,0.002531545230366976,0.03207256085536698,0.005130642559379339,22.898283004760742,0.9002488851547241,10.010823249816895,0.2630104124546051,0.8698161244392395,22.896991729736328
ntscc_quality1,MSE,11.png,7936814b58b5387fce2e4e2488b4ec830dadd95fa9520f358ddb30990b50f2b6,256,256,5.0,2,50107072,0.029541015625,1024,0.002531545230366976,0.03207256085536698,0.005164841189980507,22.86943244934082,0.8919684886932373,9.664495468139648,0.24983131885528564,0.854871928691864,22.868139266967773
ntscc_quality1,MSE,11.png,7936814b58b5387fce2e4e2488b4ec830dadd95fa9520f358ddb30990b50f2b6,256,256,5.0,3,50107073,0.029541015625,1024,0.002531545230366976,0.03207256085536698,0.006169288884848356,22.09764862060547,0.8927477598190308,9.69593620300293,0.27362942695617676,0.8596837520599365,22.096891403198242
ntscc_quality1,MSE,11.png,7936814b58b5387fce2e4e2488b4ec830dadd95fa9520f358ddb30990b50f2b6,256,256,5.0,4,50107074,0.029541015625,1024,0.002531545230366976,0.03207256085536698,0.005828913301229477,22.34412384033203,0.8717221021652222,8.918481826782227,0.2770147919654846,0.8228331208229065,22.34309196472168
ntscc_quality1,MSE,11.png,7936814b58b5387fce2e4e2488b4ec830dadd95fa9520f358ddb30990b50f2b6,256,256,5.0,5,50107075,0.029541015625,1024,0.002531545230366976,0.03207256085536698,0.005157091189175844,22.875953674316406,0.9007236361503601,10.03154182434082,0.2579237222671509,0.8719192147254944,22.87578773498535
ntscc_quality1,MSE,11.png,7936814b58b5387fce2e4e2488b4ec830dadd95fa9520f358ddb30990b50f2b6,256,256,5.0,6,50107076,0.029541015625,1024,0.002531545230366976,0.03207256085536698,0.005266835913062096,22.784502029418945,0.8959083557128906,9.825841903686523,0.2573598623275757,0.8648676872253418,22.784605026245117
ntscc_quality1,MSE,11.png,7936814b58b5387fce2e4e2488b4ec830dadd95fa9520f358ddb30990b50f2b6,256,256,5.0,7,50107077,0.029541015625,1024,0.002531545230366976,0.03207256085536698,0.005194410216063261,22.84463882446289,0.8912023305892944,9.633804321289062,0.2690200209617615,0.8566589951515198,22.843490600585938
ntscc_quality1,MSE,11.png,7936814b58b5387fce2e4e2488b4ec830dadd95fa9520f358ddb30990b50f2b6,256,256,5.0,8,50107078,0.029541015625,1024,0.002531545230366976,0.03207256085536698,0.004929672461003065,23.071821212768555,0.8992535471916199,9.967702865600586,0.24969054758548737,0.8682726621627808,23.07103729248047
ntscc_quality1,MSE,11.png,7936814b58b5387fce2e4e2488b4ec830dadd95fa9520f358ddb30990b50f2b6,256,256,5.0,9,50107079,0.029541015625,1024,0.002531545230366976,0.03207256085536698,0.0051413848996162415,22.889198303222656,0.8919143080711365,9.662317276000977,0.24091149866580963,0.8618495464324951,22.888078689575195
ntscc_quality1,MSE,12.png,d78c37c2f04f23761ed2367dd77e2db584ddd4c3950833fecf89f199a8126980,256,256,5.0,0,50117070,0.023111979166666668,1024,0.002531545230366976,0.025643524397033643,0.001399277476593852,28.54096221923828,0.9123674631118774,10.573347091674805,0.23106126487255096,0.8842313289642334,28.53728485107422
ntscc_quality1,MSE,12.png,d78c37c2f04f23761ed2367dd77e2db584ddd4c3950833fecf89f199a8126980,256,256,5.0,1,50117071,0.023111979166666668,1024,0.002531545230366976,0.025643524397033643,0.0014950227923691273,28.253520965576172,0.913334310054779,10.621528625488281,0.22233600914478302,0.886458694934845,28.249862670898438
ntscc_quality1,MSE,12.png,d78c37c2f04f23761ed2367dd77e2db584ddd4c3950833fecf89f199a8126980,256,256,5.0,2,50117072,0.023111979166666668,1024,0.002531545230366976,0.025643524397033643,0.0013788312207907438,28.604890823364258,0.9122014045715332,10.56512451171875,0.22404906153678894,0.8828683495521545,28.600988388061523
ntscc_quality1,MSE,12.png,d78c37c2f04f23761ed2367dd77e2db584ddd4c3950833fecf89f199a8126980,256,256,5.0,3,50117073,0.023111979166666668,1024,0.002531545230366976,0.025643524397033643,0.0013637210940942168,28.65274429321289,0.9160194396972656,10.75821304321289,0.22335483133792877,0.8903566002845764,28.64868927001953
ntscc_quality1,MSE,12.png,d78c37c2f04f23761ed2367dd77e2db584ddd4c3950833fecf89f199a8126980,256,256,5.0,4,50117074,0.023111979166666668,1024,0.002531545230366976,0.025643524397033643,0.0013731832150369883,28.62271499633789,0.9134406447410583,10.626859664916992,0.2186337262392044,0.8874547481536865,28.618358612060547
ntscc_quality1,MSE,12.png,d78c37c2f04f23761ed2367dd77e2db584ddd4c3950833fecf89f199a8126980,256,256,5.0,5,50117075,0.023111979166666668,1024,0.002531545230366976,0.025643524397033643,0.0013439224567264318,28.716259002685547,0.9149050712585449,10.700963973999023,0.23126035928726196,0.8903397917747498,28.712200164794922
ntscc_quality1,MSE,12.png,d78c37c2f04f23761ed2367dd77e2db584ddd4c3950833fecf89f199a8126980,256,256,5.0,6,50117076,0.023111979166666668,1024,0.002531545230366976,0.025643524397033643,0.0014424374094232917,28.40903091430664,0.9158195853233337,10.747889518737793,0.2327040582895279,0.890977680683136,28.40462875366211
ntscc_quality1,MSE,12.png,d78c37c2f04f23761ed2367dd77e2db584ddd4c3950833fecf89f199a8126980,256,256,5.0,7,50117077,0.023111979166666668,1024,0.002531545230366976,0.025643524397033643,0.0013804580084979534,28.599769592285156,0.9167629480361938,10.796833992004395,0.21575842797756195,0.8924862742424011,28.595922470092773
ntscc_quality1,MSE,12.png,d78c37c2f04f23761ed2367dd77e2db584ddd4c3950833fecf89f199a8126980,256,256,5.0,8,50117078,0.023111979166666668,1024,0.002531545230366976,0.025643524397033643,0.0014360120985656977,28.428421020507812,0.9110358953475952,10.507851600646973,0.22950327396392822,0.879773736000061,28.424043655395508
ntscc_quality1,MSE,12.png,d78c37c2f04f23761ed2367dd77e2db584ddd4c3950833fecf89f199a8126980,256,256,5.0,9,50117079,0.023111979166666668,1024,0.002531545230366976,0.025643524397033643,0.0014124562731012702,28.50025177001953,0.9160078763961792,10.757614135742188,0.22672849893569946,0.891186535358429,28.496902465820312
ntscc_quality1,MSE,13.png,bc34a3ce58dea09dce1704c997171602de90cb34d0c8503a988b77f473d39b08,256,256,5.0,0,50127070,0.029866536458333332,1024,0.002531545230366976,0.03239808168870031,0.00607294961810112,22.166004180908203,0.8517643213272095,8.290472984313965,0.4896968603134155,0.8096887469291687,22.16492462158203
ntscc_quality1,MSE,13.png,bc34a3ce58dea09dce1704c997171602de90cb34d0c8503a988b77f473d39b08,256,256,5.0,1,50127071,0.029866536458333332,1024,0.002531545230366976,0.03239808168870031,0.006330440752208233,21.98566246032715,0.8385226726531982,7.91888427734375,0.5017632246017456,0.7846431136131287,21.985204696655273
ntscc_quality1,MSE,13.png,bc34a3ce58dea09dce1704c997171602de90cb34d0c8503a988b77f473d39b08,256,256,5.0,2,50127072,0.029866536458333332,1024,0.002531545230366976,0.03239808168870031,0.005690941587090492,22.448158264160156,0.8587237596511841,8.499308586120605,0.45513081550598145,0.820692777633667,22.447010040283203
ntscc_quality1,MSE,13.png,bc34a3ce58dea09dce1704c997171602de90cb34d0c8503a988b77f473d39b08,256,256,5.0,3,50127073,0.029866536458333332,1024,0.002531545230366976,0.03239808168870031,0.005765567533671856,22.391582489013672,0.8496254682540894,8.228257179260254,0.4805596172809601,0.8010197877883911,22.390554428100586
ntscc_quality1,MSE,13.png,bc34a3ce58dea09dce1704c997171602de90cb34d0c8503a988b77f473d39b08,256,256,5.0,4,50127074,0.029866536458333332,1024,0.002531545230366976,0.03239808168870031,0.005917388945817947,22.27869987487793,0.8563658595085144,8.427423477172852,0.4880354404449463,0.8155608773231506,22.27798843383789
ntscc_quality1,MSE,13.png,bc34a3ce58dea09dce1704c997171602de90cb34d0c8503a988b77f473d39b08,256,256,5.0,5,50127075,0.029866536458333332,1024,0.002531545230366976,0.03239808168870031,0.006281794514507055,22.0191650390625,0.8480342626571655,8.182543754577637,0.49691247940063477,0.8010101914405823,22.018070220947266
ntscc_quality1,MSE,13.png,bc34a3ce58dea09dce1704c997171602de90cb34d0c8503a988b77f473d39b08,256,256,5.0,6,50127076,0.029866536458333332,1024,0.002531545230366976,0.03239808168870031,0.005852632224559784,22.326488494873047,0.8586809635162354,8.497993469238281,0.4775916337966919,0.8187296390533447,22.325599670410156
ntscc_quality1,MSE,13.png,bc34a3ce58dea09dce1704c997171602de90cb34d0c8503a988b77f473d39b08,256,256,5.0,7,50127077,0.029866536458333332,1024,0.002531545230366976,0.03239808168870031,0.006024270784109831,22.200956344604492,0.8462820053100586,8.132753372192383,0.48913225531578064,0.7994228005409241,22.19997215270996
ntscc_quality1,MSE,13.png,bc34a3ce58dea09dce1704c997171602de90cb34d0c8503a988b77f473d39b08,256,256,5.0,8,50127078,0.029866536458333332,1024,0.002531545230366976,0.03239808168870031,0.006049254443496466,22.182981491088867,0.8490543365478516,8.211793899536133,0.4891897141933441,0.8072995543479919,22.181747436523438
ntscc_quality1,MSE,13.png,bc34a3ce58dea09dce1704c997171602de90cb34d0c8503a988b77f473d39b08,256,256,5.0,9,50127079,0.029866536458333332,1024,0.002531545230366976,0.03239808168870031,0.00638168677687645,21.950645446777344,0.8324466943740845,7.758470058441162,0.4856615662574768,0.7736656665802002,21.949718475341797
ntscc_quality1,MSE,14.png,55a94550ff18f3246c4074fd32b77b0c74447c26b6ad274d564d999c0450ba6e,256,256,5.0,0,50137070,0.02978515625,1024,0.002531545230366976,0.03231670148036698,0.005244136787950993,22.803260803222656,0.8874073028564453,9.48489761352539,0.20831799507141113,0.8496342301368713,22.802326202392578
ntscc_quality1,MSE,14.png,55a94550ff18f3246c4074fd32b77b0c74447c26b6ad274d564d999c0450ba6e,256,256,5.0,1,50137071,0.02978515625,1024,0.002531545230366976,0.03231670148036698,0.0054017892107367516,22.674625396728516,0.8929082155227661,9.702439308166504,0.21978583931922913,0.8620945811271667,22.67377471923828
ntscc_quality1,MSE,14.png,55a94550ff18f3246c4074fd32b77b0c74447c26b6ad274d564d999c0450ba6e,256,256,5.0,2,50137072,0.02978515625,1024,0.002531545230366976,0.03231670148036698,0.005461316555738449,22.62702751159668,0.8960219621658325,9.830583572387695,0.20690539479255676,0.8626856207847595,22.62559700012207
ntscc_quality1,MSE,14.png,55a94550ff18f3246c4074fd32b77b0c74447c26b6ad274d564d999c0450ba6e,256,256,5.0,3,50137073,0.02978515625,1024,0.002531545230366976,0.03231670148036698,0.00531387235969305,22.745887756347656,0.8856474757194519,9.417542457580566,0.21529090404510498,0.8496315479278564,22.744901657104492
ntscc_quality1,MSE,14.png,55a94550ff18f3246c4074fd32b77b0c74447c26b6ad274d564d999c0450ba6e,256,256,5.0,4,50137074,0.02978515625,1024,0.002531545230366976,0.03231670148036698,0.0061074174009263515,22.14142608642578,0.8694978952407837,8.843825340270996,0.212606281042099,0.8216633200645447,22.1407470703125
ntscc_quality1,MSE,14.png,55a94550ff18f3246c4074fd32b77b0c74447c26b6ad274d564d999c0450ba6e,256,256,5.0,5,50137075,0.02978515625,1024,0.002531545230366976,0.03231670148036698,0.0057907914742827415,22.372623443603516,0.8888334631919861,9.54025936126709,0.21374475955963135,0.8524042963981628,22.371387481689453
ntscc_quality1,MSE,14.png,55a94550ff18f3246c4074fd32b77b0c74447c26b6ad274d564d999c0450ba6e,256,256,5.0,6,50137076,0.02978515625,1024,0.002531545230366976,0.03231670148036698,0.00490541709586978,23.093242645263672,0.8897842168807983,9.57756233215332,0.21539641916751862,0.8521416783332825,23.09249496459961
ntscc_quality1,MSE,14.png,55a94550ff18f3246c4074fd32b77b0c74447c26b6ad274d564d999c0450ba6e,256,256,5.0,7,50137077,0.02978515625,1024,0.002531545230366976,0.03231670148036698,0.005309674888849258,22.74932098388672,0.8922464847564697,9.675684928894043,0.20440040528774261,0.8576439023017883,22.74765396118164
ntscc_quality1,MSE,14.png,55a94550ff18f3246c4074fd32b77b0c74447c26b6ad274d564d999c0450ba6e,256,256,5.0,8,50137078,0.02978515625,1024,0.002531545230366976,0.03231670148036698,0.006257243454456329,22.036170959472656,0.8613762855529785,8.581624984741211,0.21742011606693268,0.8076922297477722,22.035245895385742
ntscc_quality1,MSE,14.png,55a94550ff18f3246c4074fd32b77b0c74447c26b6ad274d564d999c0450ba6e,256,256,5.0,9,50137079,0.02978515625,1024,0.002531545230366976,0.03231670148036698,0.006420989986509085,21.923980712890625,0.8630905151367188,8.635664939880371,0.22315248847007751,0.805458128452301,21.923099517822266
ntscc_quality1,MSE,15.png,7538cbb80cb9103606c48b806eae57d56c885c7f90b9b3be70a41160f9cbb683,256,256,5.0,0,50147070,0.023193359375,1024,0.002531545230366976,0.025724904605366975,0.0019173892214894295,27.172897338867188,0.9298655986785889,11.540689468383789,0.3171427547931671,0.9099716544151306,27.170246124267578
ntscc_quality1,MSE,15.png,7538cbb80cb9103606c48b806eae57d56c885c7f90b9b3be70a41160f9cbb683,256,256,5.0,1,50147071,0.023193359375,1024,0.002531545230366976,0.025724904605366975,0.0016198981320485473,27.905122756958008,0.930174708366394,11.5598726272583,0.3040205240249634,0.9096604585647583,27.901498794555664
ntscc_quality1,MSE,15.png,7538cbb80cb9103606c48b806eae57d56c885c7f90b9b3be70a41160f9cbb683,256,256,5.0,2,50147072,0.023193359375,1024,0.002531545230366976,0.025724904605366975,0.0019315239042043686,27.14099884033203,0.9268834590911865,11.359844207763672,0.3160814046859741,0.9054089784622192,27.137081146240234
ntscc_quality1,MSE,15.png,7538cbb80cb9103606c48b806eae57d56c885c7f90b9b3be70a41160f9cbb683,256,256,5.0,3,50147073,0.023193359375,1024,0.002531545230366976,0.025724904605366975,0.0019425995415076613,27.116167068481445,0.9257309436798096,11.291921615600586,0.30708909034729004,0.9016026258468628,27.11322784423828
ntscc_quality1,MSE,15.png,7538cbb80cb9103606c48b806eae57d56c885c7f90b9b3be70a41160f9cbb683,256,256,5.0,4,50147074,0.023193359375,1024,0.002531545230366976,0.025724904605366975,0.001622321899048984,27.898632049560547,0.930130660533905,11.557132720947266,0.32014942169189453,0.9110897779464722,27.895204544067383
ntscc_quality1,MSE,15.png,7538cbb80cb9103606c48b806eae57d56c885c7f90b9b3be70a41160f9cbb683,256,256,5.0,5,50147075,0.023193359375,1024,0.002531545230366976,0.025724904605366975,0.0016449801623821259,27.838394165039062,0.9277876615524292,11.413885116577148,0.32355499267578125,0.9050813913345337,27.834501266479492
ntscc_quality1,MSE,15.png,7538cbb80cb9103606c48b806eae57d56c885c7f90b9b3be70a41160f9cbb683,256,256,5.0,6,50147076,0.023193359375,1024,0.002531545230366976,0.025724904605366975,0.0016350732184946537,27.864627838134766,0.9294376373291016,11.51426887512207,0.3046874403953552,0.9092034101486206,27.860843658447266
ntscc_quality1,MSE,15.png,7538cbb80cb9103606c48b806eae57d56c885c7f90b9b3be70a41160f9cbb683,256,256,5.0,7,50147077,0.023193359375,1024,0.002531545230366976,0.025724904605366975,0.0015783756971359253,28.017894744873047,0.9305459260940552,11.583023071289062,0.30728137493133545,0.9115938544273376,28.0142879486084
ntscc_quality1,MSE,15.png,7538cbb80cb9103606c48b806eae57d56c885c7f90b9b3be70a41160f9cbb683,256,256,5.0,8,50147078,0.023193359375,1024,0.002531545230366976,0.025724904605366975,0.001735106809064746,27.60673713684082,0.9251816272735596,11.259918212890625,0.3224168121814728,0.8994088172912598,27.604534149169922
ntscc_quality1,MSE,15.png,7538cbb80cb9103606c48b806eae57d56c885c7f90b9b3be70a41160f9cbb683,256,256,5.0,9,50147079,0.023193359375,1024,0.002531545230366976,0.025724904605366975,0.0017925184220075607,27.465364456176758,0.9268013834953308,11.354970932006836,0.31937533617019653,0.9048807621002197,27.462575912475586
ntscc_quality1,MSE,16.png,a89c7268ccd4718ba424a99fc4643c572cf692ca6eae887185ceb4e9f11d2e54,256,256,5.0,0,50157070,0.021525065104166668,1024,0.002531545230366976,0.024056610334533643,0.0014178757555782795,28.483619689941406,0.9181978702545166,10.872354507446289,0.2822932004928589,0.8950823545455933,28.48015022277832
ntscc_quality1,MSE,16.png,a89c7268ccd4718ba424a99fc4643c572cf692ca6eae887185ceb4e9f11d2e54,256,256,5.0,1,50157071,0.021525065104166668,1024,0.002531545230366976,0.024056610334533643,0.0013665303122252226,28.643808364868164,0.9233235120773315,11.153377532958984,0.26790934801101685,0.903403103351593,28.639516830444336
ntscc_quality1,MSE,16.png,a89c7268ccd4718ba424a99fc4643c572cf692ca6eae887185ceb4e9f11d2e54,256,256,5.0,2,50157072,0.021525065104166668,1024,0.002531545230366976,0.024056610334533643,0.0014219924341887236,28.47102928161621,0.9225759506225586,11.111241340637207,0.2656828761100769,0.9015376567840576,28.467205047607422
ntscc_quality1,MSE,16.png,a89c7268ccd4718ba424a99fc4643c572cf692ca6eae887185ceb4e9f11d2e54,256,256,5.0,3,50157073,0.021525065104166668,1024,0.002531545230366976,0.024056610334533643,0.0014647440984845161,28.342382431030273,0.914695143699646,10.690263748168945,0.2805141508579254,0.8899266719818115,28.33928680419922
ntscc_quality1,MSE,16.png,a89c7268ccd4718ba424a99fc4643c572cf692ca6eae887185ceb4e9f11d2e54,256,256,5.0,4,50157074,0.021525065104166668,1024,0.002531545230366976,0.024056610334533643,0.001383623806759715,28.589820861816406,0.9241421222686768,11.199993133544922,0.2743138372898102,0.9042447209358215,28.586645126342773
ntscc_quality1,MSE,16.png,a89c7268ccd4718ba424a99fc4643c572cf692ca6eae887185ceb4e9f11d2e54,256,256,5.0,5,50157075,0.021525065104166668,1024,0.002531545230366976,0.024056610334533643,0.0013903735671192408,28.56868553161621,0.9202105402946472,10.980545043945312,0.2627635896205902,0.8983674645423889,28.564603805541992
ntscc_quality1,MSE,16.png,a89c7268ccd4718ba424a99fc4643c572cf692ca6eae887185ceb4e9f11d2e54,256,256,5.0,6,50157076,0.021525065104166668,1024,0.002531545230366976,0.024056610334533643,0.0013728388585150242,28.62380599975586,0.9218254089355469,11.069344520568848,0.283699631690979,0.8996652960777283,28.619155883789062
ntscc_quality1,MSE,16.png,a89c7268ccd4718ba424a99fc4643c572cf692ca6eae887185ceb4e9f11d2e54,256,256,5.0,7,50157077,0.021525065104166668,1024,0.002531545230366976,0.024056610334533643,0.001481402199715376,28.293270111083984,0.9189640879631042,10.913225173950195,0.27013838291168213,0.8976853489875793,28.29010009765625
ntscc_quality1,MSE,16.png,a89c7268ccd4718ba424a99fc4643c572cf692ca6eae887185ceb4e9f11d2e54,256,256,5.0,8,50157078,0.021525065104166668,1024,0.002531545230366976,0.024056610334533643,0.0015458341222256422,28.10837173461914,0.9154229164123535,10.727472305297852,0.2900788187980652,0.8922470211982727,28.10411262512207
ntscc_quality1,MSE,16.png,a89c7268ccd4718ba424a99fc4643c572cf692ca6eae887185ceb4e9f11d2e54,256,256,5.0,9,50157079,0.021525065104166668,1024,0.002531545230366976,0.024056610334533643,0.0014034988125786185,28.52787971496582,0.9186719655990601,10.897597312927246,0.2694593667984009,0.8974699378013611,28.52438735961914
ntscc_quality1,MSE,17.png,37afcc89fbdcb76d9518e04b2fc011027e2f4cd14b3b2f83cefd721641a47c5b,256,256,5.0,0,50167070,0.023681640625,1024,0.002531545230366976,0.026213185855366975,0.0012094391277059913,29.17416000366211,0.9419264197349548,12.360215187072754,0.21466520428657532,0.9258624911308289,29.168304443359375
ntscc_quality1,MSE,17.png,37afcc89fbdcb76d9518e04b2fc011027e2f4cd14b3b2f83cefd721641a47c5b,256,256,5.0,1,50167071,0.023681640625,1024,0.002531545230366976,0.026213185855366975,0.001500050537288189,28.238941192626953,0.9321978092193604,11.687562942504883,0.21382252871990204,0.9067070484161377,28.235586166381836
ntscc_quality1,MSE,17.png,37afcc89fbdcb76d9518e04b2fc011027e2f4cd14b3b2f83cefd721641a47c5b,256,256,5.0,2,50167072,0.023681640625,1024,0.002531545230366976,0.026213185855366975,0.0011535229859873652,29.379737854003906,0.9442011713981628,12.5337495803833,0.20648042857646942,0.9289638996124268,29.375350952148438
ntscc_quality1,MSE,17.png,37afcc89fbdcb76d9518e04b2fc011027e2f4cd14b3b2f83cefd721641a47c5b,256,256,5.0,3,50167073,0.023681640625,1024,0.002531545230366976,0.026213185855366975,0.00154863391071558,28.100513458251953,0.9278435707092285,11.41724967956543,0.20494748651981354,0.9032725691795349,28.09585189819336
ntscc_quality1,MSE,17.png,37afcc89fbdcb76d9518e04b2fc011027e2f4cd14b3b2f83cefd721641a47c5b,256,256,5.0,4,50167074,0.023681640625,1024,0.002531545230366976,0.026213185855366975,0.0012748638400807977,28.945362091064453,0.9380185604095459,12.077383995056152,0.21033625304698944,0.9174190759658813,28.940719604492188
ntscc_quality1,MSE,17.png,37afcc89fbdcb76d9518e04b2fc011027e2f4cd14b3b2f83cefd721641a47c5b,256,256,5.0,5,50167075,0.023681640625,1024,0.002531545230366976,0.026213185855366975,0.0014011666644364595,28.53510093688965,0.9390013217926025,12.146796226501465,0.2085471749305725,0.9213149547576904,28.53052520751953
ntscc_quality1,MSE,17.png,37afcc89fbdcb76d9518e04b2fc011027e2f4cd14b3b2f83cefd721641a47c5b,256,256,5.0,6,50167076,0.023681640625,1024,0.002531545230366976,0.026213185855366975,0.0013345963088795543,28.74650001525879,0.9347604513168335,11.854890823364258,0.22111716866493225,0.9128890633583069,28.742876052856445
ntscc_quality1,MSE,17.png,37afcc89fbdcb76d9518e04b2fc011027e2f4cd14b3b2f83cefd721641a47c5b,256,256,5.0,7,50167077,0.023681640625,1024,0.002531545230366976,0.026213185855366975,0.0012577823363244534,29.00394630432129,0.9387838244438171,12.131338119506836,0.20844809710979462,0.9210947155952454,28.999135971069336
ntscc_quality1,MSE,17.png,37afcc89fbdcb76d9518e04b2fc011027e2f4cd14b3b2f83cefd721641a47c5b,256,256,5.0,8,50167078,0.023681640625,1024,0.002531545230366976,0.026213185855366975,0.001392550766468048,28.5618896484375,0.9299921989440918,11.54853630065918,0.2111695110797882,0.9077854156494141,28.557483673095703
ntscc_quality1,MSE,17.png,37afcc89fbdcb76d9518e04b2fc011027e2f4cd14b3b2f83cefd721641a47c5b,256,256,5.0,9,50167079,0.023681640625,1024,0.002531545230366976,0.026213185855366975,0.0013064141385257244,28.839191436767578,0.9330282211303711,11.741083145141602,0.20191437005996704,0.9083865284919739,28.834964752197266
ntscc_quality1,MSE,18.png,1a9258c365988961d87a0598725b609139c303ad48a5aad6c503c3b1a87849aa,256,256,5.0,0,50177070,0.026926676432291668,1024,0.002531545230366976,0.029458221662658643,0.004381630569696426,23.583642959594727,0.8894810080528259,9.565630912780762,0.2846853733062744,0.843060314655304,23.582275390625
ntscc_quality1,MSE,18.png,1a9258c365988961d87a0598725b609139c303ad48a5aad6c503c3b1a87849aa,256,256,5.0,1,50177071,0.026926676432291668,1024,0.002531545230366976,0.029458221662658643,0.0038247599732130766,24.17395782470703,0.8996569514274597,9.985127449035645,0.28152865171432495,0.8613809943199158,24.17222785949707
ntscc_quality1,MSE,18.png,1a9258c365988961d87a0598725b609139c303ad48a5aad6c503c3b1a87849aa,256,256,5.0,2,50177072,0.026926676432291668,1024,0.002531545230366976,0.029458221662658643,0.004110122099518776,23.861454010009766,0.8869233131408691,9.466268539428711,0.2758391499519348,0.8441354036331177,23.86018943786621
ntscc_quality1,MSE,18.png,1a9258c365988961d87a0598725b609139c303ad48a5aad6c503c3b1a87849aa,256,256,5.0,3,50177073,0.026926676432291668,1024,0.002531545230366976,0.029458221662658643,0.003828157437965274,24.170103073120117,0.8995532393455505,9.98064136505127,0.26731154322624207,0.860175371170044,24.1693115234375
ntscc_quality1,MSE,18.png,1a9258c365988961d87a0598725b609139c303ad48a5aad6c503c3b1a87849aa,256,256,5.0,4,50177074,0.026926676432291668,1024,0.002531545230366976,0.029458221662658643,0.0038744346238672733,24.117918014526367,0.9038228988647461,10.169282913208008,0.26784273982048035,0.8734380006790161,24.116100311279297
ntscc_quality1,MSE,18.png,1a9258c365988961d87a0598725b609139c303ad48a5aad6c503c3b1a87849aa,256,256,5.0,5,50177075,0.026926676432291668,1024,0.002531545230366976,0.029458221662658643,0.00382869690656662,24.169490814208984,0.8986809253692627,9.94308853149414,0.2857595682144165,0.8618327975273132,24.168283462524414
ntscc_quality1,MSE,18.png,1a9258c365988961d87a0598725b609139c303ad48a5aad6c503c3b1a87849aa,256,256,5.0,6,50177076,0.026926676432291668,1024,0.002531545230366976,0.029458221662658643,0.004118791315704584,23.85230255126953,0.8992774486541748,9.968732833862305,0.26438283920288086,0.8657541871070862,23.85108184814453
ntscc_quality1,MSE,18.png,1a9258c365988961d87a0598725b609139c303ad48a5aad6c503c3b1a87849aa,256,256,5.0,7,50177077,0.026926676432291668,1024,0.002531545230366976,0.029458221662658643,0.004047430120408535,23.928205490112305,0.8940935134887695,9.750774383544922,0.2569132149219513,0.8562886714935303,23.92702293395996
ntscc_quality1,MSE,18.png,1a9258c365988961d87a0598725b609139c303ad48a5aad6c503c3b1a87849aa,256,256,5.0,8,50177078,0.026926676432291668,1024,0.002531545230366976,0.029458221662658643,0.00405352097004652,23.92167854309082,0.9004151225090027,10.01806640625,0.2840922474861145,0.8661547303199768,23.92020034790039
ntscc_quality1,MSE,18.png,1a9258c365988961d87a0598725b609139c303ad48a5aad6c503c3b1a87849aa,256,256,5.0,9,50177079,0.026926676432291668,1024,0.002531545230366976,0.029458221662658643,0.004054564516991377,23.92055892944336,0.8780385851860046,9.137775421142578,0.2883231043815613,0.8304432034492493,23.919532775878906
ntscc_quality1,MSE,19.png,b7450b264b1b0a411390d8931b112c27905a992520fc90569dc4b920aa32bbdc,256,256,5.0,0,50187070,0.0250244140625,1024,0.002531545230366976,0.027555959292866975,0.0026930077001452446,25.69762420654297,0.9219422340393066,11.075839042663574,0.18548813462257385,0.8962493538856506,25.696056365966797
ntscc_quality1,MSE,19.png,b7450b264b1b0a411390d8931b112c27905a992520fc90569dc4b920aa32bbdc,256,256,5.0,1,50187071,0.0250244140625,1024,0.002531545230366976,0.027555959292866975,0.0025735273957252502,25.894710540771484,0.9122704863548279,10.568543434143066,0.1997411549091339,0.8824863433837891,25.892908096313477
ntscc_quality1,MSE,19.png,b7450b264b1b0a411390d8931b112c27905a992520fc90569dc4b920aa32bbdc,256,256,5.0,2,50187072,0.0250244140625,1024,0.002531545230366976,0.027555959292866975,0.0027226731181144714,25.65004539489746,0.9115070700645447,10.530914306640625,0.20263400673866272,0.8792953491210938,25.64773941040039
ntscc_quality1,MSE,19.png,b7450b264b1b0a411390d8931b112c27905a992520fc90569dc4b920aa32bbdc,256,256,5.0,3,50187073,0.0250244140625,1024,0.002531545230366976,0.027555959292866975,0.0024818626698106527,26.052223205566406,0.9111668467521667,10.514248847961426,0.183913454413414,0.8800010681152344,26.049541473388672
ntscc_quality1,MSE,19.png,b7450b264b1b0a411390d8931b112c27905a992520fc90569dc4b920aa32bbdc,256,256,5.0,4,50187074,0.0250244140625,1024,0.002531545230366976,0.027555959292866975,0.0022610677406191826,26.456863403320312,0.9168453216552734,10.80113410949707,0.18033871054649353,0.8830573558807373,26.453723907470703
ntscc_quality1,MSE,19.png,b7450b264b1b0a411390d8931b112c27905a992520fc90569dc4b920aa32bbdc,256,256,5.0,5,50187075,0.0250244140625,1024,0.002531545230366976,0.027555959292866975,0.002321506617590785,26.342300415039062,0.9211098551750183,11.029772758483887,0.18924686312675476,0.8927622437477112,26.339637756347656
ntscc_quality1,MSE,19.png,b7450b264b1b0a411390d8931b112c27905a992520fc90569dc4b920aa32bbdc,256,256,5.0,6,50187076,0.0250244140625,1024,0.002531545230366976,0.027555959292866975,0.002320763887837529,26.343690872192383,0.9201078414916992,10.974959373474121,0.19045910239219666,0.891374409198761,26.340744018554688
ntscc_quality1,MSE,19.png,b7450b264b1b0a411390d8931b112c27905a992520fc90569dc4b920aa32bbdc,256,256,5.0,7,50187077,0.0250244140625,1024,0.002531545230366976,0.027555959292866975,0.0021923002786934376,26.590999603271484,0.9273186922073364,11.385772705078125,0.1768835335969925,0.9049375057220459,26.587831497192383
ntscc_quality1,MSE,19.png,b7450b264b1b0a411390d8931b112c27905a992520fc90569dc4b920aa32bbdc,256,256,5.0,8,50187078,0.0250244140625,1024,0.002531545230366976,0.027555959292866975,0.002288870746269822,26.40378761291504,0.9203687906265259,10.989168167114258,0.18767096102237701,0.8943798542022705,26.402311325073242
ntscc_quality1,MSE,19.png,b7450b264b1b0a411390d8931b112c27905a992520fc90569dc4b920aa32bbdc,256,256,5.0,9,50187079,0.0250244140625,1024,0.002531545230366976,0.027555959292866975,0.0025617778301239014,25.91458511352539,0.9201555252075195,10.97755241394043,0.17609064280986786,0.8887174725532532,25.912038803100586
ntscc_quality1,MSE,20.png,3b46c71e3b92a563820ba32936be8330c586c41f938efd94be938386aae4328a,256,256,5.0,0,50197070,0.0244140625,1024,0.002531545230366976,0.026945607730366975,0.0016123767709359527,27.925336837768555,0.9627898931503296,14.293392181396484,0.09943899512290955,0.9474861025810242,27.92275619506836
ntscc_quality1,MSE,20.png,3b46c71e3b92a563820ba32936be8330c586c41f938efd94be938386aae4328a,256,256,5.0,1,50197071,0.0244140625,1024,0.002531545230366976,0.026945607730366975,0.0013077438343316317,28.834774017333984,0.9686115980148315,15.032308578491211,0.09900030493736267,0.9581809043884277,28.82961082458496
ntscc_quality1,MSE,20.png,3b46c71e3b92a563820ba32936be8330c586c41f938efd94be938386aae4328a,256,256,5.0,2,50197072,0.0244140625,1024,0.002531545230366976,0.026945607730366975,0.0013671668712049723,28.64178466796875,0.9697734117507935,15.196109771728516,0.1051984578371048,0.9594476819038391,28.638080596923828
ntscc_quality1,MSE,20.png,3b46c71e3b92a563820ba32936be8330c586c41f938efd94be938386aae4328a,256,256,5.0,3,50197073,0.0244140625,1024,0.002531545230366976,0.026945607730366975,0.0012660184875130653,28.975601196289062,0.9686500430107117,15.037631034851074,0.09527075290679932,0.9581164717674255,28.971540451049805
ntscc_quality1,MSE,20.png,3b46c71e3b92a563820ba32936be8330c586c41f938efd94be938386aae4328a,256,256,5.0,4,50197074,0.0244140625,1024,0.002531545230366976,0.026945607730366975,0.0013842139160260558,28.587968826293945,0.9694365859031677,15.147981643676758,0.09697121381759644,0.9596899151802063,28.58452033996582
ntscc_quality1,MSE,20.png,3b46c71e3b92a563820ba32936be8330c586c41f938efd94be938386aae4328a,256,256,5.0,5,50197075,0.0244140625,1024,0.002531545230366976,0.026945607730366975,0.0012744043488055468,28.946929931640625,0.967991828918457,14.947391510009766,0.1031145378947258,0.9572609663009644,28.943561553955078
ntscc_quality1,MSE,20.png,3b46c71e3b92a563820ba32936be8330c586c41f938efd94be938386aae4328a,256,256,5.0,6,50197076,0.0244140625,1024,0.002531545230366976,0.026945607730366975,0.0012293551117181778,29.103225708007812,0.9706131815910339,15.318474769592285,0.10108235478401184,0.9606198668479919,29.099781036376953
ntscc_quality1,MSE,20.png,3b46c71e3b92a563820ba32936be8330c586c41f938efd94be938386aae4328a,256,256,5.0,7,50197077,0.0244140625,1024,0.002531545230366976,0.026945607730366975,0.0015508255455642939,28.094369888305664,0.9673064947128296,14.855385780334473,0.11868442595005035,0.956671953201294,28.09039878845215
ntscc_quality1,MSE,20.png,3b46c71e3b92a563820ba32936be8330c586c41f938efd94be938386aae4328a,256,256,5.0,8,50197078,0.0244140625,1024,0.002531545230366976,0.026945607730366975,0.0013156142085790634,28.8087158203125,0.9707550406455994,15.339489936828613,0.09240193665027618,0.9612387418746948,28.804134368896484
ntscc_quality1,MSE,20.png,3b46c71e3b92a563820ba32936be8330c586c41f938efd94be938386aae4328a,256,256,5.0,9,50197079,0.0244140625,1024,0.002531545230366976,0.026945607730366975,0.0013600352685898542,28.66449737548828,0.9699443578720093,15.220741271972656,0.10244903713464737,0.960353672504425,28.659900665283203
ntscc_quality1,MSE,21.png,ac958597c82073f6bb65129c68f72b651db5b9efd82e11547d07350214bc268b,256,256,5.0,0,50207070,0.025594075520833332,1024,0.002531545230366976,0.028125620751200307,0.003549919929355383,24.497814178466797,0.9177975058555603,10.851150512695312,0.24050535261631012,0.8882490396499634,24.496402740478516
ntscc_quality1,MSE,21.png,ac958597c82073f6bb65129c68f72b651db5b9efd82e11547d07350214bc268b,256,256,5.0,1,50207071,0.025594075520833332,1024,0.002531545230366976,0.028125620751200307,0.0033482748549431562,24.751789093017578,0.9185336828231812,10.890220642089844,0.23749932646751404,0.8859715461730957,24.749298095703125
ntscc_quality1,MSE,21.png,ac958597c82073f6bb65129c68f72b651db5b9efd82e11547d07350214bc268b,256,256,5.0,2,50207072,0.025594075520833332,1024,0.002531545230366976,0.028125620751200307,0.0036338772624731064,24.396297454833984,0.920292854309082,10.985027313232422,0.2535548806190491,0.8929368853569031,24.39423370361328
ntscc_quality1,MSE,21.png,ac958597c82073f6bb65129c68f72b651db5b9efd82e11547d07350214bc268b,256,256,5.0,3,50207073,0.025594075520833332,1024,0.002531545230366976,0.028125620751200307,0.0030550367664545774,25.149837493896484,0.9300583600997925,11.552640914916992,0.2287529557943344,0.907764196395874,25.14837074279785
ntscc_quality1,MSE,21.png,ac958597c82073f6bb65129c68f72b651db5b9efd82e11547d07350214bc268b,256,256,5.0,4,50207074,0.025594075520833332,1024,0.002531545230366976,0.028125620751200307,0.003345486242324114,24.755409240722656,0.9188706278800964,10.908218383789062,0.24225257337093353,0.8866875767707825,24.7536678314209
ntscc_quality1,MSE,21.png,ac958597c82073f6bb65129c68f72b651db5b9efd82e11547d07350214bc268b,256,256,5.0,5,50207075,0.025594075520833332,1024,0.002531545230366976,0.028125620751200307,0.0035092183388769627,24.547897338867188,0.9193741679191589,10.935258865356445,0.2521936595439911,0.8919246792793274,24.546463012695312
ntscc_quality1,MSE,21.png,ac958597c82073f6bb65129c68f72b651db5b9efd82e11547d07350214bc268b,256,256,5.0,6,50207076,0.025594075520833332,1024,0.002531545230366976,0.028125620751200307,0.0033842807170003653,24.70533561706543,0.9291383624076843,11.495887756347656,0.23766350746154785,0.9067511558532715,24.70416831970215
ntscc_quality1,MSE,21.png,ac958597c82073f6bb65129c68f72b651db5b9efd82e11547d07350214bc268b,256,256,5.0,7,50207077,0.025594075520833332,1024,0.002531545230366976,0.028125620751200307,0.0031579218339174986,25.0059871673584,0.9245790243148804,11.225078582763672,0.24012784659862518,0.9002664089202881,25.004072189331055
ntscc_quality1,MSE,21.png,ac958597c82073f6bb65129c68f72b651db5b9efd82e11547d07350214bc268b,256,256,5.0,8,50207078,0.025594075520833332,1024,0.002531545230366976,0.028125620751200307,0.004240295849740505,23.72603988647461,0.8991000056266785,9.961088180541992,0.26114535331726074,0.8519551157951355,23.725322723388672
ntscc_quality1,MSE,21.png,ac958597c82073f6bb65129c68f72b651db5b9efd82e11547d07350214bc268b,256,256,5.0,9,50207079,0.025594075520833332,1024,0.002531545230366976,0.028125620751200307,0.003174700541421771,24.98297119140625,0.9285537600517273,11.460206985473633,0.23168590664863586,0.9063417911529541,24.98126792907715
ntscc_quality1,MSE,22.png,1cee58eb1f2d9c7ebb254d208a03c783ce6cf2c4d8c2cf45e235dd23b4ce1b29,256,256,5.0,0,50217070,0.0252685546875,1024,0.002531545230366976,0.027800099917866975,0.002518738154321909,25.988170623779297,0.8997501134872437,9.989161491394043,0.28998681902885437,0.8671510815620422,25.985469818115234
ntscc_quality1,MSE,22.png,1cee58eb1f2d9c7ebb254d208a03c783ce6cf2c4d8c2cf45e235dd23b4ce1b29,256,256,5.0,1,50217071,0.0252685546875,1024,0.002531545230366976,0.027800099917866975,0.0025653077755123377,25.908605575561523,0.8946765661239624,9.774749755859375,0.30004850029945374,0.8598996996879578,25.90529441833496
ntscc_quality1,MSE,22.png,1cee58eb1f2d9c7ebb254d208a03c783ce6cf2c4d8c2cf45e235dd23b4ce1b29,256,256,5.0,2,50217072,0.0252685546875,1024,0.002531545230366976,0.027800099917866975,0.002682499121874571,25.7146053314209,0.8837029933929443,9.344314575195312,0.2884058952331543,0.8371713161468506,25.712854385375977
ntscc_quality1,MSE,22.png,1cee58eb1f2d9c7ebb254d208a03c783ce6cf2c4d8c2cf45e235dd23b4ce1b29,256,256,5.0,3,50217073,0.0252685546875,1024,0.002531545230366976,0.027800099917866975,0.0025226003490388393,25.98151397705078,0.892082154750824,9.6690673828125,0.2816604673862457,0.8554829359054565,25.978771209716797
ntscc_quality1,MSE,22.png,1cee58eb1f2d9c7ebb254d208a03c783ce6cf2c4d8c2cf45e235dd23b4ce1b29,256,256,5.0,4,50217074,0.0252685546875,1024,0.002531545230366976,0.027800099917866975,0.003016410395503044,25.205095291137695,0.8931311368942261,9.711488723754883,0.2872995436191559,0.8572027683258057,25.202932357788086
ntscc_quality1,MSE,22.png,1cee58eb1f2d9c7ebb254d208a03c783ce6cf2c4d8c2cf45e235dd23b4ce1b29,256,256,5.0,5,50217075,0.0252685546875,1024,0.002531545230366976,0.027800099917866975,0.0027968192007392645,25.533355712890625,0.8796472549438477,9.195440292358398,0.28157368302345276,0.8400869965553284,25.530473709106445
ntscc_quality1,MSE,22.png,1cee58eb1f2d9c7ebb254d208a03c783ce6cf2c4d8c2cf45e235dd23b4ce1b29,256,256,5.0,6,50217076,0.0252685546875,1024,0.002531545230366976,0.027800099917866975,0.002639239188283682,25.785213470458984,0.8960925340652466,9.83353328704834,0.2757495641708374,0.862227201461792,25.783126831054688
ntscc_quality1,MSE,22.png,1cee58eb1f2d9c7ebb254d208a03c783ce6cf2c4d8c2cf45e235dd23b4ce1b29,256,256,5.0,7,50217077,0.0252685546875,1024,0.002531545230366976,0.027800099917866975,0.003934883512556553,24.050682067871094,0.8912317156791687,9.634977340698242,0.29655247926712036,0.8526301980018616,24.049514770507812
ntscc_quality1,MSE,22.png,1cee58eb1f2d9c7ebb254d208a03c783ce6cf2c4d8c2cf45e235dd23b4ce1b29,256,256,5.0,8,50217078,0.0252685546875,1024,0.002531545230366976,0.027800099917866975,0.002336782868951559,26.313817977905273,0.8981133699417114,9.918828010559082,0.2813355326652527,0.8653604984283447,26.31178855895996
ntscc_quality1,MSE,22.png,1cee58eb1f2d9c7ebb254d208a03c783ce6cf2c4d8c2cf45e235dd23b4ce1b29,256,256,5.0,9,50217079,0.0252685546875,1024,0.002531545230366976,0.027800099917866975,0.002633319701999426,25.794963836669922,0.8888438940048218,9.540667533874512,0.28270816802978516,0.8505816459655762,25.792240142822266
ntscc_quality1,MSE,23.png,e3111a2fd4da24af15d6459ef9eacfe54106b38e27b4a21821b75c3f5d2d5baf,256,256,5.0,0,50227070,0.022420247395833332,1024,0.002531545230366976,0.024951792626200307,0.001378190121613443,28.606908798217773,0.9554671049118042,13.513191223144531,0.15526175498962402,0.9392943382263184,28.60230255126953
ntscc_quality1,MSE,23.png,e3111a2fd4da24af15d6459ef9eacfe54106b38e27b4a21821b75c3f5d2d5baf,256,256,5.0,1,50227071,0.022420247395833332,1024,0.002531545230366976,0.024951792626200307,0.0014885785058140755,28.27228355407715,0.9554680585861206,13.513284683227539,0.1590033918619156,0.9392927885055542,28.268531799316406
ntscc_quality1,MSE,23.png,e3111a2fd4da24af15d6459ef9eacfe54106b38e27b4a21821b75c3f5d2d5baf,256,256,5.0,2,50227072,0.022420247395833332,1024,0.002531545230366976,0.024951792626200307,0.0014112418284639716,28.50398826599121,0.9536738395690918,13.341736793518066,0.1673511415719986,0.9369612336158752,28.500186920166016
ntscc_quality1,MSE,23.png,e3111a2fd4da24af15d6459ef9eacfe54106b38e27b4a21821b75c3f5d2d5baf,256,256,5.0,3,50227073,0.022420247395833332,1024,0.002531545230366976,0.024951792626200307,0.0010516741313040257,29.78118896484375,0.9592835903167725,13.90230655670166,0.1509898155927658,0.9454004764556885,29.775890350341797
ntscc_quality1,MSE,23.png,e3111a2fd4da24af15d6459ef9eacfe54106b38e27b4a21821b75c3f5d2d5baf,256,256,5.0,4,50227074,0.022420247395833332,1024,0.002531545230366976,0.024951792626200307,0.0011035592760890722,29.572044372558594,0.9567461013793945,13.639747619628906,0.14883506298065186,0.9393121004104614,29.566919326782227
ntscc_quality1,MSE,23.png,e3111a2fd4da24af15d6459ef9eacfe54106b38e27b4a21821b75c3f5d2d5baf,256,256,5.0,5,50227075,0.022420247395833332,1024,0.002531545230366976,0.024951792626200307,0.0012997551821172237,28.861385345458984,0.9563400149345398,13.599164962768555,0.15357951819896698,0.9398179650306702,28.856983184814453
ntscc_quality1,MSE,23.png,e3111a2fd4da24af15d6459ef9eacfe54106b38e27b4a21821b75c3f5d2d5baf,256,256,5.0,6,50227076,0.022420247395833332,1024,0.002531545230366976,0.024951792626200307,0.001170997740700841,29.31443977355957,0.9571394920349121,13.679427146911621,0.15659281611442566,0.9420151710510254,29.310726165771484
ntscc_quality1,MSE,23.png,e3111a2fd4da24af15d6459ef9eacfe54106b38e27b4a21821b75c3f5d2d5baf,256,256,5.0,7,50227077,0.022420247395833332,1024,0.002531545230366976,0.024951792626200307,0.0012724616099148989,28.953554153442383,0.9542421102523804,13.395339965820312,0.16242478787899017,0.9368475079536438,28.949968338012695
ntscc_quality1,MSE,23.png,e3111a2fd4da24af15d6459ef9eacfe54106b38e27b4a21821b75c3f5d2d5baf,256,256,5.0,8,50227078,0.022420247395833332,1024,0.002531545230366976,0.024951792626200307,0.0012446874752640724,29.04939842224121,0.9545509219169617,13.424749374389648,0.15799982845783234,0.9373736381530762,29.04571533203125
ntscc_quality1,MSE,23.png,e3111a2fd4da24af15d6459ef9eacfe54106b38e27b4a21821b75c3f5d2d5baf,256,256,5.0,9,50227079,0.022420247395833332,1024,0.002531545230366976,0.024951792626200307,0.0012875795364379883,28.902259826660156,0.9567577838897705,13.640920639038086,0.1460285484790802,0.9406400918960571,28.898353576660156
ntscc_quality1,MSE,24.png,1071c68372cc5a01435c2c225a5cf7d4bb803846ec08bb6b3d6721b156d7cb96,256,256,5.0,0,50237070,0.024210611979166668,1024,0.002531545230366976,0.026742157209533643,0.0016406942158937454,27.84972381591797,0.932792067527771,11.72579574584961,0.21039444208145142,0.9130751490592957,27.847393035888672
ntscc_quality1,MSE,24.png,1071c68372cc5a01435c2c225a5cf7d4bb803846ec08bb6b3d6721b156d7cb96,256,256,5.0,1,50237071,0.024210611979166668,1024,0.002531545230366976,0.026742157209533643,0.001621416537091136,27.90105628967285,0.9341396689414978,11.813760757446289,0.21566210687160492,0.9135084748268127,27.897798538208008
ntscc_quality1,MSE,24.png,1071c68372cc5a01435c2c225a5cf7d4bb803846ec08bb6b3d6721b156d7cb96,256,256,5.0,2,50237072,0.024210611979166668,1024,0.002531545230366976,0.026742157209533643,0.0016054697334766388,27.943981170654297,0.9329767227172852,11.737743377685547,0.2190818190574646,0.9110230207443237,27.940643310546875
ntscc_quality1,MSE,24.png,1071c68372cc5a01435c2c225a5cf7d4bb803846ec08bb6b3d6721b156d7cb96,256,256,5.0,3,50237073,0.024210611979166668,1024,0.002531545230366976,0.026742157209533643,0.0016299402341246605,27.878284454345703,0.9363021850585938,11.958755493164062,0.2303832471370697,0.9184587001800537,27.87553596496582
ntscc_quality1,MSE,24.png,1071c68372cc5a01435c2c225a5cf7d4bb803846ec08bb6b3d6721b156d7cb96,256,256,5.0,4,50237074,0.024210611979166668,1024,0.002531545230366976,0.026742157209533643,0.0016103859525173903,27.930700302124023,0.9336797595024109,11.783538818359375,0.21057087182998657,0.9141417741775513,27.926433563232422
ntscc_quality1,MSE,24.png,1071c68372cc5a01435c2c225a5cf7d4bb803846ec08bb6b3d6721b156d7cb96,256,256,5.0,5,50237075,0.024210611979166668,1024,0.002531545230366976,0.026742157209533643,0.0018741311505436897,27.27199935913086,0.9197157621383667,10.953697204589844,0.22652260959148407,0.8900504112243652,27.269075393676758
ntscc_quality1,MSE,24.png,1071c68372cc5a01435c2c225a5cf7d4bb803846ec08bb6b3d6721b156d7cb96,256,256,5.0,6,50237076,0.024210611979166668,1024,0.002531545230366976,0.026742157209533643,0.0018134055426344275,27.415050506591797,0.9266495704650879,11.345973014831543,0.22101686894893646,0.9022838473320007,27.412137985229492
ntscc_quality1,MSE,24.png,1071c68372cc5a01435c2c225a5cf7d4bb803846ec08bb6b3d6721b156d7cb96,256,256,5.0,7,50237077,0.024210611979166668,1024,0.002531545230366976,0.026742157209533643,0.0016996547346934676,27.696395874023438,0.9302722811698914,11.565946578979492,0.2067258656024933,0.9063446521759033,27.69296646118164
ntscc_quality1,MSE,24.png,1071c68372cc5a01435c2c225a5cf7d4bb803846ec08bb6b3d6721b156d7cb96,256,256,5.0,8,50237078,0.024210611979166668,1024,0.002531545230366976,0.026742157209533643,0.0015719800721853971,28.0355281829834,0.9352315664291382,11.886366844177246,0.22063563764095306,0.9153693318367004,28.03218650817871
ntscc_quality1,MSE,24.png,1071c68372cc5a01435c2c225a5cf7d4bb803846ec08bb6b3d6721b156d7cb96,256,256,5.0,9,50237079,0.024210611979166668,1024,0.002531545230366976,0.026742157209533643,0.0017921393737196922,27.46628189086914,0.9169318079948425,10.805652618408203,0.22913047671318054,0.8886786103248596,27.46253776550293
ntscc_quality1,MSE,01.png,a56e27cbf5f843c048b6af1d6e090760e9c92fadba88b7dee0205918a37523bd,256,256,15.0,0,150007070,0.028157552083333332,1024,0.0010359054426325165,0.02919345752596585,0.0024825436994433403,26.05103302001953,0.9524983167648315,13.23291015625,0.21142131090164185,0.9420934319496155,26.048934936523438
ntscc_quality1,MSE,01.png,a56e27cbf5f843c048b6af1d6e090760e9c92fadba88b7dee0205918a37523bd,256,256,15.0,1,150007071,0.028157552083333332,1024,0.0010359054426325165,0.02919345752596585,0.0024701112415641546,26.07283592224121,0.9527937769889832,13.260007858276367,0.20813411474227905,0.9421163201332092,26.071548461914062
ntscc_quality1,MSE,01.png,a56e27cbf5f843c048b6af1d6e090760e9c92fadba88b7dee0205918a37523bd,256,256,15.0,2,150007072,0.028157552083333332,1024,0.0010359054426325165,0.02919345752596585,0.0024816016666591167,26.05268096923828,0.9524762034416199,13.230888366699219,0.21234014630317688,0.9418206214904785,26.050642013549805
ntscc_quality1,MSE,01.png,a56e27cbf5f843c048b6af1d6e090760e9c92fadba88b7dee0205918a37523bd,256,256,15.0,3,150007073,0.028157552083333332,1024,0.0010359054426325165,0.02919345752596585,0.00246885372325778,26.07504653930664,0.952818751335144,13.26230525970459,0.21198666095733643,0.9422022700309753,26.073225021362305
ntscc_quality1,MSE,01.png,a56e27cbf5f843c048b6af1d6e090760e9c92fadba88b7dee0205918a37523bd,256,256,15.0,4,150007074,0.028157552083333332,1024,0.0010359054426325165,0.02919345752596585,0.002486215904355049,26.044612884521484,0.9522704482078552,13.212127685546875,0.211621955037117,0.9416009783744812,26.042585372924805
ntscc_quality1,MSE,01.png,a56e27cbf5f843c048b6af1d6e090760e9c92fadba88b7dee0205918a37523bd,256,256,15.0,5,150007075,0.028157552083333332,1024,0.0010359054426325165,0.02919345752596585,0.002471345942467451,26.070663452148438,0.9526636600494385,13.248053550720215,0.21164733171463013,0.9420499205589294,26.068248748779297
ntscc_quality1,MSE,01.png,a56e27cbf5f843c048b6af1d6e090760e9c92fadba88b7dee0205918a37523bd,256,256,15.0,6,150007076,0.028157552083333332,1024,0.0010359054426325165,0.02919345752596585,0.0024939710274338722,26.031085968017578,0.9522702693939209,13.21211051940918,0.2089676409959793,0.9415298700332642,26.02896499633789
ntscc_quality1,MSE,01.png,a56e27cbf5f843c048b6af1d6e090760e9c92fadba88b7dee0205918a37523bd,256,256,15.0,7,150007077,0.028157552083333332,1024,0.0010359054426325165,0.02919345752596585,0.002483577001839876,26.049224853515625,0.95274817943573,13.255815505981445,0.21404746174812317,0.9422796368598938,26.046672821044922
ntscc_quality1,MSE,01.png,a56e27cbf5f843c048b6af1d6e090760e9c92fadba88b7dee0205918a37523bd,256,256,15.0,8,150007078,0.028157552083333332,1024,0.0010359054426325165,0.02919345752596585,0.002463672077283263,26.08417320251465,0.9525894522666931,13.241250991821289,0.2122337818145752,0.9419887661933899,26.082359313964844
ntscc_quality1,MSE,01.png,a56e27cbf5f843c048b6af1d6e090760e9c92fadba88b7dee0205918a37523bd,256,256,15.0,9,150007079,0.028157552083333332,1024,0.0010359054426325165,0.02919345752596585,0.002482385840266943,26.051307678222656,0.9523344039916992,13.217949867248535,0.21061332523822784,0.9417934417724609,26.049388885498047
ntscc_quality1,MSE,02.png,4f4b74a79237e311d72cad958237b5f7088d8bce1c82305ebefe1a70e3022dfd,256,256,15.0,0,150017070,0.021931966145833332,1024,0.0010359054426325165,0.02296787158846585,0.0007364705670624971,31.328447341918945,0.9447935819625854,12.58010482788086,0.26725369691848755,0.9308230876922607,31.321609497070312
ntscc_quality1,MSE,02.png,4f4b74a79237e311d72cad958237b5f7088d8bce1c82305ebefe1a70e3022dfd,256,256,15.0,1,150017071,0.021931966145833332,1024,0.0010359054426325165,0.02296787158846585,0.0007288603810593486,31.373558044433594,0.9455062747001648,12.63653564453125,0.2671200931072235,0.9317420125007629,31.365278244018555
ntscc_quality1,MSE,02.png,4f4b74a79237e311d72cad958237b5f7088d8bce1c82305ebefe1a70e3022dfd,256,256,15.0,2,150017072,0.021931966145833332,1024,0.0010359054426325165,0.02296787158846585,0.0007351309759542346,31.336353302001953,0.9451321959495544,12.60682487487793,0.26976579427719116,0.9312953948974609,31.32950782775879
ntscc_quality1,MSE,02.png,4f4b74a79237e311d72cad958237b5f7088d8bce1c82305ebefe1a70e3022dfd,256,256,15.0,3,150017073,0.021931966145833332,1024,0.0010359054426325165,0.02296787158846585,0.0007369527593255043,31.325605392456055,0.9446569681167603,12.569371223449707,0.26613399386405945,0.9304915070533752,31.31910514831543
ntscc_quality1,MSE,02.png,4f4b74a79237e311d72cad958237b5f7088d8bce1c82305ebefe1a70e3022dfd,256,256,15.0,4,150017074,0.021931966145833332,1024,0.0010359054426325165,0.02296787158846585,0.0007276491960510612,31.380779266357422,0.9448243975639343,12.58253002166748,0.2673022150993347,0.931185245513916,31.373510360717773
ntscc_quality1,MSE,02.png,4f4b74a79237e311d72cad958237b5f7088d8bce1c82305ebefe1a70e3022dfd,256,256,15.0,5,150017075,0.021931966145833332,1024,0.0010359054426325165,0.02296787158846585,0.0007322641904465854,31.353322982788086,0.9453224539756775,12.621910095214844,0.26814717054367065,0.931648850440979,31.34482192993164
ntscc_quality1,MSE,02.png,4f4b74a79237e311d72cad958237b5f7088d8bce1c82305ebefe1a70e3022dfd,256,256,15.0,6,150017076,0.021931966145833332,1024,0.0010359054426325165,0.02296787158846585,0.0007273945375345647,31.382301330566406,0.9450160264968872,12.597638130187988,0.2692115902900696,0.931268572807312,31.375577926635742
ntscc_quality1,MSE,02.png,4f4b74a79237e311d72cad958237b5f7088d8bce1c82305ebefe1a70e3022dfd,256,256,15.0,7,150017077,0.021931966145833332,1024,0.0010359054426325165,0.02296787158846585,0.0007304662140086293,31.36400032043457,0.9451369643211365,12.607202529907227,0.26415905356407166,0.9314633011817932,31.356706619262695
ntscc_quality1,MSE,02.png,4f4b74a79237e311d72cad958237b5f7088d8bce1c82305ebefe1a70e3022dfd,256,256,15.0,8,150017078,0.021931966145833332,1024,0.0010359054426325165,0.02296787158846585,0.0007416756707243621,31.29785919189453,0.9446643590927124,12.569951057434082,0.2680571377277374,0.9308216571807861,31.290103912353516
ntscc_quality1,MSE,02.png,4f4b74a79237e311d72cad958237b5f7088d8bce1c82305ebefe1a70e3022dfd,256,256,15.0,9,150017079,0.021931966145833332,1024,0.0010359054426325165,0.02296787158846585,0.0007362434407696128,31.32978630065918,0.9449199438095093,12.590056419372559,0.2671377658843994,0.9309356808662415,31.32173728942871
ntscc_quality1,MSE,03.png,e25ca1ff2f0c0cb5fdfd5f9b0a0bb21ac4c3de3c84a67f35b09a85d3306249db,256,256,15.0,0,150027070,0.0216064453125,1024,0.0010359054426325165,0.022642350755132518,0.0006214904133230448,32.06565475463867,0.9732599258422852,15.728374481201172,0.11419884860515594,0.9669155478477478,32.05662536621094
ntscc_quality1,MSE,03.png,e25ca1ff2f0c0cb5fdfd5f9b0a0bb21ac4c3de3c84a67f35b09a85d3306249db,256,256,15.0,1,150027071,0.0216064453125,1024,0.0010359054426325165,0.022642350755132518,0.0006238681962713599,32.049072265625,0.9727004766464233,15.638450622558594,0.11561635136604309,0.9661237597465515,32.03956985473633
ntscc_quality1,MSE,03.png,e25ca1ff2f0c0cb5fdfd5f9b0a0bb21ac4c3de3c84a67f35b09a85d3306249db,256,256,15.0,2,150027072,0.0216064453125,1024,0.0010359054426325165,0.022642350755132518,0.0006162938661873341,32.10212326049805,0.9731267690658569,15.706801414489746,0.11812563240528107,0.9667243361473083,32.093685150146484
ntscc_quality1,MSE,03.png,e25ca1ff2f0c0cb5fdfd5f9b0a0bb21ac4c3de3c84a67f35b09a85d3306249db,256,256,15.0,3,150027073,0.0216064453125,1024,0.0010359054426325165,0.022642350755132518,0.0006229106802493334,32.05574417114258,0.9727365374565125,15.644189834594727,0.11457670480012894,0.9663296937942505,32.045780181884766
ntscc_quality1,MSE,03.png,e25ca1ff2f0c0cb5fdfd5f9b0a0bb21ac4c3de3c84a67f35b09a85d3306249db,256,256,15.0,4,150027074,0.0216064453125,1024,0.0010359054426325165,0.022642350755132518,0.0006237260531634092,32.0500602722168,0.9729262590408325,15.674516677856445,0.11426149308681488,0.9664952754974365,32.040218353271484
ntscc_quality1,MSE,03.png,e25ca1ff2f0c0cb5fdfd5f9b0a0bb21ac4c3de3c84a67f35b09a85d3306249db,256,256,15.0,5,150027075,0.0216064453125,1024,0.0010359054426325165,0.022642350755132518,0.0006136537995189428,32.120765686035156,0.973778247833252,15.813383102416992,0.11330652236938477,0.9677748084068298,32.1131591796875
ntscc_quality1,MSE,03.png,e25ca1ff2f0c0cb5fdfd5f9b0a0bb21ac4c3de3c84a67f35b09a85d3306249db,256,256,15.0,6,150027076,0.0216064453125,1024,0.0010359054426325165,0.022642350755132518,0.0006136703304946423,32.12065124511719,0.973318338394165,15.737872123718262,0.11538807302713394,0.9671082496643066,32.11286926269531
ntscc_quality1,MSE,03.png,e25ca1ff2f0c0cb5fdfd5f9b0a0bb21ac4c3de3c84a67f35b09a85d3306249db,256,256,15.0,7,150027077,0.0216064453125,1024,0.0010359054426325165,0.022642350755132518,0.000610636081546545,32.14217758178711,0.973471999168396,15.762954711914062,0.11353486031293869,0.9675411581993103,32.13297653198242
ntscc_quality1,MSE,03.png,e25ca1ff2f0c0cb5fdfd5f9b0a0bb21ac4c3de3c84a67f35b09a85d3306249db,256,256,15.0,8,150027078,0.0216064453125,1024,0.0010359054426325165,0.022642350755132518,0.0006131185218691826,32.12455368041992,0.9734596610069275,15.760936737060547,0.11755106598138809,0.9674305319786072,32.11658477783203
ntscc_quality1,MSE,03.png,e25ca1ff2f0c0cb5fdfd5f9b0a0bb21ac4c3de3c84a67f35b09a85d3306249db,256,256,15.0,9,150027079,0.0216064453125,1024,0.0010359054426325165,0.022642350755132518,0.000619433936662972,32.080047607421875,0.9728747606277466,15.666265487670898,0.11581698805093765,0.9666265249252319,32.070068359375
ntscc_quality1,MSE,04.png,e3b946107c5d3441c022f678d0c3caf1e224d81b1604ba840a4f88e562de61aa,256,256,15.0,0,150037070,0.019571940104166668,1024,0.0010359054426325165,0.020607845546799185,0.00030067897750996053,35.218971252441406,0.9782697558403015,16.62935447692871,0.285542756319046,0.973527729511261,35.19989013671875
ntscc_quality1,MSE,04.png,e3b946107c5d3441c022f678d0c3caf1e224d81b1604ba840a4f88e562de61aa,256,256,15.0,1,150037071,0.019571940104166668,1024,0.0010359054426325165,0.020607845546799185,0.00030121367308311164,35.21125411987305,0.9783756136894226,16.650562286376953,0.28616058826446533,0.9737532734870911,35.194007873535156
ntscc_quality1,MSE,04.png,e3b946107c5d3441c022f678d0c3caf1e224d81b1604ba840a4f88e562de61aa,256,256,15.0,2,150037072,0.019571940104166668,1024,0.0010359054426325165,0.020607845546799185,0.0003131719131488353,35.042171478271484,0.9787775278091431,16.732040405273438,0.2830232083797455,0.9742400050163269,35.02349090576172
ntscc_quality1,MSE,04.png,e3b946107c5d3441c022f678d0c3caf1e224d81b1604ba840a4f88e562de61aa,256,256,15.0,3,150037073,0.019571940104166668,1024,0.0010359054426325165,0.020607845546799185,0.0003059443552047014,35.143577575683594,0.9785920977592468,16.694257736206055,0.2858933210372925,0.9740267395973206,35.12604522705078
ntscc_quality1,MSE,04.png,e3b946107c5d3441c022f678d0c3caf1e224d81b1604ba840a4f88e562de61aa,256,256,15.0,4,150037074,0.019571940104166668,1024,0.0010359054426325165,0.020607845546799185,0.0002981198485940695,35.2560920715332,0.9786624908447266,16.70856285095215,0.28281721472740173,0.9740565419197083,35.237918853759766
ntscc_quality1,MSE,04.png,e3b946107c5d3441c022f678d0c3caf1e224d81b1604ba840a4f88e562de61aa,256,256,15.0,5,150037075,0.019571940104166668,1024,0.0010359054426325165,0.020607845546799185,0.0003090243262704462,35.100074768066406,0.9785783290863037,16.69146728515625,0.2836137115955353,0.9739596843719482,35.07984924316406
ntscc_quality1,MSE,04.png,e3b946107c5d3441c022f678d0c3caf1e224d81b1604ba840a4f88e562de61aa,256,256,15.0,6,150037076,0.019571940104166668,1024,0.0010359054426325165,0.020607845546799185,0.00030098523711785674,35.21454620361328,0.9784998297691345,16.675582885742188,0.28681817650794983,0.973840057849884,35.19734573364258
ntscc_quality1,MSE,04.png,e3b946107c5d3441c022f678d0c3caf1e224d81b1604ba840a4f88e562de61aa,256,256,15.0,7,150037077,0.019571940104166668,1024,0.0010359054426325165,0.020607845546799185,0.00030894705560058355,35.101158142089844,0.9781445264816284,16.604398727416992,0.28760555386543274,0.9733747839927673,35.08348083496094
ntscc_quality1,MSE,04.png,e3b946107c5d3441c022f678d0c3caf1e224d81b1604ba840a4f88e562de61aa,256,256,15.0,8,150037078,0.019571940104166668,1024,0.0010359054426325165,0.020607845546799185,0.00030243591754697263,35.193668365478516,0.9785873293876648,16.69329071044922,0.2828660011291504,0.9740109443664551,35.17638397216797
ntscc_quality1,MSE,04.png,e3b946107c5d3441c022f678d0c3caf1e224d81b1604ba840a4f88e562de61aa,256,256,15.0,9,150037079,0.019571940104166668,1024,0.0010359054426325165,0.020607845546799185,0.00030772617901675403,35.11835479736328,0.9783386588096619,16.643146514892578,0.28358376026153564,0.9736621975898743,35.10012435913086
ntscc_quality1,MSE,05.png,10349e963c5c813d327852f82c1795fa4148d69fedffc4c589bee458e3ac3d53,256,256,15.0,0,150047070,0.033650716145833336,1024,0.0010359054426325165,0.03468662158846585,0.0024427033495157957,26.121292114257812,0.971012532711029,15.377897262573242,0.11793676018714905,0.9641064405441284,26.11905288696289
ntscc_quality1,MSE,05.png,10349e963c5c813d327852f82c1795fa4148d69fedffc4c589bee458e3ac3d53,256,256,15.0,1,150047071,0.033650716145833336,1024,0.0010359054426325165,0.03468662158846585,0.0024329719599336386,26.138629913330078,0.9710635542869568,15.385547637939453,0.11713637411594391,0.964042603969574,26.135677337646484
ntscc_quality1,MSE,05.png,10349e963c5c813d327852f82c1795fa4148d69fedffc4c589bee458e3ac3d53,256,256,15.0,2,150047072,0.033650716145833336,1024,0.0010359054426325165,0.03468662158846585,0.002479537157341838,26.056293487548828,0.9705106616020203,15.303349494934082,0.11876087635755539,0.963316023349762,26.053733825683594
ntscc_quality1,MSE,05.png,10349e963c5c813d327852f82c1795fa4148d69fedffc4c589bee458e3ac3d53,256,256,15.0,3,150047073,0.033650716145833336,1024,0.0010359054426325165,0.03468662158846585,0.0024531143717467785,26.102821350097656,0.9710958003997803,15.39039134979248,0.1169607937335968,0.9641615152359009,26.100568771362305
ntscc_quality1,MSE,05.png,10349e963c5c813d327852f82c1795fa4148d69fedffc4c589bee458e3ac3d53,256,256,15.0,4,150047074,0.033650716145833336,1024,0.0010359054426325165,0.03468662158846585,0.0024402164854109287,26.125717163085938,0.9714627265930176,15.445876121520996,0.11986415088176727,0.964636504650116,26.12332534790039
ntscc_quality1,MSE,05.png,10349e963c5c813d327852f82c1795fa4148d69fedffc4c589bee458e3ac3d53,256,256,15.0,5,150047075,0.033650716145833336,1024,0.0010359054426325165,0.03468662158846585,0.0024163308553397655,26.168437957763672,0.971712052822113,15.483985900878906,0.11285524815320969,0.9650649428367615,26.166141510009766
ntscc_quality1,MSE,05.png,10349e963c5c813d327852f82c1795fa4148d69fedffc4c589bee458e3ac3d53,256,256,15.0,6,150047076,0.033650716145833336,1024,0.0010359054426325165,0.03468662158846585,0.0024717270862311125,26.069995880126953,0.9713113307952881,15.422896385192871,0.11802387237548828,0.9644485712051392,26.068086624145508
ntscc_quality1,MSE,05.png,10349e963c5c813d327852f82c1795fa4148d69fedffc4c589bee458e3ac3d53,256,256,15.0,7,150047077,0.033650716145833336,1024,0.0010359054426325165,0.03468662158846585,0.00242951069958508,26.144811630249023,0.9713379144668579,15.426921844482422,0.11686001718044281,0.9644719958305359,26.14173698425293
ntscc_quality1,MSE,05.png,10349e963c5c813d327852f82c1795fa4148d69fedffc4c589bee458e3ac3d53,256,256,15.0,8,150047078,0.033650716145833336,1024,0.0010359054426325165,0.03468662158846585,0.0024576743599027395,26.094757080078125,0.9713587164878845,15.430074691772461,0.11713235825300217,0.9645124077796936,26.092491149902344
ntscc_quality1,MSE,05.png,10349e963c5c813d327852f82c1795fa4148d69fedffc4c589bee458e3ac3d53,256,256,15.0,9,150047079,0.033650716145833336,1024,0.0010359054426325165,0.03468662158846585,0.0024330997839570045,26.13840103149414,0.9712013602256775,15.406280517578125,0.11840144544839859,0.9641430974006653,26.136934280395508
ntscc_quality1,MSE,06.png,363510303b715d4cbc384e1ce227e466b613a09e1b71ae985882bf8e7fbd9b18,256,256,15.0,0,150057070,0.028483072916666668,1024,0.0010359054426325165,0.029518978359299185,0.0027018901892006397,25.683324813842773,0.9336239099502563,11.779882431030273,0.27732470631599426,0.9166091680526733,25.680627822875977
ntscc_quality1,MSE,06.png,363510303b715d4cbc384e1ce227e466b613a09e1b71ae985882bf8e7fbd9b18,256,256,15.0,1,150057071,0.028483072916666668,1024,0.0010359054426325165,0.029518978359299185,0.002695548813790083,25.69352912902832,0.9336409568786621,11.781000137329102,0.2721705734729767,0.9166314005851746,25.691078186035156
ntscc_quality1,MSE,06.png,363510303b715d4cbc384e1ce227e466b613a09e1b71ae985882bf8e7fbd9b18,256,256,15.0,2,150057072,0.028483072916666668,1024,0.0010359054426325165,0.029518978359299185,0.002689463784918189,25.703344345092773,0.9335283041000366,11.773633003234863,0.2780653238296509,0.9162633419036865,25.701072692871094
ntscc_quality1,MSE,06.png,363510303b715d4cbc384e1ce227e466b613a09e1b71ae985882bf8e7fbd9b18,256,256,15.0,3,150057073,0.028483072916666668,1024,0.0010359054426325165,0.029518978359299185,0.002701797289773822,25.6834716796875,0.933891236782074,11.797410011291504,0.2731301188468933,0.9170359373092651,25.68143653869629
ntscc_quality1,MSE,06.png,363510303b715d4cbc384e1ce227e466b613a09e1b71ae985882bf8e7fbd9b18,256,256,15.0,4,150057074,0.028483072916666668,1024,0.0010359054426325165,0.029518978359299185,0.002691038651391864,25.7007999420166,0.934123694896698,11.812707901000977,0.27014654874801636,0.9176266193389893,25.69835662841797
ntscc_quality1,MSE,06.png,363510303b715d4cbc384e1ce227e466b613a09e1b71ae985882bf8e7fbd9b18,256,256,15.0,5,150057075,0.028483072916666668,1024,0.0010359054426325165,0.029518978359299185,0.0026967469602823257,25.69159698486328,0.9338316917419434,11.793499946594238,0.27840176224708557,0.9171270728111267,25.68910789489746
ntscc_quality1,MSE,06.png,363510303b715d4cbc384e1ce227e466b613a09e1b71ae985882bf8e7fbd9b18,256,256,15.0,6,150057076,0.028483072916666668,1024,0.0010359054426325165,0.029518978359299185,0.002680703531950712,25.717514038085938,0.9342164993286133,11.818829536437988,0.2720603942871094,0.9172536730766296,25.715360641479492
ntscc_quality1,MSE,06.png,363510303b715d4cbc384e1ce227e466b613a09e1b71ae985882bf8e7fbd9b18,256,256,15.0,7,150057077,0.028483072916666668,1024,0.0010359054426325165,0.029518978359299185,0.0027089943177998066,25.671918869018555,0.9332301616668701,11.754197120666504,0.2798077464103699,0.9161785840988159,25.669681549072266
ntscc_quality1,MSE,06.png,363510303b715d4cbc384e1ce227e466b613a09e1b71ae985882bf8e7fbd9b18,256,256,15.0,8,150057078,0.028483072916666668,1024,0.0010359054426325165,0.029518978359299185,0.0026869033463299274,25.707481384277344,0.9343868494033813,11.83009147644043,0.2754530906677246,0.9174078702926636,25.70600128173828
ntscc_quality1,MSE,06.png,363510303b715d4cbc384e1ce227e466b613a09e1b71ae985882bf8e7fbd9b18,256,256,15.0,9,150057079,0.028483072916666668,1024,0.0010359054426325165,0.029518978359299185,0.0026987928431481123,25.688304901123047,0.9334487318992615,11.768436431884766,0.2770020365715027,0.9164108037948608,25.686233520507812
ntscc_quality1,MSE,07.png,b77d3f006f42414bb242222e0482e750c0fb9e5ee8d4bed2f6f11c5605fe54a4,256,256,15.0,0,150067070,0.02587890625,1024,0.0010359054426325165,0.026914811692632518,0.00098855746909976,30.04998207092285,0.9750639796257019,16.031728744506836,0.11501269787549973,0.9688766598701477,30.044897079467773
ntscc_quality1,MSE,07.png,b77d3f006f42414bb242222e0482e750c0fb9e5ee8d4bed2f6f11c5605fe54a4,256,256,15.0,1,150067071,0.02587890625,1024,0.0010359054426325165,0.026914811692632518,0.0009791062911972404,30.09170150756836,0.9754034876823425,16.091264724731445,0.11013002693653107,0.9693669676780701,30.08631134033203
ntscc_quality1,MSE,07.png,b77d3f006f42414bb242222e0482e750c0fb9e5ee8d4bed2f6f11c5605fe54a4,256,256,15.0,2,150067072,0.02587890625,1024,0.0010359054426325165,0.026914811692632518,0.000985373160801828,30.063993453979492,0.9751603007316589,16.04853630065918,0.11136266589164734,0.9689897298812866,30.059127807617188
ntscc_quality1,MSE,07.png,b77d3f006f42414bb242222e0482e750c0fb9e5ee8d4bed2f6f11c5605fe54a4,256,256,15.0,3,150067073,0.02587890625,1024,0.0010359054426325165,0.026914811692632518,0.0009866991313174367,30.05815315246582,0.974884033203125,16.00050163269043,0.111572265625,0.9686610102653503,30.051860809326172
ntscc_quality1,MSE,07.png,b77d3f006f42414bb242222e0482e750c0fb9e5ee8d4bed2f6f11c5605fe54a4,256,256,15.0,4,150067074,0.02587890625,1024,0.0010359054426325165,0.026914811692632518,0.0009922219906002283,30.033912658691406,0.9752227663993835,16.059471130371094,0.11094154417514801,0.969003438949585,30.027660369873047
ntscc_quality1,MSE,07.png,b77d3f006f42414bb242222e0482e750c0fb9e5ee8d4bed2f6f11c5605fe54a4,256,256,15.0,5,150067075,0.02587890625,1024,0.0010359054426325165,0.026914811692632518,0.0009880668949335814,30.05213737487793,0.9753230810165405,16.077091217041016,0.11149653047323227,0.9692353010177612,30.04590606689453
ntscc_quality1,MSE,07.png,b77d3f006f42414bb242222e0482e750c0fb9e5ee8d4bed2f6f11c5605fe54a4,256,256,15.0,6,150067076,0.02587890625,1024,0.0010359054426325165,0.026914811692632518,0.0009905081242322922,30.041419982910156,0.9750381708145142,16.027236938476562,0.11364127695560455,0.968756377696991,30.03667449951172
ntscc_quality1,MSE,07.png,b77d3f006f42414bb242222e0482e750c0fb9e5ee8d4bed2f6f11c5605fe54a4,256,256,15.0,7,150067077,0.02587890625,1024,0.0010359054426325165,0.026914811692632518,0.000991094158962369,30.038850784301758,0.9751097559928894,16.039709091186523,0.11203106492757797,0.9687068462371826,30.032384872436523
ntscc_quality1,MSE,07.png,b77d3f006f42414bb242222e0482e750c0fb9e5ee8d4bed2f6f11c5605fe54a4,256,256,15.0,8,150067078,0.02587890625,1024,0.0010359054426325165,0.026914811692632518,0.0010008005192503333,29.99652671813965,0.9750494956970215,16.029207229614258,0.11276109516620636,0.9688400626182556,29.990642547607422
ntscc_quality1,MSE,07.png,b77d3f006f42414bb242222e0482e750c0fb9e5ee8d4bed2f6f11c5605fe54a4,256,256,15.0,9,150067079,0.02587890625,1024,0.0010359054426325165,0.026914811692632518,0.0009924023179337382,30.033123016357422,0.9749769568443298,16.016599655151367,0.11149781197309494,0.968683660030365,30.027082443237305
ntscc_quality1,MSE,08.png,ba23983c76b4832ee0e8af0592664756841a16779acd69f792e268fb6d13d6e7,256,256,15.0,0,150077070,0.030029296875,1024,0.0010359054426325165,0.031065202317632518,0.0018202289938926697,27.398740768432617,0.9728463888168335,15.661725044250488,0.12957166135311127,0.9669060707092285,27.39577293395996
ntscc_quality1,MSE,08.png,ba23983c76b4832ee0e8af0592664756841a16779acd69f792e268fb6d13d6e7,256,256,15.0,1,150077071,0.030029296875,1024,0.0010359054426325165,0.031065202317632518,0.0018534744158387184,27.32013511657715,0.9725742340087891,15.618413925170898,0.13090190291404724,0.9664798378944397,27.31683349609375
ntscc_quality1,MSE,08.png,ba23983c76b4832ee0e8af0592664756841a16779acd69f792e268fb6d13d6e7,256,256,15.0,2,150077072,0.030029296875,1024,0.0010359054426325165,0.031065202317632518,0.0018576690927147865,27.31031608581543,0.9726858139038086,15.63611888885498,0.12640804052352905,0.9667643904685974,27.30768585205078
ntscc_quality1,MSE,08.png,ba23983c76b4832ee0e8af0592664756841a16779acd69f792e268fb6d13d6e7,256,256,15.0,3,150077073,0.030029296875,1024,0.0010359054426325165,0.031065202317632518,0.0018391944468021393,27.353723526000977,0.9727383852005005,15.644484519958496,0.12954634428024292,0.9669898152351379,27.3502254486084
ntscc_quality1,MSE,08.png,ba23983c76b4832ee0e8af0592664756841a16779acd69f792e268fb6d13d6e7,256,256,15.0,4,150077074,0.030029296875,1024,0.0010359054426325165,0.031065202317632518,0.0018562607001513243,27.31361198425293,0.9728135466575623,15.656475067138672,0.13127635419368744,0.9668455123901367,27.31165885925293
ntscc_quality1,MSE,08.png,ba23983c76b4832ee0e8af0592664756841a16779acd69f792e268fb6d13d6e7,256,256,15.0,5,150077075,0.030029296875,1024,0.0010359054426325165,0.031065202317632518,0.001861883094534278,27.300474166870117,0.9726254343986511,15.626527786254883,0.12956246733665466,0.9665635824203491,27.297183990478516
ntscc_quality1,MSE,08.png,ba23983c76b4832ee0e8af0592664756841a16779acd69f792e268fb6d13d6e7,256,256,15.0,6,150077076,0.030029296875,1024,0.0010359054426325165,0.031065202317632518,0.0018527198117226362,27.321903228759766,0.9726752638816833,15.634441375732422,0.13016800582408905,0.9666499495506287,27.318504333496094
ntscc_quality1,MSE,08.png,ba23983c76b4832ee0e8af0592664756841a16779acd69f792e268fb6d13d6e7,256,256,15.0,7,150077077,0.030029296875,1024,0.0010359054426325165,0.031065202317632518,0.0018460884457454085,27.337474822998047,0.9727506637573242,15.646440505981445,0.12666457891464233,0.9668883085250854,27.334959030151367
ntscc_quality1,MSE,08.png,ba23983c76b4832ee0e8af0592664756841a16779acd69f792e268fb6d13d6e7,256,256,15.0,8,150077078,0.030029296875,1024,0.0010359054426325165,0.031065202317632518,0.0018395920051261783,27.352787017822266,0.9729520082473755,15.67864990234375,0.1291947215795517,0.9670312404632568,27.34961700439453
ntscc_quality1,MSE,08.png,ba23983c76b4832ee0e8af0592664756841a16779acd69f792e268fb6d13d6e7,256,256,15.0,9,150077079,0.030029296875,1024,0.0010359054426325165,0.031065202317632518,0.0018450827337801456,27.339841842651367,0.9726945757865906,15.637511253356934,0.1263328492641449,0.9668061137199402,27.33686637878418
ntscc_quality1,MSE,09.png,6a4361c2fc194feb4edaa9f9a4a0620fb9943e460ac7fdf037fb0f6dd6607a7d,256,256,15.0,0,150087070,0.0216064453125,1024,0.0010359054426325165,0.022642350755132518,0.00040461320895701647,33.92959976196289,0.9821946024894714,17.494483947753906,0.11413725465536118,0.9780779480934143,33.91343688964844
ntscc_quality1,MSE,09.png,6a4361c2fc194feb4edaa9f9a4a0620fb9943e460ac7fdf037fb0f6dd6607a7d,256,256,15.0,1,150087071,0.0216064453125,1024,0.0010359054426325165,0.022642350755132518,0.0004051034338772297,33.924339294433594,0.9822098016738892,17.498191833496094,0.1160782054066658,0.9782060384750366,33.90846252441406
ntscc_quality1,MSE,09.png,6a4361c2fc194feb4edaa9f9a4a0620fb9943e460ac7fdf037fb0f6dd6607a7d,256,256,15.0,2,150087072,0.0216064453125,1024,0.0010359054426325165,0.022642350755132518,0.0004005970840808004,33.972923278808594,0.9821879863739014,17.492870330810547,0.11414453387260437,0.9781498312950134,33.9577522277832
ntscc_quality1,MSE,09.png,6a4361c2fc194feb4edaa9f9a4a0620fb9943e460ac7fdf037fb0f6dd6607a7d,256,256,15.0,3,150087073,0.0216064453125,1024,0.0010359054426325165,0.022642350755132518,0.0004070050490554422,33.90400314331055,0.9822123050689697,17.498802185058594,0.11436328291893005,0.978126585483551,33.89137268066406
ntscc_quality1,MSE,09.png,6a4361c2fc194feb4edaa9f9a4a0620fb9943e460ac7fdf037fb0f6dd6607a7d,256,256,15.0,4,150087074,0.0216064453125,1024,0.0010359054426325165,0.022642350755132518,0.00040015322156250477,33.97773742675781,0.9824537634849548,17.55816078186035,0.11405138671398163,0.9785061478614807,33.964744567871094
ntscc_quality1,MSE,09.png,6a4361c2fc194feb4edaa9f9a4a0620fb9943e460ac7fdf037fb0f6dd6607a7d,256,256,15.0,5,150087075,0.0216064453125,1024,0.0010359054426325165,0.022642350755132518,0.00041877315379679203,33.78021240234375,0.9822893142700195,17.51764678955078,0.11441527307033539,0.9782605171203613,33.76683807373047
ntscc_quality1,MSE,09.png,6a4361c2fc194feb4edaa9f9a4a0620fb9943e460ac7fdf037fb0f6dd6607a7d,256,256,15.0,6,150087076,0.0216064453125,1024,0.0010359054426325165,0.022642350755132518,0.000412294059060514,33.847930908203125,0.9821612238883972,17.48634910583496,0.1132090613245964,0.9780155420303345,33.83437728881836
ntscc_quality1,MSE,09.png,6a4361c2fc194feb4edaa9f9a4a0620fb9943e460ac7fdf037fb0f6dd6607a7d,256,256,15.0,7,150087077,0.0216064453125,1024,0.0010359054426325165,0.022642350755132518,0.00041277281707152724,33.842891693115234,0.9820224642753601,17.452699661254883,0.11516137421131134,0.9778037667274475,33.82762145996094
ntscc_quality1,MSE,09.png,6a4361c2fc194feb4edaa9f9a4a0620fb9943e460ac7fdf037fb0f6dd6607a7d,256,256,15.0,8,150087078,0.0216064453125,1024,0.0010359054426325165,0.022642350755132518,0.0004041050560772419,33.93505859375,0.9822736978530884,17.513818740844727,0.11537735164165497,0.9782647490501404,33.9232292175293
ntscc_quality1,MSE,09.png,6a4361c2fc194feb4edaa9f9a4a0620fb9943e460ac7fdf037fb0f6dd6607a7d,256,256,15.0,9,150087079,0.0216064453125,1024,0.0010359054426325165,0.022642350755132518,0.0003964646894019097,34.01795196533203,0.9824216365814209,17.550216674804688,0.11513402312994003,0.9784098863601685,34.00140380859375
ntscc_quality1,MSE,10.png,9dfb70f5867c29ff9ed6313683f19b3d867849e40fbc0c4c54a4a89df341cf23,256,256,15.0,0,150097070,0.0194091796875,1024,0.0010359054426325165,0.020445085130132518,0.0002704766229726374,35.678707122802734,0.975984513759613,16.195085525512695,0.21075721085071564,0.9698660969734192,35.658409118652344
ntscc_quality1,MSE,10.png,9dfb70f5867c29ff9ed6313683f19b3d867849e40fbc0c4c54a4a89df341cf23,256,256,15.0,1,150097071,0.0194091796875,1024,0.0010359054426325165,0.020445085130132518,0.00026868388522416353,35.707584381103516,0.9758085608482361,16.16338348388672,0.20948480069637299,0.9697200655937195,35.6865234375
ntscc_quality1,MSE,10.png,9dfb70f5867c29ff9ed6313683f19b3d867849e40fbc0c4c54a4a89df341cf23,256,256,15.0,2,150097072,0.0194091796875,1024,0.0010359054426325165,0.020445085130132518,0.00027246642275713384,35.646873474121094,0.9758222103118896,16.165834426879883,0.21145594120025635,0.9695079326629639,35.6267204284668
ntscc_quality1,MSE,10.png,9dfb70f5867c29ff9ed6313683f19b3d867849e40fbc0c4c54a4a89df341cf23,256,256,15.0,3,150097073,0.0194091796875,1024,0.0010359054426325165,0.020445085130132518,0.00026754284044727683,35.72606658935547,0.975869357585907,16.174312591552734,0.21288983523845673,0.9696765542030334,35.70610427856445
ntscc_quality1,MSE,10.png,9dfb70f5867c29ff9ed6313683f19b3d867849e40fbc0c4c54a4a89df341cf23,256,256,15.0,4,150097074,0.0194091796875,1024,0.0010359054426325165,0.020445085130132518,0.0002685412182472646,35.70989227294922,0.97585129737854,16.171062469482422,0.21146833896636963,0.9697133898735046,35.68793869018555
ntscc_quality1,MSE,10.png,9dfb70f5867c29ff9ed6313683f19b3d867849e40fbc0c4c54a4a89df341cf23,256,256,15.0,5,150097075,0.0194091796875,1024,0.0010359054426325165,0.020445085130132518,0.00027238039183430374,35.64824295043945,0.9757367372512817,16.150508880615234,0.20963069796562195,0.9693654775619507,35.62841796875
ntscc_quality1,MSE,10.png,9dfb70f5867c29ff9ed6313683f19b3d867849e40fbc0c4c54a4a89df341cf23,256,256,15.0,6,150097076,0.0194091796875,1024,0.0010359054426325165,0.020445085130132518,0.0002659704477991909,35.75166702270508,0.975822925567627,16.16596221923828,0.20892387628555298,0.9695990681648254,35.730403900146484
ntscc_quality1,MSE,10.png,9dfb70f5867c29ff9ed6313683f19b3d867849e40fbc0c4c54a4a89df341cf23,256,256,15.0,7,150097077,0.0194091796875,1024,0.0010359054426325165,0.020445085130132518,0.00026897454517893493,35.70288848876953,0.9760236740112305,16.20217514038086,0.20844300091266632,0.9698682427406311,35.68144989013672
ntscc_quality1,MSE,10.png,9dfb70f5867c29ff9ed6313683f19b3d867849e40fbc0c4c54a4a89df341cf23,256,256,15.0,8,150097078,0.0194091796875,1024,0.0010359054426325165,0.020445085130132518,0.0002735429152380675,35.62974548339844,0.9759844541549683,16.19507598876953,0.21161958575248718,0.9697986245155334,35.611228942871094
ntscc_quality1,MSE,10.png,9dfb70f5867c29ff9ed6313683f19b3d867849e40fbc0c4c54a4a89df341cf23,256,256,15.0,9,150097079,0.0194091796875,1024,0.0010359054426325165,0.020445085130132518,0.00027598236920312047,35.5911865234375,0.9753265380859375,16.077699661254883,0.21510225534439087,0.968981146812439,35.56852340698242
ntscc_quality1,MSE,11.png,7936814b58b5387fce2e4e2488b4ec830dadd95fa9520f358ddb30990b50f2b6,256,256,15.0,0,150107070,0.029541015625,1024,0.0010359054426325165,0.030576921067632518,0.0024940860457718372,26.030885696411133,0.9564732313156128,13.612436294555664,0.21400360763072968,0.947559118270874,26.02863121032715
ntscc_quality1,MSE,11.png,7936814b58b5387fce2e4e2488b4ec830dadd95fa9520f358ddb30990b50f2b6,256,256,15.0,1,150107071,0.029541015625,1024,0.0010359054426325165,0.030576921067632518,0.002521348185837269,25.983673095703125,0.9565405249595642,13.619155883789062,0.21737831830978394,0.9475017189979553,25.98142433166504
ntscc_quality1,MSE,11.png,7936814b58b5387fce2e4e2488b4ec830dadd95fa9520f358ddb30990b50f2b6,256,256,15.0,2,150107072,0.029541015625,1024,0.0010359054426325165,0.030576921067632518,0.002503391355276108,26.014713287353516,0.9562069773674011,13.58595085144043,0.22147107124328613,0.947192370891571,26.012475967407227
ntscc_quality1,MSE,11.png,7936814b58b5387fce2e4e2488b4ec830dadd95fa9520f358ddb30990b50f2b6,256,256,15.0,3,150107073,0.029541015625,1024,0.0010359054426325165,0.030576921067632518,0.0025125076062977314,25.998926162719727,0.9560936689376831,13.574728965759277,0.2216624915599823,0.9470735788345337,25.99687385559082
ntscc_quality1,MSE,11.png,7936814b58b5387fce2e4e2488b4ec830dadd95fa9520f358ddb30990b50f2b6,256,256,15.0,4,150107074,0.029541015625,1024,0.0010359054426325165,0.030576921067632518,0.002499606693163514,26.021286010742188,0.9563753008842468,13.602676391601562,0.22107787430286407,0.9474653601646423,26.018600463867188
ntscc_quality1,MSE,11.png,7936814b58b5387fce2e4e2488b4ec830dadd95fa9520f358ddb30990b50f2b6,256,256,15.0,5,150107075,0.029541015625,1024,0.0010359054426325165,0.030576921067632518,0.0024988336954265833,26.022624969482422,0.9557790160179138,13.543715476989746,0.2196667343378067,0.9465827345848083,26.020267486572266
ntscc_quality1,MSE,11.png,7936814b58b5387fce2e4e2488b4ec830dadd95fa9520f358ddb30990b50f2b6,256,256,15.0,6,150107076,0.029541015625,1024,0.0010359054426325165,0.030576921067632518,0.002502669347450137,26.015966415405273,0.9558529853820801,13.550987243652344,0.21713033318519592,0.9468294382095337,26.012792587280273
ntscc_quality1,MSE,11.png,7936814b58b5387fce2e4e2488b4ec830dadd95fa9520f358ddb30990b50f2b6,256,256,15.0,7,150107077,0.029541015625,1024,0.0010359054426325165,0.030576921067632518,0.0024990944657474756,26.022174835205078,0.9564657211303711,13.611687660217285,0.21744541823863983,0.9474199414253235,26.020275115966797
ntscc_quality1,MSE,11.png,7936814b58b5387fce2e4e2488b4ec830dadd95fa9520f358ddb30990b50f2b6,256,256,15.0,8,150107078,0.029541015625,1024,0.0010359054426325165,0.030576921067632518,0.0025151344016194344,25.994386672973633,0.9558748602867126,13.553138732910156,0.2170371264219284,0.9467467665672302,25.992116928100586
ntscc_quality1,MSE,11.png,7936814b58b5387fce2e4e2488b4ec830dadd95fa9520f358ddb30990b50f2b6,256,256,15.0,9,150107079,0.029541015625,1024,0.0010359054426325165,0.030576921067632518,0.002507220022380352,26.008075714111328,0.9562101364135742,13.586263656616211,0.22069264948368073,0.9473347663879395,26.006351470947266
ntscc_quality1,MSE,12.png,d78c37c2f04f23761ed2367dd77e2db584ddd4c3950833fecf89f199a8126980,256,256,15.0,0,150117070,0.023111979166666668,1024,0.0010359054426325165,0.024147884609299185,0.0008084875298663974,30.923267364501953,0.9506796598434448,13.06973934173584,0.21651208400726318,0.9398922920227051,30.91646957397461
ntscc_quality1,MSE,12.png,d78c37c2f04f23761ed2367dd77e2db584ddd4c3950833fecf89f199a8126980,256,256,15.0,1,150117071,0.023111979166666668,1024,0.0010359054426325165,0.024147884609299185,0.0008110174676403403,30.909698486328125,0.9513633251190186,13.130361557006836,0.21139630675315857,0.9406188130378723,30.901689529418945
ntscc_quality1,MSE,12.png,d78c37c2f04f23761ed2367dd77e2db584ddd4c3950833fecf89f199a8126980,256,256,15.0,2,150117072,0.023111979166666668,1024,0.0010359054426325165,0.024147884609299185,0.0008063917048275471,30.934541702270508,0.9509846568107605,13.0966796875,0.20901094377040863,0.9403634071350098,30.927217483520508
ntscc_quality1,MSE,12.png,d78c37c2f04f23761ed2367dd77e2db584ddd4c3950833fecf89f199a8126980,256,256,15.0,3,150117073,0.023111979166666668,1024,0.0010359054426325165,0.024147884609299185,0.0008061243570409715,30.935977935791016,0.9516019821166992,13.151723861694336,0.21076814830303192,0.9409275054931641,30.929141998291016
ntscc_quality1,MSE,12.png,d78c37c2f04f23761ed2367dd77e2db584ddd4c3950833fecf89f199a8126980,256,256,15.0,4,150117074,0.023111979166666668,1024,0.0010359054426325165,0.024147884609299185,0.0008060436230152845,30.93641471862793,0.9518247842788696,13.17176342010498,0.21292680501937866,0.9412051439285278,30.929485321044922
ntscc_quality1,MSE,12.png,d78c37c2f04f23761ed2367dd77e2db584ddd4c3950833fecf89f199a8126980,256,256,15.0,5,150117075,0.023111979166666668,1024,0.0010359054426325165,0.024147884609299185,0.0007993783801794052,30.972476959228516,0.9518076777458191,13.170222282409668,0.21311315894126892,0.9415877461433411,30.965682983398438
ntscc_quality1,MSE,12.png,d78c37c2f04f23761ed2367dd77e2db584ddd4c3950833fecf89f199a8126980,256,256,15.0,6,150117076,0.023111979166666668,1024,0.0010359054426325165,0.024147884609299185,0.0008075949153862894,30.92806625366211,0.9511679410934448,13.11294937133789,0.2156202495098114,0.9404623508453369,30.92062759399414
ntscc_quality1,MSE,12.png,d78c37c2f04f23761ed2367dd77e2db584ddd4c3950833fecf89f199a8126980,256,256,15.0,7,150117077,0.023111979166666668,1024,0.0010359054426325165,0.024147884609299185,0.0007987050339579582,30.97613525390625,0.9513039588928223,13.125064849853516,0.2148647904396057,0.9406177401542664,30.969051361083984
ntscc_quality1,MSE,12.png,d78c37c2f04f23761ed2367dd77e2db584ddd4c3950833fecf89f199a8126980,256,256,15.0,8,150117078,0.023111979166666668,1024,0.0010359054426325165,0.024147884609299185,0.000797139247879386,30.98465919494629,0.9515471458435059,13.146806716918945,0.21213795244693756,0.9410188794136047,30.978479385375977
ntscc_quality1,MSE,12.png,d78c37c2f04f23761ed2367dd77e2db584ddd4c3950833fecf89f199a8126980,256,256,15.0,9,150117079,0.023111979166666668,1024,0.0010359054426325165,0.024147884609299185,0.0007945100078359246,30.999008178710938,0.9512171745300293,13.117330551147461,0.21529224514961243,0.9405783414840698,30.991456985473633
ntscc_quality1,MSE,13.png,bc34a3ce58dea09dce1704c997171602de90cb34d0c8503a988b77f473d39b08,256,256,15.0,0,150127070,0.029866536458333332,1024,0.0010359054426325165,0.03090244190096585,0.003911196254193783,24.076904296875,0.9196133017539978,10.94815731048584,0.44916605949401855,0.9030559062957764,24.07597541809082
ntscc_quality1,MSE,13.png,bc34a3ce58dea09dce1704c997171602de90cb34d0c8503a988b77f473d39b08,256,256,15.0,1,150127071,0.029866536458333332,1024,0.0010359054426325165,0.03090244190096585,0.003912819549441338,24.075103759765625,0.9190891981124878,10.919934272766113,0.4433007836341858,0.9022455215454102,24.07394790649414
ntscc_quality1,MSE,13.png,bc34a3ce58dea09dce1704c997171602de90cb34d0c8503a988b77f473d39b08,256,256,15.0,2,150127072,0.029866536458333332,1024,0.0010359054426325165,0.03090244190096585,0.003920095972716808,24.067035675048828,0.9192180037498474,10.926855087280273,0.4468441605567932,0.9028493165969849,24.06549072265625
ntscc_quality1,MSE,13.png,bc34a3ce58dea09dce1704c997171602de90cb34d0c8503a988b77f473d39b08,256,256,15.0,3,150127073,0.029866536458333332,1024,0.0010359054426325165,0.03090244190096585,0.003923451062291861,24.06332015991211,0.9195507764816284,10.944781303405762,0.4468856751918793,0.9031592607498169,24.062191009521484
ntscc_quality1,MSE,13.png,bc34a3ce58dea09dce1704c997171602de90cb34d0c8503a988b77f473d39b08,256,256,15.0,4,150127074,0.029866536458333332,1024,0.0010359054426325165,0.03090244190096585,0.0039064716547727585,24.0821533203125,0.9191575050354004,10.923604011535645,0.45019465684890747,0.9027701020240784,24.08062744140625
ntscc_quality1,MSE,13.png,bc34a3ce58dea09dce1704c997171602de90cb34d0c8503a988b77f473d39b08,256,256,15.0,5,150127075,0.029866536458333332,1024,0.0010359054426325165,0.03090244190096585,0.0039275577291846275,24.05877685546875,0.9190267324447632,10.916584014892578,0.45383888483047485,0.9023969769477844,24.057445526123047
ntscc_quality1,MSE,13.png,bc34a3ce58dea09dce1704c997171602de90cb34d0c8503a988b77f473d39b08,256,256,15.0,6,150127076,0.029866536458333332,1024,0.0010359054426325165,0.03090244190096585,0.003917350433766842,24.07007598876953,0.9192366600036621,10.927857398986816,0.45409056544303894,0.902611494064331,24.068471908569336
ntscc_quality1,MSE,13.png,bc34a3ce58dea09dce1704c997171602de90cb34d0c8503a988b77f473d39b08,256,256,15.0,7,150127077,0.029866536458333332,1024,0.0010359054426325165,0.03090244190096585,0.003917926922440529,24.069435119628906,0.9193968772888184,10.936480522155762,0.44425705075263977,0.9025865793228149,24.067523956298828
ntscc_quality1,MSE,13.png,bc34a3ce58dea09dce1704c997171602de90cb34d0c8503a988b77f473d39b08,256,256,15.0,8,150127078,0.029866536458333332,1024,0.0010359054426325165,0.03090244190096585,0.003912867978215218,24.075048446655273,0.919694185256958,10.952530860900879,0.45410943031311035,0.9033051133155823,24.074134826660156
ntscc_quality1,MSE,13.png,bc34a3ce58dea09dce1704c997171602de90cb34d0c8503a988b77f473d39b08,256,256,15.0,9,150127079,0.029866536458333332,1024,0.0010359054426325165,0.03090244190096585,0.003914395347237587,24.073354721069336,0.9195702075958252,10.945831298828125,0.4456011652946472,0.9030808210372925,24.070932388305664
ntscc_quality1,MSE,14.png,55a94550ff18f3246c4074fd32b77b0c74447c26b6ad274d564d999c0450ba6e,256,256,15.0,0,150137070,0.02978515625,1024,0.0010359054426325165,0.030821061692632518,0.0020241551101207733,26.937562942504883,0.9605951309204102,14.044502258300781,0.17014144361019135,0.9520358443260193,26.934833526611328
ntscc_quality1,MSE,14.png,55a94550ff18f3246c4074fd32b77b0c74447c26b6ad274d564d999c0450ba6e,256,256,15.0,1,150137071,0.02978515625,1024,0.0010359054426325165,0.030821061692632518,0.00206272816285491,26.855581283569336,0.9602500200271606,14.006631851196289,0.16794225573539734,0.9515070915222168,26.85298728942871
ntscc_quality1,MSE,14.png,55a94550ff18f3246c4074fd32b77b0c74447c26b6ad274d564d999c0450ba6e,256,256,15.0,2,150137072,0.02978515625,1024,0.0010359054426325165,0.030821061692632518,0.002051952760666609,26.878328323364258,0.9601633548736572,13.997173309326172,0.17478911578655243,0.9512751698493958,26.87547492980957
ntscc_quality1,MSE,14.png,55a94550ff18f3246c4074fd32b77b0c74447c26b6ad274d564d999c0450ba6e,256,256,15.0,3,150137073,0.02978515625,1024,0.0010359054426325165,0.030821061692632518,0.0020205331966280937,26.945341110229492,0.9613315463066101,14.126432418823242,0.17080868780612946,0.9528571367263794,26.94196319580078
ntscc_quality1,MSE,14.png,55a94550ff18f3246c4074fd32b77b0c74447c26b6ad274d564d999c0450ba6e,256,256,15.0,4,150137074,0.02978515625,1024,0.0010359054426325165,0.030821061692632518,0.0020613474771380424,26.85848617553711,0.9603894948959351,14.021896362304688,0.16927523910999298,0.9515303373336792,26.85594940185547
ntscc_quality1,MSE,14.png,55a94550ff18f3246c4074fd32b77b0c74447c26b6ad274d564d999c0450ba6e,256,256,15.0,5,150137075,0.02978515625,1024,0.0010359054426325165,0.030821061692632518,0.0020566906314343214,26.868309020996094,0.9597994685173035,13.957682609558105,0.1741853654384613,0.9509499669075012,26.86680030822754
ntscc_quality1,MSE,14.png,55a94550ff18f3246c4074fd32b77b0c74447c26b6ad274d564d999c0450ba6e,256,256,15.0,6,150137076,0.02978515625,1024,0.0010359054426325165,0.030821061692632518,0.0020609053317457438,26.859418869018555,0.9602477550506592,14.00638484954834,0.17012043297290802,0.9513182044029236,26.855365753173828
ntscc_quality1,MSE,14.png,55a94550ff18f3246c4074fd32b77b0c74447c26b6ad274d564d999c0450ba6e,256,256,15.0,7,150137077,0.02978515625,1024,0.0010359054426325165,0.030821061692632518,0.0020441520027816296,26.89487075805664,0.960543155670166,14.038777351379395,0.17295432090759277,0.9518263339996338,26.892194747924805
ntscc_quality1,MSE,14.png,55a94550ff18f3246c4074fd32b77b0c74447c26b6ad274d564d999c0450ba6e,256,256,15.0,8,150137078,0.02978515625,1024,0.0010359054426325165,0.030821061692632518,0.0020499099045991898,26.882652282714844,0.960436999797821,14.027108192443848,0.17146652936935425,0.9516308307647705,26.880260467529297
ntscc_quality1,MSE,14.png,55a94550ff18f3246c4074fd32b77b0c74447c26b6ad274d564d999c0450ba6e,256,256,15.0,9,150137079,0.02978515625,1024,0.0010359054426325165,0.030821061692632518,0.002045824658125639,26.891315460205078,0.9603056907653809,14.012718200683594,0.17091605067253113,0.9516633152961731,26.888206481933594
ntscc_quality1,MSE,15.png,7538cbb80cb9103606c48b806eae57d56c885c7f90b9b3be70a41160f9cbb683,256,256,15.0,0,150147070,0.023193359375,1024,0.0010359054426325165,0.024229264817632518,0.0009519352461211383,30.213926315307617,0.9618140459060669,14.180964469909668,0.28049296140670776,0.9541767239570618,30.207969665527344
ntscc_quality1,MSE,15.png,7538cbb80cb9103606c48b806eae57d56c885c7f90b9b3be70a41160f9cbb683,256,256,15.0,1,150147071,0.023193359375,1024,0.0010359054426325165,0.024229264817632518,0.0009531653486192226,30.20831871032715,0.9618275165557861,14.182496070861816,0.2863117754459381,0.9540382623672485,30.20282554626465
ntscc_quality1,MSE,15.png,7538cbb80cb9103606c48b806eae57d56c885c7f90b9b3be70a41160f9cbb683,256,256,15.0,2,150147072,0.023193359375,1024,0.0010359054426325165,0.024229264817632518,0.0009637946495786309,30.160158157348633,0.9613119959831238,14.124237060546875,0.2841746509075165,0.9534438252449036,30.154325485229492
ntscc_quality1,MSE,15.png,7538cbb80cb9103606c48b806eae57d56c885c7f90b9b3be70a41160f9cbb683,256,256,15.0,3,150147073,0.023193359375,1024,0.0010359054426325165,0.024229264817632518,0.0009925637859851122,30.03241539001465,0.960975170135498,14.086589813232422,0.2855381369590759,0.9529286623001099,30.025577545166016
ntscc_quality1,MSE,15.png,7538cbb80cb9103606c48b806eae57d56c885c7f90b9b3be70a41160f9cbb683,256,256,15.0,4,150147074,0.023193359375,1024,0.0010359054426325165,0.024229264817632518,0.00095528201200068,30.198686599731445,0.9612958431243896,14.122424125671387,0.2828441262245178,0.953385591506958,30.19411277770996
ntscc_quality1,MSE,15.png,7538cbb80cb9103606c48b806eae57d56c885c7f90b9b3be70a41160f9cbb683,256,256,15.0,5,150147075,0.023193359375,1024,0.0010359054426325165,0.024229264817632518,0.000957696873228997,30.187719345092773,0.9611701965332031,14.10834789276123,0.2866789698600769,0.9533156752586365,30.18204689025879
ntscc_quality1,MSE,15.png,7538cbb80cb9103606c48b806eae57d56c885c7f90b9b3be70a41160f9cbb683,256,256,15.0,6,150147076,0.023193359375,1024,0.0010359054426325165,0.024229264817632518,0.0009642620570957661,30.158050537109375,0.9609431028366089,14.083023071289062,0.2842734456062317,0.9530216455459595,30.150297164916992
ntscc_quality1,MSE,15.png,7538cbb80cb9103606c48b806eae57d56c885c7f90b9b3be70a41160f9cbb683,256,256,15.0,7,150147077,0.023193359375,1024,0.0010359054426325165,0.024229264817632518,0.0009690262377262115,30.13664436340332,0.9612189531326294,14.113805770874023,0.2870430648326874,0.9533365964889526,30.130817413330078
ntscc_quality1,MSE,15.png,7538cbb80cb9103606c48b806eae57d56c885c7f90b9b3be70a41160f9cbb683,256,256,15.0,8,150147078,0.023193359375,1024,0.0010359054426325165,0.024229264817632518,0.0009730192832648754,30.11878776550293,0.9615477323532104,14.15078067779541,0.28508076071739197,0.9537928104400635,30.113510131835938
ntscc_quality1,MSE,15.png,7538cbb80cb9103606c48b806eae57d56c885c7f90b9b3be70a41160f9cbb683,256,256,15.0,9,150147079,0.023193359375,1024,0.0010359054426325165,0.024229264817632518,0.0009651914006099105,30.153867721557617,0.9610140323638916,14.090917587280273,0.2876602113246918,0.953031063079834,30.14810562133789
ntscc_quality1,MSE,16.png,a89c7268ccd4718ba424a99fc4643c572cf692ca6eae887185ceb4e9f11d2e54,256,256,15.0,0,150157070,0.021525065104166668,1024,0.0010359054426325165,0.022560970546799185,0.000980097334831953,30.087308883666992,0.9515109062194824,13.143559455871582,0.2740178108215332,0.9410236477851868,30.08073616027832
ntscc_quality1,MSE,16.png,a89c7268ccd4718ba424a99fc4643c572cf692ca6eae887185ceb4e9f11d2e54,256,256,15.0,1,150157071,0.021525065104166668,1024,0.0010359054426325165,0.022560970546799185,0.0009745669085532427,30.11188507080078,0.9518251419067383,13.171795845031738,0.2703169584274292,0.9416610598564148,30.1071834564209
ntscc_quality1,MSE,16.png,a89c7268ccd4718ba424a99fc4643c572cf692ca6eae887185ceb4e9f11d2e54,256,256,15.0,2,150157072,0.021525065104166668,1024,0.0010359054426325165,0.022560970546799185,0.0009766330476850271,30.10268783569336,0.9524732828140259,13.230621337890625,0.26824405789375305,0.9422982931137085,30.096729278564453
ntscc_quality1,MSE,16.png,a89c7268ccd4718ba424a99fc4643c572cf692ca6eae887185ceb4e9f11d2e54,256,256,15.0,3,150157073,0.021525065104166668,1024,0.0010359054426325165,0.022560970546799185,0.0009744282579049468,30.112503051757812,0.9524164199829102,13.22542953491211,0.2680029273033142,0.942234456539154,30.106136322021484
ntscc_quality1,MSE,16.png,a89c7268ccd4718ba424a99fc4643c572cf692ca6eae887185ceb4e9f11d2e54,256,256,15.0,4,150157074,0.021525065104166668,1024,0.0010359054426325165,0.022560970546799185,0.0009793973295018077,30.090410232543945,0.9523982405662537,13.223771095275879,0.2673942446708679,0.9423555135726929,30.0852108001709
ntscc_quality1,MSE,16.png,a89c7268ccd4718ba424a99fc4643c572cf692ca6eae887185ceb4e9f11d2e54,256,256,15.0,5,150157075,0.021525065104166668,1024,0.0010359054426325165,0.022560970546799185,0.0009747266303747892,30.11117172241211,0.9523569941520691,13.220008850097656,0.26525580883026123,0.9423542618751526,30.105026245117188
ntscc_quality1,MSE,16.png,a89c7268ccd4718ba424a99fc4643c572cf692ca6eae887185ceb4e9f11d2e54,256,256,15.0,6,150157076,0.021525065104166668,1024,0.0010359054426325165,0.022560970546799185,0.000979062169790268,30.09189796447754,0.9518692493438721,13.175773620605469,0.2724917531013489,0.9415520429611206,30.08709716796875
ntscc_quality1,MSE,16.png,a89c7268ccd4718ba424a99fc4643c572cf692ca6eae887185ceb4e9f11d2e54,256,256,15.0,7,150157077,0.021525065104166668,1024,0.0010359054426325165,0.022560970546799185,0.0009797803359106183,30.088712692260742,0.9526104927062988,13.243179321289062,0.2670087516307831,0.9425721168518066,30.08265495300293
ntscc_quality1,MSE,16.png,a89c7268ccd4718ba424a99fc4643c572cf692ca6eae887185ceb4e9f11d2e54,256,256,15.0,8,150157078,0.021525065104166668,1024,0.0010359054426325165,0.022560970546799185,0.000978971365839243,30.09229850769043,0.9524809122085571,13.231319427490234,0.26811403036117554,0.9423773288726807,30.08664894104004
ntscc_quality1,MSE,16.png,a89c7268ccd4718ba424a99fc4643c572cf692ca6eae887185ceb4e9f11d2e54,256,256,15.0,9,150157079,0.021525065104166668,1024,0.0010359054426325165,0.022560970546799185,0.000982774654403329,30.075462341308594,0.9520346522331238,13.190725326538086,0.26818686723709106,0.9418218731880188,30.069976806640625
ntscc_quality1,MSE,17.png,37afcc89fbdcb76d9518e04b2fc011027e2f4cd14b3b2f83cefd721641a47c5b,256,256,15.0,0,150167070,0.023681640625,1024,0.0010359054426325165,0.024717546067632518,0.0006548174424096942,31.83879852294922,0.9738461971282959,15.824651718139648,0.19669833779335022,0.9683367013931274,31.829971313476562
ntscc_quality1,MSE,17.png,37afcc89fbdcb76d9518e04b2fc011027e2f4cd14b3b2f83cefd721641a47c5b,256,256,15.0,1,150167071,0.023681640625,1024,0.0010359054426325165,0.024717546067632518,0.0006554954452440143,31.834304809570312,0.9738776087760925,15.829872131347656,0.19932040572166443,0.968368411064148,31.82511329650879
ntscc_quality1,MSE,17.png,37afcc89fbdcb76d9518e04b2fc011027e2f4cd14b3b2f83cefd721641a47c5b,256,256,15.0,2,150167072,0.023681640625,1024,0.0010359054426325165,0.024717546067632518,0.0006452761590480804,31.902544021606445,0.9738580584526062,15.826622009277344,0.19759303331375122,0.9683136343955994,31.893556594848633
ntscc_quality1,MSE,17.png,37afcc89fbdcb76d9518e04b2fc011027e2f4cd14b3b2f83cefd721641a47c5b,256,256,15.0,3,150167073,0.023681640625,1024,0.0010359054426325165,0.024717546067632518,0.0006467533530667424,31.892614364624023,0.9741646647453308,15.87785816192627,0.19396041333675385,0.9687240123748779,31.88338279724121
ntscc_quality1,MSE,17.png,37afcc89fbdcb76d9518e04b2fc011027e2f4cd14b3b2f83cefd721641a47c5b,256,256,15.0,4,150167074,0.023681640625,1024,0.0010359054426325165,0.024717546067632518,0.0006521425675600767,31.85657501220703,0.9739530086517334,15.842424392700195,0.20035353302955627,0.9684119820594788,31.848190307617188
ntscc_quality1,MSE,17.png,37afcc89fbdcb76d9518e04b2fc011027e2f4cd14b3b2f83cefd721641a47c5b,256,256,15.0,5,150167075,0.023681640625,1024,0.0010359054426325165,0.024717546067632518,0.00064957479480654,31.873706817626953,0.973821759223938,15.820596694946289,0.1972510814666748,0.9682757258415222,31.8653507232666
ntscc_quality1,MSE,17.png,37afcc89fbdcb76d9518e04b2fc011027e2f4cd14b3b2f83cefd721641a47c5b,256,256,15.0,6,150167076,0.023681640625,1024,0.0010359054426325165,0.024717546067632518,0.0006540431641042233,31.843936920166016,0.9734097719192505,15.75278091430664,0.1991712749004364,0.9678731560707092,31.834680557250977
ntscc_quality1,MSE,17.png,37afcc89fbdcb76d9518e04b2fc011027e2f4cd14b3b2f83cefd721641a47c5b,256,256,15.0,7,150167077,0.023681640625,1024,0.0010359054426325165,0.024717546067632518,0.0006483527831733227,31.881885528564453,0.9740856885910034,15.864603042602539,0.19841375946998596,0.9687132239341736,31.873615264892578
ntscc_quality1,MSE,17.png,37afcc89fbdcb76d9518e04b2fc011027e2f4cd14b3b2f83cefd721641a47c5b,256,256,15.0,8,150167078,0.023681640625,1024,0.0010359054426325165,0.024717546067632518,0.0006482582539319992,31.882518768310547,0.9740782976150513,15.863365173339844,0.19750705361366272,0.9686657786369324,31.873929977416992
ntscc_quality1,MSE,17.png,37afcc89fbdcb76d9518e04b2fc011027e2f4cd14b3b2f83cefd721641a47c5b,256,256,15.0,9,150167079,0.023681640625,1024,0.0010359054426325165,0.024717546067632518,0.0006604326772503555,31.80171775817871,0.9742127656936646,15.885952949523926,0.20115935802459717,0.9687668681144714,31.792217254638672
ntscc_quality1,MSE,18.png,1a9258c365988961d87a0598725b609139c303ad48a5aad6c503c3b1a87849aa,256,256,15.0,0,150177070,0.026926676432291668,1024,0.0010359054426325165,0.027962581874924185,0.002203749492764473,26.568378448486328,0.9610161781311035,14.091156959533691,0.22310003638267517,0.9508882164955139,26.56541633605957
ntscc_quality1,MSE,18.png,1a9258c365988961d87a0598725b609139c303ad48a5aad6c503c3b1a87849aa,256,256,15.0,1,150177071,0.026926676432291668,1024,0.0010359054426325165,0.027962581874924185,0.0021972113754600286,26.581283569335938,0.9608025550842285,14.067422866821289,0.22617685794830322,0.9508103132247925,26.578414916992188
ntscc_quality1,MSE,18.png,1a9258c365988961d87a0598725b609139c303ad48a5aad6c503c3b1a87849aa,256,256,15.0,2,150177072,0.026926676432291668,1024,0.0010359054426325165,0.027962581874924185,0.002187497913837433,26.60052490234375,0.961546778678894,14.150672912597656,0.2295466959476471,0.9520860314369202,26.597686767578125
ntscc_quality1,MSE,18.png,1a9258c365988961d87a0598725b609139c303ad48a5aad6c503c3b1a87849aa,256,256,15.0,3,150177073,0.026926676432291668,1024,0.0010359054426325165,0.027962581874924185,0.002197211142629385,26.581283569335938,0.9609066247940063,14.07896900177002,0.22329731285572052,0.9510064125061035,26.578296661376953
ntscc_quality1,MSE,18.png,1a9258c365988961d87a0598725b609139c303ad48a5aad6c503c3b1a87849aa,256,256,15.0,4,150177074,0.026926676432291668,1024,0.0010359054426325165,0.027962581874924185,0.0022094170562922955,26.55722427368164,0.961565375328064,14.1527738571167,0.22608047723770142,0.9518219232559204,26.555286407470703
ntscc_quality1,MSE,18.png,1a9258c365988961d87a0598725b609139c303ad48a5aad6c503c3b1a87849aa,256,256,15.0,5,150177075,0.026926676432291668,1024,0.0010359054426325165,0.027962581874924185,0.00219294847920537,26.589717864990234,0.9611576795578003,14.106949806213379,0.2218235284090042,0.9513238668441772,26.586179733276367
ntscc_quality1,MSE,18.png,1a9258c365988961d87a0598725b609139c303ad48a5aad6c503c3b1a87849aa,256,256,15.0,6,150177076,0.026926676432291668,1024,0.0010359054426325165,0.027962581874924185,0.0022048079408705235,26.566293716430664,0.9610908031463623,14.099477767944336,0.22521963715553284,0.9511576294898987,26.564411163330078
ntscc_quality1,MSE,18.png,1a9258c365988961d87a0598725b609139c303ad48a5aad6c503c3b1a87849aa,256,256,15.0,7,150177077,0.026926676432291668,1024,0.0010359054426325165,0.027962581874924185,0.0022072470746934414,26.561491012573242,0.9610633850097656,14.096418380737305,0.22978612780570984,0.9513366222381592,26.558868408203125
ntscc_quality1,MSE,18.png,1a9258c365988961d87a0598725b609139c303ad48a5aad6c503c3b1a87849aa,256,256,15.0,8,150177078,0.026926676432291668,1024,0.0010359054426325165,0.027962581874924185,0.002202556934207678,26.570730209350586,0.9613121747970581,14.124258041381836,0.22191084921360016,0.9513932466506958,26.568634033203125
ntscc_quality1,MSE,18.png,1a9258c365988961d87a0598725b609139c303ad48a5aad6c503c3b1a87849aa,256,256,15.0,9,150177079,0.026926676432291668,1024,0.0010359054426325165,0.027962581874924185,0.0022009946405887604,26.573810577392578,0.9612616300582886,14.118586540222168,0.2262832075357437,0.9513388276100159,26.571855545043945
ntscc_quality1,MSE,19.png,b7450b264b1b0a411390d8931b112c27905a992520fc90569dc4b920aa32bbdc,256,256,15.0,0,150187070,0.0250244140625,1024,0.0010359054426325165,0.026060319505132518,0.0012078299187123775,29.17994499206543,0.9664336442947388,14.740958213806152,0.16572032868862152,0.959317147731781,29.175281524658203
ntscc_quality1,MSE,19.png,b7450b264b1b0a411390d8931b112c27905a992520fc90569dc4b920aa32bbdc,256,256,15.0,1,150187071,0.0250244140625,1024,0.0010359054426325165,0.026060319505132518,0.0012026571203023195,29.19858169555664,0.9664289355278015,14.740348815917969,0.1647576540708542,0.9593651294708252,29.194021224975586
ntscc_quality1,MSE,19.png,b7450b264b1b0a411390d8931b112c27905a992520fc90569dc4b920aa32bbdc,256,256,15.0,2,150187072,0.0250244140625,1024,0.0010359054426325165,0.026060319505132518,0.0012060892768204212,29.186206817626953,0.9661175608634949,14.700252532958984,0.16405372321605682,0.9589672684669495,29.181081771850586
ntscc_quality1,MSE,19.png,b7450b264b1b0a411390d8931b112c27905a992520fc90569dc4b920aa32bbdc,256,256,15.0,3,150187073,0.0250244140625,1024,0.0010359054426325165,0.026060319505132518,0.0012131299590691924,29.160926818847656,0.9661415815353394,14.703332901000977,0.16660630702972412,0.9588353037834167,29.156471252441406
ntscc_quality1,MSE,19.png,b7450b264b1b0a411390d8931b112c27905a992520fc90569dc4b920aa32bbdc,256,256,15.0,4,150187074,0.0250244140625,1024,0.0010359054426325165,0.026060319505132518,0.0012104975758120418,29.17036247253418,0.9661991596221924,14.710725784301758,0.1662846952676773,0.9591335654258728,29.16530990600586
ntscc_quality1,MSE,19.png,b7450b264b1b0a411390d8931b112c27905a992520fc90569dc4b920aa32bbdc,256,256,15.0,5,150187075,0.0250244140625,1024,0.0010359054426325165,0.026060319505132518,0.0012060481822118163,29.18635368347168,0.9658571481704712,14.667001724243164,0.16549280285835266,0.9585176706314087,29.179506301879883
ntscc_quality1,MSE,19.png,b7450b264b1b0a411390d8931b112c27905a992520fc90569dc4b920aa32bbdc,256,256,15.0,6,150187076,0.0250244140625,1024,0.0010359054426325165,0.026060319505132518,0.001207674853503704,29.180500030517578,0.9659468531608582,14.678426742553711,0.16458937525749207,0.9587045907974243,29.17606544494629
ntscc_quality1,MSE,19.png,b7450b264b1b0a411390d8931b112c27905a992520fc90569dc4b920aa32bbdc,256,256,15.0,7,150187077,0.0250244140625,1024,0.0010359054426325165,0.026060319505132518,0.0012048159260302782,29.190792083740234,0.9665545225143433,14.75662612915039,0.16644088923931122,0.9593202471733093,29.187726974487305
ntscc_quality1,MSE,19.png,b7450b264b1b0a411390d8931b112c27905a992520fc90569dc4b920aa32bbdc,256,256,15.0,8,150187078,0.0250244140625,1024,0.0010359054426325165,0.026060319505132518,0.001213674433529377,29.158977508544922,0.9659894704818726,14.683866500854492,0.16457945108413696,0.958916425704956,29.153554916381836
ntscc_quality1,MSE,19.png,b7450b264b1b0a411390d8931b112c27905a992520fc90569dc4b920aa32bbdc,256,256,15.0,9,150187079,0.0250244140625,1024,0.0010359054426325165,0.026060319505132518,0.0012064236216247082,29.18500518798828,0.9663091897964478,14.724884986877441,0.16660267114639282,0.959216296672821,29.18035316467285
ntscc_quality1,MSE,20.png,3b46c71e3b92a563820ba32936be8330c586c41f938efd94be938386aae4328a,256,256,15.0,0,150197070,0.0244140625,1024,0.0010359054426325165,0.025449967942632518,0.0007841779734008014,31.05585479736328,0.9832472801208496,17.75914764404297,0.08212098479270935,0.9789440035820007,31.049362182617188
ntscc_quality1,MSE,20.png,3b46c71e3b92a563820ba32936be8330c586c41f938efd94be938386aae4328a,256,256,15.0,1,150197071,0.0244140625,1024,0.0010359054426325165,0.025449967942632518,0.0007811842369847,31.072463989257812,0.9834153652191162,17.802940368652344,0.08388480544090271,0.9794110059738159,31.06563377380371
ntscc_quality1,MSE,20.png,3b46c71e3b92a563820ba32936be8330c586c41f938efd94be938386aae4328a,256,256,15.0,2,150197072,0.0244140625,1024,0.0010359054426325165,0.025449967942632518,0.0007832759874872863,31.06085205078125,0.9832627177238464,17.763151168823242,0.08355693519115448,0.9792245626449585,31.052387237548828
ntscc_quality1,MSE,20.png,3b46c71e3b92a563820ba32936be8330c586c41f938efd94be938386aae4328a,256,256,15.0,3,150197073,0.0244140625,1024,0.0010359054426325165,0.025449967942632518,0.0007813113043084741,31.071758270263672,0.9832015037536621,17.747295379638672,0.08333089202642441,0.9790056347846985,31.065162658691406
ntscc_quality1,MSE,20.png,3b46c71e3b92a563820ba32936be8330c586c41f938efd94be938386aae4328a,256,256,15.0,4,150197074,0.0244140625,1024,0.0010359054426325165,0.025449967942632518,0.0007865593652240932,31.042686462402344,0.9830498695373535,17.708271026611328,0.08362342417240143,0.9787721037864685,31.035043716430664
ntscc_quality1,MSE,20.png,3b46c71e3b92a563820ba32936be8330c586c41f938efd94be938386aae4328a,256,256,15.0,5,150197075,0.0244140625,1024,0.0010359054426325165,0.025449967942632518,0.0007789488881826401,31.084911346435547,0.983515739440918,17.82930564880371,0.08171918243169785,0.9794856309890747,31.0783748626709
ntscc_quality1,MSE,20.png,3b46c71e3b92a563820ba32936be8330c586c41f938efd94be938386aae4328a,256,256,15.0,6,150197076,0.0244140625,1024,0.0010359054426325165,0.025449967942632518,0.0007782969041727483,31.088546752929688,0.9834901690483093,17.822574615478516,0.08430037647485733,0.9794965982437134,31.084001541137695
ntscc_quality1,MSE,20.png,3b46c71e3b92a563820ba32936be8330c586c41f938efd94be938386aae4328a,256,256,15.0,7,150197077,0.0244140625,1024,0.0010359054426325165,0.025449967942632518,0.0007811203831806779,31.07282257080078,0.9835326075553894,17.833751678466797,0.0826299637556076,0.9795703291893005,31.067180633544922
ntscc_quality1,MSE,20.png,3b46c71e3b92a563820ba32936be8330c586c41f938efd94be938386aae4328a,256,256,15.0,8,150197078,0.0244140625,1024,0.0010359054426325165,0.025449967942632518,0.0007797629805281758,31.08037567138672,0.9833576679229736,17.787858963012695,0.08336825668811798,0.9793805480003357,31.0734920501709
ntscc_quality1,MSE,20.png,3b46c71e3b92a563820ba32936be8330c586c41f938efd94be938386aae4328a,256,256,15.0,9,150197079,0.0244140625,1024,0.0010359054426325165,0.025449967942632518,0.0007751460070721805,31.10616683959961,0.9834768772125244,17.81907844543457,0.0836479663848877,0.9794580340385437,31.09971046447754
ntscc_quality1,MSE,21.png,ac958597c82073f6bb65129c68f72b651db5b9efd82e11547d07350214bc268b,256,256,15.0,0,150207070,0.025594075520833332,1024,0.0010359054426325165,0.02662998096346585,0.0017722705379128456,27.514698028564453,0.9669182300567627,14.804113388061523,0.2036159634590149,0.9590103626251221,27.511558532714844
ntscc_quality1,MSE,21.png,ac958597c82073f6bb65129c68f72b651db5b9efd82e11547d07350214bc268b,256,256,15.0,1,150207071,0.025594075520833332,1024,0.0010359054426325165,0.02662998096346585,0.001756323385052383,27.553955078125,0.9674028754234314,14.868207931518555,0.20020964741706848,0.9597695469856262,27.550819396972656
ntscc_quality1,MSE,21.png,ac958597c82073f6bb65129c68f72b651db5b9efd82e11547d07350214bc268b,256,256,15.0,2,150207072,0.025594075520833332,1024,0.0010359054426325165,0.02662998096346585,0.0017668561777099967,27.52798843383789,0.9672826528549194,14.852219581604004,0.20505209267139435,0.9593626260757446,27.524690628051758
ntscc_quality1,MSE,21.png,ac958597c82073f6bb65129c68f72b651db5b9efd82e11547d07350214bc268b,256,256,15.0,3,150207073,0.025594075520833332,1024,0.0010359054426325165,0.02662998096346585,0.0017466319259256124,27.577987670898438,0.9675415754318237,14.886726379394531,0.20711997151374817,0.9597639441490173,27.57530975341797
ntscc_quality1,MSE,21.png,ac958597c82073f6bb65129c68f72b651db5b9efd82e11547d07350214bc268b,256,256,15.0,4,150207074,0.025594075520833332,1024,0.0010359054426325165,0.02662998096346585,0.0017732273554429412,27.512357711791992,0.9671885967254639,14.839752197265625,0.2032279521226883,0.9591851234436035,27.509300231933594
ntscc_quality1,MSE,21.png,ac958597c82073f6bb65129c68f72b651db5b9efd82e11547d07350214bc268b,256,256,15.0,5,150207075,0.025594075520833332,1024,0.0010359054426325165,0.02662998096346585,0.0017491033067926764,27.57184600830078,0.9677314162254333,14.912200927734375,0.20035508275032043,0.9602359533309937,27.568649291992188
ntscc_quality1,MSE,21.png,ac958597c82073f6bb65129c68f72b651db5b9efd82e11547d07350214bc268b,256,256,15.0,6,150207076,0.025594075520833332,1024,0.0010359054426325165,0.02662998096346585,0.0017513101920485497,27.56637191772461,0.9673764705657959,14.864690780639648,0.20272187888622284,0.9595820903778076,27.563457489013672
ntscc_quality1,MSE,21.png,ac958597c82073f6bb65129c68f72b651db5b9efd82e11547d07350214bc268b,256,256,15.0,7,150207077,0.025594075520833332,1024,0.0010359054426325165,0.02662998096346585,0.0017548841424286366,27.55751609802246,0.9673937559127808,14.866991996765137,0.2026429921388626,0.9595372080802917,27.554418563842773
ntscc_quality1,MSE,21.png,ac958597c82073f6bb65129c68f72b651db5b9efd82e11547d07350214bc268b,256,256,15.0,8,150207078,0.025594075520833332,1024,0.0010359054426325165,0.02662998096346585,0.0017730210674926639,27.512863159179688,0.9672543406486511,14.84846305847168,0.20569965243339539,0.9594056010246277,27.511348724365234
ntscc_quality1,MSE,21.png,ac958597c82073f6bb65129c68f72b651db5b9efd82e11547d07350214bc268b,256,256,15.0,9,150207079,0.025594075520833332,1024,0.0010359054426325165,0.02662998096346585,0.0017556090606376529,27.555721282958984,0.967625081539154,14.897913932800293,0.2028619945049286,0.9600474238395691,27.552867889404297
ntscc_quality1,MSE,22.png,1cee58eb1f2d9c7ebb254d208a03c783ce6cf2c4d8c2cf45e235dd23b4ce1b29,256,256,15.0,0,150217070,0.0252685546875,1024,0.0010359054426325165,0.026304460130132518,0.0014084081631153822,28.51271629333496,0.9460899233818054,12.683300971984863,0.26086685061454773,0.9322556257247925,28.50933265686035
ntscc_quality1,MSE,22.png,1cee58eb1f2d9c7ebb254d208a03c783ce6cf2c4d8c2cf45e235dd23b4ce1b29,256,256,15.0,1,150217071,0.0252685546875,1024,0.0010359054426325165,0.026304460130132518,0.0014198890421539545,28.47745704650879,0.9468612670898438,12.745887756347656,0.2601318955421448,0.9332147240638733,28.4736328125
ntscc_quality1,MSE,22.png,1cee58eb1f2d9c7ebb254d208a03c783ce6cf2c4d8c2cf45e235dd23b4ce1b29,256,256,15.0,2,150217072,0.0252685546875,1024,0.0010359054426325165,0.026304460130132518,0.0014058758970350027,28.520530700683594,0.947070837020874,12.763050079345703,0.2587681710720062,0.9334185719490051,28.517263412475586
ntscc_quality1,MSE,22.png,1cee58eb1f2d9c7ebb254d208a03c783ce6cf2c4d8c2cf45e235dd23b4ce1b29,256,256,15.0,3,150217073,0.0252685546875,1024,0.0010359054426325165,0.026304460130132518,0.0013885039370507002,28.574527740478516,0.9467253684997559,12.734795570373535,0.25960150361061096,0.9329559206962585,28.570737838745117
ntscc_quality1,MSE,22.png,1cee58eb1f2d9c7ebb254d208a03c783ce6cf2c4d8c2cf45e235dd23b4ce1b29,256,256,15.0,4,150217074,0.0252685546875,1024,0.0010359054426325165,0.026304460130132518,0.0014001423260197043,28.538280487060547,0.9467741250991821,12.73877239227295,0.25642669200897217,0.9332244396209717,28.533832550048828
ntscc_quality1,MSE,22.png,1cee58eb1f2d9c7ebb254d208a03c783ce6cf2c4d8c2cf45e235dd23b4ce1b29,256,256,15.0,5,150217075,0.0252685546875,1024,0.0010359054426325165,0.026304460130132518,0.0013976448681205511,28.546031951904297,0.9466608762741089,12.729540824890137,0.2581155002117157,0.9330248236656189,28.541378021240234
ntscc_quality1,MSE,22.png,1cee58eb1f2d9c7ebb254d208a03c783ce6cf2c4d8c2cf45e235dd23b4ce1b29,256,256,15.0,6,150217076,0.0252685546875,1024,0.0010359054426325165,0.026304460130132518,0.001387653173878789,28.577192306518555,0.947276771068573,12.779980659484863,0.2587079107761383,0.9337741732597351,28.57322883605957
ntscc_quality1,MSE,22.png,1cee58eb1f2d9c7ebb254d208a03c783ce6cf2c4d8c2cf45e235dd23b4ce1b29,256,256,15.0,7,150217077,0.0252685546875,1024,0.0010359054426325165,0.026304460130132518,0.0013946956023573875,28.555204391479492,0.9465316534042358,12.719032287597656,0.2622150182723999,0.9328550100326538,28.551034927368164
ntscc_quality1,MSE,22.png,1cee58eb1f2d9c7ebb254d208a03c783ce6cf2c4d8c2cf45e235dd23b4ce1b29,256,256,15.0,8,150217078,0.0252685546875,1024,0.0010359054426325165,0.026304460130132518,0.001392710953950882,28.561391830444336,0.9466273188591003,12.726810455322266,0.26121389865875244,0.932990550994873,28.557785034179688
ntscc_quality1,MSE,22.png,1cee58eb1f2d9c7ebb254d208a03c783ce6cf2c4d8c2cf45e235dd23b4ce1b29,256,256,15.0,9,150217079,0.0252685546875,1024,0.0010359054426325165,0.026304460130132518,0.0013896955642849207,28.570804595947266,0.9470386505126953,12.760409355163574,0.2633156180381775,0.9337055683135986,28.565366744995117
ntscc_quality1,MSE,23.png,e3111a2fd4da24af15d6459ef9eacfe54106b38e27b4a21821b75c3f5d2d5baf,256,256,15.0,0,150227070,0.022420247395833332,1024,0.0010359054426325165,0.02345615283846585,0.0004776494752150029,33.20890808105469,0.9838072061538696,17.906782150268555,0.12722568213939667,0.9795560836791992,33.19546890258789
ntscc_quality1,MSE,23.png,e3111a2fd4da24af15d6459ef9eacfe54106b38e27b4a21821b75c3f5d2d5baf,256,256,15.0,1,150227071,0.022420247395833332,1024,0.0010359054426325165,0.02345615283846585,0.0004914585733786225,33.08513259887695,0.9837519526481628,17.89198875427246,0.12924593687057495,0.9795511364936829,33.07233810424805
ntscc_quality1,MSE,23.png,e3111a2fd4da24af15d6459ef9eacfe54106b38e27b4a21821b75c3f5d2d5baf,256,256,15.0,2,150227072,0.022420247395833332,1024,0.0010359054426325165,0.02345615283846585,0.0004918334889225662,33.08182144165039,0.9837658405303955,17.895702362060547,0.12545239925384521,0.9795565009117126,33.07335662841797
ntscc_quality1,MSE,23.png,e3111a2fd4da24af15d6459ef9eacfe54106b38e27b4a21821b75c3f5d2d5baf,256,256,15.0,3,150227073,0.022420247395833332,1024,0.0010359054426325165,0.02345615283846585,0.0004933903692290187,33.068092346191406,0.9839000701904297,17.9317626953125,0.12507730722427368,0.979698121547699,33.05665588378906
ntscc_quality1,MSE,23.png,e3111a2fd4da24af15d6459ef9eacfe54106b38e27b4a21821b75c3f5d2d5baf,256,256,15.0,4,150227074,0.022420247395833332,1024,0.0010359054426325165,0.02345615283846585,0.0004881445784121752,33.11451721191406,0.9839704036712646,17.950775146484375,0.12565112113952637,0.979815661907196,33.10116195678711
ntscc_quality1,MSE,23.png,e3111a2fd4da24af15d6459ef9eacfe54106b38e27b4a21821b75c3f5d2d5baf,256,256,15.0,5,150227075,0.022420247395833332,1024,0.0010359054426325165,0.02345615283846585,0.0004978167125955224,33.02930450439453,0.9836782217025757,17.872325897216797,0.12608742713928223,0.9794667959213257,33.01899337768555
ntscc_quality1,MSE,23.png,e3111a2fd4da24af15d6459ef9eacfe54106b38e27b4a21821b75c3f5d2d5baf,256,256,15.0,6,150227076,0.022420247395833332,1024,0.0010359054426325165,0.02345615283846585,0.00047600510879419744,33.22388458251953,0.9838378429412842,17.915008544921875,0.12486371397972107,0.9797472953796387,33.211456298828125
ntscc_quality1,MSE,23.png,e3111a2fd4da24af15d6459ef9eacfe54106b38e27b4a21821b75c3f5d2d5baf,256,256,15.0,7,150227077,0.022420247395833332,1024,0.0010359054426325165,0.02345615283846585,0.00048598693683743477,33.13375473022461,0.9837257266044617,17.88498306274414,0.12766042351722717,0.979479193687439,33.12268829345703
ntscc_quality1,MSE,23.png,e3111a2fd4da24af15d6459ef9eacfe54106b38e27b4a21821b75c3f5d2d5baf,256,256,15.0,8,150227078,0.022420247395833332,1024,0.0010359054426325165,0.02345615283846585,0.0004900295753031969,33.0977783203125,0.9837291240692139,17.88589096069336,0.12560689449310303,0.9795135855674744,33.086517333984375
ntscc_quality1,MSE,23.png,e3111a2fd4da24af15d6459ef9eacfe54106b38e27b4a21821b75c3f5d2d5baf,256,256,15.0,9,150227079,0.022420247395833332,1024,0.0010359054426325165,0.02345615283846585,0.00047734854160808027,33.21164321899414,0.9841854572296143,18.00943374633789,0.12714597582817078,0.9801077842712402,33.19886016845703
ntscc_quality1,MSE,24.png,1071c68372cc5a01435c2c225a5cf7d4bb803846ec08bb6b3d6721b156d7cb96,256,256,15.0,0,150237070,0.024210611979166668,1024,0.0010359054426325165,0.025246517421799185,0.000918215315323323,30.370555877685547,0.9715069532394409,15.452611923217773,0.17280352115631104,0.9652614593505859,30.365583419799805
ntscc_quality1,MSE,24.png,1071c68372cc5a01435c2c225a5cf7d4bb803846ec08bb6b3d6721b156d7cb96,256,256,15.0,1,150237071,0.024210611979166668,1024,0.0010359054426325165,0.025246517421799185,0.0009251092560589314,30.338069915771484,0.9713716506958008,15.432037353515625,0.16966748237609863,0.9650865197181702,30.331689834594727
ntscc_quality1,MSE,24.png,1071c68372cc5a01435c2c225a5cf7d4bb803846ec08bb6b3d6721b156d7cb96,256,256,15.0,2,150237072,0.024210611979166668,1024,0.0010359054426325165,0.025246517421799185,0.0009176763123832643,30.373106002807617,0.9712037444114685,15.406639099121094,0.1773439347743988,0.9648439288139343,30.367324829101562
ntscc_quality1,MSE,24.png,1071c68372cc5a01435c2c225a5cf7d4bb803846ec08bb6b3d6721b156d7cb96,256,256,15.0,3,150237073,0.024210611979166668,1024,0.0010359054426325165,0.025246517421799185,0.0009273290634155273,30.327661514282227,0.9712671637535095,15.416215896606445,0.17641198635101318,0.9649882912635803,30.32152557373047
ntscc_quality1,MSE,24.png,1071c68372cc5a01435c2c225a5cf7d4bb803846ec08bb6b3d6721b156d7cb96,256,256,15.0,4,150237074,0.024210611979166668,1024,0.0010359054426325165,0.025246517421799185,0.0009128813399001956,30.395858764648438,0.9713007807731628,15.421299934387207,0.17372292280197144,0.9650782942771912,30.38967514038086
ntscc_quality1,MSE,24.png,1071c68372cc5a01435c2c225a5cf7d4bb803846ec08bb6b3d6721b156d7cb96,256,256,15.0,5,150237075,0.024210611979166668,1024,0.0010359054426325165,0.025246517421799185,0.0009216325124725699,30.35442352294922,0.9711892008781433,15.404447555541992,0.17088967561721802,0.9647851586341858,30.34762954711914
ntscc_quality1,MSE,24.png,1071c68372cc5a01435c2c225a5cf7d4bb803846ec08bb6b3d6721b156d7cb96,256,256,15.0,6,150237076,0.024210611979166668,1024,0.0010359054426325165,0.025246517421799185,0.0009244006942026317,30.341398239135742,0.9712203741073608,15.409149169921875,0.16940858960151672,0.9649348855018616,30.33612823486328
ntscc_quality1,MSE,24.png,1071c68372cc5a01435c2c225a5cf7d4bb803846ec08bb6b3d6721b156d7cb96,256,256,15.0,7,150237077,0.024210611979166668,1024,0.0010359054426325165,0.025246517421799185,0.0009186015813611448,30.368728637695312,0.9713726043701172,15.432182312011719,0.1730623096227646,0.9651762247085571,30.362972259521484
ntscc_quality1,MSE,24.png,1071c68372cc5a01435c2c225a5cf7d4bb803846ec08bb6b3d6721b156d7cb96,256,256,15.0,8,150237078,0.024210611979166668,1024,0.0010359054426325165,0.025246517421799185,0.000917579687666148,30.37356185913086,0.9712504148483276,15.413683891296387,0.17308592796325684,0.9649122357368469,30.367563247680664
ntscc_quality1,MSE,24.png,1071c68372cc5a01435c2c225a5cf7d4bb803846ec08bb6b3d6721b156d7cb96,256,256,15.0,9,150237079,0.024210611979166668,1024,0.0010359054426325165,0.025246517421799185,0.0009166651288978755,30.377893447875977,0.9710354208946228,15.381327629089355,0.1754194051027298,0.9647092223167419,30.371837615966797
