model,objective,image,image_sha256,height,width,snr_db,draw,noise_seed,cbr_payload,rate_map_bits,cbr_rate_map_capacity,cbr_with_rate_map_capacity,mse,psnr,ms_ssim,ms_ssim_db,lpips,native_ms_ssim_4level,psnr_8bit
swin_mse_c32,MSE,01.png,a56e27cbf5f843c048b6af1d6e090760e9c92fadba88b7dee0205918a37523bd,256,256,0.0,0,7070,0.020833333333333332,0.0,0.0,0.020833333333333332,0.019272640347480774,17.150588989257812,0.6238021850585938,4.245837211608887,0.549652099609375,0.49095821380615234,17.150367736816406
swin_mse_c32,MSE,01.png,a56e27cbf5f843c048b6af1d6e090760e9c92fadba88b7dee0205918a37523bd,256,256,0.0,1,7071,0.020833333333333332,0.0,0.0,0.020833333333333332,0.01965423859655857,17.06543731689453,0.6026727557182312,4.008516788482666,0.5724585652351379,0.46393871307373047,17.06505012512207
swin_mse_c32,MSE,01.png,a56e27cbf5f843c048b6af1d6e090760e9c92fadba88b7dee0205918a37523bd,256,256,0.0,2,7072,0.020833333333333332,0.0,0.0,0.020833333333333332,0.017074789851903915,17.67644691467285,0.6195883750915527,4.19746208190918,0.5627914071083069,0.4863535761833191,17.676057815551758
swin_mse_c32,MSE,01.png,a56e27cbf5f843c048b6af1d6e090760e9c92fadba88b7dee0205918a37523bd,256,256,0.0,3,7073,0.020833333333333332,0.0,0.0,0.020833333333333332,0.019008031114935875,17.210628509521484,0.5736587047576904,3.7024261951446533,0.5491448044776917,0.42842912673950195,17.2103271484375
swin_mse_c32,MSE,01.png,a56e27cbf5f843c048b6af1d6e090760e9c92fadba88b7dee0205918a37523bd,256,256,0.0,4,7074,0.020833333333333332,0.0,0.0,0.020833333333333332,0.02417410910129547,16.16649627685547,0.5659276247024536,3.6243786811828613,0.5704910159111023,0.4288763999938965,16.166257858276367
swin_mse_c32,MSE,01.png,a56e27cbf5f843c048b6af1d6e090760e9c92fadba88b7dee0205918a37523bd,256,256,0.0,5,7075,0.020833333333333332,0.0,0.0,0.020833333333333332,0.016563620418310165,17.808446884155273,0.6163241863250732,4.160356044769287,0.5580382943153381,0.4851449728012085,17.80826187133789
swin_mse_c32,MSE,01.png,a56e27cbf5f843c048b6af1d6e090760e9c92fadba88b7dee0205918a37523bd,256,256,0.0,6,7076,0.020833333333333332,0.0,0.0,0.020833333333333332,0.017492130398750305,17.57157325744629,0.6294762492179871,4.311839580535889,0.5368372201919556,0.5029798150062561,17.57161521911621
swin_mse_c32,MSE,01.png,a56e27cbf5f843c048b6af1d6e090760e9c92fadba88b7dee0205918a37523bd,256,256,0.0,7,7077,0.020833333333333332,0.0,0.0,0.020833333333333332,0.030434198677539825,15.1663818359375,0.477905809879303,2.8225114345550537,0.564775824546814,0.3682478070259094,15.165958404541016
swin_mse_c32,MSE,01.png,a56e27cbf5f843c048b6af1d6e090760e9c92fadba88b7dee0205918a37523bd,256,256,0.0,8,7078,0.020833333333333332,0.0,0.0,0.020833333333333332,0.030462784692645073,15.162304878234863,0.5820375680923462,3.7886276245117188,0.5963685512542725,0.4270651340484619,15.162418365478516
swin_mse_c32,MSE,01.png,a56e27cbf5f843c048b6af1d6e090760e9c92fadba88b7dee0205918a37523bd,256,256,0.0,9,7079,0.020833333333333332,0.0,0.0,0.020833333333333332,0.015354744158685207,18.1375732421875,0.651593804359436,4.579141616821289,0.5465855598449707,0.5284802317619324,18.13689613342285
swin_mse_c32,MSE,02.png,4f4b74a79237e311d72cad958237b5f7088d8bce1c82305ebefe1a70e3022dfd,256,256,0.0,0,17070,0.020833333333333332,0.0,0.0,0.020833333333333332,0.0055866539478302,22.528480529785156,0.7190577387809753,5.513829708099365,0.486793577671051,0.6090279221534729,22.52739715576172
swin_mse_c32,MSE,02.png,4f4b74a79237e311d72cad958237b5f7088d8bce1c82305ebefe1a70e3022dfd,256,256,0.0,1,17071,0.020833333333333332,0.0,0.0,0.020833333333333332,0.0041953278705477715,23.772342681884766,0.732719361782074,5.730324745178223,0.4934917688369751,0.627618670463562,23.770780563354492
swin_mse_c32,MSE,02.png,4f4b74a79237e311d72cad958237b5f7088d8bce1c82305ebefe1a70e3022dfd,256,256,0.0,2,17072,0.020833333333333332,0.0,0.0,0.020833333333333332,0.004334725439548492,23.630386352539062,0.7230575084686279,5.576104640960693,0.5015439987182617,0.6162664890289307,23.629032135009766
swin_mse_c32,MSE,02.png,4f4b74a79237e311d72cad958237b5f7088d8bce1c82305ebefe1a70e3022dfd,256,256,0.0,3,17073,0.020833333333333332,0.0,0.0,0.020833333333333332,0.004377131350338459,23.588104248046875,0.7421457171440125,5.886256694793701,0.4870368540287018,0.6457865238189697,23.586654663085938
swin_mse_c32,MSE,02.png,4f4b74a79237e311d72cad958237b5f7088d8bce1c82305ebefe1a70e3022dfd,256,256,0.0,4,17074,0.020833333333333332,0.0,0.0,0.020833333333333332,0.00473403325304389,23.24768829345703,0.7205666303634644,5.537217140197754,0.5023856163024902,0.6206859946250916,23.246387481689453
swin_mse_c32,MSE,02.png,4f4b74a79237e311d72cad958237b5f7088d8bce1c82305ebefe1a70e3022dfd,256,256,0.0,5,17075,0.020833333333333332,0.0,0.0,0.020833333333333332,0.0048855943605303764,23.110828399658203,0.7046973705291748,5.297327041625977,0.46573495864868164,0.6037081480026245,23.109718322753906
swin_mse_c32,MSE,02.png,4f4b74a79237e311d72cad958237b5f7088d8bce1c82305ebefe1a70e3022dfd,256,256,0.0,6,17076,0.020833333333333332,0.0,0.0,0.020833333333333332,0.005149036180227995,22.882740020751953,0.7155896425247192,5.460546016693115,0.4927639663219452,0.6039358973503113,22.881378173828125
swin_mse_c32,MSE,02.png,4f4b74a79237e311d72cad958237b5f7088d8bce1c82305ebefe1a70e3022dfd,256,256,0.0,7,17077,0.020833333333333332,0.0,0.0,0.020833333333333332,0.005044005811214447,22.972244262695312,0.7665693759918213,6.318421840667725,0.4528690278530121,0.6778054237365723,22.971155166625977
swin_mse_c32,MSE,02.png,4f4b74a79237e311d72cad958237b5f7088d8bce1c82305ebefe1a70e3022dfd,256,256,0.0,8,17078,0.020833333333333332,0.0,0.0,0.020833333333333332,0.008883440867066383,20.514190673828125,0.7428488731384277,5.898116111755371,0.5259508490562439,0.6523922085762024,20.51367950439453
swin_mse_c32,MSE,02.png,4f4b74a79237e311d72cad958237b5f7088d8bce1c82305ebefe1a70e3022dfd,256,256,0.0,9,17079,0.020833333333333332,0.0,0.0,0.020833333333333332,0.007325244136154652,21.35177993774414,0.6690013408660889,4.801737308502197,0.5398300290107727,0.5561804175376892,21.35098648071289
swin_mse_c32,MSE,03.png,e25ca1ff2f0c0cb5fdfd5f9b0a0bb21ac4c3de3c84a67f35b09a85d3306249db,256,256,0.0,0,27070,0.020833333333333332,0.0,0.0,0.020833333333333332,0.00960746593773365,20.173912048339844,0.767605185508728,6.337735652923584,0.3941855728626251,0.681236982345581,20.1737117767334
swin_mse_c32,MSE,03.png,e25ca1ff2f0c0cb5fdfd5f9b0a0bb21ac4c3de3c84a67f35b09a85d3306249db,256,256,0.0,1,27071,0.020833333333333332,0.0,0.0,0.020833333333333332,0.010322477668523788,19.862159729003906,0.7319636344909668,5.7180633544921875,0.4055096507072449,0.6243920922279358,19.86132049560547
swin_mse_c32,MSE,03.png,e25ca1ff2f0c0cb5fdfd5f9b0a0bb21ac4c3de3c84a67f35b09a85d3306249db,256,256,0.0,2,27072,0.020833333333333332,0.0,0.0,0.020833333333333332,0.008562076836824417,20.674209594726562,0.7599786520004272,6.197501182556152,0.4027412235736847,0.6724311113357544,20.673969268798828
swin_mse_c32,MSE,03.png,e25ca1ff2f0c0cb5fdfd5f9b0a0bb21ac4c3de3c84a67f35b09a85d3306249db,256,256,0.0,3,27073,0.020833333333333332,0.0,0.0,0.020833333333333332,0.006614887621253729,21.794776916503906,0.7605798244476318,6.208393096923828,0.4211471676826477,0.6776338219642639,21.794017791748047
swin_mse_c32,MSE,03.png,e25ca1ff2f0c0cb5fdfd5f9b0a0bb21ac4c3de3c84a67f35b09a85d3306249db,256,256,0.0,4,27074,0.020833333333333332,0.0,0.0,0.020833333333333332,0.008412676863372326,20.75065803527832,0.7256054878234863,5.616245746612549,0.43408191204071045,0.6191754937171936,20.750263214111328
swin_mse_c32,MSE,03.png,e25ca1ff2f0c0cb5fdfd5f9b0a0bb21ac4c3de3c84a67f35b09a85d3306249db,256,256,0.0,5,27075,0.020833333333333332,0.0,0.0,0.020833333333333332,0.0059646908193826675,22.244121551513672,0.7807904481887817,6.591405391693115,0.37931832671165466,0.6999761462211609,22.243045806884766
swin_mse_c32,MSE,03.png,e25ca1ff2f0c0cb5fdfd5f9b0a0bb21ac4c3de3c84a67f35b09a85d3306249db,256,256,0.0,6,27076,0.020833333333333332,0.0,0.0,0.020833333333333332,0.005942470394074917,22.260330200195312,0.7461499571800232,5.954227924346924,0.4091549813747406,0.6492066383361816,22.259506225585938
swin_mse_c32,MSE,03.png,e25ca1ff2f0c0cb5fdfd5f9b0a0bb21ac4c3de3c84a67f35b09a85d3306249db,256,256,0.0,7,27077,0.020833333333333332,0.0,0.0,0.020833333333333332,0.019063785672187805,17.19791030883789,0.7203575372695923,5.533968925476074,0.4084508419036865,0.6125321984291077,17.197702407836914
swin_mse_c32,MSE,03.png,e25ca1ff2f0c0cb5fdfd5f9b0a0bb21ac4c3de3c84a67f35b09a85d3306249db,256,256,0.0,8,27078,0.020833333333333332,0.0,0.0,0.020833333333333332,0.004147575236856937,23.822057723999023,0.8065370321273804,7.134022235870361,0.4017364978790283,0.7418400645256042,23.820287704467773
swin_mse_c32,MSE,03.png,e25ca1ff2f0c0cb5fdfd5f9b0a0bb21ac4c3de3c84a67f35b09a85d3306249db,256,256,0.0,9,27079,0.020833333333333332,0.0,0.0,0.020833333333333332,0.008685855194926262,20.611875534057617,0.7677663564682007,6.3407487869262695,0.3831403851509094,0.6866113543510437,20.610855102539062
swin_mse_c32,MSE,04.png,e3b946107c5d3441c022f678d0c3caf1e224d81b1604ba840a4f88e562de61aa,256,256,0.0,0,37070,0.020833333333333332,0.0,0.0,0.020833333333333332,0.0030817301012575626,25.1120548248291,0.8898586630821228,9.580496788024902,0.42187631130218506,0.8473071455955505,25.110614776611328
swin_mse_c32,MSE,04.png,e3b946107c5d3441c022f678d0c3caf1e224d81b1604ba840a4f88e562de61aa,256,256,0.0,1,37071,0.020833333333333332,0.0,0.0,0.020833333333333332,0.0026033706963062286,25.844640731811523,0.8246824741363525,7.561746597290039,0.4336452782154083,0.7306528687477112,25.842304229736328
swin_mse_c32,MSE,04.png,e3b946107c5d3441c022f678d0c3caf1e224d81b1604ba840a4f88e562de61aa,256,256,0.0,2,37072,0.020833333333333332,0.0,0.0,0.020833333333333332,0.001349245896562934,28.6990909576416,0.8844220638275146,9.371251106262207,0.4339211881160736,0.8350561857223511,28.69582748413086
swin_mse_c32,MSE,04.png,e3b946107c5d3441c022f678d0c3caf1e224d81b1604ba840a4f88e562de61aa,256,256,0.0,3,37073,0.020833333333333332,0.0,0.0,0.020833333333333332,0.0019863564521074295,27.019428253173828,0.8829441070556641,9.31606674194336,0.4230043888092041,0.8221349716186523,27.016815185546875
swin_mse_c32,MSE,04.png,e3b946107c5d3441c022f678d0c3caf1e224d81b1604ba840a4f88e562de61aa,256,256,0.0,4,37074,0.020833333333333332,0.0,0.0,0.020833333333333332,0.0014174336101859808,28.484973907470703,0.8886176347732544,9.531835556030273,0.4064124822616577,0.8372208476066589,28.48007583618164
swin_mse_c32,MSE,04.png,e3b946107c5d3441c022f678d0c3caf1e224d81b1604ba840a4f88e562de61aa,256,256,0.0,5,37075,0.020833333333333332,0.0,0.0,0.020833333333333332,0.0016671577468514442,27.780235290527344,0.883872926235199,9.350665092468262,0.3957709074020386,0.8298280239105225,27.775676727294922
swin_mse_c32,MSE,04.png,e3b946107c5d3441c022f678d0c3caf1e224d81b1604ba840a4f88e562de61aa,256,256,0.0,6,37076,0.020833333333333332,0.0,0.0,0.020833333333333332,0.0016829036176204681,27.739408493041992,0.8660134077072144,8.729386329650879,0.41410544514656067,0.8026788234710693,27.736103057861328
swin_mse_c32,MSE,04.png,e3b946107c5d3441c022f678d0c3caf1e224d81b1604ba840a4f88e562de61aa,256,256,0.0,7,37077,0.020833333333333332,0.0,0.0,0.020833333333333332,0.0013783841859549284,28.606298446655273,0.8806506991386414,9.23180103302002,0.4075350761413574,0.8182562589645386,28.602630615234375
swin_mse_c32,MSE,04.png,e3b946107c5d3441c022f678d0c3caf1e224d81b1604ba840a4f88e562de61aa,256,256,0.0,8,37078,0.020833333333333332,0.0,0.0,0.020833333333333332,0.0017794338054955006,27.497180938720703,0.8957039713859558,9.81732177734375,0.42685118317604065,0.856055498123169,27.49358367919922
swin_mse_c32,MSE,04.png,e3b946107c5d3441c022f678d0c3caf1e224d81b1604ba840a4f88e562de61aa,256,256,0.0,9,37079,0.020833333333333332,0.0,0.0,0.020833333333333332,0.0011532909702509642,29.380611419677734,0.9010293483734131,10.044936180114746,0.39164870977401733,0.8599737286567688,29.376182556152344
swin_mse_c32,MSE,05.png,10349e963c5c813d327852f82c1795fa4148d69fedffc4c589bee458e3ac3d53,256,256,0.0,0,47070,0.020833333333333332,0.0,0.0,0.020833333333333332,0.04825839400291443,13.16427230834961,0.5074650049209595,3.075629234313965,0.45824432373046875,0.34420454502105713,13.16413688659668
swin_mse_c32,MSE,05.png,10349e963c5c813d327852f82c1795fa4148d69fedffc4c589bee458e3ac3d53,256,256,0.0,1,47071,0.020833333333333332,0.0,0.0,0.020833333333333332,0.05301498994231224,12.756012916564941,0.4548477828502655,2.634822368621826,0.5243507623672485,0.2699012756347656,12.755823135375977
swin_mse_c32,MSE,05.png,10349e963c5c813d327852f82c1795fa4148d69fedffc4c589bee458e3ac3d53,256,256,0.0,2,47072,0.020833333333333332,0.0,0.0,0.020833333333333332,0.0534687265753746,12.719001770019531,0.4673817753791809,2.73583984375,0.49745920300483704,0.2835630774497986,12.718809127807617
swin_mse_c32,MSE,05.png,10349e963c5c813d327852f82c1795fa4148d69fedffc4c589bee458e3ac3d53,256,256,0.0,3,47073,0.020833333333333332,0.0,0.0,0.020833333333333332,0.06442280113697052,11.9096040725708,0.3746280372142792,2.038616180419922,0.4975983202457428,0.21395790576934814,11.909608840942383
swin_mse_c32,MSE,05.png,10349e963c5c813d327852f82c1795fa4148d69fedffc4c589bee458e3ac3d53,256,256,0.0,4,47074,0.020833333333333332,0.0,0.0,0.020833333333333332,0.057524703443050385,12.401455879211426,0.37923774123191833,2.0707473754882812,0.4934767186641693,0.2181522250175476,12.401281356811523
swin_mse_c32,MSE,05.png,10349e963c5c813d327852f82c1795fa4148d69fedffc4c589bee458e3ac3d53,256,256,0.0,5,47075,0.020833333333333332,0.0,0.0,0.020833333333333332,0.05636174976825714,12.490156173706055,0.4703131914138794,2.7598085403442383,0.48594921827316284,0.3022525906562805,12.489901542663574
swin_mse_c32,MSE,05.png,10349e963c5c813d327852f82c1795fa4148d69fedffc4c589bee458e3ac3d53,256,256,0.0,6,47076,0.020833333333333332,0.0,0.0,0.020833333333333332,0.05125442147254944,12.902688026428223,0.4532047212123871,2.6217527389526367,0.48716235160827637,0.2712348699569702,12.90258502960205
swin_mse_c32,MSE,05.png,10349e963c5c813d327852f82c1795fa4148d69fedffc4c589bee458e3ac3d53,256,256,0.0,7,47077,0.020833333333333332,0.0,0.0,0.020833333333333332,0.050445348024368286,12.971790313720703,0.48400741815567017,2.873565673828125,0.45722877979278564,0.3220043182373047,12.971929550170898
swin_mse_c32,MSE,05.png,10349e963c5c813d327852f82c1795fa4148d69fedffc4c589bee458e3ac3d53,256,256,0.0,8,47078,0.020833333333333332,0.0,0.0,0.020833333333333332,0.04849319905042648,13.14319133758545,0.4839964509010315,2.8734731674194336,0.4716954529285431,0.31382834911346436,13.143037796020508
swin_mse_c32,MSE,05.png,10349e963c5c813d327852f82c1795fa4148d69fedffc4c589bee458e3ac3d53,256,256,0.0,9,47079,0.020833333333333332,0.0,0.0,0.020833333333333332,0.05533618852496147,12.569908142089844,0.4404253661632538,2.5214200019836426,0.4826924800872803,0.2594122886657715,12.56978988647461
swin_mse_c32,MSE,06.png,363510303b715d4cbc384e1ce227e466b613a09e1b71ae985882bf8e7fbd9b18,256,256,0.0,0,57070,0.020833333333333332,0.0,0.0,0.020833333333333332,0.017778463661670685,17.50105857849121,0.5874718427658081,3.8454642295837402,0.5561051368713379,0.4474579095840454,17.500600814819336
swin_mse_c32,MSE,06.png,363510303b715d4cbc384e1ce227e466b613a09e1b71ae985882bf8e7fbd9b18,256,256,0.0,1,57071,0.020833333333333332,0.0,0.0,0.020833333333333332,0.01785266026854515,17.48297119140625,0.5527691841125488,3.494682788848877,0.513590395450592,0.39692068099975586,17.482685089111328
swin_mse_c32,MSE,06.png,363510303b715d4cbc384e1ce227e466b613a09e1b71ae985882bf8e7fbd9b18,256,256,0.0,2,57072,0.020833333333333332,0.0,0.0,0.020833333333333332,0.016928765922784805,17.713748931884766,0.5801150798797607,3.7686972618103027,0.556865394115448,0.4385008215904236,17.713682174682617
swin_mse_c32,MSE,06.png,363510303b715d4cbc384e1ce227e466b613a09e1b71ae985882bf8e7fbd9b18,256,256,0.0,3,57073,0.020833333333333332,0.0,0.0,0.020833333333333332,0.01689363270998001,17.72277069091797,0.5844129920005798,3.813380241394043,0.5791944265365601,0.4497658610343933,17.72243881225586
swin_mse_c32,MSE,06.png,363510303b715d4cbc384e1ce227e466b613a09e1b71ae985882bf8e7fbd9b18,256,256,0.0,4,57074,0.020833333333333332,0.0,0.0,0.020833333333333332,0.01663428172469139,17.789958953857422,0.5971274375915527,3.9483232498168945,0.5049923062324524,0.4595266580581665,17.789581298828125
swin_mse_c32,MSE,06.png,363510303b715d4cbc384e1ce227e466b613a09e1b71ae985882bf8e7fbd9b18,256,256,0.0,5,57075,0.020833333333333332,0.0,0.0,0.020833333333333332,0.01615235209465027,17.91764259338379,0.598005473613739,3.957798719406128,0.5262389183044434,0.46739232540130615,17.91689682006836
swin_mse_c32,MSE,06.png,363510303b715d4cbc384e1ce227e466b613a09e1b71ae985882bf8e7fbd9b18,256,256,0.0,6,57076,0.020833333333333332,0.0,0.0,0.020833333333333332,0.015614563599228859,18.064701080322266,0.5915173292160034,3.888263702392578,0.5453499555587769,0.44218045473098755,18.064252853393555
swin_mse_c32,MSE,06.png,363510303b715d4cbc384e1ce227e466b613a09e1b71ae985882bf8e7fbd9b18,256,256,0.0,7,57077,0.020833333333333332,0.0,0.0,0.020833333333333332,0.016931895166635513,17.71294403076172,0.5841307044029236,3.810431480407715,0.5692040324211121,0.4434720277786255,17.712875366210938
swin_mse_c32,MSE,06.png,363510303b715d4cbc384e1ce227e466b613a09e1b71ae985882bf8e7fbd9b18,256,256,0.0,8,57078,0.020833333333333332,0.0,0.0,0.020833333333333332,0.018129128962755203,17.416231155395508,0.4907205104827881,2.930438280105591,0.5427247285842896,0.34904593229293823,17.415983200073242
swin_mse_c32,MSE,06.png,363510303b715d4cbc384e1ce227e466b613a09e1b71ae985882bf8e7fbd9b18,256,256,0.0,9,57079,0.020833333333333332,0.0,0.0,0.020833333333333332,0.018248071894049644,17.38783073425293,0.5820391178131104,3.7886438369750977,0.5451138019561768,0.4382019639015198,17.38741683959961
swin_mse_c32,MSE,07.png,b77d3f006f42414bb242222e0482e750c0fb9e5ee8d4bed2f6f11c5605fe54a4,256,256,0.0,0,67070,0.020833333333333332,0.0,0.0,0.020833333333333332,0.015665343031287193,18.050601959228516,0.637213408946991,4.4034881591796875,0.46109825372695923,0.4964909553527832,18.050338745117188
swin_mse_c32,MSE,07.png,b77d3f006f42414bb242222e0482e750c0fb9e5ee8d4bed2f6f11c5605fe54a4,256,256,0.0,1,67071,0.020833333333333332,0.0,0.0,0.020833333333333332,0.01606672815978527,17.94072723388672,0.624893069267273,4.258449554443359,0.48747408390045166,0.478473961353302,17.940383911132812
swin_mse_c32,MSE,07.png,b77d3f006f42414bb242222e0482e750c0fb9e5ee8d4bed2f6f11c5605fe54a4,256,256,0.0,2,67072,0.020833333333333332,0.0,0.0,0.020833333333333332,0.017224106937646866,17.638633728027344,0.5995746850967407,3.9747848510742188,0.4876974821090698,0.4403318166732788,17.638254165649414
swin_mse_c32,MSE,07.png,b77d3f006f42414bb242222e0482e750c0fb9e5ee8d4bed2f6f11c5605fe54a4,256,256,0.0,3,67073,0.020833333333333332,0.0,0.0,0.020833333333333332,0.014014620333909988,18.53418731689453,0.6398887634277344,4.435633182525635,0.49848872423171997,0.5092459321022034,18.53386878967285
swin_mse_c32,MSE,07.png,b77d3f006f42414bb242222e0482e750c0fb9e5ee8d4bed2f6f11c5605fe54a4,256,256,0.0,4,67074,0.020833333333333332,0.0,0.0,0.020833333333333332,0.012802339158952236,18.927108764648438,0.6686817407608032,4.79754638671875,0.44038426876068115,0.546347975730896,18.92667007446289
swin_mse_c32,MSE,07.png,b77d3f006f42414bb242222e0482e750c0fb9e5ee8d4bed2f6f11c5605fe54a4,256,256,0.0,5,67075,0.020833333333333332,0.0,0.0,0.020833333333333332,0.019406303763389587,17.120573043823242,0.6145881414413452,4.140749454498291,0.4704676866531372,0.4696112275123596,17.120397567749023
swin_mse_c32,MSE,07.png,b77d3f006f42414bb242222e0482e750c0fb9e5ee8d4bed2f6f11c5605fe54a4,256,256,0.0,6,67076,0.020833333333333332,0.0,0.0,0.020833333333333332,0.017375104129314423,17.600725173950195,0.6039152145385742,4.02211856842041,0.48626846075057983,0.45149970054626465,17.60044288635254
swin_mse_c32,MSE,07.png,b77d3f006f42414bb242222e0482e750c0fb9e5ee8d4bed2f6f11c5605fe54a4,256,256,0.0,7,67077,0.020833333333333332,0.0,0.0,0.020833333333333332,0.01152035128325224,19.385343551635742,0.6815420985221863,4.969479560852051,0.4670787751674652,0.5541788339614868,19.384777069091797
swin_mse_c32,MSE,07.png,b77d3f006f42414bb242222e0482e750c0fb9e5ee8d4bed2f6f11c5605fe54a4,256,256,0.0,8,67078,0.020833333333333332,0.0,0.0,0.020833333333333332,0.015583123080432415,18.073455810546875,0.6211534738540649,4.215366840362549,0.49953681230545044,0.48348748683929443,18.07320785522461
swin_mse_c32,MSE,07.png,b77d3f006f42414bb242222e0482e750c0fb9e5ee8d4bed2f6f11c5605fe54a4,256,256,0.0,9,67079,0.020833333333333332,0.0,0.0,0.020833333333333332,0.013778924942016602,18.607847213745117,0.6580962538719177,4.660961151123047,0.4581699073314667,0.5321504473686218,18.60761833190918
swin_mse_c32,MSE,08.png,ba23983c76b4832ee0e8af0592664756841a16779acd69f792e268fb6d13d6e7,256,256,0.0,0,77070,0.020833333333333332,0.0,0.0,0.020833333333333332,0.03561854362487793,14.483238220214844,0.5402390956878662,3.3746795654296875,0.5507281422615051,0.38694876432418823,14.482938766479492
swin_mse_c32,MSE,08.png,ba23983c76b4832ee0e8af0592664756841a16779acd69f792e268fb6d13d6e7,256,256,0.0,1,77071,0.020833333333333332,0.0,0.0,0.020833333333333332,0.04154391586780548,13.814926147460938,0.4257991909980774,2.4093618392944336,0.5750561952590942,0.3005959391593933,13.814716339111328
swin_mse_c32,MSE,08.png,ba23983c76b4832ee0e8af0592664756841a16779acd69f792e268fb6d13d6e7,256,256,0.0,2,77072,0.020833333333333332,0.0,0.0,0.020833333333333332,0.041384078562259674,13.83166790008545,0.5128056406974792,3.1229777336120605,0.5357798337936401,0.36246490478515625,13.831613540649414
swin_mse_c32,MSE,08.png,ba23983c76b4832ee0e8af0592664756841a16779acd69f792e268fb6d13d6e7,256,256,0.0,3,77073,0.020833333333333332,0.0,0.0,0.020833333333333332,0.04489804804325104,13.477725982666016,0.46460139751434326,2.7132277488708496,0.5966068506240845,0.30393683910369873,13.47734546661377
swin_mse_c32,MSE,08.png,ba23983c76b4832ee0e8af0592664756841a16779acd69f792e268fb6d13d6e7,256,256,0.0,4,77074,0.020833333333333332,0.0,0.0,0.020833333333333332,0.0492783859372139,13.073434829711914,0.4815449118614197,2.852888584136963,0.5752812027931213,0.3265094757080078,13.073315620422363
swin_mse_c32,MSE,08.png,ba23983c76b4832ee0e8af0592664756841a16779acd69f792e268fb6d13d6e7,256,256,0.0,5,77075,0.020833333333333332,0.0,0.0,0.020833333333333332,0.04880600422620773,13.115267753601074,0.5093326568603516,3.092128276824951,0.5392071604728699,0.35959547758102417,13.115324974060059
swin_mse_c32,MSE,08.png,ba23983c76b4832ee0e8af0592664756841a16779acd69f792e268fb6d13d6e7,256,256,0.0,6,77076,0.020833333333333332,0.0,0.0,0.020833333333333332,0.047514598816633224,13.231730461120605,0.4447770118713379,2.555325508117676,0.5578130483627319,0.29315412044525146,13.231706619262695
swin_mse_c32,MSE,08.png,ba23983c76b4832ee0e8af0592664756841a16779acd69f792e268fb6d13d6e7,256,256,0.0,7,77077,0.020833333333333332,0.0,0.0,0.020833333333333332,0.04869070649147034,13.125539779663086,0.5165584683418274,3.1565604209899902,0.5482473969459534,0.3576810359954834,13.125382423400879
swin_mse_c32,MSE,08.png,ba23983c76b4832ee0e8af0592664756841a16779acd69f792e268fb6d13d6e7,256,256,0.0,8,77078,0.020833333333333332,0.0,0.0,0.020833333333333332,0.046676307916641235,13.309035301208496,0.4782549738883972,2.8254170417785645,0.5516242384910583,0.33157968521118164,13.308931350708008
swin_mse_c32,MSE,08.png,ba23983c76b4832ee0e8af0592664756841a16779acd69f792e268fb6d13d6e7,256,256,0.0,9,77079,0.020833333333333332,0.0,0.0,0.020833333333333332,0.04521399736404419,13.447271347045898,0.47172433137893677,2.7713940143585205,0.5692425966262817,0.3103160858154297,13.447357177734375
swin_mse_c32,MSE,09.png,6a4361c2fc194feb4edaa9f9a4a0620fb9943e460ac7fdf037fb0f6dd6607a7d,256,256,0.0,0,87070,0.020833333333333332,0.0,0.0,0.020833333333333332,0.01240911241620779,19.062593460083008,0.7581920027732849,6.1652936935424805,0.3782840371131897,0.6696082353591919,19.062267303466797
swin_mse_c32,MSE,09.png,6a4361c2fc194feb4edaa9f9a4a0620fb9943e460ac7fdf037fb0f6dd6607a7d,256,256,0.0,1,87071,0.020833333333333332,0.0,0.0,0.020833333333333332,0.013359654694795609,18.742048263549805,0.7278801202774048,5.652397155761719,0.3922147750854492,0.6121293306350708,18.74201011657715
swin_mse_c32,MSE,09.png,6a4361c2fc194feb4edaa9f9a4a0620fb9943e460ac7fdf037fb0f6dd6607a7d,256,256,0.0,2,87072,0.020833333333333332,0.0,0.0,0.020833333333333332,0.016758713871240616,17.75759506225586,0.6881680488586426,5.060793876647949,0.380043625831604,0.5764895081520081,17.757457733154297
swin_mse_c32,MSE,09.png,6a4361c2fc194feb4edaa9f9a4a0620fb9943e460ac7fdf037fb0f6dd6607a7d,256,256,0.0,3,87073,0.020833333333333332,0.0,0.0,0.020833333333333332,0.012676193378865719,18.970111846923828,0.7180622816085815,5.498468399047852,0.3597683608531952,0.6014014482498169,18.969608306884766
swin_mse_c32,MSE,09.png,6a4361c2fc194feb4edaa9f9a4a0620fb9943e460ac7fdf037fb0f6dd6607a7d,256,256,0.0,4,87074,0.020833333333333332,0.0,0.0,0.020833333333333332,0.008949830196797848,20.481853485107422,0.7420715689659119,5.885007858276367,0.3663480281829834,0.6404918432235718,20.481395721435547
swin_mse_c32,MSE,09.png,6a4361c2fc194feb4edaa9f9a4a0620fb9943e460ac7fdf037fb0f6dd6607a7d,256,256,0.0,5,87075,0.020833333333333332,0.0,0.0,0.020833333333333332,0.013832713477313519,18.590925216674805,0.713881254196167,5.434536933898926,0.3969486951828003,0.5954238176345825,18.59052085876465
swin_mse_c32,MSE,09.png,6a4361c2fc194feb4edaa9f9a4a0620fb9943e460ac7fdf037fb0f6dd6607a7d,256,256,0.0,6,87076,0.020833333333333332,0.0,0.0,0.020833333333333332,0.008765707723796368,20.57213020324707,0.7551530599594116,6.111053466796875,0.367048978805542,0.6544772982597351,20.571544647216797
swin_mse_c32,MSE,09.png,6a4361c2fc194feb4edaa9f9a4a0620fb9943e460ac7fdf037fb0f6dd6607a7d,256,256,0.0,7,87077,0.020833333333333332,0.0,0.0,0.020833333333333332,0.01023149024695158,19.900611877441406,0.7422663569450378,5.888289451599121,0.3459142744541168,0.635016918182373,19.900272369384766
swin_mse_c32,MSE,09.png,6a4361c2fc194feb4edaa9f9a4a0620fb9943e460ac7fdf037fb0f6dd6607a7d,256,256,0.0,8,87078,0.020833333333333332,0.0,0.0,0.020833333333333332,0.00621769716963172,22.063705444335938,0.7720522880554199,6.421647548675537,0.35789817571640015,0.6792603135108948,22.062910079956055
swin_mse_c32,MSE,09.png,6a4361c2fc194feb4edaa9f9a4a0620fb9943e460ac7fdf037fb0f6dd6607a7d,256,256,0.0,9,87079,0.020833333333333332,0.0,0.0,0.020833333333333332,0.020289713516831398,16.9272403717041,0.7051277160644531,5.3036603927612305,0.3639366030693054,0.5759829878807068,16.926952362060547
swin_mse_c32,MSE,10.png,9dfb70f5867c29ff9ed6313683f19b3d867849e40fbc0c4c54a4a89df341cf23,256,256,0.0,0,97070,0.020833333333333332,0.0,0.0,0.020833333333333332,0.0012306757271289825,29.09856605529785,0.8851770162582397,9.399711608886719,0.390272855758667,0.8417670130729675,29.09440803527832
swin_mse_c32,MSE,10.png,9dfb70f5867c29ff9ed6313683f19b3d867849e40fbc0c4c54a4a89df341cf23,256,256,0.0,1,97071,0.020833333333333332,0.0,0.0,0.020833333333333332,0.0011743170907720923,29.302146911621094,0.8732859492301941,8.971752166748047,0.3680577874183655,0.823407769203186,29.29671287536621
swin_mse_c32,MSE,10.png,9dfb70f5867c29ff9ed6313683f19b3d867849e40fbc0c4c54a4a89df341cf23,256,256,0.0,2,97072,0.020833333333333332,0.0,0.0,0.020833333333333332,0.0012983243213966489,28.866168975830078,0.8975524306297302,9.894984245300293,0.36883947253227234,0.857438862323761,28.86248016357422
swin_mse_c32,MSE,10.png,9dfb70f5867c29ff9ed6313683f19b3d867849e40fbc0c4c54a4a89df341cf23,256,256,0.0,3,97073,0.020833333333333332,0.0,0.0,0.020833333333333332,0.0009557571611367166,30.19652557373047,0.8887858390808105,9.538399696350098,0.35389941930770874,0.8439412713050842,30.191076278686523
swin_mse_c32,MSE,10.png,9dfb70f5867c29ff9ed6313683f19b3d867849e40fbc0c4c54a4a89df341cf23,256,256,0.0,4,97074,0.020833333333333332,0.0,0.0,0.020833333333333332,0.001583681209012866,28.00332260131836,0.8769714832305908,9.099942207336426,0.37882310152053833,0.8269718885421753,27.999866485595703
swin_mse_c32,MSE,10.png,9dfb70f5867c29ff9ed6313683f19b3d867849e40fbc0c4c54a4a89df341cf23,256,256,0.0,5,97075,0.020833333333333332,0.0,0.0,0.020833333333333332,0.0017467213328927755,27.5777645111084,0.8644236922264099,8.67816162109375,0.3961165249347687,0.8072574138641357,27.57442855834961
swin_mse_c32,MSE,10.png,9dfb70f5867c29ff9ed6313683f19b3d867849e40fbc0c4c54a4a89df341cf23,256,256,0.0,6,97076,0.020833333333333332,0.0,0.0,0.020833333333333332,0.0014612018130719662,28.35289764404297,0.8609489798545837,8.568258285522461,0.3682055175304413,0.803705632686615,28.349180221557617
swin_mse_c32,MSE,10.png,9dfb70f5867c29ff9ed6313683f19b3d867849e40fbc0c4c54a4a89df341cf23,256,256,0.0,7,97077,0.020833333333333332,0.0,0.0,0.020833333333333332,0.0014426003908738494,28.408538818359375,0.8842247724533081,9.363842964172363,0.3767011761665344,0.8412061929702759,28.404829025268555
swin_mse_c32,MSE,10.png,9dfb70f5867c29ff9ed6313683f19b3d867849e40fbc0c4c54a4a89df341cf23,256,256,0.0,8,97078,0.020833333333333332,0.0,0.0,0.020833333333333332,0.001071831095032394,29.69873809814453,0.8883135318756104,9.519994735717773,0.3810995817184448,0.8452810049057007,29.693021774291992
swin_mse_c32,MSE,10.png,9dfb70f5867c29ff9ed6313683f19b3d867849e40fbc0c4c54a4a89df341cf23,256,256,0.0,9,97079,0.020833333333333332,0.0,0.0,0.020833333333333332,0.0011344107333570719,29.45229721069336,0.8963868021965027,9.84584903717041,0.36142274737358093,0.858099639415741,29.447219848632812
swin_mse_c32,MSE,11.png,7936814b58b5387fce2e4e2488b4ec830dadd95fa9520f358ddb30990b50f2b6,256,256,0.0,0,107070,0.020833333333333332,0.0,0.0,0.020833333333333332,0.028675450012087822,15.424898147583008,0.556140661239624,3.5275464057922363,0.5068572163581848,0.4171844720840454,15.424909591674805
swin_mse_c32,MSE,11.png,7936814b58b5387fce2e4e2488b4ec830dadd95fa9520f358ddb30990b50f2b6,256,256,0.0,1,107071,0.020833333333333332,0.0,0.0,0.020833333333333332,0.04614759236574173,13.358510971069336,0.47328633069992065,2.784254312515259,0.5740998983383179,0.3068636655807495,13.358110427856445
swin_mse_c32,MSE,11.png,7936814b58b5387fce2e4e2488b4ec830dadd95fa9520f358ddb30990b50f2b6,256,256,0.0,2,107072,0.020833333333333332,0.0,0.0,0.020833333333333332,0.03764328360557556,14.243124961853027,0.506155252456665,3.0640957355499268,0.533591628074646,0.3387356400489807,14.243011474609375
swin_mse_c32,MSE,11.png,7936814b58b5387fce2e4e2488b4ec830dadd95fa9520f358ddb30990b50f2b6,256,256,0.0,3,107073,0.020833333333333332,0.0,0.0,0.020833333333333332,0.034458186477422714,14.627076148986816,0.5481146574020386,3.4497175216674805,0.5211584568023682,0.39672911167144775,14.626863479614258
swin_mse_c32,MSE,11.png,7936814b58b5387fce2e4e2488b4ec830dadd95fa9520f358ddb30990b50f2b6,256,256,0.0,4,107074,0.020833333333333332,0.0,0.0,0.020833333333333332,0.03467607870697975,14.599700927734375,0.5323049426078796,3.300372362136841,0.534466028213501,0.3764263391494751,14.599716186523438
swin_mse_c32,MSE,11.png,7936814b58b5387fce2e4e2488b4ec830dadd95fa9520f358ddb30990b50f2b6,256,256,0.0,5,107075,0.020833333333333332,0.0,0.0,0.020833333333333332,0.03022778406739235,15.195937156677246,0.5663018226623535,3.6281239986419678,0.5425530672073364,0.41504836082458496,15.195808410644531
swin_mse_c32,MSE,11.png,7936814b58b5387fce2e4e2488b4ec830dadd95fa9520f358ddb30990b50f2b6,256,256,0.0,6,107076,0.020833333333333332,0.0,0.0,0.020833333333333332,0.026826422661542892,15.714372634887695,0.5898416638374329,3.8704845905303955,0.5450201034545898,0.45201826095581055,15.714149475097656
swin_mse_c32,MSE,11.png,7936814b58b5387fce2e4e2488b4ec830dadd95fa9520f358ddb30990b50f2b6,256,256,0.0,7,107077,0.020833333333333332,0.0,0.0,0.020833333333333332,0.03178293630480766,14.978060722351074,0.5623363256454468,3.588595151901245,0.538749098777771,0.41510581970214844,14.977874755859375
swin_mse_c32,MSE,11.png,7936814b58b5387fce2e4e2488b4ec830dadd95fa9520f358ddb30990b50f2b6,256,256,0.0,8,107078,0.020833333333333332,0.0,0.0,0.020833333333333332,0.030447324737906456,15.164508819580078,0.560611367225647,3.571512222290039,0.5275065898895264,0.41044312715530396,15.164383888244629
swin_mse_c32,MSE,11.png,7936814b58b5387fce2e4e2488b4ec830dadd95fa9520f358ddb30990b50f2b6,256,256,0.0,9,107079,0.020833333333333332,0.0,0.0,0.020833333333333332,0.02750997059047222,15.605098724365234,0.5919191241264343,3.8925375938415527,0.5149611234664917,0.4530535936355591,15.604948997497559
swin_mse_c32,MSE,12.png,d78c37c2f04f23761ed2367dd77e2db584ddd4c3950833fecf89f199a8126980,256,256,0.0,0,117070,0.020833333333333332,0.0,0.0,0.020833333333333332,0.00907818228006363,20.420013427734375,0.6598957180976868,4.683879375457764,0.4994506239891052,0.5148120522499084,20.419118881225586
swin_mse_c32,MSE,12.png,d78c37c2f04f23761ed2367dd77e2db584ddd4c3950833fecf89f199a8126980,256,256,0.0,1,117071,0.020833333333333332,0.0,0.0,0.020833333333333332,0.007066746708005667,21.50780487060547,0.7044014930725098,5.292977809906006,0.4950963258743286,0.5831477642059326,21.50678825378418
swin_mse_c32,MSE,12.png,d78c37c2f04f23761ed2367dd77e2db584ddd4c3950833fecf89f199a8126980,256,256,0.0,2,117072,0.020833333333333332,0.0,0.0,0.020833333333333332,0.00524178659543395,22.805206298828125,0.746031641960144,5.952203750610352,0.41570931673049927,0.6509236097335815,22.803878784179688
swin_mse_c32,MSE,12.png,d78c37c2f04f23761ed2367dd77e2db584ddd4c3950833fecf89f199a8126980,256,256,0.0,3,117073,0.020833333333333332,0.0,0.0,0.020833333333333332,0.007044057361781597,21.521774291992188,0.6851364970207214,5.018776893615723,0.4908936619758606,0.5518736839294434,21.521303176879883
swin_mse_c32,MSE,12.png,d78c37c2f04f23761ed2367dd77e2db584ddd4c3950833fecf89f199a8126980,256,256,0.0,4,117074,0.020833333333333332,0.0,0.0,0.020833333333333332,0.008119012229144573,20.90496826171875,0.7189310789108276,5.511872291564941,0.4526616334915161,0.6045027375221252,20.904212951660156
swin_mse_c32,MSE,12.png,d78c37c2f04f23761ed2367dd77e2db584ddd4c3950833fecf89f199a8126980,256,256,0.0,5,117075,0.020833333333333332,0.0,0.0,0.020833333333333332,0.008332404308021069,20.79229736328125,0.7146422266960144,5.446103096008301,0.4659954309463501,0.5945425629615784,20.791820526123047
swin_mse_c32,MSE,12.png,d78c37c2f04f23761ed2367dd77e2db584ddd4c3950833fecf89f199a8126980,256,256,0.0,6,117076,0.020833333333333332,0.0,0.0,0.020833333333333332,0.0072105275467038155,21.420330047607422,0.6659567952156067,4.7619733810424805,0.4524359107017517,0.5184898972511292,21.419212341308594
swin_mse_c32,MSE,12.png,d78c37c2f04f23761ed2367dd77e2db584ddd4c3950833fecf89f199a8126980,256,256,0.0,7,117077,0.020833333333333332,0.0,0.0,0.020833333333333332,0.007142331451177597,21.46160125732422,0.706762969493866,5.3278117179870605,0.4395681917667389,0.5893125534057617,21.460857391357422
swin_mse_c32,MSE,12.png,d78c37c2f04f23761ed2367dd77e2db584ddd4c3950833fecf89f199a8126980,256,256,0.0,8,117078,0.020833333333333332,0.0,0.0,0.020833333333333332,0.008474156260490417,20.719036102294922,0.7122734785079956,5.410201072692871,0.4335956275463104,0.589661180973053,20.718544006347656
swin_mse_c32,MSE,12.png,d78c37c2f04f23761ed2367dd77e2db584ddd4c3950833fecf89f199a8126980,256,256,0.0,9,117079,0.020833333333333332,0.0,0.0,0.020833333333333332,0.0073067983612418175,21.362728118896484,0.699549674987793,5.222272872924805,0.4885106086730957,0.5746767520904541,21.361515045166016
swin_mse_c32,MSE,13.png,bc34a3ce58dea09dce1704c997171602de90cb34d0c8503a988b77f473d39b08,256,256,0.0,0,127070,0.020833333333333332,0.0,0.0,0.020833333333333332,0.018514331430196762,17.324920654296875,0.5770063400268555,3.736661434173584,0.6491389274597168,0.4427799582481384,17.324865341186523
swin_mse_c32,MSE,13.png,bc34a3ce58dea09dce1704c997171602de90cb34d0c8503a988b77f473d39b08,256,256,0.0,1,127071,0.020833333333333332,0.0,0.0,0.020833333333333332,0.01939106360077858,17.12398338317871,0.5708355903625488,3.6737630367279053,0.6474989056587219,0.4322981834411621,17.123607635498047
swin_mse_c32,MSE,13.png,bc34a3ce58dea09dce1704c997171602de90cb34d0c8503a988b77f473d39b08,256,256,0.0,2,127072,0.020833333333333332,0.0,0.0,0.020833333333333332,0.02198372408747673,16.57898712158203,0.5219222903251648,3.205015182495117,0.6585091948509216,0.36516833305358887,16.579082489013672
swin_mse_c32,MSE,13.png,bc34a3ce58dea09dce1704c997171602de90cb34d0c8503a988b77f473d39b08,256,256,0.0,3,127073,0.020833333333333332,0.0,0.0,0.020833333333333332,0.018701966851949692,17.2811279296875,0.55865877866745,3.552255153656006,0.6462119817733765,0.42395442724227905,17.280723571777344
swin_mse_c32,MSE,13.png,bc34a3ce58dea09dce1704c997171602de90cb34d0c8503a988b77f473d39b08,256,256,0.0,4,127074,0.020833333333333332,0.0,0.0,0.020833333333333332,0.019881611689925194,17.015483856201172,0.5636014938354492,3.6011674404144287,0.6711911559104919,0.4204300045967102,17.015247344970703
swin_mse_c32,MSE,13.png,bc34a3ce58dea09dce1704c997171602de90cb34d0c8503a988b77f473d39b08,256,256,0.0,5,127075,0.020833333333333332,0.0,0.0,0.020833333333333332,0.01731683500111103,17.615314483642578,0.5927832722663879,3.9017438888549805,0.6387357711791992,0.4604405164718628,17.615083694458008
swin_mse_c32,MSE,13.png,bc34a3ce58dea09dce1704c997171602de90cb34d0c8503a988b77f473d39b08,256,256,0.0,6,127076,0.020833333333333332,0.0,0.0,0.020833333333333332,0.018956545740365982,17.222408294677734,0.5577700138092041,3.54351806640625,0.6758276224136353,0.41916292905807495,17.222034454345703
swin_mse_c32,MSE,13.png,bc34a3ce58dea09dce1704c997171602de90cb34d0c8503a988b77f473d39b08,256,256,0.0,7,127077,0.020833333333333332,0.0,0.0,0.020833333333333332,0.01902392879128456,17.20699691772461,0.5499369502067566,3.46726655960083,0.6268335580825806,0.4039219617843628,17.20659065246582
swin_mse_c32,MSE,13.png,bc34a3ce58dea09dce1704c997171602de90cb34d0c8503a988b77f473d39b08,256,256,0.0,8,127078,0.020833333333333332,0.0,0.0,0.020833333333333332,0.021189283579587936,16.73883819580078,0.5182526707649231,3.171806812286377,0.6453225612640381,0.3683600425720215,16.73845100402832
swin_mse_c32,MSE,13.png,bc34a3ce58dea09dce1704c997171602de90cb34d0c8503a988b77f473d39b08,256,256,0.0,9,127079,0.020833333333333332,0.0,0.0,0.020833333333333332,0.02112545445561409,16.75193977355957,0.5102885961532593,3.100597858428955,0.6287146210670471,0.35196053981781006,16.7518310546875
swin_mse_c32,MSE,14.png,55a94550ff18f3246c4074fd32b77b0c74447c26b6ad274d564d999c0450ba6e,256,256,0.0,0,137070,0.020833333333333332,0.0,0.0,0.020833333333333332,0.03111162781715393,15.070773124694824,0.5430108904838562,3.4009413719177246,0.5409258604049683,0.422760009765625,15.07067584991455
swin_mse_c32,MSE,14.png,55a94550ff18f3246c4074fd32b77b0c74447c26b6ad274d564d999c0450ba6e,256,256,0.0,1,137071,0.020833333333333332,0.0,0.0,0.020833333333333332,0.026080340147018433,15.836868286132812,0.6118910908699036,4.110464096069336,0.5085136890411377,0.5036238431930542,15.836585998535156
swin_mse_c32,MSE,14.png,55a94550ff18f3246c4074fd32b77b0c74447c26b6ad274d564d999c0450ba6e,256,256,0.0,2,137072,0.020833333333333332,0.0,0.0,0.020833333333333332,0.028567180037498474,15.441326141357422,0.5647314786911011,3.6124274730682373,0.51906818151474,0.4367499351501465,15.441003799438477
swin_mse_c32,MSE,14.png,55a94550ff18f3246c4074fd32b77b0c74447c26b6ad274d564d999c0450ba6e,256,256,0.0,3,137073,0.020833333333333332,0.0,0.0,0.020833333333333332,0.02502354606986046,16.016511917114258,0.619623064994812,4.1978583335876465,0.5181087255477905,0.5098248720169067,16.016536712646484
swin_mse_c32,MSE,14.png,55a94550ff18f3246c4074fd32b77b0c74447c26b6ad274d564d999c0450ba6e,256,256,0.0,4,137074,0.020833333333333332,0.0,0.0,0.020833333333333332,0.028739500790834427,15.41520881652832,0.5637185573577881,3.602332592010498,0.5526608824729919,0.44180840253829956,15.415285110473633
swin_mse_c32,MSE,14.png,55a94550ff18f3246c4074fd32b77b0c74447c26b6ad274d564d999c0450ba6e,256,256,0.0,5,137075,0.020833333333333332,0.0,0.0,0.020833333333333332,0.028419991955161095,15.463761329650879,0.5681012868881226,3.646181106567383,0.5322397351264954,0.43718206882476807,15.46352481842041
swin_mse_c32,MSE,14.png,55a94550ff18f3246c4074fd32b77b0c74447c26b6ad274d564d999c0450ba6e,256,256,0.0,6,137076,0.020833333333333332,0.0,0.0,0.020833333333333332,0.031073015183210373,15.076166152954102,0.5415851473808289,3.387413263320923,0.5727795958518982,0.4132882356643677,15.075860977172852
swin_mse_c32,MSE,14.png,55a94550ff18f3246c4074fd32b77b0c74447c26b6ad274d564d999c0450ba6e,256,256,0.0,7,137077,0.020833333333333332,0.0,0.0,0.020833333333333332,0.03143899515271187,15.025314331054688,0.589471161365509,3.866563320159912,0.5131606459617615,0.46653151512145996,15.025192260742188
swin_mse_c32,MSE,14.png,55a94550ff18f3246c4074fd32b77b0c74447c26b6ad274d564d999c0450ba6e,256,256,0.0,8,137078,0.020833333333333332,0.0,0.0,0.020833333333333332,0.03125926852226257,15.050211906433105,0.5635532140731812,3.600687026977539,0.5342840552330017,0.44075870513916016,15.0499906539917
swin_mse_c32,MSE,14.png,55a94550ff18f3246c4074fd32b77b0c74447c26b6ad274d564d999c0450ba6e,256,256,0.0,9,137079,0.020833333333333332,0.0,0.0,0.020833333333333332,0.02602238953113556,15.846529006958008,0.6034072637557983,4.016552448272705,0.48980289697647095,0.4877666234970093,15.846475601196289
swin_mse_c32,MSE,15.png,7538cbb80cb9103606c48b806eae57d56c885c7f90b9b3be70a41160f9cbb683,256,256,0.0,0,147070,0.020833333333333332,0.0,0.0,0.020833333333333332,0.02025974728167057,16.93366050720215,0.6542977690696716,4.612977981567383,0.5721001625061035,0.5117039084434509,16.933391571044922
swin_mse_c32,MSE,15.png,7538cbb80cb9103606c48b806eae57d56c885c7f90b9b3be70a41160f9cbb683,256,256,0.0,1,147071,0.020833333333333332,0.0,0.0,0.020833333333333332,0.013365644961595535,18.740102767944336,0.6803359985351562,4.953063011169434,0.56326824426651,0.5495104789733887,18.739761352539062
swin_mse_c32,MSE,15.png,7538cbb80cb9103606c48b806eae57d56c885c7f90b9b3be70a41160f9cbb683,256,256,0.0,2,147072,0.020833333333333332,0.0,0.0,0.020833333333333332,0.01517077162861824,18.189924240112305,0.6774669885635376,4.91425895690918,0.562989354133606,0.548851728439331,18.189420700073242
swin_mse_c32,MSE,15.png,7538cbb80cb9103606c48b806eae57d56c885c7f90b9b3be70a41160f9cbb683,256,256,0.0,3,147073,0.020833333333333332,0.0,0.0,0.020833333333333332,0.016717039048671722,17.76840591430664,0.6433640718460083,4.477749347686768,0.6004487872123718,0.5027047395706177,17.768037796020508
swin_mse_c32,MSE,15.png,7538cbb80cb9103606c48b806eae57d56c885c7f90b9b3be70a41160f9cbb683,256,256,0.0,4,147074,0.020833333333333332,0.0,0.0,0.020833333333333332,0.019338779151439667,17.135709762573242,0.6618408560752869,4.708788871765137,0.581030547618866,0.5260302424430847,17.13518714904785
swin_mse_c32,MSE,15.png,7538cbb80cb9103606c48b806eae57d56c885c7f90b9b3be70a41160f9cbb683,256,256,0.0,5,147075,0.020833333333333332,0.0,0.0,0.020833333333333332,0.012391812168061733,19.068653106689453,0.6630160808563232,4.723908424377441,0.5642017722129822,0.5067380666732788,19.067913055419922
swin_mse_c32,MSE,15.png,7538cbb80cb9103606c48b806eae57d56c885c7f90b9b3be70a41160f9cbb683,256,256,0.0,6,147076,0.020833333333333332,0.0,0.0,0.020833333333333332,0.013276057317852974,18.769309997558594,0.6792935132980347,4.938922882080078,0.5602832436561584,0.5486335754394531,18.768938064575195
swin_mse_c32,MSE,15.png,7538cbb80cb9103606c48b806eae57d56c885c7f90b9b3be70a41160f9cbb683,256,256,0.0,7,147077,0.020833333333333332,0.0,0.0,0.020833333333333332,0.02040707878768444,16.902191162109375,0.6523882150650024,4.589055061340332,0.5767136216163635,0.5115602016448975,16.901926040649414
swin_mse_c32,MSE,15.png,7538cbb80cb9103606c48b806eae57d56c885c7f90b9b3be70a41160f9cbb683,256,256,0.0,8,147078,0.020833333333333332,0.0,0.0,0.020833333333333332,0.020332805812358856,16.918027877807617,0.6578783988952637,4.6581950187683105,0.5722243785858154,0.5095744729042053,16.918121337890625
swin_mse_c32,MSE,15.png,7538cbb80cb9103606c48b806eae57d56c885c7f90b9b3be70a41160f9cbb683,256,256,0.0,9,147079,0.020833333333333332,0.0,0.0,0.020833333333333332,0.01874496228992939,17.271154403686523,0.6467940807342529,4.519720077514648,0.5525756478309631,0.49171656370162964,17.27070426940918
swin_mse_c32,MSE,16.png,a89c7268ccd4718ba424a99fc4643c572cf692ca6eae887185ceb4e9f11d2e54,256,256,0.0,0,157070,0.020833333333333332,0.0,0.0,0.020833333333333332,0.006633830722421408,21.782358169555664,0.7471534013748169,5.971429347991943,0.47705474495887756,0.6596879363059998,21.781538009643555
swin_mse_c32,MSE,16.png,a89c7268ccd4718ba424a99fc4643c572cf692ca6eae887185ceb4e9f11d2e54,256,256,0.0,1,157071,0.020833333333333332,0.0,0.0,0.020833333333333332,0.004452759400010109,23.513708114624023,0.7441573143005371,5.920269966125488,0.48920074105262756,0.6573654413223267,23.51266860961914
swin_mse_c32,MSE,16.png,a89c7268ccd4718ba424a99fc4643c572cf692ca6eae887185ceb4e9f11d2e54,256,256,0.0,2,157072,0.020833333333333332,0.0,0.0,0.020833333333333332,0.00440981425344944,23.555795669555664,0.7553762197494507,6.115013122558594,0.4910644292831421,0.6757142543792725,23.554832458496094
swin_mse_c32,MSE,16.png,a89c7268ccd4718ba424a99fc4643c572cf692ca6eae887185ceb4e9f11d2e54,256,256,0.0,3,157073,0.020833333333333332,0.0,0.0,0.020833333333333332,0.004462530370801687,23.504188537597656,0.7444757223129272,5.925678253173828,0.4603302776813507,0.6633394360542297,23.502811431884766
swin_mse_c32,MSE,16.png,a89c7268ccd4718ba424a99fc4643c572cf692ca6eae887185ceb4e9f11d2e54,256,256,0.0,4,157074,0.020833333333333332,0.0,0.0,0.020833333333333332,0.0042280578054487705,23.73859214782715,0.7532541155815125,6.07750129699707,0.5119815468788147,0.6771501302719116,23.737009048461914
swin_mse_c32,MSE,16.png,a89c7268ccd4718ba424a99fc4643c572cf692ca6eae887185ceb4e9f11d2e54,256,256,0.0,5,157075,0.020833333333333332,0.0,0.0,0.020833333333333332,0.0038543320260941982,24.1405086517334,0.7643455266952515,6.277243614196777,0.4836311340332031,0.6883397698402405,24.13882827758789
swin_mse_c32,MSE,16.png,a89c7268ccd4718ba424a99fc4643c572cf692ca6eae887185ceb4e9f11d2e54,256,256,0.0,6,157076,0.020833333333333332,0.0,0.0,0.020833333333333332,0.004557423759251833,23.41280746459961,0.7354631423950195,5.775138854980469,0.47109276056289673,0.644811749458313,23.411272048950195
swin_mse_c32,MSE,16.png,a89c7268ccd4718ba424a99fc4643c572cf692ca6eae887185ceb4e9f11d2e54,256,256,0.0,7,157077,0.020833333333333332,0.0,0.0,0.020833333333333332,0.004209127277135849,23.758079528808594,0.7441503405570984,5.920151710510254,0.4834708571434021,0.6620158553123474,23.756887435913086
swin_mse_c32,MSE,16.png,a89c7268ccd4718ba424a99fc4643c572cf692ca6eae887185ceb4e9f11d2e54,256,256,0.0,8,157078,0.020833333333333332,0.0,0.0,0.020833333333333332,0.004803827032446861,23.184125900268555,0.7507862448692322,6.034279823303223,0.4421904683113098,0.6691895127296448,23.183013916015625
swin_mse_c32,MSE,16.png,a89c7268ccd4718ba424a99fc4643c572cf692ca6eae887185ceb4e9f11d2e54,256,256,0.0,9,157079,0.020833333333333332,0.0,0.0,0.020833333333333332,0.004414713010191917,23.550975799560547,0.7353758811950684,5.773705959320068,0.49698761105537415,0.6415895223617554,23.549800872802734
swin_mse_c32,MSE,17.png,37afcc89fbdcb76d9518e04b2fc011027e2f4cd14b3b2f83cefd721641a47c5b,256,256,0.0,0,167070,0.020833333333333332,0.0,0.0,0.020833333333333332,0.006313619203865528,21.99721908569336,0.7400493621826172,5.8510918617248535,0.4775514602661133,0.6391009092330933,21.996383666992188
swin_mse_c32,MSE,17.png,37afcc89fbdcb76d9518e04b2fc011027e2f4cd14b3b2f83cefd721641a47c5b,256,256,0.0,1,167071,0.020833333333333332,0.0,0.0,0.020833333333333332,0.00872259121388197,20.59354591369629,0.7042367458343506,5.290557861328125,0.46244966983795166,0.585928738117218,20.592805862426758
swin_mse_c32,MSE,17.png,37afcc89fbdcb76d9518e04b2fc011027e2f4cd14b3b2f83cefd721641a47c5b,256,256,0.0,2,167072,0.020833333333333332,0.0,0.0,0.020833333333333332,0.005992134567350149,22.224185943603516,0.7354252338409424,5.7745161056518555,0.4699268341064453,0.6321988701820374,22.223697662353516
swin_mse_c32,MSE,17.png,37afcc89fbdcb76d9518e04b2fc011027e2f4cd14b3b2f83cefd721641a47c5b,256,256,0.0,3,167073,0.020833333333333332,0.0,0.0,0.020833333333333332,0.006507462821900845,21.86588478088379,0.7410935163497925,5.868570804595947,0.48256295919418335,0.6430886387825012,21.865386962890625
swin_mse_c32,MSE,17.png,37afcc89fbdcb76d9518e04b2fc011027e2f4cd14b3b2f83cefd721641a47c5b,256,256,0.0,4,167074,0.020833333333333332,0.0,0.0,0.020833333333333332,0.006295525934547186,22.009679794311523,0.7537745833396912,6.086671352386475,0.46297916769981384,0.6497263312339783,22.00911521911621
swin_mse_c32,MSE,17.png,37afcc89fbdcb76d9518e04b2fc011027e2f4cd14b3b2f83cefd721641a47c5b,256,256,0.0,5,167075,0.020833333333333332,0.0,0.0,0.020833333333333332,0.005990803241729736,22.22515106201172,0.7255157828330994,5.614826202392578,0.5071964859962463,0.6154098510742188,22.224586486816406
swin_mse_c32,MSE,17.png,37afcc89fbdcb76d9518e04b2fc011027e2f4cd14b3b2f83cefd721641a47c5b,256,256,0.0,6,167076,0.020833333333333332,0.0,0.0,0.020833333333333332,0.007752649486064911,21.105499267578125,0.7244468927383423,5.597946643829346,0.4985387325286865,0.6234660148620605,21.104337692260742
swin_mse_c32,MSE,17.png,37afcc89fbdcb76d9518e04b2fc011027e2f4cd14b3b2f83cefd721641a47c5b,256,256,0.0,7,167077,0.020833333333333332,0.0,0.0,0.020833333333333332,0.006310080643743277,21.999652862548828,0.741344153881073,5.872776985168457,0.4639509916305542,0.6324838399887085,21.99925994873047
swin_mse_c32,MSE,17.png,37afcc89fbdcb76d9518e04b2fc011027e2f4cd14b3b2f83cefd721641a47c5b,256,256,0.0,8,167078,0.020833333333333332,0.0,0.0,0.020833333333333332,0.009311053901910782,20.31001091003418,0.6776851415634155,4.917197227478027,0.5072418451309204,0.555098295211792,20.309274673461914
swin_mse_c32,MSE,17.png,37afcc89fbdcb76d9518e04b2fc011027e2f4cd14b3b2f83cefd721641a47c5b,256,256,0.0,9,167079,0.020833333333333332,0.0,0.0,0.020833333333333332,0.007006510626524687,21.54498291015625,0.6986634731292725,5.209482192993164,0.51656574010849,0.573493242263794,21.54351043701172
swin_mse_c32,MSE,18.png,1a9258c365988961d87a0598725b609139c303ad48a5aad6c503c3b1a87849aa,256,256,0.0,0,177070,0.020833333333333332,0.0,0.0,0.020833333333333332,0.02563352696597576,15.911916732788086,0.5007426738739014,3.0167558193206787,0.5847617387771606,0.34953320026397705,15.91160774230957
swin_mse_c32,MSE,18.png,1a9258c365988961d87a0598725b609139c303ad48a5aad6c503c3b1a87849aa,256,256,0.0,1,177071,0.020833333333333332,0.0,0.0,0.020833333333333332,0.022385064512491226,16.500417709350586,0.5016908049583435,3.0250110626220703,0.5828640460968018,0.35131537914276123,16.500207901000977
swin_mse_c32,MSE,18.png,1a9258c365988961d87a0598725b609139c303ad48a5aad6c503c3b1a87849aa,256,256,0.0,2,177072,0.020833333333333332,0.0,0.0,0.020833333333333332,0.022451749071478844,16.487499237060547,0.5065240263938904,3.0673398971557617,0.5808645486831665,0.3569777011871338,16.487276077270508
swin_mse_c32,MSE,18.png,1a9258c365988961d87a0598725b609139c303ad48a5aad6c503c3b1a87849aa,256,256,0.0,3,177073,0.020833333333333332,0.0,0.0,0.020833333333333332,0.017849698662757874,17.483692169189453,0.5866705775260925,3.8370368480682373,0.5696741342544556,0.4450472593307495,17.483261108398438
swin_mse_c32,MSE,18.png,1a9258c365988961d87a0598725b609139c303ad48a5aad6c503c3b1a87849aa,256,256,0.0,4,177074,0.020833333333333332,0.0,0.0,0.020833333333333332,0.02294691652059555,16.392757415771484,0.4821578860282898,2.8580262660980225,0.579999566078186,0.34518229961395264,16.392473220825195
swin_mse_c32,MSE,18.png,1a9258c365988961d87a0598725b609139c303ad48a5aad6c503c3b1a87849aa,256,256,0.0,5,177075,0.020833333333333332,0.0,0.0,0.020833333333333332,0.016076218336820602,17.938159942626953,0.5848218202590942,3.817654848098755,0.5749713778495789,0.43998968601226807,17.937562942504883
swin_mse_c32,MSE,18.png,1a9258c365988961d87a0598725b609139c303ad48a5aad6c503c3b1a87849aa,256,256,0.0,6,177076,0.020833333333333332,0.0,0.0,0.020833333333333332,0.02476997673511505,16.060745239257812,0.5470957159996033,3.4399356842041016,0.5932915210723877,0.3964575529098511,16.060569763183594
swin_mse_c32,MSE,18.png,1a9258c365988961d87a0598725b609139c303ad48a5aad6c503c3b1a87849aa,256,256,0.0,7,177077,0.020833333333333332,0.0,0.0,0.020833333333333332,0.019311456009745598,17.141849517822266,0.5655876398086548,3.620978355407715,0.6004788279533386,0.40921521186828613,17.141443252563477
swin_mse_c32,MSE,18.png,1a9258c365988961d87a0598725b609139c303ad48a5aad6c503c3b1a87849aa,256,256,0.0,8,177078,0.020833333333333332,0.0,0.0,0.020833333333333332,0.020484261214733124,16.88579750061035,0.5310487151145935,3.2887229919433594,0.5920249819755554,0.37453770637512207,16.88524627685547
swin_mse_c32,MSE,18.png,1a9258c365988961d87a0598725b609139c303ad48a5aad6c503c3b1a87849aa,256,256,0.0,9,177079,0.020833333333333332,0.0,0.0,0.020833333333333332,0.016544576734304428,17.813444137573242,0.5741257071495056,3.707185745239258,0.5728610754013062,0.42792361974716187,17.813228607177734
swin_mse_c32,MSE,19.png,b7450b264b1b0a411390d8931b112c27905a992520fc90569dc4b920aa32bbdc,256,256,0.0,0,187070,0.020833333333333332,0.0,0.0,0.020833333333333332,0.020480621606111526,16.88656997680664,0.5712425112724304,3.6778829097747803,0.5472266674041748,0.40563035011291504,16.88632583618164
swin_mse_c32,MSE,19.png,b7450b264b1b0a411390d8931b112c27905a992520fc90569dc4b920aa32bbdc,256,256,0.0,1,187071,0.020833333333333332,0.0,0.0,0.020833333333333332,0.01962459459900856,17.071992874145508,0.5342702269554138,3.318660259246826,0.5097482204437256,0.4130741357803345,17.071887969970703
swin_mse_c32,MSE,19.png,b7450b264b1b0a411390d8931b112c27905a992520fc90569dc4b920aa32bbdc,256,256,0.0,2,187072,0.020833333333333332,0.0,0.0,0.020833333333333332,0.012839199975132942,18.914621353149414,0.6261548399925232,4.273082256317139,0.5444319248199463,0.49411314725875854,18.914249420166016
swin_mse_c32,MSE,19.png,b7450b264b1b0a411390d8931b112c27905a992520fc90569dc4b920aa32bbdc,256,256,0.0,3,187073,0.020833333333333332,0.0,0.0,0.020833333333333332,0.013980593532323837,18.54474639892578,0.5785730481147766,3.752777099609375,0.5601593852043152,0.44447213411331177,18.544193267822266
swin_mse_c32,MSE,19.png,b7450b264b1b0a411390d8931b112c27905a992520fc90569dc4b920aa32bbdc,256,256,0.0,4,187074,0.020833333333333332,0.0,0.0,0.020833333333333332,0.015330876223742962,18.144330978393555,0.6255055069923401,4.265545845031738,0.546858012676239,0.504888653755188,18.14404296875
swin_mse_c32,MSE,19.png,b7450b264b1b0a411390d8931b112c27905a992520fc90569dc4b920aa32bbdc,256,256,0.0,5,187075,0.020833333333333332,0.0,0.0,0.020833333333333332,0.015463161282241344,18.107017517089844,0.5777957439422607,3.744774103164673,0.5254541039466858,0.4444105625152588,18.106800079345703
swin_mse_c32,MSE,19.png,b7450b264b1b0a411390d8931b112c27905a992520fc90569dc4b920aa32bbdc,256,256,0.0,6,187076,0.020833333333333332,0.0,0.0,0.020833333333333332,0.01962171494960785,17.0726318359375,0.5733469724655151,3.699251651763916,0.5548344254493713,0.42704129219055176,17.072450637817383
swin_mse_c32,MSE,19.png,b7450b264b1b0a411390d8931b112c27905a992520fc90569dc4b920aa32bbdc,256,256,0.0,7,187077,0.020833333333333332,0.0,0.0,0.020833333333333332,0.017053881660103798,17.681766510009766,0.5973101258277893,3.9502930641174316,0.5793579816818237,0.4465664029121399,17.681482315063477
swin_mse_c32,MSE,19.png,b7450b264b1b0a411390d8931b112c27905a992520fc90569dc4b920aa32bbdc,256,256,0.0,8,187078,0.020833333333333332,0.0,0.0,0.020833333333333332,0.011956262402236462,19.224048614501953,0.622803807258606,4.23432731628418,0.5244585275650024,0.4937185049057007,19.223228454589844
swin_mse_c32,MSE,19.png,b7450b264b1b0a411390d8931b112c27905a992520fc90569dc4b920aa32bbdc,256,256,0.0,9,187079,0.020833333333333332,0.0,0.0,0.020833333333333332,0.011011182330548763,19.581661224365234,0.6473485231399536,4.526543140411377,0.5049493908882141,0.5196709036827087,19.58162498474121
swin_mse_c32,MSE,20.png,3b46c71e3b92a563820ba32936be8330c586c41f938efd94be938386aae4328a,256,256,0.0,0,197070,0.020833333333333332,0.0,0.0,0.020833333333333332,0.01853540912270546,17.319978713989258,0.7482296824455261,5.989954471588135,0.4832901656627655,0.6472777128219604,17.31964874267578
swin_mse_c32,MSE,20.png,3b46c71e3b92a563820ba32936be8330c586c41f938efd94be938386aae4328a,256,256,0.0,1,197071,0.020833333333333332,0.0,0.0,0.020833333333333332,0.02775890938937664,15.565977096557617,0.7244271636009216,5.5976362228393555,0.5023152232170105,0.6123014092445374,15.565677642822266
swin_mse_c32,MSE,20.png,3b46c71e3b92a563820ba32936be8330c586c41f938efd94be938386aae4328a,256,256,0.0,2,197072,0.020833333333333332,0.0,0.0,0.020833333333333332,0.019777337089180946,17.03832244873047,0.7275034785270691,5.646390438079834,0.49211785197257996,0.612140953540802,17.03788185119629
swin_mse_c32,MSE,20.png,3b46c71e3b92a563820ba32936be8330c586c41f938efd94be938386aae4328a,256,256,0.0,3,197073,0.020833333333333332,0.0,0.0,0.020833333333333332,0.024946846067905426,16.029844284057617,0.7151500582695007,5.45383882522583,0.5312904119491577,0.6036245226860046,16.029682159423828
swin_mse_c32,MSE,20.png,3b46c71e3b92a563820ba32936be8330c586c41f938efd94be938386aae4328a,256,256,0.0,4,197074,0.020833333333333332,0.0,0.0,0.020833333333333332,0.020322801545262337,16.920164108276367,0.7136214971542358,5.430596351623535,0.4855559468269348,0.5820817351341248,16.920108795166016
swin_mse_c32,MSE,20.png,3b46c71e3b92a563820ba32936be8330c586c41f938efd94be938386aae4328a,256,256,0.0,5,197075,0.020833333333333332,0.0,0.0,0.020833333333333332,0.027110641822218895,15.668601989746094,0.6804811358451843,4.955035209655762,0.5227644443511963,0.5570119023323059,15.668380737304688
swin_mse_c32,MSE,20.png,3b46c71e3b92a563820ba32936be8330c586c41f938efd94be938386aae4328a,256,256,0.0,6,197076,0.020833333333333332,0.0,0.0,0.020833333333333332,0.03538450598716736,14.511869430541992,0.6900323629379272,5.086836814880371,0.5287173390388489,0.5656912326812744,14.511863708496094
swin_mse_c32,MSE,20.png,3b46c71e3b92a563820ba32936be8330c586c41f938efd94be938386aae4328a,256,256,0.0,7,197077,0.020833333333333332,0.0,0.0,0.020833333333333332,0.022050008177757263,16.5659122467041,0.718075156211853,5.498666286468506,0.5031558275222778,0.602676272392273,16.56551742553711
swin_mse_c32,MSE,20.png,3b46c71e3b92a563820ba32936be8330c586c41f938efd94be938386aae4328a,256,256,0.0,8,197078,0.020833333333333332,0.0,0.0,0.020833333333333332,0.01827733963727951,17.380870819091797,0.7518856525421143,6.053481578826904,0.4889921247959137,0.6484769582748413,17.380674362182617
swin_mse_c32,MSE,20.png,3b46c71e3b92a563820ba32936be8330c586c41f938efd94be938386aae4328a,256,256,0.0,9,197079,0.020833333333333332,0.0,0.0,0.020833333333333332,0.030049622058868408,15.221610069274902,0.6896160840988159,5.081007957458496,0.5228355526924133,0.56964111328125,15.221237182617188
swin_mse_c32,MSE,21.png,ac958597c82073f6bb65129c68f72b651db5b9efd82e11547d07350214bc268b,256,256,0.0,0,207070,0.020833333333333332,0.0,0.0,0.020833333333333332,0.017204243689775467,17.643644332885742,0.6093873381614685,4.0825371742248535,0.6307461857795715,0.47013312578201294,17.643033981323242
swin_mse_c32,MSE,21.png,ac958597c82073f6bb65129c68f72b651db5b9efd82e11547d07350214bc268b,256,256,0.0,1,207071,0.020833333333333332,0.0,0.0,0.020833333333333332,0.02424299344420433,16.154138565063477,0.5717593431472778,3.6831212043762207,0.6310962438583374,0.4302622675895691,16.153797149658203
swin_mse_c32,MSE,21.png,ac958597c82073f6bb65129c68f72b651db5b9efd82e11547d07350214bc268b,256,256,0.0,2,207072,0.020833333333333332,0.0,0.0,0.020833333333333332,0.015884608030319214,17.990234375,0.6260133981704712,4.271439552307129,0.6181630492210388,0.5002396106719971,17.989957809448242
swin_mse_c32,MSE,21.png,ac958597c82073f6bb65129c68f72b651db5b9efd82e11547d07350214bc268b,256,256,0.0,3,207073,0.020833333333333332,0.0,0.0,0.020833333333333332,0.018293272703886032,17.377086639404297,0.5998659133911133,3.9779446125030518,0.6033793687820435,0.4665648341178894,17.37681007385254
swin_mse_c32,MSE,21.png,ac958597c82073f6bb65129c68f72b651db5b9efd82e11547d07350214bc268b,256,256,0.0,4,207074,0.020833333333333332,0.0,0.0,0.020833333333333332,0.020244259387254715,16.936981201171875,0.5821519494056702,3.789816379547119,0.6433979272842407,0.45501136779785156,16.93671226501465
swin_mse_c32,MSE,21.png,ac958597c82073f6bb65129c68f72b651db5b9efd82e11547d07350214bc268b,256,256,0.0,5,207075,0.020833333333333332,0.0,0.0,0.020833333333333332,0.01632767729461193,17.87075424194336,0.6211403608322144,4.215217113494873,0.6527165770530701,0.49854129552841187,17.87040138244629
swin_mse_c32,MSE,21.png,ac958597c82073f6bb65129c68f72b651db5b9efd82e11547d07350214bc268b,256,256,0.0,6,207076,0.020833333333333332,0.0,0.0,0.020833333333333332,0.02009589597582817,16.96892547607422,0.6093640327453613,4.082278251647949,0.6412466764450073,0.482016921043396,16.968791961669922
swin_mse_c32,MSE,21.png,ac958597c82073f6bb65129c68f72b651db5b9efd82e11547d07350214bc268b,256,256,0.0,7,207077,0.020833333333333332,0.0,0.0,0.020833333333333332,0.01659327745437622,17.800678253173828,0.6145946979522705,4.1408233642578125,0.6201119422912598,0.4878627061843872,17.800094604492188
swin_mse_c32,MSE,21.png,ac958597c82073f6bb65129c68f72b651db5b9efd82e11547d07350214bc268b,256,256,0.0,8,207078,0.020833333333333332,0.0,0.0,0.020833333333333332,0.02014300599694252,16.958757400512695,0.593233585357666,3.9065492153167725,0.642163872718811,0.4546312689781189,16.958560943603516
swin_mse_c32,MSE,21.png,ac958597c82073f6bb65129c68f72b651db5b9efd82e11547d07350214bc268b,256,256,0.0,9,207079,0.020833333333333332,0.0,0.0,0.020833333333333332,0.020042140036821365,16.980560302734375,0.5904439687728882,3.8768668174743652,0.642157256603241,0.44541478157043457,16.980178833007812
swin_mse_c32,MSE,22.png,1cee58eb1f2d9c7ebb254d208a03c783ce6cf2c4d8c2cf45e235dd23b4ce1b29,256,256,0.0,0,217070,0.020833333333333332,0.0,0.0,0.020833333333333332,0.012301666662096977,19.10036277770996,0.6306493282318115,4.325611114501953,0.5353577136993408,0.4981093406677246,19.099958419799805
swin_mse_c32,MSE,22.png,1cee58eb1f2d9c7ebb254d208a03c783ce6cf2c4d8c2cf45e235dd23b4ce1b29,256,256,0.0,1,217071,0.020833333333333332,0.0,0.0,0.020833333333333332,0.016273457556962967,17.885202407836914,0.6230039000511169,4.236631393432617,0.5653771758079529,0.49600470066070557,17.884721755981445
swin_mse_c32,MSE,22.png,1cee58eb1f2d9c7ebb254d208a03c783ce6cf2c4d8c2cf45e235dd23b4ce1b29,256,256,0.0,2,217072,0.020833333333333332,0.0,0.0,0.020833333333333332,0.014868011698126793,18.2774715423584,0.5834510326385498,3.8033394813537598,0.5604498386383057,0.44622260332107544,18.276899337768555
swin_mse_c32,MSE,22.png,1cee58eb1f2d9c7ebb254d208a03c783ce6cf2c4d8c2cf45e235dd23b4ce1b29,256,256,0.0,3,217073,0.020833333333333332,0.0,0.0,0.020833333333333332,0.014504458755254745,18.384986877441406,0.6096053123474121,4.0849609375,0.5565778017044067,0.4718712568283081,18.38508415222168
swin_mse_c32,MSE,22.png,1cee58eb1f2d9c7ebb254d208a03c783ce6cf2c4d8c2cf45e235dd23b4ce1b29,256,256,0.0,4,217074,0.020833333333333332,0.0,0.0,0.020833333333333332,0.019556500017642975,17.08708953857422,0.5575546026229858,3.54140305519104,0.5455821752548218,0.4027574062347412,17.086559295654297
swin_mse_c32,MSE,22.png,1cee58eb1f2d9c7ebb254d208a03c783ce6cf2c4d8c2cf45e235dd23b4ce1b29,256,256,0.0,5,217075,0.020833333333333332,0.0,0.0,0.020833333333333332,0.01653996855020523,17.814653396606445,0.5656804442405701,3.621906280517578,0.5773235559463501,0.42823195457458496,17.814241409301758
swin_mse_c32,MSE,22.png,1cee58eb1f2d9c7ebb254d208a03c783ce6cf2c4d8c2cf45e235dd23b4ce1b29,256,256,0.0,6,217076,0.020833333333333332,0.0,0.0,0.020833333333333332,0.013452972285449505,18.711816787719727,0.5855706334114075,3.8254947662353516,0.5617071986198425,0.4478468894958496,18.71147346496582
swin_mse_c32,MSE,22.png,1cee58eb1f2d9c7ebb254d208a03c783ce6cf2c4d8c2cf45e235dd23b4ce1b29,256,256,0.0,7,217077,0.020833333333333332,0.0,0.0,0.020833333333333332,0.016063250601291656,17.941667556762695,0.6058949828147888,4.043880462646484,0.5691714286804199,0.4774555563926697,17.94145393371582
swin_mse_c32,MSE,22.png,1cee58eb1f2d9c7ebb254d208a03c783ce6cf2c4d8c2cf45e235dd23b4ce1b29,256,256,0.0,8,217078,0.020833333333333332,0.0,0.0,0.020833333333333332,0.01749889925122261,17.56989288330078,0.6065277457237244,4.050858974456787,0.5563598871231079,0.4735006093978882,17.569602966308594
swin_mse_c32,MSE,22.png,1cee58eb1f2d9c7ebb254d208a03c783ce6cf2c4d8c2cf45e235dd23b4ce1b29,256,256,0.0,9,217079,0.020833333333333332,0.0,0.0,0.020833333333333332,0.01511341705918312,18.206375122070312,0.619537353515625,4.196879863739014,0.5849939584732056,0.47903406620025635,18.20604133605957
swin_mse_c32,MSE,23.png,e3111a2fd4da24af15d6459ef9eacfe54106b38e27b4a21821b75c3f5d2d5baf,256,256,0.0,0,227070,0.020833333333333332,0.0,0.0,0.020833333333333332,0.011163080111145973,19.522159576416016,0.6960005760192871,5.1712727546691895,0.4750993847846985,0.5922802686691284,19.521343231201172
swin_mse_c32,MSE,23.png,e3111a2fd4da24af15d6459ef9eacfe54106b38e27b4a21821b75c3f5d2d5baf,256,256,0.0,1,227071,0.020833333333333332,0.0,0.0,0.020833333333333332,0.009998844936490059,20.000503540039062,0.7361942529678345,5.787158012390137,0.467305988073349,0.63348788022995,19.999916076660156
swin_mse_c32,MSE,23.png,e3111a2fd4da24af15d6459ef9eacfe54106b38e27b4a21821b75c3f5d2d5baf,256,256,0.0,2,227072,0.020833333333333332,0.0,0.0,0.020833333333333332,0.007664780132472515,21.155004501342773,0.7766512632369995,6.510165214538574,0.45727694034576416,0.6978030800819397,21.154258728027344
swin_mse_c32,MSE,23.png,e3111a2fd4da24af15d6459ef9eacfe54106b38e27b4a21821b75c3f5d2d5baf,256,256,0.0,3,227073,0.020833333333333332,0.0,0.0,0.020833333333333332,0.010231683030724525,19.900529861450195,0.7321885824203491,5.721709251403809,0.5010908842086792,0.6347947716712952,19.899703979492188
swin_mse_c32,MSE,23.png,e3111a2fd4da24af15d6459ef9eacfe54106b38e27b4a21821b75c3f5d2d5baf,256,256,0.0,4,227074,0.020833333333333332,0.0,0.0,0.020833333333333332,0.011589372530579567,19.35940170288086,0.7325929999351501,5.728272438049316,0.4695228040218353,0.6250742077827454,19.359012603759766
swin_mse_c32,MSE,23.png,e3111a2fd4da24af15d6459ef9eacfe54106b38e27b4a21821b75c3f5d2d5baf,256,256,0.0,5,227075,0.020833333333333332,0.0,0.0,0.020833333333333332,0.00927682500332594,20.326005935668945,0.7498917579650879,6.0187201499938965,0.460002064704895,0.656315267086029,20.325300216674805
swin_mse_c32,MSE,23.png,e3111a2fd4da24af15d6459ef9eacfe54106b38e27b4a21821b75c3f5d2d5baf,256,256,0.0,6,227076,0.020833333333333332,0.0,0.0,0.020833333333333332,0.012216655537486076,19.130475997924805,0.7111992239952087,5.394016265869141,0.45248353481292725,0.602327287197113,19.130300521850586
swin_mse_c32,MSE,23.png,e3111a2fd4da24af15d6459ef9eacfe54106b38e27b4a21821b75c3f5d2d5baf,256,256,0.0,7,227077,0.020833333333333332,0.0,0.0,0.020833333333333332,0.009651955217123032,20.15384864807129,0.6998826265335083,5.227088451385498,0.4439520239830017,0.5813652276992798,20.15357208251953
swin_mse_c32,MSE,23.png,e3111a2fd4da24af15d6459ef9eacfe54106b38e27b4a21821b75c3f5d2d5baf,256,256,0.0,8,227078,0.020833333333333332,0.0,0.0,0.020833333333333332,0.009795467369258404,20.08974838256836,0.7250467538833618,5.607411861419678,0.42880457639694214,0.6120678782463074,20.089401245117188
swin_mse_c32,MSE,23.png,e3111a2fd4da24af15d6459ef9eacfe54106b38e27b4a21821b75c3f5d2d5baf,256,256,0.0,9,227079,0.020833333333333332,0.0,0.0,0.020833333333333332,0.012376779690384865,19.073923110961914,0.7346211671829224,5.761337757110596,0.47246432304382324,0.6323941349983215,19.073585510253906
swin_mse_c32,MSE,24.png,1071c68372cc5a01435c2c225a5cf7d4bb803846ec08bb6b3d6721b156d7cb96,256,256,0.0,0,237070,0.020833333333333332,0.0,0.0,0.020833333333333332,0.010298235341906548,19.872371673583984,0.6313604712486267,4.333981513977051,0.5761168599128723,0.487831711769104,19.871627807617188
swin_mse_c32,MSE,24.png,1071c68372cc5a01435c2c225a5cf7d4bb803846ec08bb6b3d6721b156d7cb96,256,256,0.0,1,237071,0.020833333333333332,0.0,0.0,0.020833333333333332,0.009281892329454422,20.323637008666992,0.6448275446891785,4.495607376098633,0.5478670597076416,0.5178407430648804,20.323076248168945
swin_mse_c32,MSE,24.png,1071c68372cc5a01435c2c225a5cf7d4bb803846ec08bb6b3d6721b156d7cb96,256,256,0.0,2,237072,0.020833333333333332,0.0,0.0,0.020833333333333332,0.008734382688999176,20.587677001953125,0.670844554901123,4.825989723205566,0.5633553862571716,0.5476943850517273,20.58687973022461
swin_mse_c32,MSE,24.png,1071c68372cc5a01435c2c225a5cf7d4bb803846ec08bb6b3d6721b156d7cb96,256,256,0.0,3,237073,0.020833333333333332,0.0,0.0,0.020833333333333332,0.01209716685116291,19.17316246032715,0.5744186639785767,3.710174322128296,0.5834619402885437,0.45443570613861084,19.17316246032715
swin_mse_c32,MSE,24.png,1071c68372cc5a01435c2c225a5cf7d4bb803846ec08bb6b3d6721b156d7cb96,256,256,0.0,4,237074,0.020833333333333332,0.0,0.0,0.020833333333333332,0.011315681040287018,19.463193893432617,0.5793693661689758,3.760991096496582,0.5797189474105835,0.4296424984931946,19.462608337402344
swin_mse_c32,MSE,24.png,1071c68372cc5a01435c2c225a5cf7d4bb803846ec08bb6b3d6721b156d7cb96,256,256,0.0,5,237075,0.020833333333333332,0.0,0.0,0.020833333333333332,0.00974329188466072,20.112943649291992,0.631531834602356,4.335999965667725,0.550595760345459,0.4787939190864563,20.112411499023438
swin_mse_c32,MSE,24.png,1071c68372cc5a01435c2c225a5cf7d4bb803846ec08bb6b3d6721b156d7cb96,256,256,0.0,6,237076,0.020833333333333332,0.0,0.0,0.020833333333333332,0.00810188613831997,20.914138793945312,0.6951181888580322,5.158684730529785,0.5540900826454163,0.5855817198753357,20.912979125976562
swin_mse_c32,MSE,24.png,1071c68372cc5a01435c2c225a5cf7d4bb803846ec08bb6b3d6721b156d7cb96,256,256,0.0,7,237077,0.020833333333333332,0.0,0.0,0.020833333333333332,0.0110845435410738,19.55282211303711,0.636028528213501,4.389326095581055,0.556628406047821,0.4994388818740845,19.55247688293457
swin_mse_c32,MSE,24.png,1071c68372cc5a01435c2c225a5cf7d4bb803846ec08bb6b3d6721b156d7cb96,256,256,0.0,8,237078,0.020833333333333332,0.0,0.0,0.020833333333333332,0.007787077687680721,21.086254119873047,0.6696752309799194,4.810588359832764,0.5494046211242676,0.5449944734573364,21.085296630859375
swin_mse_c32,MSE,24.png,1071c68372cc5a01435c2c225a5cf7d4bb803846ec08bb6b3d6721b156d7cb96,256,256,0.0,9,237079,0.020833333333333332,0.0,0.0,0.020833333333333332,0.016471002250909805,17.832799911499023,0.5634549856185913,3.599709987640381,0.5657061338424683,0.44090259075164795,17.83223533630371
swin_mse_c32,MSE,01.png,a56e27cbf5f843c048b6af1d6e090760e9c92fadba88b7dee0205918a37523bd,256,256,5.0,0,50007070,0.020833333333333332,0.0,0.0,0.020833333333333332,0.004762660246342421,23.22150421142578,0.8774867057800293,9.118167877197266,0.2613033354282379,0.8372766375541687,23.22023582458496
swin_mse_c32,MSE,01.png,a56e27cbf5f843c048b6af1d6e090760e9c92fadba88b7dee0205918a37523bd,256,256,5.0,1,50007071,0.020833333333333332,0.0,0.0,0.020833333333333332,0.004737992770969868,23.244056701660156,0.8780386447906494,9.137778282165527,0.25826576352119446,0.8388307094573975,23.242477416992188
swin_mse_c32,MSE,01.png,a56e27cbf5f843c048b6af1d6e090760e9c92fadba88b7dee0205918a37523bd,256,256,5.0,2,50007072,0.020833333333333332,0.0,0.0,0.020833333333333332,0.004977070726454258,23.030261993408203,0.8721096515655518,8.931622505187988,0.261791467666626,0.8264769911766052,23.02902603149414
swin_mse_c32,MSE,01.png,a56e27cbf5f843c048b6af1d6e090760e9c92fadba88b7dee0205918a37523bd,256,256,5.0,3,50007073,0.020833333333333332,0.0,0.0,0.020833333333333332,0.0048782434314489365,23.117366790771484,0.8770272135734558,9.101910591125488,0.2757968008518219,0.837507426738739,23.116695404052734
swin_mse_c32,MSE,01.png,a56e27cbf5f843c048b6af1d6e090760e9c92fadba88b7dee0205918a37523bd,256,256,5.0,4,50007074,0.020833333333333332,0.0,0.0,0.020833333333333332,0.006181636359542608,22.088966369628906,0.8662490844726562,8.737031936645508,0.28591591119766235,0.8198980093002319,22.087833404541016
swin_mse_c32,MSE,01.png,a56e27cbf5f843c048b6af1d6e090760e9c92fadba88b7dee0205918a37523bd,256,256,5.0,5,50007075,0.020833333333333332,0.0,0.0,0.020833333333333332,0.005338046699762344,22.72617530822754,0.8646864295005798,8.686586380004883,0.28303417563438416,0.8118552565574646,22.724733352661133
swin_mse_c32,MSE,01.png,a56e27cbf5f843c048b6af1d6e090760e9c92fadba88b7dee0205918a37523bd,256,256,5.0,6,50007076,0.020833333333333332,0.0,0.0,0.020833333333333332,0.004992576315999031,23.016754150390625,0.8741488456726074,9.001428604125977,0.2850034236907959,0.8299327492713928,23.01556396484375
swin_mse_c32,MSE,01.png,a56e27cbf5f843c048b6af1d6e090760e9c92fadba88b7dee0205918a37523bd,256,256,5.0,7,50007077,0.020833333333333332,0.0,0.0,0.020833333333333332,0.004700054414570332,23.278972625732422,0.8795218467712402,9.190917015075684,0.2782641053199768,0.8402934074401855,23.27774429321289
swin_mse_c32,MSE,01.png,a56e27cbf5f843c048b6af1d6e090760e9c92fadba88b7dee0205918a37523bd,256,256,5.0,8,50007078,0.020833333333333332,0.0,0.0,0.020833333333333332,0.00522136315703392,22.822160720825195,0.8664247989654541,8.742741584777832,0.27645349502563477,0.820206880569458,22.82123565673828
swin_mse_c32,MSE,01.png,a56e27cbf5f843c048b6af1d6e090760e9c92fadba88b7dee0205918a37523bd,256,256,5.0,9,50007079,0.020833333333333332,0.0,0.0,0.020833333333333332,0.004983465652912855,23.02468490600586,0.8728747367858887,8.957680702209473,0.2598453760147095,0.8275484442710876,23.023605346679688
swin_mse_c32,MSE,02.png,4f4b74a79237e311d72cad958237b5f7088d8bce1c82305ebefe1a70e3022dfd,256,256,5.0,0,50017070,0.020833333333333332,0.0,0.0,0.020833333333333332,0.001154098892584443,29.37757110595703,0.92143714427948,11.047828674316406,0.2657099962234497,0.8971803188323975,29.373762130737305
swin_mse_c32,MSE,02.png,4f4b74a79237e311d72cad958237b5f7088d8bce1c82305ebefe1a70e3022dfd,256,256,5.0,1,50017071,0.020833333333333332,0.0,0.0,0.020833333333333332,0.0011228258954361081,29.496877670288086,0.9260129928588867,11.308445930480957,0.26510751247406006,0.9042634963989258,29.492313385009766
swin_mse_c32,MSE,02.png,4f4b74a79237e311d72cad958237b5f7088d8bce1c82305ebefe1a70e3022dfd,256,256,5.0,2,50017072,0.020833333333333332,0.0,0.0,0.020833333333333332,0.0011517528910189867,29.38640785217285,0.9224163889884949,11.102300643920898,0.261322557926178,0.8985137939453125,29.382822036743164
swin_mse_c32,MSE,02.png,4f4b74a79237e311d72cad958237b5f7088d8bce1c82305ebefe1a70e3022dfd,256,256,5.0,3,50017073,0.020833333333333332,0.0,0.0,0.020833333333333332,0.001131951343268156,29.46172523498535,0.92290198802948,11.129569053649902,0.2657007575035095,0.899743378162384,29.457494735717773
swin_mse_c32,MSE,02.png,4f4b74a79237e311d72cad958237b5f7088d8bce1c82305ebefe1a70e3022dfd,256,256,5.0,4,50017074,0.020833333333333332,0.0,0.0,0.020833333333333332,0.001104893977753818,29.56679344177246,0.9211840629577637,11.033860206604004,0.2591853439807892,0.8959806561470032,29.561527252197266
swin_mse_c32,MSE,02.png,4f4b74a79237e311d72cad958237b5f7088d8bce1c82305ebefe1a70e3022dfd,256,256,5.0,5,50017075,0.020833333333333332,0.0,0.0,0.020833333333333332,0.001098558190278709,29.59177017211914,0.9240903854370117,11.197032928466797,0.2610619366168976,0.9007157683372498,29.585670471191406
swin_mse_c32,MSE,02.png,4f4b74a79237e311d72cad958237b5f7088d8bce1c82305ebefe1a70e3022dfd,256,256,5.0,6,50017076,0.020833333333333332,0.0,0.0,0.020833333333333332,0.0011728930985555053,29.307418823242188,0.9237028956413269,11.174919128417969,0.27511128783226013,0.9002061486244202,29.303434371948242
swin_mse_c32,MSE,02.png,4f4b74a79237e311d72cad958237b5f7088d8bce1c82305ebefe1a70e3022dfd,256,256,5.0,7,50017077,0.020833333333333332,0.0,0.0,0.020833333333333332,0.0011952202767133713,29.225521087646484,0.9198970794677734,10.963516235351562,0.26412081718444824,0.894353985786438,29.21969223022461
swin_mse_c32,MSE,02.png,4f4b74a79237e311d72cad958237b5f7088d8bce1c82305ebefe1a70e3022dfd,256,256,5.0,8,50017078,0.020833333333333332,0.0,0.0,0.020833333333333332,0.0010668616741895676,29.718917846679688,0.924391508102417,11.21429443359375,0.25730371475219727,0.901343047618866,29.713390350341797
swin_mse_c32,MSE,02.png,4f4b74a79237e311d72cad958237b5f7088d8bce1c82305ebefe1a70e3022dfd,256,256,5.0,9,50017079,0.020833333333333332,0.0,0.0,0.020833333333333332,0.0011171575170010328,29.518856048583984,0.9266106486320496,11.343669891357422,0.2572612166404724,0.9043753147125244,29.513153076171875
swin_mse_c32,MSE,03.png,e25ca1ff2f0c0cb5fdfd5f9b0a0bb21ac4c3de3c84a67f35b09a85d3306249db,256,256,5.0,0,50027070,0.020833333333333332,0.0,0.0,0.020833333333333332,0.001079492038115859,29.66780662536621,0.9522480964660645,13.210094451904297,0.11930766701698303,0.9374530911445618,29.662458419799805
swin_mse_c32,MSE,03.png,e25ca1ff2f0c0cb5fdfd5f9b0a0bb21ac4c3de3c84a67f35b09a85d3306249db,256,256,5.0,1,50027071,0.020833333333333332,0.0,0.0,0.020833333333333332,0.0012395484372973442,29.067363739013672,0.9502531290054321,13.032342910766602,0.1163419783115387,0.9352025389671326,29.063146591186523
swin_mse_c32,MSE,03.png,e25ca1ff2f0c0cb5fdfd5f9b0a0bb21ac4c3de3c84a67f35b09a85d3306249db,256,256,5.0,2,50027072,0.020833333333333332,0.0,0.0,0.020833333333333332,0.001254156930372119,29.0164794921875,0.9500901103019714,13.018135070800781,0.12250000983476639,0.9336830973625183,29.012279510498047
swin_mse_c32,MSE,03.png,e25ca1ff2f0c0cb5fdfd5f9b0a0bb21ac4c3de3c84a67f35b09a85d3306249db,256,256,5.0,3,50027073,0.020833333333333332,0.0,0.0,0.020833333333333332,0.0010132433380931616,29.94286346435547,0.9533828496932983,13.314543724060059,0.11083194613456726,0.9394046664237976,29.937957763671875
swin_mse_c32,MSE,03.png,e25ca1ff2f0c0cb5fdfd5f9b0a0bb21ac4c3de3c84a67f35b09a85d3306249db,256,256,5.0,4,50027074,0.020833333333333332,0.0,0.0,0.020833333333333332,0.0011139634298160672,29.53129005432129,0.9520310163497925,13.19039535522461,0.1193259209394455,0.9377739429473877,29.52629852294922
swin_mse_c32,MSE,03.png,e25ca1ff2f0c0cb5fdfd5f9b0a0bb21ac4c3de3c84a67f35b09a85d3306249db,256,256,5.0,5,50027075,0.020833333333333332,0.0,0.0,0.020833333333333332,0.0010070670396089554,29.96941566467285,0.9534502029418945,13.320822715759277,0.11356185376644135,0.9387279152870178,29.96392822265625
swin_mse_c32,MSE,03.png,e25ca1ff2f0c0cb5fdfd5f9b0a0bb21ac4c3de3c84a67f35b09a85d3306249db,256,256,5.0,6,50027076,0.020833333333333332,0.0,0.0,0.020833333333333332,0.0010339918080717325,29.85483169555664,0.9563717842102051,13.602325439453125,0.11445217579603195,0.9438356161117554,29.850448608398438
swin_mse_c32,MSE,03.png,e25ca1ff2f0c0cb5fdfd5f9b0a0bb21ac4c3de3c84a67f35b09a85d3306249db,256,256,5.0,7,50027077,0.020833333333333332,0.0,0.0,0.020833333333333332,0.0011499016545712948,29.393394470214844,0.9514018893241882,13.133806228637695,0.11940700560808182,0.935729444026947,29.388315200805664
swin_mse_c32,MSE,03.png,e25ca1ff2f0c0cb5fdfd5f9b0a0bb21ac4c3de3c84a67f35b09a85d3306249db,256,256,5.0,8,50027078,0.020833333333333332,0.0,0.0,0.020833333333333332,0.0009645947138778865,30.156551361083984,0.9552280306816101,13.489938735961914,0.10494726896286011,0.9411605596542358,30.15044403076172
swin_mse_c32,MSE,03.png,e25ca1ff2f0c0cb5fdfd5f9b0a0bb21ac4c3de3c84a67f35b09a85d3306249db,256,256,5.0,9,50027079,0.020833333333333332,0.0,0.0,0.020833333333333332,0.0010268143378198147,29.885082244873047,0.9535457491874695,13.329745292663574,0.11323153972625732,0.9385570883750916,29.87846565246582
swin_mse_c32,MSE,04.png,e3b946107c5d3441c022f678d0c3caf1e224d81b1604ba840a4f88e562de61aa,256,256,5.0,0,50037070,0.020833333333333332,0.0,0.0,0.020833333333333332,0.0004559278895612806,33.41103744506836,0.9673647284507751,14.863127708435059,0.2748405635356903,0.9570963382720947,33.40008544921875
swin_mse_c32,MSE,04.png,e3b946107c5d3441c022f678d0c3caf1e224d81b1604ba840a4f88e562de61aa,256,256,5.0,1,50037071,0.020833333333333332,0.0,0.0,0.020833333333333332,0.00042387540452182293,33.72761535644531,0.969589114189148,15.169710159301758,0.2834647297859192,0.9605678915977478,33.71451187133789
swin_mse_c32,MSE,04.png,e3b946107c5d3441c022f678d0c3caf1e224d81b1604ba840a4f88e562de61aa,256,256,5.0,2,50037072,0.020833333333333332,0.0,0.0,0.020833333333333332,0.00042571566882543266,33.708805084228516,0.9704698324203491,15.297341346740723,0.27127131819725037,0.9622636437416077,33.695987701416016
swin_mse_c32,MSE,04.png,e3b946107c5d3441c022f678d0c3caf1e224d81b1604ba840a4f88e562de61aa,256,256,5.0,3,50037073,0.020833333333333332,0.0,0.0,0.020833333333333332,0.00042381969979032874,33.728187561035156,0.9696833491325378,15.183187484741211,0.2739779055118561,0.9607864618301392,33.71539306640625
swin_mse_c32,MSE,04.png,e3b946107c5d3441c022f678d0c3caf1e224d81b1604ba840a4f88e562de61aa,256,256,5.0,4,50037074,0.020833333333333332,0.0,0.0,0.020833333333333332,0.00046094227582216263,33.3635368347168,0.9669696092605591,14.810863494873047,0.27542805671691895,0.955994725227356,33.3513069152832
swin_mse_c32,MSE,04.png,e3b946107c5d3441c022f678d0c3caf1e224d81b1604ba840a4f88e562de61aa,256,256,5.0,5,50037075,0.020833333333333332,0.0,0.0,0.020833333333333332,0.00044371161493472755,33.52899169921875,0.9702856540679932,15.270339012145996,0.28243404626846313,0.962220311164856,33.51358413696289
swin_mse_c32,MSE,04.png,e3b946107c5d3441c022f678d0c3caf1e224d81b1604ba840a4f88e562de61aa,256,256,5.0,6,50037076,0.020833333333333332,0.0,0.0,0.020833333333333332,0.0004373732372187078,33.59147644042969,0.9693304896354675,15.132932662963867,0.28011608123779297,0.9606286287307739,33.57957077026367
swin_mse_c32,MSE,04.png,e3b946107c5d3441c022f678d0c3caf1e224d81b1604ba840a4f88e562de61aa,256,256,5.0,7,50037077,0.020833333333333332,0.0,0.0,0.020833333333333332,0.00042268887045793235,33.73979187011719,0.9700633883476257,15.237974166870117,0.27853089570999146,0.9614224433898926,33.726200103759766
swin_mse_c32,MSE,04.png,e3b946107c5d3441c022f678d0c3caf1e224d81b1604ba840a4f88e562de61aa,256,256,5.0,8,50037078,0.020833333333333332,0.0,0.0,0.020833333333333332,0.00044257272384129465,33.54015350341797,0.9696604013442993,15.179902076721191,0.2742840051651001,0.9609181880950928,33.52712631225586
swin_mse_c32,MSE,04.png,e3b946107c5d3441c022f678d0c3caf1e224d81b1604ba840a4f88e562de61aa,256,256,5.0,9,50037079,0.020833333333333332,0.0,0.0,0.020833333333333332,0.00043104769429191947,33.654747009277344,0.9704350233078003,15.292224884033203,0.27965253591537476,0.9624022841453552,33.641754150390625
swin_mse_c32,MSE,05.png,10349e963c5c813d327852f82c1795fa4148d69fedffc4c589bee458e3ac3d53,256,256,5.0,0,50047070,0.020833333333333332,0.0,0.0,0.020833333333333332,0.01291927881538868,18.887619018554688,0.7957639694213867,6.898676872253418,0.24284031987190247,0.7038530707359314,18.88715362548828
swin_mse_c32,MSE,05.png,10349e963c5c813d327852f82c1795fa4148d69fedffc4c589bee458e3ac3d53,256,256,5.0,1,50047071,0.020833333333333332,0.0,0.0,0.020833333333333332,0.014253295958042145,18.460847854614258,0.7763774394989014,6.504844665527344,0.2651504874229431,0.6995298862457275,18.46050262451172
swin_mse_c32,MSE,05.png,10349e963c5c813d327852f82c1795fa4148d69fedffc4c589bee458e3ac3d53,256,256,5.0,2,50047072,0.020833333333333332,0.0,0.0,0.020833333333333332,0.016381902620196342,17.85635757446289,0.753354012966156,6.079259395599365,0.2612304091453552,0.6603628396987915,17.855758666992188
swin_mse_c32,MSE,05.png,10349e963c5c813d327852f82c1795fa4148d69fedffc4c589bee458e3ac3d53,256,256,5.0,3,50047073,0.020833333333333332,0.0,0.0,0.020833333333333332,0.014594770036637783,18.358028411865234,0.7865524291992188,6.707088470458984,0.27238714694976807,0.6880766153335571,18.357343673706055
swin_mse_c32,MSE,05.png,10349e963c5c813d327852f82c1795fa4148d69fedffc4c589bee458e3ac3d53,256,256,5.0,4,50047074,0.020833333333333332,0.0,0.0,0.020833333333333332,0.012575440108776093,19.00476837158203,0.791836142539978,6.815946578979492,0.2719900608062744,0.7135571241378784,19.004776000976562
swin_mse_c32,MSE,05.png,10349e963c5c813d327852f82c1795fa4148d69fedffc4c589bee458e3ac3d53,256,256,5.0,5,50047075,0.020833333333333332,0.0,0.0,0.020833333333333332,0.012732027098536491,18.951025009155273,0.8130812644958496,7.283472061157227,0.2494993358850479,0.7329980731010437,18.950429916381836
swin_mse_c32,MSE,05.png,10349e963c5c813d327852f82c1795fa4148d69fedffc4c589bee458e3ac3d53,256,256,5.0,6,50047076,0.020833333333333332,0.0,0.0,0.020833333333333332,0.014005487784743309,18.537019729614258,0.8062480688095093,7.127540111541748,0.2550225555896759,0.7252500653266907,18.536680221557617
swin_mse_c32,MSE,05.png,10349e963c5c813d327852f82c1795fa4148d69fedffc4c589bee458e3ac3d53,256,256,5.0,7,50047077,0.020833333333333332,0.0,0.0,0.020833333333333332,0.013209505006670952,18.791133880615234,0.8104510307312012,7.222785949707031,0.26035362482070923,0.7334980964660645,18.790525436401367
swin_mse_c32,MSE,05.png,10349e963c5c813d327852f82c1795fa4148d69fedffc4c589bee458e3ac3d53,256,256,5.0,8,50047078,0.020833333333333332,0.0,0.0,0.020833333333333332,0.012286089360713959,19.105865478515625,0.8200516700744629,7.448521614074707,0.24654296040534973,0.748943567276001,19.105667114257812
swin_mse_c32,MSE,05.png,10349e963c5c813d327852f82c1795fa4148d69fedffc4c589bee458e3ac3d53,256,256,5.0,9,50047079,0.020833333333333332,0.0,0.0,0.020833333333333332,0.013965275138616562,18.54950714111328,0.8043712377548218,7.0856733322143555,0.2699058949947357,0.7258248925209045,18.549453735351562
swin_mse_c32,MSE,06.png,363510303b715d4cbc384e1ce227e466b613a09e1b71ae985882bf8e7fbd9b18,256,256,5.0,0,50057070,0.020833333333333332,0.0,0.0,0.020833333333333332,0.005334940738976002,22.72870635986328,0.8383440375328064,7.914083003997803,0.33562350273132324,0.7848500609397888,22.727371215820312
swin_mse_c32,MSE,06.png,363510303b715d4cbc384e1ce227e466b613a09e1b71ae985882bf8e7fbd9b18,256,256,5.0,1,50057071,0.020833333333333332,0.0,0.0,0.020833333333333332,0.005656692199409008,22.474374771118164,0.8346704244613647,7.816494941711426,0.33775532245635986,0.7772058844566345,22.473440170288086
swin_mse_c32,MSE,06.png,363510303b715d4cbc384e1ce227e466b613a09e1b71ae985882bf8e7fbd9b18,256,256,5.0,2,50057072,0.020833333333333332,0.0,0.0,0.020833333333333332,0.005655006971210241,22.475669860839844,0.8259537220001221,7.593352794647217,0.35242193937301636,0.7644875645637512,22.475116729736328
swin_mse_c32,MSE,06.png,363510303b715d4cbc384e1ce227e466b613a09e1b71ae985882bf8e7fbd9b18,256,256,5.0,3,50057073,0.020833333333333332,0.0,0.0,0.020833333333333332,0.005479319952428341,22.612733840942383,0.8366467356681824,7.868721961975098,0.3282172679901123,0.7834914326667786,22.61212921142578
swin_mse_c32,MSE,06.png,363510303b715d4cbc384e1ce227e466b613a09e1b71ae985882bf8e7fbd9b18,256,256,5.0,4,50057074,0.020833333333333332,0.0,0.0,0.020833333333333332,0.0053656320087611675,22.703792572021484,0.8382596969604492,7.91181755065918,0.34025245904922485,0.7810505032539368,22.702896118164062
swin_mse_c32,MSE,06.png,363510303b715d4cbc384e1ce227e466b613a09e1b71ae985882bf8e7fbd9b18,256,256,5.0,5,50057075,0.020833333333333332,0.0,0.0,0.020833333333333332,0.005654733628034592,22.475879669189453,0.8363634347915649,7.861196517944336,0.3521982729434967,0.7814013957977295,22.474834442138672
swin_mse_c32,MSE,06.png,363510303b715d4cbc384e1ce227e466b613a09e1b71ae985882bf8e7fbd9b18,256,256,5.0,6,50057076,0.020833333333333332,0.0,0.0,0.020833333333333332,0.006646309047937393,21.77419662475586,0.8170340061187744,7.376296520233154,0.34192758798599243,0.7497614026069641,21.773340225219727
swin_mse_c32,MSE,06.png,363510303b715d4cbc384e1ce227e466b613a09e1b71ae985882bf8e7fbd9b18,256,256,5.0,7,50057077,0.020833333333333332,0.0,0.0,0.020833333333333332,0.006881413049995899,21.623226165771484,0.8170101642608643,7.375730514526367,0.3569396734237671,0.7519504427909851,21.622600555419922
swin_mse_c32,MSE,06.png,363510303b715d4cbc384e1ce227e466b613a09e1b71ae985882bf8e7fbd9b18,256,256,5.0,8,50057078,0.020833333333333332,0.0,0.0,0.020833333333333332,0.005530863534659147,22.572071075439453,0.8343312740325928,7.807595252990723,0.36123111844062805,0.7785800695419312,22.57103729248047
swin_mse_c32,MSE,06.png,363510303b715d4cbc384e1ce227e466b613a09e1b71ae985882bf8e7fbd9b18,256,256,5.0,9,50057079,0.020833333333333332,0.0,0.0,0.020833333333333332,0.005296695977449417,22.759950637817383,0.8370265364646912,7.878830909729004,0.355240136384964,0.7817255854606628,22.759592056274414
swin_mse_c32,MSE,07.png,b77d3f006f42414bb242222e0482e750c0fb9e5ee8d4bed2f6f11c5605fe54a4,256,256,5.0,0,50067070,0.020833333333333332,0.0,0.0,0.020833333333333332,0.0028635673224925995,25.430927276611328,0.9195446968078613,10.944453239440918,0.17756757140159607,0.8922791481018066,25.428552627563477
swin_mse_c32,MSE,07.png,b77d3f006f42414bb242222e0482e750c0fb9e5ee8d4bed2f6f11c5605fe54a4,256,256,5.0,1,50067071,0.020833333333333332,0.0,0.0,0.020833333333333332,0.0032022143714129925,24.945497512817383,0.9092763662338257,10.422796249389648,0.18334974348545074,0.8711139559745789,24.944358825683594
swin_mse_c32,MSE,07.png,b77d3f006f42414bb242222e0482e750c0fb9e5ee8d4bed2f6f11c5605fe54a4,256,256,5.0,2,50067072,0.020833333333333332,0.0,0.0,0.020833333333333332,0.0025914194993674755,25.8646240234375,0.9208455085754395,11.015244483947754,0.16325156390666962,0.8921912312507629,25.862863540649414
swin_mse_c32,MSE,07.png,b77d3f006f42414bb242222e0482e750c0fb9e5ee8d4bed2f6f11c5605fe54a4,256,256,5.0,3,50067073,0.020833333333333332,0.0,0.0,0.020833333333333332,0.003007765393704176,25.217559814453125,0.9151048064231873,10.711169242858887,0.18356919288635254,0.886040210723877,25.214801788330078
swin_mse_c32,MSE,07.png,b77d3f006f42414bb242222e0482e750c0fb9e5ee8d4bed2f6f11c5605fe54a4,256,256,5.0,4,50067074,0.020833333333333332,0.0,0.0,0.020833333333333332,0.002877197228372097,25.41030502319336,0.912852942943573,10.59747314453125,0.19088250398635864,0.8822439312934875,25.407001495361328
swin_mse_c32,MSE,07.png,b77d3f006f42414bb242222e0482e750c0fb9e5ee8d4bed2f6f11c5605fe54a4,256,256,5.0,5,50067075,0.020833333333333332,0.0,0.0,0.020833333333333332,0.002777896588668227,25.56283950805664,0.9129105806350708,10.600346565246582,0.18739980459213257,0.87624192237854,25.56089210510254
swin_mse_c32,MSE,07.png,b77d3f006f42414bb242222e0482e750c0fb9e5ee8d4bed2f6f11c5605fe54a4,256,256,5.0,6,50067076,0.020833333333333332,0.0,0.0,0.020833333333333332,0.0027268952690064907,25.643314361572266,0.9157170057296753,10.742599487304688,0.18674179911613464,0.886568546295166,25.64082145690918
swin_mse_c32,MSE,07.png,b77d3f006f42414bb242222e0482e750c0fb9e5ee8d4bed2f6f11c5605fe54a4,256,256,5.0,7,50067077,0.020833333333333332,0.0,0.0,0.020833333333333332,0.0027077465783804655,25.673921585083008,0.9128460884094238,10.597131729125977,0.17738793790340424,0.8793371915817261,25.671810150146484
swin_mse_c32,MSE,07.png,b77d3f006f42414bb242222e0482e750c0fb9e5ee8d4bed2f6f11c5605fe54a4,256,256,5.0,8,50067078,0.020833333333333332,0.0,0.0,0.020833333333333332,0.0027570936363190413,25.595483779907227,0.9221585988998413,11.08789348602295,0.17745032906532288,0.8947253227233887,25.59332275390625
swin_mse_c32,MSE,07.png,b77d3f006f42414bb242222e0482e750c0fb9e5ee8d4bed2f6f11c5605fe54a4,256,256,5.0,9,50067079,0.020833333333333332,0.0,0.0,0.020833333333333332,0.0035141713451594114,24.541770935058594,0.8866519927978516,9.455862045288086,0.19527365267276764,0.8296946287155151,24.540464401245117
swin_mse_c32,MSE,08.png,ba23983c76b4832ee0e8af0592664756841a16779acd69f792e268fb6d13d6e7,256,256,5.0,0,50077070,0.020833333333333332,0.0,0.0,0.020833333333333332,0.006368831731379032,21.959402084350586,0.8916428089141846,9.651423454284668,0.22895187139511108,0.8560804128646851,21.95852279663086
swin_mse_c32,MSE,08.png,ba23983c76b4832ee0e8af0592664756841a16779acd69f792e268fb6d13d6e7,256,256,5.0,1,50077071,0.020833333333333332,0.0,0.0,0.020833333333333332,0.008173384703695774,20.875980377197266,0.8788933753967285,9.16832160949707,0.23527102172374725,0.8330487012863159,20.875431060791016
swin_mse_c32,MSE,08.png,ba23983c76b4832ee0e8af0592664756841a16779acd69f792e268fb6d13d6e7,256,256,5.0,2,50077072,0.020833333333333332,0.0,0.0,0.020833333333333332,0.006972841918468475,21.565902709960938,0.8854182958602905,9.40884780883789,0.21852385997772217,0.8453803062438965,21.565343856811523
swin_mse_c32,MSE,08.png,ba23983c76b4832ee0e8af0592664756841a16779acd69f792e268fb6d13d6e7,256,256,5.0,3,50077073,0.020833333333333332,0.0,0.0,0.020833333333333332,0.007995326071977615,20.971637725830078,0.8750831484794617,9.033790588378906,0.24809882044792175,0.8262873291969299,20.9705753326416
swin_mse_c32,MSE,08.png,ba23983c76b4832ee0e8af0592664756841a16779acd69f792e268fb6d13d6e7,256,256,5.0,4,50077074,0.020833333333333332,0.0,0.0,0.020833333333333332,0.006500651594251394,21.870431900024414,0.8851577043533325,9.398982048034668,0.2284657061100006,0.8465635180473328,21.869428634643555
swin_mse_c32,MSE,08.png,ba23983c76b4832ee0e8af0592664756841a16779acd69f792e268fb6d13d6e7,256,256,5.0,5,50077075,0.020833333333333332,0.0,0.0,0.020833333333333332,0.005942203104496002,22.26052474975586,0.9018955230712891,10.083111763000488,0.22536328434944153,0.8712941408157349,22.25980567932129
swin_mse_c32,MSE,08.png,ba23983c76b4832ee0e8af0592664756841a16779acd69f792e268fb6d13d6e7,256,256,5.0,6,50077076,0.020833333333333332,0.0,0.0,0.020833333333333332,0.006893239915370941,21.615764617919922,0.8604704141616821,8.553337097167969,0.2363545000553131,0.8036211729049683,21.61541748046875
swin_mse_c32,MSE,08.png,ba23983c76b4832ee0e8af0592664756841a16779acd69f792e268fb6d13d6e7,256,256,5.0,7,50077077,0.020833333333333332,0.0,0.0,0.020833333333333332,0.005571250803768635,22.54047203063965,0.8890339136123657,9.548097610473633,0.2110888808965683,0.8464373350143433,22.539226531982422
swin_mse_c32,MSE,08.png,ba23983c76b4832ee0e8af0592664756841a16779acd69f792e268fb6d13d6e7,256,256,5.0,8,50077078,0.020833333333333332,0.0,0.0,0.020833333333333332,0.010015665553510189,19.993202209472656,0.8444442749023438,8.081140518188477,0.22307562828063965,0.7745766043663025,19.992801666259766
swin_mse_c32,MSE,08.png,ba23983c76b4832ee0e8af0592664756841a16779acd69f792e268fb6d13d6e7,256,256,5.0,9,50077079,0.020833333333333332,0.0,0.0,0.020833333333333332,0.006760071963071823,21.70048713684082,0.8932949304580688,9.71815013885498,0.22117245197296143,0.858906626701355,21.69974136352539
swin_mse_c32,MSE,09.png,6a4361c2fc194feb4edaa9f9a4a0620fb9943e460ac7fdf037fb0f6dd6607a7d,256,256,5.0,0,50087070,0.020833333333333332,0.0,0.0,0.020833333333333332,0.000832276651635766,30.797325134277344,0.966986358165741,14.813065528869629,0.12670056521892548,0.9573234915733337,30.789697647094727
swin_mse_c32,MSE,09.png,6a4361c2fc194feb4edaa9f9a4a0620fb9943e460ac7fdf037fb0f6dd6607a7d,256,256,5.0,1,50087071,0.020833333333333332,0.0,0.0,0.020833333333333332,0.0008614961989223957,30.6474666595459,0.964533805847168,14.501853942871094,0.1251819133758545,0.953374445438385,30.641820907592773
swin_mse_c32,MSE,09.png,6a4361c2fc194feb4edaa9f9a4a0620fb9943e460ac7fdf037fb0f6dd6607a7d,256,256,5.0,2,50087072,0.020833333333333332,0.0,0.0,0.020833333333333332,0.0009234710596501827,30.345766067504883,0.9640196561813354,14.439348220825195,0.12416557222604752,0.9533921480178833,30.339677810668945
swin_mse_c32,MSE,09.png,6a4361c2fc194feb4edaa9f9a4a0620fb9943e460ac7fdf037fb0f6dd6607a7d,256,256,5.0,3,50087073,0.020833333333333332,0.0,0.0,0.020833333333333332,0.0008837467757984996,30.536724090576172,0.9660810232162476,14.695572853088379,0.1228436827659607,0.9556359648704529,30.530193328857422
swin_mse_c32,MSE,09.png,6a4361c2fc194feb4edaa9f9a4a0620fb9943e460ac7fdf037fb0f6dd6607a7d,256,256,5.0,4,50087074,0.020833333333333332,0.0,0.0,0.020833333333333332,0.0008641429012641311,30.634145736694336,0.9651874899864197,14.582647323608398,0.12095542252063751,0.953665554523468,30.626745223999023
swin_mse_c32,MSE,09.png,6a4361c2fc194feb4edaa9f9a4a0620fb9943e460ac7fdf037fb0f6dd6607a7d,256,256,5.0,5,50087075,0.020833333333333332,0.0,0.0,0.020833333333333332,0.0008173868991434574,30.875722885131836,0.9677325487136841,14.912353515625,0.11790768802165985,0.9583615660667419,30.868499755859375
swin_mse_c32,MSE,09.png,6a4361c2fc194feb4edaa9f9a4a0620fb9943e460ac7fdf037fb0f6dd6607a7d,256,256,5.0,6,50087076,0.020833333333333332,0.0,0.0,0.020833333333333332,0.0008234236156567931,30.843769073486328,0.965715765953064,14.649056434631348,0.11960431188344955,0.9543120861053467,30.83751678466797
swin_mse_c32,MSE,09.png,6a4361c2fc194feb4edaa9f9a4a0620fb9943e460ac7fdf037fb0f6dd6607a7d,256,256,5.0,7,50087077,0.020833333333333332,0.0,0.0,0.020833333333333332,0.0008694063290022314,30.607772827148438,0.965139627456665,14.576679229736328,0.1221136674284935,0.9536364078521729,30.600780487060547
swin_mse_c32,MSE,09.png,6a4361c2fc194feb4edaa9f9a4a0620fb9943e460ac7fdf037fb0f6dd6607a7d,256,256,5.0,8,50087078,0.020833333333333332,0.0,0.0,0.020833333333333332,0.0008302467758767307,30.80792999267578,0.9658681750297546,14.668405532836914,0.12624694406986237,0.9547730684280396,30.801382064819336
swin_mse_c32,MSE,09.png,6a4361c2fc194feb4edaa9f9a4a0620fb9943e460ac7fdf037fb0f6dd6607a7d,256,256,5.0,9,50087079,0.020833333333333332,0.0,0.0,0.020833333333333332,0.000869368202984333,30.60796356201172,0.96307373046875,14.32664680480957,0.12229438871145248,0.9511873722076416,30.60145378112793
swin_mse_c32,MSE,10.png,9dfb70f5867c29ff9ed6313683f19b3d867849e40fbc0c4c54a4a89df341cf23,256,256,5.0,0,50097070,0.020833333333333332,0.0,0.0,0.020833333333333332,0.00039095323882065713,34.07875061035156,0.9675683975219727,14.8903169631958,0.18182668089866638,0.9566957950592041,34.0658073425293
swin_mse_c32,MSE,10.png,9dfb70f5867c29ff9ed6313683f19b3d867849e40fbc0c4c54a4a89df341cf23,256,256,5.0,1,50097071,0.020833333333333332,0.0,0.0,0.020833333333333332,0.0004047201364301145,33.9284553527832,0.9685772657394409,15.02756118774414,0.1878948211669922,0.9584213495254517,33.91640853881836
swin_mse_c32,MSE,10.png,9dfb70f5867c29ff9ed6313683f19b3d867849e40fbc0c4c54a4a89df341cf23,256,256,5.0,2,50097072,0.020833333333333332,0.0,0.0,0.020833333333333332,0.0003874787944369018,34.11751937866211,0.9677795767784119,14.91868782043457,0.1830533742904663,0.9572316408157349,34.10285568237305
swin_mse_c32,MSE,10.png,9dfb70f5867c29ff9ed6313683f19b3d867849e40fbc0c4c54a4a89df341cf23,256,256,5.0,3,50097073,0.020833333333333332,0.0,0.0,0.020833333333333332,0.0003819234552793205,34.18023681640625,0.9690333604812622,15.091058731079102,0.18816690146923065,0.9594157338142395,34.16523742675781
swin_mse_c32,MSE,10.png,9dfb70f5867c29ff9ed6313683f19b3d867849e40fbc0c4c54a4a89df341cf23,256,256,5.0,4,50097074,0.020833333333333332,0.0,0.0,0.020833333333333332,0.000363323837518692,34.397064208984375,0.9683144092559814,14.991382598876953,0.1849694699048996,0.9578522443771362,34.38237762451172
swin_mse_c32,MSE,10.png,9dfb70f5867c29ff9ed6313683f19b3d867849e40fbc0c4c54a4a89df341cf23,256,256,5.0,5,50097075,0.020833333333333332,0.0,0.0,0.020833333333333332,0.0003840815043076873,34.155765533447266,0.9665334224700928,14.753887176513672,0.18511103093624115,0.9553097486495972,34.14167785644531
swin_mse_c32,MSE,10.png,9dfb70f5867c29ff9ed6313683f19b3d867849e40fbc0c4c54a4a89df341cf23,256,256,5.0,6,50097076,0.020833333333333332,0.0,0.0,0.020833333333333332,0.00039950694190338254,33.98475646972656,0.9678357839584351,14.926271438598633,0.1868874728679657,0.9571112990379333,33.971351623535156
swin_mse_c32,MSE,10.png,9dfb70f5867c29ff9ed6313683f19b3d867849e40fbc0c4c54a4a89df341cf23,256,256,5.0,7,50097077,0.020833333333333332,0.0,0.0,0.020833333333333332,0.000390573957702145,34.082969665527344,0.9686264395713806,15.034361839294434,0.18111886084079742,0.9582000970840454,34.06917190551758
swin_mse_c32,MSE,10.png,9dfb70f5867c29ff9ed6313683f19b3d867849e40fbc0c4c54a4a89df341cf23,256,256,5.0,8,50097078,0.020833333333333332,0.0,0.0,0.020833333333333332,0.00038230925565585494,34.17585372924805,0.9684280753135681,15.006989479064941,0.1872328519821167,0.9580286145210266,34.159423828125
swin_mse_c32,MSE,10.png,9dfb70f5867c29ff9ed6313683f19b3d867849e40fbc0c4c54a4a89df341cf23,256,256,5.0,9,50097079,0.020833333333333332,0.0,0.0,0.020833333333333332,0.0003853524976875633,34.14141845703125,0.9684774875640869,15.013792037963867,0.18863430619239807,0.9585667848587036,34.127296447753906
swin_mse_c32,MSE,11.png,7936814b58b5387fce2e4e2488b4ec830dadd95fa9520f358ddb30990b50f2b6,256,256,5.0,0,50107070,0.020833333333333332,0.0,0.0,0.020833333333333332,0.007369940169155598,21.325359344482422,0.8527609705924988,8.319770812988281,0.3344659209251404,0.8069102764129639,21.3243408203125
swin_mse_c32,MSE,11.png,7936814b58b5387fce2e4e2488b4ec830dadd95fa9520f358ddb30990b50f2b6,256,256,5.0,1,50107071,0.020833333333333332,0.0,0.0,0.020833333333333332,0.007182425819337368,21.43729019165039,0.8562778234481812,8.424762725830078,0.33211973309516907,0.8119884729385376,21.43663215637207
swin_mse_c32,MSE,11.png,7936814b58b5387fce2e4e2488b4ec830dadd95fa9520f358ddb30990b50f2b6,256,256,5.0,2,50107072,0.020833333333333332,0.0,0.0,0.020833333333333332,0.00807113852351904,20.930652618408203,0.852536678314209,8.313159942626953,0.3476608693599701,0.8062880635261536,20.929765701293945
swin_mse_c32,MSE,11.png,7936814b58b5387fce2e4e2488b4ec830dadd95fa9520f358ddb30990b50f2b6,256,256,5.0,3,50107073,0.020833333333333332,0.0,0.0,0.020833333333333332,0.007016189396381378,21.538986206054688,0.8619096279144287,8.598366737365723,0.3402062952518463,0.8199794292449951,21.538103103637695
swin_mse_c32,MSE,11.png,7936814b58b5387fce2e4e2488b4ec830dadd95fa9520f358ddb30990b50f2b6,256,256,5.0,4,50107074,0.020833333333333332,0.0,0.0,0.020833333333333332,0.007812302093952894,21.072208404541016,0.8590679168701172,8.509902000427246,0.32257890701293945,0.8157378435134888,21.07123565673828
swin_mse_c32,MSE,11.png,7936814b58b5387fce2e4e2488b4ec830dadd95fa9520f358ddb30990b50f2b6,256,256,5.0,5,50107075,0.020833333333333332,0.0,0.0,0.020833333333333332,0.007385908626019955,21.315959930419922,0.866187572479248,8.73503589630127,0.32520195841789246,0.8275254964828491,21.31547737121582
swin_mse_c32,MSE,11.png,7936814b58b5387fce2e4e2488b4ec830dadd95fa9520f358ddb30990b50f2b6,256,256,5.0,6,50107076,0.020833333333333332,0.0,0.0,0.020833333333333332,0.007109638303518295,21.481525421142578,0.867161750793457,8.766769409179688,0.32536178827285767,0.8306414484977722,21.480682373046875
swin_mse_c32,MSE,11.png,7936814b58b5387fce2e4e2488b4ec830dadd95fa9520f358ddb30990b50f2b6,256,256,5.0,7,50107077,0.020833333333333332,0.0,0.0,0.020833333333333332,0.008142744190990925,20.892292022705078,0.8525320291519165,8.313023567199707,0.33617013692855835,0.8031490445137024,20.891769409179688
swin_mse_c32,MSE,11.png,7936814b58b5387fce2e4e2488b4ec830dadd95fa9520f358ddb30990b50f2b6,256,256,5.0,8,50107078,0.020833333333333332,0.0,0.0,0.020833333333333332,0.008051839657127857,20.941049575805664,0.8496003150939941,8.227531433105469,0.3419017791748047,0.7983729839324951,20.940351486206055
swin_mse_c32,MSE,11.png,7936814b58b5387fce2e4e2488b4ec830dadd95fa9520f358ddb30990b50f2b6,256,256,5.0,9,50107079,0.020833333333333332,0.0,0.0,0.020833333333333332,0.011609009467065334,19.352046966552734,0.8470878601074219,8.155580520629883,0.32452571392059326,0.8006090521812439,19.35177993774414
swin_mse_c32,MSE,12.png,d78c37c2f04f23761ed2367dd77e2db584ddd4c3950833fecf89f199a8126980,256,256,5.0,0,50117070,0.020833333333333332,0.0,0.0,0.020833333333333332,0.0014976052334532142,28.246028900146484,0.9202197790145874,10.981046676635742,0.24000801146030426,0.8978925347328186,28.24256706237793
swin_mse_c32,MSE,12.png,d78c37c2f04f23761ed2367dd77e2db584ddd4c3950833fecf89f199a8126980,256,256,5.0,1,50117071,0.020833333333333332,0.0,0.0,0.020833333333333332,0.0013955025933682919,28.55269432067871,0.9184030890464783,10.88326358795166,0.21844376623630524,0.8959529995918274,28.548816680908203
swin_mse_c32,MSE,12.png,d78c37c2f04f23761ed2367dd77e2db584ddd4c3950833fecf89f199a8126980,256,256,5.0,2,50117072,0.020833333333333332,0.0,0.0,0.020833333333333332,0.0013677928363904357,28.63979721069336,0.918726921081543,10.900533676147461,0.23454681038856506,0.8951779007911682,28.63564682006836
swin_mse_c32,MSE,12.png,d78c37c2f04f23761ed2367dd77e2db584ddd4c3950833fecf89f199a8126980,256,256,5.0,3,50117073,0.020833333333333332,0.0,0.0,0.020833333333333332,0.0014301607152447104,28.446151733398438,0.9184918403625488,10.88798999786377,0.22554698586463928,0.8942810893058777,28.44211769104004
swin_mse_c32,MSE,12.png,d78c37c2f04f23761ed2367dd77e2db584ddd4c3950833fecf89f199a8126980,256,256,5.0,4,50117074,0.020833333333333332,0.0,0.0,0.020833333333333332,0.0016465766821056604,27.834178924560547,0.9208221435546875,11.01396369934082,0.22891496121883392,0.8980286121368408,27.83016014099121
swin_mse_c32,MSE,12.png,d78c37c2f04f23761ed2367dd77e2db584ddd4c3950833fecf89f199a8126980,256,256,5.0,5,50117075,0.020833333333333332,0.0,0.0,0.020833333333333332,0.0014307636301964521,28.444324493408203,0.917500376701355,10.835480690002441,0.22899314761161804,0.8935657739639282,28.440067291259766
swin_mse_c32,MSE,12.png,d78c37c2f04f23761ed2367dd77e2db584ddd4c3950833fecf89f199a8126980,256,256,5.0,6,50117076,0.020833333333333332,0.0,0.0,0.020833333333333332,0.001371533959172666,28.627933502197266,0.9206239581108093,11.003105163574219,0.22619855403900146,0.8986815214157104,28.6247615814209
swin_mse_c32,MSE,12.png,d78c37c2f04f23761ed2367dd77e2db584ddd4c3950833fecf89f199a8126980,256,256,5.0,7,50117077,0.020833333333333332,0.0,0.0,0.020833333333333332,0.0014295678120106459,28.447952270507812,0.918329119682312,10.879327774047852,0.2207542359828949,0.8953044414520264,28.443395614624023
swin_mse_c32,MSE,12.png,d78c37c2f04f23761ed2367dd77e2db584ddd4c3950833fecf89f199a8126980,256,256,5.0,8,50117078,0.020833333333333332,0.0,0.0,0.020833333333333332,0.001400986686348915,28.535661697387695,0.9202127456665039,10.98066520690918,0.21674633026123047,0.8977476358413696,28.530981063842773
swin_mse_c32,MSE,12.png,d78c37c2f04f23761ed2367dd77e2db584ddd4c3950833fecf89f199a8126980,256,256,5.0,9,50117079,0.020833333333333332,0.0,0.0,0.020833333333333332,0.0013710164930671453,28.62957191467285,0.9212180376052856,11.03573226928711,0.21670669317245483,0.9006406664848328,28.62531852722168
swin_mse_c32,MSE,13.png,bc34a3ce58dea09dce1704c997171602de90cb34d0c8503a988b77f473d39b08,256,256,5.0,0,50127070,0.020833333333333332,0.0,0.0,0.020833333333333332,0.007611013948917389,21.185577392578125,0.8173334002494812,7.383408546447754,0.5166583061218262,0.7629532814025879,21.184389114379883
swin_mse_c32,MSE,13.png,bc34a3ce58dea09dce1704c997171602de90cb34d0c8503a988b77f473d39b08,256,256,5.0,1,50127071,0.020833333333333332,0.0,0.0,0.020833333333333332,0.0077691092155873775,21.096288681030273,0.8060218095779419,7.122470855712891,0.5277073383331299,0.7522426247596741,21.09566879272461
swin_mse_c32,MSE,13.png,bc34a3ce58dea09dce1704c997171602de90cb34d0c8503a988b77f473d39b08,256,256,5.0,2,50127072,0.020833333333333332,0.0,0.0,0.020833333333333332,0.007450459524989128,21.278169631958008,0.8308161497116089,7.716411590576172,0.5056720972061157,0.7844877243041992,21.277341842651367
swin_mse_c32,MSE,13.png,bc34a3ce58dea09dce1704c997171602de90cb34d0c8503a988b77f473d39b08,256,256,5.0,3,50127073,0.020833333333333332,0.0,0.0,0.020833333333333332,0.007658468093723059,21.15858268737793,0.8088388442993164,7.186003684997559,0.5347268581390381,0.7534096837043762,21.158445358276367
swin_mse_c32,MSE,13.png,bc34a3ce58dea09dce1704c997171602de90cb34d0c8503a988b77f473d39b08,256,256,5.0,4,50127074,0.020833333333333332,0.0,0.0,0.020833333333333332,0.0078114718198776245,21.07267189025879,0.8156051635742188,7.342512607574463,0.5174601674079895,0.7595492601394653,21.072406768798828
swin_mse_c32,MSE,13.png,bc34a3ce58dea09dce1704c997171602de90cb34d0c8503a988b77f473d39b08,256,256,5.0,5,50127075,0.020833333333333332,0.0,0.0,0.020833333333333332,0.007569406181573868,21.209383010864258,0.8210240602493286,7.472053527832031,0.5139967799186707,0.7705830335617065,21.208656311035156
swin_mse_c32,MSE,13.png,bc34a3ce58dea09dce1704c997171602de90cb34d0c8503a988b77f473d39b08,256,256,5.0,6,50127076,0.020833333333333332,0.0,0.0,0.020833333333333332,0.007899238727986813,21.02414894104004,0.8199064135551453,7.4450178146362305,0.5288983583450317,0.7698783278465271,21.023597717285156
swin_mse_c32,MSE,13.png,bc34a3ce58dea09dce1704c997171602de90cb34d0c8503a988b77f473d39b08,256,256,5.0,7,50127077,0.020833333333333332,0.0,0.0,0.020833333333333332,0.007983115501701832,20.9782772064209,0.7989122867584229,6.966144561767578,0.5192293524742126,0.7373908162117004,20.977575302124023
swin_mse_c32,MSE,13.png,bc34a3ce58dea09dce1704c997171602de90cb34d0c8503a988b77f473d39b08,256,256,5.0,8,50127078,0.020833333333333332,0.0,0.0,0.020833333333333332,0.008568380028009415,20.67101287841797,0.7642497420310974,6.275478363037109,0.5273710489273071,0.682847797870636,20.669921875
swin_mse_c32,MSE,13.png,bc34a3ce58dea09dce1704c997171602de90cb34d0c8503a988b77f473d39b08,256,256,5.0,9,50127079,0.020833333333333332,0.0,0.0,0.020833333333333332,0.007649857085198164,21.163467407226562,0.8214341402053833,7.482015609741211,0.4975988268852234,0.7703258395195007,21.16234588623047
swin_mse_c32,MSE,14.png,55a94550ff18f3246c4074fd32b77b0c74447c26b6ad274d564d999c0450ba6e,256,256,5.0,0,50137070,0.020833333333333332,0.0,0.0,0.020833333333333332,0.006993913557380438,21.552799224853516,0.8546972274780273,8.3772611618042,0.3090692162513733,0.810325026512146,21.551733016967773
swin_mse_c32,MSE,14.png,55a94550ff18f3246c4074fd32b77b0c74447c26b6ad274d564d999c0450ba6e,256,256,5.0,1,50137071,0.020833333333333332,0.0,0.0,0.020833333333333332,0.006800897419452667,21.67433738708496,0.8613108992576599,8.57957649230957,0.29447367787361145,0.8203917741775513,21.673816680908203
swin_mse_c32,MSE,14.png,55a94550ff18f3246c4074fd32b77b0c74447c26b6ad274d564d999c0450ba6e,256,256,5.0,2,50137072,0.020833333333333332,0.0,0.0,0.020833333333333332,0.006679160054773092,21.75278091430664,0.862652063369751,8.62177848815918,0.28477340936660767,0.8209801316261292,21.751840591430664
swin_mse_c32,MSE,14.png,55a94550ff18f3246c4074fd32b77b0c74447c26b6ad274d564d999c0450ba6e,256,256,5.0,3,50137073,0.020833333333333332,0.0,0.0,0.020833333333333332,0.008072896860539913,20.929706573486328,0.8518998622894287,8.294445037841797,0.31097322702407837,0.8042692542076111,20.928842544555664
swin_mse_c32,MSE,14.png,55a94550ff18f3246c4074fd32b77b0c74447c26b6ad274d564d999c0450ba6e,256,256,5.0,4,50137074,0.020833333333333332,0.0,0.0,0.020833333333333332,0.010306711308658123,19.86880111694336,0.8338021636009216,7.793746471405029,0.28470879793167114,0.7791233062744141,19.86822509765625
swin_mse_c32,MSE,14.png,55a94550ff18f3246c4074fd32b77b0c74447c26b6ad274d564d999c0450ba6e,256,256,5.0,5,50137075,0.020833333333333332,0.0,0.0,0.020833333333333332,0.006992942653596401,21.553401947021484,0.8564389944076538,8.429635047912598,0.271474152803421,0.8094522356987,21.552522659301758
swin_mse_c32,MSE,14.png,55a94550ff18f3246c4074fd32b77b0c74447c26b6ad274d564d999c0450ba6e,256,256,5.0,6,50137076,0.020833333333333332,0.0,0.0,0.020833333333333332,0.00758682657033205,21.199398040771484,0.8611552715301514,8.574706077575684,0.29602646827697754,0.8207547664642334,21.19888687133789
swin_mse_c32,MSE,14.png,55a94550ff18f3246c4074fd32b77b0c74447c26b6ad274d564d999c0450ba6e,256,256,5.0,7,50137077,0.020833333333333332,0.0,0.0,0.020833333333333332,0.008254090324044228,20.83330535888672,0.8553913831710815,8.39805793762207,0.2852182388305664,0.8138201832771301,20.833072662353516
swin_mse_c32,MSE,14.png,55a94550ff18f3246c4074fd32b77b0c74447c26b6ad274d564d999c0450ba6e,256,256,5.0,8,50137078,0.020833333333333332,0.0,0.0,0.020833333333333332,0.007931286469101906,21.006563186645508,0.8565502166748047,8.433001518249512,0.28934985399246216,0.8139772415161133,21.005971908569336
swin_mse_c32,MSE,14.png,55a94550ff18f3246c4074fd32b77b0c74447c26b6ad274d564d999c0450ba6e,256,256,5.0,9,50137079,0.020833333333333332,0.0,0.0,0.020833333333333332,0.00634380429983139,21.97650146484375,0.8685798048973083,8.813379287719727,0.26997673511505127,0.8310776948928833,21.975614547729492
swin_mse_c32,MSE,15.png,7538cbb80cb9103606c48b806eae57d56c885c7f90b9b3be70a41160f9cbb683,256,256,5.0,0,50147070,0.020833333333333332,0.0,0.0,0.020833333333333332,0.0017072700429707766,27.676979064941406,0.9287146329879761,11.469995498657227,0.3086380064487457,0.9072184562683105,27.674177169799805
swin_mse_c32,MSE,15.png,7538cbb80cb9103606c48b806eae57d56c885c7f90b9b3be70a41160f9cbb683,256,256,5.0,1,50147071,0.020833333333333332,0.0,0.0,0.020833333333333332,0.001950299134477973,27.098987579345703,0.9267309904098511,11.350797653198242,0.3242127299308777,0.9054343700408936,27.096664428710938
swin_mse_c32,MSE,15.png,7538cbb80cb9103606c48b806eae57d56c885c7f90b9b3be70a41160f9cbb683,256,256,5.0,2,50147072,0.020833333333333332,0.0,0.0,0.020833333333333332,0.0018738167127594352,27.272729873657227,0.9233128428459167,11.1527738571167,0.3136037588119507,0.9000189304351807,27.268882751464844
swin_mse_c32,MSE,15.png,7538cbb80cb9103606c48b806eae57d56c885c7f90b9b3be70a41160f9cbb683,256,256,5.0,3,50147073,0.020833333333333332,0.0,0.0,0.020833333333333332,0.0017372558359056711,27.601364135742188,0.9315069913864136,11.643537521362305,0.3232041895389557,0.9131333827972412,27.59761619567871
swin_mse_c32,MSE,15.png,7538cbb80cb9103606c48b806eae57d56c885c7f90b9b3be70a41160f9cbb683,256,256,5.0,4,50147074,0.020833333333333332,0.0,0.0,0.020833333333333332,0.002044413238763809,26.89431381225586,0.9286690950393677,11.467223167419434,0.33465448021888733,0.9093409776687622,26.89183235168457
swin_mse_c32,MSE,15.png,7538cbb80cb9103606c48b806eae57d56c885c7f90b9b3be70a41160f9cbb683,256,256,5.0,5,50147075,0.020833333333333332,0.0,0.0,0.020833333333333332,0.0017924437997862697,27.465545654296875,0.926266074180603,11.32332706451416,0.31677478551864624,0.9043002724647522,27.461795806884766
swin_mse_c32,MSE,15.png,7538cbb80cb9103606c48b806eae57d56c885c7f90b9b3be70a41160f9cbb683,256,256,5.0,6,50147076,0.020833333333333332,0.0,0.0,0.020833333333333332,0.0018195825396105647,27.400283813476562,0.9313501715660095,11.63360595703125,0.308565616607666,0.9121567010879517,27.396759033203125
swin_mse_c32,MSE,15.png,7538cbb80cb9103606c48b806eae57d56c885c7f90b9b3be70a41160f9cbb683,256,256,5.0,7,50147077,0.020833333333333332,0.0,0.0,0.020833333333333332,0.001706693205051124,27.678447723388672,0.9252086877822876,11.261489868164062,0.3112978935241699,0.9028196334838867,27.674867630004883
swin_mse_c32,MSE,15.png,7538cbb80cb9103606c48b806eae57d56c885c7f90b9b3be70a41160f9cbb683,256,256,5.0,8,50147078,0.020833333333333332,0.0,0.0,0.020833333333333332,0.0017308308742940426,27.617454528808594,0.9295660853385925,11.52218246459961,0.3123100996017456,0.9098986983299255,27.614116668701172
swin_mse_c32,MSE,15.png,7538cbb80cb9103606c48b806eae57d56c885c7f90b9b3be70a41160f9cbb683,256,256,5.0,9,50147079,0.020833333333333332,0.0,0.0,0.020833333333333332,0.001866739010438323,27.28916358947754,0.9287784099578857,11.473883628845215,0.3052731156349182,0.9081283211708069,27.28643035888672
swin_mse_c32,MSE,16.png,a89c7268ccd4718ba424a99fc4643c572cf692ca6eae887185ceb4e9f11d2e54,256,256,5.0,0,50157070,0.020833333333333332,0.0,0.0,0.020833333333333332,0.001484670676290989,28.28369903564453,0.9238119125366211,11.181129455566406,0.25053802132606506,0.9018458724021912,28.280757904052734
swin_mse_c32,MSE,16.png,a89c7268ccd4718ba424a99fc4643c572cf692ca6eae887185ceb4e9f11d2e54,256,256,5.0,1,50157071,0.020833333333333332,0.0,0.0,0.020833333333333332,0.0014897420769557357,28.268890380859375,0.9213024377822876,11.040387153625488,0.24147063493728638,0.8993112444877625,28.26462745666504
swin_mse_c32,MSE,16.png,a89c7268ccd4718ba424a99fc4643c572cf692ca6eae887185ceb4e9f11d2e54,256,256,5.0,2,50157072,0.020833333333333332,0.0,0.0,0.020833333333333332,0.0015475773252546787,28.103477478027344,0.9200729131698608,10.973060607910156,0.24759292602539062,0.8979752063751221,28.099822998046875
swin_mse_c32,MSE,16.png,a89c7268ccd4718ba424a99fc4643c572cf692ca6eae887185ceb4e9f11d2e54,256,256,5.0,3,50157073,0.020833333333333332,0.0,0.0,0.020833333333333332,0.001508256420493126,28.215248107910156,0.9207032918930054,11.007450103759766,0.24916480481624603,0.8980154991149902,28.211286544799805
swin_mse_c32,MSE,16.png,a89c7268ccd4718ba424a99fc4643c572cf692ca6eae887185ceb4e9f11d2e54,256,256,5.0,4,50157074,0.020833333333333332,0.0,0.0,0.020833333333333332,0.0015251543372869492,28.16686248779297,0.9225645065307617,11.110599517822266,0.25357186794281006,0.9005592465400696,28.163646697998047
swin_mse_c32,MSE,16.png,a89c7268ccd4718ba424a99fc4643c572cf692ca6eae887185ceb4e9f11d2e54,256,256,5.0,5,50157075,0.020833333333333332,0.0,0.0,0.020833333333333332,0.0016092639416456223,27.933727264404297,0.923210620880127,11.146988868713379,0.2515358030796051,0.901487410068512,27.93004608154297
swin_mse_c32,MSE,16.png,a89c7268ccd4718ba424a99fc4643c572cf692ca6eae887185ceb4e9f11d2e54,256,256,5.0,6,50157076,0.020833333333333332,0.0,0.0,0.020833333333333332,0.0014789418783038855,28.300491333007812,0.9241410493850708,11.199932098388672,0.24312397837638855,0.903394341468811,28.296798706054688
swin_mse_c32,MSE,16.png,a89c7268ccd4718ba424a99fc4643c572cf692ca6eae887185ceb4e9f11d2e54,256,256,5.0,7,50157077,0.020833333333333332,0.0,0.0,0.020833333333333332,0.0014846674166619778,28.283710479736328,0.9244933128356934,11.220146179199219,0.24576517939567566,0.9037235975265503,28.28050994873047
swin_mse_c32,MSE,16.png,a89c7268ccd4718ba424a99fc4643c572cf692ca6eae887185ceb4e9f11d2e54,256,256,5.0,8,50157078,0.020833333333333332,0.0,0.0,0.020833333333333332,0.0014597408007830381,28.357240676879883,0.9238540530204773,11.18353271484375,0.24321463704109192,0.9027532935142517,28.353553771972656
swin_mse_c32,MSE,16.png,a89c7268ccd4718ba424a99fc4643c572cf692ca6eae887185ceb4e9f11d2e54,256,256,5.0,9,50157079,0.020833333333333332,0.0,0.0,0.020833333333333332,0.0014922911068424582,28.261463165283203,0.9216771125793457,11.061114311218262,0.2578634023666382,0.8996995687484741,28.257579803466797
swin_mse_c32,MSE,17.png,37afcc89fbdcb76d9518e04b2fc011027e2f4cd14b3b2f83cefd721641a47c5b,256,256,5.0,0,50167070,0.020833333333333332,0.0,0.0,0.020833333333333332,0.0013112674932926893,28.823087692260742,0.9390362501144409,12.149284362792969,0.20485469698905945,0.9215101599693298,28.818897247314453
swin_mse_c32,MSE,17.png,37afcc89fbdcb76d9518e04b2fc011027e2f4cd14b3b2f83cefd721641a47c5b,256,256,5.0,1,50167071,0.020833333333333332,0.0,0.0,0.020833333333333332,0.0012946975184604526,28.87831687927246,0.9389482736587524,12.143020629882812,0.2075101137161255,0.9198356866836548,28.873903274536133
swin_mse_c32,MSE,17.png,37afcc89fbdcb76d9518e04b2fc011027e2f4cd14b3b2f83cefd721641a47c5b,256,256,5.0,2,50167072,0.020833333333333332,0.0,0.0,0.020833333333333332,0.0012836323585361242,28.91559410095215,0.9417979121208191,12.350615501403809,0.22119855880737305,0.9258107542991638,28.910730361938477
swin_mse_c32,MSE,17.png,37afcc89fbdcb76d9518e04b2fc011027e2f4cd14b3b2f83cefd721641a47c5b,256,256,5.0,3,50167073,0.020833333333333332,0.0,0.0,0.020833333333333332,0.0013240402331575751,28.780990600585938,0.9389671087265015,12.144360542297363,0.21986158192157745,0.9207816123962402,28.776247024536133
swin_mse_c32,MSE,17.png,37afcc89fbdcb76d9518e04b2fc011027e2f4cd14b3b2f83cefd721641a47c5b,256,256,5.0,4,50167074,0.020833333333333332,0.0,0.0,0.020833333333333332,0.0013922028010711074,28.56297492980957,0.9328540563583374,11.729802131652832,0.22185754776000977,0.9071428179740906,28.559803009033203
swin_mse_c32,MSE,17.png,37afcc89fbdcb76d9518e04b2fc011027e2f4cd14b3b2f83cefd721641a47c5b,256,256,5.0,5,50167075,0.020833333333333332,0.0,0.0,0.020833333333333332,0.0013650907203555107,28.648386001586914,0.937213122844696,12.02131175994873,0.2171531468629837,0.917915940284729,28.643779754638672
swin_mse_c32,MSE,17.png,37afcc89fbdcb76d9518e04b2fc011027e2f4cd14b3b2f83cefd721641a47c5b,256,256,5.0,6,50167076,0.020833333333333332,0.0,0.0,0.020833333333333332,0.0013090623542666435,28.83039665222168,0.9394802451133728,12.181029319763184,0.2142934501171112,0.9217720627784729,28.826868057250977
swin_mse_c32,MSE,17.png,37afcc89fbdcb76d9518e04b2fc011027e2f4cd14b3b2f83cefd721641a47c5b,256,256,5.0,7,50167077,0.020833333333333332,0.0,0.0,0.020833333333333332,0.0016671346966177225,27.78029441833496,0.9342361688613892,11.82012939453125,0.22768554091453552,0.9134255051612854,27.777145385742188
swin_mse_c32,MSE,17.png,37afcc89fbdcb76d9518e04b2fc011027e2f4cd14b3b2f83cefd721641a47c5b,256,256,5.0,8,50167078,0.020833333333333332,0.0,0.0,0.020833333333333332,0.0013717601541429758,28.627220153808594,0.9380602836608887,12.080307960510254,0.22135451436042786,0.9193263053894043,28.622577667236328
swin_mse_c32,MSE,17.png,37afcc89fbdcb76d9518e04b2fc011027e2f4cd14b3b2f83cefd721641a47c5b,256,256,5.0,9,50167079,0.020833333333333332,0.0,0.0,0.020833333333333332,0.0014301994815468788,28.446035385131836,0.936377227306366,11.963873863220215,0.2177445888519287,0.9162375330924988,28.44247817993164
swin_mse_c32,MSE,18.png,1a9258c365988961d87a0598725b609139c303ad48a5aad6c503c3b1a87849aa,256,256,5.0,0,50177070,0.020833333333333332,0.0,0.0,0.020833333333333332,0.004615688696503639,23.357635498046875,0.8821799159049988,9.287806510925293,0.37633246183395386,0.8403159976005554,23.356609344482422
swin_mse_c32,MSE,18.png,1a9258c365988961d87a0598725b609139c303ad48a5aad6c503c3b1a87849aa,256,256,5.0,1,50177071,0.020833333333333332,0.0,0.0,0.020833333333333332,0.004903685301542282,23.094772338867188,0.886211097240448,9.439000129699707,0.3801732361316681,0.8490037322044373,23.09368324279785
swin_mse_c32,MSE,18.png,1a9258c365988961d87a0598725b609139c303ad48a5aad6c503c3b1a87849aa,256,256,5.0,2,50177072,0.020833333333333332,0.0,0.0,0.020833333333333332,0.0049192532896995544,23.081008911132812,0.8693056106567383,8.837430953979492,0.3711656332015991,0.8200981020927429,23.080089569091797
swin_mse_c32,MSE,18.png,1a9258c365988961d87a0598725b609139c303ad48a5aad6c503c3b1a87849aa,256,256,5.0,3,50177073,0.020833333333333332,0.0,0.0,0.020833333333333332,0.004571794532239437,23.399133682250977,0.8904332518577576,9.6032133102417,0.38133686780929565,0.8566673994064331,23.398056030273438
swin_mse_c32,MSE,18.png,1a9258c365988961d87a0598725b609139c303ad48a5aad6c503c3b1a87849aa,256,256,5.0,4,50177074,0.020833333333333332,0.0,0.0,0.020833333333333332,0.004568639677017927,23.402130126953125,0.8827531337738037,9.308987617492676,0.364295095205307,0.8440027832984924,23.400951385498047
swin_mse_c32,MSE,18.png,1a9258c365988961d87a0598725b609139c303ad48a5aad6c503c3b1a87849aa,256,256,5.0,5,50177075,0.020833333333333332,0.0,0.0,0.020833333333333332,0.004466060549020767,23.500755310058594,0.8870152831077576,9.469802856445312,0.3763507604598999,0.8493833541870117,23.499553680419922
swin_mse_c32,MSE,18.png,1a9258c365988961d87a0598725b609139c303ad48a5aad6c503c3b1a87849aa,256,256,5.0,6,50177076,0.020833333333333332,0.0,0.0,0.020833333333333332,0.00534768495708704,22.718341827392578,0.8728793859481812,8.957840919494629,0.3561638593673706,0.829157829284668,22.717174530029297
swin_mse_c32,MSE,18.png,1a9258c365988961d87a0598725b609139c303ad48a5aad6c503c3b1a87849aa,256,256,5.0,7,50177077,0.020833333333333332,0.0,0.0,0.020833333333333332,0.004802263341844082,23.1855411529541,0.8817281723022461,9.271186828613281,0.3871474862098694,0.8385361433029175,23.184722900390625
swin_mse_c32,MSE,18.png,1a9258c365988961d87a0598725b609139c303ad48a5aad6c503c3b1a87849aa,256,256,5.0,8,50177078,0.020833333333333332,0.0,0.0,0.020833333333333332,0.004752373322844505,23.230894088745117,0.8774601817131042,9.117227554321289,0.3760136365890503,0.834246814250946,23.229896545410156
swin_mse_c32,MSE,18.png,1a9258c365988961d87a0598725b609139c303ad48a5aad6c503c3b1a87849aa,256,256,5.0,9,50177079,0.020833333333333332,0.0,0.0,0.020833333333333332,0.0047411792911589146,23.241138458251953,0.8776580691337585,9.124246597290039,0.3629309833049774,0.8320027589797974,23.24011993408203
swin_mse_c32,MSE,19.png,b7450b264b1b0a411390d8931b112c27905a992520fc90569dc4b920aa32bbdc,256,256,5.0,0,50187070,0.020833333333333332,0.0,0.0,0.020833333333333332,0.0025548026897013187,25.926427841186523,0.9166815280914307,10.792587280273438,0.19807280600070953,0.893018364906311,25.92472267150879
swin_mse_c32,MSE,19.png,b7450b264b1b0a411390d8931b112c27905a992520fc90569dc4b920aa32bbdc,256,256,5.0,1,50187071,0.020833333333333332,0.0,0.0,0.020833333333333332,0.0027558780275285244,25.597400665283203,0.9051898717880249,10.231452941894531,0.21979199349880219,0.8714945912361145,25.595375061035156
swin_mse_c32,MSE,19.png,b7450b264b1b0a411390d8931b112c27905a992520fc90569dc4b920aa32bbdc,256,256,5.0,2,50187072,0.020833333333333332,0.0,0.0,0.020833333333333332,0.002582710236310959,25.87924575805664,0.9149312973022461,10.702302932739258,0.23096254467964172,0.8895657062530518,25.87640953063965
swin_mse_c32,MSE,19.png,b7450b264b1b0a411390d8931b112c27905a992520fc90569dc4b920aa32bbdc,256,256,5.0,3,50187073,0.020833333333333332,0.0,0.0,0.020833333333333332,0.0027026794850826263,25.682056427001953,0.9081597328186035,10.369668006896973,0.21959815919399261,0.8778986930847168,25.67962646484375
swin_mse_c32,MSE,19.png,b7450b264b1b0a411390d8931b112c27905a992520fc90569dc4b920aa32bbdc,256,256,5.0,4,50187074,0.020833333333333332,0.0,0.0,0.020833333333333332,0.0027633048593997955,25.585712432861328,0.8989131450653076,9.95305347442627,0.2230881154537201,0.8583175539970398,25.583782196044922
swin_mse_c32,MSE,19.png,b7450b264b1b0a411390d8931b112c27905a992520fc90569dc4b920aa32bbdc,256,256,5.0,5,50187075,0.020833333333333332,0.0,0.0,0.020833333333333332,0.002599558560177684,25.851003646850586,0.9124855399131775,10.579202651977539,0.21591949462890625,0.8880450129508972,25.84926414489746
swin_mse_c32,MSE,19.png,b7450b264b1b0a411390d8931b112c27905a992520fc90569dc4b920aa32bbdc,256,256,5.0,6,50187076,0.020833333333333332,0.0,0.0,0.020833333333333332,0.0026009920984506607,25.848609924316406,0.9129199981689453,10.600815773010254,0.22927629947662354,0.8872621059417725,25.847309112548828
swin_mse_c32,MSE,19.png,b7450b264b1b0a411390d8931b112c27905a992520fc90569dc4b920aa32bbdc,256,256,5.0,7,50187077,0.020833333333333332,0.0,0.0,0.020833333333333332,0.0027252580039203167,25.645925521850586,0.907440185546875,10.335775375366211,0.21662676334381104,0.8765892386436462,25.644235610961914
swin_mse_c32,MSE,19.png,b7450b264b1b0a411390d8931b112c27905a992520fc90569dc4b920aa32bbdc,256,256,5.0,8,50187078,0.020833333333333332,0.0,0.0,0.020833333333333332,0.002592541044577956,25.862743377685547,0.916084885597229,10.761598587036133,0.21018454432487488,0.8905919194221497,25.861207962036133
swin_mse_c32,MSE,19.png,b7450b264b1b0a411390d8931b112c27905a992520fc90569dc4b920aa32bbdc,256,256,5.0,9,50187079,0.020833333333333332,0.0,0.0,0.020833333333333332,0.002695245435461402,25.69401741027832,0.9197329878807068,10.954628944396973,0.21089500188827515,0.897682785987854,25.691463470458984
swin_mse_c32,MSE,20.png,3b46c71e3b92a563820ba32936be8330c586c41f938efd94be938386aae4328a,256,256,5.0,0,50197070,0.020833333333333332,0.0,0.0,0.020833333333333332,0.001931473147124052,27.14111328125,0.9611040353775024,14.100954055786133,0.11632084846496582,0.9428990483283997,27.137718200683594
swin_mse_c32,MSE,20.png,3b46c71e3b92a563820ba32936be8330c586c41f938efd94be938386aae4328a,256,256,5.0,1,50197071,0.020833333333333332,0.0,0.0,0.020833333333333332,0.0017115017399191856,27.666227340698242,0.9676916003227234,14.906846046447754,0.11732298880815506,0.956336259841919,27.662639617919922
swin_mse_c32,MSE,20.png,3b46c71e3b92a563820ba32936be8330c586c41f938efd94be938386aae4328a,256,256,5.0,2,50197072,0.020833333333333332,0.0,0.0,0.020833333333333332,0.002163233468309045,26.648967742919922,0.9595366716384888,13.9293851852417,0.12861324846744537,0.9429751634597778,26.64594841003418
swin_mse_c32,MSE,20.png,3b46c71e3b92a563820ba32936be8330c586c41f938efd94be938386aae4328a,256,256,5.0,3,50197073,0.020833333333333332,0.0,0.0,0.020833333333333332,0.0017137945396825671,27.660411834716797,0.9676206111907959,14.897314071655273,0.11592411249876022,0.9561065435409546,27.65680503845215
swin_mse_c32,MSE,20.png,3b46c71e3b92a563820ba32936be8330c586c41f938efd94be938386aae4328a,256,256,5.0,4,50197074,0.020833333333333332,0.0,0.0,0.020833333333333332,0.0016987373819574714,27.69873809814453,0.9671362638473511,14.832831382751465,0.11029303073883057,0.9557031989097595,27.69634246826172
swin_mse_c32,MSE,20.png,3b46c71e3b92a563820ba32936be8330c586c41f938efd94be938386aae4328a,256,256,5.0,5,50197075,0.020833333333333332,0.0,0.0,0.020833333333333332,0.0019481165800243616,27.103851318359375,0.9640120267868042,14.438426971435547,0.12003254145383835,0.9502387642860413,27.1005802154541
swin_mse_c32,MSE,20.png,3b46c71e3b92a563820ba32936be8330c586c41f938efd94be938386aae4328a,256,256,5.0,6,50197076,0.020833333333333332,0.0,0.0,0.020833333333333332,0.0018488203641027212,27.3310546875,0.9659035205841064,14.672904968261719,0.11278674006462097,0.9534533619880676,27.32912254333496
swin_mse_c32,MSE,20.png,3b46c71e3b92a563820ba32936be8330c586c41f938efd94be938386aae4328a,256,256,5.0,7,50197077,0.020833333333333332,0.0,0.0,0.020833333333333332,0.001954598817974329,27.08942413330078,0.9662653803825378,14.719242095947266,0.12024758756160736,0.9549416899681091,27.086942672729492
swin_mse_c32,MSE,20.png,3b46c71e3b92a563820ba32936be8330c586c41f938efd94be938386aae4328a,256,256,5.0,8,50197078,0.020833333333333332,0.0,0.0,0.020833333333333332,0.0017406130209565163,27.592979431152344,0.9660128355026245,14.686850547790527,0.13372908532619476,0.9537416100502014,27.58925437927246
swin_mse_c32,MSE,20.png,3b46c71e3b92a563820ba32936be8330c586c41f938efd94be938386aae4328a,256,256,5.0,9,50197079,0.020833333333333332,0.0,0.0,0.020833333333333332,0.0019105623941868544,27.18838882446289,0.9672438502311707,14.847070693969727,0.12481743097305298,0.9560831189155579,27.185983657836914
swin_mse_c32,MSE,21.png,ac958597c82073f6bb65129c68f72b651db5b9efd82e11547d07350214bc268b,256,256,5.0,0,50207070,0.020833333333333332,0.0,0.0,0.020833333333333332,0.0041224113665521145,23.848485946655273,0.9037637710571289,10.166614532470703,0.3092810809612274,0.8718419671058655,23.846843719482422
swin_mse_c32,MSE,21.png,ac958597c82073f6bb65129c68f72b651db5b9efd82e11547d07350214bc268b,256,256,5.0,1,50207071,0.020833333333333332,0.0,0.0,0.020833333333333332,0.003897901624441147,24.091691970825195,0.909969687461853,10.4561128616333,0.3224996328353882,0.8807597160339355,24.0906925201416
swin_mse_c32,MSE,21.png,ac958597c82073f6bb65129c68f72b651db5b9efd82e11547d07350214bc268b,256,256,5.0,2,50207072,0.020833333333333332,0.0,0.0,0.020833333333333332,0.004039676859974861,23.936534881591797,0.9053391814231873,10.238296508789062,0.31655851006507874,0.8753499388694763,23.935684204101562
swin_mse_c32,MSE,21.png,ac958597c82073f6bb65129c68f72b651db5b9efd82e11547d07350214bc268b,256,256,5.0,3,50207073,0.020833333333333332,0.0,0.0,0.020833333333333332,0.004361078143119812,23.604061126708984,0.8971495628356934,9.877938270568848,0.3373295068740845,0.8597726821899414,23.602794647216797
swin_mse_c32,MSE,21.png,ac958597c82073f6bb65129c68f72b651db5b9efd82e11547d07350214bc268b,256,256,5.0,4,50207074,0.020833333333333332,0.0,0.0,0.020833333333333332,0.0040917834267020226,23.880874633789062,0.9025425314903259,10.111847877502441,0.3349956274032593,0.8697726130485535,23.879348754882812
swin_mse_c32,MSE,21.png,ac958597c82073f6bb65129c68f72b651db5b9efd82e11547d07350214bc268b,256,256,5.0,5,50207075,0.020833333333333332,0.0,0.0,0.020833333333333332,0.00484685692936182,23.14539909362793,0.8904427289962769,9.603588104248047,0.33398309350013733,0.8525112867355347,23.144283294677734
swin_mse_c32,MSE,21.png,ac958597c82073f6bb65129c68f72b651db5b9efd82e11547d07350214bc268b,256,256,5.0,6,50207076,0.020833333333333332,0.0,0.0,0.020833333333333332,0.004716925323009491,23.263408660888672,0.8944391012191772,9.764968872070312,0.29989391565322876,0.855816125869751,23.262569427490234
swin_mse_c32,MSE,21.png,ac958597c82073f6bb65129c68f72b651db5b9efd82e11547d07350214bc268b,256,256,5.0,7,50207077,0.020833333333333332,0.0,0.0,0.020833333333333332,0.004706222098320723,23.273277282714844,0.9005972146987915,10.026015281677246,0.32398587465286255,0.8637270927429199,23.27200698852539
swin_mse_c32,MSE,21.png,ac958597c82073f6bb65129c68f72b651db5b9efd82e11547d07350214bc268b,256,256,5.0,8,50207078,0.020833333333333332,0.0,0.0,0.020833333333333332,0.004233891144394875,23.73260498046875,0.9036585092544556,10.161866188049316,0.32593756914138794,0.8718643188476562,23.730649948120117
swin_mse_c32,MSE,21.png,ac958597c82073f6bb65129c68f72b651db5b9efd82e11547d07350214bc268b,256,256,5.0,9,50207079,0.020833333333333332,0.0,0.0,0.020833333333333332,0.004093136638402939,23.879436492919922,0.9073121547698975,10.329771995544434,0.3095744252204895,0.877721905708313,23.878211975097656
swin_mse_c32,MSE,22.png,1cee58eb1f2d9c7ebb254d208a03c783ce6cf2c4d8c2cf45e235dd23b4ce1b29,256,256,5.0,0,50217070,0.020833333333333332,0.0,0.0,0.020833333333333332,0.0029459537472575903,25.307741165161133,0.8813104629516602,9.255875587463379,0.31092020869255066,0.8423702716827393,25.30527114868164
swin_mse_c32,MSE,22.png,1cee58eb1f2d9c7ebb254d208a03c783ce6cf2c4d8c2cf45e235dd23b4ce1b29,256,256,5.0,1,50217071,0.020833333333333332,0.0,0.0,0.020833333333333332,0.0030640147160738707,25.13709259033203,0.8770310282707214,9.102045059204102,0.3153667449951172,0.8348963856697083,25.136030197143555
swin_mse_c32,MSE,22.png,1cee58eb1f2d9c7ebb254d208a03c783ce6cf2c4d8c2cf45e235dd23b4ce1b29,256,256,5.0,2,50217072,0.020833333333333332,0.0,0.0,0.020833333333333332,0.0030079353600740433,25.217315673828125,0.8741399645805359,9.00112247467041,0.320491224527359,0.8307400941848755,25.215435028076172
swin_mse_c32,MSE,22.png,1cee58eb1f2d9c7ebb254d208a03c783ce6cf2c4d8c2cf45e235dd23b4ce1b29,256,256,5.0,3,50217073,0.020833333333333332,0.0,0.0,0.020833333333333332,0.002900301245972514,25.375572204589844,0.8831310272216797,9.323007583618164,0.3232511878013611,0.8455982804298401,25.372838973999023
swin_mse_c32,MSE,22.png,1cee58eb1f2d9c7ebb254d208a03c783ce6cf2c4d8c2cf45e235dd23b4ce1b29,256,256,5.0,4,50217074,0.020833333333333332,0.0,0.0,0.020833333333333332,0.004078471101820469,23.89502716064453,0.8692933320999146,8.837021827697754,0.33768200874328613,0.8226191997528076,23.893844604492188
swin_mse_c32,MSE,22.png,1cee58eb1f2d9c7ebb254d208a03c783ce6cf2c4d8c2cf45e235dd23b4ce1b29,256,256,5.0,5,50217075,0.020833333333333332,0.0,0.0,0.020833333333333332,0.00313747301697731,25.03420066833496,0.8750481605529785,9.032572746276855,0.3071587383747101,0.8336755633354187,25.031911849975586
swin_mse_c32,MSE,22.png,1cee58eb1f2d9c7ebb254d208a03c783ce6cf2c4d8c2cf45e235dd23b4ce1b29,256,256,5.0,6,50217076,0.020833333333333332,0.0,0.0,0.020833333333333332,0.0031106718815863132,25.07145881652832,0.8763178586959839,9.076930046081543,0.3004240393638611,0.8309329748153687,25.06978988647461
swin_mse_c32,MSE,22.png,1cee58eb1f2d9c7ebb254d208a03c783ce6cf2c4d8c2cf45e235dd23b4ce1b29,256,256,5.0,7,50217077,0.020833333333333332,0.0,0.0,0.020833333333333332,0.00542343920096755,22.65725326538086,0.8634203672409058,8.646141052246094,0.3257574737071991,0.8164931535720825,22.656177520751953
swin_mse_c32,MSE,22.png,1cee58eb1f2d9c7ebb254d208a03c783ce6cf2c4d8c2cf45e235dd23b4ce1b29,256,256,5.0,8,50217078,0.020833333333333332,0.0,0.0,0.020833333333333332,0.0030053798109292984,25.221006393432617,0.8750591278076172,9.032954216003418,0.3310505449771881,0.8315109014511108,25.218849182128906
swin_mse_c32,MSE,22.png,1cee58eb1f2d9c7ebb254d208a03c783ce6cf2c4d8c2cf45e235dd23b4ce1b29,256,256,5.0,9,50217079,0.020833333333333332,0.0,0.0,0.020833333333333332,0.003090533195063472,25.099666595458984,0.8585008978843689,8.492463111877441,0.3242412805557251,0.8047221302986145,25.098495483398438
swin_mse_c32,MSE,23.png,e3111a2fd4da24af15d6459ef9eacfe54106b38e27b4a21821b75c3f5d2d5baf,256,256,5.0,0,50227070,0.020833333333333332,0.0,0.0,0.020833333333333332,0.001206379383802414,29.185161590576172,0.9617229700088501,14.170618057250977,0.1548914611339569,0.9494807124137878,29.180591583251953
swin_mse_c32,MSE,23.png,e3111a2fd4da24af15d6459ef9eacfe54106b38e27b4a21821b75c3f5d2d5baf,256,256,5.0,1,50227071,0.020833333333333332,0.0,0.0,0.020833333333333332,0.0011755174491554499,29.297710418701172,0.9620518088340759,14.208089828491211,0.15175771713256836,0.9494287967681885,29.29286003112793
swin_mse_c32,MSE,23.png,e3111a2fd4da24af15d6459ef9eacfe54106b38e27b4a21821b75c3f5d2d5baf,256,256,5.0,2,50227072,0.020833333333333332,0.0,0.0,0.020833333333333332,0.0012976587750017643,28.868392944335938,0.9566525816917419,13.630367279052734,0.14836949110031128,0.9410366415977478,28.86420249938965
swin_mse_c32,MSE,23.png,e3111a2fd4da24af15d6459ef9eacfe54106b38e27b4a21821b75c3f5d2d5baf,256,256,5.0,3,50227073,0.020833333333333332,0.0,0.0,0.020833333333333332,0.0012509932275861502,29.027450561523438,0.9617759585380554,14.176634788513184,0.15582884848117828,0.9492449760437012,29.021671295166016
swin_mse_c32,MSE,23.png,e3111a2fd4da24af15d6459ef9eacfe54106b38e27b4a21821b75c3f5d2d5baf,256,256,5.0,4,50227074,0.020833333333333332,0.0,0.0,0.020833333333333332,0.0012287485878914595,29.105369567871094,0.959991455078125,13.978472709655762,0.16173914074897766,0.9452816247940063,29.099945068359375
swin_mse_c32,MSE,23.png,e3111a2fd4da24af15d6459ef9eacfe54106b38e27b4a21821b75c3f5d2d5baf,256,256,5.0,5,50227075,0.020833333333333332,0.0,0.0,0.020833333333333332,0.0013002242194488645,28.859817504882812,0.9562246799468994,13.587705612182617,0.1392481029033661,0.9392455220222473,28.855649948120117
swin_mse_c32,MSE,23.png,e3111a2fd4da24af15d6459ef9eacfe54106b38e27b4a21821b75c3f5d2d5baf,256,256,5.0,6,50227076,0.020833333333333332,0.0,0.0,0.020833333333333332,0.0012361828703433275,29.079172134399414,0.961090087890625,14.099397659301758,0.15882451832294464,0.9481287002563477,29.074487686157227
swin_mse_c32,MSE,23.png,e3111a2fd4da24af15d6459ef9eacfe54106b38e27b4a21821b75c3f5d2d5baf,256,256,5.0,7,50227077,0.020833333333333332,0.0,0.0,0.020833333333333332,0.0012871690560132265,28.90364646911621,0.9578806161880493,13.755180358886719,0.1663731038570404,0.9430639147758484,28.899585723876953
swin_mse_c32,MSE,23.png,e3111a2fd4da24af15d6459ef9eacfe54106b38e27b4a21821b75c3f5d2d5baf,256,256,5.0,8,50227078,0.020833333333333332,0.0,0.0,0.020833333333333332,0.0012409798800945282,29.06235122680664,0.9595877528190613,13.934870719909668,0.15679684281349182,0.9454575777053833,29.057201385498047
swin_mse_c32,MSE,23.png,e3111a2fd4da24af15d6459ef9eacfe54106b38e27b4a21821b75c3f5d2d5baf,256,256,5.0,9,50227079,0.020833333333333332,0.0,0.0,0.020833333333333332,0.0011707630474120378,29.315311431884766,0.9637527465820312,14.407249450683594,0.15016482770442963,0.9520918130874634,29.312084197998047
swin_mse_c32,MSE,24.png,1071c68372cc5a01435c2c225a5cf7d4bb803846ec08bb6b3d6721b156d7cb96,256,256,5.0,0,50237070,0.020833333333333332,0.0,0.0,0.020833333333333332,0.002236247295513749,26.504802703857422,0.9104608297348022,10.479869842529297,0.2554408013820648,0.8770886659622192,26.50200843811035
swin_mse_c32,MSE,24.png,1071c68372cc5a01435c2c225a5cf7d4bb803846ec08bb6b3d6721b156d7cb96,256,256,5.0,1,50237071,0.020833333333333332,0.0,0.0,0.020833333333333332,0.0017454163171350956,27.581012725830078,0.9285310506820679,11.458826065063477,0.23544040322303772,0.9082094430923462,27.57749366760254
swin_mse_c32,MSE,24.png,1071c68372cc5a01435c2c225a5cf7d4bb803846ec08bb6b3d6721b156d7cb96,256,256,5.0,2,50237072,0.020833333333333332,0.0,0.0,0.020833333333333332,0.00193116650916636,27.141801834106445,0.9230853915214539,11.139911651611328,0.25001639127731323,0.89664626121521,27.13913345336914
swin_mse_c32,MSE,24.png,1071c68372cc5a01435c2c225a5cf7d4bb803846ec08bb6b3d6721b156d7cb96,256,256,5.0,3,50237073,0.020833333333333332,0.0,0.0,0.020833333333333332,0.0018083322793245316,27.427217483520508,0.9310185313224792,11.612674713134766,0.23142880201339722,0.9116756319999695,27.423913955688477
swin_mse_c32,MSE,24.png,1071c68372cc5a01435c2c225a5cf7d4bb803846ec08bb6b3d6721b156d7cb96,256,256,5.0,4,50237074,0.020833333333333332,0.0,0.0,0.020833333333333332,0.0021052954252809286,26.766870498657227,0.9228081703186035,11.124286651611328,0.254128634929657,0.8974472284317017,26.76456642150879
swin_mse_c32,MSE,24.png,1071c68372cc5a01435c2c225a5cf7d4bb803846ec08bb6b3d6721b156d7cb96,256,256,5.0,5,50237075,0.020833333333333332,0.0,0.0,0.020833333333333332,0.002077968791127205,26.823612213134766,0.9056835174560547,10.254124641418457,0.2287571132183075,0.8757368326187134,26.820886611938477
swin_mse_c32,MSE,24.png,1071c68372cc5a01435c2c225a5cf7d4bb803846ec08bb6b3d6721b156d7cb96,256,256,5.0,6,50237076,0.020833333333333332,0.0,0.0,0.020833333333333332,0.001962098991498351,27.072792053222656,0.9153017401695251,10.7212553024292,0.25545215606689453,0.8830703496932983,27.069900512695312
swin_mse_c32,MSE,24.png,1071c68372cc5a01435c2c225a5cf7d4bb803846ec08bb6b3d6721b156d7cb96,256,256,5.0,7,50237077,0.020833333333333332,0.0,0.0,0.020833333333333332,0.0020543949212878942,26.873159408569336,0.9239028692245483,11.186317443847656,0.2332824468612671,0.9009546637535095,26.870811462402344
swin_mse_c32,MSE,24.png,1071c68372cc5a01435c2c225a5cf7d4bb803846ec08bb6b3d6721b156d7cb96,256,256,5.0,8,50237078,0.020833333333333332,0.0,0.0,0.020833333333333332,0.0018273338209837675,27.381820678710938,0.9296347498893738,11.52641773223877,0.24873125553131104,0.9092600345611572,27.3787784576416
swin_mse_c32,MSE,24.png,1071c68372cc5a01435c2c225a5cf7d4bb803846ec08bb6b3d6721b156d7cb96,256,256,5.0,9,50237079,0.020833333333333332,0.0,0.0,0.020833333333333332,0.0017645334592089057,27.533702850341797,0.9301297664642334,11.55707836151123,0.2344190925359726,0.9102180004119873,27.529518127441406
swin_mse_c32,MSE,01.png,a56e27cbf5f843c048b6af1d6e090760e9c92fadba88b7dee0205918a37523bd,256,256,15.0,0,150007070,0.020833333333333332,0.0,0.0,0.020833333333333332,0.0027081179432570934,25.673324584960938,0.9471256732940674,12.767552375793457,0.21458251774311066,0.935484766960144,25.67137908935547
swin_mse_c32,MSE,01.png,a56e27cbf5f843c048b6af1d6e090760e9c92fadba88b7dee0205918a37523bd,256,256,15.0,1,150007071,0.020833333333333332,0.0,0.0,0.020833333333333332,0.0027148956432938576,25.6624698638916,0.9467223882675171,12.734552383422852,0.21744471788406372,0.9349772334098816,25.66065216064453
swin_mse_c32,MSE,01.png,a56e27cbf5f843c048b6af1d6e090760e9c92fadba88b7dee0205918a37523bd,256,256,15.0,2,150007072,0.020833333333333332,0.0,0.0,0.020833333333333332,0.002721711527556181,25.651578903198242,0.9465386271476746,12.719598770141602,0.21723335981369019,0.9346237778663635,25.64983367919922
swin_mse_c32,MSE,01.png,a56e27cbf5f843c048b6af1d6e090760e9c92fadba88b7dee0205918a37523bd,256,256,15.0,3,150007073,0.020833333333333332,0.0,0.0,0.020833333333333332,0.002694380935281515,25.695409774780273,0.9474858641624451,12.797237396240234,0.21618948876857758,0.9360620379447937,25.693635940551758
swin_mse_c32,MSE,01.png,a56e27cbf5f843c048b6af1d6e090760e9c92fadba88b7dee0205918a37523bd,256,256,15.0,4,150007074,0.020833333333333332,0.0,0.0,0.020833333333333332,0.0027067214250564575,25.675565719604492,0.9466962814331055,12.73242473602295,0.21282260119915009,0.9352387189865112,25.673538208007812
swin_mse_c32,MSE,01.png,a56e27cbf5f843c048b6af1d6e090760e9c92fadba88b7dee0205918a37523bd,256,256,15.0,5,150007075,0.020833333333333332,0.0,0.0,0.020833333333333332,0.002682507736608386,25.714590072631836,0.9474912881851196,12.797687530517578,0.2134256660938263,0.936292827129364,25.711833953857422
swin_mse_c32,MSE,01.png,a56e27cbf5f843c048b6af1d6e090760e9c92fadba88b7dee0205918a37523bd,256,256,15.0,6,150007076,0.020833333333333332,0.0,0.0,0.020833333333333332,0.002700790297240019,25.685091018676758,0.9475471377372742,12.802309036254883,0.21827685832977295,0.9361989498138428,25.683673858642578
swin_mse_c32,MSE,01.png,a56e27cbf5f843c048b6af1d6e090760e9c92fadba88b7dee0205918a37523bd,256,256,15.0,7,150007077,0.020833333333333332,0.0,0.0,0.020833333333333332,0.0026918756775557995,25.699451446533203,0.9474107623100281,12.791031837463379,0.21012064814567566,0.9359188079833984,25.69675064086914
swin_mse_c32,MSE,01.png,a56e27cbf5f843c048b6af1d6e090760e9c92fadba88b7dee0205918a37523bd,256,256,15.0,8,150007078,0.020833333333333332,0.0,0.0,0.020833333333333332,0.002707375679165125,25.674514770507812,0.9469548463821411,12.753543853759766,0.21726936101913452,0.9352774620056152,25.672395706176758
swin_mse_c32,MSE,01.png,a56e27cbf5f843c048b6af1d6e090760e9c92fadba88b7dee0205918a37523bd,256,256,15.0,9,150007079,0.020833333333333332,0.0,0.0,0.020833333333333332,0.0027007493190467358,25.685157775878906,0.9470061659812927,12.757745742797852,0.21686691045761108,0.9355209469795227,25.6837158203125
swin_mse_c32,MSE,02.png,4f4b74a79237e311d72cad958237b5f7088d8bce1c82305ebefe1a70e3022dfd,256,256,15.0,0,150017070,0.020833333333333332,0.0,0.0,0.020833333333333332,0.0006993414717726409,31.5531063079834,0.9544473886489868,13.414867401123047,0.2399105429649353,0.9435481429100037,31.547718048095703
swin_mse_c32,MSE,02.png,4f4b74a79237e311d72cad958237b5f7088d8bce1c82305ebefe1a70e3022dfd,256,256,15.0,1,150017071,0.020833333333333332,0.0,0.0,0.020833333333333332,0.000691329943947494,31.603147506713867,0.9543890953063965,13.409313201904297,0.24150824546813965,0.9432951211929321,31.597082138061523
swin_mse_c32,MSE,02.png,4f4b74a79237e311d72cad958237b5f7088d8bce1c82305ebefe1a70e3022dfd,256,256,15.0,2,150017072,0.020833333333333332,0.0,0.0,0.020833333333333332,0.000699657597579062,31.551143646240234,0.9542824029922485,13.39916706085205,0.23771141469478607,0.9433427453041077,31.544401168823242
swin_mse_c32,MSE,02.png,4f4b74a79237e311d72cad958237b5f7088d8bce1c82305ebefe1a70e3022dfd,256,256,15.0,3,150017073,0.020833333333333332,0.0,0.0,0.020833333333333332,0.0006970971589908004,31.567068099975586,0.9546778202056885,13.436893463134766,0.24191874265670776,0.9439558982849121,31.560543060302734
swin_mse_c32,MSE,02.png,4f4b74a79237e311d72cad958237b5f7088d8bce1c82305ebefe1a70e3022dfd,256,256,15.0,4,150017074,0.020833333333333332,0.0,0.0,0.020833333333333332,0.0006930967792868614,31.592063903808594,0.9547860622406006,13.447277069091797,0.2405780702829361,0.944094181060791,31.583499908447266
swin_mse_c32,MSE,02.png,4f4b74a79237e311d72cad958237b5f7088d8bce1c82305ebefe1a70e3022dfd,256,256,15.0,5,150017075,0.020833333333333332,0.0,0.0,0.020833333333333332,0.000690730637870729,31.60691261291504,0.954868733882904,13.455224990844727,0.24523168802261353,0.9441649317741394,31.59789276123047
swin_mse_c32,MSE,02.png,4f4b74a79237e311d72cad958237b5f7088d8bce1c82305ebefe1a70e3022dfd,256,256,15.0,6,150017076,0.020833333333333332,0.0,0.0,0.020833333333333332,0.0006811372004449368,31.667654037475586,0.9546921253204346,13.438263893127441,0.2368238866329193,0.9440997242927551,31.658721923828125
swin_mse_c32,MSE,02.png,4f4b74a79237e311d72cad958237b5f7088d8bce1c82305ebefe1a70e3022dfd,256,256,15.0,7,150017077,0.020833333333333332,0.0,0.0,0.020833333333333332,0.0006884837057441473,31.621063232421875,0.95524662733078,13.491743087768555,0.24063770473003387,0.9449994564056396,31.61430549621582
swin_mse_c32,MSE,02.png,4f4b74a79237e311d72cad958237b5f7088d8bce1c82305ebefe1a70e3022dfd,256,256,15.0,8,150017078,0.020833333333333332,0.0,0.0,0.020833333333333332,0.0006909572402946651,31.60548973083496,0.9549874067306519,13.466659545898438,0.24116380512714386,0.9442747831344604,31.597827911376953
swin_mse_c32,MSE,02.png,4f4b74a79237e311d72cad958237b5f7088d8bce1c82305ebefe1a70e3022dfd,256,256,15.0,9,150017079,0.020833333333333332,0.0,0.0,0.020833333333333332,0.0006833241786807775,31.653732299804688,0.9555743932723999,13.523666381835938,0.24280869960784912,0.9450995922088623,31.64604949951172
swin_mse_c32,MSE,03.png,e25ca1ff2f0c0cb5fdfd5f9b0a0bb21ac4c3de3c84a67f35b09a85d3306249db,256,256,15.0,0,150027070,0.020833333333333332,0.0,0.0,0.020833333333333332,0.0005634335684590042,32.491573333740234,0.9789217710494995,16.761659622192383,0.08592529594898224,0.9740574359893799,32.481483459472656
swin_mse_c32,MSE,03.png,e25ca1ff2f0c0cb5fdfd5f9b0a0bb21ac4c3de3c84a67f35b09a85d3306249db,256,256,15.0,1,150027071,0.020833333333333332,0.0,0.0,0.020833333333333332,0.0005580961005762219,32.53290939331055,0.9790472984313965,16.787599563598633,0.08914148062467575,0.9742520451545715,32.52378845214844
swin_mse_c32,MSE,03.png,e25ca1ff2f0c0cb5fdfd5f9b0a0bb21ac4c3de3c84a67f35b09a85d3306249db,256,256,15.0,2,150027072,0.020833333333333332,0.0,0.0,0.020833333333333332,0.0005745661910623312,32.40660095214844,0.9790637493133545,16.791011810302734,0.0841461718082428,0.9740087389945984,32.394229888916016
swin_mse_c32,MSE,03.png,e25ca1ff2f0c0cb5fdfd5f9b0a0bb21ac4c3de3c84a67f35b09a85d3306249db,256,256,15.0,3,150027073,0.020833333333333332,0.0,0.0,0.020833333333333332,0.000541981658898294,32.66015625,0.9796215295791626,16.90828514099121,0.0860985815525055,0.9749904870986938,32.65057373046875
swin_mse_c32,MSE,03.png,e25ca1ff2f0c0cb5fdfd5f9b0a0bb21ac4c3de3c84a67f35b09a85d3306249db,256,256,15.0,4,150027074,0.020833333333333332,0.0,0.0,0.020833333333333332,0.0005502017447724938,32.59477996826172,0.9790859222412109,16.795612335205078,0.08207257837057114,0.9741708636283875,32.58535385131836
swin_mse_c32,MSE,03.png,e25ca1ff2f0c0cb5fdfd5f9b0a0bb21ac4c3de3c84a67f35b09a85d3306249db,256,256,15.0,5,150027075,0.020833333333333332,0.0,0.0,0.020833333333333332,0.0005505652516148984,32.59191131591797,0.9792155027389526,16.822607040405273,0.08588427305221558,0.9744194746017456,32.580631256103516
swin_mse_c32,MSE,03.png,e25ca1ff2f0c0cb5fdfd5f9b0a0bb21ac4c3de3c84a67f35b09a85d3306249db,256,256,15.0,6,150027076,0.020833333333333332,0.0,0.0,0.020833333333333332,0.0005490680923685431,32.603736877441406,0.9793088436126709,16.842153549194336,0.08483658730983734,0.9746218919754028,32.5936393737793
swin_mse_c32,MSE,03.png,e25ca1ff2f0c0cb5fdfd5f9b0a0bb21ac4c3de3c84a67f35b09a85d3306249db,256,256,15.0,7,150027077,0.020833333333333332,0.0,0.0,0.020833333333333332,0.0005529731861315668,32.572959899902344,0.9789242148399353,16.762163162231445,0.08465076982975006,0.9738683700561523,32.56237030029297
swin_mse_c32,MSE,03.png,e25ca1ff2f0c0cb5fdfd5f9b0a0bb21ac4c3de3c84a67f35b09a85d3306249db,256,256,15.0,8,150027078,0.020833333333333332,0.0,0.0,0.020833333333333332,0.0005560108693316579,32.54916763305664,0.9793046712875366,16.841276168823242,0.08670952916145325,0.9744545221328735,32.53940200805664
swin_mse_c32,MSE,03.png,e25ca1ff2f0c0cb5fdfd5f9b0a0bb21ac4c3de3c84a67f35b09a85d3306249db,256,256,15.0,9,150027079,0.020833333333333332,0.0,0.0,0.020833333333333332,0.0005502431304194033,32.59445571899414,0.9791986346244812,16.819082260131836,0.08662181347608566,0.9743062853813171,32.582801818847656
swin_mse_c32,MSE,04.png,e3b946107c5d3441c022f678d0c3caf1e224d81b1604ba840a4f88e562de61aa,256,256,15.0,0,150037070,0.020833333333333332,0.0,0.0,0.020833333333333332,0.000291050091618672,35.36032485961914,0.9811549186706543,17.24802017211914,0.26030123233795166,0.9771514534950256,35.33820724487305
swin_mse_c32,MSE,04.png,e3b946107c5d3441c022f678d0c3caf1e224d81b1604ba840a4f88e562de61aa,256,256,15.0,1,150037071,0.020833333333333332,0.0,0.0,0.020833333333333332,0.0002943986910395324,35.310638427734375,0.9812821745872498,17.277446746826172,0.2618723511695862,0.9772777557373047,35.2923469543457
swin_mse_c32,MSE,04.png,e3b946107c5d3441c022f678d0c3caf1e224d81b1604ba840a4f88e562de61aa,256,256,15.0,2,150037072,0.020833333333333332,0.0,0.0,0.020833333333333332,0.0002852079342119396,35.448387145996094,0.9811830520629883,17.25450897216797,0.2638266980648041,0.9772143959999084,35.430328369140625
swin_mse_c32,MSE,04.png,e3b946107c5d3441c022f678d0c3caf1e224d81b1604ba840a4f88e562de61aa,256,256,15.0,3,150037073,0.020833333333333332,0.0,0.0,0.020833333333333332,0.0002918019308708608,35.34912109375,0.9812666773796082,17.27385139465332,0.2600097358226776,0.9773561954498291,35.330116271972656
swin_mse_c32,MSE,04.png,e3b946107c5d3441c022f678d0c3caf1e224d81b1604ba840a4f88e562de61aa,256,256,15.0,4,150037074,0.020833333333333332,0.0,0.0,0.020833333333333332,0.0002861161483451724,35.43457794189453,0.9812525510787964,17.270580291748047,0.26023387908935547,0.9773266315460205,35.41749572753906
swin_mse_c32,MSE,04.png,e3b946107c5d3441c022f678d0c3caf1e224d81b1604ba840a4f88e562de61aa,256,256,15.0,5,150037075,0.020833333333333332,0.0,0.0,0.020833333333333332,0.0002882195985876024,35.40276336669922,0.9811870455741882,17.255430221557617,0.25987404584884644,0.9772415161132812,35.382808685302734
swin_mse_c32,MSE,04.png,e3b946107c5d3441c022f678d0c3caf1e224d81b1604ba840a4f88e562de61aa,256,256,15.0,6,150037076,0.020833333333333332,0.0,0.0,0.020833333333333332,0.0002931136405095458,35.32964324951172,0.9811491966247559,17.246702194213867,0.2603833079338074,0.9772270917892456,35.31072998046875
swin_mse_c32,MSE,04.png,e3b946107c5d3441c022f678d0c3caf1e224d81b1604ba840a4f88e562de61aa,256,256,15.0,7,150037077,0.020833333333333332,0.0,0.0,0.020833333333333332,0.000289468327537179,35.38399124145508,0.9810527563095093,17.22454071044922,0.26169002056121826,0.9770696759223938,35.36652755737305
swin_mse_c32,MSE,04.png,e3b946107c5d3441c022f678d0c3caf1e224d81b1604ba840a4f88e562de61aa,256,256,15.0,8,150037078,0.020833333333333332,0.0,0.0,0.020833333333333332,0.00028782576555386186,35.4087028503418,0.9812452793121338,17.26889419555664,0.2625334560871124,0.977333128452301,35.39004898071289
swin_mse_c32,MSE,04.png,e3b946107c5d3441c022f678d0c3caf1e224d81b1604ba840a4f88e562de61aa,256,256,15.0,9,150037079,0.020833333333333332,0.0,0.0,0.020833333333333332,0.00028878028388135135,35.394325256347656,0.9812469482421875,17.2692813873291,0.2627669870853424,0.9772748947143555,35.375572204589844
swin_mse_c32,MSE,05.png,10349e963c5c813d327852f82c1795fa4148d69fedffc4c589bee458e3ac3d53,256,256,15.0,0,150047070,0.020833333333333332,0.0,0.0,0.020833333333333332,0.0034819836728274822,24.58173370361328,0.9586155414581299,13.831628799438477,0.15890413522720337,0.9488431215286255,24.57989501953125
swin_mse_c32,MSE,05.png,10349e963c5c813d327852f82c1795fa4148d69fedffc4c589bee458e3ac3d53,256,256,15.0,1,150047071,0.020833333333333332,0.0,0.0,0.020833333333333332,0.0034820507280528545,24.581649780273438,0.9592286944389343,13.896453857421875,0.16096577048301697,0.9495474100112915,24.579986572265625
swin_mse_c32,MSE,05.png,10349e963c5c813d327852f82c1795fa4148d69fedffc4c589bee458e3ac3d53,256,256,15.0,2,150047072,0.020833333333333332,0.0,0.0,0.020833333333333332,0.0034809019416570663,24.58308219909668,0.9585433006286621,13.824052810668945,0.16021515429019928,0.9486306309700012,24.58127784729004
swin_mse_c32,MSE,05.png,10349e963c5c813d327852f82c1795fa4148d69fedffc4c589bee458e3ac3d53,256,256,15.0,3,150047073,0.020833333333333332,0.0,0.0,0.020833333333333332,0.0035192761570215225,24.53546714782715,0.9582386016845703,13.79224967956543,0.1556616574525833,0.9483885765075684,24.534271240234375
swin_mse_c32,MSE,05.png,10349e963c5c813d327852f82c1795fa4148d69fedffc4c589bee458e3ac3d53,256,256,15.0,4,150047074,0.020833333333333332,0.0,0.0,0.020833333333333332,0.003486494068056345,24.57611083984375,0.9585096836090088,13.820533752441406,0.16187776625156403,0.9489741325378418,24.574079513549805
swin_mse_c32,MSE,05.png,10349e963c5c813d327852f82c1795fa4148d69fedffc4c589bee458e3ac3d53,256,256,15.0,5,150047075,0.020833333333333332,0.0,0.0,0.020833333333333332,0.0034406110644340515,24.63364601135254,0.9592325091362,13.89686107635498,0.15600371360778809,0.9495358467102051,24.631738662719727
swin_mse_c32,MSE,05.png,10349e963c5c813d327852f82c1795fa4148d69fedffc4c589bee458e3ac3d53,256,256,15.0,6,150047076,0.020833333333333332,0.0,0.0,0.020833333333333332,0.0035068332217633724,24.55084991455078,0.9587020874023438,13.840719223022461,0.15900978446006775,0.9489964246749878,24.548583984375
swin_mse_c32,MSE,05.png,10349e963c5c813d327852f82c1795fa4148d69fedffc4c589bee458e3ac3d53,256,256,15.0,7,150047077,0.020833333333333332,0.0,0.0,0.020833333333333332,0.0034857275895774364,24.57706642150879,0.9582959413528442,13.7982177734375,0.16265034675598145,0.9486624598503113,24.57542610168457
swin_mse_c32,MSE,05.png,10349e963c5c813d327852f82c1795fa4148d69fedffc4c589bee458e3ac3d53,256,256,15.0,8,150047078,0.020833333333333332,0.0,0.0,0.020833333333333332,0.0035254701506346464,24.527828216552734,0.958547830581665,13.824528694152832,0.15188857913017273,0.948689877986908,24.52603530883789
swin_mse_c32,MSE,05.png,10349e963c5c813d327852f82c1795fa4148d69fedffc4c589bee458e3ac3d53,256,256,15.0,9,150047079,0.020833333333333332,0.0,0.0,0.020833333333333332,0.003497371217235923,24.562583923339844,0.9584031105041504,13.809392929077148,0.15997643768787384,0.9485772848129272,24.560916900634766
swin_mse_c32,MSE,06.png,363510303b715d4cbc384e1ce227e466b613a09e1b71ae985882bf8e7fbd9b18,256,256,15.0,0,150057070,0.020833333333333332,0.0,0.0,0.020833333333333332,0.00297009339556098,25.272300720214844,0.9278823137283325,11.41958236694336,0.29016363620758057,0.9099509716033936,25.270750045776367
swin_mse_c32,MSE,06.png,363510303b715d4cbc384e1ce227e466b613a09e1b71ae985882bf8e7fbd9b18,256,256,15.0,1,150057071,0.020833333333333332,0.0,0.0,0.020833333333333332,0.0029795547015964985,25.258485794067383,0.9278709888458252,11.418900489807129,0.2857935130596161,0.9099342226982117,25.2559757232666
swin_mse_c32,MSE,06.png,363510303b715d4cbc384e1ce227e466b613a09e1b71ae985882bf8e7fbd9b18,256,256,15.0,2,150057072,0.020833333333333332,0.0,0.0,0.020833333333333332,0.0029683669563382864,25.274826049804688,0.9276145696640015,11.403489112854004,0.28836169838905334,0.9100123047828674,25.272972106933594
swin_mse_c32,MSE,06.png,363510303b715d4cbc384e1ce227e466b613a09e1b71ae985882bf8e7fbd9b18,256,256,15.0,3,150057073,0.020833333333333332,0.0,0.0,0.020833333333333332,0.0029523149132728577,25.29837417602539,0.9283666610717773,11.448848724365234,0.29120656847953796,0.9105107188224792,25.29570770263672
swin_mse_c32,MSE,06.png,363510303b715d4cbc384e1ce227e466b613a09e1b71ae985882bf8e7fbd9b18,256,256,15.0,4,150057074,0.020833333333333332,0.0,0.0,0.020833333333333332,0.0029821943026036024,25.254640579223633,0.9282328486442566,11.440743446350098,0.29122915863990784,0.9103220105171204,25.25299835205078
swin_mse_c32,MSE,06.png,363510303b715d4cbc384e1ce227e466b613a09e1b71ae985882bf8e7fbd9b18,256,256,15.0,5,150057075,0.020833333333333332,0.0,0.0,0.020833333333333332,0.0029731006361544132,25.267906188964844,0.9278379678726196,11.416912078857422,0.2909330129623413,0.9103100895881653,25.266830444335938
swin_mse_c32,MSE,06.png,363510303b715d4cbc384e1ce227e466b613a09e1b71ae985882bf8e7fbd9b18,256,256,15.0,6,150057076,0.020833333333333332,0.0,0.0,0.020833333333333332,0.0029525640420615673,25.298006057739258,0.9290255904197693,11.488982200622559,0.28259268403053284,0.9111751914024353,25.295621871948242
swin_mse_c32,MSE,06.png,363510303b715d4cbc384e1ce227e466b613a09e1b71ae985882bf8e7fbd9b18,256,256,15.0,7,150057077,0.020833333333333332,0.0,0.0,0.020833333333333332,0.003001241013407707,25.226991653442383,0.92822265625,11.440126419067383,0.2913814187049866,0.9102902412414551,25.22617530822754
swin_mse_c32,MSE,06.png,363510303b715d4cbc384e1ce227e466b613a09e1b71ae985882bf8e7fbd9b18,256,256,15.0,8,150057078,0.020833333333333332,0.0,0.0,0.020833333333333332,0.0029679867438971996,25.275381088256836,0.927996039390564,11.426437377929688,0.2961898744106293,0.9100192785263062,25.273799896240234
swin_mse_c32,MSE,06.png,363510303b715d4cbc384e1ce227e466b613a09e1b71ae985882bf8e7fbd9b18,256,256,15.0,9,150057079,0.020833333333333332,0.0,0.0,0.020833333333333332,0.0029646139591932297,25.28032112121582,0.9279987215995789,11.426597595214844,0.29277536273002625,0.9097224473953247,25.278472900390625
swin_mse_c32,MSE,07.png,b77d3f006f42414bb242222e0482e750c0fb9e5ee8d4bed2f6f11c5605fe54a4,256,256,15.0,0,150067070,0.020833333333333332,0.0,0.0,0.020833333333333332,0.001097072847187519,29.597646713256836,0.9745099544525146,15.936293601989746,0.11800811439752579,0.9680250883102417,29.592388153076172
swin_mse_c32,MSE,07.png,b77d3f006f42414bb242222e0482e750c0fb9e5ee8d4bed2f6f11c5605fe54a4,256,256,15.0,1,150067071,0.020833333333333332,0.0,0.0,0.020833333333333332,0.0010918270563706756,29.61846351623535,0.9740772247314453,15.86318588256836,0.12054021656513214,0.9674636125564575,29.613815307617188
swin_mse_c32,MSE,07.png,b77d3f006f42414bb242222e0482e750c0fb9e5ee8d4bed2f6f11c5605fe54a4,256,256,15.0,2,150067072,0.020833333333333332,0.0,0.0,0.020833333333333332,0.0011069942265748978,29.558547973632812,0.9738694429397583,15.828514099121094,0.11755836009979248,0.9673396944999695,29.553390502929688
swin_mse_c32,MSE,07.png,b77d3f006f42414bb242222e0482e750c0fb9e5ee8d4bed2f6f11c5605fe54a4,256,256,15.0,3,150067073,0.020833333333333332,0.0,0.0,0.020833333333333332,0.00108974683098495,29.62674331665039,0.9743653535842896,15.911726951599121,0.11816027760505676,0.9679200649261475,29.622373580932617
swin_mse_c32,MSE,07.png,b77d3f006f42414bb242222e0482e750c0fb9e5ee8d4bed2f6f11c5605fe54a4,256,256,15.0,4,150067074,0.020833333333333332,0.0,0.0,0.020833333333333332,0.0010824422352015972,29.655954360961914,0.9741632342338562,15.877618789672852,0.11513795703649521,0.9674683213233948,29.65021324157715
swin_mse_c32,MSE,07.png,b77d3f006f42414bb242222e0482e750c0fb9e5ee8d4bed2f6f11c5605fe54a4,256,256,15.0,5,150067075,0.020833333333333332,0.0,0.0,0.020833333333333332,0.0010940424399450421,29.60965919494629,0.9743048548698425,15.9014892578125,0.11556681990623474,0.9678906798362732,29.604013442993164
swin_mse_c32,MSE,07.png,b77d3f006f42414bb242222e0482e750c0fb9e5ee8d4bed2f6f11c5605fe54a4,256,256,15.0,6,150067076,0.020833333333333332,0.0,0.0,0.020833333333333332,0.001104497816413641,29.56835174560547,0.9742313623428345,15.889086723327637,0.11722994595766068,0.967662513256073,29.563152313232422
swin_mse_c32,MSE,07.png,b77d3f006f42414bb242222e0482e750c0fb9e5ee8d4bed2f6f11c5605fe54a4,256,256,15.0,7,150067077,0.020833333333333332,0.0,0.0,0.020833333333333332,0.0011030423920601606,29.574079513549805,0.9742482900619507,15.891939163208008,0.11534074693918228,0.9677676558494568,29.568098068237305
swin_mse_c32,MSE,07.png,b77d3f006f42414bb242222e0482e750c0fb9e5ee8d4bed2f6f11c5605fe54a4,256,256,15.0,8,150067078,0.020833333333333332,0.0,0.0,0.020833333333333332,0.0010957949561998248,29.602706909179688,0.9742599725723267,15.893909454345703,0.11772560328245163,0.9677861928939819,29.596099853515625
swin_mse_c32,MSE,07.png,b77d3f006f42414bb242222e0482e750c0fb9e5ee8d4bed2f6f11c5605fe54a4,256,256,15.0,9,150067079,0.020833333333333332,0.0,0.0,0.020833333333333332,0.0010942509397864342,29.60883140563965,0.9744507670402527,15.926222801208496,0.11596707999706268,0.9678704738616943,29.60292625427246
swin_mse_c32,MSE,08.png,ba23983c76b4832ee0e8af0592664756841a16779acd69f792e268fb6d13d6e7,256,256,15.0,0,150077070,0.020833333333333332,0.0,0.0,0.020833333333333332,0.0023101214319467545,26.363651275634766,0.9693185687065125,15.131244659423828,0.17090140283107758,0.9627650380134583,26.361677169799805
swin_mse_c32,MSE,08.png,ba23983c76b4832ee0e8af0592664756841a16779acd69f792e268fb6d13d6e7,256,256,15.0,1,150077071,0.020833333333333332,0.0,0.0,0.020833333333333332,0.002311468357220292,26.361122131347656,0.9700559377670288,15.236893653869629,0.16732944548130035,0.9636641144752502,26.358430862426758
swin_mse_c32,MSE,08.png,ba23983c76b4832ee0e8af0592664756841a16779acd69f792e268fb6d13d6e7,256,256,15.0,2,150077072,0.020833333333333332,0.0,0.0,0.020833333333333332,0.0022855442948639393,26.41010284423828,0.9697043299674988,15.186195373535156,0.16795817017555237,0.9633286595344543,26.40770149230957
swin_mse_c32,MSE,08.png,ba23983c76b4832ee0e8af0592664756841a16779acd69f792e268fb6d13d6e7,256,256,15.0,3,150077073,0.020833333333333332,0.0,0.0,0.020833333333333332,0.0022869212552905083,26.407487869262695,0.9699723124504089,15.22478199005127,0.16853731870651245,0.963589072227478,26.405231475830078
swin_mse_c32,MSE,08.png,ba23983c76b4832ee0e8af0592664756841a16779acd69f792e268fb6d13d6e7,256,256,15.0,4,150077074,0.020833333333333332,0.0,0.0,0.020833333333333332,0.0023000759538263083,26.382579803466797,0.970047116279602,15.235613822937012,0.16432194411754608,0.9635492563247681,26.380477905273438
swin_mse_c32,MSE,08.png,ba23983c76b4832ee0e8af0592664756841a16779acd69f792e268fb6d13d6e7,256,256,15.0,5,150077075,0.020833333333333332,0.0,0.0,0.020833333333333332,0.0023033490870147943,26.376401901245117,0.9693584442138672,15.13689136505127,0.1691955327987671,0.9627981781959534,26.37378692626953
swin_mse_c32,MSE,08.png,ba23983c76b4832ee0e8af0592664756841a16779acd69f792e268fb6d13d6e7,256,256,15.0,6,150077076,0.020833333333333332,0.0,0.0,0.020833333333333332,0.002274567959830165,26.431011199951172,0.969822108745575,15.20311164855957,0.16563981771469116,0.9635132551193237,26.428524017333984
swin_mse_c32,MSE,08.png,ba23983c76b4832ee0e8af0592664756841a16779acd69f792e268fb6d13d6e7,256,256,15.0,7,150077077,0.020833333333333332,0.0,0.0,0.020833333333333332,0.0022761388681828976,26.42801284790039,0.9700493812561035,15.235942840576172,0.16592952609062195,0.9635775685310364,26.425613403320312
swin_mse_c32,MSE,08.png,ba23983c76b4832ee0e8af0592664756841a16779acd69f792e268fb6d13d6e7,256,256,15.0,8,150077078,0.020833333333333332,0.0,0.0,0.020833333333333332,0.0022954593878239393,26.39130401611328,0.9693223834037781,15.131783485412598,0.17032575607299805,0.9626216888427734,26.389324188232422
swin_mse_c32,MSE,08.png,ba23983c76b4832ee0e8af0592664756841a16779acd69f792e268fb6d13d6e7,256,256,15.0,9,150077079,0.020833333333333332,0.0,0.0,0.020833333333333332,0.0022951599676162004,26.391870498657227,0.9696459770202637,15.177837371826172,0.16805902123451233,0.9632584452629089,26.388357162475586
swin_mse_c32,MSE,09.png,6a4361c2fc194feb4edaa9f9a4a0620fb9943e460ac7fdf037fb0f6dd6607a7d,256,256,15.0,0,150087070,0.020833333333333332,0.0,0.0,0.020833333333333332,0.00038020111969672143,34.199867248535156,0.9845681190490723,18.115812301635742,0.10551813244819641,0.9811805486679077,34.18582534790039
swin_mse_c32,MSE,09.png,6a4361c2fc194feb4edaa9f9a4a0620fb9943e460ac7fdf037fb0f6dd6607a7d,256,256,15.0,1,150087071,0.020833333333333332,0.0,0.0,0.020833333333333332,0.00037990021519362926,34.203304290771484,0.9846549034118652,18.140304565429688,0.10174263268709183,0.981268584728241,34.190086364746094
swin_mse_c32,MSE,09.png,6a4361c2fc194feb4edaa9f9a4a0620fb9943e460ac7fdf037fb0f6dd6607a7d,256,256,15.0,2,150087072,0.020833333333333332,0.0,0.0,0.020833333333333332,0.00038234572275541723,34.175437927246094,0.9841673374176025,18.00446128845215,0.10364241898059845,0.980575680732727,34.160003662109375
swin_mse_c32,MSE,09.png,6a4361c2fc194feb4edaa9f9a4a0620fb9943e460ac7fdf037fb0f6dd6607a7d,256,256,15.0,3,150087073,0.020833333333333332,0.0,0.0,0.020833333333333332,0.00037923449417576194,34.21092224121094,0.984464168548584,18.086654663085938,0.10504194349050522,0.9809065461158752,34.195953369140625
swin_mse_c32,MSE,09.png,6a4361c2fc194feb4edaa9f9a4a0620fb9943e460ac7fdf037fb0f6dd6607a7d,256,256,15.0,4,150087074,0.020833333333333332,0.0,0.0,0.020833333333333332,0.0003754381032194942,34.254615783691406,0.9845492243766785,18.110496520996094,0.10234629362821579,0.9809585809707642,34.23982238769531
swin_mse_c32,MSE,09.png,6a4361c2fc194feb4edaa9f9a4a0620fb9943e460ac7fdf037fb0f6dd6607a7d,256,256,15.0,5,150087075,0.020833333333333332,0.0,0.0,0.020833333333333332,0.0003774322976823896,34.23160934448242,0.9846269488334656,18.132400512695312,0.10336659848690033,0.981198787689209,34.21891784667969
swin_mse_c32,MSE,09.png,6a4361c2fc194feb4edaa9f9a4a0620fb9943e460ac7fdf037fb0f6dd6607a7d,256,256,15.0,6,150087076,0.020833333333333332,0.0,0.0,0.020833333333333332,0.00037812648224644363,34.223628997802734,0.9847106337547302,18.15610694885254,0.10345147550106049,0.9812684059143066,34.20953369140625
swin_mse_c32,MSE,09.png,6a4361c2fc194feb4edaa9f9a4a0620fb9943e460ac7fdf037fb0f6dd6607a7d,256,256,15.0,7,150087077,0.020833333333333332,0.0,0.0,0.020833333333333332,0.0003836243413388729,34.16093826293945,0.9846758842468262,18.1462459564209,0.10506534576416016,0.9812580347061157,34.146846771240234
swin_mse_c32,MSE,09.png,6a4361c2fc194feb4edaa9f9a4a0620fb9943e460ac7fdf037fb0f6dd6607a7d,256,256,15.0,8,150087078,0.020833333333333332,0.0,0.0,0.020833333333333332,0.00037692300975322723,34.23747253417969,0.98468416929245,18.148595809936523,0.1040010154247284,0.9811256527900696,34.221702575683594
swin_mse_c32,MSE,09.png,6a4361c2fc194feb4edaa9f9a4a0620fb9943e460ac7fdf037fb0f6dd6607a7d,256,256,15.0,9,150087079,0.020833333333333332,0.0,0.0,0.020833333333333332,0.0003849537461064756,34.14591598510742,0.9845131635665894,18.100372314453125,0.10439169406890869,0.9809608459472656,34.13218688964844
swin_mse_c32,MSE,10.png,9dfb70f5867c29ff9ed6313683f19b3d867849e40fbc0c4c54a4a89df341cf23,256,256,15.0,0,150097070,0.020833333333333332,0.0,0.0,0.020833333333333332,0.00023509316088166088,36.287601470947266,0.9827753901481628,17.638507843017578,0.16318024694919586,0.9784852266311646,36.26704788208008
swin_mse_c32,MSE,10.png,9dfb70f5867c29ff9ed6313683f19b3d867849e40fbc0c4c54a4a89df341cf23,256,256,15.0,1,150097071,0.020833333333333332,0.0,0.0,0.020833333333333332,0.00023441569646820426,36.300132751464844,0.9828262329101562,17.651344299316406,0.16406938433647156,0.9785165786743164,36.27745056152344
swin_mse_c32,MSE,10.png,9dfb70f5867c29ff9ed6313683f19b3d867849e40fbc0c4c54a4a89df341cf23,256,256,15.0,2,150097072,0.020833333333333332,0.0,0.0,0.020833333333333332,0.00024168408708646894,36.167518615722656,0.9825088381767273,17.571813583374023,0.16040435433387756,0.9780363440513611,36.14505386352539
swin_mse_c32,MSE,10.png,9dfb70f5867c29ff9ed6313683f19b3d867849e40fbc0c4c54a4a89df341cf23,256,256,15.0,3,150097073,0.020833333333333332,0.0,0.0,0.020833333333333332,0.00024003852740861475,36.19718933105469,0.9825439453125,17.58053970336914,0.1630045473575592,0.9782031774520874,36.172481536865234
swin_mse_c32,MSE,10.png,9dfb70f5867c29ff9ed6313683f19b3d867849e40fbc0c4c54a4a89df341cf23,256,256,15.0,4,150097074,0.020833333333333332,0.0,0.0,0.020833333333333332,0.00023804701049812138,36.23337173461914,0.9826008677482605,17.594722747802734,0.1612890511751175,0.978276252746582,36.21211624145508
swin_mse_c32,MSE,10.png,9dfb70f5867c29ff9ed6313683f19b3d867849e40fbc0c4c54a4a89df341cf23,256,256,15.0,5,150097075,0.020833333333333332,0.0,0.0,0.020833333333333332,0.00024006678722798824,36.19668197631836,0.9825735092163086,17.587900161743164,0.1626201868057251,0.978279709815979,36.176143646240234
swin_mse_c32,MSE,10.png,9dfb70f5867c29ff9ed6313683f19b3d867849e40fbc0c4c54a4a89df341cf23,256,256,15.0,6,150097076,0.020833333333333332,0.0,0.0,0.020833333333333332,0.0002383157698204741,36.22847366333008,0.9825944304466248,17.593116760253906,0.16334187984466553,0.9782391786575317,36.2077522277832
swin_mse_c32,MSE,10.png,9dfb70f5867c29ff9ed6313683f19b3d867849e40fbc0c4c54a4a89df341cf23,256,256,15.0,7,150097077,0.020833333333333332,0.0,0.0,0.020833333333333332,0.00023669376969337463,36.25813293457031,0.9827346205711365,17.628238677978516,0.16182488203048706,0.9783904552459717,36.23567199707031
swin_mse_c32,MSE,10.png,9dfb70f5867c29ff9ed6313683f19b3d867849e40fbc0c4c54a4a89df341cf23,256,256,15.0,8,150097078,0.020833333333333332,0.0,0.0,0.020833333333333332,0.00023773177235852927,36.239131927490234,0.9826661348342896,17.611047744750977,0.163242906332016,0.9783608913421631,36.21397018432617
swin_mse_c32,MSE,10.png,9dfb70f5867c29ff9ed6313683f19b3d867849e40fbc0c4c54a4a89df341cf23,256,256,15.0,9,150097079,0.020833333333333332,0.0,0.0,0.020833333333333332,0.0002445822465233505,36.115753173828125,0.9828823804855347,17.665565490722656,0.16140125691890717,0.9786971807479858,36.094844818115234
swin_mse_c32,MSE,11.png,7936814b58b5387fce2e4e2488b4ec830dadd95fa9520f358ddb30990b50f2b6,256,256,15.0,0,150107070,0.020833333333333332,0.0,0.0,0.020833333333333332,0.003151649609208107,25.01462173461914,0.9487378001213074,12.902027130126953,0.25426602363586426,0.9382236003875732,25.013151168823242
swin_mse_c32,MSE,11.png,7936814b58b5387fce2e4e2488b4ec830dadd95fa9520f358ddb30990b50f2b6,256,256,15.0,1,150107071,0.020833333333333332,0.0,0.0,0.020833333333333332,0.0031737792305648327,24.984233856201172,0.948448121547699,12.877554893493652,0.25604528188705444,0.9377495050430298,24.982898712158203
swin_mse_c32,MSE,11.png,7936814b58b5387fce2e4e2488b4ec830dadd95fa9520f358ddb30990b50f2b6,256,256,15.0,2,150107072,0.020833333333333332,0.0,0.0,0.020833333333333332,0.003179674968123436,24.976173400878906,0.9482471942901611,12.860660552978516,0.25620704889297485,0.9374487400054932,24.97443389892578
swin_mse_c32,MSE,11.png,7936814b58b5387fce2e4e2488b4ec830dadd95fa9520f358ddb30990b50f2b6,256,256,15.0,3,150107073,0.020833333333333332,0.0,0.0,0.020833333333333332,0.0031843935139477253,24.96973419189453,0.9482965469360352,12.8648042678833,0.26506906747817993,0.937494158744812,24.968181610107422
swin_mse_c32,MSE,11.png,7936814b58b5387fce2e4e2488b4ec830dadd95fa9520f358ddb30990b50f2b6,256,256,15.0,4,150107074,0.020833333333333332,0.0,0.0,0.020833333333333332,0.0031681228429079056,24.991981506347656,0.9487167596817017,12.900245666503906,0.2552716135978699,0.9381639957427979,24.989662170410156
swin_mse_c32,MSE,11.png,7936814b58b5387fce2e4e2488b4ec830dadd95fa9520f358ddb30990b50f2b6,256,256,15.0,5,150107075,0.020833333333333332,0.0,0.0,0.020833333333333332,0.0031796067487448454,24.97626495361328,0.9482407569885254,12.860121726989746,0.2593914270401001,0.9374899864196777,24.97406768798828
swin_mse_c32,MSE,11.png,7936814b58b5387fce2e4e2488b4ec830dadd95fa9520f358ddb30990b50f2b6,256,256,15.0,6,150107076,0.020833333333333332,0.0,0.0,0.020833333333333332,0.0031761459540575743,24.980995178222656,0.9490112066268921,12.925252914428711,0.25599950551986694,0.9381393790245056,24.979171752929688
swin_mse_c32,MSE,11.png,7936814b58b5387fce2e4e2488b4ec830dadd95fa9520f358ddb30990b50f2b6,256,256,15.0,7,150107077,0.020833333333333332,0.0,0.0,0.020833333333333332,0.003168920986354351,24.99088478088379,0.9484719038009644,12.879560470581055,0.25262942910194397,0.9377533197402954,24.989347457885742
swin_mse_c32,MSE,11.png,7936814b58b5387fce2e4e2488b4ec830dadd95fa9520f358ddb30990b50f2b6,256,256,15.0,8,150107078,0.020833333333333332,0.0,0.0,0.020833333333333332,0.00318124215118587,24.97403335571289,0.9481791257858276,12.85495376586914,0.2585877478122711,0.9372922778129578,24.972192764282227
swin_mse_c32,MSE,11.png,7936814b58b5387fce2e4e2488b4ec830dadd95fa9520f358ddb30990b50f2b6,256,256,15.0,9,150107079,0.020833333333333332,0.0,0.0,0.020833333333333332,0.003175250021740794,24.982221603393555,0.9484874606132507,12.88086986541748,0.25626492500305176,0.9378048777580261,24.98056411743164
swin_mse_c32,MSE,12.png,d78c37c2f04f23761ed2367dd77e2db584ddd4c3950833fecf89f199a8126980,256,256,15.0,0,150117070,0.020833333333333332,0.0,0.0,0.020833333333333332,0.0008018463267944753,30.959089279174805,0.9572348594665527,13.68910026550293,0.20671366155147552,0.9479291439056396,30.9526424407959
swin_mse_c32,MSE,12.png,d78c37c2f04f23761ed2367dd77e2db584ddd4c3950833fecf89f199a8126980,256,256,15.0,1,150117071,0.020833333333333332,0.0,0.0,0.020833333333333332,0.0007823263294994831,31.06612205505371,0.9570224285125732,13.667581558227539,0.21039384603500366,0.9474781155586243,31.059017181396484
swin_mse_c32,MSE,12.png,d78c37c2f04f23761ed2367dd77e2db584ddd4c3950833fecf89f199a8126980,256,256,15.0,2,150117072,0.020833333333333332,0.0,0.0,0.020833333333333332,0.0007891576969996095,31.028364181518555,0.9578971862792969,13.756889343261719,0.21407946944236755,0.949057400226593,31.022151947021484
swin_mse_c32,MSE,12.png,d78c37c2f04f23761ed2367dd77e2db584ddd4c3950833fecf89f199a8126980,256,256,15.0,3,150117073,0.020833333333333332,0.0,0.0,0.020833333333333332,0.0008004905539564788,30.96643829345703,0.9571308493614197,13.67855167388916,0.21019123494625092,0.9478176236152649,30.95907211303711
swin_mse_c32,MSE,12.png,d78c37c2f04f23761ed2367dd77e2db584ddd4c3950833fecf89f199a8126980,256,256,15.0,4,150117074,0.020833333333333332,0.0,0.0,0.020833333333333332,0.0007810847600921988,31.07301902770996,0.9579668045043945,13.764076232910156,0.20942318439483643,0.9488614201545715,31.0657901763916
swin_mse_c32,MSE,12.png,d78c37c2f04f23761ed2367dd77e2db584ddd4c3950833fecf89f199a8126980,256,256,15.0,5,150117075,0.020833333333333332,0.0,0.0,0.020833333333333332,0.0007862031343393028,31.044652938842773,0.9577059149742126,13.737203598022461,0.21463041007518768,0.9486363530158997,31.037303924560547
swin_mse_c32,MSE,12.png,d78c37c2f04f23761ed2367dd77e2db584ddd4c3950833fecf89f199a8126980,256,256,15.0,6,150117076,0.020833333333333332,0.0,0.0,0.020833333333333332,0.0007772536482661963,31.094371795654297,0.9580535888671875,13.773052215576172,0.21187420189380646,0.948998212814331,31.087085723876953
swin_mse_c32,MSE,12.png,d78c37c2f04f23761ed2367dd77e2db584ddd4c3950833fecf89f199a8126980,256,256,15.0,7,150117077,0.020833333333333332,0.0,0.0,0.020833333333333332,0.0007785416091792285,31.08718490600586,0.9578427672386169,13.7512788772583,0.215789332985878,0.9486642479896545,31.07982635498047
swin_mse_c32,MSE,12.png,d78c37c2f04f23761ed2367dd77e2db584ddd4c3950833fecf89f199a8126980,256,256,15.0,8,150117078,0.020833333333333332,0.0,0.0,0.020833333333333332,0.000779648486059159,31.081010818481445,0.9579431414604187,13.761632919311523,0.21124877035617828,0.9488102793693542,31.074350357055664
swin_mse_c32,MSE,12.png,d78c37c2f04f23761ed2367dd77e2db584ddd4c3950833fecf89f199a8126980,256,256,15.0,9,150117079,0.020833333333333332,0.0,0.0,0.020833333333333332,0.0007944689132273197,30.99923324584961,0.9573230147361755,13.698062896728516,0.211436927318573,0.9478396773338318,30.991825103759766
swin_mse_c32,MSE,13.png,bc34a3ce58dea09dce1704c997171602de90cb34d0c8503a988b77f473d39b08,256,256,15.0,0,150127070,0.020833333333333332,0.0,0.0,0.020833333333333332,0.004895069636404514,23.102413177490234,0.9088400602340698,10.401959419250488,0.47834867238998413,0.8898906111717224,23.101184844970703
swin_mse_c32,MSE,13.png,bc34a3ce58dea09dce1704c997171602de90cb34d0c8503a988b77f473d39b08,256,256,15.0,1,150127071,0.020833333333333332,0.0,0.0,0.020833333333333332,0.004876229912042618,23.119159698486328,0.909052848815918,10.412109375,0.47827720642089844,0.8900564312934875,23.118026733398438
swin_mse_c32,MSE,13.png,bc34a3ce58dea09dce1704c997171602de90cb34d0c8503a988b77f473d39b08,256,256,15.0,2,150127072,0.020833333333333332,0.0,0.0,0.020833333333333332,0.0048823487013578415,23.113712310791016,0.9083479642868042,10.378580093383789,0.4767830967903137,0.8895819783210754,23.112674713134766
swin_mse_c32,MSE,13.png,bc34a3ce58dea09dce1704c997171602de90cb34d0c8503a988b77f473d39b08,256,256,15.0,3,150127073,0.020833333333333332,0.0,0.0,0.020833333333333332,0.004889994859695435,23.106918334960938,0.9097997546195984,10.447922706604004,0.4755818247795105,0.8910902142524719,23.105937957763672
swin_mse_c32,MSE,13.png,bc34a3ce58dea09dce1704c997171602de90cb34d0c8503a988b77f473d39b08,256,256,15.0,4,150127074,0.020833333333333332,0.0,0.0,0.020833333333333332,0.004871434532105923,23.12343406677246,0.9092624187469482,10.422128677368164,0.4788951277732849,0.8910408020019531,23.122102737426758
swin_mse_c32,MSE,13.png,bc34a3ce58dea09dce1704c997171602de90cb34d0c8503a988b77f473d39b08,256,256,15.0,5,150127075,0.020833333333333332,0.0,0.0,0.020833333333333332,0.004868014249950647,23.126483917236328,0.9090986251831055,10.41429615020752,0.4798676371574402,0.8899217247962952,23.125226974487305
swin_mse_c32,MSE,13.png,bc34a3ce58dea09dce1704c997171602de90cb34d0c8503a988b77f473d39b08,256,256,15.0,6,150127076,0.020833333333333332,0.0,0.0,0.020833333333333332,0.004893937148153782,23.103418350219727,0.9096088409423828,10.438739776611328,0.4677194356918335,0.8910959362983704,23.10228157043457
swin_mse_c32,MSE,13.png,bc34a3ce58dea09dce1704c997171602de90cb34d0c8503a988b77f473d39b08,256,256,15.0,7,150127077,0.020833333333333332,0.0,0.0,0.020833333333333332,0.004876449704170227,23.11896324157715,0.9093267321586609,10.425207138061523,0.4731157422065735,0.890859842300415,23.117931365966797
swin_mse_c32,MSE,13.png,bc34a3ce58dea09dce1704c997171602de90cb34d0c8503a988b77f473d39b08,256,256,15.0,8,150127078,0.020833333333333332,0.0,0.0,0.020833333333333332,0.004879433661699295,23.11630630493164,0.9091148376464844,10.415069580078125,0.48123645782470703,0.8905842304229736,23.11479949951172
swin_mse_c32,MSE,13.png,bc34a3ce58dea09dce1704c997171602de90cb34d0c8503a988b77f473d39b08,256,256,15.0,9,150127079,0.020833333333333332,0.0,0.0,0.020833333333333332,0.0048842234537005424,23.112045288085938,0.9083334803581238,10.377893447875977,0.4780568480491638,0.8894364237785339,23.11123275756836
swin_mse_c32,MSE,14.png,55a94550ff18f3246c4074fd32b77b0c74447c26b6ad274d564d999c0450ba6e,256,256,15.0,0,150137070,0.020833333333333332,0.0,0.0,0.020833333333333332,0.00263858400285244,25.786293029785156,0.9516052007675171,13.152013778686523,0.19954083859920502,0.9408798813819885,25.784149169921875
swin_mse_c32,MSE,14.png,55a94550ff18f3246c4074fd32b77b0c74447c26b6ad274d564d999c0450ba6e,256,256,15.0,1,150137071,0.020833333333333332,0.0,0.0,0.020833333333333332,0.0026325469370931387,25.796239852905273,0.9518973231315613,13.178308486938477,0.20010247826576233,0.9416061043739319,25.794376373291016
swin_mse_c32,MSE,14.png,55a94550ff18f3246c4074fd32b77b0c74447c26b6ad274d564d999c0450ba6e,256,256,15.0,2,150137072,0.020833333333333332,0.0,0.0,0.020833333333333332,0.0026575892698019743,25.7551212310791,0.9510841369628906,13.10550308227539,0.19996455311775208,0.940563976764679,25.752338409423828
swin_mse_c32,MSE,14.png,55a94550ff18f3246c4074fd32b77b0c74447c26b6ad274d564d999c0450ba6e,256,256,15.0,3,150137073,0.020833333333333332,0.0,0.0,0.020833333333333332,0.0025973659940063953,25.85466766357422,0.9523371458053589,13.21820068359375,0.1975165605545044,0.9421782493591309,25.85321617126465
swin_mse_c32,MSE,14.png,55a94550ff18f3246c4074fd32b77b0c74447c26b6ad274d564d999c0450ba6e,256,256,15.0,4,150137074,0.020833333333333332,0.0,0.0,0.020833333333333332,0.0026225007604807615,25.81284523010254,0.9514746069908142,13.140310287475586,0.19728800654411316,0.9408907294273376,25.811214447021484
swin_mse_c32,MSE,14.png,55a94550ff18f3246c4074fd32b77b0c74447c26b6ad274d564d999c0450ba6e,256,256,15.0,5,150137075,0.020833333333333332,0.0,0.0,0.020833333333333332,0.00263013131916523,25.80022621154785,0.9511488676071167,13.11125373840332,0.19870537519454956,0.9403774738311768,25.79806137084961
swin_mse_c32,MSE,14.png,55a94550ff18f3246c4074fd32b77b0c74447c26b6ad274d564d999c0450ba6e,256,256,15.0,6,150137076,0.020833333333333332,0.0,0.0,0.020833333333333332,0.0026609734632074833,25.749595642089844,0.9512656927108765,13.121652603149414,0.20194365084171295,0.9408157467842102,25.748064041137695
swin_mse_c32,MSE,14.png,55a94550ff18f3246c4074fd32b77b0c74447c26b6ad274d564d999c0450ba6e,256,256,15.0,7,150137077,0.020833333333333332,0.0,0.0,0.020833333333333332,0.0026667171623557806,25.740230560302734,0.9513406157493591,13.128334045410156,0.20574679970741272,0.9406737089157104,25.737464904785156
swin_mse_c32,MSE,14.png,55a94550ff18f3246c4074fd32b77b0c74447c26b6ad274d564d999c0450ba6e,256,256,15.0,8,150137078,0.020833333333333332,0.0,0.0,0.020833333333333332,0.0026552490890026093,25.758949279785156,0.9509557485580444,13.09411907196045,0.19785955548286438,0.9404556751251221,25.75641632080078
swin_mse_c32,MSE,14.png,55a94550ff18f3246c4074fd32b77b0c74447c26b6ad274d564d999c0450ba6e,256,256,15.0,9,150137079,0.020833333333333332,0.0,0.0,0.020833333333333332,0.0026321697514504194,25.79686164855957,0.9513602256774902,13.130084991455078,0.19951722025871277,0.9407674074172974,25.794960021972656
swin_mse_c32,MSE,15.png,7538cbb80cb9103606c48b806eae57d56c885c7f90b9b3be70a41160f9cbb683,256,256,15.0,0,150147070,0.020833333333333332,0.0,0.0,0.020833333333333332,0.0010551312007009983,29.766937255859375,0.9617612361907959,14.174962043762207,0.2859764099121094,0.9541909098625183,29.761463165283203
swin_mse_c32,MSE,15.png,7538cbb80cb9103606c48b806eae57d56c885c7f90b9b3be70a41160f9cbb683,256,256,15.0,1,150147071,0.020833333333333332,0.0,0.0,0.020833333333333332,0.0010429974645376205,29.81716537475586,0.9620291590690613,14.205497741699219,0.28173407912254333,0.9545254111289978,29.811800003051758
swin_mse_c32,MSE,15.png,7538cbb80cb9103606c48b806eae57d56c885c7f90b9b3be70a41160f9cbb683,256,256,15.0,2,150147072,0.020833333333333332,0.0,0.0,0.020833333333333332,0.0010529081337153912,29.77609634399414,0.9618328809738159,14.183106422424316,0.2902606725692749,0.9542804956436157,29.771038055419922
swin_mse_c32,MSE,15.png,7538cbb80cb9103606c48b806eae57d56c885c7f90b9b3be70a41160f9cbb683,256,256,15.0,3,150147073,0.020833333333333332,0.0,0.0,0.020833333333333332,0.0010591770987957716,29.750316619873047,0.9615999460220337,14.156682968139648,0.28876709938049316,0.953822672367096,29.745689392089844
swin_mse_c32,MSE,15.png,7538cbb80cb9103606c48b806eae57d56c885c7f90b9b3be70a41160f9cbb683,256,256,15.0,4,150147074,0.020833333333333332,0.0,0.0,0.020833333333333332,0.0010548174614086747,29.76822853088379,0.9617995619773865,14.179316520690918,0.28460341691970825,0.9542113542556763,29.762157440185547
swin_mse_c32,MSE,15.png,7538cbb80cb9103606c48b806eae57d56c885c7f90b9b3be70a41160f9cbb683,256,256,15.0,5,150147075,0.020833333333333332,0.0,0.0,0.020833333333333332,0.001035074470564723,29.850284576416016,0.9621912240982056,14.22407341003418,0.2860066592693329,0.9548144936561584,29.844350814819336
swin_mse_c32,MSE,15.png,7538cbb80cb9103606c48b806eae57d56c885c7f90b9b3be70a41160f9cbb683,256,256,15.0,6,150147076,0.020833333333333332,0.0,0.0,0.020833333333333332,0.001050101243890822,29.787689208984375,0.9616081118583679,14.15760612487793,0.28725042939186096,0.9539662003517151,29.78271484375
swin_mse_c32,MSE,15.png,7538cbb80cb9103606c48b806eae57d56c885c7f90b9b3be70a41160f9cbb683,256,256,15.0,7,150147077,0.020833333333333332,0.0,0.0,0.020833333333333332,0.00104074040427804,29.826576232910156,0.9622981548309326,14.236373901367188,0.2867591381072998,0.9548260569572449,29.82189178466797
swin_mse_c32,MSE,15.png,7538cbb80cb9103606c48b806eae57d56c885c7f90b9b3be70a41160f9cbb683,256,256,15.0,8,150147078,0.020833333333333332,0.0,0.0,0.020833333333333332,0.001067642355337739,29.715744018554688,0.9612443447113037,14.116649627685547,0.28847068548202515,0.9535330533981323,29.709640502929688
swin_mse_c32,MSE,15.png,7538cbb80cb9103606c48b806eae57d56c885c7f90b9b3be70a41160f9cbb683,256,256,15.0,9,150147079,0.020833333333333332,0.0,0.0,0.020833333333333332,0.001044747419655323,29.809886932373047,0.9622008204460144,14.225176811218262,0.28756967186927795,0.9547780156135559,29.80381202697754
swin_mse_c32,MSE,16.png,a89c7268ccd4718ba424a99fc4643c572cf692ca6eae887185ceb4e9f11d2e54,256,256,15.0,0,150157070,0.020833333333333332,0.0,0.0,0.020833333333333332,0.0009926927741616964,30.031850814819336,0.960131049156189,13.99365234375,0.24196963012218475,0.9516982436180115,30.02709197998047
swin_mse_c32,MSE,16.png,a89c7268ccd4718ba424a99fc4643c572cf692ca6eae887185ceb4e9f11d2e54,256,256,15.0,1,150157071,0.020833333333333332,0.0,0.0,0.020833333333333332,0.000993645517155528,30.027687072753906,0.9596194624900818,13.938279151916504,0.23801197111606598,0.9510851502418518,30.021854400634766
swin_mse_c32,MSE,16.png,a89c7268ccd4718ba424a99fc4643c572cf692ca6eae887185ceb4e9f11d2e54,256,256,15.0,2,150157072,0.020833333333333332,0.0,0.0,0.020833333333333332,0.0009880310390144587,30.052295684814453,0.9594621062278748,13.921388626098633,0.23877781629562378,0.950705885887146,30.0454158782959
swin_mse_c32,MSE,16.png,a89c7268ccd4718ba424a99fc4643c572cf692ca6eae887185ceb4e9f11d2e54,256,256,15.0,3,150157073,0.020833333333333332,0.0,0.0,0.020833333333333332,0.0009900977602228522,30.04322052001953,0.9598483443260193,13.962965965270996,0.23898915946483612,0.9514365792274475,30.036924362182617
swin_mse_c32,MSE,16.png,a89c7268ccd4718ba424a99fc4643c572cf692ca6eae887185ceb4e9f11d2e54,256,256,15.0,4,150157074,0.020833333333333332,0.0,0.0,0.020833333333333332,0.001000613789074123,29.997337341308594,0.9598800539970398,13.966397285461426,0.23909756541252136,0.9512503147125244,29.99202537536621
swin_mse_c32,MSE,16.png,a89c7268ccd4718ba424a99fc4643c572cf692ca6eae887185ceb4e9f11d2e54,256,256,15.0,5,150157075,0.020833333333333332,0.0,0.0,0.020833333333333332,0.0009873200906440616,30.055423736572266,0.9595041275024414,13.925893783569336,0.23810598254203796,0.9508600234985352,30.050020217895508
swin_mse_c32,MSE,16.png,a89c7268ccd4718ba424a99fc4643c572cf692ca6eae887185ceb4e9f11d2e54,256,256,15.0,6,150157076,0.020833333333333332,0.0,0.0,0.020833333333333332,0.0009951149113476276,30.021268844604492,0.9592337608337402,13.896994590759277,0.2429288625717163,0.9504978060722351,30.014602661132812
swin_mse_c32,MSE,16.png,a89c7268ccd4718ba424a99fc4643c572cf692ca6eae887185ceb4e9f11d2e54,256,256,15.0,7,150157077,0.020833333333333332,0.0,0.0,0.020833333333333332,0.0009908981155604124,30.039710998535156,0.9600340723991394,13.983101844787598,0.24068760871887207,0.951496958732605,30.03382682800293
swin_mse_c32,MSE,16.png,a89c7268ccd4718ba424a99fc4643c572cf692ca6eae887185ceb4e9f11d2e54,256,256,15.0,8,150157078,0.020833333333333332,0.0,0.0,0.020833333333333332,0.000989616964943707,30.04532814025879,0.9600265026092529,13.982278823852539,0.23406153917312622,0.9513410925865173,30.040355682373047
swin_mse_c32,MSE,16.png,a89c7268ccd4718ba424a99fc4643c572cf692ca6eae887185ceb4e9f11d2e54,256,256,15.0,9,150157079,0.020833333333333332,0.0,0.0,0.020833333333333332,0.0009943479672074318,30.024616241455078,0.9601731300354004,13.998237609863281,0.2388237565755844,0.9518023729324341,30.020265579223633
swin_mse_c32,MSE,17.png,37afcc89fbdcb76d9518e04b2fc011027e2f4cd14b3b2f83cefd721641a47c5b,256,256,15.0,0,150167070,0.020833333333333332,0.0,0.0,0.020833333333333332,0.0006464893231168389,31.89438819885254,0.9759616255760193,16.190950393676758,0.18624550104141235,0.9709234237670898,31.886262893676758
swin_mse_c32,MSE,17.png,37afcc89fbdcb76d9518e04b2fc011027e2f4cd14b3b2f83cefd721641a47c5b,256,256,15.0,1,150167071,0.020833333333333332,0.0,0.0,0.020833333333333332,0.0006480661104433239,31.883808135986328,0.9757764339447021,16.15761947631836,0.1819303035736084,0.9707189202308655,31.87580108642578
swin_mse_c32,MSE,17.png,37afcc89fbdcb76d9518e04b2fc011027e2f4cd14b3b2f83cefd721641a47c5b,256,256,15.0,2,150167072,0.020833333333333332,0.0,0.0,0.020833333333333332,0.0006525465287268162,31.853885650634766,0.9758443832397461,16.169818878173828,0.18390841782093048,0.9708022475242615,31.844371795654297
swin_mse_c32,MSE,17.png,37afcc89fbdcb76d9518e04b2fc011027e2f4cd14b3b2f83cefd721641a47c5b,256,256,15.0,3,150167073,0.020833333333333332,0.0,0.0,0.020833333333333332,0.0006614469457417727,31.79505157470703,0.9756187796592712,16.129446029663086,0.18579480051994324,0.9705279469490051,31.785385131835938
swin_mse_c32,MSE,17.png,37afcc89fbdcb76d9518e04b2fc011027e2f4cd14b3b2f83cefd721641a47c5b,256,256,15.0,4,150167074,0.020833333333333332,0.0,0.0,0.020833333333333332,0.0006470427615568042,31.890670776367188,0.9756230115890503,16.130199432373047,0.18060025572776794,0.9705286622047424,31.882923126220703
swin_mse_c32,MSE,17.png,37afcc89fbdcb76d9518e04b2fc011027e2f4cd14b3b2f83cefd721641a47c5b,256,256,15.0,5,150167075,0.020833333333333332,0.0,0.0,0.020833333333333332,0.0006406914908438921,31.933509826660156,0.9762458205223083,16.24260139465332,0.18153470754623413,0.9712932705879211,31.924423217773438
swin_mse_c32,MSE,17.png,37afcc89fbdcb76d9518e04b2fc011027e2f4cd14b3b2f83cefd721641a47c5b,256,256,15.0,6,150167076,0.020833333333333332,0.0,0.0,0.020833333333333332,0.0006473622051998973,31.888526916503906,0.976192831993103,16.23292350769043,0.18163073062896729,0.9712921380996704,31.8791561126709
swin_mse_c32,MSE,17.png,37afcc89fbdcb76d9518e04b2fc011027e2f4cd14b3b2f83cefd721641a47c5b,256,256,15.0,7,150167077,0.020833333333333332,0.0,0.0,0.020833333333333332,0.0006522174808196723,31.856077194213867,0.9757158756256104,16.14677619934082,0.18563948571681976,0.9705991148948669,31.84819793701172
swin_mse_c32,MSE,17.png,37afcc89fbdcb76d9518e04b2fc011027e2f4cd14b3b2f83cefd721641a47c5b,256,256,15.0,8,150167078,0.020833333333333332,0.0,0.0,0.020833333333333332,0.0006519014714285731,31.85818099975586,0.9753141403198242,16.075517654418945,0.1874600648880005,0.9701374769210815,31.847579956054688
swin_mse_c32,MSE,17.png,37afcc89fbdcb76d9518e04b2fc011027e2f4cd14b3b2f83cefd721641a47c5b,256,256,15.0,9,150167079,0.020833333333333332,0.0,0.0,0.020833333333333332,0.0006439594435505569,31.911413192749023,0.9756803512573242,16.140426635742188,0.18737173080444336,0.9706321954727173,31.903186798095703
swin_mse_c32,MSE,18.png,1a9258c365988961d87a0598725b609139c303ad48a5aad6c503c3b1a87849aa,256,256,15.0,0,150177070,0.020833333333333332,0.0,0.0,0.020833333333333332,0.002841327339410782,25.464786529541016,0.9588965177536011,13.861213684082031,0.29671424627304077,0.948786735534668,25.46342658996582
swin_mse_c32,MSE,18.png,1a9258c365988961d87a0598725b609139c303ad48a5aad6c503c3b1a87849aa,256,256,15.0,1,150177071,0.020833333333333332,0.0,0.0,0.020833333333333332,0.002828903030604124,25.48381996154785,0.9586901664733887,13.839466094970703,0.3014477789402008,0.9481868743896484,25.481969833374023
swin_mse_c32,MSE,18.png,1a9258c365988961d87a0598725b609139c303ad48a5aad6c503c3b1a87849aa,256,256,15.0,2,150177072,0.020833333333333332,0.0,0.0,0.020833333333333332,0.00283474731259048,25.474855422973633,0.959141731262207,13.887201309204102,0.2956666648387909,0.9489363431930542,25.472801208496094
swin_mse_c32,MSE,18.png,1a9258c365988961d87a0598725b609139c303ad48a5aad6c503c3b1a87849aa,256,256,15.0,3,150177073,0.020833333333333332,0.0,0.0,0.020833333333333332,0.0028438931331038475,25.46086883544922,0.9592427611351013,13.897953033447266,0.3000950515270233,0.9492433667182922,25.459171295166016
swin_mse_c32,MSE,18.png,1a9258c365988961d87a0598725b609139c303ad48a5aad6c503c3b1a87849aa,256,256,15.0,4,150177074,0.020833333333333332,0.0,0.0,0.020833333333333332,0.002813675906509161,25.507259368896484,0.9589020609855652,13.861799240112305,0.296222060918808,0.9487451314926147,25.505216598510742
swin_mse_c32,MSE,18.png,1a9258c365988961d87a0598725b609139c303ad48a5aad6c503c3b1a87849aa,256,256,15.0,5,150177075,0.020833333333333332,0.0,0.0,0.020833333333333332,0.00283375708386302,25.476375579833984,0.9587633013725281,13.847161293029785,0.30389031767845154,0.9485468864440918,25.474393844604492
swin_mse_c32,MSE,18.png,1a9258c365988961d87a0598725b609139c303ad48a5aad6c503c3b1a87849aa,256,256,15.0,6,150177076,0.020833333333333332,0.0,0.0,0.020833333333333332,0.00284457765519619,25.459823608398438,0.9585663080215454,13.826464653015137,0.29993897676467896,0.9481022357940674,25.45822525024414
swin_mse_c32,MSE,18.png,1a9258c365988961d87a0598725b609139c303ad48a5aad6c503c3b1a87849aa,256,256,15.0,7,150177077,0.020833333333333332,0.0,0.0,0.020833333333333332,0.002840474247932434,25.46609115600586,0.9592496156692505,13.898682594299316,0.2973107099533081,0.949137270450592,25.463714599609375
swin_mse_c32,MSE,18.png,1a9258c365988961d87a0598725b609139c303ad48a5aad6c503c3b1a87849aa,256,256,15.0,8,150177078,0.020833333333333332,0.0,0.0,0.020833333333333332,0.0028253509663045406,25.489274978637695,0.9587022066116333,13.840731620788574,0.2993967533111572,0.9484248757362366,25.48722267150879
swin_mse_c32,MSE,18.png,1a9258c365988961d87a0598725b609139c303ad48a5aad6c503c3b1a87849aa,256,256,15.0,9,150177079,0.020833333333333332,0.0,0.0,0.020833333333333332,0.0028393964748829603,25.467741012573242,0.958941638469696,13.865983963012695,0.29938066005706787,0.9490138292312622,25.466571807861328
swin_mse_c32,MSE,19.png,b7450b264b1b0a411390d8931b112c27905a992520fc90569dc4b920aa32bbdc,256,256,15.0,0,150187070,0.020833333333333332,0.0,0.0,0.020833333333333332,0.0013306678738445044,28.75930404663086,0.9655075073242188,14.62275505065918,0.16910411417484283,0.9580163955688477,28.756248474121094
swin_mse_c32,MSE,19.png,b7450b264b1b0a411390d8931b112c27905a992520fc90569dc4b920aa32bbdc,256,256,15.0,1,150187071,0.020833333333333332,0.0,0.0,0.020833333333333332,0.0013325497275218368,28.75316619873047,0.9653319716453552,14.6007080078125,0.17085611820220947,0.9579538106918335,28.74850082397461
swin_mse_c32,MSE,19.png,b7450b264b1b0a411390d8931b112c27905a992520fc90569dc4b920aa32bbdc,256,256,15.0,2,150187072,0.020833333333333332,0.0,0.0,0.020833333333333332,0.0013190065510571003,28.797531127929688,0.9655293226242065,14.62550163269043,0.17000515758991241,0.9584149718284607,28.793865203857422
swin_mse_c32,MSE,19.png,b7450b264b1b0a411390d8931b112c27905a992520fc90569dc4b920aa32bbdc,256,256,15.0,3,150187073,0.020833333333333332,0.0,0.0,0.020833333333333332,0.0013246852904558182,28.778873443603516,0.9652900695800781,14.595462799072266,0.16990867257118225,0.9579722285270691,28.774188995361328
swin_mse_c32,MSE,19.png,b7450b264b1b0a411390d8931b112c27905a992520fc90569dc4b920aa32bbdc,256,256,15.0,4,150187074,0.020833333333333332,0.0,0.0,0.020833333333333332,0.001302662305533886,28.851682662963867,0.9653658866882324,14.604959487915039,0.17321372032165527,0.9580772519111633,28.846416473388672
swin_mse_c32,MSE,19.png,b7450b264b1b0a411390d8931b112c27905a992520fc90569dc4b920aa32bbdc,256,256,15.0,5,150187075,0.020833333333333332,0.0,0.0,0.020833333333333332,0.0013255455996841192,28.77605438232422,0.9654014110565186,14.609416961669922,0.1714153289794922,0.9581559896469116,28.771486282348633
swin_mse_c32,MSE,19.png,b7450b264b1b0a411390d8931b112c27905a992520fc90569dc4b920aa32bbdc,256,256,15.0,6,150187076,0.020833333333333332,0.0,0.0,0.020833333333333332,0.0013210655888542533,28.79075813293457,0.9655777812004089,14.631612777709961,0.168535053730011,0.958262026309967,28.78604507446289
swin_mse_c32,MSE,19.png,b7450b264b1b0a411390d8931b112c27905a992520fc90569dc4b920aa32bbdc,256,256,15.0,7,150187077,0.020833333333333332,0.0,0.0,0.020833333333333332,0.001323365606367588,28.783203125,0.9656472206115723,14.640380859375,0.17525452375411987,0.9584222435951233,28.778003692626953
swin_mse_c32,MSE,19.png,b7450b264b1b0a411390d8931b112c27905a992520fc90569dc4b920aa32bbdc,256,256,15.0,8,150187078,0.020833333333333332,0.0,0.0,0.020833333333333332,0.0013181238900870085,28.800439834594727,0.9656264781951904,14.637760162353516,0.1719021499156952,0.9583026170730591,28.79625129699707
swin_mse_c32,MSE,19.png,b7450b264b1b0a411390d8931b112c27905a992520fc90569dc4b920aa32bbdc,256,256,15.0,9,150187079,0.020833333333333332,0.0,0.0,0.020833333333333332,0.0013101468794047832,28.826801300048828,0.9653567671775818,14.603816032409668,0.16611194610595703,0.9580057859420776,28.822505950927734
swin_mse_c32,MSE,20.png,3b46c71e3b92a563820ba32936be8330c586c41f938efd94be938386aae4328a,256,256,15.0,0,150197070,0.020833333333333332,0.0,0.0,0.020833333333333332,0.001214273041114211,29.156837463378906,0.9810789823532104,17.230554580688477,0.09740206599235535,0.9763891100883484,29.152612686157227
swin_mse_c32,MSE,20.png,3b46c71e3b92a563820ba32936be8330c586c41f938efd94be938386aae4328a,256,256,15.0,1,150197071,0.020833333333333332,0.0,0.0,0.020833333333333332,0.0012192828580737114,29.13895606994629,0.98128741979599,17.278663635253906,0.09637993574142456,0.9766448736190796,29.1352481842041
swin_mse_c32,MSE,20.png,3b46c71e3b92a563820ba32936be8330c586c41f938efd94be938386aae4328a,256,256,15.0,2,150197072,0.020833333333333332,0.0,0.0,0.020833333333333332,0.0012000352144241333,29.208059310913086,0.9813847541809082,17.301313400268555,0.09576345235109329,0.9767701625823975,29.20608901977539
swin_mse_c32,MSE,20.png,3b46c71e3b92a563820ba32936be8330c586c41f938efd94be938386aae4328a,256,256,15.0,3,150197073,0.020833333333333332,0.0,0.0,0.020833333333333332,0.0012018632842227817,29.20145034790039,0.981078028678894,17.230337142944336,0.09530699253082275,0.9763051271438599,29.197160720825195
swin_mse_c32,MSE,20.png,3b46c71e3b92a563820ba32936be8330c586c41f938efd94be938386aae4328a,256,256,15.0,4,150197074,0.020833333333333332,0.0,0.0,0.020833333333333332,0.00120916950982064,29.175128936767578,0.9813570976257324,17.294864654541016,0.09598550200462341,0.9767489433288574,29.170520782470703
swin_mse_c32,MSE,20.png,3b46c71e3b92a563820ba32936be8330c586c41f938efd94be938386aae4328a,256,256,15.0,5,150197075,0.020833333333333332,0.0,0.0,0.020833333333333332,0.0012033636448904872,29.196033477783203,0.9813830852508545,17.30092430114746,0.0948386937379837,0.9767794609069824,29.19256591796875
swin_mse_c32,MSE,20.png,3b46c71e3b92a563820ba32936be8330c586c41f938efd94be938386aae4328a,256,256,15.0,6,150197076,0.020833333333333332,0.0,0.0,0.020833333333333332,0.0012147626839578152,29.155086517333984,0.981200098991394,17.258445739746094,0.09655381739139557,0.9764934182167053,29.15256690979004
swin_mse_c32,MSE,20.png,3b46c71e3b92a563820ba32936be8330c586c41f938efd94be938386aae4328a,256,256,15.0,7,150197077,0.020833333333333332,0.0,0.0,0.020833333333333332,0.0012162028579041362,29.149940490722656,0.9813865423202515,17.301729202270508,0.09709884226322174,0.976883053779602,29.146995544433594
swin_mse_c32,MSE,20.png,3b46c71e3b92a563820ba32936be8330c586c41f938efd94be938386aae4328a,256,256,15.0,8,150197078,0.020833333333333332,0.0,0.0,0.020833333333333332,0.0011992254294455051,29.21099090576172,0.9814490079879761,17.316328048706055,0.09627518802881241,0.9768881797790527,29.209070205688477
swin_mse_c32,MSE,20.png,3b46c71e3b92a563820ba32936be8330c586c41f938efd94be938386aae4328a,256,256,15.0,9,150197079,0.020833333333333332,0.0,0.0,0.020833333333333332,0.001211156602948904,29.167997360229492,0.9810762405395508,17.22992706298828,0.09798081964254379,0.9763460159301758,29.163782119750977
swin_mse_c32,MSE,21.png,ac958597c82073f6bb65129c68f72b651db5b9efd82e11547d07350214bc268b,256,256,15.0,0,150207070,0.020833333333333332,0.0,0.0,0.020833333333333332,0.002247265540063381,26.483457565307617,0.9645415544509888,14.502802848815918,0.23072491586208344,0.95662921667099,26.480602264404297
swin_mse_c32,MSE,21.png,ac958597c82073f6bb65129c68f72b651db5b9efd82e11547d07350214bc268b,256,256,15.0,1,150207071,0.020833333333333332,0.0,0.0,0.020833333333333332,0.002244174713268876,26.48943328857422,0.9641295671463013,14.452634811401367,0.2362716645002365,0.9560101628303528,26.486703872680664
swin_mse_c32,MSE,21.png,ac958597c82073f6bb65129c68f72b651db5b9efd82e11547d07350214bc268b,256,256,15.0,2,150207072,0.020833333333333332,0.0,0.0,0.020833333333333332,0.0022271403577178717,26.522525787353516,0.964500904083252,14.497827529907227,0.23243078589439392,0.9564737677574158,26.520593643188477
swin_mse_c32,MSE,21.png,ac958597c82073f6bb65129c68f72b651db5b9efd82e11547d07350214bc268b,256,256,15.0,3,150207073,0.020833333333333332,0.0,0.0,0.020833333333333332,0.002235060092061758,26.507108688354492,0.9641728401184082,14.457876205444336,0.2326541543006897,0.9560298919677734,26.50416374206543
swin_mse_c32,MSE,21.png,ac958597c82073f6bb65129c68f72b651db5b9efd82e11547d07350214bc268b,256,256,15.0,4,150207074,0.020833333333333332,0.0,0.0,0.020833333333333332,0.002219279296696186,26.537879943847656,0.9642977714538574,14.473047256469727,0.2265094518661499,0.956360399723053,26.535808563232422
swin_mse_c32,MSE,21.png,ac958597c82073f6bb65129c68f72b651db5b9efd82e11547d07350214bc268b,256,256,15.0,5,150207075,0.020833333333333332,0.0,0.0,0.020833333333333332,0.002229702193289995,26.517532348632812,0.9645941257476807,14.509247779846191,0.23330572247505188,0.9566691517829895,26.515087127685547
swin_mse_c32,MSE,21.png,ac958597c82073f6bb65129c68f72b651db5b9efd82e11547d07350214bc268b,256,256,15.0,6,150207076,0.020833333333333332,0.0,0.0,0.020833333333333332,0.0022224383428692818,26.53170394897461,0.9647557139396667,14.529112815856934,0.23176540434360504,0.9567244648933411,26.528940200805664
swin_mse_c32,MSE,21.png,ac958597c82073f6bb65129c68f72b651db5b9efd82e11547d07350214bc268b,256,256,15.0,7,150207077,0.020833333333333332,0.0,0.0,0.020833333333333332,0.0022375020198524,26.502365112304688,0.9643166065216064,14.475337982177734,0.23294149339199066,0.9561032652854919,26.49988555908203
swin_mse_c32,MSE,21.png,ac958597c82073f6bb65129c68f72b651db5b9efd82e11547d07350214bc268b,256,256,15.0,8,150207078,0.020833333333333332,0.0,0.0,0.020833333333333332,0.0022224164567887783,26.53174591064453,0.9645578861236572,14.504804611206055,0.2321939766407013,0.9564442038536072,26.529380798339844
swin_mse_c32,MSE,21.png,ac958597c82073f6bb65129c68f72b651db5b9efd82e11547d07350214bc268b,256,256,15.0,9,150207079,0.020833333333333332,0.0,0.0,0.020833333333333332,0.0022373846732079983,26.502592086791992,0.9643346667289734,14.477538108825684,0.2343970239162445,0.9562341570854187,26.500377655029297
swin_mse_c32,MSE,22.png,1cee58eb1f2d9c7ebb254d208a03c783ce6cf2c4d8c2cf45e235dd23b4ce1b29,256,256,15.0,0,150217070,0.020833333333333332,0.0,0.0,0.020833333333333332,0.001519730081781745,28.182334899902344,0.9469711780548096,12.75487995147705,0.2683233320713043,0.9334042072296143,28.1782169342041
swin_mse_c32,MSE,22.png,1cee58eb1f2d9c7ebb254d208a03c783ce6cf2c4d8c2cf45e235dd23b4ce1b29,256,256,15.0,1,150217071,0.020833333333333332,0.0,0.0,0.020833333333333332,0.0015186056261882186,28.185550689697266,0.9467245936393738,12.734732627868652,0.2667408883571625,0.9332555532455444,28.18202781677246
swin_mse_c32,MSE,22.png,1cee58eb1f2d9c7ebb254d208a03c783ce6cf2c4d8c2cf45e235dd23b4ce1b29,256,256,15.0,2,150217072,0.020833333333333332,0.0,0.0,0.020833333333333332,0.001515223179012537,28.195236206054688,0.9471100568771362,12.76626968383789,0.27183598279953003,0.9338459968566895,28.19195556640625
swin_mse_c32,MSE,22.png,1cee58eb1f2d9c7ebb254d208a03c783ce6cf2c4d8c2cf45e235dd23b4ce1b29,256,256,15.0,3,150217073,0.020833333333333332,0.0,0.0,0.020833333333333332,0.0015212437137961388,28.17801284790039,0.947060227394104,12.762179374694824,0.2685844302177429,0.933607816696167,28.174739837646484
swin_mse_c32,MSE,22.png,1cee58eb1f2d9c7ebb254d208a03c783ce6cf2c4d8c2cf45e235dd23b4ce1b29,256,256,15.0,4,150217074,0.020833333333333332,0.0,0.0,0.020833333333333332,0.0015157380839809775,28.19375991821289,0.9467201232910156,12.734367370605469,0.2744844853878021,0.9333025813102722,28.190366744995117
swin_mse_c32,MSE,22.png,1cee58eb1f2d9c7ebb254d208a03c783ce6cf2c4d8c2cf45e235dd23b4ce1b29,256,256,15.0,5,150217075,0.020833333333333332,0.0,0.0,0.020833333333333332,0.0015123430639505386,28.20349884033203,0.9469406008720398,12.752376556396484,0.2750280499458313,0.9335775971412659,28.19945526123047
swin_mse_c32,MSE,22.png,1cee58eb1f2d9c7ebb254d208a03c783ce6cf2c4d8c2cf45e235dd23b4ce1b29,256,256,15.0,6,150217076,0.020833333333333332,0.0,0.0,0.020833333333333332,0.0015007792972028255,28.236831665039062,0.9474272131919861,12.792390823364258,0.267508327960968,0.9343023896217346,28.233030319213867
swin_mse_c32,MSE,22.png,1cee58eb1f2d9c7ebb254d208a03c783ce6cf2c4d8c2cf45e235dd23b4ce1b29,256,256,15.0,7,150217077,0.020833333333333332,0.0,0.0,0.020833333333333332,0.0015188422985374928,28.184873580932617,0.9473485946655273,12.785900115966797,0.271950364112854,0.9340746998786926,28.18265724182129
swin_mse_c32,MSE,22.png,1cee58eb1f2d9c7ebb254d208a03c783ce6cf2c4d8c2cf45e235dd23b4ce1b29,256,256,15.0,8,150217078,0.020833333333333332,0.0,0.0,0.020833333333333332,0.0015148257371038198,28.196374893188477,0.9467090964317322,12.73346996307373,0.2729867994785309,0.9334115982055664,28.191879272460938
swin_mse_c32,MSE,22.png,1cee58eb1f2d9c7ebb254d208a03c783ce6cf2c4d8c2cf45e235dd23b4ce1b29,256,256,15.0,9,150217079,0.020833333333333332,0.0,0.0,0.020833333333333332,0.0015117659932002425,28.205154418945312,0.9470116496086121,12.758195877075195,0.2769296169281006,0.9335923194885254,28.20217514038086
swin_mse_c32,MSE,23.png,e3111a2fd4da24af15d6459ef9eacfe54106b38e27b4a21821b75c3f5d2d5baf,256,256,15.0,0,150227070,0.020833333333333332,0.0,0.0,0.020833333333333332,0.0006035253754816949,32.19304656982422,0.9840065836906433,17.960588455200195,0.12551291286945343,0.9803184866905212,32.182373046875
swin_mse_c32,MSE,23.png,e3111a2fd4da24af15d6459ef9eacfe54106b38e27b4a21821b75c3f5d2d5baf,256,256,15.0,1,150227071,0.020833333333333332,0.0,0.0,0.020833333333333332,0.0006034716498106718,32.19343185424805,0.9838675856590271,17.923006057739258,0.1272933930158615,0.9801541566848755,32.18553924560547
swin_mse_c32,MSE,23.png,e3111a2fd4da24af15d6459ef9eacfe54106b38e27b4a21821b75c3f5d2d5baf,256,256,15.0,2,150227072,0.020833333333333332,0.0,0.0,0.020833333333333332,0.0005984484450891614,32.229732513427734,0.9840733408927917,17.9787540435791,0.12443451583385468,0.9804273247718811,32.22130584716797
swin_mse_c32,MSE,23.png,e3111a2fd4da24af15d6459ef9eacfe54106b38e27b4a21821b75c3f5d2d5baf,256,256,15.0,3,150227073,0.020833333333333332,0.0,0.0,0.020833333333333332,0.000609980896115303,32.1468391418457,0.9837737083435059,17.897808074951172,0.1276681274175644,0.9799066781997681,32.13689041137695
swin_mse_c32,MSE,23.png,e3111a2fd4da24af15d6459ef9eacfe54106b38e27b4a21821b75c3f5d2d5baf,256,256,15.0,4,150227074,0.020833333333333332,0.0,0.0,0.020833333333333332,0.0005979872075840831,32.23308181762695,0.9838583469390869,17.920520782470703,0.12558938562870026,0.9801077246665955,32.22356414794922
swin_mse_c32,MSE,23.png,e3111a2fd4da24af15d6459ef9eacfe54106b38e27b4a21821b75c3f5d2d5baf,256,256,15.0,5,150227075,0.020833333333333332,0.0,0.0,0.020833333333333332,0.0005916162626817822,32.27960205078125,0.9841980934143066,18.01290512084961,0.12594503164291382,0.9805195331573486,32.27056884765625
swin_mse_c32,MSE,23.png,e3111a2fd4da24af15d6459ef9eacfe54106b38e27b4a21821b75c3f5d2d5baf,256,256,15.0,6,150227076,0.020833333333333332,0.0,0.0,0.020833333333333332,0.0006005900213494897,32.21421813964844,0.9842532873153687,18.028100967407227,0.1254344880580902,0.9805403351783752,32.204673767089844
swin_mse_c32,MSE,23.png,e3111a2fd4da24af15d6459ef9eacfe54106b38e27b4a21821b75c3f5d2d5baf,256,256,15.0,7,150227077,0.020833333333333332,0.0,0.0,0.020833333333333332,0.0006054995465092361,32.178863525390625,0.9836171865463257,17.856117248535156,0.1255238801240921,0.9797071218490601,32.170379638671875
swin_mse_c32,MSE,23.png,e3111a2fd4da24af15d6459ef9eacfe54106b38e27b4a21821b75c3f5d2d5baf,256,256,15.0,8,150227078,0.020833333333333332,0.0,0.0,0.020833333333333332,0.0005952982464805245,32.252655029296875,0.9844212532043457,18.074674606323242,0.12423337996006012,0.9808697700500488,32.243343353271484
swin_mse_c32,MSE,23.png,e3111a2fd4da24af15d6459ef9eacfe54106b38e27b4a21821b75c3f5d2d5baf,256,256,15.0,9,150227079,0.020833333333333332,0.0,0.0,0.020833333333333332,0.0005960097769275308,32.247467041015625,0.9841569662094116,18.001615524291992,0.12445381283760071,0.9805803298950195,32.23664474487305
swin_mse_c32,MSE,24.png,1071c68372cc5a01435c2c225a5cf7d4bb803846ec08bb6b3d6721b156d7cb96,256,256,15.0,0,150237070,0.020833333333333332,0.0,0.0,0.020833333333333332,0.0009424876770935953,30.257244110107422,0.9736778140068054,15.796780586242676,0.1539628505706787,0.9676782488822937,30.251869201660156
swin_mse_c32,MSE,24.png,1071c68372cc5a01435c2c225a5cf7d4bb803846ec08bb6b3d6721b156d7cb96,256,256,15.0,1,150237071,0.020833333333333332,0.0,0.0,0.020833333333333332,0.0009351183543913066,30.291332244873047,0.9743830561637878,15.914726257324219,0.15282829105854034,0.9686990976333618,30.285158157348633
swin_mse_c32,MSE,24.png,1071c68372cc5a01435c2c225a5cf7d4bb803846ec08bb6b3d6721b156d7cb96,256,256,15.0,2,150237072,0.020833333333333332,0.0,0.0,0.020833333333333332,0.0009431244106963277,30.254310607910156,0.9738374948501587,15.82320785522461,0.15343984961509705,0.9679461121559143,30.24844741821289
swin_mse_c32,MSE,24.png,1071c68372cc5a01435c2c225a5cf7d4bb803846ec08bb6b3d6721b156d7cb96,256,256,15.0,3,150237073,0.020833333333333332,0.0,0.0,0.020833333333333332,0.0009500937885604799,30.22233772277832,0.9737926721572876,15.815773010253906,0.1554974615573883,0.9679591655731201,30.217300415039062
swin_mse_c32,MSE,24.png,1071c68372cc5a01435c2c225a5cf7d4bb803846ec08bb6b3d6721b156d7cb96,256,256,15.0,4,150237074,0.020833333333333332,0.0,0.0,0.020833333333333332,0.0009386028978042305,30.27518081665039,0.973996102809906,15.849617004394531,0.15465232729911804,0.968209981918335,30.269729614257812
swin_mse_c32,MSE,24.png,1071c68372cc5a01435c2c225a5cf7d4bb803846ec08bb6b3d6721b156d7cb96,256,256,15.0,5,150237075,0.020833333333333332,0.0,0.0,0.020833333333333332,0.0009367556194774806,30.283737182617188,0.9743355512619019,15.906682014465332,0.15396767854690552,0.9686567187309265,30.277463912963867
swin_mse_c32,MSE,24.png,1071c68372cc5a01435c2c225a5cf7d4bb803846ec08bb6b3d6721b156d7cb96,256,256,15.0,6,150237076,0.020833333333333332,0.0,0.0,0.020833333333333332,0.0009375223889946938,30.28018569946289,0.9736862182617188,15.79816722869873,0.15183773636817932,0.9677816033363342,30.27513313293457
swin_mse_c32,MSE,24.png,1071c68372cc5a01435c2c225a5cf7d4bb803846ec08bb6b3d6721b156d7cb96,256,256,15.0,7,150237077,0.020833333333333332,0.0,0.0,0.020833333333333332,0.0009361929260194302,30.286348342895508,0.9745118021965027,15.93660831451416,0.15393278002738953,0.9688668251037598,30.27962875366211
swin_mse_c32,MSE,24.png,1071c68372cc5a01435c2c225a5cf7d4bb803846ec08bb6b3d6721b156d7cb96,256,256,15.0,8,150237078,0.020833333333333332,0.0,0.0,0.020833333333333332,0.0009381001582369208,30.277509689331055,0.9741662740707397,15.878129959106445,0.15528905391693115,0.9684041738510132,30.270421981811523
swin_mse_c32,MSE,24.png,1071c68372cc5a01435c2c225a5cf7d4bb803846ec08bb6b3d6721b156d7cb96,256,256,15.0,9,150237079,0.020833333333333332,0.0,0.0,0.020833333333333332,0.0009482764871791005,30.23065185546875,0.9736261367797852,15.788261413574219,0.15404339134693146,0.9677134156227112,30.22417449951172
