dataset,image,training_seed,channel_seed,snr_db,speed_kmh,scale_mode,method,nack,payload_uses,scale_bits,feedback_bits,total_uses,psnr,mse,lpips,ms_ssim,outage,false_ack
kodak,01.png,2030,9001,0.0,30.0,ideal,direct,0,4096,4096,1,12290,18.343063354492188,0.014645145274698734,0.7518026828765869,0.540149986743927,1,1
kodak,02.png,2030,9001,0.0,30.0,ideal,direct,0,4096,4096,1,12290,20.65908432006836,0.00859194714576006,0.6573399305343628,0.6500596404075623,1,1
kodak,03.png,2030,9001,0.0,30.0,ideal,direct,0,4096,4096,1,12290,22.019287109375,0.006281616166234016,0.5124642252922058,0.7784457206726074,1,1
kodak,04.png,2030,9001,0.0,30.0,ideal,direct,0,4096,4096,1,12290,26.220834732055664,0.0023873529862612486,0.5180138349533081,0.8768946528434753,0,0
kodak,01.png,2030,9001,0.0,30.0,ideal,full_harq,1,8192,4096,2,16388,18.923255920410156,0.012813697569072247,0.7192454934120178,0.6124066710472107,1,0
kodak,02.png,2030,9001,0.0,30.0,ideal,full_harq,1,8192,4096,2,16388,20.88831901550293,0.008150198496878147,0.6216027140617371,0.6939179301261902,1,0
kodak,03.png,2030,9001,0.0,30.0,ideal,full_harq,1,8192,4096,2,16388,22.054527282714844,0.006230851169675589,0.49926555156707764,0.7917906641960144,1,0
kodak,04.png,2030,9001,0.0,30.0,ideal,full_harq,1,8192,4096,2,16388,26.88399314880371,0.002049276838079095,0.4922756254673004,0.9008059501647949,0,0
kodak,01.png,2030,9001,0.0,30.0,ideal,fm_only,0,4096,4096,1,12290,18.125225067138672,0.015398469753563404,0.7624166011810303,0.5194708704948425,1,1
kodak,02.png,2030,9001,0.0,30.0,ideal,fm_only,0,4096,4096,1,12290,21.242292404174805,0.007512262556701899,0.6776614189147949,0.6094227433204651,1,1
kodak,03.png,2030,9001,0.0,30.0,ideal,fm_only,0,4096,4096,1,12290,22.607852935791016,0.00548548111692071,0.5302119851112366,0.7726882100105286,1,1
kodak,04.png,2030,9001,0.0,30.0,ideal,fm_only,0,4096,4096,1,12290,26.75611686706543,0.002110513625666499,0.5360917448997498,0.8721263408660889,0,0
kodak,01.png,2030,9001,0.0,30.0,ideal,adaptive_harq,1,8192,4096,2,16388,18.923255920410156,0.012813697569072247,0.7192454934120178,0.6124066710472107,1,0
kodak,02.png,2030,9001,0.0,30.0,ideal,adaptive_harq,1,8192,4096,2,16388,20.88831901550293,0.008150198496878147,0.6216027140617371,0.6939179301261902,1,0
kodak,03.png,2030,9001,0.0,30.0,ideal,adaptive_harq,1,8192,4096,2,16388,22.054527282714844,0.006230851169675589,0.49926555156707764,0.7917906641960144,1,0
kodak,04.png,2030,9001,0.0,30.0,ideal,adaptive_harq,0,4096,4096,1,12290,26.220834732055664,0.0023873529862612486,0.5180138349533081,0.8768946528434753,0,0
kodak,01.png,2030,9001,0.0,30.0,ideal,flowharq,1,8192,4096,2,16388,18.923255920410156,0.012813697569072247,0.7192454934120178,0.6124066710472107,1,0
kodak,02.png,2030,9001,0.0,30.0,ideal,flowharq,1,8192,4096,2,16388,20.88831901550293,0.008150198496878147,0.6216027140617371,0.6939179301261902,1,0
kodak,03.png,2030,9001,0.0,30.0,ideal,flowharq,1,8192,4096,2,16388,22.054527282714844,0.006230851169675589,0.49926555156707764,0.7917906641960144,1,0
kodak,04.png,2030,9001,0.0,30.0,ideal,flowharq,0,4096,4096,1,12290,26.75611686706543,0.002110513625666499,0.5360917448997498,0.8721263408660889,0,0
kodak,01.png,2030,9001,0.0,30.0,binary16,direct,0,4096,4096,1,12290,18.343101501464844,0.014645017683506012,0.7517945766448975,0.5401503443717957,1,1
kodak,02.png,2030,9001,0.0,30.0,binary16,direct,0,4096,4096,1,12290,20.659130096435547,0.008591857738792896,0.6573328375816345,0.6500703692436218,1,1
kodak,03.png,2030,9001,0.0,30.0,binary16,direct,0,4096,4096,1,12290,22.019250869750977,0.006281666923314333,0.5124669671058655,0.7784463763237,1,1
kodak,04.png,2030,9001,0.0,30.0,binary16,direct,0,4096,4096,1,12290,26.22072982788086,0.0023874102625995874,0.5180152058601379,0.8768931031227112,0,0
kodak,01.png,2030,9001,0.0,30.0,binary16,full_harq,1,8192,4096,2,16388,18.923328399658203,0.012813481502234936,0.7192414999008179,0.6124064922332764,1,0
kodak,02.png,2030,9001,0.0,30.0,binary16,full_harq,1,8192,4096,2,16388,20.888383865356445,0.008150077424943447,0.6215931177139282,0.6939262747764587,1,0
kodak,03.png,2030,9001,0.0,30.0,binary16,full_harq,1,8192,4096,2,16388,22.054500579833984,0.006230888422578573,0.49927493929862976,0.7917916774749756,1,0
kodak,04.png,2030,9001,0.0,30.0,binary16,full_harq,1,8192,4096,2,16388,26.883949279785156,0.0020492977928370237,0.49226996302604675,0.9008052349090576,0,0
kodak,01.png,2030,9001,0.0,30.0,binary16,fm_only,0,4096,4096,1,12290,18.125274658203125,0.015398290008306503,0.7624188661575317,0.5194669365882874,1,1
kodak,02.png,2030,9001,0.0,30.0,binary16,fm_only,0,4096,4096,1,12290,21.22735595703125,0.007538145873695612,0.6772654056549072,0.6087121367454529,1,1
kodak,03.png,2030,9001,0.0,30.0,binary16,fm_only,0,4096,4096,1,12290,22.607805252075195,0.00548553979024291,0.5302156209945679,0.7726874351501465,1,1
kodak,04.png,2030,9001,0.0,30.0,binary16,fm_only,0,4096,4096,1,12290,26.756078720092773,0.002110533183440566,0.5360915064811707,0.8721256852149963,0,0
kodak,01.png,2030,9001,0.0,30.0,binary16,adaptive_harq,1,8192,4096,2,16388,18.923328399658203,0.012813481502234936,0.7192414999008179,0.6124064922332764,1,0
kodak,02.png,2030,9001,0.0,30.0,binary16,adaptive_harq,1,8192,4096,2,16388,20.888383865356445,0.008150077424943447,0.6215931177139282,0.6939262747764587,1,0
kodak,03.png,2030,9001,0.0,30.0,binary16,adaptive_harq,1,8192,4096,2,16388,22.054500579833984,0.006230888422578573,0.49927493929862976,0.7917916774749756,1,0
kodak,04.png,2030,9001,0.0,30.0,binary16,adaptive_harq,0,4096,4096,1,12290,26.22072982788086,0.0023874102625995874,0.5180152058601379,0.8768931031227112,0,0
kodak,01.png,2030,9001,0.0,30.0,binary16,flowharq,1,8192,4096,2,16388,18.923328399658203,0.012813481502234936,0.7192414999008179,0.6124064922332764,1,0
kodak,02.png,2030,9001,0.0,30.0,binary16,flowharq,1,8192,4096,2,16388,20.888383865356445,0.008150077424943447,0.6215931177139282,0.6939262747764587,1,0
kodak,03.png,2030,9001,0.0,30.0,binary16,flowharq,1,8192,4096,2,16388,22.054500579833984,0.006230888422578573,0.49927493929862976,0.7917916774749756,1,0
kodak,04.png,2030,9001,0.0,30.0,binary16,flowharq,0,4096,4096,1,12290,26.756078720092773,0.002110533183440566,0.5360915064811707,0.8721256852149963,0,0
kodak,05.png,2030,9001,0.0,30.0,ideal,direct,0,4096,4096,1,12290,17.38187599182129,0.018273109570145607,0.5758307576179504,0.7135127186775208,1,1
kodak,06.png,2030,9001,0.0,30.0,ideal,direct,0,4096,4096,1,12290,20.301921844482422,0.00932841282337904,0.7428082227706909,0.6397396922111511,1,1
kodak,07.png,2030,9001,0.0,30.0,ideal,direct,0,4096,4096,1,12290,17.25771141052246,0.018803076818585396,0.826386034488678,0.375713586807251,1,1
kodak,08.png,2030,9001,0.0,30.0,ideal,direct,0,4096,4096,1,12290,13.45146369934082,0.045170366764068604,0.8006525039672852,0.3331848084926605,1,1
kodak,05.png,2030,9001,0.0,30.0,ideal,full_harq,1,8192,4096,2,16388,17.641300201416016,0.01721353270113468,0.5503642559051514,0.7408799529075623,1,0
kodak,06.png,2030,9001,0.0,30.0,ideal,full_harq,1,8192,4096,2,16388,20.34722328186035,0.00923161581158638,0.7386213541030884,0.6454282402992249,1,0
kodak,07.png,2030,9001,0.0,30.0,ideal,full_harq,1,8192,4096,2,16388,20.645156860351562,0.008619547821581364,0.5935177803039551,0.7135419845581055,1,0
kodak,08.png,2030,9001,0.0,30.0,ideal,full_harq,1,8192,4096,2,16388,18.249065399169922,0.014965575188398361,0.5323299765586853,0.7701844573020935,1,0
kodak,05.png,2030,9001,0.0,30.0,ideal,fm_only,0,4096,4096,1,12290,17.460647583007812,0.017944665625691414,0.5785028338432312,0.7125815749168396,1,1
kodak,06.png,2030,9001,0.0,30.0,ideal,fm_only,0,4096,4096,1,12290,20.356311798095703,0.009212314151227474,0.7470585107803345,0.6382191181182861,1,1
kodak,07.png,2030,9001,0.0,30.0,ideal,fm_only,0,4096,4096,1,12290,17.288114547729492,0.018671905621886253,0.8112094402313232,0.3869856894016266,1,1
kodak,08.png,2030,9001,0.0,30.0,ideal,fm_only,0,4096,4096,1,12290,13.498079299926758,0.04468811675906181,0.7974643111228943,0.3327098786830902,1,1
kodak,05.png,2030,9001,0.0,30.0,ideal,adaptive_harq,1,8192,4096,2,16388,17.641300201416016,0.01721353270113468,0.5503642559051514,0.7408799529075623,1,0
kodak,06.png,2030,9001,0.0,30.0,ideal,adaptive_harq,1,8192,4096,2,16388,20.34722328186035,0.00923161581158638,0.7386213541030884,0.6454282402992249,1,0
kodak,07.png,2030,9001,0.0,30.0,ideal,adaptive_harq,1,8192,4096,2,16388,20.645156860351562,0.008619547821581364,0.5935177803039551,0.7135419845581055,1,0
kodak,08.png,2030,9001,0.0,30.0,ideal,adaptive_harq,1,8192,4096,2,16388,18.249065399169922,0.014965575188398361,0.5323299765586853,0.7701844573020935,1,0
kodak,05.png,2030,9001,0.0,30.0,ideal,flowharq,1,8192,4096,2,16388,17.641300201416016,0.01721353270113468,0.5503642559051514,0.7408799529075623,1,0
kodak,06.png,2030,9001,0.0,30.0,ideal,flowharq,1,8192,4096,2,16388,20.34722328186035,0.00923161581158638,0.7386213541030884,0.6454282402992249,1,0
kodak,07.png,2030,9001,0.0,30.0,ideal,flowharq,1,8192,4096,2,16388,20.645156860351562,0.008619547821581364,0.5935177803039551,0.7135419845581055,1,0
kodak,08.png,2030,9001,0.0,30.0,ideal,flowharq,1,8192,4096,2,16388,18.249065399169922,0.014965575188398361,0.5323299765586853,0.7701844573020935,1,0
kodak,05.png,2030,9001,0.0,30.0,binary16,direct,0,4096,4096,1,12290,17.381893157958984,0.018273038789629936,0.5758287310600281,0.7135140299797058,1,1
kodak,06.png,2030,9001,0.0,30.0,binary16,direct,0,4096,4096,1,12290,20.3018856048584,0.009328491054475307,0.742805540561676,0.6397413611412048,1,1
kodak,07.png,2030,9001,0.0,30.0,binary16,direct,0,4096,4096,1,12290,17.25769805908203,0.018803132697939873,0.8263881802558899,0.37571969628334045,1,1
kodak,08.png,2030,9001,0.0,30.0,binary16,direct,0,4096,4096,1,12290,13.451454162597656,0.045170459896326065,0.8006511330604553,0.3331815004348755,1,1
kodak,05.png,2030,9001,0.0,30.0,binary16,full_harq,1,8192,4096,2,16388,17.641319274902344,0.017213450744748116,0.5503617525100708,0.740881621837616,1,0
kodak,06.png,2030,9001,0.0,30.0,binary16,full_harq,1,8192,4096,2,16388,20.347187042236328,0.00923169031739235,0.738620400428772,0.6454300284385681,1,0
kodak,07.png,2030,9001,0.0,30.0,binary16,full_harq,1,8192,4096,2,16388,20.645118713378906,0.008619624190032482,0.5935180187225342,0.7135403752326965,1,0
kodak,08.png,2030,9001,0.0,30.0,binary16,full_harq,1,8192,4096,2,16388,18.249004364013672,0.014965788461267948,0.5323333740234375,0.7701818346977234,1,0
kodak,05.png,2030,9001,0.0,30.0,binary16,fm_only,0,4096,4096,1,12290,17.460668563842773,0.017944570630788803,0.5784988403320312,0.7125833034515381,1,1
kodak,06.png,2030,9001,0.0,30.0,binary16,fm_only,0,4096,4096,1,12290,20.356271743774414,0.009212401695549488,0.7470566630363464,0.6382200717926025,1,1
kodak,07.png,2030,9001,0.0,30.0,binary16,fm_only,0,4096,4096,1,12290,17.288124084472656,0.018671859055757523,0.8112112283706665,0.3869951069355011,1,1
kodak,08.png,2030,9001,0.0,30.0,binary16,fm_only,0,4096,4096,1,12290,13.49806022644043,0.04468831419944763,0.7974621653556824,0.3327052891254425,1,1
kodak,05.png,2030,9001,0.0,30.0,binary16,adaptive_harq,1,8192,4096,2,16388,17.641319274902344,0.017213450744748116,0.5503617525100708,0.740881621837616,1,0
kodak,06.png,2030,9001,0.0,30.0,binary16,adaptive_harq,1,8192,4096,2,16388,20.347187042236328,0.00923169031739235,0.738620400428772,0.6454300284385681,1,0
kodak,07.png,2030,9001,0.0,30.0,binary16,adaptive_harq,1,8192,4096,2,16388,20.645118713378906,0.008619624190032482,0.5935180187225342,0.7135403752326965,1,0
kodak,08.png,2030,9001,0.0,30.0,binary16,adaptive_harq,1,8192,4096,2,16388,18.249004364013672,0.014965788461267948,0.5323333740234375,0.7701818346977234,1,0
kodak,05.png,2030,9001,0.0,30.0,binary16,flowharq,1,8192,4096,2,16388,17.641319274902344,0.017213450744748116,0.5503617525100708,0.740881621837616,1,0
kodak,06.png,2030,9001,0.0,30.0,binary16,flowharq,1,8192,4096,2,16388,20.347187042236328,0.00923169031739235,0.738620400428772,0.6454300284385681,1,0
kodak,07.png,2030,9001,0.0,30.0,binary16,flowharq,1,8192,4096,2,16388,20.645118713378906,0.008619624190032482,0.5935180187225342,0.7135403752326965,1,0
kodak,08.png,2030,9001,0.0,30.0,binary16,flowharq,1,8192,4096,2,16388,18.249004364013672,0.014965788461267948,0.5323333740234375,0.7701818346977234,1,0
kodak,09.png,2030,9001,0.0,30.0,ideal,direct,0,4096,4096,1,12290,21.569318771362305,0.00696735642850399,0.5185960531234741,0.7797840237617493,1,1
kodak,10.png,2030,9001,0.0,30.0,ideal,direct,0,4096,4096,1,12290,25.822952270507812,0.002616404788568616,0.6763895750045776,0.791149914264679,0,0
kodak,11.png,2030,9001,0.0,30.0,ideal,direct,0,4096,4096,1,12290,19.597003936767578,0.010972346179187298,0.5509343147277832,0.7877071499824524,1,1
kodak,12.png,2030,9001,0.0,30.0,ideal,direct,0,4096,4096,1,12290,21.83631706237793,0.006551917176693678,0.5883368253707886,0.7698278427124023,1,1
kodak,09.png,2030,9001,0.0,30.0,ideal,full_harq,1,8192,4096,2,16388,22.471473693847656,0.005660473834723234,0.46662187576293945,0.8286852240562439,1,0
kodak,10.png,2030,9001,0.0,30.0,ideal,full_harq,1,8192,4096,2,16388,27.59156036376953,0.0017411817098036408,0.5706120729446411,0.8683449625968933,0,0
kodak,11.png,2030,9001,0.0,30.0,ideal,full_harq,1,8192,4096,2,16388,19.857860565185547,0.010332703590393066,0.5298058390617371,0.8111376762390137,1,0
kodak,12.png,2030,9001,0.0,30.0,ideal,full_harq,1,8192,4096,2,16388,23.013874053955078,0.004995888564735651,0.5405840277671814,0.8186381459236145,1,0
kodak,09.png,2030,9001,0.0,30.0,ideal,fm_only,0,4096,4096,1,12290,21.621732711791992,0.006883775815367699,0.5476223826408386,0.7628830075263977,1,1
kodak,10.png,2030,9001,0.0,30.0,ideal,fm_only,0,4096,4096,1,12290,25.879859924316406,0.0025823432952165604,0.684201180934906,0.7813979983329773,0,0
kodak,11.png,2030,9001,0.0,30.0,ideal,fm_only,0,4096,4096,1,12290,19.733774185180664,0.010632188059389591,0.5514339208602905,0.7865970134735107,1,1
kodak,12.png,2030,9001,0.0,30.0,ideal,fm_only,0,4096,4096,1,12290,22.086687088012695,0.006184881553053856,0.6017273664474487,0.7643926739692688,1,1
kodak,09.png,2030,9001,0.0,30.0,ideal,adaptive_harq,1,8192,4096,2,16388,22.471473693847656,0.005660473834723234,0.46662187576293945,0.8286852240562439,1,0
kodak,10.png,2030,9001,0.0,30.0,ideal,adaptive_harq,0,4096,4096,1,12290,25.822952270507812,0.002616404788568616,0.6763895750045776,0.791149914264679,0,0
kodak,11.png,2030,9001,0.0,30.0,ideal,adaptive_harq,1,8192,4096,2,16388,19.857860565185547,0.010332703590393066,0.5298058390617371,0.8111376762390137,1,0
kodak,12.png,2030,9001,0.0,30.0,ideal,adaptive_harq,1,8192,4096,2,16388,23.013874053955078,0.004995888564735651,0.5405840277671814,0.8186381459236145,1,0
kodak,09.png,2030,9001,0.0,30.0,ideal,flowharq,1,8192,4096,2,16388,22.471473693847656,0.005660473834723234,0.46662187576293945,0.8286852240562439,1,0
kodak,10.png,2030,9001,0.0,30.0,ideal,flowharq,0,4096,4096,1,12290,25.879859924316406,0.0025823432952165604,0.684201180934906,0.7813979983329773,0,0
kodak,11.png,2030,9001,0.0,30.0,ideal,flowharq,1,8192,4096,2,16388,19.857860565185547,0.010332703590393066,0.5298058390617371,0.8111376762390137,1,0
kodak,12.png,2030,9001,0.0,30.0,ideal,flowharq,1,8192,4096,2,16388,23.013874053955078,0.004995888564735651,0.5405840277671814,0.8186381459236145,1,0
kodak,09.png,2030,9001,0.0,30.0,binary16,direct,0,4096,4096,1,12290,21.569337844848633,0.0069673266261816025,0.5185993909835815,0.7797839045524597,1,1
kodak,10.png,2030,9001,0.0,30.0,binary16,direct,0,4096,4096,1,12290,25.822986602783203,0.002616382436826825,0.6763964295387268,0.7911497950553894,0,0
kodak,11.png,2030,9001,0.0,30.0,binary16,direct,0,4096,4096,1,12290,19.596940994262695,0.010972506366670132,0.550936222076416,0.78770512342453,1,1
kodak,12.png,2030,9001,0.0,30.0,binary16,direct,0,4096,4096,1,12290,21.8363094329834,0.006551928352564573,0.588333010673523,0.7698232531547546,1,1
kodak,09.png,2030,9001,0.0,30.0,binary16,full_harq,1,8192,4096,2,16388,22.471481323242188,0.005660463124513626,0.46662479639053345,0.8286843299865723,1,0
kodak,10.png,2030,9001,0.0,30.0,binary16,full_harq,1,8192,4096,2,16388,27.59151840209961,0.0017411978915333748,0.5706154704093933,0.8683440089225769,0,0
kodak,11.png,2030,9001,0.0,30.0,binary16,full_harq,1,8192,4096,2,16388,19.857799530029297,0.010332847945392132,0.5298087000846863,0.8111360669136047,1,0
kodak,12.png,2030,9001,0.0,30.0,binary16,full_harq,1,8192,4096,2,16388,23.01388168334961,0.004995876457542181,0.5405842065811157,0.8186342716217041,1,0
kodak,09.png,2030,9001,0.0,30.0,binary16,fm_only,0,4096,4096,1,12290,21.621732711791992,0.006883776281028986,0.547623872756958,0.7628801465034485,1,1
kodak,10.png,2030,9001,0.0,30.0,binary16,fm_only,0,4096,4096,1,12290,25.879940032958984,0.0025822955649346113,0.6842020153999329,0.7813973426818848,0,0
kodak,11.png,2030,9001,0.0,30.0,binary16,fm_only,0,4096,4096,1,12290,19.733699798583984,0.010632365942001343,0.5514361262321472,0.786594569683075,1,1
kodak,12.png,2030,9001,0.0,30.0,binary16,fm_only,0,4096,4096,1,12290,22.086692810058594,0.006184874568134546,0.6017205119132996,0.7643899321556091,1,1
kodak,09.png,2030,9001,0.0,30.0,binary16,adaptive_harq,1,8192,4096,2,16388,22.471481323242188,0.005660463124513626,0.46662479639053345,0.8286843299865723,1,0
kodak,10.png,2030,9001,0.0,30.0,binary16,adaptive_harq,0,4096,4096,1,12290,25.822986602783203,0.002616382436826825,0.6763964295387268,0.7911497950553894,0,0
kodak,11.png,2030,9001,0.0,30.0,binary16,adaptive_harq,1,8192,4096,2,16388,19.857799530029297,0.010332847945392132,0.5298087000846863,0.8111360669136047,1,0
kodak,12.png,2030,9001,0.0,30.0,binary16,adaptive_harq,1,8192,4096,2,16388,23.01388168334961,0.004995876457542181,0.5405842065811157,0.8186342716217041,1,0
kodak,09.png,2030,9001,0.0,30.0,binary16,flowharq,1,8192,4096,2,16388,22.471481323242188,0.005660463124513626,0.46662479639053345,0.8286843299865723,1,0
kodak,10.png,2030,9001,0.0,30.0,binary16,flowharq,0,4096,4096,1,12290,25.879940032958984,0.0025822955649346113,0.6842020153999329,0.7813973426818848,0,0
kodak,11.png,2030,9001,0.0,30.0,binary16,flowharq,1,8192,4096,2,16388,19.857799530029297,0.010332847945392132,0.5298087000846863,0.8111360669136047,1,0
kodak,12.png,2030,9001,0.0,30.0,binary16,flowharq,1,8192,4096,2,16388,23.01388168334961,0.004995876457542181,0.5405842065811157,0.8186342716217041,1,0
kodak,13.png,2030,9001,0.0,30.0,ideal,direct,0,4096,4096,1,12290,15.748381614685059,0.02661716751754284,1.002102255821228,0.32984688878059387,1,1
kodak,14.png,2030,9001,0.0,30.0,ideal,direct,0,4096,4096,1,12290,15.278141021728516,0.02966100536286831,0.7960510849952698,0.34347936511039734,1,1
kodak,15.png,2030,9001,0.0,30.0,ideal,direct,0,4096,4096,1,12290,20.830137252807617,0.008260116912424564,0.6201899647712708,0.761638343334198,1,1
kodak,16.png,2030,9001,0.0,30.0,ideal,direct,0,4096,4096,1,12290,22.844736099243164,0.0051942914724349976,0.6756433844566345,0.7340750098228455,1,1
kodak,13.png,2030,9001,0.0,30.0,ideal,full_harq,1,8192,4096,2,16388,19.429643630981445,0.011403433978557587,0.7854132056236267,0.6757165789604187,1,0
kodak,14.png,2030,9001,0.0,30.0,ideal,full_harq,1,8192,4096,2,16388,17.593982696533203,0.017402105033397675,0.6200471520423889,0.659052312374115,1,0
kodak,15.png,2030,9001,0.0,30.0,ideal,full_harq,1,8192,4096,2,16388,22.34954833984375,0.005821638274937868,0.5150187611579895,0.8385800719261169,1,0
kodak,16.png,2030,9001,0.0,30.0,ideal,full_harq,1,8192,4096,2,16388,23.04755973815918,0.004957287106662989,0.6732490062713623,0.7442376017570496,1,0
kodak,13.png,2030,9001,0.0,30.0,ideal,fm_only,0,4096,4096,1,12290,15.639491081237793,0.027292976155877113,0.9993982315063477,0.3239370584487915,1,1
kodak,14.png,2030,9001,0.0,30.0,ideal,fm_only,0,4096,4096,1,12290,15.265087127685547,0.02975030057132244,0.7697994112968445,0.35766711831092834,1,1
kodak,15.png,2030,9001,0.0,30.0,ideal,fm_only,0,4096,4096,1,12290,20.986053466796875,0.00796882901340723,0.637320876121521,0.7475482821464539,1,1
kodak,16.png,2030,9001,0.0,30.0,ideal,fm_only,0,4096,4096,1,12290,22.882692337036133,0.0051490929909050465,0.714285135269165,0.7211772799491882,1,1
kodak,13.png,2030,9001,0.0,30.0,ideal,adaptive_harq,1,8192,4096,2,16388,19.429643630981445,0.011403433978557587,0.7854132056236267,0.6757165789604187,1,0
kodak,14.png,2030,9001,0.0,30.0,ideal,adaptive_harq,1,8192,4096,2,16388,17.593982696533203,0.017402105033397675,0.6200471520423889,0.659052312374115,1,0
kodak,15.png,2030,9001,0.0,30.0,ideal,adaptive_harq,1,8192,4096,2,16388,22.34954833984375,0.005821638274937868,0.5150187611579895,0.8385800719261169,1,0
kodak,16.png,2030,9001,0.0,30.0,ideal,adaptive_harq,1,8192,4096,2,16388,23.04755973815918,0.004957287106662989,0.6732490062713623,0.7442376017570496,1,0
kodak,13.png,2030,9001,0.0,30.0,ideal,flowharq,1,8192,4096,2,16388,19.429643630981445,0.011403433978557587,0.7854132056236267,0.6757165789604187,1,0
kodak,14.png,2030,9001,0.0,30.0,ideal,flowharq,1,8192,4096,2,16388,17.593982696533203,0.017402105033397675,0.6200471520423889,0.659052312374115,1,0
kodak,15.png,2030,9001,0.0,30.0,ideal,flowharq,1,8192,4096,2,16388,22.34954833984375,0.005821638274937868,0.5150187611579895,0.8385800719261169,1,0
kodak,16.png,2030,9001,0.0,30.0,ideal,flowharq,1,8192,4096,2,16388,23.04755973815918,0.004957287106662989,0.6732490062713623,0.7442376017570496,1,0
kodak,13.png,2030,9001,0.0,30.0,binary16,direct,0,4096,4096,1,12290,15.748330116271973,0.02661748230457306,1.0021040439605713,0.32984861731529236,1,1
kodak,14.png,2030,9001,0.0,30.0,binary16,direct,0,4096,4096,1,12290,15.278192520141602,0.029660651460289955,0.7960460782051086,0.3434847891330719,1,1
kodak,15.png,2030,9001,0.0,30.0,binary16,direct,0,4096,4096,1,12290,20.830211639404297,0.008259978145360947,0.6201875805854797,0.7616395354270935,1,1
kodak,16.png,2030,9001,0.0,30.0,binary16,direct,0,4096,4096,1,12290,22.844696044921875,0.005194340832531452,0.6756388545036316,0.7340756058692932,1,1
kodak,13.png,2030,9001,0.0,30.0,binary16,full_harq,1,8192,4096,2,16388,19.429637908935547,0.011403447948396206,0.7854138612747192,0.675713300704956,1,0
kodak,14.png,2030,9001,0.0,30.0,binary16,full_harq,1,8192,4096,2,16388,17.594018936157227,0.017401956021785736,0.6200444102287292,0.6590546369552612,1,0
kodak,15.png,2030,9001,0.0,30.0,binary16,full_harq,1,8192,4096,2,16388,22.349559783935547,0.00582162057980895,0.5150212049484253,0.8385787010192871,1,0
kodak,16.png,2030,9001,0.0,30.0,binary16,full_harq,1,8192,4096,2,16388,23.047521591186523,0.004957329481840134,0.6732415556907654,0.7442402243614197,1,0
kodak,13.png,2030,9001,0.0,30.0,binary16,fm_only,0,4096,4096,1,12290,15.639437675476074,0.027293315157294273,0.9994007349014282,0.3239375948905945,1,1
kodak,14.png,2030,9001,0.0,30.0,binary16,fm_only,0,4096,4096,1,12290,15.265130996704102,0.029749996960163116,0.7697939276695251,0.3576735258102417,1,1
kodak,15.png,2030,9001,0.0,30.0,binary16,fm_only,0,4096,4096,1,12290,20.986133575439453,0.007968684658408165,0.6373267769813538,0.7475471496582031,1,1
kodak,16.png,2030,9001,0.0,30.0,binary16,fm_only,0,4096,4096,1,12290,22.882667541503906,0.005149123724550009,0.7142808437347412,0.7211830019950867,1,1
kodak,13.png,2030,9001,0.0,30.0,binary16,adaptive_harq,1,8192,4096,2,16388,19.429637908935547,0.011403447948396206,0.7854138612747192,0.675713300704956,1,0
kodak,14.png,2030,9001,0.0,30.0,binary16,adaptive_harq,1,8192,4096,2,16388,17.594018936157227,0.017401956021785736,0.6200444102287292,0.6590546369552612,1,0
kodak,15.png,2030,9001,0.0,30.0,binary16,adaptive_harq,1,8192,4096,2,16388,22.349559783935547,0.00582162057980895,0.5150212049484253,0.8385787010192871,1,0
kodak,16.png,2030,9001,0.0,30.0,binary16,adaptive_harq,1,8192,4096,2,16388,23.047521591186523,0.004957329481840134,0.6732415556907654,0.7442402243614197,1,0
kodak,13.png,2030,9001,0.0,30.0,binary16,flowharq,1,8192,4096,2,16388,19.429637908935547,0.011403447948396206,0.7854138612747192,0.675713300704956,1,0
kodak,14.png,2030,9001,0.0,30.0,binary16,flowharq,1,8192,4096,2,16388,17.594018936157227,0.017401956021785736,0.6200444102287292,0.6590546369552612,1,0
kodak,15.png,2030,9001,0.0,30.0,binary16,flowharq,1,8192,4096,2,16388,22.349559783935547,0.00582162057980895,0.5150212049484253,0.8385787010192871,1,0
kodak,16.png,2030,9001,0.0,30.0,binary16,flowharq,1,8192,4096,2,16388,23.047521591186523,0.004957329481840134,0.6732415556907654,0.7442402243614197,1,0
kodak,17.png,2030,9001,0.0,30.0,ideal,direct,0,4096,4096,1,12290,24.058284759521484,0.003928000573068857,0.5892654657363892,0.7901965975761414,0,0
kodak,18.png,2030,9001,0.0,30.0,ideal,direct,0,4096,4096,1,12290,18.51669692993164,0.014071174897253513,0.6534032225608826,0.6764399409294128,1,1
kodak,19.png,2030,9001,0.0,30.0,ideal,direct,0,4096,4096,1,12290,20.373212814331055,0.009176533669233322,0.6081578135490417,0.7657918930053711,1,1
kodak,20.png,2030,9001,0.0,30.0,ideal,direct,0,4096,4096,1,12290,21.347888946533203,0.00733180483803153,0.39026471972465515,0.8314667344093323,1,1
kodak,17.png,2030,9001,0.0,30.0,ideal,full_harq,1,8192,4096,2,16388,24.46377182006836,0.003577855648472905,0.573969841003418,0.8145449757575989,0,0
kodak,18.png,2030,9001,0.0,30.0,ideal,full_harq,1,8192,4096,2,16388,19.449140548706055,0.01135235745459795,0.5753505229949951,0.7598704695701599,1,0
kodak,19.png,2030,9001,0.0,30.0,ideal,full_harq,1,8192,4096,2,16388,20.425125122070312,0.009067501872777939,0.5990074872970581,0.774275004863739,1,0
kodak,20.png,2030,9001,0.0,30.0,ideal,full_harq,1,8192,4096,2,16388,21.97513198852539,0.006345806177705526,0.362651526927948,0.8679949641227722,1,0
kodak,17.png,2030,9001,0.0,30.0,ideal,fm_only,0,4096,4096,1,12290,24.157590866088867,0.003839201293885708,0.58500075340271,0.7882447242736816,0,0
kodak,18.png,2030,9001,0.0,30.0,ideal,fm_only,0,4096,4096,1,12290,18.498546600341797,0.014130101539194584,0.656928300857544,0.6732732653617859,1,1
kodak,19.png,2030,9001,0.0,30.0,ideal,fm_only,0,4096,4096,1,12290,20.35202980041504,0.009221401065587997,0.6134164333343506,0.7661692500114441,1,1
kodak,20.png,2030,9001,0.0,30.0,ideal,fm_only,0,4096,4096,1,12290,21.262088775634766,0.007478097919374704,0.4266572892665863,0.8138958811759949,1,1
kodak,17.png,2030,9001,0.0,30.0,ideal,adaptive_harq,1,8192,4096,2,16388,24.46377182006836,0.003577855648472905,0.573969841003418,0.8145449757575989,0,0
kodak,18.png,2030,9001,0.0,30.0,ideal,adaptive_harq,1,8192,4096,2,16388,19.449140548706055,0.01135235745459795,0.5753505229949951,0.7598704695701599,1,0
kodak,19.png,2030,9001,0.0,30.0,ideal,adaptive_harq,1,8192,4096,2,16388,20.425125122070312,0.009067501872777939,0.5990074872970581,0.774275004863739,1,0
kodak,20.png,2030,9001,0.0,30.0,ideal,adaptive_harq,1,8192,4096,2,16388,21.97513198852539,0.006345806177705526,0.362651526927948,0.8679949641227722,1,0
kodak,17.png,2030,9001,0.0,30.0,ideal,flowharq,0,4096,4096,1,12290,24.157590866088867,0.003839201293885708,0.58500075340271,0.7882447242736816,0,0
kodak,18.png,2030,9001,0.0,30.0,ideal,flowharq,1,8192,4096,2,16388,19.449140548706055,0.01135235745459795,0.5753505229949951,0.7598704695701599,1,0
kodak,19.png,2030,9001,0.0,30.0,ideal,flowharq,1,8192,4096,2,16388,20.425125122070312,0.009067501872777939,0.5990074872970581,0.774275004863739,1,0
kodak,20.png,2030,9001,0.0,30.0,ideal,flowharq,1,8192,4096,2,16388,21.97513198852539,0.006345806177705526,0.362651526927948,0.8679949641227722,1,0
kodak,17.png,2030,9001,0.0,30.0,binary16,direct,0,4096,4096,1,12290,24.05826187133789,0.003928021993488073,0.5892652273178101,0.7901983857154846,0,0
kodak,18.png,2030,9001,0.0,30.0,binary16,direct,0,4096,4096,1,12290,18.516725540161133,0.014071079902350903,0.6533962488174438,0.6764407753944397,1,1
kodak,19.png,2030,9001,0.0,30.0,binary16,direct,0,4096,4096,1,12290,20.37318992614746,0.0091765858232975,0.6081582903862,0.7657927870750427,1,1
kodak,20.png,2030,9001,0.0,30.0,binary16,direct,0,4096,4096,1,12290,21.347965240478516,0.007331679109483957,0.39027222990989685,0.83146733045578,1,1
kodak,17.png,2030,9001,0.0,30.0,binary16,full_harq,1,8192,4096,2,16388,24.463741302490234,0.0035778796300292015,0.5739709138870239,0.8145473003387451,0,0
kodak,18.png,2030,9001,0.0,30.0,binary16,full_harq,1,8192,4096,2,16388,19.44911003112793,0.011352434754371643,0.5753403902053833,0.7598695755004883,1,0
kodak,19.png,2030,9001,0.0,30.0,binary16,full_harq,1,8192,4096,2,16388,20.42510986328125,0.009067528881132603,0.5990068912506104,0.7742767930030823,1,0
kodak,20.png,2030,9001,0.0,30.0,binary16,full_harq,1,8192,4096,2,16388,21.975202560424805,0.006345702800899744,0.36265435814857483,0.8679954409599304,1,0
kodak,17.png,2030,9001,0.0,30.0,binary16,fm_only,0,4096,4096,1,12290,24.158761978149414,0.0038381663616746664,0.585098922252655,0.7882338166236877,0,0
kodak,18.png,2030,9001,0.0,30.0,binary16,fm_only,0,4096,4096,1,12290,18.49860191345215,0.014129921793937683,0.6569198369979858,0.673276960849762,1,1
kodak,19.png,2030,9001,0.0,30.0,binary16,fm_only,0,4096,4096,1,12290,20.352008819580078,0.009221449494361877,0.6134178638458252,0.7661704421043396,1,1
kodak,20.png,2030,9001,0.0,30.0,binary16,fm_only,0,4096,4096,1,12290,21.26215171813965,0.007477989420294762,0.42666125297546387,0.8138952255249023,1,1
kodak,17.png,2030,9001,0.0,30.0,binary16,adaptive_harq,1,8192,4096,2,16388,24.463741302490234,0.0035778796300292015,0.5739709138870239,0.8145473003387451,0,0
kodak,18.png,2030,9001,0.0,30.0,binary16,adaptive_harq,1,8192,4096,2,16388,19.44911003112793,0.011352434754371643,0.5753403902053833,0.7598695755004883,1,0
kodak,19.png,2030,9001,0.0,30.0,binary16,adaptive_harq,1,8192,4096,2,16388,20.42510986328125,0.009067528881132603,0.5990068912506104,0.7742767930030823,1,0
kodak,20.png,2030,9001,0.0,30.0,binary16,adaptive_harq,1,8192,4096,2,16388,21.975202560424805,0.006345702800899744,0.36265435814857483,0.8679954409599304,1,0
kodak,17.png,2030,9001,0.0,30.0,binary16,flowharq,0,4096,4096,1,12290,24.158761978149414,0.0038381663616746664,0.585098922252655,0.7882338166236877,0,0
kodak,18.png,2030,9001,0.0,30.0,binary16,flowharq,1,8192,4096,2,16388,19.44911003112793,0.011352434754371643,0.5753403902053833,0.7598695755004883,1,0
kodak,19.png,2030,9001,0.0,30.0,binary16,flowharq,1,8192,4096,2,16388,20.42510986328125,0.009067528881132603,0.5990068912506104,0.7742767930030823,1,0
kodak,20.png,2030,9001,0.0,30.0,binary16,flowharq,1,8192,4096,2,16388,21.975202560424805,0.006345702800899744,0.36265435814857483,0.8679954409599304,1,0
kodak,21.png,2030,9001,0.0,30.0,ideal,direct,0,4096,4096,1,12290,19.62234115600586,0.010908524505794048,0.5919815301895142,0.7212784290313721,1,1
kodak,22.png,2030,9001,0.0,30.0,ideal,direct,0,4096,4096,1,12290,17.83050537109375,0.01647970639169216,0.8089790344238281,0.5201660990715027,1,1
kodak,23.png,2030,9001,0.0,30.0,ideal,direct,0,4096,4096,1,12290,21.223388671875,0.007545033935457468,0.4504496455192566,0.8065206408500671,1,1
kodak,24.png,2030,9001,0.0,30.0,ideal,direct,0,4096,4096,1,12290,22.81640625,0.005228288937360048,0.6127558350563049,0.8058306574821472,1,1
kodak,21.png,2030,9001,0.0,30.0,ideal,full_harq,1,8192,4096,2,16388,21.347990036010742,0.007331636268645525,0.49983683228492737,0.8428797721862793,1,0
kodak,22.png,2030,9001,0.0,30.0,ideal,full_harq,1,8192,4096,2,16388,19.63237762451172,0.010883339680731297,0.702714204788208,0.604758083820343,1,0
kodak,23.png,2030,9001,0.0,30.0,ideal,full_harq,1,8192,4096,2,16388,21.68329620361328,0.006786883343011141,0.43466588854789734,0.822519063949585,1,0
kodak,24.png,2030,9001,0.0,30.0,ideal,full_harq,1,8192,4096,2,16388,23.196178436279297,0.0047905161045491695,0.5952203869819641,0.8336778283119202,1,0
kodak,21.png,2030,9001,0.0,30.0,ideal,fm_only,0,4096,4096,1,12290,19.52906608581543,0.011145341210067272,0.6278862953186035,0.7061793804168701,1,1
kodak,22.png,2030,9001,0.0,30.0,ideal,fm_only,0,4096,4096,1,12290,17.968463897705078,0.015964437276124954,0.7952259182929993,0.5132412910461426,1,1
kodak,23.png,2030,9001,0.0,30.0,ideal,fm_only,0,4096,4096,1,12290,20.949893951416016,0.00803545955568552,0.4979413151741028,0.786144495010376,1,1
kodak,24.png,2030,9001,0.0,30.0,ideal,fm_only,0,4096,4096,1,12290,22.934839248657227,0.005087635014206171,0.6173537969589233,0.8023536801338196,1,1
kodak,21.png,2030,9001,0.0,30.0,ideal,adaptive_harq,1,8192,4096,2,16388,21.347990036010742,0.007331636268645525,0.49983683228492737,0.8428797721862793,1,0
kodak,22.png,2030,9001,0.0,30.0,ideal,adaptive_harq,1,8192,4096,2,16388,19.63237762451172,0.010883339680731297,0.702714204788208,0.604758083820343,1,0
kodak,23.png,2030,9001,0.0,30.0,ideal,adaptive_harq,1,8192,4096,2,16388,21.68329620361328,0.006786883343011141,0.43466588854789734,0.822519063949585,1,0
kodak,24.png,2030,9001,0.0,30.0,ideal,adaptive_harq,1,8192,4096,2,16388,23.196178436279297,0.0047905161045491695,0.5952203869819641,0.8336778283119202,1,0
kodak,21.png,2030,9001,0.0,30.0,ideal,flowharq,1,8192,4096,2,16388,21.347990036010742,0.007331636268645525,0.49983683228492737,0.8428797721862793,1,0
kodak,22.png,2030,9001,0.0,30.0,ideal,flowharq,1,8192,4096,2,16388,19.63237762451172,0.010883339680731297,0.702714204788208,0.604758083820343,1,0
kodak,23.png,2030,9001,0.0,30.0,ideal,flowharq,1,8192,4096,2,16388,21.68329620361328,0.006786883343011141,0.43466588854789734,0.822519063949585,1,0
kodak,24.png,2030,9001,0.0,30.0,ideal,flowharq,1,8192,4096,2,16388,23.196178436279297,0.0047905161045491695,0.5952203869819641,0.8336778283119202,1,0
kodak,21.png,2030,9001,0.0,30.0,binary16,direct,0,4096,4096,1,12290,19.622373580932617,0.010908438824117184,0.591973602771759,0.721280574798584,1,1
kodak,22.png,2030,9001,0.0,30.0,binary16,direct,0,4096,4096,1,12290,17.830528259277344,0.01647961512207985,0.8089709281921387,0.5201638340950012,1,1
kodak,23.png,2030,9001,0.0,30.0,binary16,direct,0,4096,4096,1,12290,21.223403930664062,0.007545005530118942,0.45044803619384766,0.8065213561058044,1,1
kodak,24.png,2030,9001,0.0,30.0,binary16,direct,0,4096,4096,1,12290,22.81640625,0.005228287074714899,0.6127604246139526,0.8058321475982666,1,1
kodak,21.png,2030,9001,0.0,30.0,binary16,full_harq,1,8192,4096,2,16388,21.347972869873047,0.007331666070967913,0.4998345971107483,0.8428797125816345,1,0
kodak,22.png,2030,9001,0.0,30.0,binary16,full_harq,1,8192,4096,2,16388,19.632474899291992,0.010883096605539322,0.702707827091217,0.6047583222389221,1,0
kodak,23.png,2030,9001,0.0,30.0,binary16,full_harq,1,8192,4096,2,16388,21.683290481567383,0.006786894518882036,0.43466103076934814,0.8225224614143372,1,0
kodak,24.png,2030,9001,0.0,30.0,binary16,full_harq,1,8192,4096,2,16388,23.196155548095703,0.004790539387613535,0.5952204465866089,0.8336794972419739,1,0
kodak,21.png,2030,9001,0.0,30.0,binary16,fm_only,0,4096,4096,1,12290,19.52914810180664,0.011145132593810558,0.627875566482544,0.706183910369873,1,1
kodak,22.png,2030,9001,0.0,30.0,binary16,fm_only,0,4096,4096,1,12290,17.968486785888672,0.01596434973180294,0.7952225804328918,0.5132425427436829,1,1
kodak,23.png,2030,9001,0.0,30.0,binary16,fm_only,0,4096,4096,1,12290,20.949871063232422,0.008035500533878803,0.4979395866394043,0.7861464619636536,1,1
kodak,24.png,2030,9001,0.0,30.0,binary16,fm_only,0,4096,4096,1,12290,22.934864044189453,0.005087607074528933,0.6173614263534546,0.8023545742034912,1,1
kodak,21.png,2030,9001,0.0,30.0,binary16,adaptive_harq,1,8192,4096,2,16388,21.347972869873047,0.007331666070967913,0.4998345971107483,0.8428797125816345,1,0
kodak,22.png,2030,9001,0.0,30.0,binary16,adaptive_harq,1,8192,4096,2,16388,19.632474899291992,0.010883096605539322,0.702707827091217,0.6047583222389221,1,0
kodak,23.png,2030,9001,0.0,30.0,binary16,adaptive_harq,1,8192,4096,2,16388,21.683290481567383,0.006786894518882036,0.43466103076934814,0.8225224614143372,1,0
kodak,24.png,2030,9001,0.0,30.0,binary16,adaptive_harq,1,8192,4096,2,16388,23.196155548095703,0.004790539387613535,0.5952204465866089,0.8336794972419739,1,0
kodak,21.png,2030,9001,0.0,30.0,binary16,flowharq,1,8192,4096,2,16388,21.347972869873047,0.007331666070967913,0.4998345971107483,0.8428797125816345,1,0
kodak,22.png,2030,9001,0.0,30.0,binary16,flowharq,1,8192,4096,2,16388,19.632474899291992,0.010883096605539322,0.702707827091217,0.6047583222389221,1,0
kodak,23.png,2030,9001,0.0,30.0,binary16,flowharq,1,8192,4096,2,16388,21.683290481567383,0.006786894518882036,0.43466103076934814,0.8225224614143372,1,0
kodak,24.png,2030,9001,0.0,30.0,binary16,flowharq,1,8192,4096,2,16388,23.196155548095703,0.004790539387613535,0.5952204465866089,0.8336794972419739,1,0
kodak,01.png,2030,9001,0.0,60.0,ideal,direct,0,4096,4096,1,12290,19.13467788696289,0.012204843573272228,0.6961271166801453,0.6439892649650574,1,1
kodak,02.png,2030,9001,0.0,60.0,ideal,direct,0,4096,4096,1,12290,18.537494659423828,0.01400394830852747,0.7208563089370728,0.5351172089576721,1,1
kodak,03.png,2030,9001,0.0,60.0,ideal,direct,0,4096,4096,1,12290,21.169729232788086,0.007638835813850164,0.5400307774543762,0.755897045135498,1,1
kodak,04.png,2030,9001,0.0,60.0,ideal,direct,0,4096,4096,1,12290,26.97110939025879,0.0020085799042135477,0.4551970958709717,0.9175531268119812,0,0
kodak,01.png,2030,9001,0.0,60.0,ideal,full_harq,1,8192,4096,2,16388,19.525236129760742,0.011155174113810062,0.643509030342102,0.7005791664123535,1,0
kodak,02.png,2030,9001,0.0,60.0,ideal,full_harq,1,8192,4096,2,16388,21.740312576293945,0.0066983625292778015,0.5626761317253113,0.7682690024375916,1,0
kodak,03.png,2030,9001,0.0,60.0,ideal,full_harq,1,8192,4096,2,16388,21.83869171142578,0.0065483334474265575,0.5077322125434875,0.7859639525413513,1,0
kodak,04.png,2030,9001,0.0,60.0,ideal,full_harq,1,8192,4096,2,16388,27.02261734008789,0.0019848986994475126,0.4367119073867798,0.9258095622062683,0,0
kodak,01.png,2030,9001,0.0,60.0,ideal,fm_only,0,4096,4096,1,12290,19.313505172729492,0.011712496168911457,0.7054179906845093,0.6423474550247192,1,1
kodak,02.png,2030,9001,0.0,60.0,ideal,fm_only,0,4096,4096,1,12290,18.4488525390625,0.01429271325469017,0.7300940155982971,0.5211623311042786,1,1
kodak,03.png,2030,9001,0.0,60.0,ideal,fm_only,0,4096,4096,1,12290,21.4652042388916,0.007136406842619181,0.5720347166061401,0.733184278011322,1,1
kodak,04.png,2030,9001,0.0,60.0,ideal,fm_only,0,4096,4096,1,12290,27.612567901611328,0.0017327797831967473,0.46549126505851746,0.9170181155204773,0,0
kodak,01.png,2030,9001,0.0,60.0,ideal,adaptive_harq,1,8192,4096,2,16388,19.525236129760742,0.011155174113810062,0.643509030342102,0.7005791664123535,1,0
kodak,02.png,2030,9001,0.0,60.0,ideal,adaptive_harq,1,8192,4096,2,16388,21.740312576293945,0.0066983625292778015,0.5626761317253113,0.7682690024375916,1,0
kodak,03.png,2030,9001,0.0,60.0,ideal,adaptive_harq,1,8192,4096,2,16388,21.83869171142578,0.0065483334474265575,0.5077322125434875,0.7859639525413513,1,0
kodak,04.png,2030,9001,0.0,60.0,ideal,adaptive_harq,0,4096,4096,1,12290,26.97110939025879,0.0020085799042135477,0.4551970958709717,0.9175531268119812,0,0
kodak,01.png,2030,9001,0.0,60.0,ideal,flowharq,1,8192,4096,2,16388,19.525236129760742,0.011155174113810062,0.643509030342102,0.7005791664123535,1,0
kodak,02.png,2030,9001,0.0,60.0,ideal,flowharq,1,8192,4096,2,16388,21.740312576293945,0.0066983625292778015,0.5626761317253113,0.7682690024375916,1,0
kodak,03.png,2030,9001,0.0,60.0,ideal,flowharq,1,8192,4096,2,16388,21.83869171142578,0.0065483334474265575,0.5077322125434875,0.7859639525413513,1,0
kodak,04.png,2030,9001,0.0,60.0,ideal,flowharq,0,4096,4096,1,12290,27.612567901611328,0.0017327797831967473,0.46549126505851746,0.9170181155204773,0,0
kodak,01.png,2030,9001,0.0,60.0,binary16,direct,0,4096,4096,1,12290,19.134708404541016,0.012204757891595364,0.6961255073547363,0.6439908146858215,1,1
kodak,02.png,2030,9001,0.0,60.0,binary16,direct,0,4096,4096,1,12290,18.537551879882812,0.014003763906657696,0.7208625674247742,0.5351187586784363,1,1
kodak,03.png,2030,9001,0.0,60.0,binary16,direct,0,4096,4096,1,12290,21.169679641723633,0.007638920098543167,0.5400307178497314,0.7558956742286682,1,1
kodak,04.png,2030,9001,0.0,60.0,binary16,direct,0,4096,4096,1,12290,26.970975875854492,0.0020086418371647596,0.4551941454410553,0.9175515174865723,0,0
kodak,01.png,2030,9001,0.0,60.0,binary16,full_harq,1,8192,4096,2,16388,19.525278091430664,0.011155065149068832,0.6435075402259827,0.700580894947052,1,0
kodak,02.png,2030,9001,0.0,60.0,binary16,full_harq,1,8192,4096,2,16388,21.74028205871582,0.006698410492390394,0.5626746416091919,0.7682597041130066,1,0
kodak,03.png,2030,9001,0.0,60.0,binary16,full_harq,1,8192,4096,2,16388,21.838647842407227,0.006548400968313217,0.5077388286590576,0.7859603762626648,1,0
kodak,04.png,2030,9001,0.0,60.0,binary16,full_harq,1,8192,4096,2,16388,27.022457122802734,0.00198497180826962,0.43670812249183655,0.9258084297180176,0,0
kodak,01.png,2030,9001,0.0,60.0,binary16,fm_only,0,4096,4096,1,12290,19.313495635986328,0.011712520383298397,0.7054152488708496,0.6423484683036804,1,1
kodak,02.png,2030,9001,0.0,60.0,binary16,fm_only,0,4096,4096,1,12290,18.44889259338379,0.014292583800852299,0.7301003336906433,0.5211657881736755,1,1
kodak,03.png,2030,9001,0.0,60.0,binary16,fm_only,0,4096,4096,1,12290,21.465091705322266,0.00713659031316638,0.5720367431640625,0.7331804633140564,1,1
kodak,04.png,2030,9001,0.0,60.0,binary16,fm_only,0,4096,4096,1,12290,27.612335205078125,0.0017328718677163124,0.46475470066070557,0.9170289039611816,0,0
kodak,01.png,2030,9001,0.0,60.0,binary16,adaptive_harq,1,8192,4096,2,16388,19.525278091430664,0.011155065149068832,0.6435075402259827,0.700580894947052,1,0
kodak,02.png,2030,9001,0.0,60.0,binary16,adaptive_harq,1,8192,4096,2,16388,21.74028205871582,0.006698410492390394,0.5626746416091919,0.7682597041130066,1,0
kodak,03.png,2030,9001,0.0,60.0,binary16,adaptive_harq,1,8192,4096,2,16388,21.838647842407227,0.006548400968313217,0.5077388286590576,0.7859603762626648,1,0
kodak,04.png,2030,9001,0.0,60.0,binary16,adaptive_harq,0,4096,4096,1,12290,26.970975875854492,0.0020086418371647596,0.4551941454410553,0.9175515174865723,0,0
kodak,01.png,2030,9001,0.0,60.0,binary16,flowharq,1,8192,4096,2,16388,19.525278091430664,0.011155065149068832,0.6435075402259827,0.700580894947052,1,0
kodak,02.png,2030,9001,0.0,60.0,binary16,flowharq,1,8192,4096,2,16388,21.74028205871582,0.006698410492390394,0.5626746416091919,0.7682597041130066,1,0
kodak,03.png,2030,9001,0.0,60.0,binary16,flowharq,1,8192,4096,2,16388,21.838647842407227,0.006548400968313217,0.5077388286590576,0.7859603762626648,1,0
kodak,04.png,2030,9001,0.0,60.0,binary16,flowharq,0,4096,4096,1,12290,27.612335205078125,0.0017328718677163124,0.46475470066070557,0.9170289039611816,0,0
kodak,05.png,2030,9001,0.0,60.0,ideal,direct,0,4096,4096,1,12290,15.982218742370605,0.025221919640898705,0.6727468967437744,0.5726212859153748,1,1
kodak,06.png,2030,9001,0.0,60.0,ideal,direct,0,4096,4096,1,12290,18.867103576660156,0.012980446219444275,0.8216173648834229,0.4815629720687866,1,1
kodak,07.png,2030,9001,0.0,60.0,ideal,direct,0,4096,4096,1,12290,17.699729919433594,0.01698348857462406,0.7963732481002808,0.4764772355556488,1,1
kodak,08.png,2030,9001,0.0,60.0,ideal,direct,0,4096,4096,1,12290,13.063261032104492,0.04939396306872368,0.8319121599197388,0.34089717268943787,1,1
kodak,05.png,2030,9001,0.0,60.0,ideal,full_harq,1,8192,4096,2,16388,16.476444244384766,0.02250896953046322,0.65262770652771,0.6372422575950623,1,0
kodak,06.png,2030,9001,0.0,60.0,ideal,full_harq,1,8192,4096,2,16388,19.878742218017578,0.010283142328262329,0.7790677547454834,0.596373975276947,1,0
kodak,07.png,2030,9001,0.0,60.0,ideal,full_harq,1,8192,4096,2,16388,20.823556900024414,0.008272641338407993,0.5587201118469238,0.7537288665771484,1,0
kodak,08.png,2030,9001,0.0,60.0,ideal,full_harq,1,8192,4096,2,16388,18.648366928100586,0.013650964945554733,0.5099027156829834,0.8054476380348206,1,0
kodak,05.png,2030,9001,0.0,60.0,ideal,fm_only,0,4096,4096,1,12290,15.929255485534668,0.025531386956572533,0.6666492223739624,0.5696540474891663,1,1
kodak,06.png,2030,9001,0.0,60.0,ideal,fm_only,0,4096,4096,1,12290,18.798315048217773,0.013187681324779987,0.8215891122817993,0.48140421509742737,1,1
kodak,07.png,2030,9001,0.0,60.0,ideal,fm_only,0,4096,4096,1,12290,17.715553283691406,0.01692172884941101,0.7847363948822021,0.49173641204833984,1,1
kodak,08.png,2030,9001,0.0,60.0,ideal,fm_only,0,4096,4096,1,12290,13.135114669799805,0.04858347401022911,0.8200572729110718,0.34778663516044617,1,1
kodak,05.png,2030,9001,0.0,60.0,ideal,adaptive_harq,1,8192,4096,2,16388,16.476444244384766,0.02250896953046322,0.65262770652771,0.6372422575950623,1,0
kodak,06.png,2030,9001,0.0,60.0,ideal,adaptive_harq,1,8192,4096,2,16388,19.878742218017578,0.010283142328262329,0.7790677547454834,0.596373975276947,1,0
kodak,07.png,2030,9001,0.0,60.0,ideal,adaptive_harq,1,8192,4096,2,16388,20.823556900024414,0.008272641338407993,0.5587201118469238,0.7537288665771484,1,0
kodak,08.png,2030,9001,0.0,60.0,ideal,adaptive_harq,1,8192,4096,2,16388,18.648366928100586,0.013650964945554733,0.5099027156829834,0.8054476380348206,1,0
kodak,05.png,2030,9001,0.0,60.0,ideal,flowharq,1,8192,4096,2,16388,16.476444244384766,0.02250896953046322,0.65262770652771,0.6372422575950623,1,0
kodak,06.png,2030,9001,0.0,60.0,ideal,flowharq,1,8192,4096,2,16388,19.878742218017578,0.010283142328262329,0.7790677547454834,0.596373975276947,1,0
kodak,07.png,2030,9001,0.0,60.0,ideal,flowharq,1,8192,4096,2,16388,20.823556900024414,0.008272641338407993,0.5587201118469238,0.7537288665771484,1,0
kodak,08.png,2030,9001,0.0,60.0,ideal,flowharq,1,8192,4096,2,16388,18.648366928100586,0.013650964945554733,0.5099027156829834,0.8054476380348206,1,0
kodak,05.png,2030,9001,0.0,60.0,binary16,direct,0,4096,4096,1,12290,15.98225212097168,0.025221725925803185,0.6727423071861267,0.572623610496521,1,1
kodak,06.png,2030,9001,0.0,60.0,binary16,direct,0,4096,4096,1,12290,18.86705780029297,0.012980579398572445,0.8216205835342407,0.48156237602233887,1,1
kodak,07.png,2030,9001,0.0,60.0,binary16,direct,0,4096,4096,1,12290,17.699771881103516,0.016983332112431526,0.7963697910308838,0.4764844477176666,1,1
kodak,08.png,2030,9001,0.0,60.0,binary16,direct,0,4096,4096,1,12290,13.06313705444336,0.0493953712284565,0.8319078087806702,0.3408943712711334,1,1
kodak,05.png,2030,9001,0.0,60.0,binary16,full_harq,1,8192,4096,2,16388,16.476470947265625,0.022508829832077026,0.652629554271698,0.6372436881065369,1,0
kodak,06.png,2030,9001,0.0,60.0,binary16,full_harq,1,8192,4096,2,16388,19.878732681274414,0.01028316281735897,0.779071033000946,0.5963758826255798,1,0
kodak,07.png,2030,9001,0.0,60.0,binary16,full_harq,1,8192,4096,2,16388,20.82362937927246,0.0082725053653121,0.558718740940094,0.7537301182746887,1,0
kodak,08.png,2030,9001,0.0,60.0,binary16,full_harq,1,8192,4096,2,16388,18.648353576660156,0.013651006855070591,0.5099085569381714,0.805446445941925,1,0
kodak,05.png,2030,9001,0.0,60.0,binary16,fm_only,0,4096,4096,1,12290,15.929280281066895,0.025531239807605743,0.6666504144668579,0.5696549415588379,1,1
kodak,06.png,2030,9001,0.0,60.0,binary16,fm_only,0,4096,4096,1,12290,18.798250198364258,0.01318788155913353,0.821591854095459,0.48140373826026917,1,1
kodak,07.png,2030,9001,0.0,60.0,binary16,fm_only,0,4096,4096,1,12290,17.71558952331543,0.01692158728837967,0.7847260236740112,0.49174320697784424,1,1
kodak,08.png,2030,9001,0.0,60.0,binary16,fm_only,0,4096,4096,1,12290,13.134990692138672,0.04858485981822014,0.8200505971908569,0.34778454899787903,1,1
kodak,05.png,2030,9001,0.0,60.0,binary16,adaptive_harq,1,8192,4096,2,16388,16.476470947265625,0.022508829832077026,0.652629554271698,0.6372436881065369,1,0
kodak,06.png,2030,9001,0.0,60.0,binary16,adaptive_harq,1,8192,4096,2,16388,19.878732681274414,0.01028316281735897,0.779071033000946,0.5963758826255798,1,0
kodak,07.png,2030,9001,0.0,60.0,binary16,adaptive_harq,1,8192,4096,2,16388,20.82362937927246,0.0082725053653121,0.558718740940094,0.7537301182746887,1,0
kodak,08.png,2030,9001,0.0,60.0,binary16,adaptive_harq,1,8192,4096,2,16388,18.648353576660156,0.013651006855070591,0.5099085569381714,0.805446445941925,1,0
kodak,05.png,2030,9001,0.0,60.0,binary16,flowharq,1,8192,4096,2,16388,16.476470947265625,0.022508829832077026,0.652629554271698,0.6372436881065369,1,0
kodak,06.png,2030,9001,0.0,60.0,binary16,flowharq,1,8192,4096,2,16388,19.878732681274414,0.01028316281735897,0.779071033000946,0.5963758826255798,1,0
kodak,07.png,2030,9001,0.0,60.0,binary16,flowharq,1,8192,4096,2,16388,20.82362937927246,0.0082725053653121,0.558718740940094,0.7537301182746887,1,0
kodak,08.png,2030,9001,0.0,60.0,binary16,flowharq,1,8192,4096,2,16388,18.648353576660156,0.013651006855070591,0.5099085569381714,0.805446445941925,1,0
kodak,09.png,2030,9001,0.0,60.0,ideal,direct,0,4096,4096,1,12290,20.97632598876953,0.007986701093614101,0.5697888135910034,0.7462014555931091,1,1
kodak,10.png,2030,9001,0.0,60.0,ideal,direct,0,4096,4096,1,12290,25.650287628173828,0.00272252201102674,0.6807386875152588,0.7852032780647278,0,0
kodak,11.png,2030,9001,0.0,60.0,ideal,direct,0,4096,4096,1,12290,19.231218338012695,0.011936533264815807,0.5630021095275879,0.770967960357666,1,1
kodak,12.png,2030,9001,0.0,60.0,ideal,direct,0,4096,4096,1,12290,20.231647491455078,0.009480585344135761,0.6308844089508057,0.7113313674926758,1,1
kodak,09.png,2030,9001,0.0,60.0,ideal,full_harq,1,8192,4096,2,16388,22.20294761657715,0.006021507084369659,0.48697328567504883,0.8150079846382141,1,0
kodak,10.png,2030,9001,0.0,60.0,ideal,full_harq,1,8192,4096,2,16388,26.957761764526367,0.0020147617906332016,0.6057579517364502,0.8566526770591736,0,0
kodak,11.png,2030,9001,0.0,60.0,ideal,full_harq,1,8192,4096,2,16388,19.342592239379883,0.011634312570095062,0.5541174411773682,0.7777025103569031,1,0
kodak,12.png,2030,9001,0.0,60.0,ideal,full_harq,1,8192,4096,2,16388,21.22356605529785,0.0075447228737175465,0.587283730506897,0.7640919089317322,1,0
kodak,09.png,2030,9001,0.0,60.0,ideal,fm_only,0,4096,4096,1,12290,20.8369083404541,0.008247248828411102,0.6052191257476807,0.7211305499076843,1,1
kodak,10.png,2030,9001,0.0,60.0,ideal,fm_only,0,4096,4096,1,12290,25.85424041748047,0.0025976223405450583,0.7043110132217407,0.7725139260292053,0,0
kodak,11.png,2030,9001,0.0,60.0,ideal,fm_only,0,4096,4096,1,12290,19.441640853881836,0.0113719766959548,0.5663847923278809,0.7708175182342529,1,1
kodak,12.png,2030,9001,0.0,60.0,ideal,fm_only,0,4096,4096,1,12290,20.37752342224121,0.009167429059743881,0.6526960134506226,0.7013399600982666,1,1
kodak,09.png,2030,9001,0.0,60.0,ideal,adaptive_harq,1,8192,4096,2,16388,22.20294761657715,0.006021507084369659,0.48697328567504883,0.8150079846382141,1,0
kodak,10.png,2030,9001,0.0,60.0,ideal,adaptive_harq,0,4096,4096,1,12290,25.650287628173828,0.00272252201102674,0.6807386875152588,0.7852032780647278,0,0
kodak,11.png,2030,9001,0.0,60.0,ideal,adaptive_harq,1,8192,4096,2,16388,19.342592239379883,0.011634312570095062,0.5541174411773682,0.7777025103569031,1,0
kodak,12.png,2030,9001,0.0,60.0,ideal,adaptive_harq,1,8192,4096,2,16388,21.22356605529785,0.0075447228737175465,0.587283730506897,0.7640919089317322,1,0
kodak,09.png,2030,9001,0.0,60.0,ideal,flowharq,1,8192,4096,2,16388,22.20294761657715,0.006021507084369659,0.48697328567504883,0.8150079846382141,1,0
kodak,10.png,2030,9001,0.0,60.0,ideal,flowharq,0,4096,4096,1,12290,25.85424041748047,0.0025976223405450583,0.7043110132217407,0.7725139260292053,0,0
kodak,11.png,2030,9001,0.0,60.0,ideal,flowharq,1,8192,4096,2,16388,19.342592239379883,0.011634312570095062,0.5541174411773682,0.7777025103569031,1,0
kodak,12.png,2030,9001,0.0,60.0,ideal,flowharq,1,8192,4096,2,16388,21.22356605529785,0.0075447228737175465,0.587283730506897,0.7640919089317322,1,0
kodak,09.png,2030,9001,0.0,60.0,binary16,direct,0,4096,4096,1,12290,20.976341247558594,0.007986672222614288,0.5697916150093079,0.7462018132209778,1,1
kodak,10.png,2030,9001,0.0,60.0,binary16,direct,0,4096,4096,1,12290,25.6502685546875,0.0027225331868976355,0.6807398200035095,0.7852039337158203,0,0
kodak,11.png,2030,9001,0.0,60.0,binary16,direct,0,4096,4096,1,12290,19.2312068939209,0.011936563067138195,0.5629965662956238,0.7709689140319824,1,1
kodak,12.png,2030,9001,0.0,60.0,binary16,direct,0,4096,4096,1,12290,20.231706619262695,0.009480454958975315,0.6308711171150208,0.711333692073822,1,1
kodak,09.png,2030,9001,0.0,60.0,binary16,full_harq,1,8192,4096,2,16388,22.20301055908203,0.006021418143063784,0.4869762063026428,0.8150073885917664,1,0
kodak,10.png,2030,9001,0.0,60.0,binary16,full_harq,1,8192,4096,2,16388,26.95773696899414,0.0020147745963186026,0.6057605147361755,0.8566533923149109,0,0
kodak,11.png,2030,9001,0.0,60.0,binary16,full_harq,1,8192,4096,2,16388,19.342580795288086,0.011634345166385174,0.5541128516197205,0.7777037620544434,1,0
kodak,12.png,2030,9001,0.0,60.0,binary16,full_harq,1,8192,4096,2,16388,21.22356605529785,0.007544722408056259,0.5872737765312195,0.764089822769165,1,0
kodak,09.png,2030,9001,0.0,60.0,binary16,fm_only,0,4096,4096,1,12290,20.83686637878418,0.00824732892215252,0.6052260994911194,0.7211256623268127,1,1
kodak,10.png,2030,9001,0.0,60.0,binary16,fm_only,0,4096,4096,1,12290,25.854223251342773,0.002597631886601448,0.7043060660362244,0.7725121378898621,0,0
kodak,11.png,2030,9001,0.0,60.0,binary16,fm_only,0,4096,4096,1,12290,19.441635131835938,0.011371989734470844,0.5663807988166809,0.7708187103271484,1,1
kodak,12.png,2030,9001,0.0,60.0,binary16,fm_only,0,4096,4096,1,12290,20.377609252929688,0.00916725117713213,0.6526855826377869,0.7013416290283203,1,1
kodak,09.png,2030,9001,0.0,60.0,binary16,adaptive_harq,1,8192,4096,2,16388,22.20301055908203,0.006021418143063784,0.4869762063026428,0.8150073885917664,1,0
kodak,10.png,2030,9001,0.0,60.0,binary16,adaptive_harq,0,4096,4096,1,12290,25.6502685546875,0.0027225331868976355,0.6807398200035095,0.7852039337158203,0,0
kodak,11.png,2030,9001,0.0,60.0,binary16,adaptive_harq,1,8192,4096,2,16388,19.342580795288086,0.011634345166385174,0.5541128516197205,0.7777037620544434,1,0
kodak,12.png,2030,9001,0.0,60.0,binary16,adaptive_harq,1,8192,4096,2,16388,21.22356605529785,0.007544722408056259,0.5872737765312195,0.764089822769165,1,0
kodak,09.png,2030,9001,0.0,60.0,binary16,flowharq,1,8192,4096,2,16388,22.20301055908203,0.006021418143063784,0.4869762063026428,0.8150073885917664,1,0
kodak,10.png,2030,9001,0.0,60.0,binary16,flowharq,0,4096,4096,1,12290,25.854223251342773,0.002597631886601448,0.7043060660362244,0.7725121378898621,0,0
kodak,11.png,2030,9001,0.0,60.0,binary16,flowharq,1,8192,4096,2,16388,19.342580795288086,0.011634345166385174,0.5541128516197205,0.7777037620544434,1,0
kodak,12.png,2030,9001,0.0,60.0,binary16,flowharq,1,8192,4096,2,16388,21.22356605529785,0.007544722408056259,0.5872737765312195,0.764089822769165,1,0
kodak,13.png,2030,9001,0.0,60.0,ideal,direct,0,4096,4096,1,12290,19.725414276123047,0.010652672499418259,0.760549008846283,0.7143364548683167,1,1
kodak,14.png,2030,9001,0.0,60.0,ideal,direct,0,4096,4096,1,12290,18.000776290893555,0.015846095979213715,0.5768637657165527,0.6859731674194336,1,1
kodak,15.png,2030,9001,0.0,60.0,ideal,direct,0,4096,4096,1,12290,22.526123046875,0.005589689593762159,0.5163326263427734,0.8394052982330322,1,1
kodak,16.png,2030,9001,0.0,60.0,ideal,direct,0,4096,4096,1,12290,17.657737731933594,0.01714850217103958,0.8270557522773743,0.3927919864654541,1,1
kodak,13.png,2030,9001,0.0,60.0,ideal,full_harq,1,8192,4096,2,16388,19.77491569519043,0.010531939566135406,0.7531684637069702,0.7280784249305725,1,0
kodak,14.png,2030,9001,0.0,60.0,ideal,full_harq,1,8192,4096,2,16388,18.161680221557617,0.015269756317138672,0.5614023208618164,0.699615478515625,1,0
kodak,15.png,2030,9001,0.0,60.0,ideal,full_harq,1,8192,4096,2,16388,22.51959228515625,0.005598101299256086,0.5134373903274536,0.8413715362548828,1,0
kodak,16.png,2030,9001,0.0,60.0,ideal,full_harq,1,8192,4096,2,16388,23.696208953857422,0.004269522614777088,0.6222684383392334,0.7920145392417908,1,0
kodak,13.png,2030,9001,0.0,60.0,ideal,fm_only,0,4096,4096,1,12290,19.82490348815918,0.010411414317786694,0.7645139098167419,0.7119919657707214,1,1
kodak,14.png,2030,9001,0.0,60.0,ideal,fm_only,0,4096,4096,1,12290,18.1284122467041,0.015387166291475296,0.580973744392395,0.6815863251686096,1,1
kodak,15.png,2030,9001,0.0,60.0,ideal,fm_only,0,4096,4096,1,12290,22.832916259765625,0.005208449903875589,0.5147057175636292,0.8377787470817566,1,1
kodak,16.png,2030,9001,0.0,60.0,ideal,fm_only,0,4096,4096,1,12290,17.66916275024414,0.017103450372815132,0.8223835229873657,0.3952616751194,1,1
kodak,13.png,2030,9001,0.0,60.0,ideal,adaptive_harq,1,8192,4096,2,16388,19.77491569519043,0.010531939566135406,0.7531684637069702,0.7280784249305725,1,0
kodak,14.png,2030,9001,0.0,60.0,ideal,adaptive_harq,1,8192,4096,2,16388,18.161680221557617,0.015269756317138672,0.5614023208618164,0.699615478515625,1,0
kodak,15.png,2030,9001,0.0,60.0,ideal,adaptive_harq,1,8192,4096,2,16388,22.51959228515625,0.005598101299256086,0.5134373903274536,0.8413715362548828,1,0
kodak,16.png,2030,9001,0.0,60.0,ideal,adaptive_harq,1,8192,4096,2,16388,23.696208953857422,0.004269522614777088,0.6222684383392334,0.7920145392417908,1,0
kodak,13.png,2030,9001,0.0,60.0,ideal,flowharq,1,8192,4096,2,16388,19.77491569519043,0.010531939566135406,0.7531684637069702,0.7280784249305725,1,0
kodak,14.png,2030,9001,0.0,60.0,ideal,flowharq,1,8192,4096,2,16388,18.161680221557617,0.015269756317138672,0.5614023208618164,0.699615478515625,1,0
kodak,15.png,2030,9001,0.0,60.0,ideal,flowharq,1,8192,4096,2,16388,22.51959228515625,0.005598101299256086,0.5134373903274536,0.8413715362548828,1,0
kodak,16.png,2030,9001,0.0,60.0,ideal,flowharq,1,8192,4096,2,16388,23.696208953857422,0.004269522614777088,0.6222684383392334,0.7920145392417908,1,0
kodak,13.png,2030,9001,0.0,60.0,binary16,direct,0,4096,4096,1,12290,19.72540855407715,0.010652686469256878,0.760553240776062,0.7143354415893555,1,1
kodak,14.png,2030,9001,0.0,60.0,binary16,direct,0,4096,4096,1,12290,18.000783920288086,0.015846071764826775,0.5768648982048035,0.68597412109375,1,1
kodak,15.png,2030,9001,0.0,60.0,binary16,direct,0,4096,4096,1,12290,22.52613067626953,0.005589680280536413,0.5163319706916809,0.8394039273262024,1,1
kodak,16.png,2030,9001,0.0,60.0,binary16,direct,0,4096,4096,1,12290,17.65772819519043,0.017148539423942566,0.8270508050918579,0.39279448986053467,1,1
kodak,13.png,2030,9001,0.0,60.0,binary16,full_harq,1,8192,4096,2,16388,19.77490997314453,0.0105319544672966,0.7531682252883911,0.728077232837677,1,0
kodak,14.png,2030,9001,0.0,60.0,binary16,full_harq,1,8192,4096,2,16388,18.16168975830078,0.015269721858203411,0.5614033937454224,0.6996166110038757,1,0
kodak,15.png,2030,9001,0.0,60.0,binary16,full_harq,1,8192,4096,2,16388,22.519596099853516,0.005598096642643213,0.5134370923042297,0.8413703441619873,1,0
kodak,16.png,2030,9001,0.0,60.0,binary16,full_harq,1,8192,4096,2,16388,23.69611358642578,0.004269614815711975,0.6222707629203796,0.7920107841491699,1,0
kodak,13.png,2030,9001,0.0,60.0,binary16,fm_only,0,4096,4096,1,12290,19.82489776611328,0.010411428287625313,0.7645190358161926,0.7119907736778259,1,1
kodak,14.png,2030,9001,0.0,60.0,binary16,fm_only,0,4096,4096,1,12290,18.128416061401367,0.015387154184281826,0.5809741020202637,0.6815884709358215,1,1
kodak,15.png,2030,9001,0.0,60.0,binary16,fm_only,0,4096,4096,1,12290,22.8328914642334,0.005208476912230253,0.5147086381912231,0.8377770781517029,1,1
kodak,16.png,2030,9001,0.0,60.0,binary16,fm_only,0,4096,4096,1,12290,17.669145584106445,0.017103521153330803,0.8223833441734314,0.3952632248401642,1,1
kodak,13.png,2030,9001,0.0,60.0,binary16,adaptive_harq,1,8192,4096,2,16388,19.77490997314453,0.0105319544672966,0.7531682252883911,0.728077232837677,1,0
kodak,14.png,2030,9001,0.0,60.0,binary16,adaptive_harq,1,8192,4096,2,16388,18.16168975830078,0.015269721858203411,0.5614033937454224,0.6996166110038757,1,0
kodak,15.png,2030,9001,0.0,60.0,binary16,adaptive_harq,1,8192,4096,2,16388,22.519596099853516,0.005598096642643213,0.5134370923042297,0.8413703441619873,1,0
kodak,16.png,2030,9001,0.0,60.0,binary16,adaptive_harq,1,8192,4096,2,16388,23.69611358642578,0.004269614815711975,0.6222707629203796,0.7920107841491699,1,0
kodak,13.png,2030,9001,0.0,60.0,binary16,flowharq,1,8192,4096,2,16388,19.77490997314453,0.0105319544672966,0.7531682252883911,0.728077232837677,1,0
kodak,14.png,2030,9001,0.0,60.0,binary16,flowharq,1,8192,4096,2,16388,18.16168975830078,0.015269721858203411,0.5614033937454224,0.6996166110038757,1,0
kodak,15.png,2030,9001,0.0,60.0,binary16,flowharq,1,8192,4096,2,16388,22.519596099853516,0.005598096642643213,0.5134370923042297,0.8413703441619873,1,0
kodak,16.png,2030,9001,0.0,60.0,binary16,flowharq,1,8192,4096,2,16388,23.69611358642578,0.004269614815711975,0.6222707629203796,0.7920107841491699,1,0
kodak,17.png,2030,9001,0.0,60.0,ideal,direct,0,4096,4096,1,12290,21.957483291625977,0.0063716452568769455,0.6264588832855225,0.6749629974365234,1,1
kodak,18.png,2030,9001,0.0,60.0,ideal,direct,0,4096,4096,1,12290,18.37225341796875,0.014547042548656464,0.6409876942634583,0.6728772521018982,1,1
kodak,19.png,2030,9001,0.0,60.0,ideal,direct,0,4096,4096,1,12290,18.562847137451172,0.013922437094151974,0.7944433689117432,0.5882999300956726,1,1
kodak,20.png,2030,9001,0.0,60.0,ideal,direct,0,4096,4096,1,12290,23.323657989501953,0.004651942756026983,0.3146335184574127,0.9140741229057312,1,1
kodak,17.png,2030,9001,0.0,60.0,ideal,full_harq,1,8192,4096,2,16388,24.31175994873047,0.0037053062114864588,0.5713769197463989,0.8301374912261963,0,0
kodak,18.png,2030,9001,0.0,60.0,ideal,full_harq,1,8192,4096,2,16388,18.63810157775879,0.013683266937732697,0.6280349493026733,0.6967921853065491,1,0
kodak,19.png,2030,9001,0.0,60.0,ideal,full_harq,1,8192,4096,2,16388,19.658557891845703,0.010817931033670902,0.6944631338119507,0.6762401461601257,1,0
kodak,20.png,2030,9001,0.0,60.0,ideal,full_harq,1,8192,4096,2,16388,23.399370193481445,0.004571544472128153,0.30850011110305786,0.91584712266922,1,0
kodak,17.png,2030,9001,0.0,60.0,ideal,fm_only,0,4096,4096,1,12290,21.781892776489258,0.006634538993239403,0.6284094452857971,0.664024293422699,1,1
kodak,18.png,2030,9001,0.0,60.0,ideal,fm_only,0,4096,4096,1,12290,18.234346389770508,0.015016387216746807,0.6527910232543945,0.6544508934020996,1,1
kodak,19.png,2030,9001,0.0,60.0,ideal,fm_only,0,4096,4096,1,12290,18.614490509033203,0.013757861219346523,0.7791098356246948,0.5916768908500671,1,1
kodak,20.png,2030,9001,0.0,60.0,ideal,fm_only,0,4096,4096,1,12290,23.388282775878906,0.0045832302421331406,0.31527578830718994,0.9142046570777893,1,1
kodak,17.png,2030,9001,0.0,60.0,ideal,adaptive_harq,1,8192,4096,2,16388,24.31175994873047,0.0037053062114864588,0.5713769197463989,0.8301374912261963,0,0
kodak,18.png,2030,9001,0.0,60.0,ideal,adaptive_harq,1,8192,4096,2,16388,18.63810157775879,0.013683266937732697,0.6280349493026733,0.6967921853065491,1,0
kodak,19.png,2030,9001,0.0,60.0,ideal,adaptive_harq,1,8192,4096,2,16388,19.658557891845703,0.010817931033670902,0.6944631338119507,0.6762401461601257,1,0
kodak,20.png,2030,9001,0.0,60.0,ideal,adaptive_harq,1,8192,4096,2,16388,23.399370193481445,0.004571544472128153,0.30850011110305786,0.91584712266922,1,0
kodak,17.png,2030,9001,0.0,60.0,ideal,flowharq,1,8192,4096,2,16388,24.31175994873047,0.0037053062114864588,0.5713769197463989,0.8301374912261963,0,0
kodak,18.png,2030,9001,0.0,60.0,ideal,flowharq,1,8192,4096,2,16388,18.63810157775879,0.013683266937732697,0.6280349493026733,0.6967921853065491,1,0
kodak,19.png,2030,9001,0.0,60.0,ideal,flowharq,1,8192,4096,2,16388,19.658557891845703,0.010817931033670902,0.6944631338119507,0.6762401461601257,1,0
kodak,20.png,2030,9001,0.0,60.0,ideal,flowharq,0,4096,4096,1,12290,23.388282775878906,0.0045832302421331406,0.31527578830718994,0.9142046570777893,1,1
kodak,17.png,2030,9001,0.0,60.0,binary16,direct,0,4096,4096,1,12290,21.957483291625977,0.006371645722538233,0.6264592409133911,0.6749648451805115,1,1
kodak,18.png,2030,9001,0.0,60.0,binary16,direct,0,4096,4096,1,12290,18.37226676940918,0.014546995051205158,0.6409939527511597,0.6728785634040833,1,1
kodak,19.png,2030,9001,0.0,60.0,binary16,direct,0,4096,4096,1,12290,18.562829971313477,0.013922493904829025,0.7944474220275879,0.5883015394210815,1,1
kodak,20.png,2030,9001,0.0,60.0,binary16,direct,0,4096,4096,1,12290,23.323688507080078,0.00465190876275301,0.31463417410850525,0.9140738844871521,1,1
kodak,17.png,2030,9001,0.0,60.0,binary16,full_harq,1,8192,4096,2,16388,24.31175422668457,0.0037053104024380445,0.5713819265365601,0.83013916015625,0,0
kodak,18.png,2030,9001,0.0,60.0,binary16,full_harq,1,8192,4096,2,16388,18.638166427612305,0.013683064840734005,0.6280412673950195,0.6967938542366028,1,0
kodak,19.png,2030,9001,0.0,60.0,binary16,full_harq,1,8192,4096,2,16388,19.65854835510254,0.010817955248057842,0.6944646835327148,0.6762416362762451,1,0
kodak,20.png,2030,9001,0.0,60.0,binary16,full_harq,1,8192,4096,2,16388,23.399375915527344,0.004571538884192705,0.3085048496723175,0.9158466458320618,1,0
kodak,17.png,2030,9001,0.0,60.0,binary16,fm_only,0,4096,4096,1,12290,21.781879425048828,0.006634559947997332,0.6284042000770569,0.6640264987945557,1,1
kodak,18.png,2030,9001,0.0,60.0,binary16,fm_only,0,4096,4096,1,12290,18.234352111816406,0.015016365796327591,0.6527960300445557,0.6544544100761414,1,1
kodak,19.png,2030,9001,0.0,60.0,binary16,fm_only,0,4096,4096,1,12290,18.614482879638672,0.013757885433733463,0.7791156768798828,0.5916793346405029,1,1
kodak,20.png,2030,9001,0.0,60.0,binary16,fm_only,0,4096,4096,1,12290,23.388309478759766,0.0045832013711333275,0.3152768611907959,0.9142038226127625,1,1
kodak,17.png,2030,9001,0.0,60.0,binary16,adaptive_harq,1,8192,4096,2,16388,24.31175422668457,0.0037053104024380445,0.5713819265365601,0.83013916015625,0,0
kodak,18.png,2030,9001,0.0,60.0,binary16,adaptive_harq,1,8192,4096,2,16388,18.638166427612305,0.013683064840734005,0.6280412673950195,0.6967938542366028,1,0
kodak,19.png,2030,9001,0.0,60.0,binary16,adaptive_harq,1,8192,4096,2,16388,19.65854835510254,0.010817955248057842,0.6944646835327148,0.6762416362762451,1,0
kodak,20.png,2030,9001,0.0,60.0,binary16,adaptive_harq,1,8192,4096,2,16388,23.399375915527344,0.004571538884192705,0.3085048496723175,0.9158466458320618,1,0
kodak,17.png,2030,9001,0.0,60.0,binary16,flowharq,1,8192,4096,2,16388,24.31175422668457,0.0037053104024380445,0.5713819265365601,0.83013916015625,0,0
kodak,18.png,2030,9001,0.0,60.0,binary16,flowharq,1,8192,4096,2,16388,18.638166427612305,0.013683064840734005,0.6280412673950195,0.6967938542366028,1,0
kodak,19.png,2030,9001,0.0,60.0,binary16,flowharq,1,8192,4096,2,16388,19.65854835510254,0.010817955248057842,0.6944646835327148,0.6762416362762451,1,0
kodak,20.png,2030,9001,0.0,60.0,binary16,flowharq,0,4096,4096,1,12290,23.388309478759766,0.0045832013711333275,0.3152768611907959,0.9142038226127625,1,1
kodak,21.png,2030,9001,0.0,60.0,ideal,direct,0,4096,4096,1,12290,21.20671272277832,0.007574061397463083,0.5109170079231262,0.830095112323761,1,1
kodak,22.png,2030,9001,0.0,60.0,ideal,direct,0,4096,4096,1,12290,20.966548919677734,0.008004702627658844,0.5991335511207581,0.755854606628418,1,1
kodak,23.png,2030,9001,0.0,60.0,ideal,direct,0,4096,4096,1,12290,22.004785537719727,0.006302623078227043,0.4100000858306885,0.841327965259552,1,1
kodak,24.png,2030,9001,0.0,60.0,ideal,direct,0,4096,4096,1,12290,20.91362762451172,0.0081028426066041,0.7279476523399353,0.6332220435142517,1,1
kodak,21.png,2030,9001,0.0,60.0,ideal,full_harq,1,8192,4096,2,16388,21.436491012573242,0.007183745503425598,0.4889863133430481,0.8506998419761658,1,0
kodak,22.png,2030,9001,0.0,60.0,ideal,full_harq,1,8192,4096,2,16388,21.04751205444336,0.00785685982555151,0.5955079793930054,0.7617166042327881,1,0
kodak,23.png,2030,9001,0.0,60.0,ideal,full_harq,1,8192,4096,2,16388,22.932735443115234,0.005090103950351477,0.34155362844467163,0.8745560646057129,1,0
kodak,24.png,2030,9001,0.0,60.0,ideal,full_harq,1,8192,4096,2,16388,23.498323440551758,0.004468561615794897,0.5921180248260498,0.8523035645484924,1,0
kodak,21.png,2030,9001,0.0,60.0,ideal,fm_only,0,4096,4096,1,12290,21.25455665588379,0.0074910796247422695,0.5125856995582581,0.8282866477966309,1,1
kodak,22.png,2030,9001,0.0,60.0,ideal,fm_only,0,4096,4096,1,12290,21.11629867553711,0.007733392994850874,0.599161684513092,0.7547737956047058,1,1
kodak,23.png,2030,9001,0.0,60.0,ideal,fm_only,0,4096,4096,1,12290,21.99580955505371,0.006315664853900671,0.4444456398487091,0.8338364958763123,1,1
kodak,24.png,2030,9001,0.0,60.0,ideal,fm_only,0,4096,4096,1,12290,20.774620056152344,0.008366388268768787,0.7324320077896118,0.6238742470741272,1,1
kodak,21.png,2030,9001,0.0,60.0,ideal,adaptive_harq,1,8192,4096,2,16388,21.436491012573242,0.007183745503425598,0.4889863133430481,0.8506998419761658,1,0
kodak,22.png,2030,9001,0.0,60.0,ideal,adaptive_harq,1,8192,4096,2,16388,21.04751205444336,0.00785685982555151,0.5955079793930054,0.7617166042327881,1,0
kodak,23.png,2030,9001,0.0,60.0,ideal,adaptive_harq,1,8192,4096,2,16388,22.932735443115234,0.005090103950351477,0.34155362844467163,0.8745560646057129,1,0
kodak,24.png,2030,9001,0.0,60.0,ideal,adaptive_harq,1,8192,4096,2,16388,23.498323440551758,0.004468561615794897,0.5921180248260498,0.8523035645484924,1,0
kodak,21.png,2030,9001,0.0,60.0,ideal,flowharq,1,8192,4096,2,16388,21.436491012573242,0.007183745503425598,0.4889863133430481,0.8506998419761658,1,0
kodak,22.png,2030,9001,0.0,60.0,ideal,flowharq,1,8192,4096,2,16388,21.04751205444336,0.00785685982555151,0.5955079793930054,0.7617166042327881,1,0
kodak,23.png,2030,9001,0.0,60.0,ideal,flowharq,1,8192,4096,2,16388,22.932735443115234,0.005090103950351477,0.34155362844467163,0.8745560646057129,1,0
kodak,24.png,2030,9001,0.0,60.0,ideal,flowharq,1,8192,4096,2,16388,23.498323440551758,0.004468561615794897,0.5921180248260498,0.8523035645484924,1,0
kodak,21.png,2030,9001,0.0,60.0,binary16,direct,0,4096,4096,1,12290,21.206695556640625,0.007574090734124184,0.5109156966209412,0.8300960063934326,1,1
kodak,22.png,2030,9001,0.0,60.0,binary16,direct,0,4096,4096,1,12290,20.966583251953125,0.008004637435078621,0.5991343259811401,0.7558541893959045,1,1
kodak,23.png,2030,9001,0.0,60.0,binary16,direct,0,4096,4096,1,12290,22.00479507446289,0.006302612368017435,0.4100041389465332,0.8413280844688416,1,1
kodak,24.png,2030,9001,0.0,60.0,binary16,direct,0,4096,4096,1,12290,20.913650512695312,0.00810279417783022,0.727950394153595,0.6332207322120667,1,1
kodak,21.png,2030,9001,0.0,60.0,binary16,full_harq,1,8192,4096,2,16388,21.436471939086914,0.0071837748400866985,0.4889886975288391,0.8506999015808105,1,0
kodak,22.png,2030,9001,0.0,60.0,binary16,full_harq,1,8192,4096,2,16388,21.047523498535156,0.007856837473809719,0.5955098867416382,0.7617158889770508,1,0
kodak,23.png,2030,9001,0.0,60.0,binary16,full_harq,1,8192,4096,2,16388,22.932737350463867,0.005090101156383753,0.34155532717704773,0.8745552897453308,1,0
kodak,24.png,2030,9001,0.0,60.0,binary16,full_harq,1,8192,4096,2,16388,23.498342514038086,0.004468540661036968,0.5921168327331543,0.8523042798042297,1,0
kodak,21.png,2030,9001,0.0,60.0,binary16,fm_only,0,4096,4096,1,12290,21.25454330444336,0.007491100113838911,0.5125841498374939,0.8282877802848816,1,1
kodak,22.png,2030,9001,0.0,60.0,binary16,fm_only,0,4096,4096,1,12290,21.11634063720703,0.007733318954706192,0.5991623401641846,0.754772424697876,1,1
kodak,23.png,2030,9001,0.0,60.0,binary16,fm_only,0,4096,4096,1,12290,21.99587059020996,0.006315575446933508,0.4444480538368225,0.833836555480957,1,1
kodak,24.png,2030,9001,0.0,60.0,binary16,fm_only,0,4096,4096,1,12290,20.77469253540039,0.008366248570382595,0.7324306964874268,0.6238741278648376,1,1
kodak,21.png,2030,9001,0.0,60.0,binary16,adaptive_harq,1,8192,4096,2,16388,21.436471939086914,0.0071837748400866985,0.4889886975288391,0.8506999015808105,1,0
kodak,22.png,2030,9001,0.0,60.0,binary16,adaptive_harq,1,8192,4096,2,16388,21.047523498535156,0.007856837473809719,0.5955098867416382,0.7617158889770508,1,0
kodak,23.png,2030,9001,0.0,60.0,binary16,adaptive_harq,1,8192,4096,2,16388,22.932737350463867,0.005090101156383753,0.34155532717704773,0.8745552897453308,1,0
kodak,24.png,2030,9001,0.0,60.0,binary16,adaptive_harq,1,8192,4096,2,16388,23.498342514038086,0.004468540661036968,0.5921168327331543,0.8523042798042297,1,0
kodak,21.png,2030,9001,0.0,60.0,binary16,flowharq,1,8192,4096,2,16388,21.436471939086914,0.0071837748400866985,0.4889886975288391,0.8506999015808105,1,0
kodak,22.png,2030,9001,0.0,60.0,binary16,flowharq,1,8192,4096,2,16388,21.047523498535156,0.007856837473809719,0.5955098867416382,0.7617158889770508,1,0
kodak,23.png,2030,9001,0.0,60.0,binary16,flowharq,1,8192,4096,2,16388,22.932737350463867,0.005090101156383753,0.34155532717704773,0.8745552897453308,1,0
kodak,24.png,2030,9001,0.0,60.0,binary16,flowharq,1,8192,4096,2,16388,23.498342514038086,0.004468540661036968,0.5921168327331543,0.8523042798042297,1,0
kodak,01.png,2030,9001,0.0,90.0,ideal,direct,0,4096,4096,1,12290,18.573305130004883,0.0138889504596591,0.7452656626701355,0.5731386542320251,1,1
kodak,02.png,2030,9001,0.0,90.0,ideal,direct,0,4096,4096,1,12290,20.5614070892334,0.00878737960010767,0.6910958886146545,0.6251077055931091,1,1
kodak,03.png,2030,9001,0.0,90.0,ideal,direct,0,4096,4096,1,12290,19.928226470947266,0.010166637599468231,0.5688039064407349,0.6979404091835022,1,1
kodak,04.png,2030,9001,0.0,90.0,ideal,direct,0,4096,4096,1,12290,26.204748153686523,0.002396211726590991,0.5102612972259521,0.8830909132957458,0,0
kodak,01.png,2030,9001,0.0,90.0,ideal,full_harq,1,8192,4096,2,16388,19.620647430419922,0.010912776924669743,0.633819580078125,0.7117244601249695,1,0
kodak,02.png,2030,9001,0.0,90.0,ideal,full_harq,1,8192,4096,2,16388,22.550724029541016,0.005558117758482695,0.5490598678588867,0.8004772663116455,1,0
kodak,03.png,2030,9001,0.0,90.0,ideal,full_harq,1,8192,4096,2,16388,20.677452087402344,0.008555685169994831,0.5373939275741577,0.7226714491844177,1,0
kodak,04.png,2030,9001,0.0,90.0,ideal,full_harq,1,8192,4096,2,16388,26.22003173828125,0.0023877948988229036,0.5101486444473267,0.8833910822868347,0,0
kodak,01.png,2030,9001,0.0,90.0,ideal,fm_only,0,4096,4096,1,12290,18.689922332763672,0.013520967215299606,0.7632855176925659,0.5604148507118225,1,1
kodak,02.png,2030,9001,0.0,90.0,ideal,fm_only,0,4096,4096,1,12290,20.625972747802734,0.00865770410746336,0.716901421546936,0.5546894669532776,1,1
kodak,03.png,2030,9001,0.0,90.0,ideal,fm_only,0,4096,4096,1,12290,20.04831314086914,0.009889372624456882,0.5991176962852478,0.6692889332771301,1,1
kodak,04.png,2030,9001,0.0,90.0,ideal,fm_only,0,4096,4096,1,12290,26.789535522460938,0.0020943356212228537,0.538956344127655,0.8779148459434509,0,0
kodak,01.png,2030,9001,0.0,90.0,ideal,adaptive_harq,1,8192,4096,2,16388,19.620647430419922,0.010912776924669743,0.633819580078125,0.7117244601249695,1,0
kodak,02.png,2030,9001,0.0,90.0,ideal,adaptive_harq,1,8192,4096,2,16388,22.550724029541016,0.005558117758482695,0.5490598678588867,0.8004772663116455,1,0
kodak,03.png,2030,9001,0.0,90.0,ideal,adaptive_harq,1,8192,4096,2,16388,20.677452087402344,0.008555685169994831,0.5373939275741577,0.7226714491844177,1,0
kodak,04.png,2030,9001,0.0,90.0,ideal,adaptive_harq,0,4096,4096,1,12290,26.204748153686523,0.002396211726590991,0.5102612972259521,0.8830909132957458,0,0
kodak,01.png,2030,9001,0.0,90.0,ideal,flowharq,1,8192,4096,2,16388,19.620647430419922,0.010912776924669743,0.633819580078125,0.7117244601249695,1,0
kodak,02.png,2030,9001,0.0,90.0,ideal,flowharq,1,8192,4096,2,16388,22.550724029541016,0.005558117758482695,0.5490598678588867,0.8004772663116455,1,0
kodak,03.png,2030,9001,0.0,90.0,ideal,flowharq,1,8192,4096,2,16388,20.677452087402344,0.008555685169994831,0.5373939275741577,0.7226714491844177,1,0
kodak,04.png,2030,9001,0.0,90.0,ideal,flowharq,0,4096,4096,1,12290,26.789535522460938,0.0020943356212228537,0.538956344127655,0.8779148459434509,0,0
kodak,01.png,2030,9001,0.0,90.0,binary16,direct,0,4096,4096,1,12290,18.573362350463867,0.013888766057789326,0.7452645897865295,0.5731419920921326,1,1
kodak,02.png,2030,9001,0.0,90.0,binary16,direct,0,4096,4096,1,12290,20.561382293701172,0.0087874261662364,0.6910895109176636,0.6251110434532166,1,1
kodak,03.png,2030,9001,0.0,90.0,binary16,direct,0,4096,4096,1,12290,19.92819595336914,0.010166711173951626,0.5688045024871826,0.6979438662528992,1,1
kodak,04.png,2030,9001,0.0,90.0,binary16,direct,0,4096,4096,1,12290,26.204669952392578,0.002396254800260067,0.5102547407150269,0.8830912113189697,0,0
kodak,01.png,2030,9001,0.0,90.0,binary16,full_harq,1,8192,4096,2,16388,19.620731353759766,0.01091256644576788,0.6338163018226624,0.7117276191711426,1,0
kodak,02.png,2030,9001,0.0,90.0,binary16,full_harq,1,8192,4096,2,16388,22.55069351196289,0.0055581568740308285,0.549060046672821,0.8004752993583679,1,0
kodak,03.png,2030,9001,0.0,90.0,binary16,full_harq,1,8192,4096,2,16388,20.677398681640625,0.008555788546800613,0.5373926162719727,0.7226738929748535,1,0
kodak,04.png,2030,9001,0.0,90.0,binary16,full_harq,1,8192,4096,2,16388,26.219951629638672,0.0023878382053226233,0.5101417899131775,0.8833913207054138,0,0
kodak,01.png,2030,9001,0.0,90.0,binary16,fm_only,0,4096,4096,1,12290,18.689998626708984,0.013520731590688229,0.7632826566696167,0.5604193210601807,1,1
kodak,02.png,2030,9001,0.0,90.0,binary16,fm_only,0,4096,4096,1,12290,20.625953674316406,0.00865774042904377,0.7169008255004883,0.5546932220458984,1,1
kodak,03.png,2030,9001,0.0,90.0,binary16,fm_only,0,4096,4096,1,12290,20.048200607299805,0.009889624081552029,0.5991145372390747,0.669292688369751,1,1
kodak,04.png,2030,9001,0.0,90.0,binary16,fm_only,0,4096,4096,1,12290,26.78951072692871,0.0020943491254001856,0.538949191570282,0.8779144287109375,0,0
kodak,01.png,2030,9001,0.0,90.0,binary16,adaptive_harq,1,8192,4096,2,16388,19.620731353759766,0.01091256644576788,0.6338163018226624,0.7117276191711426,1,0
kodak,02.png,2030,9001,0.0,90.0,binary16,adaptive_harq,1,8192,4096,2,16388,22.55069351196289,0.0055581568740308285,0.549060046672821,0.8004752993583679,1,0
kodak,03.png,2030,9001,0.0,90.0,binary16,adaptive_harq,1,8192,4096,2,16388,20.677398681640625,0.008555788546800613,0.5373926162719727,0.7226738929748535,1,0
kodak,04.png,2030,9001,0.0,90.0,binary16,adaptive_harq,0,4096,4096,1,12290,26.204669952392578,0.002396254800260067,0.5102547407150269,0.8830912113189697,0,0
kodak,01.png,2030,9001,0.0,90.0,binary16,flowharq,1,8192,4096,2,16388,19.620731353759766,0.01091256644576788,0.6338163018226624,0.7117276191711426,1,0
kodak,02.png,2030,9001,0.0,90.0,binary16,flowharq,1,8192,4096,2,16388,22.55069351196289,0.0055581568740308285,0.549060046672821,0.8004752993583679,1,0
kodak,03.png,2030,9001,0.0,90.0,binary16,flowharq,1,8192,4096,2,16388,20.677398681640625,0.008555788546800613,0.5373926162719727,0.7226738929748535,1,0
kodak,04.png,2030,9001,0.0,90.0,binary16,flowharq,0,4096,4096,1,12290,26.78951072692871,0.0020943491254001856,0.538949191570282,0.8779144287109375,0,0
kodak,05.png,2030,9001,0.0,90.0,ideal,direct,0,4096,4096,1,12290,16.233327865600586,0.02380494214594364,0.6597618460655212,0.5746193528175354,1,1
kodak,06.png,2030,9001,0.0,90.0,ideal,direct,0,4096,4096,1,12290,19.783658981323242,0.010510758496820927,0.7844023108482361,0.5786494016647339,1,1
kodak,07.png,2030,9001,0.0,90.0,ideal,direct,0,4096,4096,1,12290,17.763896942138672,0.016734406352043152,0.763174295425415,0.5021008849143982,1,1
kodak,08.png,2030,9001,0.0,90.0,ideal,direct,0,4096,4096,1,12290,18.68097686767578,0.01354884635657072,0.5151963233947754,0.7976128458976746,1,1
kodak,05.png,2030,9001,0.0,90.0,ideal,full_harq,1,8192,4096,2,16388,16.824934005737305,0.020773353055119514,0.6077277660369873,0.6591424345970154,1,0
kodak,06.png,2030,9001,0.0,90.0,ideal,full_harq,1,8192,4096,2,16388,20.216506958007812,0.00951369572430849,0.7286841869354248,0.6541014313697815,1,0
kodak,07.png,2030,9001,0.0,90.0,ideal,full_harq,1,8192,4096,2,16388,18.421545028686523,0.014382866211235523,0.7022199630737305,0.560085654258728,1,0
kodak,08.png,2030,9001,0.0,90.0,ideal,full_harq,1,8192,4096,2,16388,18.793537139892578,0.013202196918427944,0.5143051147460938,0.8063698410987854,1,0
kodak,05.png,2030,9001,0.0,90.0,ideal,fm_only,0,4096,4096,1,12290,16.267620086669922,0.02361772209405899,0.650860071182251,0.5812972187995911,1,1
kodak,06.png,2030,9001,0.0,90.0,ideal,fm_only,0,4096,4096,1,12290,19.850908279418945,0.010349257849156857,0.7984329462051392,0.5753909945487976,1,1
kodak,07.png,2030,9001,0.0,90.0,ideal,fm_only,0,4096,4096,1,12290,17.75594711303711,0.016765065491199493,0.7357978820800781,0.5104071497917175,1,1
kodak,08.png,2030,9001,0.0,90.0,ideal,fm_only,0,4096,4096,1,12290,18.665302276611328,0.013597833923995495,0.5175748467445374,0.7949323654174805,1,1
kodak,05.png,2030,9001,0.0,90.0,ideal,adaptive_harq,1,8192,4096,2,16388,16.824934005737305,0.020773353055119514,0.6077277660369873,0.6591424345970154,1,0
kodak,06.png,2030,9001,0.0,90.0,ideal,adaptive_harq,1,8192,4096,2,16388,20.216506958007812,0.00951369572430849,0.7286841869354248,0.6541014313697815,1,0
kodak,07.png,2030,9001,0.0,90.0,ideal,adaptive_harq,1,8192,4096,2,16388,18.421545028686523,0.014382866211235523,0.7022199630737305,0.560085654258728,1,0
kodak,08.png,2030,9001,0.0,90.0,ideal,adaptive_harq,1,8192,4096,2,16388,18.793537139892578,0.013202196918427944,0.5143051147460938,0.8063698410987854,1,0
kodak,05.png,2030,9001,0.0,90.0,ideal,flowharq,1,8192,4096,2,16388,16.824934005737305,0.020773353055119514,0.6077277660369873,0.6591424345970154,1,0
kodak,06.png,2030,9001,0.0,90.0,ideal,flowharq,1,8192,4096,2,16388,20.216506958007812,0.00951369572430849,0.7286841869354248,0.6541014313697815,1,0
kodak,07.png,2030,9001,0.0,90.0,ideal,flowharq,1,8192,4096,2,16388,18.421545028686523,0.014382866211235523,0.7022199630737305,0.560085654258728,1,0
kodak,08.png,2030,9001,0.0,90.0,ideal,flowharq,1,8192,4096,2,16388,18.793537139892578,0.013202196918427944,0.5143051147460938,0.8063698410987854,1,0
kodak,05.png,2030,9001,0.0,90.0,binary16,direct,0,4096,4096,1,12290,16.23333740234375,0.02380489744246006,0.6597639322280884,0.5746241211891174,1,1
kodak,06.png,2030,9001,0.0,90.0,binary16,direct,0,4096,4096,1,12290,19.783679962158203,0.010510708205401897,0.7844016551971436,0.5786505937576294,1,1
kodak,07.png,2030,9001,0.0,90.0,binary16,direct,0,4096,4096,1,12290,17.763914108276367,0.01673434115946293,0.7631821036338806,0.5021069645881653,1,1
kodak,08.png,2030,9001,0.0,90.0,binary16,direct,0,4096,4096,1,12290,18.68096923828125,0.013548873364925385,0.5152015089988708,0.797612190246582,1,1
kodak,05.png,2030,9001,0.0,90.0,binary16,full_harq,1,8192,4096,2,16388,16.824905395507812,0.020773494616150856,0.6077262759208679,0.65914386510849,1,0
kodak,06.png,2030,9001,0.0,90.0,binary16,full_harq,1,8192,4096,2,16388,20.216510772705078,0.00951368734240532,0.7286858558654785,0.654102623462677,1,0
kodak,07.png,2030,9001,0.0,90.0,binary16,full_harq,1,8192,4096,2,16388,18.42156219482422,0.014382814057171345,0.702217698097229,0.5600895881652832,1,0
kodak,08.png,2030,9001,0.0,90.0,binary16,full_harq,1,8192,4096,2,16388,18.793540954589844,0.013202187605202198,0.5143133401870728,0.8063702583312988,1,0
kodak,05.png,2030,9001,0.0,90.0,binary16,fm_only,0,4096,4096,1,12290,16.267623901367188,0.02361769787967205,0.6508617401123047,0.5813023447990417,1,1
kodak,06.png,2030,9001,0.0,90.0,binary16,fm_only,0,4096,4096,1,12290,19.850936889648438,0.010349187068641186,0.7984434366226196,0.5753936767578125,1,1
kodak,07.png,2030,9001,0.0,90.0,binary16,fm_only,0,4096,4096,1,12290,17.755931854248047,0.01676512509584427,0.7357956171035767,0.5104093551635742,1,1
kodak,08.png,2030,9001,0.0,90.0,binary16,fm_only,0,4096,4096,1,12290,18.665285110473633,0.013597887940704823,0.5175821781158447,0.7949312329292297,1,1
kodak,05.png,2030,9001,0.0,90.0,binary16,adaptive_harq,1,8192,4096,2,16388,16.824905395507812,0.020773494616150856,0.6077262759208679,0.65914386510849,1,0
kodak,06.png,2030,9001,0.0,90.0,binary16,adaptive_harq,1,8192,4096,2,16388,20.216510772705078,0.00951368734240532,0.7286858558654785,0.654102623462677,1,0
kodak,07.png,2030,9001,0.0,90.0,binary16,adaptive_harq,1,8192,4096,2,16388,18.42156219482422,0.014382814057171345,0.702217698097229,0.5600895881652832,1,0
kodak,08.png,2030,9001,0.0,90.0,binary16,adaptive_harq,1,8192,4096,2,16388,18.793540954589844,0.013202187605202198,0.5143133401870728,0.8063702583312988,1,0
kodak,05.png,2030,9001,0.0,90.0,binary16,flowharq,1,8192,4096,2,16388,16.824905395507812,0.020773494616150856,0.6077262759208679,0.65914386510849,1,0
kodak,06.png,2030,9001,0.0,90.0,binary16,flowharq,1,8192,4096,2,16388,20.216510772705078,0.00951368734240532,0.7286858558654785,0.654102623462677,1,0
kodak,07.png,2030,9001,0.0,90.0,binary16,flowharq,1,8192,4096,2,16388,18.42156219482422,0.014382814057171345,0.702217698097229,0.5600895881652832,1,0
kodak,08.png,2030,9001,0.0,90.0,binary16,flowharq,1,8192,4096,2,16388,18.793540954589844,0.013202187605202198,0.5143133401870728,0.8063702583312988,1,0
kodak,09.png,2030,9001,0.0,90.0,ideal,direct,0,4096,4096,1,12290,20.30745506286621,0.009316536597907543,0.607776403427124,0.6978484988212585,1,1
kodak,10.png,2030,9001,0.0,90.0,ideal,direct,0,4096,4096,1,12290,26.561634063720703,0.002207173267379403,0.6334953308105469,0.806961715221405,0,0
kodak,11.png,2030,9001,0.0,90.0,ideal,direct,0,4096,4096,1,12290,19.03971290588379,0.012474659830331802,0.5787173509597778,0.7509071230888367,1,1
kodak,12.png,2030,9001,0.0,90.0,ideal,direct,0,4096,4096,1,12290,19.152971267700195,0.01215354073792696,0.6727567911148071,0.6012881398200989,1,1
kodak,09.png,2030,9001,0.0,90.0,ideal,full_harq,1,8192,4096,2,16388,20.674461364746094,0.008561576716601849,0.6072531938552856,0.7231219410896301,1,0
kodak,10.png,2030,9001,0.0,90.0,ideal,full_harq,1,8192,4096,2,16388,26.730527877807617,0.0021229858975857496,0.6216669082641602,0.8154706954956055,0,0
kodak,11.png,2030,9001,0.0,90.0,ideal,full_harq,1,8192,4096,2,16388,19.697223663330078,0.010722048580646515,0.545285701751709,0.8003902435302734,1,0
kodak,12.png,2030,9001,0.0,90.0,ideal,full_harq,1,8192,4096,2,16388,21.12229347229004,0.007722727954387665,0.6244726181030273,0.7312752604484558,1,0
kodak,09.png,2030,9001,0.0,90.0,ideal,fm_only,0,4096,4096,1,12290,19.968400955200195,0.010073022916913033,0.6657078266143799,0.6525281071662903,1,1
kodak,10.png,2030,9001,0.0,90.0,ideal,fm_only,0,4096,4096,1,12290,26.741840362548828,0.002117462921887636,0.6437891125679016,0.7968183159828186,0,0
kodak,11.png,2030,9001,0.0,90.0,ideal,fm_only,0,4096,4096,1,12290,19.21564292907715,0.011979418806731701,0.5798418521881104,0.7489284873008728,1,1
kodak,12.png,2030,9001,0.0,90.0,ideal,fm_only,0,4096,4096,1,12290,19.12336540222168,0.012236674316227436,0.7020527124404907,0.574120819568634,1,1
kodak,09.png,2030,9001,0.0,90.0,ideal,adaptive_harq,1,8192,4096,2,16388,20.674461364746094,0.008561576716601849,0.6072531938552856,0.7231219410896301,1,0
kodak,10.png,2030,9001,0.0,90.0,ideal,adaptive_harq,0,4096,4096,1,12290,26.561634063720703,0.002207173267379403,0.6334953308105469,0.806961715221405,0,0
kodak,11.png,2030,9001,0.0,90.0,ideal,adaptive_harq,1,8192,4096,2,16388,19.697223663330078,0.010722048580646515,0.545285701751709,0.8003902435302734,1,0
kodak,12.png,2030,9001,0.0,90.0,ideal,adaptive_harq,1,8192,4096,2,16388,21.12229347229004,0.007722727954387665,0.6244726181030273,0.7312752604484558,1,0
kodak,09.png,2030,9001,0.0,90.0,ideal,flowharq,1,8192,4096,2,16388,20.674461364746094,0.008561576716601849,0.6072531938552856,0.7231219410896301,1,0
kodak,10.png,2030,9001,0.0,90.0,ideal,flowharq,0,4096,4096,1,12290,26.741840362548828,0.002117462921887636,0.6437891125679016,0.7968183159828186,0,0
kodak,11.png,2030,9001,0.0,90.0,ideal,flowharq,1,8192,4096,2,16388,19.697223663330078,0.010722048580646515,0.545285701751709,0.8003902435302734,1,0
kodak,12.png,2030,9001,0.0,90.0,ideal,flowharq,1,8192,4096,2,16388,21.12229347229004,0.007722727954387665,0.6244726181030273,0.7312752604484558,1,0
kodak,09.png,2030,9001,0.0,90.0,binary16,direct,0,4096,4096,1,12290,20.307435989379883,0.009316575713455677,0.6077806353569031,0.6978448033332825,1,1
kodak,10.png,2030,9001,0.0,90.0,binary16,direct,0,4096,4096,1,12290,26.56161880493164,0.002207182114943862,0.6334958672523499,0.8069612383842468,0,0
kodak,11.png,2030,9001,0.0,90.0,binary16,direct,0,4096,4096,1,12290,19.03966522216797,0.01247480046004057,0.5787143707275391,0.7509057521820068,1,1
kodak,12.png,2030,9001,0.0,90.0,binary16,direct,0,4096,4096,1,12290,19.153047561645508,0.012153326533734798,0.6727582812309265,0.6012926697731018,1,1
kodak,09.png,2030,9001,0.0,90.0,binary16,full_harq,1,8192,4096,2,16388,20.67444610595703,0.008561610244214535,0.6072580218315125,0.7231195569038391,1,0
kodak,10.png,2030,9001,0.0,90.0,binary16,full_harq,1,8192,4096,2,16388,26.730514526367188,0.002122993813827634,0.6216713786125183,0.8154692053794861,0,0
kodak,11.png,2030,9001,0.0,90.0,binary16,full_harq,1,8192,4096,2,16388,19.697189331054688,0.010722130537033081,0.5452859997749329,0.8003897666931152,1,0
kodak,12.png,2030,9001,0.0,90.0,binary16,full_harq,1,8192,4096,2,16388,21.122276306152344,0.007722755894064903,0.6244690418243408,0.7312719821929932,1,0
kodak,09.png,2030,9001,0.0,90.0,binary16,fm_only,0,4096,4096,1,12290,19.968364715576172,0.010073107667267323,0.6657159924507141,0.6525269150733948,1,1
kodak,10.png,2030,9001,0.0,90.0,binary16,fm_only,0,4096,4096,1,12290,26.74182891845703,0.002117469673976302,0.6437878608703613,0.796818196773529,0,0
kodak,11.png,2030,9001,0.0,90.0,binary16,fm_only,0,4096,4096,1,12290,19.215604782104492,0.011979524977505207,0.579841673374176,0.7489268183708191,1,1
kodak,12.png,2030,9001,0.0,90.0,binary16,fm_only,0,4096,4096,1,12290,19.123422622680664,0.012236515991389751,0.7020596265792847,0.5741236805915833,1,1
kodak,09.png,2030,9001,0.0,90.0,binary16,adaptive_harq,1,8192,4096,2,16388,20.67444610595703,0.008561610244214535,0.6072580218315125,0.7231195569038391,1,0
kodak,10.png,2030,9001,0.0,90.0,binary16,adaptive_harq,0,4096,4096,1,12290,26.56161880493164,0.002207182114943862,0.6334958672523499,0.8069612383842468,0,0
kodak,11.png,2030,9001,0.0,90.0,binary16,adaptive_harq,1,8192,4096,2,16388,19.697189331054688,0.010722130537033081,0.5452859997749329,0.8003897666931152,1,0
kodak,12.png,2030,9001,0.0,90.0,binary16,adaptive_harq,1,8192,4096,2,16388,21.122276306152344,0.007722755894064903,0.6244690418243408,0.7312719821929932,1,0
kodak,09.png,2030,9001,0.0,90.0,binary16,flowharq,1,8192,4096,2,16388,20.67444610595703,0.008561610244214535,0.6072580218315125,0.7231195569038391,1,0
kodak,10.png,2030,9001,0.0,90.0,binary16,flowharq,0,4096,4096,1,12290,26.74182891845703,0.002117469673976302,0.6437878608703613,0.796818196773529,0,0
kodak,11.png,2030,9001,0.0,90.0,binary16,flowharq,1,8192,4096,2,16388,19.697189331054688,0.010722130537033081,0.5452859997749329,0.8003897666931152,1,0
kodak,12.png,2030,9001,0.0,90.0,binary16,flowharq,1,8192,4096,2,16388,21.122276306152344,0.007722755894064903,0.6244690418243408,0.7312719821929932,1,0
kodak,13.png,2030,9001,0.0,90.0,ideal,direct,0,4096,4096,1,12290,19.59823226928711,0.010969248600304127,0.7814319729804993,0.7182338237762451,1,1
kodak,14.png,2030,9001,0.0,90.0,ideal,direct,0,4096,4096,1,12290,18.735488891601562,0.013379845768213272,0.5381643176078796,0.7355400919914246,1,1
kodak,15.png,2030,9001,0.0,90.0,ideal,direct,0,4096,4096,1,12290,18.305065155029297,0.014773842878639698,0.720051646232605,0.5908905863761902,1,1
kodak,16.png,2030,9001,0.0,90.0,ideal,direct,0,4096,4096,1,12290,21.819351196289062,0.0065775602124631405,0.695816695690155,0.6619797348976135,1,1
kodak,13.png,2030,9001,0.0,90.0,ideal,full_harq,1,8192,4096,2,16388,19.6301326751709,0.010888967663049698,0.7846965789794922,0.7207043766975403,1,0
kodak,14.png,2030,9001,0.0,90.0,ideal,full_harq,1,8192,4096,2,16388,18.77988624572754,0.013243763707578182,0.5362722873687744,0.7397136688232422,1,0
kodak,15.png,2030,9001,0.0,90.0,ideal,full_harq,1,8192,4096,2,16388,18.848133087158203,0.013037271797657013,0.7027382850646973,0.6269216537475586,1,0
kodak,16.png,2030,9001,0.0,90.0,ideal,full_harq,1,8192,4096,2,16388,22.018718719482422,0.006282435264438391,0.6945391893386841,0.674504280090332,1,0
kodak,13.png,2030,9001,0.0,90.0,ideal,fm_only,0,4096,4096,1,12290,19.73237419128418,0.010635615326464176,0.7853469252586365,0.718897819519043,1,1
kodak,14.png,2030,9001,0.0,90.0,ideal,fm_only,0,4096,4096,1,12290,18.916828155517578,0.012832674197852612,0.5415064692497253,0.7364309430122375,1,1
kodak,15.png,2030,9001,0.0,90.0,ideal,fm_only,0,4096,4096,1,12290,18.16060447692871,0.01527353748679161,0.7228988409042358,0.5751497745513916,1,1
kodak,16.png,2030,9001,0.0,90.0,ideal,fm_only,0,4096,4096,1,12290,21.769201278686523,0.006653953343629837,0.7508577108383179,0.6289004683494568,1,1
kodak,13.png,2030,9001,0.0,90.0,ideal,adaptive_harq,1,8192,4096,2,16388,19.6301326751709,0.010888967663049698,0.7846965789794922,0.7207043766975403,1,0
kodak,14.png,2030,9001,0.0,90.0,ideal,adaptive_harq,1,8192,4096,2,16388,18.77988624572754,0.013243763707578182,0.5362722873687744,0.7397136688232422,1,0
kodak,15.png,2030,9001,0.0,90.0,ideal,adaptive_harq,1,8192,4096,2,16388,18.848133087158203,0.013037271797657013,0.7027382850646973,0.6269216537475586,1,0
kodak,16.png,2030,9001,0.0,90.0,ideal,adaptive_harq,1,8192,4096,2,16388,22.018718719482422,0.006282435264438391,0.6945391893386841,0.674504280090332,1,0
kodak,13.png,2030,9001,0.0,90.0,ideal,flowharq,1,8192,4096,2,16388,19.6301326751709,0.010888967663049698,0.7846965789794922,0.7207043766975403,1,0
kodak,14.png,2030,9001,0.0,90.0,ideal,flowharq,1,8192,4096,2,16388,18.77988624572754,0.013243763707578182,0.5362722873687744,0.7397136688232422,1,0
kodak,15.png,2030,9001,0.0,90.0,ideal,flowharq,1,8192,4096,2,16388,18.848133087158203,0.013037271797657013,0.7027382850646973,0.6269216537475586,1,0
kodak,16.png,2030,9001,0.0,90.0,ideal,flowharq,1,8192,4096,2,16388,22.018718719482422,0.006282435264438391,0.6945391893386841,0.674504280090332,1,0
kodak,13.png,2030,9001,0.0,90.0,binary16,direct,0,4096,4096,1,12290,19.598230361938477,0.010969252325594425,0.781430184841156,0.7182331681251526,1,1
kodak,14.png,2030,9001,0.0,90.0,binary16,direct,0,4096,4096,1,12290,18.735523223876953,0.013379741460084915,0.5381636023521423,0.7355411052703857,1,1
kodak,15.png,2030,9001,0.0,90.0,binary16,direct,0,4096,4096,1,12290,18.305028915405273,0.014773967675864697,0.7200562357902527,0.5908830165863037,1,1
kodak,16.png,2030,9001,0.0,90.0,binary16,direct,0,4096,4096,1,12290,21.8193359375,0.006577583029866219,0.6958176493644714,0.6619800329208374,1,1
kodak,13.png,2030,9001,0.0,90.0,binary16,full_harq,1,8192,4096,2,16388,19.630136489868164,0.010888957418501377,0.7846962809562683,0.7207038402557373,1,0
kodak,14.png,2030,9001,0.0,90.0,binary16,full_harq,1,8192,4096,2,16388,18.779905319213867,0.013243705965578556,0.5362716317176819,0.7397140860557556,1,0
kodak,15.png,2030,9001,0.0,90.0,binary16,full_harq,1,8192,4096,2,16388,18.848125457763672,0.013037293218076229,0.7027441263198853,0.6269162893295288,1,0
kodak,16.png,2030,9001,0.0,90.0,binary16,full_harq,1,8192,4096,2,16388,22.018688201904297,0.00628248043358326,0.6945356726646423,0.6745052933692932,1,0
kodak,13.png,2030,9001,0.0,90.0,binary16,fm_only,0,4096,4096,1,12290,19.732372283935547,0.0106356181204319,0.78534334897995,0.7188965678215027,1,1
kodak,14.png,2030,9001,0.0,90.0,binary16,fm_only,0,4096,4096,1,12290,18.91685676574707,0.012832592241466045,0.5415022373199463,0.7364324927330017,1,1
kodak,15.png,2030,9001,0.0,90.0,binary16,fm_only,0,4096,4096,1,12290,18.160554885864258,0.015273711644113064,0.7229001522064209,0.5751378536224365,1,1
kodak,16.png,2030,9001,0.0,90.0,binary16,fm_only,0,4096,4096,1,12290,21.769197463989258,0.006653960328549147,0.750853419303894,0.6289010047912598,1,1
kodak,13.png,2030,9001,0.0,90.0,binary16,adaptive_harq,1,8192,4096,2,16388,19.630136489868164,0.010888957418501377,0.7846962809562683,0.7207038402557373,1,0
kodak,14.png,2030,9001,0.0,90.0,binary16,adaptive_harq,1,8192,4096,2,16388,18.779905319213867,0.013243705965578556,0.5362716317176819,0.7397140860557556,1,0
kodak,15.png,2030,9001,0.0,90.0,binary16,adaptive_harq,1,8192,4096,2,16388,18.848125457763672,0.013037293218076229,0.7027441263198853,0.6269162893295288,1,0
kodak,16.png,2030,9001,0.0,90.0,binary16,adaptive_harq,1,8192,4096,2,16388,22.018688201904297,0.00628248043358326,0.6945356726646423,0.6745052933692932,1,0
kodak,13.png,2030,9001,0.0,90.0,binary16,flowharq,1,8192,4096,2,16388,19.630136489868164,0.010888957418501377,0.7846962809562683,0.7207038402557373,1,0
kodak,14.png,2030,9001,0.0,90.0,binary16,flowharq,1,8192,4096,2,16388,18.779905319213867,0.013243705965578556,0.5362716317176819,0.7397140860557556,1,0
kodak,15.png,2030,9001,0.0,90.0,binary16,flowharq,1,8192,4096,2,16388,18.848125457763672,0.013037293218076229,0.7027441263198853,0.6269162893295288,1,0
kodak,16.png,2030,9001,0.0,90.0,binary16,flowharq,1,8192,4096,2,16388,22.018688201904297,0.00628248043358326,0.6945356726646423,0.6745052933692932,1,0
kodak,17.png,2030,9001,0.0,90.0,ideal,direct,0,4096,4096,1,12290,25.02392578125,0.0031449042726308107,0.5513105988502502,0.8618494868278503,0,0
kodak,18.png,2030,9001,0.0,90.0,ideal,direct,0,4096,4096,1,12290,18.84316062927246,0.013052205555140972,0.6501703262329102,0.6883869767189026,1,1
kodak,19.png,2030,9001,0.0,90.0,ideal,direct,0,4096,4096,1,12290,15.407844543457031,0.028788266703486443,0.85031658411026,0.34801021218299866,1,1
kodak,20.png,2030,9001,0.0,90.0,ideal,direct,0,4096,4096,1,12290,20.12495231628418,0.009716385044157505,0.45463046431541443,0.7791376709938049,1,1
kodak,17.png,2030,9001,0.0,90.0,ideal,full_harq,1,8192,4096,2,16388,25.121315002441406,0.0030751656740903854,0.5426322221755981,0.8646581172943115,0,0
kodak,18.png,2030,9001,0.0,90.0,ideal,full_harq,1,8192,4096,2,16388,19.328720092773438,0.011671538464725018,0.6139599084854126,0.7404098510742188,1,0
kodak,19.png,2030,9001,0.0,90.0,ideal,full_harq,1,8192,4096,2,16388,20.519330978393555,0.008872928097844124,0.5853721499443054,0.7920241355895996,1,0
kodak,20.png,2030,9001,0.0,90.0,ideal,full_harq,1,8192,4096,2,16388,21.63799285888672,0.006858050357550383,0.3788524270057678,0.8477187752723694,1,0
kodak,17.png,2030,9001,0.0,90.0,ideal,fm_only,0,4096,4096,1,12290,25.16165542602539,0.003046733094379306,0.5489332675933838,0.860762357711792,0,0
kodak,18.png,2030,9001,0.0,90.0,ideal,fm_only,0,4096,4096,1,12290,18.895633697509766,0.012895452789962292,0.6741546988487244,0.684631884098053,1,1
kodak,19.png,2030,9001,0.0,90.0,ideal,fm_only,0,4096,4096,1,12290,15.424203872680664,0.02868003398180008,0.8585454821586609,0.35106396675109863,1,1
kodak,20.png,2030,9001,0.0,90.0,ideal,fm_only,0,4096,4096,1,12290,18.95975685119629,0.012706451117992401,0.625357985496521,0.6577083468437195,1,1
kodak,17.png,2030,9001,0.0,90.0,ideal,adaptive_harq,0,4096,4096,1,12290,25.02392578125,0.0031449042726308107,0.5513105988502502,0.8618494868278503,0,0
kodak,18.png,2030,9001,0.0,90.0,ideal,adaptive_harq,1,8192,4096,2,16388,19.328720092773438,0.011671538464725018,0.6139599084854126,0.7404098510742188,1,0
kodak,19.png,2030,9001,0.0,90.0,ideal,adaptive_harq,1,8192,4096,2,16388,20.519330978393555,0.008872928097844124,0.5853721499443054,0.7920241355895996,1,0
kodak,20.png,2030,9001,0.0,90.0,ideal,adaptive_harq,1,8192,4096,2,16388,21.63799285888672,0.006858050357550383,0.3788524270057678,0.8477187752723694,1,0
kodak,17.png,2030,9001,0.0,90.0,ideal,flowharq,0,4096,4096,1,12290,25.16165542602539,0.003046733094379306,0.5489332675933838,0.860762357711792,0,0
kodak,18.png,2030,9001,0.0,90.0,ideal,flowharq,1,8192,4096,2,16388,19.328720092773438,0.011671538464725018,0.6139599084854126,0.7404098510742188,1,0
kodak,19.png,2030,9001,0.0,90.0,ideal,flowharq,1,8192,4096,2,16388,20.519330978393555,0.008872928097844124,0.5853721499443054,0.7920241355895996,1,0
kodak,20.png,2030,9001,0.0,90.0,ideal,flowharq,1,8192,4096,2,16388,21.63799285888672,0.006858050357550383,0.3788524270057678,0.8477187752723694,1,0
kodak,17.png,2030,9001,0.0,90.0,binary16,direct,0,4096,4096,1,12290,25.023941040039062,0.0031448930967599154,0.5513143539428711,0.861851155757904,0,0
kodak,18.png,2030,9001,0.0,90.0,binary16,direct,0,4096,4096,1,12290,18.843196868896484,0.013052097521722317,0.6501678228378296,0.6883900761604309,1,1
kodak,19.png,2030,9001,0.0,90.0,binary16,direct,0,4096,4096,1,12290,15.407844543457031,0.02878827042877674,0.8503149151802063,0.3480145037174225,1,1
kodak,20.png,2030,9001,0.0,90.0,binary16,direct,0,4096,4096,1,12290,20.12506675720215,0.009716127067804337,0.4546244144439697,0.77913898229599,1,1
kodak,17.png,2030,9001,0.0,90.0,binary16,full_harq,1,8192,4096,2,16388,25.12134552001953,0.003075144486501813,0.5426372289657593,0.8646600842475891,0,0
kodak,18.png,2030,9001,0.0,90.0,binary16,full_harq,1,8192,4096,2,16388,19.328731536865234,0.011671501211822033,0.6139575242996216,0.7404120564460754,1,0
kodak,19.png,2030,9001,0.0,90.0,binary16,full_harq,1,8192,4096,2,16388,20.51932144165039,0.008872945792973042,0.5853676795959473,0.7920233607292175,1,0
kodak,20.png,2030,9001,0.0,90.0,binary16,full_harq,1,8192,4096,2,16388,21.638050079345703,0.006857960019260645,0.37885159254074097,0.8477173447608948,1,0
kodak,17.png,2030,9001,0.0,90.0,binary16,fm_only,0,4096,4096,1,12290,25.161720275878906,0.0030466883908957243,0.5489360690116882,0.8607657551765442,0,0
kodak,18.png,2030,9001,0.0,90.0,binary16,fm_only,0,4096,4096,1,12290,18.895679473876953,0.012895315885543823,0.6741493344306946,0.684636116027832,1,1
kodak,19.png,2030,9001,0.0,90.0,binary16,fm_only,0,4096,4096,1,12290,15.424208641052246,0.028679996728897095,0.8585450649261475,0.35106849670410156,1,1
kodak,20.png,2030,9001,0.0,90.0,binary16,fm_only,0,4096,4096,1,12290,18.95992660522461,0.012705955654382706,0.6253635883331299,0.6577050685882568,1,1
kodak,17.png,2030,9001,0.0,90.0,binary16,adaptive_harq,0,4096,4096,1,12290,25.023941040039062,0.0031448930967599154,0.5513143539428711,0.861851155757904,0,0
kodak,18.png,2030,9001,0.0,90.0,binary16,adaptive_harq,1,8192,4096,2,16388,19.328731536865234,0.011671501211822033,0.6139575242996216,0.7404120564460754,1,0
kodak,19.png,2030,9001,0.0,90.0,binary16,adaptive_harq,1,8192,4096,2,16388,20.51932144165039,0.008872945792973042,0.5853676795959473,0.7920233607292175,1,0
kodak,20.png,2030,9001,0.0,90.0,binary16,adaptive_harq,1,8192,4096,2,16388,21.638050079345703,0.006857960019260645,0.37885159254074097,0.8477173447608948,1,0
kodak,17.png,2030,9001,0.0,90.0,binary16,flowharq,0,4096,4096,1,12290,25.161720275878906,0.0030466883908957243,0.5489360690116882,0.8607657551765442,0,0
kodak,18.png,2030,9001,0.0,90.0,binary16,flowharq,1,8192,4096,2,16388,19.328731536865234,0.011671501211822033,0.6139575242996216,0.7404120564460754,1,0
kodak,19.png,2030,9001,0.0,90.0,binary16,flowharq,1,8192,4096,2,16388,20.51932144165039,0.008872945792973042,0.5853676795959473,0.7920233607292175,1,0
kodak,20.png,2030,9001,0.0,90.0,binary16,flowharq,1,8192,4096,2,16388,21.638050079345703,0.006857960019260645,0.37885159254074097,0.8477173447608948,1,0
kodak,21.png,2030,9001,0.0,90.0,ideal,direct,0,4096,4096,1,12290,20.074909210205078,0.009828993119299412,0.5626999139785767,0.7722838521003723,1,1
kodak,22.png,2030,9001,0.0,90.0,ideal,direct,0,4096,4096,1,12290,19.89676284790039,0.010240557603538036,0.6661384105682373,0.6812271475791931,1,1
kodak,23.png,2030,9001,0.0,90.0,ideal,direct,0,4096,4096,1,12290,23.41331672668457,0.004556886851787567,0.33560508489608765,0.8875835537910461,1,1
kodak,24.png,2030,9001,0.0,90.0,ideal,direct,0,4096,4096,1,12290,20.167016983032227,0.009622731246054173,0.7132984399795532,0.5864773392677307,1,1
kodak,21.png,2030,9001,0.0,90.0,ideal,full_harq,1,8192,4096,2,16388,20.601722717285156,0.00870618224143982,0.5199467539787292,0.811917245388031,1,0
kodak,22.png,2030,9001,0.0,90.0,ideal,full_harq,1,8192,4096,2,16388,19.979825973510742,0.010046560317277908,0.654929518699646,0.687432050704956,1,0
kodak,23.png,2030,9001,0.0,90.0,ideal,full_harq,1,8192,4096,2,16388,23.679351806640625,0.004286123905330896,0.3125832676887512,0.8980618119239807,1,0
kodak,24.png,2030,9001,0.0,90.0,ideal,full_harq,1,8192,4096,2,16388,21.782102584838867,0.006634218152612448,0.6710861921310425,0.7343222498893738,1,0
kodak,21.png,2030,9001,0.0,90.0,ideal,fm_only,0,4096,4096,1,12290,20.154102325439453,0.00965138804167509,0.5781497359275818,0.7651322484016418,1,1
kodak,22.png,2030,9001,0.0,90.0,ideal,fm_only,0,4096,4096,1,12290,20.00542640686035,0.009987510740756989,0.6653690338134766,0.6724130511283875,1,1
kodak,23.png,2030,9001,0.0,90.0,ideal,fm_only,0,4096,4096,1,12290,23.591577529907227,0.004373630974441767,0.3361309766769409,0.8878156542778015,1,1
kodak,24.png,2030,9001,0.0,90.0,ideal,fm_only,0,4096,4096,1,12290,20.069149017333984,0.009842040948569775,0.6966635584831238,0.583880603313446,1,1
kodak,21.png,2030,9001,0.0,90.0,ideal,adaptive_harq,1,8192,4096,2,16388,20.601722717285156,0.00870618224143982,0.5199467539787292,0.811917245388031,1,0
kodak,22.png,2030,9001,0.0,90.0,ideal,adaptive_harq,1,8192,4096,2,16388,19.979825973510742,0.010046560317277908,0.654929518699646,0.687432050704956,1,0
kodak,23.png,2030,9001,0.0,90.0,ideal,adaptive_harq,0,4096,4096,1,12290,23.41331672668457,0.004556886851787567,0.33560508489608765,0.8875835537910461,1,1
kodak,24.png,2030,9001,0.0,90.0,ideal,adaptive_harq,1,8192,4096,2,16388,21.782102584838867,0.006634218152612448,0.6710861921310425,0.7343222498893738,1,0
kodak,21.png,2030,9001,0.0,90.0,ideal,flowharq,1,8192,4096,2,16388,20.601722717285156,0.00870618224143982,0.5199467539787292,0.811917245388031,1,0
kodak,22.png,2030,9001,0.0,90.0,ideal,flowharq,1,8192,4096,2,16388,19.979825973510742,0.010046560317277908,0.654929518699646,0.687432050704956,1,0
kodak,23.png,2030,9001,0.0,90.0,ideal,flowharq,0,4096,4096,1,12290,23.591577529907227,0.004373630974441767,0.3361309766769409,0.8878156542778015,1,1
kodak,24.png,2030,9001,0.0,90.0,ideal,flowharq,1,8192,4096,2,16388,21.782102584838867,0.006634218152612448,0.6710861921310425,0.7343222498893738,1,0
kodak,21.png,2030,9001,0.0,90.0,binary16,direct,0,4096,4096,1,12290,20.074909210205078,0.009828993119299412,0.5626951456069946,0.7722852230072021,1,1
kodak,22.png,2030,9001,0.0,90.0,binary16,direct,0,4096,4096,1,12290,19.89676856994629,0.010240546427667141,0.6661289930343628,0.6812263131141663,1,1
kodak,23.png,2030,9001,0.0,90.0,binary16,direct,0,4096,4096,1,12290,23.41335678100586,0.004556844476610422,0.3356076180934906,0.8875844478607178,1,1
kodak,24.png,2030,9001,0.0,90.0,binary16,direct,0,4096,4096,1,12290,20.166988372802734,0.009622790850698948,0.7133006453514099,0.5864818692207336,1,1
kodak,21.png,2030,9001,0.0,90.0,binary16,full_harq,1,8192,4096,2,16388,20.60175895690918,0.008706108666956425,0.5199456810951233,0.8119199872016907,1,0
kodak,22.png,2030,9001,0.0,90.0,binary16,full_harq,1,8192,4096,2,16388,19.97981834411621,0.010046578012406826,0.6549199223518372,0.6874303817749023,1,0
kodak,23.png,2030,9001,0.0,90.0,binary16,full_harq,1,8192,4096,2,16388,23.679407119750977,0.004286069888621569,0.3125869035720825,0.8980619311332703,1,0
kodak,24.png,2030,9001,0.0,90.0,binary16,full_harq,1,8192,4096,2,16388,21.782073974609375,0.006634262856096029,0.6710844039916992,0.734324038028717,1,0
kodak,21.png,2030,9001,0.0,90.0,binary16,fm_only,0,4096,4096,1,12290,20.15406608581543,0.009651466272771358,0.5781455039978027,0.7651312947273254,1,1
kodak,22.png,2030,9001,0.0,90.0,binary16,fm_only,0,4096,4096,1,12290,20.00542449951172,0.009987518191337585,0.6653651595115662,0.6724122166633606,1,1
kodak,23.png,2030,9001,0.0,90.0,binary16,fm_only,0,4096,4096,1,12290,23.591590881347656,0.004373620264232159,0.33613359928131104,0.8878159523010254,1,1
kodak,24.png,2030,9001,0.0,90.0,binary16,fm_only,0,4096,4096,1,12290,20.06914520263672,0.009842044673860073,0.6966636180877686,0.5838876366615295,1,1
kodak,21.png,2030,9001,0.0,90.0,binary16,adaptive_harq,1,8192,4096,2,16388,20.60175895690918,0.008706108666956425,0.5199456810951233,0.8119199872016907,1,0
kodak,22.png,2030,9001,0.0,90.0,binary16,adaptive_harq,1,8192,4096,2,16388,19.97981834411621,0.010046578012406826,0.6549199223518372,0.6874303817749023,1,0
kodak,23.png,2030,9001,0.0,90.0,binary16,adaptive_harq,0,4096,4096,1,12290,23.41335678100586,0.004556844476610422,0.3356076180934906,0.8875844478607178,1,1
kodak,24.png,2030,9001,0.0,90.0,binary16,adaptive_harq,1,8192,4096,2,16388,21.782073974609375,0.006634262856096029,0.6710844039916992,0.734324038028717,1,0
kodak,21.png,2030,9001,0.0,90.0,binary16,flowharq,1,8192,4096,2,16388,20.60175895690918,0.008706108666956425,0.5199456810951233,0.8119199872016907,1,0
kodak,22.png,2030,9001,0.0,90.0,binary16,flowharq,1,8192,4096,2,16388,19.97981834411621,0.010046578012406826,0.6549199223518372,0.6874303817749023,1,0
kodak,23.png,2030,9001,0.0,90.0,binary16,flowharq,0,4096,4096,1,12290,23.591590881347656,0.004373620264232159,0.33613359928131104,0.8878159523010254,1,1
kodak,24.png,2030,9001,0.0,90.0,binary16,flowharq,1,8192,4096,2,16388,21.782073974609375,0.006634262856096029,0.6710844039916992,0.734324038028717,1,0
kodak,01.png,2030,9001,0.0,120.0,ideal,direct,0,4096,4096,1,12290,18.326967239379883,0.014699521474540234,0.7499159574508667,0.5534744262695312,1,1
kodak,02.png,2030,9001,0.0,120.0,ideal,direct,0,4096,4096,1,12290,19.824750900268555,0.010411775670945644,0.6593822836875916,0.6475508809089661,1,1
kodak,03.png,2030,9001,0.0,120.0,ideal,direct,0,4096,4096,1,12290,22.264101028442383,0.005937311798334122,0.4756298363208771,0.799255907535553,1,1
kodak,04.png,2030,9001,0.0,120.0,ideal,direct,0,4096,4096,1,12290,25.755725860595703,0.0026572197675704956,0.5236936807632446,0.8506941795349121,0,0
kodak,01.png,2030,9001,0.0,120.0,ideal,full_harq,1,8192,4096,2,16388,18.85926628112793,0.01300389226526022,0.6999185681343079,0.6273725628852844,1,0
kodak,02.png,2030,9001,0.0,120.0,ideal,full_harq,1,8192,4096,2,16388,21.413488388061523,0.007221896201372147,0.6064239740371704,0.7417032122612,1,0
kodak,03.png,2030,9001,0.0,120.0,ideal,full_harq,1,8192,4096,2,16388,22.845577239990234,0.005193285644054413,0.43641164898872375,0.8380022048950195,1,0
kodak,04.png,2030,9001,0.0,120.0,ideal,full_harq,1,8192,4096,2,16388,25.7437686920166,0.002664545550942421,0.5269717574119568,0.8509266972541809,0,0
kodak,01.png,2030,9001,0.0,120.0,ideal,fm_only,0,4096,4096,1,12290,18.287281036376953,0.014834464527666569,0.7604228258132935,0.5381115078926086,1,1
kodak,02.png,2030,9001,0.0,120.0,ideal,fm_only,0,4096,4096,1,12290,20.379653930664062,0.009162935428321362,0.7053197026252747,0.5828214287757874,1,1
kodak,03.png,2030,9001,0.0,120.0,ideal,fm_only,0,4096,4096,1,12290,23.130847930908203,0.004863121081143618,0.4894399046897888,0.8011295795440674,1,1
kodak,04.png,2030,9001,0.0,120.0,ideal,fm_only,0,4096,4096,1,12290,26.253950119018555,0.002369217574596405,0.5678086280822754,0.8416323065757751,0,0
kodak,01.png,2030,9001,0.0,120.0,ideal,adaptive_harq,1,8192,4096,2,16388,18.85926628112793,0.01300389226526022,0.6999185681343079,0.6273725628852844,1,0
kodak,02.png,2030,9001,0.0,120.0,ideal,adaptive_harq,1,8192,4096,2,16388,21.413488388061523,0.007221896201372147,0.6064239740371704,0.7417032122612,1,0
kodak,03.png,2030,9001,0.0,120.0,ideal,adaptive_harq,1,8192,4096,2,16388,22.845577239990234,0.005193285644054413,0.43641164898872375,0.8380022048950195,1,0
kodak,04.png,2030,9001,0.0,120.0,ideal,adaptive_harq,0,4096,4096,1,12290,25.755725860595703,0.0026572197675704956,0.5236936807632446,0.8506941795349121,0,0
kodak,01.png,2030,9001,0.0,120.0,ideal,flowharq,1,8192,4096,2,16388,18.85926628112793,0.01300389226526022,0.6999185681343079,0.6273725628852844,1,0
kodak,02.png,2030,9001,0.0,120.0,ideal,flowharq,1,8192,4096,2,16388,21.413488388061523,0.007221896201372147,0.6064239740371704,0.7417032122612,1,0
kodak,03.png,2030,9001,0.0,120.0,ideal,flowharq,1,8192,4096,2,16388,22.845577239990234,0.005193285644054413,0.43641164898872375,0.8380022048950195,1,0
kodak,04.png,2030,9001,0.0,120.0,ideal,flowharq,0,4096,4096,1,12290,26.253950119018555,0.002369217574596405,0.5678086280822754,0.8416323065757751,0,0
kodak,01.png,2030,9001,0.0,120.0,binary16,direct,0,4096,4096,1,12290,18.32699966430664,0.014699413441121578,0.7499169707298279,0.5534749627113342,1,1
kodak,02.png,2030,9001,0.0,120.0,binary16,direct,0,4096,4096,1,12290,19.82488441467285,0.010411456227302551,0.6593695878982544,0.64756840467453,1,1
kodak,03.png,2030,9001,0.0,120.0,binary16,direct,0,4096,4096,1,12290,22.264148712158203,0.005937247071415186,0.47563308477401733,0.7992619872093201,1,1
kodak,04.png,2030,9001,0.0,120.0,binary16,direct,0,4096,4096,1,12290,25.755720138549805,0.0026572232600301504,0.5236971974372864,0.8506962656974792,0,0
kodak,01.png,2030,9001,0.0,120.0,binary16,full_harq,1,8192,4096,2,16388,18.85931396484375,0.013003750704228878,0.6999164819717407,0.6273739337921143,1,0
kodak,02.png,2030,9001,0.0,120.0,binary16,full_harq,1,8192,4096,2,16388,21.413496017456055,0.007221884559839964,0.6064196228981018,0.7417068481445312,1,0
kodak,03.png,2030,9001,0.0,120.0,binary16,full_harq,1,8192,4096,2,16388,22.845565795898438,0.005193300545215607,0.4364182651042938,0.8380032181739807,1,0
kodak,04.png,2030,9001,0.0,120.0,binary16,full_harq,1,8192,4096,2,16388,25.743762969970703,0.0026645490434020758,0.5269752144813538,0.850928783416748,0,0
kodak,01.png,2030,9001,0.0,120.0,binary16,fm_only,0,4096,4096,1,12290,18.287281036376953,0.014834466390311718,0.7604230642318726,0.5381138920783997,1,1
kodak,02.png,2030,9001,0.0,120.0,binary16,fm_only,0,4096,4096,1,12290,20.379779815673828,0.00916267093271017,0.705321192741394,0.5828407406806946,1,1
kodak,03.png,2030,9001,0.0,120.0,binary16,fm_only,0,4096,4096,1,12290,23.13079071044922,0.004863186739385128,0.48944607377052307,0.8011332154273987,1,1
kodak,04.png,2030,9001,0.0,120.0,binary16,fm_only,0,4096,4096,1,12290,26.254032135009766,0.002369173802435398,0.5678095817565918,0.8416344523429871,0,0
kodak,01.png,2030,9001,0.0,120.0,binary16,adaptive_harq,1,8192,4096,2,16388,18.85931396484375,0.013003750704228878,0.6999164819717407,0.6273739337921143,1,0
kodak,02.png,2030,9001,0.0,120.0,binary16,adaptive_harq,1,8192,4096,2,16388,21.413496017456055,0.007221884559839964,0.6064196228981018,0.7417068481445312,1,0
kodak,03.png,2030,9001,0.0,120.0,binary16,adaptive_harq,1,8192,4096,2,16388,22.845565795898438,0.005193300545215607,0.4364182651042938,0.8380032181739807,1,0
kodak,04.png,2030,9001,0.0,120.0,binary16,adaptive_harq,0,4096,4096,1,12290,25.755720138549805,0.0026572232600301504,0.5236971974372864,0.8506962656974792,0,0
kodak,01.png,2030,9001,0.0,120.0,binary16,flowharq,1,8192,4096,2,16388,18.85931396484375,0.013003750704228878,0.6999164819717407,0.6273739337921143,1,0
kodak,02.png,2030,9001,0.0,120.0,binary16,flowharq,1,8192,4096,2,16388,21.413496017456055,0.007221884559839964,0.6064196228981018,0.7417068481445312,1,0
kodak,03.png,2030,9001,0.0,120.0,binary16,flowharq,1,8192,4096,2,16388,22.845565795898438,0.005193300545215607,0.4364182651042938,0.8380032181739807,1,0
kodak,04.png,2030,9001,0.0,120.0,binary16,flowharq,0,4096,4096,1,12290,26.254032135009766,0.002369173802435398,0.5678095817565918,0.8416344523429871,0,0
kodak,05.png,2030,9001,0.0,120.0,ideal,direct,0,4096,4096,1,12290,17.236934661865234,0.018893249332904816,0.571651041507721,0.693104088306427,1,1
kodak,06.png,2030,9001,0.0,120.0,ideal,direct,0,4096,4096,1,12290,20.398008346557617,0.009124288335442543,0.7141643762588501,0.6641159653663635,1,1
kodak,07.png,2030,9001,0.0,120.0,ideal,direct,0,4096,4096,1,12290,20.288503646850586,0.009357280097901821,0.5613102912902832,0.7151904106140137,1,1
kodak,08.png,2030,9001,0.0,120.0,ideal,direct,0,4096,4096,1,12290,18.9949951171875,0.012603770941495895,0.4937702417373657,0.8193793296813965,1,1
kodak,05.png,2030,9001,0.0,120.0,ideal,full_harq,1,8192,4096,2,16388,17.312515258789062,0.018567292019724846,0.5690804123878479,0.706946074962616,1,0
kodak,06.png,2030,9001,0.0,120.0,ideal,full_harq,1,8192,4096,2,16388,20.83675765991211,0.00824753288179636,0.6780360341072083,0.7240955233573914,1,0
kodak,07.png,2030,9001,0.0,120.0,ideal,full_harq,1,8192,4096,2,16388,21.85419464111328,0.006524998694658279,0.4639575779438019,0.8278424143791199,1,0
kodak,08.png,2030,9001,0.0,120.0,ideal,full_harq,1,8192,4096,2,16388,19.31451988220215,0.011709763668477535,0.4721282422542572,0.8400114178657532,1,0
kodak,05.png,2030,9001,0.0,120.0,ideal,fm_only,0,4096,4096,1,12290,17.29648780822754,0.018635934218764305,0.5776178240776062,0.6916362643241882,1,1
kodak,06.png,2030,9001,0.0,120.0,ideal,fm_only,0,4096,4096,1,12290,20.552385330200195,0.008805654011666775,0.7185983657836914,0.6650449633598328,1,1
kodak,07.png,2030,9001,0.0,120.0,ideal,fm_only,0,4096,4096,1,12290,20.38215446472168,0.009157662279903889,0.55570387840271,0.7130825519561768,1,1
kodak,08.png,2030,9001,0.0,120.0,ideal,fm_only,0,4096,4096,1,12290,19.030723571777344,0.012500506825745106,0.49433743953704834,0.8182366490364075,1,1
kodak,05.png,2030,9001,0.0,120.0,ideal,adaptive_harq,1,8192,4096,2,16388,17.312515258789062,0.018567292019724846,0.5690804123878479,0.706946074962616,1,0
kodak,06.png,2030,9001,0.0,120.0,ideal,adaptive_harq,1,8192,4096,2,16388,20.83675765991211,0.00824753288179636,0.6780360341072083,0.7240955233573914,1,0
kodak,07.png,2030,9001,0.0,120.0,ideal,adaptive_harq,1,8192,4096,2,16388,21.85419464111328,0.006524998694658279,0.4639575779438019,0.8278424143791199,1,0
kodak,08.png,2030,9001,0.0,120.0,ideal,adaptive_harq,1,8192,4096,2,16388,19.31451988220215,0.011709763668477535,0.4721282422542572,0.8400114178657532,1,0
kodak,05.png,2030,9001,0.0,120.0,ideal,flowharq,1,8192,4096,2,16388,17.312515258789062,0.018567292019724846,0.5690804123878479,0.706946074962616,1,0
kodak,06.png,2030,9001,0.0,120.0,ideal,flowharq,1,8192,4096,2,16388,20.83675765991211,0.00824753288179636,0.6780360341072083,0.7240955233573914,1,0
kodak,07.png,2030,9001,0.0,120.0,ideal,flowharq,1,8192,4096,2,16388,21.85419464111328,0.006524998694658279,0.4639575779438019,0.8278424143791199,1,0
kodak,08.png,2030,9001,0.0,120.0,ideal,flowharq,1,8192,4096,2,16388,19.31451988220215,0.011709763668477535,0.4721282422542572,0.8400114178657532,1,0
kodak,05.png,2030,9001,0.0,120.0,binary16,direct,0,4096,4096,1,12290,17.23697853088379,0.018893050029873848,0.5716580748558044,0.6931058764457703,1,1
kodak,06.png,2030,9001,0.0,120.0,binary16,direct,0,4096,4096,1,12290,20.397985458374023,0.009124343283474445,0.7141662240028381,0.6641161441802979,1,1
kodak,07.png,2030,9001,0.0,120.0,binary16,direct,0,4096,4096,1,12290,20.288503646850586,0.009357279166579247,0.5613089799880981,0.7151920199394226,1,1
kodak,08.png,2030,9001,0.0,120.0,binary16,direct,0,4096,4096,1,12290,18.995014190673828,0.012603715062141418,0.49377119541168213,0.8193791508674622,1,1
kodak,05.png,2030,9001,0.0,120.0,binary16,full_harq,1,8192,4096,2,16388,17.312557220458984,0.01856710948050022,0.569085419178009,0.7069475650787354,1,0
kodak,06.png,2030,9001,0.0,120.0,binary16,full_harq,1,8192,4096,2,16388,20.836750030517578,0.008247553370893002,0.678034782409668,0.724095344543457,1,0
kodak,07.png,2030,9001,0.0,120.0,binary16,full_harq,1,8192,4096,2,16388,21.854154586791992,0.006525058299303055,0.46395373344421387,0.8278418183326721,1,0
kodak,08.png,2030,9001,0.0,120.0,binary16,full_harq,1,8192,4096,2,16388,19.314512252807617,0.011709780432283878,0.4721287190914154,0.8400099277496338,1,0
kodak,05.png,2030,9001,0.0,120.0,binary16,fm_only,0,4096,4096,1,12290,17.296539306640625,0.018635718151926994,0.5776227712631226,0.6916379332542419,1,1
kodak,06.png,2030,9001,0.0,120.0,binary16,fm_only,0,4096,4096,1,12290,20.552350997924805,0.008805719204246998,0.7185985445976257,0.6650446057319641,1,1
kodak,07.png,2030,9001,0.0,120.0,binary16,fm_only,0,4096,4096,1,12290,20.382160186767578,0.009157649241387844,0.5557011365890503,0.7130849361419678,1,1
kodak,08.png,2030,9001,0.0,120.0,binary16,fm_only,0,4096,4096,1,12290,19.030746459960938,0.012500439770519733,0.4943392276763916,0.8182356953620911,1,1
kodak,05.png,2030,9001,0.0,120.0,binary16,adaptive_harq,1,8192,4096,2,16388,17.312557220458984,0.01856710948050022,0.569085419178009,0.7069475650787354,1,0
kodak,06.png,2030,9001,0.0,120.0,binary16,adaptive_harq,1,8192,4096,2,16388,20.836750030517578,0.008247553370893002,0.678034782409668,0.724095344543457,1,0
kodak,07.png,2030,9001,0.0,120.0,binary16,adaptive_harq,1,8192,4096,2,16388,21.854154586791992,0.006525058299303055,0.46395373344421387,0.8278418183326721,1,0
kodak,08.png,2030,9001,0.0,120.0,binary16,adaptive_harq,1,8192,4096,2,16388,19.314512252807617,0.011709780432283878,0.4721287190914154,0.8400099277496338,1,0
kodak,05.png,2030,9001,0.0,120.0,binary16,flowharq,1,8192,4096,2,16388,17.312557220458984,0.01856710948050022,0.569085419178009,0.7069475650787354,1,0
kodak,06.png,2030,9001,0.0,120.0,binary16,flowharq,1,8192,4096,2,16388,20.836750030517578,0.008247553370893002,0.678034782409668,0.724095344543457,1,0
kodak,07.png,2030,9001,0.0,120.0,binary16,flowharq,1,8192,4096,2,16388,21.854154586791992,0.006525058299303055,0.46395373344421387,0.8278418183326721,1,0
kodak,08.png,2030,9001,0.0,120.0,binary16,flowharq,1,8192,4096,2,16388,19.314512252807617,0.011709780432283878,0.4721287190914154,0.8400099277496338,1,0
kodak,09.png,2030,9001,0.0,120.0,ideal,direct,0,4096,4096,1,12290,22.426097869873047,0.005719922482967377,0.47194647789001465,0.8279736638069153,1,1
kodak,10.png,2030,9001,0.0,120.0,ideal,direct,0,4096,4096,1,12290,27.321441650390625,0.0018529162043705583,0.5743840932846069,0.8619248867034912,0,0
kodak,11.png,2030,9001,0.0,120.0,ideal,direct,0,4096,4096,1,12290,18.928205490112305,0.012799101881682873,0.6043218970298767,0.7383685111999512,1,1
kodak,12.png,2030,9001,0.0,120.0,ideal,direct,0,4096,4096,1,12290,21.043964385986328,0.007863277569413185,0.5960230231285095,0.7414633631706238,1,1
kodak,09.png,2030,9001,0.0,120.0,ideal,full_harq,1,8192,4096,2,16388,23.164138793945312,0.0048259855248034,0.4111267626285553,0.8600131869316101,1,0
kodak,10.png,2030,9001,0.0,120.0,ideal,full_harq,1,8192,4096,2,16388,27.685928344726562,0.001703755115158856,0.5544398427009583,0.8810546398162842,0,0
kodak,11.png,2030,9001,0.0,120.0,ideal,full_harq,1,8192,4096,2,16388,19.543012619018555,0.011109609156847,0.5744370222091675,0.7796750664710999,1,0
kodak,12.png,2030,9001,0.0,120.0,ideal,full_harq,1,8192,4096,2,16388,22.40917205810547,0.005742260720580816,0.5616123676300049,0.7949793934822083,1,0
kodak,09.png,2030,9001,0.0,120.0,ideal,fm_only,0,4096,4096,1,12290,22.426517486572266,0.005719371140003204,0.4844346046447754,0.8209493160247803,1,1
kodak,10.png,2030,9001,0.0,120.0,ideal,fm_only,0,4096,4096,1,12290,27.483009338378906,0.0017852499149739742,0.5717632174491882,0.8607951998710632,0,0
kodak,11.png,2030,9001,0.0,120.0,ideal,fm_only,0,4096,4096,1,12290,19.046724319458008,0.012454536743462086,0.6098760962486267,0.7339432239532471,1,1
kodak,12.png,2030,9001,0.0,120.0,ideal,fm_only,0,4096,4096,1,12290,21.31340789794922,0.007390251383185387,0.6356210708618164,0.7242148518562317,1,1
kodak,09.png,2030,9001,0.0,120.0,ideal,adaptive_harq,1,8192,4096,2,16388,23.164138793945312,0.0048259855248034,0.4111267626285553,0.8600131869316101,1,0
kodak,10.png,2030,9001,0.0,120.0,ideal,adaptive_harq,0,4096,4096,1,12290,27.321441650390625,0.0018529162043705583,0.5743840932846069,0.8619248867034912,0,0
kodak,11.png,2030,9001,0.0,120.0,ideal,adaptive_harq,1,8192,4096,2,16388,19.543012619018555,0.011109609156847,0.5744370222091675,0.7796750664710999,1,0
kodak,12.png,2030,9001,0.0,120.0,ideal,adaptive_harq,1,8192,4096,2,16388,22.40917205810547,0.005742260720580816,0.5616123676300049,0.7949793934822083,1,0
kodak,09.png,2030,9001,0.0,120.0,ideal,flowharq,1,8192,4096,2,16388,23.164138793945312,0.0048259855248034,0.4111267626285553,0.8600131869316101,1,0
kodak,10.png,2030,9001,0.0,120.0,ideal,flowharq,0,4096,4096,1,12290,27.483009338378906,0.0017852499149739742,0.5717632174491882,0.8607951998710632,0,0
kodak,11.png,2030,9001,0.0,120.0,ideal,flowharq,1,8192,4096,2,16388,19.543012619018555,0.011109609156847,0.5744370222091675,0.7796750664710999,1,0
kodak,12.png,2030,9001,0.0,120.0,ideal,flowharq,1,8192,4096,2,16388,22.40917205810547,0.005742260720580816,0.5616123676300049,0.7949793934822083,1,0
kodak,09.png,2030,9001,0.0,120.0,binary16,direct,0,4096,4096,1,12290,22.426097869873047,0.005719924811273813,0.4719492793083191,0.8279726505279541,1,1
kodak,10.png,2030,9001,0.0,120.0,binary16,direct,0,4096,4096,1,12290,27.321468353271484,0.0018529054941609502,0.5743922591209412,0.8619246482849121,0,0
kodak,11.png,2030,9001,0.0,120.0,binary16,direct,0,4096,4096,1,12290,18.928186416625977,0.012799159623682499,0.6043172478675842,0.7383672595024109,1,1
kodak,12.png,2030,9001,0.0,120.0,binary16,direct,0,4096,4096,1,12290,21.044021606445312,0.007863175123929977,0.5960150361061096,0.7414657473564148,1,1
kodak,09.png,2030,9001,0.0,120.0,binary16,full_harq,1,8192,4096,2,16388,23.16412353515625,0.004826003219932318,0.4111294150352478,0.8600128293037415,1,0
kodak,10.png,2030,9001,0.0,120.0,binary16,full_harq,1,8192,4096,2,16388,27.685932159423828,0.0017037532525137067,0.5544463992118835,0.881054699420929,0,0
kodak,11.png,2030,9001,0.0,120.0,binary16,full_harq,1,8192,4096,2,16388,19.542978286743164,0.01110969576984644,0.5744377970695496,0.7796750068664551,1,0
kodak,12.png,2030,9001,0.0,120.0,binary16,full_harq,1,8192,4096,2,16388,22.40922737121582,0.005742188077419996,0.5616023540496826,0.7949793338775635,1,0
kodak,09.png,2030,9001,0.0,120.0,binary16,fm_only,0,4096,4096,1,12290,22.4265193939209,0.005719369743019342,0.48443445563316345,0.8209490776062012,1,1
kodak,10.png,2030,9001,0.0,120.0,binary16,fm_only,0,4096,4096,1,12290,27.483028411865234,0.0017852414166554809,0.5717699527740479,0.8607942461967468,0,0
kodak,11.png,2030,9001,0.0,120.0,binary16,fm_only,0,4096,4096,1,12290,19.046676635742188,0.01245467271655798,0.6098734736442566,0.7339410781860352,1,1
kodak,12.png,2030,9001,0.0,120.0,binary16,fm_only,0,4096,4096,1,12290,21.31346893310547,0.007390147540718317,0.6356191635131836,0.7242204546928406,1,1
kodak,09.png,2030,9001,0.0,120.0,binary16,adaptive_harq,1,8192,4096,2,16388,23.16412353515625,0.004826003219932318,0.4111294150352478,0.8600128293037415,1,0
kodak,10.png,2030,9001,0.0,120.0,binary16,adaptive_harq,0,4096,4096,1,12290,27.321468353271484,0.0018529054941609502,0.5743922591209412,0.8619246482849121,0,0
kodak,11.png,2030,9001,0.0,120.0,binary16,adaptive_harq,1,8192,4096,2,16388,19.542978286743164,0.01110969576984644,0.5744377970695496,0.7796750068664551,1,0
kodak,12.png,2030,9001,0.0,120.0,binary16,adaptive_harq,1,8192,4096,2,16388,22.40922737121582,0.005742188077419996,0.5616023540496826,0.7949793338775635,1,0
kodak,09.png,2030,9001,0.0,120.0,binary16,flowharq,1,8192,4096,2,16388,23.16412353515625,0.004826003219932318,0.4111294150352478,0.8600128293037415,1,0
kodak,10.png,2030,9001,0.0,120.0,binary16,flowharq,0,4096,4096,1,12290,27.483028411865234,0.0017852414166554809,0.5717699527740479,0.8607942461967468,0,0
kodak,11.png,2030,9001,0.0,120.0,binary16,flowharq,1,8192,4096,2,16388,19.542978286743164,0.01110969576984644,0.5744377970695496,0.7796750068664551,1,0
kodak,12.png,2030,9001,0.0,120.0,binary16,flowharq,1,8192,4096,2,16388,22.40922737121582,0.005742188077419996,0.5616023540496826,0.7949793338775635,1,0
kodak,13.png,2030,9001,0.0,120.0,ideal,direct,0,4096,4096,1,12290,19.759418487548828,0.010569592006504536,0.7605818510055542,0.7332713007926941,1,1
kodak,14.png,2030,9001,0.0,120.0,ideal,direct,0,4096,4096,1,12290,17.750173568725586,0.016787366941571236,0.6436159610748291,0.6409545540809631,1,1
kodak,15.png,2030,9001,0.0,120.0,ideal,direct,0,4096,4096,1,12290,15.891828536987305,0.025752367451786995,0.8260935544967651,0.4114382565021515,1,1
kodak,16.png,2030,9001,0.0,120.0,ideal,direct,0,4096,4096,1,12290,17.41735076904297,0.018124455586075783,0.81416255235672,0.3719281852245331,1,1
kodak,13.png,2030,9001,0.0,120.0,ideal,full_harq,1,8192,4096,2,16388,19.874874114990234,0.01029230561107397,0.7587481737136841,0.7450030446052551,1,0
kodak,14.png,2030,9001,0.0,120.0,ideal,full_harq,1,8192,4096,2,16388,18.088300704956055,0.015529945492744446,0.6069853901863098,0.6720406413078308,1,0
kodak,15.png,2030,9001,0.0,120.0,ideal,full_harq,1,8192,4096,2,16388,19.3232421875,0.011686264537274837,0.656184196472168,0.7060529589653015,1,0
kodak,16.png,2030,9001,0.0,120.0,ideal,full_harq,1,8192,4096,2,16388,23.486522674560547,0.00448071863502264,0.6486896872520447,0.7676551938056946,1,0
kodak,13.png,2030,9001,0.0,120.0,ideal,fm_only,0,4096,4096,1,12290,19.883407592773438,0.010272099636495113,0.7613539099693298,0.730306088924408,1,1
kodak,14.png,2030,9001,0.0,120.0,ideal,fm_only,0,4096,4096,1,12290,17.769092559814453,0.016714397817850113,0.6594780683517456,0.6332572102546692,1,1
kodak,15.png,2030,9001,0.0,120.0,ideal,fm_only,0,4096,4096,1,12290,15.886083602905273,0.025786451995372772,0.827171266078949,0.4094128906726837,1,1
kodak,16.png,2030,9001,0.0,120.0,ideal,fm_only,0,4096,4096,1,12290,17.39591407775879,0.018214136362075806,0.8154168725013733,0.3668231964111328,1,1
kodak,13.png,2030,9001,0.0,120.0,ideal,adaptive_harq,1,8192,4096,2,16388,19.874874114990234,0.01029230561107397,0.7587481737136841,0.7450030446052551,1,0
kodak,14.png,2030,9001,0.0,120.0,ideal,adaptive_harq,1,8192,4096,2,16388,18.088300704956055,0.015529945492744446,0.6069853901863098,0.6720406413078308,1,0
kodak,15.png,2030,9001,0.0,120.0,ideal,adaptive_harq,1,8192,4096,2,16388,19.3232421875,0.011686264537274837,0.656184196472168,0.7060529589653015,1,0
kodak,16.png,2030,9001,0.0,120.0,ideal,adaptive_harq,1,8192,4096,2,16388,23.486522674560547,0.00448071863502264,0.6486896872520447,0.7676551938056946,1,0
kodak,13.png,2030,9001,0.0,120.0,ideal,flowharq,1,8192,4096,2,16388,19.874874114990234,0.01029230561107397,0.7587481737136841,0.7450030446052551,1,0
kodak,14.png,2030,9001,0.0,120.0,ideal,flowharq,1,8192,4096,2,16388,18.088300704956055,0.015529945492744446,0.6069853901863098,0.6720406413078308,1,0
kodak,15.png,2030,9001,0.0,120.0,ideal,flowharq,1,8192,4096,2,16388,19.3232421875,0.011686264537274837,0.656184196472168,0.7060529589653015,1,0
kodak,16.png,2030,9001,0.0,120.0,ideal,flowharq,1,8192,4096,2,16388,23.486522674560547,0.00448071863502264,0.6486896872520447,0.7676551938056946,1,0
kodak,13.png,2030,9001,0.0,120.0,binary16,direct,0,4096,4096,1,12290,19.75943374633789,0.010569553822278976,0.7605857253074646,0.7332709431648254,1,1
kodak,14.png,2030,9001,0.0,120.0,binary16,direct,0,4096,4096,1,12290,17.750150680541992,0.01678745448589325,0.6436219215393066,0.6409520506858826,1,1
kodak,15.png,2030,9001,0.0,120.0,binary16,direct,0,4096,4096,1,12290,15.891877174377441,0.025752076879143715,0.8260951638221741,0.41144025325775146,1,1
kodak,16.png,2030,9001,0.0,120.0,binary16,direct,0,4096,4096,1,12290,17.41732406616211,0.018124565482139587,0.8141593933105469,0.3719245493412018,1,1
kodak,13.png,2030,9001,0.0,120.0,binary16,full_harq,1,8192,4096,2,16388,19.874881744384766,0.010292286984622478,0.7587498426437378,0.7450029253959656,1,0
kodak,14.png,2030,9001,0.0,120.0,binary16,full_harq,1,8192,4096,2,16388,18.088287353515625,0.015529993921518326,0.6069899797439575,0.6720393300056458,1,0
kodak,15.png,2030,9001,0.0,120.0,binary16,full_harq,1,8192,4096,2,16388,19.323278427124023,0.011686167679727077,0.6561930179595947,0.7060524821281433,1,0
kodak,16.png,2030,9001,0.0,120.0,binary16,full_harq,1,8192,4096,2,16388,23.48645782470703,0.0044807861559093,0.648687481880188,0.7676569819450378,1,0
kodak,13.png,2030,9001,0.0,120.0,binary16,fm_only,0,4096,4096,1,12290,19.883420944213867,0.010272067971527576,0.761358380317688,0.7303056716918945,1,1
kodak,14.png,2030,9001,0.0,120.0,binary16,fm_only,0,4096,4096,1,12290,17.76906394958496,0.016714511439204216,0.6594780683517456,0.6332545876502991,1,1
kodak,15.png,2030,9001,0.0,120.0,binary16,fm_only,0,4096,4096,1,12290,15.886124610900879,0.02578621171414852,0.827172040939331,0.4094149172306061,1,1
kodak,16.png,2030,9001,0.0,120.0,binary16,fm_only,0,4096,4096,1,12290,17.39979362487793,0.01819787360727787,0.8153084516525269,0.36731162667274475,1,1
kodak,13.png,2030,9001,0.0,120.0,binary16,adaptive_harq,1,8192,4096,2,16388,19.874881744384766,0.010292286984622478,0.7587498426437378,0.7450029253959656,1,0
kodak,14.png,2030,9001,0.0,120.0,binary16,adaptive_harq,1,8192,4096,2,16388,18.088287353515625,0.015529993921518326,0.6069899797439575,0.6720393300056458,1,0
kodak,15.png,2030,9001,0.0,120.0,binary16,adaptive_harq,1,8192,4096,2,16388,19.323278427124023,0.011686167679727077,0.6561930179595947,0.7060524821281433,1,0
kodak,16.png,2030,9001,0.0,120.0,binary16,adaptive_harq,1,8192,4096,2,16388,23.48645782470703,0.0044807861559093,0.648687481880188,0.7676569819450378,1,0
kodak,13.png,2030,9001,0.0,120.0,binary16,flowharq,1,8192,4096,2,16388,19.874881744384766,0.010292286984622478,0.7587498426437378,0.7450029253959656,1,0
kodak,14.png,2030,9001,0.0,120.0,binary16,flowharq,1,8192,4096,2,16388,18.088287353515625,0.015529993921518326,0.6069899797439575,0.6720393300056458,1,0
kodak,15.png,2030,9001,0.0,120.0,binary16,flowharq,1,8192,4096,2,16388,19.323278427124023,0.011686167679727077,0.6561930179595947,0.7060524821281433,1,0
kodak,16.png,2030,9001,0.0,120.0,binary16,flowharq,1,8192,4096,2,16388,23.48645782470703,0.0044807861559093,0.648687481880188,0.7676569819450378,1,0
kodak,17.png,2030,9001,0.0,120.0,ideal,direct,0,4096,4096,1,12290,24.61479377746582,0.003455576254054904,0.5403580665588379,0.8382362723350525,0,0
kodak,18.png,2030,9001,0.0,120.0,ideal,direct,0,4096,4096,1,12290,19.05045509338379,0.01244384329766035,0.6140148043632507,0.7191867828369141,1,1
kodak,19.png,2030,9001,0.0,120.0,ideal,direct,0,4096,4096,1,12290,20.43890953063965,0.009038765914738178,0.58585524559021,0.7815842628479004,1,1
kodak,20.png,2030,9001,0.0,120.0,ideal,direct,0,4096,4096,1,12290,20.07338523864746,0.009832442738115788,0.45646563172340393,0.7798561453819275,1,1
kodak,17.png,2030,9001,0.0,120.0,ideal,full_harq,1,8192,4096,2,16388,25.006141662597656,0.0031578096095472574,0.5244047045707703,0.8601541519165039,0,0
kodak,18.png,2030,9001,0.0,120.0,ideal,full_harq,1,8192,4096,2,16388,19.256107330322266,0.01186832319945097,0.6068502068519592,0.7347548604011536,1,0
kodak,19.png,2030,9001,0.0,120.0,ideal,full_harq,1,8192,4096,2,16388,20.74948501586914,0.008414949290454388,0.5565479397773743,0.8070003986358643,1,0
kodak,20.png,2030,9001,0.0,120.0,ideal,full_harq,1,8192,4096,2,16388,21.80446434020996,0.006600147113204002,0.4282500147819519,0.8415730595588684,1,0
kodak,17.png,2030,9001,0.0,120.0,ideal,fm_only,0,4096,4096,1,12290,24.753273010253906,0.0033471316564828157,0.5368801355361938,0.8377483487129211,0,0
kodak,18.png,2030,9001,0.0,120.0,ideal,fm_only,0,4096,4096,1,12290,19.064937591552734,0.01240241527557373,0.6198967695236206,0.7131884098052979,1,1
kodak,19.png,2030,9001,0.0,120.0,ideal,fm_only,0,4096,4096,1,12290,20.418405532836914,0.009081539697945118,0.5896129608154297,0.7808775305747986,1,1
kodak,20.png,2030,9001,0.0,120.0,ideal,fm_only,0,4096,4096,1,12290,19.831451416015625,0.01039572712033987,0.6009641885757446,0.7075378894805908,1,1
kodak,17.png,2030,9001,0.0,120.0,ideal,adaptive_harq,1,8192,4096,2,16388,25.006141662597656,0.0031578096095472574,0.5244047045707703,0.8601541519165039,0,0
kodak,18.png,2030,9001,0.0,120.0,ideal,adaptive_harq,1,8192,4096,2,16388,19.256107330322266,0.01186832319945097,0.6068502068519592,0.7347548604011536,1,0
kodak,19.png,2030,9001,0.0,120.0,ideal,adaptive_harq,1,8192,4096,2,16388,20.74948501586914,0.008414949290454388,0.5565479397773743,0.8070003986358643,1,0
kodak,20.png,2030,9001,0.0,120.0,ideal,adaptive_harq,1,8192,4096,2,16388,21.80446434020996,0.006600147113204002,0.4282500147819519,0.8415730595588684,1,0
kodak,17.png,2030,9001,0.0,120.0,ideal,flowharq,1,8192,4096,2,16388,25.006141662597656,0.0031578096095472574,0.5244047045707703,0.8601541519165039,0,0
kodak,18.png,2030,9001,0.0,120.0,ideal,flowharq,1,8192,4096,2,16388,19.256107330322266,0.01186832319945097,0.6068502068519592,0.7347548604011536,1,0
kodak,19.png,2030,9001,0.0,120.0,ideal,flowharq,1,8192,4096,2,16388,20.74948501586914,0.008414949290454388,0.5565479397773743,0.8070003986358643,1,0
kodak,20.png,2030,9001,0.0,120.0,ideal,flowharq,1,8192,4096,2,16388,21.80446434020996,0.006600147113204002,0.4282500147819519,0.8415730595588684,1,0
kodak,17.png,2030,9001,0.0,120.0,binary16,direct,0,4096,4096,1,12290,24.614830017089844,0.0034555483143776655,0.540356457233429,0.8382387161254883,0,0
kodak,18.png,2030,9001,0.0,120.0,binary16,direct,0,4096,4096,1,12290,19.050460815429688,0.012443825602531433,0.6140123605728149,0.7191863059997559,1,1
kodak,19.png,2030,9001,0.0,120.0,binary16,direct,0,4096,4096,1,12290,20.438892364501953,0.009038799442350864,0.5858582854270935,0.7815850377082825,1,1
kodak,20.png,2030,9001,0.0,120.0,binary16,direct,0,4096,4096,1,12290,20.07341766357422,0.009832367300987244,0.4564611315727234,0.7798578143119812,1,1
kodak,17.png,2030,9001,0.0,120.0,binary16,full_harq,1,8192,4096,2,16388,25.006114959716797,0.003157828003168106,0.5244064927101135,0.8601551651954651,0,0
kodak,18.png,2030,9001,0.0,120.0,binary16,full_harq,1,8192,4096,2,16388,19.256101608276367,0.01186833530664444,0.6068501472473145,0.7347533106803894,1,0
kodak,19.png,2030,9001,0.0,120.0,binary16,full_harq,1,8192,4096,2,16388,20.74945640563965,0.008415003307163715,0.5565502643585205,0.8070013523101807,1,0
kodak,20.png,2030,9001,0.0,120.0,binary16,full_harq,1,8192,4096,2,16388,21.804458618164062,0.00660015270113945,0.42825737595558167,0.8415701985359192,1,0
kodak,17.png,2030,9001,0.0,120.0,binary16,fm_only,0,4096,4096,1,12290,24.753326416015625,0.003347089746966958,0.53687983751297,0.8377508521080017,0,0
kodak,18.png,2030,9001,0.0,120.0,binary16,fm_only,0,4096,4096,1,12290,19.064966201782227,0.01240233052521944,0.6198905110359192,0.7131895422935486,1,1
kodak,19.png,2030,9001,0.0,120.0,binary16,fm_only,0,4096,4096,1,12290,20.418380737304688,0.009081589989364147,0.5896153450012207,0.7808778882026672,1,1
kodak,20.png,2030,9001,0.0,120.0,binary16,fm_only,0,4096,4096,1,12290,19.831472396850586,0.010395674966275692,0.6009742021560669,0.7075381875038147,1,1
kodak,17.png,2030,9001,0.0,120.0,binary16,adaptive_harq,1,8192,4096,2,16388,25.006114959716797,0.003157828003168106,0.5244064927101135,0.8601551651954651,0,0
kodak,18.png,2030,9001,0.0,120.0,binary16,adaptive_harq,1,8192,4096,2,16388,19.256101608276367,0.01186833530664444,0.6068501472473145,0.7347533106803894,1,0
kodak,19.png,2030,9001,0.0,120.0,binary16,adaptive_harq,1,8192,4096,2,16388,20.74945640563965,0.008415003307163715,0.5565502643585205,0.8070013523101807,1,0
kodak,20.png,2030,9001,0.0,120.0,binary16,adaptive_harq,1,8192,4096,2,16388,21.804458618164062,0.00660015270113945,0.42825737595558167,0.8415701985359192,1,0
kodak,17.png,2030,9001,0.0,120.0,binary16,flowharq,1,8192,4096,2,16388,25.006114959716797,0.003157828003168106,0.5244064927101135,0.8601551651954651,0,0
kodak,18.png,2030,9001,0.0,120.0,binary16,flowharq,1,8192,4096,2,16388,19.256101608276367,0.01186833530664444,0.6068501472473145,0.7347533106803894,1,0
kodak,19.png,2030,9001,0.0,120.0,binary16,flowharq,1,8192,4096,2,16388,20.74945640563965,0.008415003307163715,0.5565502643585205,0.8070013523101807,1,0
kodak,20.png,2030,9001,0.0,120.0,binary16,flowharq,1,8192,4096,2,16388,21.804458618164062,0.00660015270113945,0.42825737595558167,0.8415701985359192,1,0
kodak,21.png,2030,9001,0.0,120.0,ideal,direct,0,4096,4096,1,12290,20.74945831298828,0.008414997719228268,0.5208629369735718,0.8129599690437317,1,1
kodak,22.png,2030,9001,0.0,120.0,ideal,direct,0,4096,4096,1,12290,20.780813217163086,0.008354462683200836,0.6098635792732239,0.75531405210495,1,1
kodak,23.png,2030,9001,0.0,120.0,ideal,direct,0,4096,4096,1,12290,23.243850708007812,0.004738215822726488,0.36174702644348145,0.8723921179771423,1,1
kodak,24.png,2030,9001,0.0,120.0,ideal,direct,0,4096,4096,1,12290,22.215129852294922,0.006004640832543373,0.6583960652351379,0.7686685919761658,1,1
kodak,21.png,2030,9001,0.0,120.0,ideal,full_harq,1,8192,4096,2,16388,20.86911392211914,0.008186315186321735,0.5144597887992859,0.8204653263092041,1,0
kodak,22.png,2030,9001,0.0,120.0,ideal,full_harq,1,8192,4096,2,16388,20.891637802124023,0.008143971674144268,0.6033112406730652,0.762637197971344,1,0
kodak,23.png,2030,9001,0.0,120.0,ideal,full_harq,1,8192,4096,2,16388,23.54395866394043,0.004421851597726345,0.34588250517845154,0.8816640377044678,1,0
kodak,24.png,2030,9001,0.0,120.0,ideal,full_harq,1,8192,4096,2,16388,22.404537200927734,0.00574839161708951,0.6468651294708252,0.7851174473762512,1,0
kodak,21.png,2030,9001,0.0,120.0,ideal,fm_only,0,4096,4096,1,12290,20.816490173339844,0.00828611571341753,0.5312362909317017,0.811789333820343,1,1
kodak,22.png,2030,9001,0.0,120.0,ideal,fm_only,0,4096,4096,1,12290,20.914058685302734,0.008102036081254482,0.6088941693305969,0.7524312138557434,1,1
kodak,23.png,2030,9001,0.0,120.0,ideal,fm_only,0,4096,4096,1,12290,23.477294921875,0.004490251187235117,0.3681522011756897,0.8715972900390625,1,1
kodak,24.png,2030,9001,0.0,120.0,ideal,fm_only,0,4096,4096,1,12290,22.396156311035156,0.0057594929821789265,0.6567219495773315,0.7604582905769348,1,1
kodak,21.png,2030,9001,0.0,120.0,ideal,adaptive_harq,1,8192,4096,2,16388,20.86911392211914,0.008186315186321735,0.5144597887992859,0.8204653263092041,1,0
kodak,22.png,2030,9001,0.0,120.0,ideal,adaptive_harq,1,8192,4096,2,16388,20.891637802124023,0.008143971674144268,0.6033112406730652,0.762637197971344,1,0
kodak,23.png,2030,9001,0.0,120.0,ideal,adaptive_harq,1,8192,4096,2,16388,23.54395866394043,0.004421851597726345,0.34588250517845154,0.8816640377044678,1,0
kodak,24.png,2030,9001,0.0,120.0,ideal,adaptive_harq,1,8192,4096,2,16388,22.404537200927734,0.00574839161708951,0.6468651294708252,0.7851174473762512,1,0
kodak,21.png,2030,9001,0.0,120.0,ideal,flowharq,1,8192,4096,2,16388,20.86911392211914,0.008186315186321735,0.5144597887992859,0.8204653263092041,1,0
kodak,22.png,2030,9001,0.0,120.0,ideal,flowharq,1,8192,4096,2,16388,20.891637802124023,0.008143971674144268,0.6033112406730652,0.762637197971344,1,0
kodak,23.png,2030,9001,0.0,120.0,ideal,flowharq,1,8192,4096,2,16388,23.54395866394043,0.004421851597726345,0.34588250517845154,0.8816640377044678,1,0
kodak,24.png,2030,9001,0.0,120.0,ideal,flowharq,1,8192,4096,2,16388,22.404537200927734,0.00574839161708951,0.6468651294708252,0.7851174473762512,1,0
kodak,21.png,2030,9001,0.0,120.0,binary16,direct,0,4096,4096,1,12290,20.749452590942383,0.008415012620389462,0.5208598971366882,0.8129606246948242,1,1
kodak,22.png,2030,9001,0.0,120.0,binary16,direct,0,4096,4096,1,12290,20.780813217163086,0.00835446361452341,0.6098658442497253,0.7553136348724365,1,1
kodak,23.png,2030,9001,0.0,120.0,binary16,direct,0,4096,4096,1,12290,23.243789672851562,0.004738283809274435,0.3617514967918396,0.872391402721405,1,1
kodak,24.png,2030,9001,0.0,120.0,binary16,direct,0,4096,4096,1,12290,22.21515464782715,0.0060046068392694,0.6583918929100037,0.7686695456504822,1,1
kodak,21.png,2030,9001,0.0,120.0,binary16,full_harq,1,8192,4096,2,16388,20.86911392211914,0.008186315186321735,0.51445472240448,0.8204663395881653,1,0
kodak,22.png,2030,9001,0.0,120.0,binary16,full_harq,1,8192,4096,2,16388,20.891647338867188,0.008143954910337925,0.6033139824867249,0.7626363635063171,1,0
kodak,23.png,2030,9001,0.0,120.0,binary16,full_harq,1,8192,4096,2,16388,23.543909072875977,0.004421902354806662,0.3458836078643799,0.881663978099823,1,0
kodak,24.png,2030,9001,0.0,120.0,binary16,full_harq,1,8192,4096,2,16388,22.404558181762695,0.005748362746089697,0.6468619108200073,0.7851181626319885,1,0
kodak,21.png,2030,9001,0.0,120.0,binary16,fm_only,0,4096,4096,1,12290,20.81648826599121,0.008286118507385254,0.5312290191650391,0.8117897510528564,1,1
kodak,22.png,2030,9001,0.0,120.0,binary16,fm_only,0,4096,4096,1,12290,20.914047241210938,0.008102058432996273,0.6088948249816895,0.7524308562278748,1,1
kodak,23.png,2030,9001,0.0,120.0,binary16,fm_only,0,4096,4096,1,12290,23.477191925048828,0.0044903564266860485,0.36815908551216125,0.8715963363647461,1,1
kodak,24.png,2030,9001,0.0,120.0,binary16,fm_only,0,4096,4096,1,12290,22.396217346191406,0.0057594142854213715,0.6567204594612122,0.760459840297699,1,1
kodak,21.png,2030,9001,0.0,120.0,binary16,adaptive_harq,1,8192,4096,2,16388,20.86911392211914,0.008186315186321735,0.51445472240448,0.8204663395881653,1,0
kodak,22.png,2030,9001,0.0,120.0,binary16,adaptive_harq,1,8192,4096,2,16388,20.891647338867188,0.008143954910337925,0.6033139824867249,0.7626363635063171,1,0
kodak,23.png,2030,9001,0.0,120.0,binary16,adaptive_harq,1,8192,4096,2,16388,23.543909072875977,0.004421902354806662,0.3458836078643799,0.881663978099823,1,0
kodak,24.png,2030,9001,0.0,120.0,binary16,adaptive_harq,1,8192,4096,2,16388,22.404558181762695,0.005748362746089697,0.6468619108200073,0.7851181626319885,1,0
kodak,21.png,2030,9001,0.0,120.0,binary16,flowharq,1,8192,4096,2,16388,20.86911392211914,0.008186315186321735,0.51445472240448,0.8204663395881653,1,0
kodak,22.png,2030,9001,0.0,120.0,binary16,flowharq,1,8192,4096,2,16388,20.891647338867188,0.008143954910337925,0.6033139824867249,0.7626363635063171,1,0
kodak,23.png,2030,9001,0.0,120.0,binary16,flowharq,1,8192,4096,2,16388,23.543909072875977,0.004421902354806662,0.3458836078643799,0.881663978099823,1,0
kodak,24.png,2030,9001,0.0,120.0,binary16,flowharq,1,8192,4096,2,16388,22.404558181762695,0.005748362746089697,0.6468619108200073,0.7851181626319885,1,0
kodak,01.png,2030,9001,3.0,30.0,ideal,direct,0,4096,4096,1,12290,19.54126739501953,0.011114071123301983,0.6247128248214722,0.7121022343635559,1,1
kodak,02.png,2030,9001,3.0,30.0,ideal,direct,0,4096,4096,1,12290,20.966856002807617,0.00800413265824318,0.6539299488067627,0.6734701991081238,1,1
kodak,03.png,2030,9001,3.0,30.0,ideal,direct,0,4096,4096,1,12290,22.516498565673828,0.005602089688181877,0.4402751326560974,0.8343049883842468,1,1
kodak,04.png,2030,9001,3.0,30.0,ideal,direct,0,4096,4096,1,12290,26.43850326538086,0.00227064685896039,0.5049779415130615,0.896265983581543,0,0
kodak,01.png,2030,9001,3.0,30.0,ideal,full_harq,1,8192,4096,2,16388,19.84485626220703,0.010363689623773098,0.5882624387741089,0.7571244239807129,1,0
kodak,02.png,2030,9001,3.0,30.0,ideal,full_harq,1,8192,4096,2,16388,21.401466369628906,0.007241914048790932,0.6462303400039673,0.6950711607933044,1,0
kodak,03.png,2030,9001,3.0,30.0,ideal,full_harq,1,8192,4096,2,16388,23.148571014404297,0.004843319300562143,0.40983057022094727,0.8593984246253967,1,0
kodak,04.png,2030,9001,3.0,30.0,ideal,full_harq,1,8192,4096,2,16388,26.94314193725586,0.002021556021645665,0.4381355345249176,0.9272508025169373,0,0
kodak,01.png,2030,9001,3.0,30.0,ideal,fm_only,0,4096,4096,1,12290,19.82657241821289,0.010407413356006145,0.6286555528640747,0.7138107419013977,1,1
kodak,02.png,2030,9001,3.0,30.0,ideal,fm_only,0,4096,4096,1,12290,21.60802459716797,0.006905538961291313,0.6876558065414429,0.636243462562561,1,1
kodak,03.png,2030,9001,3.0,30.0,ideal,fm_only,0,4096,4096,1,12290,23.252975463867188,0.004728271625936031,0.44633737206459045,0.838782787322998,1,1
kodak,04.png,2030,9001,3.0,30.0,ideal,fm_only,0,4096,4096,1,12290,26.947032928466797,0.0020197450648993254,0.5224667191505432,0.8936263918876648,0,0
kodak,01.png,2030,9001,3.0,30.0,ideal,adaptive_harq,1,8192,4096,2,16388,19.84485626220703,0.010363689623773098,0.5882624387741089,0.7571244239807129,1,0
kodak,02.png,2030,9001,3.0,30.0,ideal,adaptive_harq,1,8192,4096,2,16388,21.401466369628906,0.007241914048790932,0.6462303400039673,0.6950711607933044,1,0
kodak,03.png,2030,9001,3.0,30.0,ideal,adaptive_harq,0,4096,4096,1,12290,22.516498565673828,0.005602089688181877,0.4402751326560974,0.8343049883842468,1,1
kodak,04.png,2030,9001,3.0,30.0,ideal,adaptive_harq,0,4096,4096,1,12290,26.43850326538086,0.00227064685896039,0.5049779415130615,0.896265983581543,0,0
kodak,01.png,2030,9001,3.0,30.0,ideal,flowharq,1,8192,4096,2,16388,19.84485626220703,0.010363689623773098,0.5882624387741089,0.7571244239807129,1,0
kodak,02.png,2030,9001,3.0,30.0,ideal,flowharq,1,8192,4096,2,16388,21.401466369628906,0.007241914048790932,0.6462303400039673,0.6950711607933044,1,0
kodak,03.png,2030,9001,3.0,30.0,ideal,flowharq,0,4096,4096,1,12290,23.252975463867188,0.004728271625936031,0.44633737206459045,0.838782787322998,1,1
kodak,04.png,2030,9001,3.0,30.0,ideal,flowharq,0,4096,4096,1,12290,26.947032928466797,0.0020197450648993254,0.5224667191505432,0.8936263918876648,0,0
kodak,01.png,2030,9001,3.0,30.0,binary16,direct,0,4096,4096,1,12290,19.541284561157227,0.01111402828246355,0.6247168779373169,0.7121029496192932,1,1
kodak,02.png,2030,9001,3.0,30.0,binary16,direct,0,4096,4096,1,12290,20.96680450439453,0.008004232309758663,0.6539331078529358,0.6734665036201477,1,1
kodak,03.png,2030,9001,3.0,30.0,binary16,direct,0,4096,4096,1,12290,22.516481399536133,0.005602112505584955,0.4402743875980377,0.8343062400817871,1,1
kodak,04.png,2030,9001,3.0,30.0,binary16,direct,0,4096,4096,1,12290,26.438541412353516,0.002270627534016967,0.5049704909324646,0.8962675929069519,0,0
kodak,01.png,2030,9001,3.0,30.0,binary16,full_harq,1,8192,4096,2,16388,19.84490966796875,0.010363561101257801,0.5882622599601746,0.7571261525154114,1,0
kodak,02.png,2030,9001,3.0,30.0,binary16,full_harq,1,8192,4096,2,16388,21.401470184326172,0.007241908460855484,0.6462265253067017,0.6950680613517761,1,0
kodak,03.png,2030,9001,3.0,30.0,binary16,full_harq,1,8192,4096,2,16388,23.148557662963867,0.004843331873416901,0.4098360538482666,0.8594000339508057,1,0
kodak,04.png,2030,9001,3.0,30.0,binary16,full_harq,1,8192,4096,2,16388,26.943031311035156,0.0020216081757098436,0.4381309151649475,0.9272508025169373,0,0
kodak,01.png,2030,9001,3.0,30.0,binary16,fm_only,0,4096,4096,1,12290,19.826574325561523,0.010407407768070698,0.628660261631012,0.7138113975524902,1,1
kodak,02.png,2030,9001,3.0,30.0,binary16,fm_only,0,4096,4096,1,12290,21.607898712158203,0.006905738264322281,0.6876482963562012,0.6362400650978088,1,1
kodak,03.png,2030,9001,3.0,30.0,binary16,fm_only,0,4096,4096,1,12290,23.252948760986328,0.00472829956561327,0.4463384449481964,0.8387829661369324,1,1
kodak,04.png,2030,9001,3.0,30.0,binary16,fm_only,0,4096,4096,1,12290,26.947126388549805,0.0020197019912302494,0.5224575996398926,0.8936283588409424,0,0
kodak,01.png,2030,9001,3.0,30.0,binary16,adaptive_harq,1,8192,4096,2,16388,19.84490966796875,0.010363561101257801,0.5882622599601746,0.7571261525154114,1,0
kodak,02.png,2030,9001,3.0,30.0,binary16,adaptive_harq,1,8192,4096,2,16388,21.401470184326172,0.007241908460855484,0.6462265253067017,0.6950680613517761,1,0
kodak,03.png,2030,9001,3.0,30.0,binary16,adaptive_harq,0,4096,4096,1,12290,22.516481399536133,0.005602112505584955,0.4402743875980377,0.8343062400817871,1,1
kodak,04.png,2030,9001,3.0,30.0,binary16,adaptive_harq,0,4096,4096,1,12290,26.438541412353516,0.002270627534016967,0.5049704909324646,0.8962675929069519,0,0
kodak,01.png,2030,9001,3.0,30.0,binary16,flowharq,1,8192,4096,2,16388,19.84490966796875,0.010363561101257801,0.5882622599601746,0.7571261525154114,1,0
kodak,02.png,2030,9001,3.0,30.0,binary16,flowharq,1,8192,4096,2,16388,21.401470184326172,0.007241908460855484,0.6462265253067017,0.6950680613517761,1,0
kodak,03.png,2030,9001,3.0,30.0,binary16,flowharq,0,4096,4096,1,12290,23.252948760986328,0.00472829956561327,0.4463384449481964,0.8387829661369324,1,1
kodak,04.png,2030,9001,3.0,30.0,binary16,flowharq,0,4096,4096,1,12290,26.947126388549805,0.0020197019912302494,0.5224575996398926,0.8936283588409424,0,0
kodak,05.png,2030,9001,3.0,30.0,ideal,direct,0,4096,4096,1,12290,17.109071731567383,0.019457759335637093,0.5995356440544128,0.6828855872154236,1,1
kodak,06.png,2030,9001,3.0,30.0,ideal,direct,0,4096,4096,1,12290,20.728378295898438,0.008455947041511536,0.6674906611442566,0.7202661037445068,1,1
kodak,07.png,2030,9001,3.0,30.0,ideal,direct,0,4096,4096,1,12290,21.283893585205078,0.007440644782036543,0.5097440481185913,0.7863032817840576,1,1
kodak,08.png,2030,9001,3.0,30.0,ideal,direct,0,4096,4096,1,12290,18.063213348388672,0.015619919635355473,0.5395407676696777,0.7665650248527527,1,1
kodak,05.png,2030,9001,3.0,30.0,ideal,full_harq,1,8192,4096,2,16388,17.33148956298828,0.01848634146153927,0.5867413282394409,0.7085084915161133,1,0
kodak,06.png,2030,9001,3.0,30.0,ideal,full_harq,1,8192,4096,2,16388,20.798316955566406,0.008320862427353859,0.6626131534576416,0.7386636734008789,1,0
kodak,07.png,2030,9001,3.0,30.0,ideal,full_harq,1,8192,4096,2,16388,21.770112991333008,0.006652560085058212,0.4780855178833008,0.8162295818328857,1,0
kodak,08.png,2030,9001,3.0,30.0,ideal,full_harq,1,8192,4096,2,16388,19.563949584960938,0.01105618104338646,0.46237123012542725,0.8507019877433777,1,0
kodak,05.png,2030,9001,3.0,30.0,ideal,fm_only,0,4096,4096,1,12290,17.187822341918945,0.019108111038804054,0.6015687584877014,0.6824090480804443,1,1
kodak,06.png,2030,9001,3.0,30.0,ideal,fm_only,0,4096,4096,1,12290,20.882139205932617,0.008161804638803005,0.6725516319274902,0.7204232215881348,1,1
kodak,07.png,2030,9001,3.0,30.0,ideal,fm_only,0,4096,4096,1,12290,21.360252380371094,0.007310967892408371,0.5084599852561951,0.785066545009613,1,1
kodak,08.png,2030,9001,3.0,30.0,ideal,fm_only,0,4096,4096,1,12290,18.07174301147461,0.015589269809424877,0.5424914956092834,0.760679304599762,1,1
kodak,05.png,2030,9001,3.0,30.0,ideal,adaptive_harq,1,8192,4096,2,16388,17.33148956298828,0.01848634146153927,0.5867413282394409,0.7085084915161133,1,0
kodak,06.png,2030,9001,3.0,30.0,ideal,adaptive_harq,1,8192,4096,2,16388,20.798316955566406,0.008320862427353859,0.6626131534576416,0.7386636734008789,1,0
kodak,07.png,2030,9001,3.0,30.0,ideal,adaptive_harq,1,8192,4096,2,16388,21.770112991333008,0.006652560085058212,0.4780855178833008,0.8162295818328857,1,0
kodak,08.png,2030,9001,3.0,30.0,ideal,adaptive_harq,1,8192,4096,2,16388,19.563949584960938,0.01105618104338646,0.46237123012542725,0.8507019877433777,1,0
kodak,05.png,2030,9001,3.0,30.0,ideal,flowharq,1,8192,4096,2,16388,17.33148956298828,0.01848634146153927,0.5867413282394409,0.7085084915161133,1,0
kodak,06.png,2030,9001,3.0,30.0,ideal,flowharq,1,8192,4096,2,16388,20.798316955566406,0.008320862427353859,0.6626131534576416,0.7386636734008789,1,0
kodak,07.png,2030,9001,3.0,30.0,ideal,flowharq,1,8192,4096,2,16388,21.770112991333008,0.006652560085058212,0.4780855178833008,0.8162295818328857,1,0
kodak,08.png,2030,9001,3.0,30.0,ideal,flowharq,1,8192,4096,2,16388,19.563949584960938,0.01105618104338646,0.46237123012542725,0.8507019877433777,1,0
kodak,05.png,2030,9001,3.0,30.0,binary16,direct,0,4096,4096,1,12290,17.10909652709961,0.01945764757692814,0.599538266658783,0.682887077331543,1,1
kodak,06.png,2030,9001,3.0,30.0,binary16,direct,0,4096,4096,1,12290,20.728378295898438,0.008455947041511536,0.6674922108650208,0.7202658653259277,1,1
kodak,07.png,2030,9001,3.0,30.0,binary16,direct,0,4096,4096,1,12290,21.283885955810547,0.007440656423568726,0.5097421407699585,0.7863029837608337,1,1
kodak,08.png,2030,9001,3.0,30.0,binary16,direct,0,4096,4096,1,12290,18.063251495361328,0.01561978179961443,0.5395457744598389,0.7665643692016602,1,1
kodak,05.png,2030,9001,3.0,30.0,binary16,full_harq,1,8192,4096,2,16388,17.33151626586914,0.018486229702830315,0.586743175983429,0.7085101008415222,1,0
kodak,06.png,2030,9001,3.0,30.0,binary16,full_harq,1,8192,4096,2,16388,20.798330307006836,0.00832083448767662,0.6626148223876953,0.7386646866798401,1,0
kodak,07.png,2030,9001,3.0,30.0,binary16,full_harq,1,8192,4096,2,16388,21.770095825195312,0.006652585696429014,0.47808462381362915,0.8162285685539246,1,0
kodak,08.png,2030,9001,3.0,30.0,binary16,full_harq,1,8192,4096,2,16388,19.56395149230957,0.011056172661483288,0.4623730778694153,0.8507011532783508,1,0
kodak,05.png,2030,9001,3.0,30.0,binary16,fm_only,0,4096,4096,1,12290,17.18785285949707,0.01910797879099846,0.6015703082084656,0.6824108958244324,1,1
kodak,06.png,2030,9001,3.0,30.0,binary16,fm_only,0,4096,4096,1,12290,20.88212776184082,0.008161824196577072,0.6725515723228455,0.7204227447509766,1,1
kodak,07.png,2030,9001,3.0,30.0,binary16,fm_only,0,4096,4096,1,12290,21.360244750976562,0.007310977205634117,0.5084575414657593,0.7850658297538757,1,1
kodak,08.png,2030,9001,3.0,30.0,binary16,fm_only,0,4096,4096,1,12290,18.071914672851562,0.015588653273880482,0.5422757863998413,0.7606968879699707,1,1
kodak,05.png,2030,9001,3.0,30.0,binary16,adaptive_harq,1,8192,4096,2,16388,17.33151626586914,0.018486229702830315,0.586743175983429,0.7085101008415222,1,0
kodak,06.png,2030,9001,3.0,30.0,binary16,adaptive_harq,1,8192,4096,2,16388,20.798330307006836,0.00832083448767662,0.6626148223876953,0.7386646866798401,1,0
kodak,07.png,2030,9001,3.0,30.0,binary16,adaptive_harq,1,8192,4096,2,16388,21.770095825195312,0.006652585696429014,0.47808462381362915,0.8162285685539246,1,0
kodak,08.png,2030,9001,3.0,30.0,binary16,adaptive_harq,1,8192,4096,2,16388,19.56395149230957,0.011056172661483288,0.4623730778694153,0.8507011532783508,1,0
kodak,05.png,2030,9001,3.0,30.0,binary16,flowharq,1,8192,4096,2,16388,17.33151626586914,0.018486229702830315,0.586743175983429,0.7085101008415222,1,0
kodak,06.png,2030,9001,3.0,30.0,binary16,flowharq,1,8192,4096,2,16388,20.798330307006836,0.00832083448767662,0.6626148223876953,0.7386646866798401,1,0
kodak,07.png,2030,9001,3.0,30.0,binary16,flowharq,1,8192,4096,2,16388,21.770095825195312,0.006652585696429014,0.47808462381362915,0.8162285685539246,1,0
kodak,08.png,2030,9001,3.0,30.0,binary16,flowharq,1,8192,4096,2,16388,19.56395149230957,0.011056172661483288,0.4623730778694153,0.8507011532783508,1,0
kodak,09.png,2030,9001,3.0,30.0,ideal,direct,0,4096,4096,1,12290,23.260478973388672,0.004720109049230814,0.40280818939208984,0.8584288954734802,1,1
kodak,10.png,2030,9001,3.0,30.0,ideal,direct,0,4096,4096,1,12290,27.441482543945312,0.0018024025484919548,0.5852832794189453,0.8573060035705566,0,0
kodak,11.png,2030,9001,3.0,30.0,ideal,direct,0,4096,4096,1,12290,19.65427589416504,0.010828603059053421,0.5405917167663574,0.7905375361442566,1,1
kodak,12.png,2030,9001,3.0,30.0,ideal,direct,0,4096,4096,1,12290,20.616920471191406,0.0086757717654109,0.6346973776817322,0.7092376351356506,1,1
kodak,09.png,2030,9001,3.0,30.0,ideal,full_harq,1,8192,4096,2,16388,23.757953643798828,0.004209249746054411,0.37208080291748047,0.8823192715644836,1,0
kodak,10.png,2030,9001,3.0,30.0,ideal,full_harq,1,8192,4096,2,16388,27.851974487304688,0.001639844267629087,0.5461235046386719,0.8825474381446838,0,0
kodak,11.png,2030,9001,3.0,30.0,ideal,full_harq,1,8192,4096,2,16388,19.73989486694336,0.010617212392389774,0.5364634990692139,0.8017138838768005,1,0
kodak,12.png,2030,9001,3.0,30.0,ideal,full_harq,1,8192,4096,2,16388,22.68230438232422,0.0053922454826533794,0.5423474907875061,0.8195600509643555,1,0
kodak,09.png,2030,9001,3.0,30.0,ideal,fm_only,0,4096,4096,1,12290,23.362924575805664,0.004610070958733559,0.4056195616722107,0.8577134013175964,1,1
kodak,10.png,2030,9001,3.0,30.0,ideal,fm_only,0,4096,4096,1,12290,27.60379409790039,0.001736283884383738,0.5842631459236145,0.8559886813163757,0,0
kodak,11.png,2030,9001,3.0,30.0,ideal,fm_only,0,4096,4096,1,12290,19.813722610473633,0.010438252240419388,0.5401724576950073,0.790144681930542,1,1
kodak,12.png,2030,9001,3.0,30.0,ideal,fm_only,0,4096,4096,1,12290,20.56930160522461,0.00877141859382391,0.6749992966651917,0.6847283244132996,1,1
kodak,09.png,2030,9001,3.0,30.0,ideal,adaptive_harq,0,4096,4096,1,12290,23.260478973388672,0.004720109049230814,0.40280818939208984,0.8584288954734802,1,1
kodak,10.png,2030,9001,3.0,30.0,ideal,adaptive_harq,0,4096,4096,1,12290,27.441482543945312,0.0018024025484919548,0.5852832794189453,0.8573060035705566,0,0
kodak,11.png,2030,9001,3.0,30.0,ideal,adaptive_harq,1,8192,4096,2,16388,19.73989486694336,0.010617212392389774,0.5364634990692139,0.8017138838768005,1,0
kodak,12.png,2030,9001,3.0,30.0,ideal,adaptive_harq,1,8192,4096,2,16388,22.68230438232422,0.0053922454826533794,0.5423474907875061,0.8195600509643555,1,0
kodak,09.png,2030,9001,3.0,30.0,ideal,flowharq,0,4096,4096,1,12290,23.362924575805664,0.004610070958733559,0.4056195616722107,0.8577134013175964,1,1
kodak,10.png,2030,9001,3.0,30.0,ideal,flowharq,0,4096,4096,1,12290,27.60379409790039,0.001736283884383738,0.5842631459236145,0.8559886813163757,0,0
kodak,11.png,2030,9001,3.0,30.0,ideal,flowharq,1,8192,4096,2,16388,19.73989486694336,0.010617212392389774,0.5364634990692139,0.8017138838768005,1,0
kodak,12.png,2030,9001,3.0,30.0,ideal,flowharq,1,8192,4096,2,16388,22.68230438232422,0.0053922454826533794,0.5423474907875061,0.8195600509643555,1,0
kodak,09.png,2030,9001,3.0,30.0,binary16,direct,0,4096,4096,1,12290,23.260517120361328,0.004720068071037531,0.4028072953224182,0.8584305644035339,1,1
kodak,10.png,2030,9001,3.0,30.0,binary16,direct,0,4096,4096,1,12290,27.44145393371582,0.0018024140736088157,0.5852869749069214,0.8573072552680969,0,0
kodak,11.png,2030,9001,3.0,30.0,binary16,direct,0,4096,4096,1,12290,19.65424346923828,0.010828684084117413,0.5405848026275635,0.7905372977256775,1,1
kodak,12.png,2030,9001,3.0,30.0,binary16,direct,0,4096,4096,1,12290,20.61695098876953,0.008675708435475826,0.6346970796585083,0.7092326283454895,1,1
kodak,09.png,2030,9001,3.0,30.0,binary16,full_harq,1,8192,4096,2,16388,23.757976531982422,0.0042092264629900455,0.3720824122428894,0.8823201060295105,1,0
kodak,10.png,2030,9001,3.0,30.0,binary16,full_harq,1,8192,4096,2,16388,27.8519344329834,0.0016398589359596372,0.5461260080337524,0.882546603679657,0,0
kodak,11.png,2030,9001,3.0,30.0,binary16,full_harq,1,8192,4096,2,16388,19.739845275878906,0.01061733067035675,0.5364579558372498,0.8017132878303528,1,0
kodak,12.png,2030,9001,3.0,30.0,binary16,full_harq,1,8192,4096,2,16388,22.682350158691406,0.005392187740653753,0.5423349738121033,0.8195570111274719,1,0
kodak,09.png,2030,9001,3.0,30.0,binary16,fm_only,0,4096,4096,1,12290,23.36325454711914,0.0046097212471067905,0.40576860308647156,0.8576862812042236,1,1
kodak,10.png,2030,9001,3.0,30.0,binary16,fm_only,0,4096,4096,1,12290,27.60378646850586,0.0017362860962748528,0.5842669010162354,0.8559888005256653,0,0
kodak,11.png,2030,9001,3.0,30.0,binary16,fm_only,0,4096,4096,1,12290,19.813676834106445,0.010438360273838043,0.5401678681373596,0.7901442050933838,1,1
kodak,12.png,2030,9001,3.0,30.0,binary16,fm_only,0,4096,4096,1,12290,20.57171058654785,0.008766554296016693,0.674319326877594,0.6849755644798279,1,1
kodak,09.png,2030,9001,3.0,30.0,binary16,adaptive_harq,0,4096,4096,1,12290,23.260517120361328,0.004720068071037531,0.4028072953224182,0.8584305644035339,1,1
kodak,10.png,2030,9001,3.0,30.0,binary16,adaptive_harq,0,4096,4096,1,12290,27.44145393371582,0.0018024140736088157,0.5852869749069214,0.8573072552680969,0,0
kodak,11.png,2030,9001,3.0,30.0,binary16,adaptive_harq,1,8192,4096,2,16388,19.739845275878906,0.01061733067035675,0.5364579558372498,0.8017132878303528,1,0
kodak,12.png,2030,9001,3.0,30.0,binary16,adaptive_harq,1,8192,4096,2,16388,22.682350158691406,0.005392187740653753,0.5423349738121033,0.8195570111274719,1,0
kodak,09.png,2030,9001,3.0,30.0,binary16,flowharq,0,4096,4096,1,12290,23.36325454711914,0.0046097212471067905,0.40576860308647156,0.8576862812042236,1,1
kodak,10.png,2030,9001,3.0,30.0,binary16,flowharq,0,4096,4096,1,12290,27.60378646850586,0.0017362860962748528,0.5842669010162354,0.8559888005256653,0,0
kodak,11.png,2030,9001,3.0,30.0,binary16,flowharq,1,8192,4096,2,16388,19.739845275878906,0.01061733067035675,0.5364579558372498,0.8017132878303528,1,0
kodak,12.png,2030,9001,3.0,30.0,binary16,flowharq,1,8192,4096,2,16388,22.682350158691406,0.005392187740653753,0.5423349738121033,0.8195570111274719,1,0
kodak,13.png,2030,9001,3.0,30.0,ideal,direct,0,4096,4096,1,12290,19.069181442260742,0.012390300631523132,0.8312814235687256,0.6502500176429749,1,1
kodak,14.png,2030,9001,3.0,30.0,ideal,direct,0,4096,4096,1,12290,16.7928409576416,0.02092742919921875,0.6619542837142944,0.5601075291633606,1,1
kodak,15.png,2030,9001,3.0,30.0,ideal,direct,0,4096,4096,1,12290,21.775169372558594,0.006644817069172859,0.5614649653434753,0.802498996257782,1,1
kodak,16.png,2030,9001,3.0,30.0,ideal,direct,0,4096,4096,1,12290,24.172607421875,0.0038259513676166534,0.6077352166175842,0.8038635849952698,0,0
kodak,13.png,2030,9001,3.0,30.0,ideal,full_harq,1,8192,4096,2,16388,19.90651512145996,0.010217591188848019,0.7451249957084656,0.7560622692108154,1,0
kodak,14.png,2030,9001,3.0,30.0,ideal,full_harq,1,8192,4096,2,16388,17.670095443725586,0.01709977723658085,0.6268328428268433,0.646920382976532,1,0
kodak,15.png,2030,9001,3.0,30.0,ideal,full_harq,1,8192,4096,2,16388,21.876239776611328,0.006491962820291519,0.5537102818489075,0.8058352470397949,1,0
kodak,16.png,2030,9001,3.0,30.0,ideal,full_harq,1,8192,4096,2,16388,24.26398468017578,0.0037462906911969185,0.6064019203186035,0.8115829825401306,0,0
kodak,13.png,2030,9001,3.0,30.0,ideal,fm_only,0,4096,4096,1,12290,19.21538543701172,0.011980131268501282,0.8239767551422119,0.6433355808258057,1,1
kodak,14.png,2030,9001,3.0,30.0,ideal,fm_only,0,4096,4096,1,12290,16.616764068603516,0.02179333008825779,0.6710172295570374,0.5543755888938904,1,1
kodak,15.png,2030,9001,3.0,30.0,ideal,fm_only,0,4096,4096,1,12290,21.88553237915039,0.0064780861139297485,0.5676524639129639,0.7969827055931091,1,1
kodak,16.png,2030,9001,3.0,30.0,ideal,fm_only,0,4096,4096,1,12290,24.39188003540039,0.003637575311586261,0.6185853481292725,0.8021448254585266,0,0
kodak,13.png,2030,9001,3.0,30.0,ideal,adaptive_harq,1,8192,4096,2,16388,19.90651512145996,0.010217591188848019,0.7451249957084656,0.7560622692108154,1,0
kodak,14.png,2030,9001,3.0,30.0,ideal,adaptive_harq,1,8192,4096,2,16388,17.670095443725586,0.01709977723658085,0.6268328428268433,0.646920382976532,1,0
kodak,15.png,2030,9001,3.0,30.0,ideal,adaptive_harq,1,8192,4096,2,16388,21.876239776611328,0.006491962820291519,0.5537102818489075,0.8058352470397949,1,0
kodak,16.png,2030,9001,3.0,30.0,ideal,adaptive_harq,0,4096,4096,1,12290,24.172607421875,0.0038259513676166534,0.6077352166175842,0.8038635849952698,0,0
kodak,13.png,2030,9001,3.0,30.0,ideal,flowharq,1,8192,4096,2,16388,19.90651512145996,0.010217591188848019,0.7451249957084656,0.7560622692108154,1,0
kodak,14.png,2030,9001,3.0,30.0,ideal,flowharq,1,8192,4096,2,16388,17.670095443725586,0.01709977723658085,0.6268328428268433,0.646920382976532,1,0
kodak,15.png,2030,9001,3.0,30.0,ideal,flowharq,1,8192,4096,2,16388,21.876239776611328,0.006491962820291519,0.5537102818489075,0.8058352470397949,1,0
kodak,16.png,2030,9001,3.0,30.0,ideal,flowharq,0,4096,4096,1,12290,24.39188003540039,0.003637575311586261,0.6185853481292725,0.8021448254585266,0,0
kodak,13.png,2030,9001,3.0,30.0,binary16,direct,0,4096,4096,1,12290,19.069194793701172,0.012390263378620148,0.8312904834747314,0.6502489447593689,1,1
kodak,14.png,2030,9001,3.0,30.0,binary16,direct,0,4096,4096,1,12290,16.792871475219727,0.02092728577554226,0.6619529724121094,0.5601077675819397,1,1
kodak,15.png,2030,9001,3.0,30.0,binary16,direct,0,4096,4096,1,12290,21.775264739990234,0.006644671317189932,0.5614655017852783,0.8025007247924805,1,1
kodak,16.png,2030,9001,3.0,30.0,binary16,direct,0,4096,4096,1,12290,24.172563552856445,0.00382598745636642,0.607736349105835,0.8038637042045593,0,0
kodak,13.png,2030,9001,3.0,30.0,binary16,full_harq,1,8192,4096,2,16388,19.90652084350586,0.0102175772190094,0.7451278567314148,0.7560623288154602,1,0
kodak,14.png,2030,9001,3.0,30.0,binary16,full_harq,1,8192,4096,2,16388,17.67010498046875,0.017099736258387566,0.6268357038497925,0.6469191312789917,1,0
kodak,15.png,2030,9001,3.0,30.0,binary16,full_harq,1,8192,4096,2,16388,21.876346588134766,0.006491800770163536,0.553709864616394,0.8058373332023621,1,0
kodak,16.png,2030,9001,3.0,30.0,binary16,full_harq,1,8192,4096,2,16388,24.26393699645996,0.0037463319022208452,0.6064044833183289,0.8115816116333008,0,0
kodak,13.png,2030,9001,3.0,30.0,binary16,fm_only,0,4096,4096,1,12290,19.215408325195312,0.011980068869888783,0.823983907699585,0.6433354616165161,1,1
kodak,14.png,2030,9001,3.0,30.0,binary16,fm_only,0,4096,4096,1,12290,16.616825103759766,0.02179301716387272,0.6710149645805359,0.5543764233589172,1,1
kodak,15.png,2030,9001,3.0,30.0,binary16,fm_only,0,4096,4096,1,12290,21.885581970214844,0.006478013936430216,0.567654013633728,0.7969838976860046,1,1
kodak,16.png,2030,9001,3.0,30.0,binary16,fm_only,0,4096,4096,1,12290,24.389190673828125,0.0036398291122168303,0.6183444857597351,0.8019771575927734,0,0
kodak,13.png,2030,9001,3.0,30.0,binary16,adaptive_harq,1,8192,4096,2,16388,19.90652084350586,0.0102175772190094,0.7451278567314148,0.7560623288154602,1,0
kodak,14.png,2030,9001,3.0,30.0,binary16,adaptive_harq,1,8192,4096,2,16388,17.67010498046875,0.017099736258387566,0.6268357038497925,0.6469191312789917,1,0
kodak,15.png,2030,9001,3.0,30.0,binary16,adaptive_harq,1,8192,4096,2,16388,21.876346588134766,0.006491800770163536,0.553709864616394,0.8058373332023621,1,0
kodak,16.png,2030,9001,3.0,30.0,binary16,adaptive_harq,0,4096,4096,1,12290,24.172563552856445,0.00382598745636642,0.607736349105835,0.8038637042045593,0,0
kodak,13.png,2030,9001,3.0,30.0,binary16,flowharq,1,8192,4096,2,16388,19.90652084350586,0.0102175772190094,0.7451278567314148,0.7560623288154602,1,0
kodak,14.png,2030,9001,3.0,30.0,binary16,flowharq,1,8192,4096,2,16388,17.67010498046875,0.017099736258387566,0.6268357038497925,0.6469191312789917,1,0
kodak,15.png,2030,9001,3.0,30.0,binary16,flowharq,1,8192,4096,2,16388,21.876346588134766,0.006491800770163536,0.553709864616394,0.8058373332023621,1,0
kodak,16.png,2030,9001,3.0,30.0,binary16,flowharq,0,4096,4096,1,12290,24.389190673828125,0.0036398291122168303,0.6183444857597351,0.8019771575927734,0,0
kodak,17.png,2030,9001,3.0,30.0,ideal,direct,0,4096,4096,1,12290,23.450958251953125,0.004517562687397003,0.6002856492996216,0.781398594379425,1,1
kodak,18.png,2030,9001,3.0,30.0,ideal,direct,0,4096,4096,1,12290,16.280614852905273,0.023547165095806122,0.8105296492576599,0.4561382234096527,1,1
kodak,19.png,2030,9001,3.0,30.0,ideal,direct,0,4096,4096,1,12290,20.217533111572266,0.009511450305581093,0.6513943672180176,0.7396880984306335,1,1
kodak,20.png,2030,9001,3.0,30.0,ideal,direct,0,4096,4096,1,12290,21.78832244873047,0.006624723318964243,0.39374840259552,0.8554120063781738,1,1
kodak,17.png,2030,9001,3.0,30.0,ideal,full_harq,1,8192,4096,2,16388,23.817333221435547,0.004152087494730949,0.590988039970398,0.7987533211708069,1,0
kodak,18.png,2030,9001,3.0,30.0,ideal,full_harq,1,8192,4096,2,16388,17.938901901245117,0.016073478385806084,0.6722143888473511,0.6457270979881287,1,0
kodak,19.png,2030,9001,3.0,30.0,ideal,full_harq,1,8192,4096,2,16388,20.42302131652832,0.009071893990039825,0.6166647672653198,0.7608115077018738,1,0
kodak,20.png,2030,9001,3.0,30.0,ideal,full_harq,1,8192,4096,2,16388,22.55078887939453,0.0055580344051122665,0.3535621166229248,0.8905549645423889,1,0
kodak,17.png,2030,9001,3.0,30.0,ideal,fm_only,0,4096,4096,1,12290,23.749069213867188,0.004217868205159903,0.5979278683662415,0.7810706496238708,1,1
kodak,18.png,2030,9001,3.0,30.0,ideal,fm_only,0,4096,4096,1,12290,16.27698516845703,0.023566849529743195,0.794025719165802,0.43727537989616394,1,1
kodak,19.png,2030,9001,3.0,30.0,ideal,fm_only,0,4096,4096,1,12290,20.125350952148438,0.009715492837131023,0.6537004113197327,0.7370361685752869,1,1
kodak,20.png,2030,9001,3.0,30.0,ideal,fm_only,0,4096,4096,1,12290,21.695388793945312,0.0067680105566978455,0.4187464714050293,0.8413307070732117,1,1
kodak,17.png,2030,9001,3.0,30.0,ideal,adaptive_harq,1,8192,4096,2,16388,23.817333221435547,0.004152087494730949,0.590988039970398,0.7987533211708069,1,0
kodak,18.png,2030,9001,3.0,30.0,ideal,adaptive_harq,1,8192,4096,2,16388,17.938901901245117,0.016073478385806084,0.6722143888473511,0.6457270979881287,1,0
kodak,19.png,2030,9001,3.0,30.0,ideal,adaptive_harq,1,8192,4096,2,16388,20.42302131652832,0.009071893990039825,0.6166647672653198,0.7608115077018738,1,0
kodak,20.png,2030,9001,3.0,30.0,ideal,adaptive_harq,1,8192,4096,2,16388,22.55078887939453,0.0055580344051122665,0.3535621166229248,0.8905549645423889,1,0
kodak,17.png,2030,9001,3.0,30.0,ideal,flowharq,0,4096,4096,1,12290,23.749069213867188,0.004217868205159903,0.5979278683662415,0.7810706496238708,1,1
kodak,18.png,2030,9001,3.0,30.0,ideal,flowharq,1,8192,4096,2,16388,17.938901901245117,0.016073478385806084,0.6722143888473511,0.6457270979881287,1,0
kodak,19.png,2030,9001,3.0,30.0,ideal,flowharq,1,8192,4096,2,16388,20.42302131652832,0.009071893990039825,0.6166647672653198,0.7608115077018738,1,0
kodak,20.png,2030,9001,3.0,30.0,ideal,flowharq,1,8192,4096,2,16388,22.55078887939453,0.0055580344051122665,0.3535621166229248,0.8905549645423889,1,0
kodak,17.png,2030,9001,3.0,30.0,binary16,direct,0,4096,4096,1,12290,23.450931549072266,0.004517588298767805,0.6002857685089111,0.7814005017280579,1,1
kodak,18.png,2030,9001,3.0,30.0,binary16,direct,0,4096,4096,1,12290,16.280563354492188,0.023547440767288208,0.8105285167694092,0.4561460316181183,1,1
kodak,19.png,2030,9001,3.0,30.0,binary16,direct,0,4096,4096,1,12290,20.21749496459961,0.009511532261967659,0.6513949632644653,0.7396872043609619,1,1
kodak,20.png,2030,9001,3.0,30.0,binary16,direct,0,4096,4096,1,12290,21.788387298583984,0.006624625530093908,0.39375585317611694,0.8554072380065918,1,1
kodak,17.png,2030,9001,3.0,30.0,binary16,full_harq,1,8192,4096,2,16388,23.817358016967773,0.004152064677327871,0.5909895896911621,0.798755407333374,1,0
kodak,18.png,2030,9001,3.0,30.0,binary16,full_harq,1,8192,4096,2,16388,17.938926696777344,0.016073385253548622,0.6722145676612854,0.645728588104248,1,0
kodak,19.png,2030,9001,3.0,30.0,binary16,full_harq,1,8192,4096,2,16388,20.4229736328125,0.00907199177891016,0.6166626214981079,0.7608101963996887,1,0
kodak,20.png,2030,9001,3.0,30.0,binary16,full_harq,1,8192,4096,2,16388,22.550832748413086,0.00555797666311264,0.3535701632499695,0.8905503153800964,1,0
kodak,17.png,2030,9001,3.0,30.0,binary16,fm_only,0,4096,4096,1,12290,23.749099731445312,0.004217841196805239,0.5979294776916504,0.7810730934143066,1,1
kodak,18.png,2030,9001,3.0,30.0,binary16,fm_only,0,4096,4096,1,12290,16.276926040649414,0.023567169904708862,0.794011116027832,0.4372835159301758,1,1
kodak,19.png,2030,9001,3.0,30.0,binary16,fm_only,0,4096,4096,1,12290,20.12530517578125,0.009715594351291656,0.6537015438079834,0.7370357513427734,1,1
kodak,20.png,2030,9001,3.0,30.0,binary16,fm_only,0,4096,4096,1,12290,21.695457458496094,0.006767906714230776,0.4187527894973755,0.8413249850273132,1,1
kodak,17.png,2030,9001,3.0,30.0,binary16,adaptive_harq,1,8192,4096,2,16388,23.817358016967773,0.004152064677327871,0.5909895896911621,0.798755407333374,1,0
kodak,18.png,2030,9001,3.0,30.0,binary16,adaptive_harq,1,8192,4096,2,16388,17.938926696777344,0.016073385253548622,0.6722145676612854,0.645728588104248,1,0
kodak,19.png,2030,9001,3.0,30.0,binary16,adaptive_harq,1,8192,4096,2,16388,20.4229736328125,0.00907199177891016,0.6166626214981079,0.7608101963996887,1,0
kodak,20.png,2030,9001,3.0,30.0,binary16,adaptive_harq,1,8192,4096,2,16388,22.550832748413086,0.00555797666311264,0.3535701632499695,0.8905503153800964,1,0
kodak,17.png,2030,9001,3.0,30.0,binary16,flowharq,0,4096,4096,1,12290,23.749099731445312,0.004217841196805239,0.5979294776916504,0.7810730934143066,1,1
kodak,18.png,2030,9001,3.0,30.0,binary16,flowharq,1,8192,4096,2,16388,17.938926696777344,0.016073385253548622,0.6722145676612854,0.645728588104248,1,0
kodak,19.png,2030,9001,3.0,30.0,binary16,flowharq,1,8192,4096,2,16388,20.4229736328125,0.00907199177891016,0.6166626214981079,0.7608101963996887,1,0
kodak,20.png,2030,9001,3.0,30.0,binary16,flowharq,1,8192,4096,2,16388,22.550832748413086,0.00555797666311264,0.3535701632499695,0.8905503153800964,1,0
kodak,21.png,2030,9001,3.0,30.0,ideal,direct,0,4096,4096,1,12290,21.219257354736328,0.007552213501185179,0.5003643035888672,0.8359796404838562,1,1
kodak,22.png,2030,9001,3.0,30.0,ideal,direct,0,4096,4096,1,12290,21.12220573425293,0.007722883950918913,0.5780553221702576,0.7831690311431885,1,1
kodak,23.png,2030,9001,3.0,30.0,ideal,direct,0,4096,4096,1,12290,22.113964080810547,0.006146155297756195,0.40252894163131714,0.8411871790885925,1,1
kodak,24.png,2030,9001,3.0,30.0,ideal,direct,0,4096,4096,1,12290,21.358854293823242,0.007313319016247988,0.6875340938568115,0.6838166117668152,1,1
kodak,21.png,2030,9001,3.0,30.0,ideal,full_harq,1,8192,4096,2,16388,21.30669403076172,0.0074016861617565155,0.496624618768692,0.8424152731895447,1,0
kodak,22.png,2030,9001,3.0,30.0,ideal,full_harq,1,8192,4096,2,16388,21.128963470458984,0.0077108717523515224,0.5758563280105591,0.7888743877410889,1,0
kodak,23.png,2030,9001,3.0,30.0,ideal,full_harq,1,8192,4096,2,16388,23.758563995361328,0.0042086574248969555,0.29939618706703186,0.9028329849243164,1,0
kodak,24.png,2030,9001,3.0,30.0,ideal,full_harq,1,8192,4096,2,16388,22.310218811035156,0.005874597933143377,0.6394698023796082,0.7757713794708252,1,0
kodak,21.png,2030,9001,3.0,30.0,ideal,fm_only,0,4096,4096,1,12290,21.27533721923828,0.007455320563167334,0.5021893382072449,0.8349740505218506,1,1
kodak,22.png,2030,9001,3.0,30.0,ideal,fm_only,0,4096,4096,1,12290,21.234102249145508,0.007526441011577845,0.5781958103179932,0.7816290259361267,1,1
kodak,23.png,2030,9001,3.0,30.0,ideal,fm_only,0,4096,4096,1,12290,22.30374526977539,0.005883358418941498,0.41790851950645447,0.8323919177055359,1,1
kodak,24.png,2030,9001,3.0,30.0,ideal,fm_only,0,4096,4096,1,12290,21.294395446777344,0.007422672584652901,0.6957030296325684,0.6726040840148926,1,1
kodak,21.png,2030,9001,3.0,30.0,ideal,adaptive_harq,1,8192,4096,2,16388,21.30669403076172,0.0074016861617565155,0.496624618768692,0.8424152731895447,1,0
kodak,22.png,2030,9001,3.0,30.0,ideal,adaptive_harq,1,8192,4096,2,16388,21.128963470458984,0.0077108717523515224,0.5758563280105591,0.7888743877410889,1,0
kodak,23.png,2030,9001,3.0,30.0,ideal,adaptive_harq,1,8192,4096,2,16388,23.758563995361328,0.0042086574248969555,0.29939618706703186,0.9028329849243164,1,0
kodak,24.png,2030,9001,3.0,30.0,ideal,adaptive_harq,1,8192,4096,2,16388,22.310218811035156,0.005874597933143377,0.6394698023796082,0.7757713794708252,1,0
kodak,21.png,2030,9001,3.0,30.0,ideal,flowharq,1,8192,4096,2,16388,21.30669403076172,0.0074016861617565155,0.496624618768692,0.8424152731895447,1,0
kodak,22.png,2030,9001,3.0,30.0,ideal,flowharq,1,8192,4096,2,16388,21.128963470458984,0.0077108717523515224,0.5758563280105591,0.7888743877410889,1,0
kodak,23.png,2030,9001,3.0,30.0,ideal,flowharq,1,8192,4096,2,16388,23.758563995361328,0.0042086574248969555,0.29939618706703186,0.9028329849243164,1,0
kodak,24.png,2030,9001,3.0,30.0,ideal,flowharq,1,8192,4096,2,16388,22.310218811035156,0.005874597933143377,0.6394698023796082,0.7757713794708252,1,0
kodak,21.png,2030,9001,3.0,30.0,binary16,direct,0,4096,4096,1,12290,21.2192440032959,0.007552238181233406,0.5003664493560791,0.8359795212745667,1,1
kodak,22.png,2030,9001,3.0,30.0,binary16,direct,0,4096,4096,1,12290,21.122211456298828,0.007722869981080294,0.5780566930770874,0.7831683158874512,1,1
kodak,23.png,2030,9001,3.0,30.0,binary16,direct,0,4096,4096,1,12290,22.113924026489258,0.006146213039755821,0.40252870321273804,0.8411846160888672,1,1
kodak,24.png,2030,9001,3.0,30.0,binary16,direct,0,4096,4096,1,12290,21.358823776245117,0.007313370238989592,0.6875280141830444,0.6838160157203674,1,1
kodak,21.png,2030,9001,3.0,30.0,binary16,full_harq,1,8192,4096,2,16388,21.306684494018555,0.007401700597256422,0.4966273903846741,0.8424155116081238,1,0
kodak,22.png,2030,9001,3.0,30.0,binary16,full_harq,1,8192,4096,2,16388,21.128982543945312,0.007710840553045273,0.575857400894165,0.7888737320899963,1,0
kodak,23.png,2030,9001,3.0,30.0,binary16,full_harq,1,8192,4096,2,16388,23.758609771728516,0.004208612721413374,0.29939812421798706,0.9028324484825134,1,0
kodak,24.png,2030,9001,3.0,30.0,binary16,full_harq,1,8192,4096,2,16388,22.310211181640625,0.005874606315046549,0.6394718289375305,0.7757715582847595,1,0
kodak,21.png,2030,9001,3.0,30.0,binary16,fm_only,0,4096,4096,1,12290,21.275320053100586,0.007455348968505859,0.5021913647651672,0.8349739909172058,1,1
kodak,22.png,2030,9001,3.0,30.0,binary16,fm_only,0,4096,4096,1,12290,21.234111785888672,0.007526426110416651,0.5781962871551514,0.7816280722618103,1,1
kodak,23.png,2030,9001,3.0,30.0,binary16,fm_only,0,4096,4096,1,12290,22.3037166595459,0.005883398000150919,0.41791021823883057,0.8323893547058105,1,1
kodak,24.png,2030,9001,3.0,30.0,binary16,fm_only,0,4096,4096,1,12290,21.29442596435547,0.0074226208962500095,0.6957012414932251,0.6726056933403015,1,1
kodak,21.png,2030,9001,3.0,30.0,binary16,adaptive_harq,1,8192,4096,2,16388,21.306684494018555,0.007401700597256422,0.4966273903846741,0.8424155116081238,1,0
kodak,22.png,2030,9001,3.0,30.0,binary16,adaptive_harq,1,8192,4096,2,16388,21.128982543945312,0.007710840553045273,0.575857400894165,0.7888737320899963,1,0
kodak,23.png,2030,9001,3.0,30.0,binary16,adaptive_harq,1,8192,4096,2,16388,23.758609771728516,0.004208612721413374,0.29939812421798706,0.9028324484825134,1,0
kodak,24.png,2030,9001,3.0,30.0,binary16,adaptive_harq,1,8192,4096,2,16388,22.310211181640625,0.005874606315046549,0.6394718289375305,0.7757715582847595,1,0
kodak,21.png,2030,9001,3.0,30.0,binary16,flowharq,1,8192,4096,2,16388,21.306684494018555,0.007401700597256422,0.4966273903846741,0.8424155116081238,1,0
kodak,22.png,2030,9001,3.0,30.0,binary16,flowharq,1,8192,4096,2,16388,21.128982543945312,0.007710840553045273,0.575857400894165,0.7888737320899963,1,0
kodak,23.png,2030,9001,3.0,30.0,binary16,flowharq,1,8192,4096,2,16388,23.758609771728516,0.004208612721413374,0.29939812421798706,0.9028324484825134,1,0
kodak,24.png,2030,9001,3.0,30.0,binary16,flowharq,1,8192,4096,2,16388,22.310211181640625,0.005874606315046549,0.6394718289375305,0.7757715582847595,1,0
kodak,01.png,2030,9001,3.0,60.0,ideal,direct,0,4096,4096,1,12290,19.833454132080078,0.01039093267172575,0.6140270829200745,0.737709105014801,1,1
kodak,02.png,2030,9001,3.0,60.0,ideal,direct,0,4096,4096,1,12290,21.10125732421875,0.007760223001241684,0.6728163361549377,0.6651155352592468,1,1
kodak,03.png,2030,9001,3.0,60.0,ideal,direct,0,4096,4096,1,12290,19.323291778564453,0.011686134152114391,0.6631776094436646,0.6518438458442688,1,1
kodak,04.png,2030,9001,3.0,60.0,ideal,direct,0,4096,4096,1,12290,24.786659240722656,0.003321498865261674,0.5780978202819824,0.8170837759971619,0,0
kodak,01.png,2030,9001,3.0,60.0,ideal,full_harq,1,8192,4096,2,16388,20.116920471191406,0.009734374471008778,0.5801828503608704,0.7799437642097473,1,0
kodak,02.png,2030,9001,3.0,60.0,ideal,full_harq,1,8192,4096,2,16388,22.036840438842773,0.006256274413317442,0.5566872954368591,0.782859742641449,1,0
kodak,03.png,2030,9001,3.0,60.0,ideal,full_harq,1,8192,4096,2,16388,23.074968338012695,0.0049260989762842655,0.41691452264785767,0.846021831035614,1,0
kodak,04.png,2030,9001,3.0,60.0,ideal,full_harq,1,8192,4096,2,16388,26.82040786743164,0.0020795019809156656,0.47721782326698303,0.9132592082023621,0,0
kodak,01.png,2030,9001,3.0,60.0,ideal,fm_only,0,4096,4096,1,12290,20.024967193603516,0.009942675940692425,0.617990255355835,0.7375968098640442,1,1
kodak,02.png,2030,9001,3.0,60.0,ideal,fm_only,0,4096,4096,1,12290,21.719940185546875,0.00672985939309001,0.6926047801971436,0.6279327869415283,1,1
kodak,03.png,2030,9001,3.0,60.0,ideal,fm_only,0,4096,4096,1,12290,19.0741024017334,0.012376267462968826,0.700167179107666,0.5929556488990784,1,1
kodak,04.png,2030,9001,3.0,60.0,ideal,fm_only,0,4096,4096,1,12290,25.140644073486328,0.0030615099240094423,0.6655873656272888,0.7964120507240295,0,0
kodak,01.png,2030,9001,3.0,60.0,ideal,adaptive_harq,1,8192,4096,2,16388,20.116920471191406,0.009734374471008778,0.5801828503608704,0.7799437642097473,1,0
kodak,02.png,2030,9001,3.0,60.0,ideal,adaptive_harq,1,8192,4096,2,16388,22.036840438842773,0.006256274413317442,0.5566872954368591,0.782859742641449,1,0
kodak,03.png,2030,9001,3.0,60.0,ideal,adaptive_harq,1,8192,4096,2,16388,23.074968338012695,0.0049260989762842655,0.41691452264785767,0.846021831035614,1,0
kodak,04.png,2030,9001,3.0,60.0,ideal,adaptive_harq,0,4096,4096,1,12290,24.786659240722656,0.003321498865261674,0.5780978202819824,0.8170837759971619,0,0
kodak,01.png,2030,9001,3.0,60.0,ideal,flowharq,1,8192,4096,2,16388,20.116920471191406,0.009734374471008778,0.5801828503608704,0.7799437642097473,1,0
kodak,02.png,2030,9001,3.0,60.0,ideal,flowharq,1,8192,4096,2,16388,22.036840438842773,0.006256274413317442,0.5566872954368591,0.782859742641449,1,0
kodak,03.png,2030,9001,3.0,60.0,ideal,flowharq,1,8192,4096,2,16388,23.074968338012695,0.0049260989762842655,0.41691452264785767,0.846021831035614,1,0
kodak,04.png,2030,9001,3.0,60.0,ideal,flowharq,0,4096,4096,1,12290,25.140644073486328,0.0030615099240094423,0.6655873656272888,0.7964120507240295,0,0
kodak,01.png,2030,9001,3.0,60.0,binary16,direct,0,4096,4096,1,12290,19.833499908447266,0.010390822775661945,0.6140248775482178,0.7377099990844727,1,1
kodak,02.png,2030,9001,3.0,60.0,binary16,direct,0,4096,4096,1,12290,21.10122299194336,0.007760288659483194,0.6728172302246094,0.6651201844215393,1,1
kodak,03.png,2030,9001,3.0,60.0,binary16,direct,0,4096,4096,1,12290,19.323314666748047,0.011686070822179317,0.6631747484207153,0.6518492102622986,1,1
kodak,04.png,2030,9001,3.0,60.0,binary16,direct,0,4096,4096,1,12290,24.786779403686523,0.0033214055001735687,0.5780931711196899,0.8170852661132812,0,0
kodak,01.png,2030,9001,3.0,60.0,binary16,full_harq,1,8192,4096,2,16388,20.116962432861328,0.009734278544783592,0.5801812410354614,0.7799451947212219,1,0
kodak,02.png,2030,9001,3.0,60.0,binary16,full_harq,1,8192,4096,2,16388,22.03679656982422,0.006256341468542814,0.5566886067390442,0.7828593850135803,1,0
kodak,03.png,2030,9001,3.0,60.0,binary16,full_harq,1,8192,4096,2,16388,23.07489585876465,0.004926180001348257,0.4169177711009979,0.8460213541984558,1,0
kodak,04.png,2030,9001,3.0,60.0,binary16,full_harq,1,8192,4096,2,16388,26.8203125,0.002079547382891178,0.47721320390701294,0.9132576584815979,0,0
kodak,01.png,2030,9001,3.0,60.0,binary16,fm_only,0,4096,4096,1,12290,20.02498435974121,0.009942636825144291,0.6179915070533752,0.7375970482826233,1,1
kodak,02.png,2030,9001,3.0,60.0,binary16,fm_only,0,4096,4096,1,12290,21.71990966796875,0.00672990782186389,0.6926144361495972,0.6279430985450745,1,1
kodak,03.png,2030,9001,3.0,60.0,binary16,fm_only,0,4096,4096,1,12290,19.074058532714844,0.012376395054161549,0.700167179107666,0.5929562449455261,1,1
kodak,04.png,2030,9001,3.0,60.0,binary16,fm_only,0,4096,4096,1,12290,25.140321731567383,0.003061737632378936,0.6665647029876709,0.7961646914482117,0,0
kodak,01.png,2030,9001,3.0,60.0,binary16,adaptive_harq,1,8192,4096,2,16388,20.116962432861328,0.009734278544783592,0.5801812410354614,0.7799451947212219,1,0
kodak,02.png,2030,9001,3.0,60.0,binary16,adaptive_harq,1,8192,4096,2,16388,22.03679656982422,0.006256341468542814,0.5566886067390442,0.7828593850135803,1,0
kodak,03.png,2030,9001,3.0,60.0,binary16,adaptive_harq,1,8192,4096,2,16388,23.07489585876465,0.004926180001348257,0.4169177711009979,0.8460213541984558,1,0
kodak,04.png,2030,9001,3.0,60.0,binary16,adaptive_harq,0,4096,4096,1,12290,24.786779403686523,0.0033214055001735687,0.5780931711196899,0.8170852661132812,0,0
kodak,01.png,2030,9001,3.0,60.0,binary16,flowharq,1,8192,4096,2,16388,20.116962432861328,0.009734278544783592,0.5801812410354614,0.7799451947212219,1,0
kodak,02.png,2030,9001,3.0,60.0,binary16,flowharq,1,8192,4096,2,16388,22.03679656982422,0.006256341468542814,0.5566886067390442,0.7828593850135803,1,0
kodak,03.png,2030,9001,3.0,60.0,binary16,flowharq,1,8192,4096,2,16388,23.07489585876465,0.004926180001348257,0.4169177711009979,0.8460213541984558,1,0
kodak,04.png,2030,9001,3.0,60.0,binary16,flowharq,0,4096,4096,1,12290,25.140321731567383,0.003061737632378936,0.6665647029876709,0.7961646914482117,0,0
kodak,05.png,2030,9001,3.0,60.0,ideal,direct,0,4096,4096,1,12290,14.717277526855469,0.03374988213181496,0.7536131739616394,0.37564361095428467,1,1
kodak,06.png,2030,9001,3.0,60.0,ideal,direct,0,4096,4096,1,12290,20.46929168701172,0.008975752629339695,0.691533088684082,0.6987757086753845,1,1
kodak,07.png,2030,9001,3.0,60.0,ideal,direct,0,4096,4096,1,12290,21.492319107055664,0.007091987878084183,0.5018337965011597,0.8075556755065918,1,1
kodak,08.png,2030,9001,3.0,60.0,ideal,direct,0,4096,4096,1,12290,17.005552291870117,0.0199271310120821,0.5930296182632446,0.6987479329109192,1,1
kodak,05.png,2030,9001,3.0,60.0,ideal,full_harq,1,8192,4096,2,16388,17.307621002197266,0.018588220700621605,0.5773046016693115,0.7029206156730652,1,0
kodak,06.png,2030,9001,3.0,60.0,ideal,full_harq,1,8192,4096,2,16388,20.649879455566406,0.008610177785158157,0.675491213798523,0.7217500805854797,1,0
kodak,07.png,2030,9001,3.0,60.0,ideal,full_harq,1,8192,4096,2,16388,21.62830352783203,0.006873367354273796,0.4944700598716736,0.8179528117179871,1,0
kodak,08.png,2030,9001,3.0,60.0,ideal,full_harq,1,8192,4096,2,16388,18.424436569213867,0.0143732950091362,0.5326178073883057,0.7894291281700134,1,0
kodak,05.png,2030,9001,3.0,60.0,ideal,fm_only,0,4096,4096,1,12290,14.661544799804688,0.034185782074928284,0.7297560572624207,0.37976107001304626,1,1
kodak,06.png,2030,9001,3.0,60.0,ideal,fm_only,0,4096,4096,1,12290,20.632160186767578,0.008645378984510899,0.6925035119056702,0.6993368268013,1,1
kodak,07.png,2030,9001,3.0,60.0,ideal,fm_only,0,4096,4096,1,12290,21.600910186767578,0.006916861981153488,0.5025008916854858,0.8074274659156799,1,1
kodak,08.png,2030,9001,3.0,60.0,ideal,fm_only,0,4096,4096,1,12290,16.826595306396484,0.020765403285622597,0.5992704629898071,0.6777847409248352,1,1
kodak,05.png,2030,9001,3.0,60.0,ideal,adaptive_harq,1,8192,4096,2,16388,17.307621002197266,0.018588220700621605,0.5773046016693115,0.7029206156730652,1,0
kodak,06.png,2030,9001,3.0,60.0,ideal,adaptive_harq,1,8192,4096,2,16388,20.649879455566406,0.008610177785158157,0.675491213798523,0.7217500805854797,1,0
kodak,07.png,2030,9001,3.0,60.0,ideal,adaptive_harq,1,8192,4096,2,16388,21.62830352783203,0.006873367354273796,0.4944700598716736,0.8179528117179871,1,0
kodak,08.png,2030,9001,3.0,60.0,ideal,adaptive_harq,1,8192,4096,2,16388,18.424436569213867,0.0143732950091362,0.5326178073883057,0.7894291281700134,1,0
kodak,05.png,2030,9001,3.0,60.0,ideal,flowharq,1,8192,4096,2,16388,17.307621002197266,0.018588220700621605,0.5773046016693115,0.7029206156730652,1,0
kodak,06.png,2030,9001,3.0,60.0,ideal,flowharq,1,8192,4096,2,16388,20.649879455566406,0.008610177785158157,0.675491213798523,0.7217500805854797,1,0
kodak,07.png,2030,9001,3.0,60.0,ideal,flowharq,1,8192,4096,2,16388,21.62830352783203,0.006873367354273796,0.4944700598716736,0.8179528117179871,1,0
kodak,08.png,2030,9001,3.0,60.0,ideal,flowharq,1,8192,4096,2,16388,18.424436569213867,0.0143732950091362,0.5326178073883057,0.7894291281700134,1,0
kodak,05.png,2030,9001,3.0,60.0,binary16,direct,0,4096,4096,1,12290,14.717288970947266,0.033749792724847794,0.7536160349845886,0.3756467401981354,1,1
kodak,06.png,2030,9001,3.0,60.0,binary16,direct,0,4096,4096,1,12290,20.469310760498047,0.008975712582468987,0.6915314197540283,0.6987771987915039,1,1
kodak,07.png,2030,9001,3.0,60.0,binary16,direct,0,4096,4096,1,12290,21.492307662963867,0.0070920102298259735,0.5018320083618164,0.8075558543205261,1,1
kodak,08.png,2030,9001,3.0,60.0,binary16,direct,0,4096,4096,1,12290,17.005537033081055,0.01992719992995262,0.5930383205413818,0.6987442970275879,1,1
kodak,05.png,2030,9001,3.0,60.0,binary16,full_harq,1,8192,4096,2,16388,17.307655334472656,0.018588073551654816,0.5773048996925354,0.7029231190681458,1,0
kodak,06.png,2030,9001,3.0,60.0,binary16,full_harq,1,8192,4096,2,16388,20.64990234375,0.008610130287706852,0.6754927635192871,0.721751868724823,1,0
kodak,07.png,2030,9001,3.0,60.0,binary16,full_harq,1,8192,4096,2,16388,21.62828826904297,0.006873389706015587,0.4944678246974945,0.8179523944854736,1,0
kodak,08.png,2030,9001,3.0,60.0,binary16,full_harq,1,8192,4096,2,16388,18.42441749572754,0.014373359270393848,0.5326244831085205,0.789428174495697,1,0
kodak,05.png,2030,9001,3.0,60.0,binary16,fm_only,0,4096,4096,1,12290,14.661580085754395,0.0341855064034462,0.7297637462615967,0.379764199256897,1,1
kodak,06.png,2030,9001,3.0,60.0,binary16,fm_only,0,4096,4096,1,12290,20.632183074951172,0.008645331487059593,0.6925019025802612,0.699338436126709,1,1
kodak,07.png,2030,9001,3.0,60.0,binary16,fm_only,0,4096,4096,1,12290,21.600902557373047,0.006916873622685671,0.5024988651275635,0.8074283599853516,1,1
kodak,08.png,2030,9001,3.0,60.0,binary16,fm_only,0,4096,4096,1,12290,16.82659339904785,0.02076542191207409,0.5992718935012817,0.6777804493904114,1,1
kodak,05.png,2030,9001,3.0,60.0,binary16,adaptive_harq,1,8192,4096,2,16388,17.307655334472656,0.018588073551654816,0.5773048996925354,0.7029231190681458,1,0
kodak,06.png,2030,9001,3.0,60.0,binary16,adaptive_harq,1,8192,4096,2,16388,20.64990234375,0.008610130287706852,0.6754927635192871,0.721751868724823,1,0
kodak,07.png,2030,9001,3.0,60.0,binary16,adaptive_harq,1,8192,4096,2,16388,21.62828826904297,0.006873389706015587,0.4944678246974945,0.8179523944854736,1,0
kodak,08.png,2030,9001,3.0,60.0,binary16,adaptive_harq,1,8192,4096,2,16388,18.42441749572754,0.014373359270393848,0.5326244831085205,0.789428174495697,1,0
kodak,05.png,2030,9001,3.0,60.0,binary16,flowharq,1,8192,4096,2,16388,17.307655334472656,0.018588073551654816,0.5773048996925354,0.7029231190681458,1,0
kodak,06.png,2030,9001,3.0,60.0,binary16,flowharq,1,8192,4096,2,16388,20.64990234375,0.008610130287706852,0.6754927635192871,0.721751868724823,1,0
kodak,07.png,2030,9001,3.0,60.0,binary16,flowharq,1,8192,4096,2,16388,21.62828826904297,0.006873389706015587,0.4944678246974945,0.8179523944854736,1,0
kodak,08.png,2030,9001,3.0,60.0,binary16,flowharq,1,8192,4096,2,16388,18.42441749572754,0.014373359270393848,0.5326244831085205,0.789428174495697,1,0
kodak,09.png,2030,9001,3.0,60.0,ideal,direct,0,4096,4096,1,12290,18.611040115356445,0.013768795877695084,0.6724796295166016,0.6108713746070862,1,1
kodak,10.png,2030,9001,3.0,60.0,ideal,direct,0,4096,4096,1,12290,27.394468307495117,0.0018220199272036552,0.5682240724563599,0.8671927452087402,0,0
kodak,11.png,2030,9001,3.0,60.0,ideal,direct,0,4096,4096,1,12290,19.106002807617188,0.012285697273910046,0.5789737701416016,0.7427301406860352,1,1
kodak,12.png,2030,9001,3.0,60.0,ideal,direct,0,4096,4096,1,12290,23.245094299316406,0.004736861679702997,0.538053035736084,0.8277855515480042,1,1
kodak,09.png,2030,9001,3.0,60.0,ideal,full_harq,1,8192,4096,2,16388,23.271997451782227,0.004707608837634325,0.41329967975616455,0.858776867389679,1,0
kodak,10.png,2030,9001,3.0,60.0,ideal,full_harq,1,8192,4096,2,16388,28.143299102783203,0.001533451839350164,0.49834778904914856,0.9043633341789246,0,0
kodak,11.png,2030,9001,3.0,60.0,ideal,full_harq,1,8192,4096,2,16388,19.676706314086914,0.010772816836833954,0.5387840270996094,0.7968463897705078,1,0
kodak,12.png,2030,9001,3.0,60.0,ideal,full_harq,1,8192,4096,2,16388,23.253507614135742,0.004727693274617195,0.529270350933075,0.8323685526847839,1,0
kodak,09.png,2030,9001,3.0,60.0,ideal,fm_only,0,4096,4096,1,12290,18.493656158447266,0.01414602529257536,0.6813979148864746,0.5904543995857239,1,1
kodak,10.png,2030,9001,3.0,60.0,ideal,fm_only,0,4096,4096,1,12290,27.470666885375977,0.0017903312109410763,0.5689342021942139,0.8648908138275146,0,0
kodak,11.png,2030,9001,3.0,60.0,ideal,fm_only,0,4096,4096,1,12290,19.226177215576172,0.011950396001338959,0.587721586227417,0.7382350564002991,1,1
kodak,12.png,2030,9001,3.0,60.0,ideal,fm_only,0,4096,4096,1,12290,23.3455810546875,0.004628518130630255,0.5384320020675659,0.8278484344482422,1,1
kodak,09.png,2030,9001,3.0,60.0,ideal,adaptive_harq,1,8192,4096,2,16388,23.271997451782227,0.004707608837634325,0.41329967975616455,0.858776867389679,1,0
kodak,10.png,2030,9001,3.0,60.0,ideal,adaptive_harq,0,4096,4096,1,12290,27.394468307495117,0.0018220199272036552,0.5682240724563599,0.8671927452087402,0,0
kodak,11.png,2030,9001,3.0,60.0,ideal,adaptive_harq,1,8192,4096,2,16388,19.676706314086914,0.010772816836833954,0.5387840270996094,0.7968463897705078,1,0
kodak,12.png,2030,9001,3.0,60.0,ideal,adaptive_harq,0,4096,4096,1,12290,23.245094299316406,0.004736861679702997,0.538053035736084,0.8277855515480042,1,1
kodak,09.png,2030,9001,3.0,60.0,ideal,flowharq,1,8192,4096,2,16388,23.271997451782227,0.004707608837634325,0.41329967975616455,0.858776867389679,1,0
kodak,10.png,2030,9001,3.0,60.0,ideal,flowharq,0,4096,4096,1,12290,27.470666885375977,0.0017903312109410763,0.5689342021942139,0.8648908138275146,0,0
kodak,11.png,2030,9001,3.0,60.0,ideal,flowharq,1,8192,4096,2,16388,19.676706314086914,0.010772816836833954,0.5387840270996094,0.7968463897705078,1,0
kodak,12.png,2030,9001,3.0,60.0,ideal,flowharq,0,4096,4096,1,12290,23.3455810546875,0.004628518130630255,0.5384320020675659,0.8278484344482422,1,1
kodak,09.png,2030,9001,3.0,60.0,binary16,direct,0,4096,4096,1,12290,18.611068725585938,0.013768705539405346,0.6724907159805298,0.6108724474906921,1,1
kodak,10.png,2030,9001,3.0,60.0,binary16,direct,0,4096,4096,1,12290,27.394420623779297,0.0018220398342236876,0.568223774433136,0.8671929240226746,0,0
kodak,11.png,2030,9001,3.0,60.0,binary16,direct,0,4096,4096,1,12290,19.10597801208496,0.012285766191780567,0.578972578048706,0.7427301406860352,1,1
kodak,12.png,2030,9001,3.0,60.0,binary16,direct,0,4096,4096,1,12290,23.245105743408203,0.004736846778541803,0.5380463600158691,0.8277847766876221,1,1
kodak,09.png,2030,9001,3.0,60.0,binary16,full_harq,1,8192,4096,2,16388,23.271976470947266,0.0047076307237148285,0.4133007824420929,0.8587759137153625,1,0
kodak,10.png,2030,9001,3.0,60.0,binary16,full_harq,1,8192,4096,2,16388,28.143274307250977,0.0015334599884226918,0.4983496367931366,0.9043635725975037,0,0
kodak,11.png,2030,9001,3.0,60.0,binary16,full_harq,1,8192,4096,2,16388,19.676651000976562,0.010772954672574997,0.5387826561927795,0.7968448996543884,1,0
kodak,12.png,2030,9001,3.0,60.0,binary16,full_harq,1,8192,4096,2,16388,23.253520965576172,0.004727676510810852,0.5292618274688721,0.832368791103363,1,0
kodak,09.png,2030,9001,3.0,60.0,binary16,fm_only,0,4096,4096,1,12290,18.49367332458496,0.014145969413220882,0.6814062595367432,0.5904553532600403,1,1
kodak,10.png,2030,9001,3.0,60.0,binary16,fm_only,0,4096,4096,1,12290,27.47062873840332,0.001790346228517592,0.5689348578453064,0.8648900985717773,0,0
kodak,11.png,2030,9001,3.0,60.0,binary16,fm_only,0,4096,4096,1,12290,19.226177215576172,0.011950395070016384,0.587721586227417,0.7382352948188782,1,1
kodak,12.png,2030,9001,3.0,60.0,binary16,fm_only,0,4096,4096,1,12290,23.3455867767334,0.004628511145710945,0.5384250283241272,0.8278484344482422,1,1
kodak,09.png,2030,9001,3.0,60.0,binary16,adaptive_harq,1,8192,4096,2,16388,23.271976470947266,0.0047076307237148285,0.4133007824420929,0.8587759137153625,1,0
kodak,10.png,2030,9001,3.0,60.0,binary16,adaptive_harq,0,4096,4096,1,12290,27.394420623779297,0.0018220398342236876,0.568223774433136,0.8671929240226746,0,0
kodak,11.png,2030,9001,3.0,60.0,binary16,adaptive_harq,1,8192,4096,2,16388,19.676651000976562,0.010772954672574997,0.5387826561927795,0.7968448996543884,1,0
kodak,12.png,2030,9001,3.0,60.0,binary16,adaptive_harq,0,4096,4096,1,12290,23.245105743408203,0.004736846778541803,0.5380463600158691,0.8277847766876221,1,1
kodak,09.png,2030,9001,3.0,60.0,binary16,flowharq,1,8192,4096,2,16388,23.271976470947266,0.0047076307237148285,0.4133007824420929,0.8587759137153625,1,0
kodak,10.png,2030,9001,3.0,60.0,binary16,flowharq,0,4096,4096,1,12290,27.47062873840332,0.001790346228517592,0.5689348578453064,0.8648900985717773,0,0
kodak,11.png,2030,9001,3.0,60.0,binary16,flowharq,1,8192,4096,2,16388,19.676651000976562,0.010772954672574997,0.5387826561927795,0.7968448996543884,1,0
kodak,12.png,2030,9001,3.0,60.0,binary16,flowharq,0,4096,4096,1,12290,23.3455867767334,0.004628511145710945,0.5384250283241272,0.8278484344482422,1,1
kodak,13.png,2030,9001,3.0,60.0,ideal,direct,0,4096,4096,1,12290,19.3627872467041,0.011580340564250946,0.7947513461112976,0.6799501776695251,1,1
kodak,14.png,2030,9001,3.0,60.0,ideal,direct,0,4096,4096,1,12290,18.536422729492188,0.014007403515279293,0.5652421712875366,0.7247345447540283,1,1
kodak,15.png,2030,9001,3.0,60.0,ideal,direct,0,4096,4096,1,12290,22.28848648071289,0.005904065910726786,0.5353474020957947,0.8298848271369934,1,1
kodak,16.png,2030,9001,3.0,60.0,ideal,direct,0,4096,4096,1,12290,23.911592483520508,0.00406294222921133,0.630469799041748,0.7929973602294922,1,1
kodak,13.png,2030,9001,3.0,60.0,ideal,full_harq,1,8192,4096,2,16388,19.939254760742188,0.010140855796635151,0.7610586285591125,0.7487720847129822,1,0
kodak,14.png,2030,9001,3.0,60.0,ideal,full_harq,1,8192,4096,2,16388,19.0633602142334,0.012406918220221996,0.5296922922134399,0.7617248892784119,1,0
kodak,15.png,2030,9001,3.0,60.0,ideal,full_harq,1,8192,4096,2,16388,22.553062438964844,0.005555125419050455,0.5141922235488892,0.8471388816833496,1,0
kodak,16.png,2030,9001,3.0,60.0,ideal,full_harq,1,8192,4096,2,16388,24.350021362304688,0.0036728056147694588,0.6045143604278564,0.8206148147583008,0,0
kodak,13.png,2030,9001,3.0,60.0,ideal,fm_only,0,4096,4096,1,12290,19.458927154541016,0.011326801963150501,0.7956104278564453,0.673853874206543,1,1
kodak,14.png,2030,9001,3.0,60.0,ideal,fm_only,0,4096,4096,1,12290,18.724647521972656,0.013413291424512863,0.571463942527771,0.7250122427940369,1,1
kodak,15.png,2030,9001,3.0,60.0,ideal,fm_only,0,4096,4096,1,12290,22.59914207458496,0.005496495869010687,0.5407280921936035,0.8269556164741516,1,1
kodak,16.png,2030,9001,3.0,60.0,ideal,fm_only,0,4096,4096,1,12290,24.10987091064453,0.00388161838054657,0.6382609605789185,0.7902525067329407,0,0
kodak,13.png,2030,9001,3.0,60.0,ideal,adaptive_harq,1,8192,4096,2,16388,19.939254760742188,0.010140855796635151,0.7610586285591125,0.7487720847129822,1,0
kodak,14.png,2030,9001,3.0,60.0,ideal,adaptive_harq,1,8192,4096,2,16388,19.0633602142334,0.012406918220221996,0.5296922922134399,0.7617248892784119,1,0
kodak,15.png,2030,9001,3.0,60.0,ideal,adaptive_harq,1,8192,4096,2,16388,22.553062438964844,0.005555125419050455,0.5141922235488892,0.8471388816833496,1,0
kodak,16.png,2030,9001,3.0,60.0,ideal,adaptive_harq,0,4096,4096,1,12290,23.911592483520508,0.00406294222921133,0.630469799041748,0.7929973602294922,1,1
kodak,13.png,2030,9001,3.0,60.0,ideal,flowharq,1,8192,4096,2,16388,19.939254760742188,0.010140855796635151,0.7610586285591125,0.7487720847129822,1,0
kodak,14.png,2030,9001,3.0,60.0,ideal,flowharq,1,8192,4096,2,16388,19.0633602142334,0.012406918220221996,0.5296922922134399,0.7617248892784119,1,0
kodak,15.png,2030,9001,3.0,60.0,ideal,flowharq,1,8192,4096,2,16388,22.553062438964844,0.005555125419050455,0.5141922235488892,0.8471388816833496,1,0
kodak,16.png,2030,9001,3.0,60.0,ideal,flowharq,0,4096,4096,1,12290,24.10987091064453,0.00388161838054657,0.6382609605789185,0.7902525067329407,0,0
kodak,13.png,2030,9001,3.0,60.0,binary16,direct,0,4096,4096,1,12290,19.36278533935547,0.01158034335821867,0.7947527170181274,0.6799473166465759,1,1
kodak,14.png,2030,9001,3.0,60.0,binary16,direct,0,4096,4096,1,12290,18.536439895629883,0.01400734856724739,0.5652378797531128,0.7247338891029358,1,1
kodak,15.png,2030,9001,3.0,60.0,binary16,direct,0,4096,4096,1,12290,22.288528442382812,0.005904012825340033,0.5353480577468872,0.8298845291137695,1,1
kodak,16.png,2030,9001,3.0,60.0,binary16,direct,0,4096,4096,1,12290,23.911582946777344,0.004062952473759651,0.6304662227630615,0.7929989695549011,1,1
kodak,13.png,2030,9001,3.0,60.0,binary16,full_harq,1,8192,4096,2,16388,19.93923568725586,0.01014089584350586,0.761059582233429,0.7487702369689941,1,0
kodak,14.png,2030,9001,3.0,60.0,binary16,full_harq,1,8192,4096,2,16388,19.063411712646484,0.012406771071255207,0.5296845436096191,0.7617262005805969,1,0
kodak,15.png,2030,9001,3.0,60.0,binary16,full_harq,1,8192,4096,2,16388,22.553123474121094,0.005555045325309038,0.5141868591308594,0.8471402525901794,1,0
kodak,16.png,2030,9001,3.0,60.0,binary16,full_harq,1,8192,4096,2,16388,24.35002899169922,0.0036727997940033674,0.6045176982879639,0.8206157684326172,0,0
kodak,13.png,2030,9001,3.0,60.0,binary16,fm_only,0,4096,4096,1,12290,19.458906173706055,0.01132685411721468,0.7956109046936035,0.6738490462303162,1,1
kodak,14.png,2030,9001,3.0,60.0,binary16,fm_only,0,4096,4096,1,12290,18.724637985229492,0.013413317501544952,0.5714601278305054,0.7250105738639832,1,1
kodak,15.png,2030,9001,3.0,60.0,binary16,fm_only,0,4096,4096,1,12290,22.599132537841797,0.00549650751054287,0.5407312512397766,0.8269547820091248,1,1
kodak,16.png,2030,9001,3.0,60.0,binary16,fm_only,0,4096,4096,1,12290,24.109901428222656,0.0038815916050225496,0.6382573843002319,0.7902567982673645,0,0
kodak,13.png,2030,9001,3.0,60.0,binary16,adaptive_harq,1,8192,4096,2,16388,19.93923568725586,0.01014089584350586,0.761059582233429,0.7487702369689941,1,0
kodak,14.png,2030,9001,3.0,60.0,binary16,adaptive_harq,1,8192,4096,2,16388,19.063411712646484,0.012406771071255207,0.5296845436096191,0.7617262005805969,1,0
kodak,15.png,2030,9001,3.0,60.0,binary16,adaptive_harq,1,8192,4096,2,16388,22.553123474121094,0.005555045325309038,0.5141868591308594,0.8471402525901794,1,0
kodak,16.png,2030,9001,3.0,60.0,binary16,adaptive_harq,0,4096,4096,1,12290,23.911582946777344,0.004062952473759651,0.6304662227630615,0.7929989695549011,1,1
kodak,13.png,2030,9001,3.0,60.0,binary16,flowharq,1,8192,4096,2,16388,19.93923568725586,0.01014089584350586,0.761059582233429,0.7487702369689941,1,0
kodak,14.png,2030,9001,3.0,60.0,binary16,flowharq,1,8192,4096,2,16388,19.063411712646484,0.012406771071255207,0.5296845436096191,0.7617262005805969,1,0
kodak,15.png,2030,9001,3.0,60.0,binary16,flowharq,1,8192,4096,2,16388,22.553123474121094,0.005555045325309038,0.5141868591308594,0.8471402525901794,1,0
kodak,16.png,2030,9001,3.0,60.0,binary16,flowharq,0,4096,4096,1,12290,24.109901428222656,0.0038815916050225496,0.6382573843002319,0.7902567982673645,0,0
kodak,17.png,2030,9001,3.0,60.0,ideal,direct,0,4096,4096,1,12290,25.199108123779297,0.003020571544766426,0.5240980386734009,0.8751601576805115,0,0
kodak,18.png,2030,9001,3.0,60.0,ideal,direct,0,4096,4096,1,12290,18.713890075683594,0.013446551747620106,0.6457784175872803,0.7004135251045227,1,1
kodak,19.png,2030,9001,3.0,60.0,ideal,direct,0,4096,4096,1,12290,20.657440185546875,0.00859520398080349,0.584895670413971,0.7969179153442383,1,1
kodak,20.png,2030,9001,3.0,60.0,ideal,direct,0,4096,4096,1,12290,23.398616790771484,0.0045723388902843,0.3050306737422943,0.921809732913971,1,1
kodak,17.png,2030,9001,3.0,60.0,ideal,full_harq,1,8192,4096,2,16388,25.503141403198242,0.002816344378516078,0.5133466720581055,0.8899608254432678,0,0
kodak,18.png,2030,9001,3.0,60.0,ideal,full_harq,1,8192,4096,2,16388,20.00452995300293,0.00998957734555006,0.5483854413032532,0.8063823580741882,1,0
kodak,19.png,2030,9001,3.0,60.0,ideal,full_harq,1,8192,4096,2,16388,20.80846405029297,0.00830144714564085,0.5548347234725952,0.8135434985160828,1,0
kodak,20.png,2030,9001,3.0,60.0,ideal,full_harq,1,8192,4096,2,16388,23.520301818847656,0.004446003120392561,0.30368292331695557,0.9262316823005676,1,0
kodak,17.png,2030,9001,3.0,60.0,ideal,fm_only,0,4096,4096,1,12290,25.34054946899414,0.002923782682046294,0.5214383602142334,0.8738842010498047,0,0
kodak,18.png,2030,9001,3.0,60.0,ideal,fm_only,0,4096,4096,1,12290,18.76874351501465,0.01327778771519661,0.6465991735458374,0.6945933699607849,1,1
kodak,19.png,2030,9001,3.0,60.0,ideal,fm_only,0,4096,4096,1,12290,20.629873275756836,0.008649933151900768,0.5851579904556274,0.7966623306274414,1,1
kodak,20.png,2030,9001,3.0,60.0,ideal,fm_only,0,4096,4096,1,12290,23.430044174194336,0.004539369139820337,0.3053489923477173,0.9217451214790344,1,1
kodak,17.png,2030,9001,3.0,60.0,ideal,adaptive_harq,0,4096,4096,1,12290,25.199108123779297,0.003020571544766426,0.5240980386734009,0.8751601576805115,0,0
kodak,18.png,2030,9001,3.0,60.0,ideal,adaptive_harq,1,8192,4096,2,16388,20.00452995300293,0.00998957734555006,0.5483854413032532,0.8063823580741882,1,0
kodak,19.png,2030,9001,3.0,60.0,ideal,adaptive_harq,1,8192,4096,2,16388,20.80846405029297,0.00830144714564085,0.5548347234725952,0.8135434985160828,1,0
kodak,20.png,2030,9001,3.0,60.0,ideal,adaptive_harq,0,4096,4096,1,12290,23.398616790771484,0.0045723388902843,0.3050306737422943,0.921809732913971,1,1
kodak,17.png,2030,9001,3.0,60.0,ideal,flowharq,0,4096,4096,1,12290,25.34054946899414,0.002923782682046294,0.5214383602142334,0.8738842010498047,0,0
kodak,18.png,2030,9001,3.0,60.0,ideal,flowharq,1,8192,4096,2,16388,20.00452995300293,0.00998957734555006,0.5483854413032532,0.8063823580741882,1,0
kodak,19.png,2030,9001,3.0,60.0,ideal,flowharq,1,8192,4096,2,16388,20.80846405029297,0.00830144714564085,0.5548347234725952,0.8135434985160828,1,0
kodak,20.png,2030,9001,3.0,60.0,ideal,flowharq,0,4096,4096,1,12290,23.430044174194336,0.004539369139820337,0.3053489923477173,0.9217451214790344,1,1
kodak,17.png,2030,9001,3.0,60.0,binary16,direct,0,4096,4096,1,12290,25.199119567871094,0.003020564327016473,0.5241051912307739,0.8751614689826965,0,0
kodak,18.png,2030,9001,3.0,60.0,binary16,direct,0,4096,4096,1,12290,18.713905334472656,0.013446507044136524,0.6457750201225281,0.7004148960113525,1,1
kodak,19.png,2030,9001,3.0,60.0,binary16,direct,0,4096,4096,1,12290,20.657413482666016,0.008595255203545094,0.5848935842514038,0.7969176173210144,1,1
kodak,20.png,2030,9001,3.0,60.0,binary16,direct,0,4096,4096,1,12290,23.39864730834961,0.004572306293994188,0.3050355613231659,0.9218071103096008,1,1
kodak,17.png,2030,9001,3.0,60.0,binary16,full_harq,1,8192,4096,2,16388,25.50311851501465,0.0028163602109998465,0.5133526921272278,0.8899617791175842,0,0
kodak,18.png,2030,9001,3.0,60.0,binary16,full_harq,1,8192,4096,2,16388,20.004465103149414,0.0099897226318717,0.5483828783035278,0.8063809871673584,1,0
kodak,19.png,2030,9001,3.0,60.0,binary16,full_harq,1,8192,4096,2,16388,20.808433532714844,0.008301499299705029,0.5548361539840698,0.8135424256324768,1,0
kodak,20.png,2030,9001,3.0,60.0,binary16,full_harq,1,8192,4096,2,16388,23.520339965820312,0.0044459630735218525,0.3036870062351227,0.9262306094169617,1,0
kodak,17.png,2030,9001,3.0,60.0,binary16,fm_only,0,4096,4096,1,12290,25.34060287475586,0.0029237475246191025,0.5214438438415527,0.8738868236541748,0,0
kodak,18.png,2030,9001,3.0,60.0,binary16,fm_only,0,4096,4096,1,12290,18.76877212524414,0.013277694582939148,0.6465957760810852,0.6945955157279968,1,1
kodak,19.png,2030,9001,3.0,60.0,binary16,fm_only,0,4096,4096,1,12290,20.629840850830078,0.008649996481835842,0.5851563811302185,0.7966625094413757,1,1
kodak,20.png,2030,9001,3.0,60.0,binary16,fm_only,0,4096,4096,1,12290,23.43008041381836,0.004539331886917353,0.30535343289375305,0.9217436909675598,1,1
kodak,17.png,2030,9001,3.0,60.0,binary16,adaptive_harq,0,4096,4096,1,12290,25.199119567871094,0.003020564327016473,0.5241051912307739,0.8751614689826965,0,0
kodak,18.png,2030,9001,3.0,60.0,binary16,adaptive_harq,1,8192,4096,2,16388,20.004465103149414,0.0099897226318717,0.5483828783035278,0.8063809871673584,1,0
kodak,19.png,2030,9001,3.0,60.0,binary16,adaptive_harq,1,8192,4096,2,16388,20.808433532714844,0.008301499299705029,0.5548361539840698,0.8135424256324768,1,0
kodak,20.png,2030,9001,3.0,60.0,binary16,adaptive_harq,0,4096,4096,1,12290,23.39864730834961,0.004572306293994188,0.3050355613231659,0.9218071103096008,1,1
kodak,17.png,2030,9001,3.0,60.0,binary16,flowharq,0,4096,4096,1,12290,25.34060287475586,0.0029237475246191025,0.5214438438415527,0.8738868236541748,0,0
kodak,18.png,2030,9001,3.0,60.0,binary16,flowharq,1,8192,4096,2,16388,20.004465103149414,0.0099897226318717,0.5483828783035278,0.8063809871673584,1,0
kodak,19.png,2030,9001,3.0,60.0,binary16,flowharq,1,8192,4096,2,16388,20.808433532714844,0.008301499299705029,0.5548361539840698,0.8135424256324768,1,0
kodak,20.png,2030,9001,3.0,60.0,binary16,flowharq,0,4096,4096,1,12290,23.43008041381836,0.004539331886917353,0.30535343289375305,0.9217436909675598,1,1
kodak,21.png,2030,9001,3.0,60.0,ideal,direct,0,4096,4096,1,12290,20.70155143737793,0.008508339524269104,0.5310614109039307,0.7968413829803467,1,1
kodak,22.png,2030,9001,3.0,60.0,ideal,direct,0,4096,4096,1,12290,20.76561737060547,0.00838374998420477,0.6108821630477905,0.7323065400123596,1,1
kodak,23.png,2030,9001,3.0,60.0,ideal,direct,0,4096,4096,1,12290,14.776915550231934,0.0332895889878273,0.7963727116584778,0.49007847905158997,1,1
kodak,24.png,2030,9001,3.0,60.0,ideal,direct,0,4096,4096,1,12290,22.655010223388672,0.005426241084933281,0.6467286944389343,0.792067289352417,1,1
kodak,21.png,2030,9001,3.0,60.0,ideal,full_harq,1,8192,4096,2,16388,21.08750343322754,0.007784841116517782,0.5152872204780579,0.8308327794075012,1,0
kodak,22.png,2030,9001,3.0,60.0,ideal,full_harq,1,8192,4096,2,16388,21.094932556152344,0.0077715348452329636,0.5907785892486572,0.7631804943084717,1,0
kodak,23.png,2030,9001,3.0,60.0,ideal,full_harq,1,8192,4096,2,16388,23.730022430419922,0.004236406646668911,0.3065324127674103,0.8997354507446289,1,0
kodak,24.png,2030,9001,3.0,60.0,ideal,full_harq,1,8192,4096,2,16388,23.5550594329834,0.004410563036799431,0.5625697374343872,0.8666537404060364,1,0
kodak,21.png,2030,9001,3.0,60.0,ideal,fm_only,0,4096,4096,1,12290,20.757734298706055,0.00839898083359003,0.5437464714050293,0.7948422431945801,1,1
kodak,22.png,2030,9001,3.0,60.0,ideal,fm_only,0,4096,4096,1,12290,20.87950897216797,0.00816674716770649,0.614140510559082,0.7279171943664551,1,1
kodak,23.png,2030,9001,3.0,60.0,ideal,fm_only,0,4096,4096,1,12290,15.002860069274902,0.03160196170210838,0.7740647792816162,0.5112534165382385,1,1
kodak,24.png,2030,9001,3.0,60.0,ideal,fm_only,0,4096,4096,1,12290,22.831525802612305,0.005210116971284151,0.6440282464027405,0.7880433201789856,1,1
kodak,21.png,2030,9001,3.0,60.0,ideal,adaptive_harq,1,8192,4096,2,16388,21.08750343322754,0.007784841116517782,0.5152872204780579,0.8308327794075012,1,0
kodak,22.png,2030,9001,3.0,60.0,ideal,adaptive_harq,1,8192,4096,2,16388,21.094932556152344,0.0077715348452329636,0.5907785892486572,0.7631804943084717,1,0
kodak,23.png,2030,9001,3.0,60.0,ideal,adaptive_harq,1,8192,4096,2,16388,23.730022430419922,0.004236406646668911,0.3065324127674103,0.8997354507446289,1,0
kodak,24.png,2030,9001,3.0,60.0,ideal,adaptive_harq,1,8192,4096,2,16388,23.5550594329834,0.004410563036799431,0.5625697374343872,0.8666537404060364,1,0
kodak,21.png,2030,9001,3.0,60.0,ideal,flowharq,1,8192,4096,2,16388,21.08750343322754,0.007784841116517782,0.5152872204780579,0.8308327794075012,1,0
kodak,22.png,2030,9001,3.0,60.0,ideal,flowharq,1,8192,4096,2,16388,21.094932556152344,0.0077715348452329636,0.5907785892486572,0.7631804943084717,1,0
kodak,23.png,2030,9001,3.0,60.0,ideal,flowharq,1,8192,4096,2,16388,23.730022430419922,0.004236406646668911,0.3065324127674103,0.8997354507446289,1,0
kodak,24.png,2030,9001,3.0,60.0,ideal,flowharq,1,8192,4096,2,16388,23.5550594329834,0.004410563036799431,0.5625697374343872,0.8666537404060364,1,0
kodak,21.png,2030,9001,3.0,60.0,binary16,direct,0,4096,4096,1,12290,20.70155143737793,0.008508340455591679,0.5310630798339844,0.7968409657478333,1,1
kodak,22.png,2030,9001,3.0,60.0,binary16,direct,0,4096,4096,1,12290,20.765626907348633,0.008383731357753277,0.6108840703964233,0.7323040962219238,1,1
kodak,23.png,2030,9001,3.0,60.0,binary16,direct,0,4096,4096,1,12290,14.776899337768555,0.03328971192240715,0.7963838577270508,0.49007758498191833,1,1
kodak,24.png,2030,9001,3.0,60.0,binary16,direct,0,4096,4096,1,12290,22.65496253967285,0.00542629836127162,0.6467276215553284,0.7920668721199036,1,1
kodak,21.png,2030,9001,3.0,60.0,binary16,full_harq,1,8192,4096,2,16388,21.08751106262207,0.007784826681017876,0.5152857303619385,0.8308334350585938,1,0
kodak,22.png,2030,9001,3.0,60.0,binary16,full_harq,1,8192,4096,2,16388,21.094959259033203,0.007771488279104233,0.5907794833183289,0.7631783485412598,1,0
kodak,23.png,2030,9001,3.0,60.0,binary16,full_harq,1,8192,4096,2,16388,23.730037689208984,0.004236393608152866,0.30653858184814453,0.8997350335121155,1,0
kodak,24.png,2030,9001,3.0,60.0,binary16,full_harq,1,8192,4096,2,16388,23.55506134033203,0.004410561639815569,0.5625684261322021,0.8666539192199707,1,0
kodak,21.png,2030,9001,3.0,60.0,binary16,fm_only,0,4096,4096,1,12290,20.75771713256836,0.008399010635912418,0.5437455773353577,0.7948409914970398,1,1
kodak,22.png,2030,9001,3.0,60.0,binary16,fm_only,0,4096,4096,1,12290,20.879520416259766,0.008166722021996975,0.6141436100006104,0.7279160022735596,1,1
kodak,23.png,2030,9001,3.0,60.0,binary16,fm_only,0,4096,4096,1,12290,14.998590469360352,0.031633034348487854,0.7753373980522156,0.5111470818519592,1,1
kodak,24.png,2030,9001,3.0,60.0,binary16,fm_only,0,4096,4096,1,12290,22.831504821777344,0.005210141185671091,0.6440292596817017,0.7880422472953796,1,1
kodak,21.png,2030,9001,3.0,60.0,binary16,adaptive_harq,1,8192,4096,2,16388,21.08751106262207,0.007784826681017876,0.5152857303619385,0.8308334350585938,1,0
kodak,22.png,2030,9001,3.0,60.0,binary16,adaptive_harq,1,8192,4096,2,16388,21.094959259033203,0.007771488279104233,0.5907794833183289,0.7631783485412598,1,0
kodak,23.png,2030,9001,3.0,60.0,binary16,adaptive_harq,1,8192,4096,2,16388,23.730037689208984,0.004236393608152866,0.30653858184814453,0.8997350335121155,1,0
kodak,24.png,2030,9001,3.0,60.0,binary16,adaptive_harq,1,8192,4096,2,16388,23.55506134033203,0.004410561639815569,0.5625684261322021,0.8666539192199707,1,0
kodak,21.png,2030,9001,3.0,60.0,binary16,flowharq,1,8192,4096,2,16388,21.08751106262207,0.007784826681017876,0.5152857303619385,0.8308334350585938,1,0
kodak,22.png,2030,9001,3.0,60.0,binary16,flowharq,1,8192,4096,2,16388,21.094959259033203,0.007771488279104233,0.5907794833183289,0.7631783485412598,1,0
kodak,23.png,2030,9001,3.0,60.0,binary16,flowharq,1,8192,4096,2,16388,23.730037689208984,0.004236393608152866,0.30653858184814453,0.8997350335121155,1,0
kodak,24.png,2030,9001,3.0,60.0,binary16,flowharq,1,8192,4096,2,16388,23.55506134033203,0.004410561639815569,0.5625684261322021,0.8666539192199707,1,0
kodak,01.png,2030,9001,3.0,90.0,ideal,direct,0,4096,4096,1,12290,19.307186126708984,0.01172955334186554,0.6548964381217957,0.6883441805839539,1,1
kodak,02.png,2030,9001,3.0,90.0,ideal,direct,0,4096,4096,1,12290,21.845218658447266,0.006538501009345055,0.5209031701087952,0.8052845001220703,1,1
kodak,03.png,2030,9001,3.0,90.0,ideal,direct,0,4096,4096,1,12290,20.638710021972656,0.008632351644337177,0.5913352966308594,0.6807262301445007,1,1
kodak,04.png,2030,9001,3.0,90.0,ideal,direct,0,4096,4096,1,12290,24.302473068237305,0.0037132364232093096,0.5578157305717468,0.7769139409065247,0,0
kodak,01.png,2030,9001,3.0,90.0,ideal,full_harq,1,8192,4096,2,16388,19.351909637451172,0.011609380133450031,0.6431291103363037,0.6942042708396912,1,0
kodak,02.png,2030,9001,3.0,90.0,ideal,full_harq,1,8192,4096,2,16388,22.03354835510254,0.006261020433157682,0.5086889266967773,0.8230342864990234,1,0
kodak,03.png,2030,9001,3.0,90.0,ideal,full_harq,1,8192,4096,2,16388,22.945846557617188,0.005074757616966963,0.44354477524757385,0.8356364369392395,1,0
kodak,04.png,2030,9001,3.0,90.0,ideal,full_harq,1,8192,4096,2,16388,26.41312026977539,0.0022839566227048635,0.5154026746749878,0.8670558333396912,0,0
kodak,01.png,2030,9001,3.0,90.0,ideal,fm_only,0,4096,4096,1,12290,19.584213256835938,0.011004715226590633,0.6687747240066528,0.6870019435882568,1,1
kodak,02.png,2030,9001,3.0,90.0,ideal,fm_only,0,4096,4096,1,12290,22.22595977783203,0.00598968705162406,0.5237885117530823,0.8045304417610168,1,1
kodak,03.png,2030,9001,3.0,90.0,ideal,fm_only,0,4096,4096,1,12290,20.22871208190918,0.00948699563741684,0.6224071383476257,0.6400700807571411,1,1
kodak,04.png,2030,9001,3.0,90.0,ideal,fm_only,0,4096,4096,1,12290,24.41765785217285,0.003616049187257886,0.6592477560043335,0.7556595206260681,0,0
kodak,01.png,2030,9001,3.0,90.0,ideal,adaptive_harq,1,8192,4096,2,16388,19.351909637451172,0.011609380133450031,0.6431291103363037,0.6942042708396912,1,0
kodak,02.png,2030,9001,3.0,90.0,ideal,adaptive_harq,1,8192,4096,2,16388,22.03354835510254,0.006261020433157682,0.5086889266967773,0.8230342864990234,1,0
kodak,03.png,2030,9001,3.0,90.0,ideal,adaptive_harq,1,8192,4096,2,16388,22.945846557617188,0.005074757616966963,0.44354477524757385,0.8356364369392395,1,0
kodak,04.png,2030,9001,3.0,90.0,ideal,adaptive_harq,0,4096,4096,1,12290,24.302473068237305,0.0037132364232093096,0.5578157305717468,0.7769139409065247,0,0
kodak,01.png,2030,9001,3.0,90.0,ideal,flowharq,1,8192,4096,2,16388,19.351909637451172,0.011609380133450031,0.6431291103363037,0.6942042708396912,1,0
kodak,02.png,2030,9001,3.0,90.0,ideal,flowharq,1,8192,4096,2,16388,22.03354835510254,0.006261020433157682,0.5086889266967773,0.8230342864990234,1,0
kodak,03.png,2030,9001,3.0,90.0,ideal,flowharq,1,8192,4096,2,16388,22.945846557617188,0.005074757616966963,0.44354477524757385,0.8356364369392395,1,0
kodak,04.png,2030,9001,3.0,90.0,ideal,flowharq,0,4096,4096,1,12290,24.41765785217285,0.003616049187257886,0.6592477560043335,0.7556595206260681,0,0
kodak,01.png,2030,9001,3.0,90.0,binary16,direct,0,4096,4096,1,12290,19.307228088378906,0.011729441583156586,0.654897153377533,0.6883454322814941,1,1
kodak,02.png,2030,9001,3.0,90.0,binary16,direct,0,4096,4096,1,12290,21.84521484375,0.006538506597280502,0.5209079384803772,0.8052859902381897,1,1
kodak,03.png,2030,9001,3.0,90.0,binary16,direct,0,4096,4096,1,12290,20.63869857788086,0.008632372133433819,0.591340184211731,0.6807260513305664,1,1
kodak,04.png,2030,9001,3.0,90.0,binary16,direct,0,4096,4096,1,12290,24.30232048034668,0.0037133675068616867,0.5578168034553528,0.7769128680229187,0,0
kodak,01.png,2030,9001,3.0,90.0,binary16,full_harq,1,8192,4096,2,16388,19.351953506469727,0.011609264649450779,0.6431309580802917,0.6942054629325867,1,0
kodak,02.png,2030,9001,3.0,90.0,binary16,full_harq,1,8192,4096,2,16388,22.03354263305664,0.006261026952415705,0.5086899995803833,0.8230355381965637,1,0
kodak,03.png,2030,9001,3.0,90.0,binary16,full_harq,1,8192,4096,2,16388,22.94570541381836,0.005074925255030394,0.4435574412345886,0.8356325030326843,1,0
kodak,04.png,2030,9001,3.0,90.0,binary16,full_harq,1,8192,4096,2,16388,26.413005828857422,0.0022840164601802826,0.5153985619544983,0.8670539855957031,0,0
kodak,01.png,2030,9001,3.0,90.0,binary16,fm_only,0,4096,4096,1,12290,19.584196090698242,0.011004754342138767,0.668777346611023,0.6870023608207703,1,1
kodak,02.png,2030,9001,3.0,90.0,binary16,fm_only,0,4096,4096,1,12290,22.2259521484375,0.0059896972961723804,0.5237938165664673,0.8045304417610168,1,1
kodak,03.png,2030,9001,3.0,90.0,binary16,fm_only,0,4096,4096,1,12290,20.22869110107422,0.00948704406619072,0.6224042177200317,0.6400631070137024,1,1
kodak,04.png,2030,9001,3.0,90.0,binary16,fm_only,0,4096,4096,1,12290,24.41769790649414,0.0036160137970000505,0.659244179725647,0.7556596398353577,0,0
kodak,01.png,2030,9001,3.0,90.0,binary16,adaptive_harq,1,8192,4096,2,16388,19.351953506469727,0.011609264649450779,0.6431309580802917,0.6942054629325867,1,0
kodak,02.png,2030,9001,3.0,90.0,binary16,adaptive_harq,1,8192,4096,2,16388,22.03354263305664,0.006261026952415705,0.5086899995803833,0.8230355381965637,1,0
kodak,03.png,2030,9001,3.0,90.0,binary16,adaptive_harq,1,8192,4096,2,16388,22.94570541381836,0.005074925255030394,0.4435574412345886,0.8356325030326843,1,0
kodak,04.png,2030,9001,3.0,90.0,binary16,adaptive_harq,0,4096,4096,1,12290,24.30232048034668,0.0037133675068616867,0.5578168034553528,0.7769128680229187,0,0
kodak,01.png,2030,9001,3.0,90.0,binary16,flowharq,1,8192,4096,2,16388,19.351953506469727,0.011609264649450779,0.6431309580802917,0.6942054629325867,1,0
kodak,02.png,2030,9001,3.0,90.0,binary16,flowharq,1,8192,4096,2,16388,22.03354263305664,0.006261026952415705,0.5086899995803833,0.8230355381965637,1,0
kodak,03.png,2030,9001,3.0,90.0,binary16,flowharq,1,8192,4096,2,16388,22.94570541381836,0.005074925255030394,0.4435574412345886,0.8356325030326843,1,0
kodak,04.png,2030,9001,3.0,90.0,binary16,flowharq,0,4096,4096,1,12290,24.41769790649414,0.0036160137970000505,0.659244179725647,0.7556596398353577,0,0
kodak,05.png,2030,9001,3.0,90.0,ideal,direct,0,4096,4096,1,12290,17.902589797973633,0.016208430752158165,0.535001814365387,0.7583230137825012,1,1
kodak,06.png,2030,9001,3.0,90.0,ideal,direct,0,4096,4096,1,12290,20.372140884399414,0.009178800508379936,0.7075232863426208,0.662804126739502,1,1
kodak,07.png,2030,9001,3.0,90.0,ideal,direct,0,4096,4096,1,12290,20.44104766845703,0.009034314192831516,0.5851732492446899,0.7183914184570312,1,1
kodak,08.png,2030,9001,3.0,90.0,ideal,direct,0,4096,4096,1,12290,19.250200271606445,0.011884473264217377,0.4823445677757263,0.8325373530387878,1,1
kodak,05.png,2030,9001,3.0,90.0,ideal,full_harq,1,8192,4096,2,16388,17.913272857666016,0.016168607398867607,0.5363057255744934,0.7584738731384277,1,0
kodak,06.png,2030,9001,3.0,90.0,ideal,full_harq,1,8192,4096,2,16388,20.844852447509766,0.008232178166508675,0.6627722382545471,0.7326673865318298,1,0
kodak,07.png,2030,9001,3.0,90.0,ideal,full_harq,1,8192,4096,2,16388,20.836631774902344,0.008247775956988335,0.5507388114929199,0.7511481642723083,1,0
kodak,08.png,2030,9001,3.0,90.0,ideal,full_harq,1,8192,4096,2,16388,19.514968872070312,0.01118158083409071,0.46511131525039673,0.8505544662475586,1,0
kodak,05.png,2030,9001,3.0,90.0,ideal,fm_only,0,4096,4096,1,12290,18.000181198120117,0.01584826596081257,0.5375200510025024,0.7583878040313721,1,1
kodak,06.png,2030,9001,3.0,90.0,ideal,fm_only,0,4096,4096,1,12290,20.50988006591797,0.008892257697880268,0.7134602069854736,0.6620447039604187,1,1
kodak,07.png,2030,9001,3.0,90.0,ideal,fm_only,0,4096,4096,1,12290,20.501585006713867,0.008909257128834724,0.5872443318367004,0.7176485061645508,1,1
kodak,08.png,2030,9001,3.0,90.0,ideal,fm_only,0,4096,4096,1,12290,19.26749038696289,0.011837251484394073,0.4827496111392975,0.8318679928779602,1,1
kodak,05.png,2030,9001,3.0,90.0,ideal,adaptive_harq,1,8192,4096,2,16388,17.913272857666016,0.016168607398867607,0.5363057255744934,0.7584738731384277,1,0
kodak,06.png,2030,9001,3.0,90.0,ideal,adaptive_harq,1,8192,4096,2,16388,20.844852447509766,0.008232178166508675,0.6627722382545471,0.7326673865318298,1,0
kodak,07.png,2030,9001,3.0,90.0,ideal,adaptive_harq,1,8192,4096,2,16388,20.836631774902344,0.008247775956988335,0.5507388114929199,0.7511481642723083,1,0
kodak,08.png,2030,9001,3.0,90.0,ideal,adaptive_harq,1,8192,4096,2,16388,19.514968872070312,0.01118158083409071,0.46511131525039673,0.8505544662475586,1,0
kodak,05.png,2030,9001,3.0,90.0,ideal,flowharq,1,8192,4096,2,16388,17.913272857666016,0.016168607398867607,0.5363057255744934,0.7584738731384277,1,0
kodak,06.png,2030,9001,3.0,90.0,ideal,flowharq,1,8192,4096,2,16388,20.844852447509766,0.008232178166508675,0.6627722382545471,0.7326673865318298,1,0
kodak,07.png,2030,9001,3.0,90.0,ideal,flowharq,1,8192,4096,2,16388,20.836631774902344,0.008247775956988335,0.5507388114929199,0.7511481642723083,1,0
kodak,08.png,2030,9001,3.0,90.0,ideal,flowharq,1,8192,4096,2,16388,19.514968872070312,0.01118158083409071,0.46511131525039673,0.8505544662475586,1,0
kodak,05.png,2030,9001,3.0,90.0,binary16,direct,0,4096,4096,1,12290,17.9025821685791,0.01620846427977085,0.5350058674812317,0.7583226561546326,1,1
kodak,06.png,2030,9001,3.0,90.0,binary16,direct,0,4096,4096,1,12290,20.372106552124023,0.009178869426250458,0.7075228691101074,0.6628050804138184,1,1
kodak,07.png,2030,9001,3.0,90.0,binary16,direct,0,4096,4096,1,12290,20.44103240966797,0.009034347720444202,0.5851746201515198,0.7183918356895447,1,1
kodak,08.png,2030,9001,3.0,90.0,binary16,direct,0,4096,4096,1,12290,19.250194549560547,0.011884490959346294,0.48235180974006653,0.832537829875946,1,1
kodak,05.png,2030,9001,3.0,90.0,binary16,full_harq,1,8192,4096,2,16388,17.913265228271484,0.016168639063835144,0.5363091230392456,0.7584736347198486,1,0
kodak,06.png,2030,9001,3.0,90.0,binary16,full_harq,1,8192,4096,2,16388,20.8448429107666,0.008232195861637592,0.6627727746963501,0.7326684594154358,1,0
kodak,07.png,2030,9001,3.0,90.0,binary16,full_harq,1,8192,4096,2,16388,20.83663558959961,0.008247769437730312,0.5507427453994751,0.7511486411094666,1,0
kodak,08.png,2030,9001,3.0,90.0,binary16,full_harq,1,8192,4096,2,16388,19.51495933532715,0.01118160504847765,0.46511733531951904,0.8505551218986511,1,0
kodak,05.png,2030,9001,3.0,90.0,binary16,fm_only,0,4096,4096,1,12290,18.000179290771484,0.015848277136683464,0.5375226736068726,0.7583878040313721,1,1
kodak,06.png,2030,9001,3.0,90.0,binary16,fm_only,0,4096,4096,1,12290,20.50985336303711,0.008892311714589596,0.7134593725204468,0.6620456576347351,1,1
kodak,07.png,2030,9001,3.0,90.0,binary16,fm_only,0,4096,4096,1,12290,20.501564025878906,0.00890930276364088,0.5872392654418945,0.7176501750946045,1,1
kodak,08.png,2030,9001,3.0,90.0,binary16,fm_only,0,4096,4096,1,12290,19.26748275756836,0.011837274767458439,0.4827546179294586,0.8318687081336975,1,1
kodak,05.png,2030,9001,3.0,90.0,binary16,adaptive_harq,1,8192,4096,2,16388,17.913265228271484,0.016168639063835144,0.5363091230392456,0.7584736347198486,1,0
kodak,06.png,2030,9001,3.0,90.0,binary16,adaptive_harq,1,8192,4096,2,16388,20.8448429107666,0.008232195861637592,0.6627727746963501,0.7326684594154358,1,0
kodak,07.png,2030,9001,3.0,90.0,binary16,adaptive_harq,1,8192,4096,2,16388,20.83663558959961,0.008247769437730312,0.5507427453994751,0.7511486411094666,1,0
kodak,08.png,2030,9001,3.0,90.0,binary16,adaptive_harq,1,8192,4096,2,16388,19.51495933532715,0.01118160504847765,0.46511733531951904,0.8505551218986511,1,0
kodak,05.png,2030,9001,3.0,90.0,binary16,flowharq,1,8192,4096,2,16388,17.913265228271484,0.016168639063835144,0.5363091230392456,0.7584736347198486,1,0
kodak,06.png,2030,9001,3.0,90.0,binary16,flowharq,1,8192,4096,2,16388,20.8448429107666,0.008232195861637592,0.6627727746963501,0.7326684594154358,1,0
kodak,07.png,2030,9001,3.0,90.0,binary16,flowharq,1,8192,4096,2,16388,20.83663558959961,0.008247769437730312,0.5507427453994751,0.7511486411094666,1,0
kodak,08.png,2030,9001,3.0,90.0,binary16,flowharq,1,8192,4096,2,16388,19.51495933532715,0.01118160504847765,0.46511733531951904,0.8505551218986511,1,0
kodak,09.png,2030,9001,3.0,90.0,ideal,direct,0,4096,4096,1,12290,22.202510833740234,0.006022113841027021,0.48826754093170166,0.803579568862915,1,1
kodak,10.png,2030,9001,3.0,90.0,ideal,direct,0,4096,4096,1,12290,26.589488983154297,0.002193062799051404,0.6335540413856506,0.8302898406982422,0,0
kodak,11.png,2030,9001,3.0,90.0,ideal,direct,0,4096,4096,1,12290,16.967939376831055,0.020100463181734085,0.7483394742012024,0.5115575790405273,1,1
kodak,12.png,2030,9001,3.0,90.0,ideal,direct,0,4096,4096,1,12290,20.280521392822266,0.009374494664371014,0.6562451124191284,0.7120164036750793,1,1
kodak,09.png,2030,9001,3.0,90.0,ideal,full_harq,1,8192,4096,2,16388,22.628042221069336,0.005460038315504789,0.4558139741420746,0.8336674571037292,1,0
kodak,10.png,2030,9001,3.0,90.0,ideal,full_harq,1,8192,4096,2,16388,26.959491729736328,0.0020139601547271013,0.6005634069442749,0.8460667729377747,0,0
kodak,11.png,2030,9001,3.0,90.0,ideal,full_harq,1,8192,4096,2,16388,18.33517837524414,0.014671755023300648,0.6349560618400574,0.680539071559906,1,0
kodak,12.png,2030,9001,3.0,90.0,ideal,full_harq,1,8192,4096,2,16388,22.36759376525879,0.005797497928142548,0.5488817095756531,0.7981941103935242,1,0
kodak,09.png,2030,9001,3.0,90.0,ideal,fm_only,0,4096,4096,1,12290,22.155384063720703,0.00608781585469842,0.5181403160095215,0.788266122341156,1,1
kodak,10.png,2030,9001,3.0,90.0,ideal,fm_only,0,4096,4096,1,12290,26.789310455322266,0.0020944452844560146,0.6358442306518555,0.827380359172821,0,0
kodak,11.png,2030,9001,3.0,90.0,ideal,fm_only,0,4096,4096,1,12290,16.899911880493164,0.020417796447873116,0.749593198299408,0.504008948802948,1,1
kodak,12.png,2030,9001,3.0,90.0,ideal,fm_only,0,4096,4096,1,12290,20.567699432373047,0.008774656802415848,0.6902722716331482,0.6900973916053772,1,1
kodak,09.png,2030,9001,3.0,90.0,ideal,adaptive_harq,1,8192,4096,2,16388,22.628042221069336,0.005460038315504789,0.4558139741420746,0.8336674571037292,1,0
kodak,10.png,2030,9001,3.0,90.0,ideal,adaptive_harq,0,4096,4096,1,12290,26.589488983154297,0.002193062799051404,0.6335540413856506,0.8302898406982422,0,0
kodak,11.png,2030,9001,3.0,90.0,ideal,adaptive_harq,1,8192,4096,2,16388,18.33517837524414,0.014671755023300648,0.6349560618400574,0.680539071559906,1,0
kodak,12.png,2030,9001,3.0,90.0,ideal,adaptive_harq,1,8192,4096,2,16388,22.36759376525879,0.005797497928142548,0.5488817095756531,0.7981941103935242,1,0
kodak,09.png,2030,9001,3.0,90.0,ideal,flowharq,1,8192,4096,2,16388,22.628042221069336,0.005460038315504789,0.4558139741420746,0.8336674571037292,1,0
kodak,10.png,2030,9001,3.0,90.0,ideal,flowharq,0,4096,4096,1,12290,26.789310455322266,0.0020944452844560146,0.6358442306518555,0.827380359172821,0,0
kodak,11.png,2030,9001,3.0,90.0,ideal,flowharq,1,8192,4096,2,16388,18.33517837524414,0.014671755023300648,0.6349560618400574,0.680539071559906,1,0
kodak,12.png,2030,9001,3.0,90.0,ideal,flowharq,1,8192,4096,2,16388,22.36759376525879,0.005797497928142548,0.5488817095756531,0.7981941103935242,1,0
kodak,09.png,2030,9001,3.0,90.0,binary16,direct,0,4096,4096,1,12290,22.202564239501953,0.0060220398008823395,0.4882700443267822,0.8035798072814941,1,1
kodak,10.png,2030,9001,3.0,90.0,binary16,direct,0,4096,4096,1,12290,26.58949851989746,0.0021930579096078873,0.6335561871528625,0.8302908539772034,0,0
kodak,11.png,2030,9001,3.0,90.0,binary16,direct,0,4096,4096,1,12290,16.967853546142578,0.020100856199860573,0.7483304738998413,0.5115532279014587,1,1
kodak,12.png,2030,9001,3.0,90.0,binary16,direct,0,4096,4096,1,12290,20.280548095703125,0.009374436922371387,0.6562395095825195,0.712019145488739,1,1
kodak,09.png,2030,9001,3.0,90.0,binary16,full_harq,1,8192,4096,2,16388,22.628063201904297,0.005460010841488838,0.4558178186416626,0.8336660265922546,1,0
kodak,10.png,2030,9001,3.0,90.0,binary16,full_harq,1,8192,4096,2,16388,26.959491729736328,0.0020139601547271013,0.6005654335021973,0.8460662364959717,0,0
kodak,11.png,2030,9001,3.0,90.0,binary16,full_harq,1,8192,4096,2,16388,18.335145950317383,0.014671869575977325,0.6349565386772156,0.680539608001709,1,0
kodak,12.png,2030,9001,3.0,90.0,binary16,full_harq,1,8192,4096,2,16388,22.367572784423828,0.005797526333481073,0.5488765239715576,0.7981927990913391,1,0
kodak,09.png,2030,9001,3.0,90.0,binary16,fm_only,0,4096,4096,1,12290,22.155420303344727,0.00608776556327939,0.518144428730011,0.7882668972015381,1,1
kodak,10.png,2030,9001,3.0,90.0,binary16,fm_only,0,4096,4096,1,12290,26.789331436157227,0.0020944352727383375,0.6358467936515808,0.8273804783821106,0,0
kodak,11.png,2030,9001,3.0,90.0,binary16,fm_only,0,4096,4096,1,12290,16.89980697631836,0.020418284460902214,0.7495884895324707,0.5040016770362854,1,1
kodak,12.png,2030,9001,3.0,90.0,binary16,fm_only,0,4096,4096,1,12290,20.564958572387695,0.008780193515121937,0.6897937655448914,0.6905019879341125,1,1
kodak,09.png,2030,9001,3.0,90.0,binary16,adaptive_harq,1,8192,4096,2,16388,22.628063201904297,0.005460010841488838,0.4558178186416626,0.8336660265922546,1,0
kodak,10.png,2030,9001,3.0,90.0,binary16,adaptive_harq,0,4096,4096,1,12290,26.58949851989746,0.0021930579096078873,0.6335561871528625,0.8302908539772034,0,0
kodak,11.png,2030,9001,3.0,90.0,binary16,adaptive_harq,1,8192,4096,2,16388,18.335145950317383,0.014671869575977325,0.6349565386772156,0.680539608001709,1,0
kodak,12.png,2030,9001,3.0,90.0,binary16,adaptive_harq,1,8192,4096,2,16388,22.367572784423828,0.005797526333481073,0.5488765239715576,0.7981927990913391,1,0
kodak,09.png,2030,9001,3.0,90.0,binary16,flowharq,1,8192,4096,2,16388,22.628063201904297,0.005460010841488838,0.4558178186416626,0.8336660265922546,1,0
kodak,10.png,2030,9001,3.0,90.0,binary16,flowharq,0,4096,4096,1,12290,26.789331436157227,0.0020944352727383375,0.6358467936515808,0.8273804783821106,0,0
kodak,11.png,2030,9001,3.0,90.0,binary16,flowharq,1,8192,4096,2,16388,18.335145950317383,0.014671869575977325,0.6349565386772156,0.680539608001709,1,0
kodak,12.png,2030,9001,3.0,90.0,binary16,flowharq,1,8192,4096,2,16388,22.367572784423828,0.005797526333481073,0.5488765239715576,0.7981927990913391,1,0
kodak,13.png,2030,9001,3.0,90.0,ideal,direct,0,4096,4096,1,12290,19.66415786743164,0.01080398727208376,0.7624208331108093,0.7184873223304749,1,1
kodak,14.png,2030,9001,3.0,90.0,ideal,direct,0,4096,4096,1,12290,19.317476272583008,0.011701795272529125,0.5168233513832092,0.7740259170532227,1,1
kodak,15.png,2030,9001,3.0,90.0,ideal,direct,0,4096,4096,1,12290,22.72287368774414,0.0053421068005263805,0.537399172782898,0.8312651515007019,1,1
kodak,16.png,2030,9001,3.0,90.0,ideal,direct,0,4096,4096,1,12290,24.058929443359375,0.0039274184964597225,0.6097607016563416,0.8038752675056458,0,0
kodak,13.png,2030,9001,3.0,90.0,ideal,full_harq,1,8192,4096,2,16388,19.8565731048584,0.010335766710340977,0.7447380423545837,0.7399175763130188,1,0
kodak,14.png,2030,9001,3.0,90.0,ideal,full_harq,1,8192,4096,2,16388,19.405834197998047,0.011466125957667828,0.5145931243896484,0.7800009250640869,1,0
kodak,15.png,2030,9001,3.0,90.0,ideal,full_harq,1,8192,4096,2,16388,22.820903778076172,0.005222873762249947,0.5316914916038513,0.8388378024101257,1,0
kodak,16.png,2030,9001,3.0,90.0,ideal,full_harq,1,8192,4096,2,16388,24.105449676513672,0.0038855737075209618,0.6082499027252197,0.807234525680542,0,0
kodak,13.png,2030,9001,3.0,90.0,ideal,fm_only,0,4096,4096,1,12290,19.75240707397461,0.01058666780591011,0.7689534425735474,0.7166480422019958,1,1
kodak,14.png,2030,9001,3.0,90.0,ideal,fm_only,0,4096,4096,1,12290,19.447769165039062,0.01135594118386507,0.5194724798202515,0.7739739418029785,1,1
kodak,15.png,2030,9001,3.0,90.0,ideal,fm_only,0,4096,4096,1,12290,22.97726058959961,0.005038183182477951,0.5383021831512451,0.8294847011566162,1,1
kodak,16.png,2030,9001,3.0,90.0,ideal,fm_only,0,4096,4096,1,12290,24.290626525878906,0.0037233808543533087,0.6261715292930603,0.7986361384391785,0,0
kodak,13.png,2030,9001,3.0,90.0,ideal,adaptive_harq,1,8192,4096,2,16388,19.8565731048584,0.010335766710340977,0.7447380423545837,0.7399175763130188,1,0
kodak,14.png,2030,9001,3.0,90.0,ideal,adaptive_harq,1,8192,4096,2,16388,19.405834197998047,0.011466125957667828,0.5145931243896484,0.7800009250640869,1,0
kodak,15.png,2030,9001,3.0,90.0,ideal,adaptive_harq,1,8192,4096,2,16388,22.820903778076172,0.005222873762249947,0.5316914916038513,0.8388378024101257,1,0
kodak,16.png,2030,9001,3.0,90.0,ideal,adaptive_harq,0,4096,4096,1,12290,24.058929443359375,0.0039274184964597225,0.6097607016563416,0.8038752675056458,0,0
kodak,13.png,2030,9001,3.0,90.0,ideal,flowharq,1,8192,4096,2,16388,19.8565731048584,0.010335766710340977,0.7447380423545837,0.7399175763130188,1,0
kodak,14.png,2030,9001,3.0,90.0,ideal,flowharq,1,8192,4096,2,16388,19.405834197998047,0.011466125957667828,0.5145931243896484,0.7800009250640869,1,0
kodak,15.png,2030,9001,3.0,90.0,ideal,flowharq,1,8192,4096,2,16388,22.820903778076172,0.005222873762249947,0.5316914916038513,0.8388378024101257,1,0
kodak,16.png,2030,9001,3.0,90.0,ideal,flowharq,0,4096,4096,1,12290,24.290626525878906,0.0037233808543533087,0.6261715292930603,0.7986361384391785,0,0
kodak,13.png,2030,9001,3.0,90.0,binary16,direct,0,4096,4096,1,12290,19.664155960083008,0.010803996585309505,0.7624196410179138,0.7184850573539734,1,1
kodak,14.png,2030,9001,3.0,90.0,binary16,direct,0,4096,4096,1,12290,19.31749725341797,0.011701736599206924,0.5168201327323914,0.7740264534950256,1,1
kodak,15.png,2030,9001,3.0,90.0,binary16,direct,0,4096,4096,1,12290,22.722923278808594,0.005342047195881605,0.5373967885971069,0.8312652111053467,1,1
kodak,16.png,2030,9001,3.0,90.0,binary16,direct,0,4096,4096,1,12290,24.058929443359375,0.003927417565137148,0.6097569465637207,0.8038749694824219,0,0
kodak,13.png,2030,9001,3.0,90.0,binary16,full_harq,1,8192,4096,2,16388,19.856571197509766,0.010335772298276424,0.7447348833084106,0.7399163246154785,1,0
kodak,14.png,2030,9001,3.0,90.0,binary16,full_harq,1,8192,4096,2,16388,19.405864715576172,0.011466044001281261,0.514589250087738,0.780001699924469,1,0
kodak,15.png,2030,9001,3.0,90.0,binary16,full_harq,1,8192,4096,2,16388,22.820972442626953,0.005222789943218231,0.5316873788833618,0.8388386368751526,1,0
kodak,16.png,2030,9001,3.0,90.0,binary16,full_harq,1,8192,4096,2,16388,24.105438232421875,0.003885583020746708,0.6082444787025452,0.8072345852851868,0,0
kodak,13.png,2030,9001,3.0,90.0,binary16,fm_only,0,4096,4096,1,12290,19.752405166625977,0.010586674325168133,0.7689529061317444,0.7166450619697571,1,1
kodak,14.png,2030,9001,3.0,90.0,binary16,fm_only,0,4096,4096,1,12290,19.447782516479492,0.011355902068316936,0.5194697976112366,0.7739744782447815,1,1
kodak,15.png,2030,9001,3.0,90.0,binary16,fm_only,0,4096,4096,1,12290,22.977294921875,0.00503814360126853,0.5383031368255615,0.8294845223426819,1,1
kodak,16.png,2030,9001,3.0,90.0,binary16,fm_only,0,4096,4096,1,12290,24.29063606262207,0.003723371773958206,0.6261691451072693,0.7986366748809814,0,0
kodak,13.png,2030,9001,3.0,90.0,binary16,adaptive_harq,1,8192,4096,2,16388,19.856571197509766,0.010335772298276424,0.7447348833084106,0.7399163246154785,1,0
kodak,14.png,2030,9001,3.0,90.0,binary16,adaptive_harq,1,8192,4096,2,16388,19.405864715576172,0.011466044001281261,0.514589250087738,0.780001699924469,1,0
kodak,15.png,2030,9001,3.0,90.0,binary16,adaptive_harq,1,8192,4096,2,16388,22.820972442626953,0.005222789943218231,0.5316873788833618,0.8388386368751526,1,0
kodak,16.png,2030,9001,3.0,90.0,binary16,adaptive_harq,0,4096,4096,1,12290,24.058929443359375,0.003927417565137148,0.6097569465637207,0.8038749694824219,0,0
kodak,13.png,2030,9001,3.0,90.0,binary16,flowharq,1,8192,4096,2,16388,19.856571197509766,0.010335772298276424,0.7447348833084106,0.7399163246154785,1,0
kodak,14.png,2030,9001,3.0,90.0,binary16,flowharq,1,8192,4096,2,16388,19.405864715576172,0.011466044001281261,0.514589250087738,0.780001699924469,1,0
kodak,15.png,2030,9001,3.0,90.0,binary16,flowharq,1,8192,4096,2,16388,22.820972442626953,0.005222789943218231,0.5316873788833618,0.8388386368751526,1,0
kodak,16.png,2030,9001,3.0,90.0,binary16,flowharq,0,4096,4096,1,12290,24.29063606262207,0.003723371773958206,0.6261691451072693,0.7986366748809814,0,0
kodak,17.png,2030,9001,3.0,90.0,ideal,direct,0,4096,4096,1,12290,22.20912742614746,0.006012946832925081,0.65125572681427,0.6873867511749268,1,1
kodak,18.png,2030,9001,3.0,90.0,ideal,direct,0,4096,4096,1,12290,19.89784049987793,0.010238018818199635,0.5541072487831116,0.7960169911384583,1,1
kodak,19.png,2030,9001,3.0,90.0,ideal,direct,0,4096,4096,1,12290,18.748262405395508,0.013340551406145096,0.7710005044937134,0.6062280535697937,1,1
kodak,20.png,2030,9001,3.0,90.0,ideal,direct,0,4096,4096,1,12290,23.158885955810547,0.004831826779991388,0.3126494884490967,0.9135543704032898,1,1
kodak,17.png,2030,9001,3.0,90.0,ideal,full_harq,1,8192,4096,2,16388,24.465682983398438,0.0035762812476605177,0.561632513999939,0.8290138840675354,0,0
kodak,18.png,2030,9001,3.0,90.0,ideal,full_harq,1,8192,4096,2,16388,20.170629501342773,0.009614729322493076,0.5319985747337341,0.8290335536003113,1,0
kodak,19.png,2030,9001,3.0,90.0,ideal,full_harq,1,8192,4096,2,16388,20.24675750732422,0.00944766029715538,0.6680907011032104,0.737947940826416,1,0
kodak,20.png,2030,9001,3.0,90.0,ideal,full_harq,1,8192,4096,2,16388,23.369901657104492,0.004602671135216951,0.31384360790252686,0.919950008392334,1,0
kodak,17.png,2030,9001,3.0,90.0,ideal,fm_only,0,4096,4096,1,12290,21.872549057006836,0.006497482303529978,0.6644513607025146,0.6738387942314148,1,1
kodak,18.png,2030,9001,3.0,90.0,ideal,fm_only,0,4096,4096,1,12290,19.982690811157227,0.010039935819804668,0.5544798374176025,0.7940855026245117,1,1
kodak,19.png,2030,9001,3.0,90.0,ideal,fm_only,0,4096,4096,1,12290,18.76190948486328,0.01329869870096445,0.7619268298149109,0.6059407591819763,1,1
kodak,20.png,2030,9001,3.0,90.0,ideal,fm_only,0,4096,4096,1,12290,23.176097869873047,0.004812716506421566,0.31241798400878906,0.9136136174201965,1,1
kodak,17.png,2030,9001,3.0,90.0,ideal,adaptive_harq,1,8192,4096,2,16388,24.465682983398438,0.0035762812476605177,0.561632513999939,0.8290138840675354,0,0
kodak,18.png,2030,9001,3.0,90.0,ideal,adaptive_harq,1,8192,4096,2,16388,20.170629501342773,0.009614729322493076,0.5319985747337341,0.8290335536003113,1,0
kodak,19.png,2030,9001,3.0,90.0,ideal,adaptive_harq,1,8192,4096,2,16388,20.24675750732422,0.00944766029715538,0.6680907011032104,0.737947940826416,1,0
kodak,20.png,2030,9001,3.0,90.0,ideal,adaptive_harq,1,8192,4096,2,16388,23.369901657104492,0.004602671135216951,0.31384360790252686,0.919950008392334,1,0
kodak,17.png,2030,9001,3.0,90.0,ideal,flowharq,1,8192,4096,2,16388,24.465682983398438,0.0035762812476605177,0.561632513999939,0.8290138840675354,0,0
kodak,18.png,2030,9001,3.0,90.0,ideal,flowharq,1,8192,4096,2,16388,20.170629501342773,0.009614729322493076,0.5319985747337341,0.8290335536003113,1,0
kodak,19.png,2030,9001,3.0,90.0,ideal,flowharq,1,8192,4096,2,16388,20.24675750732422,0.00944766029715538,0.6680907011032104,0.737947940826416,1,0
kodak,20.png,2030,9001,3.0,90.0,ideal,flowharq,0,4096,4096,1,12290,23.176097869873047,0.004812716506421566,0.31241798400878906,0.9136136174201965,1,1
kodak,17.png,2030,9001,3.0,90.0,binary16,direct,0,4096,4096,1,12290,22.209129333496094,0.006012944038957357,0.6512517333030701,0.6873905658721924,1,1
kodak,18.png,2030,9001,3.0,90.0,binary16,direct,0,4096,4096,1,12290,19.89779281616211,0.010238129645586014,0.5541081428527832,0.7960163950920105,1,1
kodak,19.png,2030,9001,3.0,90.0,binary16,direct,0,4096,4096,1,12290,18.748205184936523,0.013340726494789124,0.7709928750991821,0.6062291264533997,1,1
kodak,20.png,2030,9001,3.0,90.0,binary16,direct,0,4096,4096,1,12290,23.15896987915039,0.004831732716411352,0.3126530051231384,0.9135525822639465,1,1
kodak,17.png,2030,9001,3.0,90.0,binary16,full_harq,1,8192,4096,2,16388,24.465728759765625,0.0035762442275881767,0.5616369247436523,0.8290160298347473,0,0
kodak,18.png,2030,9001,3.0,90.0,binary16,full_harq,1,8192,4096,2,16388,20.17060089111328,0.0096147945150733,0.5319968461990356,0.8290322422981262,1,0
kodak,19.png,2030,9001,3.0,90.0,binary16,full_harq,1,8192,4096,2,16388,20.246774673461914,0.009447620250284672,0.6680899262428284,0.7379512786865234,1,0
kodak,20.png,2030,9001,3.0,90.0,binary16,full_harq,1,8192,4096,2,16388,23.36996078491211,0.004602606873959303,0.31384873390197754,0.9199461936950684,1,0
kodak,17.png,2030,9001,3.0,90.0,binary16,fm_only,0,4096,4096,1,12290,21.87255859375,0.006497469265013933,0.6644394993782043,0.6738426089286804,1,1
kodak,18.png,2030,9001,3.0,90.0,binary16,fm_only,0,4096,4096,1,12290,19.982648849487305,0.01004003081470728,0.5544816255569458,0.7940847873687744,1,1
kodak,19.png,2030,9001,3.0,90.0,binary16,fm_only,0,4096,4096,1,12290,18.761859893798828,0.01329884771257639,0.7619199752807617,0.6059430837631226,1,1
kodak,20.png,2030,9001,3.0,90.0,binary16,fm_only,0,4096,4096,1,12290,23.17618179321289,0.004812623839825392,0.3124224543571472,0.9136102795600891,1,1
kodak,17.png,2030,9001,3.0,90.0,binary16,adaptive_harq,1,8192,4096,2,16388,24.465728759765625,0.0035762442275881767,0.5616369247436523,0.8290160298347473,0,0
kodak,18.png,2030,9001,3.0,90.0,binary16,adaptive_harq,1,8192,4096,2,16388,20.17060089111328,0.0096147945150733,0.5319968461990356,0.8290322422981262,1,0
kodak,19.png,2030,9001,3.0,90.0,binary16,adaptive_harq,1,8192,4096,2,16388,20.246774673461914,0.009447620250284672,0.6680899262428284,0.7379512786865234,1,0
kodak,20.png,2030,9001,3.0,90.0,binary16,adaptive_harq,1,8192,4096,2,16388,23.36996078491211,0.004602606873959303,0.31384873390197754,0.9199461936950684,1,0
kodak,17.png,2030,9001,3.0,90.0,binary16,flowharq,1,8192,4096,2,16388,24.465728759765625,0.0035762442275881767,0.5616369247436523,0.8290160298347473,0,0
kodak,18.png,2030,9001,3.0,90.0,binary16,flowharq,1,8192,4096,2,16388,20.17060089111328,0.0096147945150733,0.5319968461990356,0.8290322422981262,1,0
kodak,19.png,2030,9001,3.0,90.0,binary16,flowharq,1,8192,4096,2,16388,20.246774673461914,0.009447620250284672,0.6680899262428284,0.7379512786865234,1,0
kodak,20.png,2030,9001,3.0,90.0,binary16,flowharq,0,4096,4096,1,12290,23.17618179321289,0.004812623839825392,0.3124224543571472,0.9136102795600891,1,1
kodak,21.png,2030,9001,3.0,90.0,ideal,direct,0,4096,4096,1,12290,21.34331512451172,0.00733953295275569,0.4855625629425049,0.8451806902885437,1,1
kodak,22.png,2030,9001,3.0,90.0,ideal,direct,0,4096,4096,1,12290,17.241270065307617,0.018874390050768852,0.8332693576812744,0.4248262643814087,1,1
kodak,23.png,2030,9001,3.0,90.0,ideal,direct,0,4096,4096,1,12290,23.60489845275879,0.004360236693173647,0.32641807198524475,0.8870288729667664,1,1
kodak,24.png,2030,9001,3.0,90.0,ideal,direct,0,4096,4096,1,12290,22.533628463745117,0.00558003643527627,0.6117004752159119,0.8071221709251404,1,1
kodak,21.png,2030,9001,3.0,90.0,ideal,full_harq,1,8192,4096,2,16388,21.394412994384766,0.007253686431795359,0.4840880036354065,0.8506129384040833,1,0
kodak,22.png,2030,9001,3.0,90.0,ideal,full_harq,1,8192,4096,2,16388,20.052143096923828,0.009880658239126205,0.6565991044044495,0.6709432005882263,1,0
kodak,23.png,2030,9001,3.0,90.0,ideal,full_harq,1,8192,4096,2,16388,23.754491806030273,0.004212605766952038,0.31560611724853516,0.8928196430206299,1,0
kodak,24.png,2030,9001,3.0,90.0,ideal,full_harq,1,8192,4096,2,16388,22.946090698242188,0.005074471700936556,0.5876608490943909,0.832309901714325,1,0
kodak,21.png,2030,9001,3.0,90.0,ideal,fm_only,0,4096,4096,1,12290,21.38002586364746,0.007277755532413721,0.48718881607055664,0.844142496585846,1,1
kodak,22.png,2030,9001,3.0,90.0,ideal,fm_only,0,4096,4096,1,12290,17.2780704498291,0.018715133890509605,0.8175355195999146,0.42075595259666443,1,1
kodak,23.png,2030,9001,3.0,90.0,ideal,fm_only,0,4096,4096,1,12290,23.848722457885742,0.004122188314795494,0.3309844732284546,0.8879620432853699,1,1
kodak,24.png,2030,9001,3.0,90.0,ideal,fm_only,0,4096,4096,1,12290,22.714439392089844,0.00535249337553978,0.6120434999465942,0.8038905262947083,1,1
kodak,21.png,2030,9001,3.0,90.0,ideal,adaptive_harq,1,8192,4096,2,16388,21.394412994384766,0.007253686431795359,0.4840880036354065,0.8506129384040833,1,0
kodak,22.png,2030,9001,3.0,90.0,ideal,adaptive_harq,1,8192,4096,2,16388,20.052143096923828,0.009880658239126205,0.6565991044044495,0.6709432005882263,1,0
kodak,23.png,2030,9001,3.0,90.0,ideal,adaptive_harq,0,4096,4096,1,12290,23.60489845275879,0.004360236693173647,0.32641807198524475,0.8870288729667664,1,1
kodak,24.png,2030,9001,3.0,90.0,ideal,adaptive_harq,1,8192,4096,2,16388,22.946090698242188,0.005074471700936556,0.5876608490943909,0.832309901714325,1,0
kodak,21.png,2030,9001,3.0,90.0,ideal,flowharq,1,8192,4096,2,16388,21.394412994384766,0.007253686431795359,0.4840880036354065,0.8506129384040833,1,0
kodak,22.png,2030,9001,3.0,90.0,ideal,flowharq,1,8192,4096,2,16388,20.052143096923828,0.009880658239126205,0.6565991044044495,0.6709432005882263,1,0
kodak,23.png,2030,9001,3.0,90.0,ideal,flowharq,0,4096,4096,1,12290,23.848722457885742,0.004122188314795494,0.3309844732284546,0.8879620432853699,1,1
kodak,24.png,2030,9001,3.0,90.0,ideal,flowharq,1,8192,4096,2,16388,22.946090698242188,0.005074471700936556,0.5876608490943909,0.832309901714325,1,0
kodak,21.png,2030,9001,3.0,90.0,binary16,direct,0,4096,4096,1,12290,21.34331512451172,0.007339536678045988,0.4855623245239258,0.8451815247535706,1,1
kodak,22.png,2030,9001,3.0,90.0,binary16,direct,0,4096,4096,1,12290,17.2413387298584,0.018874093890190125,0.8332654237747192,0.4248291254043579,1,1
kodak,23.png,2030,9001,3.0,90.0,binary16,direct,0,4096,4096,1,12290,23.604915618896484,0.004360221792012453,0.3264182209968567,0.887029230594635,1,1
kodak,24.png,2030,9001,3.0,90.0,binary16,direct,0,4096,4096,1,12290,22.533573150634766,0.005580106750130653,0.6117010116577148,0.8071215748786926,1,1
kodak,21.png,2030,9001,3.0,90.0,binary16,full_harq,1,8192,4096,2,16388,21.3944091796875,0.007253691554069519,0.484087198972702,0.850614070892334,1,0
kodak,22.png,2030,9001,3.0,90.0,binary16,full_harq,1,8192,4096,2,16388,20.052175521850586,0.009880581870675087,0.6566022634506226,0.6709415912628174,1,0
kodak,23.png,2030,9001,3.0,90.0,binary16,full_harq,1,8192,4096,2,16388,23.754474639892578,0.004212622996419668,0.31560438871383667,0.8928188681602478,1,0
kodak,24.png,2030,9001,3.0,90.0,binary16,full_harq,1,8192,4096,2,16388,22.94605255126953,0.005074518267065287,0.5876601934432983,0.8323082327842712,1,0
kodak,21.png,2030,9001,3.0,90.0,binary16,fm_only,0,4096,4096,1,12290,21.380023956298828,0.007277758792042732,0.48718905448913574,0.8441433310508728,1,1
kodak,22.png,2030,9001,3.0,90.0,binary16,fm_only,0,4096,4096,1,12290,17.27812957763672,0.01871488243341446,0.8175297379493713,0.420755535364151,1,1
kodak,23.png,2030,9001,3.0,90.0,binary16,fm_only,0,4096,4096,1,12290,23.84874725341797,0.004122162703424692,0.3309830129146576,0.8879624009132385,1,1
kodak,24.png,2030,9001,3.0,90.0,binary16,fm_only,0,4096,4096,1,12290,22.714397430419922,0.005352543201297522,0.6120427250862122,0.8038913607597351,1,1
kodak,21.png,2030,9001,3.0,90.0,binary16,adaptive_harq,1,8192,4096,2,16388,21.3944091796875,0.007253691554069519,0.484087198972702,0.850614070892334,1,0
kodak,22.png,2030,9001,3.0,90.0,binary16,adaptive_harq,1,8192,4096,2,16388,20.052175521850586,0.009880581870675087,0.6566022634506226,0.6709415912628174,1,0
kodak,23.png,2030,9001,3.0,90.0,binary16,adaptive_harq,0,4096,4096,1,12290,23.604915618896484,0.004360221792012453,0.3264182209968567,0.887029230594635,1,1
kodak,24.png,2030,9001,3.0,90.0,binary16,adaptive_harq,1,8192,4096,2,16388,22.94605255126953,0.005074518267065287,0.5876601934432983,0.8323082327842712,1,0
kodak,21.png,2030,9001,3.0,90.0,binary16,flowharq,1,8192,4096,2,16388,21.3944091796875,0.007253691554069519,0.484087198972702,0.850614070892334,1,0
kodak,22.png,2030,9001,3.0,90.0,binary16,flowharq,1,8192,4096,2,16388,20.052175521850586,0.009880581870675087,0.6566022634506226,0.6709415912628174,1,0
kodak,23.png,2030,9001,3.0,90.0,binary16,flowharq,0,4096,4096,1,12290,23.84874725341797,0.004122162703424692,0.3309830129146576,0.8879624009132385,1,1
kodak,24.png,2030,9001,3.0,90.0,binary16,flowharq,1,8192,4096,2,16388,22.94605255126953,0.005074518267065287,0.5876601934432983,0.8323082327842712,1,0
kodak,01.png,2030,9001,3.0,120.0,ideal,direct,0,4096,4096,1,12290,19.43857192993164,0.011380013078451157,0.6528617143630981,0.6809074282646179,1,1
kodak,02.png,2030,9001,3.0,120.0,ideal,direct,0,4096,4096,1,12290,22.116939544677734,0.006141945719718933,0.5282594561576843,0.8053781390190125,1,1
kodak,03.png,2030,9001,3.0,120.0,ideal,direct,0,4096,4096,1,12290,23.04725456237793,0.004957635886967182,0.44625431299209595,0.8305267691612244,1,1
kodak,04.png,2030,9001,3.0,120.0,ideal,direct,0,4096,4096,1,12290,20.50589370727539,0.008900424465537071,0.7386484742164612,0.5805515646934509,1,1
kodak,01.png,2030,9001,3.0,120.0,ideal,full_harq,1,8192,4096,2,16388,19.648818969726562,0.010842218063771725,0.6241258382797241,0.7126312851905823,1,0
kodak,02.png,2030,9001,3.0,120.0,ideal,full_harq,1,8192,4096,2,16388,22.22557258605957,0.0059902179054915905,0.5103510618209839,0.8194801211357117,1,0
kodak,03.png,2030,9001,3.0,120.0,ideal,full_harq,1,8192,4096,2,16388,23.139488220214844,0.00485345721244812,0.425775945186615,0.8430176377296448,1,0
kodak,04.png,2030,9001,3.0,120.0,ideal,full_harq,1,8192,4096,2,16388,26.07605743408203,0.002468279330059886,0.559757649898529,0.8581247329711914,0,0
kodak,01.png,2030,9001,3.0,120.0,ideal,fm_only,0,4096,4096,1,12290,19.574831008911133,0.011028512381017208,0.6694256663322449,0.6784951090812683,1,1
kodak,02.png,2030,9001,3.0,120.0,ideal,fm_only,0,4096,4096,1,12290,22.592605590820312,0.00550477160140872,0.5281487703323364,0.8037338256835938,1,1
kodak,03.png,2030,9001,3.0,120.0,ideal,fm_only,0,4096,4096,1,12290,23.6322021484375,0.004332910757511854,0.4561448097229004,0.8352062106132507,1,1
kodak,04.png,2030,9001,3.0,120.0,ideal,fm_only,0,4096,4096,1,12290,20.365413665771484,0.009193029254674911,0.724602460861206,0.5782724022865295,1,1
kodak,01.png,2030,9001,3.0,120.0,ideal,adaptive_harq,1,8192,4096,2,16388,19.648818969726562,0.010842218063771725,0.6241258382797241,0.7126312851905823,1,0
kodak,02.png,2030,9001,3.0,120.0,ideal,adaptive_harq,1,8192,4096,2,16388,22.22557258605957,0.0059902179054915905,0.5103510618209839,0.8194801211357117,1,0
kodak,03.png,2030,9001,3.0,120.0,ideal,adaptive_harq,1,8192,4096,2,16388,23.139488220214844,0.00485345721244812,0.425775945186615,0.8430176377296448,1,0
kodak,04.png,2030,9001,3.0,120.0,ideal,adaptive_harq,1,8192,4096,2,16388,26.07605743408203,0.002468279330059886,0.559757649898529,0.8581247329711914,0,0
kodak,01.png,2030,9001,3.0,120.0,ideal,flowharq,1,8192,4096,2,16388,19.648818969726562,0.010842218063771725,0.6241258382797241,0.7126312851905823,1,0
kodak,02.png,2030,9001,3.0,120.0,ideal,flowharq,1,8192,4096,2,16388,22.22557258605957,0.0059902179054915905,0.5103510618209839,0.8194801211357117,1,0
kodak,03.png,2030,9001,3.0,120.0,ideal,flowharq,0,4096,4096,1,12290,23.6322021484375,0.004332910757511854,0.4561448097229004,0.8352062106132507,1,1
kodak,04.png,2030,9001,3.0,120.0,ideal,flowharq,1,8192,4096,2,16388,26.07605743408203,0.002468279330059886,0.559757649898529,0.8581247329711914,0,0
kodak,01.png,2030,9001,3.0,120.0,binary16,direct,0,4096,4096,1,12290,19.438587188720703,0.011379973031580448,0.6528609395027161,0.6809085011482239,1,1
kodak,02.png,2030,9001,3.0,120.0,binary16,direct,0,4096,4096,1,12290,22.11695098876953,0.006141930818557739,0.5282566547393799,0.8053792119026184,1,1
kodak,03.png,2030,9001,3.0,120.0,binary16,direct,0,4096,4096,1,12290,23.047157287597656,0.004957747645676136,0.44625937938690186,0.8305253982543945,1,1
kodak,04.png,2030,9001,3.0,120.0,binary16,direct,0,4096,4096,1,12290,20.50602912902832,0.008900144137442112,0.7386507391929626,0.5805534720420837,1,1
kodak,01.png,2030,9001,3.0,120.0,binary16,full_harq,1,8192,4096,2,16388,19.648845672607422,0.010842151939868927,0.6241269111633301,0.7126314043998718,1,0
kodak,02.png,2030,9001,3.0,120.0,binary16,full_harq,1,8192,4096,2,16388,22.225553512573242,0.00599024398252368,0.5103450417518616,0.8194790482521057,1,0
kodak,03.png,2030,9001,3.0,120.0,binary16,full_harq,1,8192,4096,2,16388,23.139400482177734,0.004853555001318455,0.42578035593032837,0.8430166244506836,1,0
kodak,04.png,2030,9001,3.0,120.0,binary16,full_harq,1,8192,4096,2,16388,26.07601547241211,0.0024683026131242514,0.5597608685493469,0.8581226468086243,0,0
kodak,01.png,2030,9001,3.0,120.0,binary16,fm_only,0,4096,4096,1,12290,19.57481575012207,0.011028550565242767,0.6694272756576538,0.6784949898719788,1,1
kodak,02.png,2030,9001,3.0,120.0,binary16,fm_only,0,4096,4096,1,12290,22.592622756958008,0.005504750180989504,0.5281473994255066,0.8037340044975281,1,1
kodak,03.png,2030,9001,3.0,120.0,binary16,fm_only,0,4096,4096,1,12290,23.632152557373047,0.004332960583269596,0.45614880323410034,0.8352036476135254,1,1
kodak,04.png,2030,9001,3.0,120.0,binary16,fm_only,0,4096,4096,1,12290,20.365570068359375,0.009192700497806072,0.7246066331863403,0.5782745480537415,1,1
kodak,01.png,2030,9001,3.0,120.0,binary16,adaptive_harq,1,8192,4096,2,16388,19.648845672607422,0.010842151939868927,0.6241269111633301,0.7126314043998718,1,0
kodak,02.png,2030,9001,3.0,120.0,binary16,adaptive_harq,1,8192,4096,2,16388,22.225553512573242,0.00599024398252368,0.5103450417518616,0.8194790482521057,1,0
kodak,03.png,2030,9001,3.0,120.0,binary16,adaptive_harq,1,8192,4096,2,16388,23.139400482177734,0.004853555001318455,0.42578035593032837,0.8430166244506836,1,0
kodak,04.png,2030,9001,3.0,120.0,binary16,adaptive_harq,1,8192,4096,2,16388,26.07601547241211,0.0024683026131242514,0.5597608685493469,0.8581226468086243,0,0
kodak,01.png,2030,9001,3.0,120.0,binary16,flowharq,1,8192,4096,2,16388,19.648845672607422,0.010842151939868927,0.6241269111633301,0.7126314043998718,1,0
kodak,02.png,2030,9001,3.0,120.0,binary16,flowharq,1,8192,4096,2,16388,22.225553512573242,0.00599024398252368,0.5103450417518616,0.8194790482521057,1,0
kodak,03.png,2030,9001,3.0,120.0,binary16,flowharq,0,4096,4096,1,12290,23.632152557373047,0.004332960583269596,0.45614880323410034,0.8352036476135254,1,1
kodak,04.png,2030,9001,3.0,120.0,binary16,flowharq,1,8192,4096,2,16388,26.07601547241211,0.0024683026131242514,0.5597608685493469,0.8581226468086243,0,0
kodak,05.png,2030,9001,3.0,120.0,ideal,direct,0,4096,4096,1,12290,14.925119400024414,0.032172735780477524,0.7306270599365234,0.414447546005249,1,1
kodak,06.png,2030,9001,3.0,120.0,ideal,direct,0,4096,4096,1,12290,20.81006622314453,0.008298383094370365,0.6665124893188477,0.7194380164146423,1,1
kodak,07.png,2030,9001,3.0,120.0,ideal,direct,0,4096,4096,1,12290,19.17328643798828,0.012096822261810303,0.6929175853729248,0.6191072463989258,1,1
kodak,08.png,2030,9001,3.0,120.0,ideal,direct,0,4096,4096,1,12290,19.055072784423828,0.01243062037974596,0.48037847876548767,0.8219390511512756,1,1
kodak,05.png,2030,9001,3.0,120.0,ideal,full_harq,1,8192,4096,2,16388,16.042221069335938,0.02487584389746189,0.6703366041183472,0.5519372224807739,1,0
kodak,06.png,2030,9001,3.0,120.0,ideal,full_harq,1,8192,4096,2,16388,20.82509994506836,0.008269703947007656,0.6626627445220947,0.7296267151832581,1,0
kodak,07.png,2030,9001,3.0,120.0,ideal,full_harq,1,8192,4096,2,16388,21.358592987060547,0.007313761860132217,0.5245645046234131,0.7880484461784363,1,0
kodak,08.png,2030,9001,3.0,120.0,ideal,full_harq,1,8192,4096,2,16388,19.182693481445312,0.012070653028786182,0.47873765230178833,0.8270236849784851,1,0
kodak,05.png,2030,9001,3.0,120.0,ideal,fm_only,0,4096,4096,1,12290,14.801076889038086,0.03310490399599075,0.7204000949859619,0.4120175838470459,1,1
kodak,06.png,2030,9001,3.0,120.0,ideal,fm_only,0,4096,4096,1,12290,20.944272994995117,0.00804586336016655,0.6724467873573303,0.7178471088409424,1,1
kodak,07.png,2030,9001,3.0,120.0,ideal,fm_only,0,4096,4096,1,12290,19.12253761291504,0.012239008210599422,0.6848932504653931,0.6196060180664062,1,1
kodak,08.png,2030,9001,3.0,120.0,ideal,fm_only,0,4096,4096,1,12290,19.0927734375,0.012323171831667423,0.47932642698287964,0.8218095898628235,1,1
kodak,05.png,2030,9001,3.0,120.0,ideal,adaptive_harq,1,8192,4096,2,16388,16.042221069335938,0.02487584389746189,0.6703366041183472,0.5519372224807739,1,0
kodak,06.png,2030,9001,3.0,120.0,ideal,adaptive_harq,1,8192,4096,2,16388,20.82509994506836,0.008269703947007656,0.6626627445220947,0.7296267151832581,1,0
kodak,07.png,2030,9001,3.0,120.0,ideal,adaptive_harq,1,8192,4096,2,16388,21.358592987060547,0.007313761860132217,0.5245645046234131,0.7880484461784363,1,0
kodak,08.png,2030,9001,3.0,120.0,ideal,adaptive_harq,1,8192,4096,2,16388,19.182693481445312,0.012070653028786182,0.47873765230178833,0.8270236849784851,1,0
kodak,05.png,2030,9001,3.0,120.0,ideal,flowharq,1,8192,4096,2,16388,16.042221069335938,0.02487584389746189,0.6703366041183472,0.5519372224807739,1,0
kodak,06.png,2030,9001,3.0,120.0,ideal,flowharq,1,8192,4096,2,16388,20.82509994506836,0.008269703947007656,0.6626627445220947,0.7296267151832581,1,0
kodak,07.png,2030,9001,3.0,120.0,ideal,flowharq,1,8192,4096,2,16388,21.358592987060547,0.007313761860132217,0.5245645046234131,0.7880484461784363,1,0
kodak,08.png,2030,9001,3.0,120.0,ideal,flowharq,1,8192,4096,2,16388,19.182693481445312,0.012070653028786182,0.47873765230178833,0.8270236849784851,1,0
kodak,05.png,2030,9001,3.0,120.0,binary16,direct,0,4096,4096,1,12290,14.925175666809082,0.03217232599854469,0.7306241393089294,0.41445431113243103,1,1
kodak,06.png,2030,9001,3.0,120.0,binary16,direct,0,4096,4096,1,12290,20.810049057006836,0.008298416621983051,0.6665157675743103,0.7194375991821289,1,1
kodak,07.png,2030,9001,3.0,120.0,binary16,direct,0,4096,4096,1,12290,19.173370361328125,0.012096592225134373,0.6929134130477905,0.6191121935844421,1,1
kodak,08.png,2030,9001,3.0,120.0,binary16,direct,0,4096,4096,1,12290,19.055049896240234,0.012430681847035885,0.4803811311721802,0.8219377994537354,1,1
kodak,05.png,2030,9001,3.0,120.0,binary16,full_harq,1,8192,4096,2,16388,16.042245864868164,0.024875706061720848,0.6703435778617859,0.5519405007362366,1,0
kodak,06.png,2030,9001,3.0,120.0,binary16,full_harq,1,8192,4096,2,16388,20.82508087158203,0.00826974119991064,0.6626653671264648,0.7296270728111267,1,0
kodak,07.png,2030,9001,3.0,120.0,binary16,full_harq,1,8192,4096,2,16388,21.358596801757812,0.0073137544095516205,0.5245639681816101,0.7880479693412781,1,0
kodak,08.png,2030,9001,3.0,120.0,binary16,full_harq,1,8192,4096,2,16388,19.182661056518555,0.012070736847817898,0.4787389934062958,0.8270225524902344,1,0
kodak,05.png,2030,9001,3.0,120.0,binary16,fm_only,0,4096,4096,1,12290,14.801126480102539,0.03310452029109001,0.7203972935676575,0.4120241403579712,1,1
kodak,06.png,2030,9001,3.0,120.0,binary16,fm_only,0,4096,4096,1,12290,20.944244384765625,0.008045916445553303,0.6724492907524109,0.7178470492362976,1,1
kodak,07.png,2030,9001,3.0,120.0,binary16,fm_only,0,4096,4096,1,12290,19.124256134033203,0.012234169989824295,0.6842600107192993,0.6194258332252502,1,1
kodak,08.png,2030,9001,3.0,120.0,binary16,fm_only,0,4096,4096,1,12290,19.09275245666504,0.012323237955570221,0.47932881116867065,0.8218086361885071,1,1
kodak,05.png,2030,9001,3.0,120.0,binary16,adaptive_harq,1,8192,4096,2,16388,16.042245864868164,0.024875706061720848,0.6703435778617859,0.5519405007362366,1,0
kodak,06.png,2030,9001,3.0,120.0,binary16,adaptive_harq,1,8192,4096,2,16388,20.82508087158203,0.00826974119991064,0.6626653671264648,0.7296270728111267,1,0
kodak,07.png,2030,9001,3.0,120.0,binary16,adaptive_harq,1,8192,4096,2,16388,21.358596801757812,0.0073137544095516205,0.5245639681816101,0.7880479693412781,1,0
kodak,08.png,2030,9001,3.0,120.0,binary16,adaptive_harq,1,8192,4096,2,16388,19.182661056518555,0.012070736847817898,0.4787389934062958,0.8270225524902344,1,0
kodak,05.png,2030,9001,3.0,120.0,binary16,flowharq,1,8192,4096,2,16388,16.042245864868164,0.024875706061720848,0.6703435778617859,0.5519405007362366,1,0
kodak,06.png,2030,9001,3.0,120.0,binary16,flowharq,1,8192,4096,2,16388,20.82508087158203,0.00826974119991064,0.6626653671264648,0.7296270728111267,1,0
kodak,07.png,2030,9001,3.0,120.0,binary16,flowharq,1,8192,4096,2,16388,21.358596801757812,0.0073137544095516205,0.5245639681816101,0.7880479693412781,1,0
kodak,08.png,2030,9001,3.0,120.0,binary16,flowharq,1,8192,4096,2,16388,19.182661056518555,0.012070736847817898,0.4787389934062958,0.8270225524902344,1,0
kodak,09.png,2030,9001,3.0,120.0,ideal,direct,0,4096,4096,1,12290,22.335426330566406,0.005840597208589315,0.482828289270401,0.8204556107521057,1,1
kodak,10.png,2030,9001,3.0,120.0,ideal,direct,0,4096,4096,1,12290,26.134183883666992,0.002435463946312666,0.6542598009109497,0.795501708984375,0,0
kodak,11.png,2030,9001,3.0,120.0,ideal,direct,0,4096,4096,1,12290,19.284069061279297,0.011792152188718319,0.5764034390449524,0.761314868927002,1,1
kodak,12.png,2030,9001,3.0,120.0,ideal,direct,0,4096,4096,1,12290,20.669296264648438,0.008571767248213291,0.6384562849998474,0.7212674021720886,1,1
kodak,09.png,2030,9001,3.0,120.0,ideal,full_harq,1,8192,4096,2,16388,22.66655158996582,0.005411837715655565,0.4567413926124573,0.8353376388549805,1,0
kodak,10.png,2030,9001,3.0,120.0,ideal,full_harq,1,8192,4096,2,16388,27.51807403564453,0.0017708936939015985,0.5623540878295898,0.8737829327583313,0,0
kodak,11.png,2030,9001,3.0,120.0,ideal,full_harq,1,8192,4096,2,16388,19.92935562133789,0.010163993574678898,0.5345748662948608,0.8143458366394043,1,0
kodak,12.png,2030,9001,3.0,120.0,ideal,full_harq,1,8192,4096,2,16388,22.325214385986328,0.005854348186403513,0.5512263178825378,0.80040043592453,1,0
kodak,09.png,2030,9001,3.0,120.0,ideal,fm_only,0,4096,4096,1,12290,22.32311248779297,0.005857181269675493,0.5003796219825745,0.810712993144989,1,1
kodak,10.png,2030,9001,3.0,120.0,ideal,fm_only,0,4096,4096,1,12290,26.123674392700195,0.0024413650389760733,0.6627262830734253,0.7878628373146057,0,0
kodak,11.png,2030,9001,3.0,120.0,ideal,fm_only,0,4096,4096,1,12290,19.422948837280273,0.011421024799346924,0.5784505009651184,0.7576048970222473,1,1
kodak,12.png,2030,9001,3.0,120.0,ideal,fm_only,0,4096,4096,1,12290,20.828189849853516,0.008263821713626385,0.6769893169403076,0.7010533213615417,1,1
kodak,09.png,2030,9001,3.0,120.0,ideal,adaptive_harq,1,8192,4096,2,16388,22.66655158996582,0.005411837715655565,0.4567413926124573,0.8353376388549805,1,0
kodak,10.png,2030,9001,3.0,120.0,ideal,adaptive_harq,0,4096,4096,1,12290,26.134183883666992,0.002435463946312666,0.6542598009109497,0.795501708984375,0,0
kodak,11.png,2030,9001,3.0,120.0,ideal,adaptive_harq,1,8192,4096,2,16388,19.92935562133789,0.010163993574678898,0.5345748662948608,0.8143458366394043,1,0
kodak,12.png,2030,9001,3.0,120.0,ideal,adaptive_harq,1,8192,4096,2,16388,22.325214385986328,0.005854348186403513,0.5512263178825378,0.80040043592453,1,0
kodak,09.png,2030,9001,3.0,120.0,ideal,flowharq,1,8192,4096,2,16388,22.66655158996582,0.005411837715655565,0.4567413926124573,0.8353376388549805,1,0
kodak,10.png,2030,9001,3.0,120.0,ideal,flowharq,0,4096,4096,1,12290,26.123674392700195,0.0024413650389760733,0.6627262830734253,0.7878628373146057,0,0
kodak,11.png,2030,9001,3.0,120.0,ideal,flowharq,1,8192,4096,2,16388,19.92935562133789,0.010163993574678898,0.5345748662948608,0.8143458366394043,1,0
kodak,12.png,2030,9001,3.0,120.0,ideal,flowharq,1,8192,4096,2,16388,22.325214385986328,0.005854348186403513,0.5512263178825378,0.80040043592453,1,0
kodak,09.png,2030,9001,3.0,120.0,binary16,direct,0,4096,4096,1,12290,22.335437774658203,0.00584058091044426,0.48283401131629944,0.8204560279846191,1,1
kodak,10.png,2030,9001,3.0,120.0,binary16,direct,0,4096,4096,1,12290,26.134187698364258,0.002435460453853011,0.6542599201202393,0.7955031394958496,0,0
kodak,11.png,2030,9001,3.0,120.0,binary16,direct,0,4096,4096,1,12290,19.284055709838867,0.01179218664765358,0.5764025449752808,0.7613158226013184,1,1
kodak,12.png,2030,9001,3.0,120.0,binary16,direct,0,4096,4096,1,12290,20.669307708740234,0.00857174675911665,0.6384552717208862,0.7212703227996826,1,1
kodak,09.png,2030,9001,3.0,120.0,binary16,full_harq,1,8192,4096,2,16388,22.66658592224121,0.0054117958061397076,0.45674940943717957,0.8353379368782043,1,0
kodak,10.png,2030,9001,3.0,120.0,binary16,full_harq,1,8192,4096,2,16388,27.518083572387695,0.0017708897357806563,0.5623560547828674,0.8737832903862,0,0
kodak,11.png,2030,9001,3.0,120.0,binary16,full_harq,1,8192,4096,2,16388,19.929330825805664,0.010164055041968822,0.5345777273178101,0.8143458962440491,1,0
kodak,12.png,2030,9001,3.0,120.0,binary16,full_harq,1,8192,4096,2,16388,22.325206756591797,0.005854361224919558,0.551221489906311,0.800401508808136,1,0
kodak,09.png,2030,9001,3.0,120.0,binary16,fm_only,0,4096,4096,1,12290,22.3231201171875,0.005857171956449747,0.5003849267959595,0.810714066028595,1,1
kodak,10.png,2030,9001,3.0,120.0,binary16,fm_only,0,4096,4096,1,12290,26.123722076416016,0.002441338263452053,0.6627216935157776,0.787865161895752,0,0
kodak,11.png,2030,9001,3.0,120.0,binary16,fm_only,0,4096,4096,1,12290,19.42295265197754,0.011421016417443752,0.5784510374069214,0.7576060891151428,1,1
kodak,12.png,2030,9001,3.0,120.0,binary16,fm_only,0,4096,4096,1,12290,20.82820701599121,0.008263790048658848,0.6769943833351135,0.7010577321052551,1,1
kodak,09.png,2030,9001,3.0,120.0,binary16,adaptive_harq,1,8192,4096,2,16388,22.66658592224121,0.0054117958061397076,0.45674940943717957,0.8353379368782043,1,0
kodak,10.png,2030,9001,3.0,120.0,binary16,adaptive_harq,0,4096,4096,1,12290,26.134187698364258,0.002435460453853011,0.6542599201202393,0.7955031394958496,0,0
kodak,11.png,2030,9001,3.0,120.0,binary16,adaptive_harq,1,8192,4096,2,16388,19.929330825805664,0.010164055041968822,0.5345777273178101,0.8143458962440491,1,0
kodak,12.png,2030,9001,3.0,120.0,binary16,adaptive_harq,1,8192,4096,2,16388,22.325206756591797,0.005854361224919558,0.551221489906311,0.800401508808136,1,0
kodak,09.png,2030,9001,3.0,120.0,binary16,flowharq,1,8192,4096,2,16388,22.66658592224121,0.0054117958061397076,0.45674940943717957,0.8353379368782043,1,0
kodak,10.png,2030,9001,3.0,120.0,binary16,flowharq,0,4096,4096,1,12290,26.123722076416016,0.002441338263452053,0.6627216935157776,0.787865161895752,0,0
kodak,11.png,2030,9001,3.0,120.0,binary16,flowharq,1,8192,4096,2,16388,19.929330825805664,0.010164055041968822,0.5345777273178101,0.8143458962440491,1,0
kodak,12.png,2030,9001,3.0,120.0,binary16,flowharq,1,8192,4096,2,16388,22.325206756591797,0.005854361224919558,0.551221489906311,0.800401508808136,1,0
kodak,13.png,2030,9001,3.0,120.0,ideal,direct,0,4096,4096,1,12290,20.004894256591797,0.009988738223910332,0.7348687052726746,0.76691073179245,1,1
kodak,14.png,2030,9001,3.0,120.0,ideal,direct,0,4096,4096,1,12290,19.22693634033203,0.011948303319513798,0.5361486673355103,0.7699799537658691,1,1
kodak,15.png,2030,9001,3.0,120.0,ideal,direct,0,4096,4096,1,12290,21.79948616027832,0.00660771643742919,0.5464816093444824,0.8137040138244629,1,1
kodak,16.png,2030,9001,3.0,120.0,ideal,direct,0,4096,4096,1,12290,23.834354400634766,0.004135847557336092,0.628032386302948,0.7875289916992188,1,1
kodak,13.png,2030,9001,3.0,120.0,ideal,full_harq,1,8192,4096,2,16388,20.070232391357422,0.009839584119617939,0.7305393218994141,0.7727386951446533,1,0
kodak,14.png,2030,9001,3.0,120.0,ideal,full_harq,1,8192,4096,2,16388,19.538381576538086,0.011121462099254131,0.5105617046356201,0.7935172915458679,1,0
kodak,15.png,2030,9001,3.0,120.0,ideal,full_harq,1,8192,4096,2,16388,21.806612014770508,0.0065968832932412624,0.5466697216033936,0.8153219819068909,1,0
kodak,16.png,2030,9001,3.0,120.0,ideal,full_harq,1,8192,4096,2,16388,24.1072998046875,0.003883919445797801,0.6081935167312622,0.8136930465698242,0,0
kodak,13.png,2030,9001,3.0,120.0,ideal,fm_only,0,4096,4096,1,12290,20.071170806884766,0.009837459772825241,0.7398804426193237,0.7660501599311829,1,1
kodak,14.png,2030,9001,3.0,120.0,ideal,fm_only,0,4096,4096,1,12290,19.347490310668945,0.011621200479567051,0.5388299822807312,0.7698641419410706,1,1
kodak,15.png,2030,9001,3.0,120.0,ideal,fm_only,0,4096,4096,1,12290,22.04625701904297,0.00624272832646966,0.5501846671104431,0.8081918358802795,1,1
kodak,16.png,2030,9001,3.0,120.0,ideal,fm_only,0,4096,4096,1,12290,23.953096389770508,0.004024300258606672,0.6387119889259338,0.7834853529930115,1,1
kodak,13.png,2030,9001,3.0,120.0,ideal,adaptive_harq,1,8192,4096,2,16388,20.070232391357422,0.009839584119617939,0.7305393218994141,0.7727386951446533,1,0
kodak,14.png,2030,9001,3.0,120.0,ideal,adaptive_harq,1,8192,4096,2,16388,19.538381576538086,0.011121462099254131,0.5105617046356201,0.7935172915458679,1,0
kodak,15.png,2030,9001,3.0,120.0,ideal,adaptive_harq,1,8192,4096,2,16388,21.806612014770508,0.0065968832932412624,0.5466697216033936,0.8153219819068909,1,0
kodak,16.png,2030,9001,3.0,120.0,ideal,adaptive_harq,0,4096,4096,1,12290,23.834354400634766,0.004135847557336092,0.628032386302948,0.7875289916992188,1,1
kodak,13.png,2030,9001,3.0,120.0,ideal,flowharq,1,8192,4096,2,16388,20.070232391357422,0.009839584119617939,0.7305393218994141,0.7727386951446533,1,0
kodak,14.png,2030,9001,3.0,120.0,ideal,flowharq,1,8192,4096,2,16388,19.538381576538086,0.011121462099254131,0.5105617046356201,0.7935172915458679,1,0
kodak,15.png,2030,9001,3.0,120.0,ideal,flowharq,1,8192,4096,2,16388,21.806612014770508,0.0065968832932412624,0.5466697216033936,0.8153219819068909,1,0
kodak,16.png,2030,9001,3.0,120.0,ideal,flowharq,0,4096,4096,1,12290,23.953096389770508,0.004024300258606672,0.6387119889259338,0.7834853529930115,1,1
kodak,13.png,2030,9001,3.0,120.0,binary16,direct,0,4096,4096,1,12290,20.004894256591797,0.009988733567297459,0.734871506690979,0.7669103145599365,1,1
kodak,14.png,2030,9001,3.0,120.0,binary16,direct,0,4096,4096,1,12290,19.22696304321289,0.011948231607675552,0.5361499190330505,0.7699800133705139,1,1
kodak,15.png,2030,9001,3.0,120.0,binary16,direct,0,4096,4096,1,12290,21.79949951171875,0.006607694551348686,0.5464895367622375,0.8137012124061584,1,1
kodak,16.png,2030,9001,3.0,120.0,binary16,direct,0,4096,4096,1,12290,23.834341049194336,0.004135861527174711,0.6280336976051331,0.7875303626060486,1,1
kodak,13.png,2030,9001,3.0,120.0,binary16,full_harq,1,8192,4096,2,16388,20.070240020751953,0.009839564561843872,0.730541467666626,0.7727388739585876,1,0
kodak,14.png,2030,9001,3.0,120.0,binary16,full_harq,1,8192,4096,2,16388,19.538406372070312,0.011121396906673908,0.5105630159378052,0.7935176491737366,1,0
kodak,15.png,2030,9001,3.0,120.0,binary16,full_harq,1,8192,4096,2,16388,21.806617736816406,0.0065968758426606655,0.5466756820678711,0.8153197169303894,1,0
kodak,16.png,2030,9001,3.0,120.0,binary16,full_harq,1,8192,4096,2,16388,24.107275009155273,0.0038839399348944426,0.6081961393356323,0.8136932253837585,0,0
kodak,13.png,2030,9001,3.0,120.0,binary16,fm_only,0,4096,4096,1,12290,20.071170806884766,0.009837457910180092,0.7398824691772461,0.7660496234893799,1,1
kodak,14.png,2030,9001,3.0,120.0,binary16,fm_only,0,4096,4096,1,12290,19.34750747680664,0.01162115391343832,0.5388315320014954,0.7698642611503601,1,1
kodak,15.png,2030,9001,3.0,120.0,binary16,fm_only,0,4096,4096,1,12290,22.04625701904297,0.006242727395147085,0.5501923561096191,0.8081881999969482,1,1
kodak,16.png,2030,9001,3.0,120.0,binary16,fm_only,0,4096,4096,1,12290,23.953096389770508,0.004024300258606672,0.6387104392051697,0.7834866642951965,1,1
kodak,13.png,2030,9001,3.0,120.0,binary16,adaptive_harq,1,8192,4096,2,16388,20.070240020751953,0.009839564561843872,0.730541467666626,0.7727388739585876,1,0
kodak,14.png,2030,9001,3.0,120.0,binary16,adaptive_harq,1,8192,4096,2,16388,19.538406372070312,0.011121396906673908,0.5105630159378052,0.7935176491737366,1,0
kodak,15.png,2030,9001,3.0,120.0,binary16,adaptive_harq,1,8192,4096,2,16388,21.806617736816406,0.0065968758426606655,0.5466756820678711,0.8153197169303894,1,0
kodak,16.png,2030,9001,3.0,120.0,binary16,adaptive_harq,0,4096,4096,1,12290,23.834341049194336,0.004135861527174711,0.6280336976051331,0.7875303626060486,1,1
kodak,13.png,2030,9001,3.0,120.0,binary16,flowharq,1,8192,4096,2,16388,20.070240020751953,0.009839564561843872,0.730541467666626,0.7727388739585876,1,0
kodak,14.png,2030,9001,3.0,120.0,binary16,flowharq,1,8192,4096,2,16388,19.538406372070312,0.011121396906673908,0.5105630159378052,0.7935176491737366,1,0
kodak,15.png,2030,9001,3.0,120.0,binary16,flowharq,1,8192,4096,2,16388,21.806617736816406,0.0065968758426606655,0.5466756820678711,0.8153197169303894,1,0
kodak,16.png,2030,9001,3.0,120.0,binary16,flowharq,0,4096,4096,1,12290,23.953096389770508,0.004024300258606672,0.6387104392051697,0.7834866642951965,1,1
kodak,17.png,2030,9001,3.0,120.0,ideal,direct,0,4096,4096,1,12290,19.009904861450195,0.012560575269162655,0.7745229005813599,0.42780160903930664,1,1
kodak,18.png,2030,9001,3.0,120.0,ideal,direct,0,4096,4096,1,12290,18.236061096191406,0.015010458417236805,0.6814655661582947,0.64241623878479,1,1
kodak,19.png,2030,9001,3.0,120.0,ideal,direct,0,4096,4096,1,12290,20.692766189575195,0.008525571785867214,0.5611497163772583,0.8123075366020203,1,1
kodak,20.png,2030,9001,3.0,120.0,ideal,direct,0,4096,4096,1,12290,21.368331909179688,0.00729737663641572,0.40668484568595886,0.8393792510032654,1,1
kodak,17.png,2030,9001,3.0,120.0,ideal,full_harq,1,8192,4096,2,16388,24.714420318603516,0.0033772087190300226,0.5492817163467407,0.8530662655830383,0,0
kodak,18.png,2030,9001,3.0,120.0,ideal,full_harq,1,8192,4096,2,16388,18.622028350830078,0.013734005391597748,0.640338122844696,0.6780185699462891,1,0
kodak,19.png,2030,9001,3.0,120.0,ideal,full_harq,1,8192,4096,2,16388,20.716995239257812,0.00847813580185175,0.5555732250213623,0.8141831755638123,1,0
kodak,20.png,2030,9001,3.0,120.0,ideal,full_harq,1,8192,4096,2,16388,21.40265655517578,0.007239930331707001,0.41432762145996094,0.841019332408905,1,0
kodak,17.png,2030,9001,3.0,120.0,ideal,fm_only,0,4096,4096,1,12290,19.084993362426758,0.012345272116363049,0.7602789402008057,0.43369486927986145,1,1
kodak,18.png,2030,9001,3.0,120.0,ideal,fm_only,0,4096,4096,1,12290,18.26910972595215,0.014896665699779987,0.6887111663818359,0.6235391497612,1,1
kodak,19.png,2030,9001,3.0,120.0,ideal,fm_only,0,4096,4096,1,12290,20.712135314941406,0.008487632498145103,0.5615549683570862,0.8122885227203369,1,1
kodak,20.png,2030,9001,3.0,120.0,ideal,fm_only,0,4096,4096,1,12290,21.191326141357422,0.0076009430922567844,0.492186576128006,0.7995635867118835,1,1
kodak,17.png,2030,9001,3.0,120.0,ideal,adaptive_harq,1,8192,4096,2,16388,24.714420318603516,0.0033772087190300226,0.5492817163467407,0.8530662655830383,0,0
kodak,18.png,2030,9001,3.0,120.0,ideal,adaptive_harq,1,8192,4096,2,16388,18.622028350830078,0.013734005391597748,0.640338122844696,0.6780185699462891,1,0
kodak,19.png,2030,9001,3.0,120.0,ideal,adaptive_harq,1,8192,4096,2,16388,20.716995239257812,0.00847813580185175,0.5555732250213623,0.8141831755638123,1,0
kodak,20.png,2030,9001,3.0,120.0,ideal,adaptive_harq,1,8192,4096,2,16388,21.40265655517578,0.007239930331707001,0.41432762145996094,0.841019332408905,1,0
kodak,17.png,2030,9001,3.0,120.0,ideal,flowharq,1,8192,4096,2,16388,24.714420318603516,0.0033772087190300226,0.5492817163467407,0.8530662655830383,0,0
kodak,18.png,2030,9001,3.0,120.0,ideal,flowharq,1,8192,4096,2,16388,18.622028350830078,0.013734005391597748,0.640338122844696,0.6780185699462891,1,0
kodak,19.png,2030,9001,3.0,120.0,ideal,flowharq,1,8192,4096,2,16388,20.716995239257812,0.00847813580185175,0.5555732250213623,0.8141831755638123,1,0
kodak,20.png,2030,9001,3.0,120.0,ideal,flowharq,1,8192,4096,2,16388,21.40265655517578,0.007239930331707001,0.41432762145996094,0.841019332408905,1,0
kodak,17.png,2030,9001,3.0,120.0,binary16,direct,0,4096,4096,1,12290,19.009925842285156,0.01256051380187273,0.774516761302948,0.4278026819229126,1,1
kodak,18.png,2030,9001,3.0,120.0,binary16,direct,0,4096,4096,1,12290,18.2360782623291,0.015010397881269455,0.6814752817153931,0.6424181461334229,1,1
kodak,19.png,2030,9001,3.0,120.0,binary16,direct,0,4096,4096,1,12290,20.692747116088867,0.008525606244802475,0.5611520409584045,0.8123078942298889,1,1
kodak,20.png,2030,9001,3.0,120.0,binary16,direct,0,4096,4096,1,12290,21.36833381652832,0.0072973743081092834,0.40670111775398254,0.8393790125846863,1,1
kodak,17.png,2030,9001,3.0,120.0,binary16,full_harq,1,8192,4096,2,16388,24.714401245117188,0.0033772236201912165,0.5492845177650452,0.8530671000480652,0,0
kodak,18.png,2030,9001,3.0,120.0,binary16,full_harq,1,8192,4096,2,16388,18.622045516967773,0.013733950443565845,0.6403359770774841,0.6780200004577637,1,0
kodak,19.png,2030,9001,3.0,120.0,binary16,full_harq,1,8192,4096,2,16388,20.71698760986328,0.008478154428303242,0.5555762052536011,0.81418377161026,1,0
kodak,20.png,2030,9001,3.0,120.0,binary16,full_harq,1,8192,4096,2,16388,21.40267562866211,0.007239897269755602,0.4143514037132263,0.8410192131996155,1,0
kodak,17.png,2030,9001,3.0,120.0,binary16,fm_only,0,4096,4096,1,12290,19.084897994995117,0.012345544062554836,0.7602184414863586,0.43329858779907227,1,1
kodak,18.png,2030,9001,3.0,120.0,binary16,fm_only,0,4096,4096,1,12290,18.26911163330078,0.014896654523909092,0.68871009349823,0.6235405802726746,1,1
kodak,19.png,2030,9001,3.0,120.0,binary16,fm_only,0,4096,4096,1,12290,20.71212387084961,0.008487655781209469,0.5615562796592712,0.8122889995574951,1,1
kodak,20.png,2030,9001,3.0,120.0,binary16,fm_only,0,4096,4096,1,12290,21.191329956054688,0.007600934710353613,0.49220049381256104,0.7995668053627014,1,1
kodak,17.png,2030,9001,3.0,120.0,binary16,adaptive_harq,1,8192,4096,2,16388,24.714401245117188,0.0033772236201912165,0.5492845177650452,0.8530671000480652,0,0
kodak,18.png,2030,9001,3.0,120.0,binary16,adaptive_harq,1,8192,4096,2,16388,18.622045516967773,0.013733950443565845,0.6403359770774841,0.6780200004577637,1,0
kodak,19.png,2030,9001,3.0,120.0,binary16,adaptive_harq,1,8192,4096,2,16388,20.71698760986328,0.008478154428303242,0.5555762052536011,0.81418377161026,1,0
kodak,20.png,2030,9001,3.0,120.0,binary16,adaptive_harq,1,8192,4096,2,16388,21.40267562866211,0.007239897269755602,0.4143514037132263,0.8410192131996155,1,0
kodak,17.png,2030,9001,3.0,120.0,binary16,flowharq,1,8192,4096,2,16388,24.714401245117188,0.0033772236201912165,0.5492845177650452,0.8530671000480652,0,0
kodak,18.png,2030,9001,3.0,120.0,binary16,flowharq,1,8192,4096,2,16388,18.622045516967773,0.013733950443565845,0.6403359770774841,0.6780200004577637,1,0
kodak,19.png,2030,9001,3.0,120.0,binary16,flowharq,1,8192,4096,2,16388,20.71698760986328,0.008478154428303242,0.5555762052536011,0.81418377161026,1,0
kodak,20.png,2030,9001,3.0,120.0,binary16,flowharq,1,8192,4096,2,16388,21.40267562866211,0.007239897269755602,0.4143514037132263,0.8410192131996155,1,0
kodak,21.png,2030,9001,3.0,120.0,ideal,direct,0,4096,4096,1,12290,20.11690330505371,0.009734411723911762,0.588884174823761,0.7445635795593262,1,1
kodak,22.png,2030,9001,3.0,120.0,ideal,direct,0,4096,4096,1,12290,20.15695571899414,0.009645051322877407,0.6838791370391846,0.6797145009040833,1,1
kodak,23.png,2030,9001,3.0,120.0,ideal,direct,0,4096,4096,1,12290,23.0191650390625,0.0049898033030331135,0.3673593997955322,0.8605850338935852,1,1
kodak,24.png,2030,9001,3.0,120.0,ideal,direct,0,4096,4096,1,12290,22.365482330322266,0.005800317972898483,0.6471906900405884,0.7760264873504639,1,1
kodak,21.png,2030,9001,3.0,120.0,ideal,full_harq,1,8192,4096,2,16388,21.029443740844727,0.007889609783887863,0.5075780153274536,0.8291156888008118,1,0
kodak,22.png,2030,9001,3.0,120.0,ideal,full_harq,1,8192,4096,2,16388,20.66722869873047,0.008575850166380405,0.6430864930152893,0.7222740054130554,1,0
kodak,23.png,2030,9001,3.0,120.0,ideal,full_harq,1,8192,4096,2,16388,23.321592330932617,0.004654154647141695,0.3354886472225189,0.8820484280586243,1,0
kodak,24.png,2030,9001,3.0,120.0,ideal,full_harq,1,8192,4096,2,16388,23.477985382080078,0.004489535000175238,0.5966824293136597,0.8608348965644836,1,0
kodak,21.png,2030,9001,3.0,120.0,ideal,fm_only,0,4096,4096,1,12290,20.068531036376953,0.009843441657721996,0.6131062507629395,0.7329196929931641,1,1
kodak,22.png,2030,9001,3.0,120.0,ideal,fm_only,0,4096,4096,1,12290,20.25031852722168,0.009439919143915176,0.6832805275917053,0.6719780564308167,1,1
kodak,23.png,2030,9001,3.0,120.0,ideal,fm_only,0,4096,4096,1,12290,23.03775405883789,0.004968494176864624,0.3863786458969116,0.8562179207801819,1,1
kodak,24.png,2030,9001,3.0,120.0,ideal,fm_only,0,4096,4096,1,12290,22.49854850769043,0.00562529219314456,0.6540299654006958,0.769556999206543,1,1
kodak,21.png,2030,9001,3.0,120.0,ideal,adaptive_harq,1,8192,4096,2,16388,21.029443740844727,0.007889609783887863,0.5075780153274536,0.8291156888008118,1,0
kodak,22.png,2030,9001,3.0,120.0,ideal,adaptive_harq,1,8192,4096,2,16388,20.66722869873047,0.008575850166380405,0.6430864930152893,0.7222740054130554,1,0
kodak,23.png,2030,9001,3.0,120.0,ideal,adaptive_harq,1,8192,4096,2,16388,23.321592330932617,0.004654154647141695,0.3354886472225189,0.8820484280586243,1,0
kodak,24.png,2030,9001,3.0,120.0,ideal,adaptive_harq,1,8192,4096,2,16388,23.477985382080078,0.004489535000175238,0.5966824293136597,0.8608348965644836,1,0
kodak,21.png,2030,9001,3.0,120.0,ideal,flowharq,1,8192,4096,2,16388,21.029443740844727,0.007889609783887863,0.5075780153274536,0.8291156888008118,1,0
kodak,22.png,2030,9001,3.0,120.0,ideal,flowharq,1,8192,4096,2,16388,20.66722869873047,0.008575850166380405,0.6430864930152893,0.7222740054130554,1,0
kodak,23.png,2030,9001,3.0,120.0,ideal,flowharq,1,8192,4096,2,16388,23.321592330932617,0.004654154647141695,0.3354886472225189,0.8820484280586243,1,0
kodak,24.png,2030,9001,3.0,120.0,ideal,flowharq,1,8192,4096,2,16388,23.477985382080078,0.004489535000175238,0.5966824293136597,0.8608348965644836,1,0
kodak,21.png,2030,9001,3.0,120.0,binary16,direct,0,4096,4096,1,12290,20.116939544677734,0.009734331630170345,0.5888806581497192,0.744562566280365,1,1
kodak,22.png,2030,9001,3.0,120.0,binary16,direct,0,4096,4096,1,12290,20.156890869140625,0.00964518915861845,0.6838748455047607,0.6797089576721191,1,1
kodak,23.png,2030,9001,3.0,120.0,binary16,direct,0,4096,4096,1,12290,23.0191707611084,0.00498979864642024,0.36735668778419495,0.8605851531028748,1,1
kodak,24.png,2030,9001,3.0,120.0,binary16,direct,0,4096,4096,1,12290,22.365453720092773,0.00580035662278533,0.6471917629241943,0.7760286331176758,1,1
kodak,21.png,2030,9001,3.0,120.0,binary16,full_harq,1,8192,4096,2,16388,21.029430389404297,0.007889636792242527,0.5075794458389282,0.8291159272193909,1,0
kodak,22.png,2030,9001,3.0,120.0,binary16,full_harq,1,8192,4096,2,16388,20.667190551757812,0.00857592560350895,0.6430858969688416,0.7222716212272644,1,0
kodak,23.png,2030,9001,3.0,120.0,binary16,full_harq,1,8192,4096,2,16388,23.321624755859375,0.00465411925688386,0.3354870676994324,0.8820481300354004,1,0
kodak,24.png,2030,9001,3.0,120.0,binary16,full_harq,1,8192,4096,2,16388,23.477996826171875,0.004489522892981768,0.5966838598251343,0.8608357310295105,1,0
kodak,21.png,2030,9001,3.0,120.0,binary16,fm_only,0,4096,4096,1,12290,20.068553924560547,0.009843386709690094,0.6131017208099365,0.7329196929931641,1,1
kodak,22.png,2030,9001,3.0,120.0,binary16,fm_only,0,4096,4096,1,12290,20.248918533325195,0.009442959912121296,0.6834336519241333,0.6720013618469238,1,1
kodak,23.png,2030,9001,3.0,120.0,binary16,fm_only,0,4096,4096,1,12290,23.037734985351562,0.0049685160629451275,0.38637685775756836,0.8562176823616028,1,1
kodak,24.png,2030,9001,3.0,120.0,binary16,fm_only,0,4096,4096,1,12290,22.498483657836914,0.005625378340482712,0.6540289521217346,0.7695591449737549,1,1
kodak,21.png,2030,9001,3.0,120.0,binary16,adaptive_harq,1,8192,4096,2,16388,21.029430389404297,0.007889636792242527,0.5075794458389282,0.8291159272193909,1,0
kodak,22.png,2030,9001,3.0,120.0,binary16,adaptive_harq,1,8192,4096,2,16388,20.667190551757812,0.00857592560350895,0.6430858969688416,0.7222716212272644,1,0
kodak,23.png,2030,9001,3.0,120.0,binary16,adaptive_harq,1,8192,4096,2,16388,23.321624755859375,0.00465411925688386,0.3354870676994324,0.8820481300354004,1,0
kodak,24.png,2030,9001,3.0,120.0,binary16,adaptive_harq,1,8192,4096,2,16388,23.477996826171875,0.004489522892981768,0.5966838598251343,0.8608357310295105,1,0
kodak,21.png,2030,9001,3.0,120.0,binary16,flowharq,1,8192,4096,2,16388,21.029430389404297,0.007889636792242527,0.5075794458389282,0.8291159272193909,1,0
kodak,22.png,2030,9001,3.0,120.0,binary16,flowharq,1,8192,4096,2,16388,20.667190551757812,0.00857592560350895,0.6430858969688416,0.7222716212272644,1,0
kodak,23.png,2030,9001,3.0,120.0,binary16,flowharq,1,8192,4096,2,16388,23.321624755859375,0.00465411925688386,0.3354870676994324,0.8820481300354004,1,0
kodak,24.png,2030,9001,3.0,120.0,binary16,flowharq,1,8192,4096,2,16388,23.477996826171875,0.004489522892981768,0.5966838598251343,0.8608357310295105,1,0
kodak,01.png,2030,9001,6.0,30.0,ideal,direct,0,4096,4096,1,12290,20.144733428955078,0.009672231040894985,0.5722000002861023,0.7796751856803894,1,1
kodak,02.png,2030,9001,6.0,30.0,ideal,direct,0,4096,4096,1,12290,22.226699829101562,0.005988664925098419,0.5195549726486206,0.7997421622276306,1,1
kodak,03.png,2030,9001,6.0,30.0,ideal,direct,0,4096,4096,1,12290,23.47583770751953,0.004491756204515696,0.41373488306999207,0.8623300194740295,1,1
kodak,04.png,2030,9001,6.0,30.0,ideal,direct,0,4096,4096,1,12290,21.851503372192383,0.006529043894261122,0.6723702549934387,0.6978020071983337,1,1
kodak,01.png,2030,9001,6.0,30.0,ideal,full_harq,1,8192,4096,2,16388,20.184614181518555,0.00958381500095129,0.5657733678817749,0.7862920761108398,1,0
kodak,02.png,2030,9001,6.0,30.0,ideal,full_harq,1,8192,4096,2,16388,22.201248168945312,0.006023865193128586,0.5131440162658691,0.806922197341919,1,0
kodak,03.png,2030,9001,6.0,30.0,ideal,full_harq,1,8192,4096,2,16388,23.47844696044922,0.004489060956984758,0.4137668013572693,0.8623966574668884,1,0
kodak,04.png,2030,9001,6.0,30.0,ideal,full_harq,1,8192,4096,2,16388,24.36022186279297,0.0036641883198171854,0.5705680847167969,0.8144729733467102,0,0
kodak,01.png,2030,9001,6.0,30.0,ideal,fm_only,0,4096,4096,1,12290,20.26937484741211,0.009398585185408592,0.5716644525527954,0.7813881039619446,1,1
kodak,02.png,2030,9001,6.0,30.0,ideal,fm_only,0,4096,4096,1,12290,22.533533096313477,0.005580160766839981,0.5215322971343994,0.7978853583335876,1,1
kodak,03.png,2030,9001,6.0,30.0,ideal,fm_only,0,4096,4096,1,12290,24.03120994567871,0.003952565137296915,0.41485950350761414,0.8653098940849304,0,0
kodak,04.png,2030,9001,6.0,30.0,ideal,fm_only,0,4096,4096,1,12290,21.687335968017578,0.006780574098229408,0.66949462890625,0.6903007626533508,1,1
kodak,01.png,2030,9001,6.0,30.0,ideal,adaptive_harq,1,8192,4096,2,16388,20.184614181518555,0.00958381500095129,0.5657733678817749,0.7862920761108398,1,0
kodak,02.png,2030,9001,6.0,30.0,ideal,adaptive_harq,1,8192,4096,2,16388,22.201248168945312,0.006023865193128586,0.5131440162658691,0.806922197341919,1,0
kodak,03.png,2030,9001,6.0,30.0,ideal,adaptive_harq,0,4096,4096,1,12290,23.47583770751953,0.004491756204515696,0.41373488306999207,0.8623300194740295,1,1
kodak,04.png,2030,9001,6.0,30.0,ideal,adaptive_harq,1,8192,4096,2,16388,24.36022186279297,0.0036641883198171854,0.5705680847167969,0.8144729733467102,0,0
kodak,01.png,2030,9001,6.0,30.0,ideal,flowharq,1,8192,4096,2,16388,20.184614181518555,0.00958381500095129,0.5657733678817749,0.7862920761108398,1,0
kodak,02.png,2030,9001,6.0,30.0,ideal,flowharq,1,8192,4096,2,16388,22.201248168945312,0.006023865193128586,0.5131440162658691,0.806922197341919,1,0
kodak,03.png,2030,9001,6.0,30.0,ideal,flowharq,0,4096,4096,1,12290,24.03120994567871,0.003952565137296915,0.41485950350761414,0.8653098940849304,0,0
kodak,04.png,2030,9001,6.0,30.0,ideal,flowharq,1,8192,4096,2,16388,24.36022186279297,0.0036641883198171854,0.5705680847167969,0.8144729733467102,0,0
kodak,01.png,2030,9001,6.0,30.0,binary16,direct,0,4096,4096,1,12290,20.14478302001953,0.00967212300747633,0.5721989274024963,0.7796775698661804,1,1
kodak,02.png,2030,9001,6.0,30.0,binary16,direct,0,4096,4096,1,12290,22.226707458496094,0.005988653749227524,0.5195498466491699,0.7997426986694336,1,1
kodak,03.png,2030,9001,6.0,30.0,binary16,direct,0,4096,4096,1,12290,23.475772857666016,0.004491822328418493,0.4137442409992218,0.8623318076133728,1,1
kodak,04.png,2030,9001,6.0,30.0,binary16,direct,0,4096,4096,1,12290,21.851594924926758,0.006528906989842653,0.6723692417144775,0.6978026032447815,1,1
kodak,01.png,2030,9001,6.0,30.0,binary16,full_harq,1,8192,4096,2,16388,20.184673309326172,0.009583685547113419,0.5657711625099182,0.78629469871521,1,0
kodak,02.png,2030,9001,6.0,30.0,binary16,full_harq,1,8192,4096,2,16388,22.201261520385742,0.006023846101015806,0.513142466545105,0.8069236278533936,1,0
kodak,03.png,2030,9001,6.0,30.0,binary16,full_harq,1,8192,4096,2,16388,23.478378295898438,0.004489128477871418,0.4137761890888214,0.862398624420166,1,0
kodak,04.png,2030,9001,6.0,30.0,binary16,full_harq,1,8192,4096,2,16388,24.36014175415039,0.003664255142211914,0.5705679059028625,0.8144715428352356,0,0
kodak,01.png,2030,9001,6.0,30.0,binary16,fm_only,0,4096,4096,1,12290,20.269420623779297,0.009398490190505981,0.5716640949249268,0.7813906669616699,1,1
kodak,02.png,2030,9001,6.0,30.0,binary16,fm_only,0,4096,4096,1,12290,22.533523559570312,0.005580171477049589,0.5215285420417786,0.7978854179382324,1,1
kodak,03.png,2030,9001,6.0,30.0,binary16,fm_only,0,4096,4096,1,12290,24.031173706054688,0.003952598199248314,0.4148682951927185,0.8653114438056946,0,0
kodak,04.png,2030,9001,6.0,30.0,binary16,fm_only,0,4096,4096,1,12290,21.687450408935547,0.00678039388731122,0.6694848537445068,0.690299928188324,1,1
kodak,01.png,2030,9001,6.0,30.0,binary16,adaptive_harq,1,8192,4096,2,16388,20.184673309326172,0.009583685547113419,0.5657711625099182,0.78629469871521,1,0
kodak,02.png,2030,9001,6.0,30.0,binary16,adaptive_harq,1,8192,4096,2,16388,22.201261520385742,0.006023846101015806,0.513142466545105,0.8069236278533936,1,0
kodak,03.png,2030,9001,6.0,30.0,binary16,adaptive_harq,0,4096,4096,1,12290,23.475772857666016,0.004491822328418493,0.4137442409992218,0.8623318076133728,1,1
kodak,04.png,2030,9001,6.0,30.0,binary16,adaptive_harq,1,8192,4096,2,16388,24.36014175415039,0.003664255142211914,0.5705679059028625,0.8144715428352356,0,0
kodak,01.png,2030,9001,6.0,30.0,binary16,flowharq,1,8192,4096,2,16388,20.184673309326172,0.009583685547113419,0.5657711625099182,0.78629469871521,1,0
kodak,02.png,2030,9001,6.0,30.0,binary16,flowharq,1,8192,4096,2,16388,22.201261520385742,0.006023846101015806,0.513142466545105,0.8069236278533936,1,0
kodak,03.png,2030,9001,6.0,30.0,binary16,flowharq,0,4096,4096,1,12290,24.031173706054688,0.003952598199248314,0.4148682951927185,0.8653114438056946,0,0
kodak,04.png,2030,9001,6.0,30.0,binary16,flowharq,1,8192,4096,2,16388,24.36014175415039,0.003664255142211914,0.5705679059028625,0.8144715428352356,0,0
kodak,05.png,2030,9001,6.0,30.0,ideal,direct,0,4096,4096,1,12290,18.237110137939453,0.01500683557242155,0.5203548073768616,0.778498649597168,1,1
kodak,06.png,2030,9001,6.0,30.0,ideal,direct,0,4096,4096,1,12290,20.810861587524414,0.008296861313283443,0.6833345293998718,0.7286345958709717,1,1
kodak,07.png,2030,9001,6.0,30.0,ideal,direct,0,4096,4096,1,12290,22.200958251953125,0.006024265196174383,0.45667868852615356,0.8455782532691956,1,1
kodak,08.png,2030,9001,6.0,30.0,ideal,direct,0,4096,4096,1,12290,19.494050979614258,0.011235564015805721,0.46332693099975586,0.8498916625976562,1,1
kodak,05.png,2030,9001,6.0,30.0,ideal,full_harq,1,8192,4096,2,16388,18.283161163330078,0.014848540537059307,0.518692135810852,0.7813851833343506,1,0
kodak,06.png,2030,9001,6.0,30.0,ideal,full_harq,1,8192,4096,2,16388,20.9128475189209,0.00810429360717535,0.6680561900138855,0.7424796223640442,1,0
kodak,07.png,2030,9001,6.0,30.0,ideal,full_harq,1,8192,4096,2,16388,22.245893478393555,0.005962257739156485,0.45270365476608276,0.8489418625831604,1,0
kodak,08.png,2030,9001,6.0,30.0,ideal,full_harq,1,8192,4096,2,16388,19.561565399169922,0.011062252335250378,0.461125910282135,0.8543650507926941,1,0
kodak,05.png,2030,9001,6.0,30.0,ideal,fm_only,0,4096,4096,1,12290,18.300817489624023,0.01478829700499773,0.5213435888290405,0.778447151184082,1,1
kodak,06.png,2030,9001,6.0,30.0,ideal,fm_only,0,4096,4096,1,12290,20.933589935302734,0.008065679110586643,0.685775876045227,0.7294419407844543,1,1
kodak,07.png,2030,9001,6.0,30.0,ideal,fm_only,0,4096,4096,1,12290,22.259971618652344,0.005942960735410452,0.4570126533508301,0.8451879620552063,1,1
kodak,08.png,2030,9001,6.0,30.0,ideal,fm_only,0,4096,4096,1,12290,19.523012161254883,0.011160888709127903,0.46369850635528564,0.8496150374412537,1,1
kodak,05.png,2030,9001,6.0,30.0,ideal,adaptive_harq,1,8192,4096,2,16388,18.283161163330078,0.014848540537059307,0.518692135810852,0.7813851833343506,1,0
kodak,06.png,2030,9001,6.0,30.0,ideal,adaptive_harq,1,8192,4096,2,16388,20.9128475189209,0.00810429360717535,0.6680561900138855,0.7424796223640442,1,0
kodak,07.png,2030,9001,6.0,30.0,ideal,adaptive_harq,1,8192,4096,2,16388,22.245893478393555,0.005962257739156485,0.45270365476608276,0.8489418625831604,1,0
kodak,08.png,2030,9001,6.0,30.0,ideal,adaptive_harq,1,8192,4096,2,16388,19.561565399169922,0.011062252335250378,0.461125910282135,0.8543650507926941,1,0
kodak,05.png,2030,9001,6.0,30.0,ideal,flowharq,1,8192,4096,2,16388,18.283161163330078,0.014848540537059307,0.518692135810852,0.7813851833343506,1,0
kodak,06.png,2030,9001,6.0,30.0,ideal,flowharq,1,8192,4096,2,16388,20.9128475189209,0.00810429360717535,0.6680561900138855,0.7424796223640442,1,0
kodak,07.png,2030,9001,6.0,30.0,ideal,flowharq,1,8192,4096,2,16388,22.245893478393555,0.005962257739156485,0.45270365476608276,0.8489418625831604,1,0
kodak,08.png,2030,9001,6.0,30.0,ideal,flowharq,1,8192,4096,2,16388,19.561565399169922,0.011062252335250378,0.461125910282135,0.8543650507926941,1,0
kodak,05.png,2030,9001,6.0,30.0,binary16,direct,0,4096,4096,1,12290,18.237117767333984,0.01500679925084114,0.5203587412834167,0.7784990668296814,1,1
kodak,06.png,2030,9001,6.0,30.0,binary16,direct,0,4096,4096,1,12290,20.81084442138672,0.00829689297825098,0.6833323240280151,0.728634774684906,1,1
kodak,07.png,2030,9001,6.0,30.0,binary16,direct,0,4096,4096,1,12290,22.200925827026367,0.0060243126936256886,0.4566781222820282,0.8455769419670105,1,1
kodak,08.png,2030,9001,6.0,30.0,binary16,direct,0,4096,4096,1,12290,19.494043350219727,0.011235584504902363,0.46332862973213196,0.8498914837837219,1,1
kodak,05.png,2030,9001,6.0,30.0,binary16,full_harq,1,8192,4096,2,16388,18.283174514770508,0.014848500490188599,0.5186964273452759,0.781385600566864,1,0
kodak,06.png,2030,9001,6.0,30.0,binary16,full_harq,1,8192,4096,2,16388,20.912822723388672,0.008104340173304081,0.668056070804596,0.7424800395965576,1,0
kodak,07.png,2030,9001,6.0,30.0,binary16,full_harq,1,8192,4096,2,16388,22.24585723876953,0.005962304770946503,0.452701210975647,0.8489405512809753,1,0
kodak,08.png,2030,9001,6.0,30.0,binary16,full_harq,1,8192,4096,2,16388,19.561565399169922,0.011062252335250378,0.4611281156539917,0.8543651103973389,1,0
kodak,05.png,2030,9001,6.0,30.0,binary16,fm_only,0,4096,4096,1,12290,18.300830841064453,0.014788256026804447,0.5213462710380554,0.7784476280212402,1,1
kodak,06.png,2030,9001,6.0,30.0,binary16,fm_only,0,4096,4096,1,12290,20.933570861816406,0.008065713569521904,0.6857759952545166,0.7294421195983887,1,1
kodak,07.png,2030,9001,6.0,30.0,binary16,fm_only,0,4096,4096,1,12290,22.25994300842285,0.005942998453974724,0.45701104402542114,0.845186710357666,1,1
kodak,08.png,2030,9001,6.0,30.0,binary16,fm_only,0,4096,4096,1,12290,19.52301025390625,0.011160892434418201,0.4637001156806946,0.8496149182319641,1,1
kodak,05.png,2030,9001,6.0,30.0,binary16,adaptive_harq,1,8192,4096,2,16388,18.283174514770508,0.014848500490188599,0.5186964273452759,0.781385600566864,1,0
kodak,06.png,2030,9001,6.0,30.0,binary16,adaptive_harq,1,8192,4096,2,16388,20.912822723388672,0.008104340173304081,0.668056070804596,0.7424800395965576,1,0
kodak,07.png,2030,9001,6.0,30.0,binary16,adaptive_harq,1,8192,4096,2,16388,22.24585723876953,0.005962304770946503,0.452701210975647,0.8489405512809753,1,0
kodak,08.png,2030,9001,6.0,30.0,binary16,adaptive_harq,1,8192,4096,2,16388,19.561565399169922,0.011062252335250378,0.4611281156539917,0.8543651103973389,1,0
kodak,05.png,2030,9001,6.0,30.0,binary16,flowharq,1,8192,4096,2,16388,18.283174514770508,0.014848500490188599,0.5186964273452759,0.781385600566864,1,0
kodak,06.png,2030,9001,6.0,30.0,binary16,flowharq,1,8192,4096,2,16388,20.912822723388672,0.008104340173304081,0.668056070804596,0.7424800395965576,1,0
kodak,07.png,2030,9001,6.0,30.0,binary16,flowharq,1,8192,4096,2,16388,22.24585723876953,0.005962304770946503,0.452701210975647,0.8489405512809753,1,0
kodak,08.png,2030,9001,6.0,30.0,binary16,flowharq,1,8192,4096,2,16388,19.561565399169922,0.011062252335250378,0.4611281156539917,0.8543651103973389,1,0
kodak,09.png,2030,9001,6.0,30.0,ideal,direct,0,4096,4096,1,12290,22.70323944091797,0.005366311874240637,0.4388226568698883,0.8393254280090332,1,1
kodak,10.png,2030,9001,6.0,30.0,ideal,direct,0,4096,4096,1,12290,27.345455169677734,0.0018426995957270265,0.594789445400238,0.8698111176490784,0,0
kodak,11.png,2030,9001,6.0,30.0,ideal,direct,0,4096,4096,1,12290,19.326358795166016,0.011677886359393597,0.569465696811676,0.7670450806617737,1,1
kodak,12.png,2030,9001,6.0,30.0,ideal,direct,0,4096,4096,1,12290,22.774730682373047,0.0052787004970014095,0.5294604897499084,0.8234853148460388,1,1
kodak,09.png,2030,9001,6.0,30.0,ideal,full_harq,1,8192,4096,2,16388,23.40761947631836,0.00456286920234561,0.39871519804000854,0.8699188828468323,1,0
kodak,10.png,2030,9001,6.0,30.0,ideal,full_harq,1,8192,4096,2,16388,28.236257553100586,0.0015009772032499313,0.5051863789558411,0.9036629796028137,0,0
kodak,11.png,2030,9001,6.0,30.0,ideal,full_harq,1,8192,4096,2,16388,19.671894073486328,0.010784763842821121,0.5463480949401855,0.7948575615882874,1,0
kodak,12.png,2030,9001,6.0,30.0,ideal,full_harq,1,8192,4096,2,16388,23.207992553710938,0.004777499940246344,0.5186899900436401,0.837197482585907,1,0
kodak,09.png,2030,9001,6.0,30.0,ideal,fm_only,0,4096,4096,1,12290,22.757694244384766,0.005299447104334831,0.4483073353767395,0.8369574546813965,1,1
kodak,10.png,2030,9001,6.0,30.0,ideal,fm_only,0,4096,4096,1,12290,27.38796043395996,0.0018247527768835425,0.5906769037246704,0.8690642714500427,0,0
kodak,11.png,2030,9001,6.0,30.0,ideal,fm_only,0,4096,4096,1,12290,19.503585815429688,0.01121092215180397,0.5733848214149475,0.7665879130363464,1,1
kodak,12.png,2030,9001,6.0,30.0,ideal,fm_only,0,4096,4096,1,12290,22.910995483398438,0.005115645471960306,0.53200763463974,0.8235864639282227,1,1
kodak,09.png,2030,9001,6.0,30.0,ideal,adaptive_harq,1,8192,4096,2,16388,23.40761947631836,0.00456286920234561,0.39871519804000854,0.8699188828468323,1,0
kodak,10.png,2030,9001,6.0,30.0,ideal,adaptive_harq,0,4096,4096,1,12290,27.345455169677734,0.0018426995957270265,0.594789445400238,0.8698111176490784,0,0
kodak,11.png,2030,9001,6.0,30.0,ideal,adaptive_harq,1,8192,4096,2,16388,19.671894073486328,0.010784763842821121,0.5463480949401855,0.7948575615882874,1,0
kodak,12.png,2030,9001,6.0,30.0,ideal,adaptive_harq,0,4096,4096,1,12290,22.774730682373047,0.0052787004970014095,0.5294604897499084,0.8234853148460388,1,1
kodak,09.png,2030,9001,6.0,30.0,ideal,flowharq,1,8192,4096,2,16388,23.40761947631836,0.00456286920234561,0.39871519804000854,0.8699188828468323,1,0
kodak,10.png,2030,9001,6.0,30.0,ideal,flowharq,0,4096,4096,1,12290,27.38796043395996,0.0018247527768835425,0.5906769037246704,0.8690642714500427,0,0
kodak,11.png,2030,9001,6.0,30.0,ideal,flowharq,1,8192,4096,2,16388,19.671894073486328,0.010784763842821121,0.5463480949401855,0.7948575615882874,1,0
kodak,12.png,2030,9001,6.0,30.0,ideal,flowharq,0,4096,4096,1,12290,22.910995483398438,0.005115645471960306,0.53200763463974,0.8235864639282227,1,1
kodak,09.png,2030,9001,6.0,30.0,binary16,direct,0,4096,4096,1,12290,22.70323944091797,0.005366312339901924,0.43882542848587036,0.8393236994743347,1,1
kodak,10.png,2030,9001,6.0,30.0,binary16,direct,0,4096,4096,1,12290,27.34552001953125,0.0018426725873723626,0.5947906374931335,0.8698117733001709,0,0
kodak,11.png,2030,9001,6.0,30.0,binary16,direct,0,4096,4096,1,12290,19.32630729675293,0.011678021401166916,0.5694663524627686,0.7670445442199707,1,1
kodak,12.png,2030,9001,6.0,30.0,binary16,direct,0,4096,4096,1,12290,22.774742126464844,0.00527868652716279,0.529459536075592,0.8234832286834717,1,1
kodak,09.png,2030,9001,6.0,30.0,binary16,full_harq,1,8192,4096,2,16388,23.40764045715332,0.004562846384942532,0.39871910214424133,0.8699184060096741,1,0
kodak,10.png,2030,9001,6.0,30.0,binary16,full_harq,1,8192,4096,2,16388,28.23624610900879,0.0015009818598628044,0.5051901936531067,0.9036633372306824,0,0
kodak,11.png,2030,9001,6.0,30.0,binary16,full_harq,1,8192,4096,2,16388,19.67184829711914,0.01078487653285265,0.5463486909866333,0.7948572039604187,1,0
kodak,12.png,2030,9001,6.0,30.0,binary16,full_harq,1,8192,4096,2,16388,23.207998275756836,0.0047774952836334705,0.5186794996261597,0.8371953368186951,1,0
kodak,09.png,2030,9001,6.0,30.0,binary16,fm_only,0,4096,4096,1,12290,22.7576904296875,0.005299452692270279,0.44831186532974243,0.8369555473327637,1,1
kodak,10.png,2030,9001,6.0,30.0,binary16,fm_only,0,4096,4096,1,12290,27.388078689575195,0.0018247022526338696,0.5906787514686584,0.8690652847290039,0,0
kodak,11.png,2030,9001,6.0,30.0,binary16,fm_only,0,4096,4096,1,12290,19.5035400390625,0.011211041361093521,0.5733839273452759,0.76658695936203,1,1
kodak,12.png,2030,9001,6.0,30.0,binary16,fm_only,0,4096,4096,1,12290,22.91098403930664,0.005115659907460213,0.5320062637329102,0.823586642742157,1,1
kodak,09.png,2030,9001,6.0,30.0,binary16,adaptive_harq,1,8192,4096,2,16388,23.40764045715332,0.004562846384942532,0.39871910214424133,0.8699184060096741,1,0
kodak,10.png,2030,9001,6.0,30.0,binary16,adaptive_harq,0,4096,4096,1,12290,27.34552001953125,0.0018426725873723626,0.5947906374931335,0.8698117733001709,0,0
kodak,11.png,2030,9001,6.0,30.0,binary16,adaptive_harq,1,8192,4096,2,16388,19.67184829711914,0.01078487653285265,0.5463486909866333,0.7948572039604187,1,0
kodak,12.png,2030,9001,6.0,30.0,binary16,adaptive_harq,0,4096,4096,1,12290,22.774742126464844,0.00527868652716279,0.529459536075592,0.8234832286834717,1,1
kodak,09.png,2030,9001,6.0,30.0,binary16,flowharq,1,8192,4096,2,16388,23.40764045715332,0.004562846384942532,0.39871910214424133,0.8699184060096741,1,0
kodak,10.png,2030,9001,6.0,30.0,binary16,flowharq,0,4096,4096,1,12290,27.388078689575195,0.0018247022526338696,0.5906787514686584,0.8690652847290039,0,0
kodak,11.png,2030,9001,6.0,30.0,binary16,flowharq,1,8192,4096,2,16388,19.67184829711914,0.01078487653285265,0.5463486909866333,0.7948572039604187,1,0
kodak,12.png,2030,9001,6.0,30.0,binary16,flowharq,0,4096,4096,1,12290,22.91098403930664,0.005115659907460213,0.5320062637329102,0.823586642742157,1,1
kodak,13.png,2030,9001,6.0,30.0,ideal,direct,0,4096,4096,1,12290,19.828340530395508,0.010403175838291645,0.7606403231620789,0.738349199295044,1,1
kodak,14.png,2030,9001,6.0,30.0,ideal,direct,0,4096,4096,1,12290,19.4224910736084,0.011422228068113327,0.5167767405509949,0.7850840091705322,1,1
kodak,15.png,2030,9001,6.0,30.0,ideal,direct,0,4096,4096,1,12290,21.943706512451172,0.006391888950020075,0.5460079312324524,0.8203824162483215,1,1
kodak,16.png,2030,9001,6.0,30.0,ideal,direct,0,4096,4096,1,12290,24.722537994384766,0.003370902268216014,0.570665180683136,0.8513442873954773,0,0
kodak,13.png,2030,9001,6.0,30.0,ideal,full_harq,1,8192,4096,2,16388,19.977153778076172,0.010052741505205631,0.749903678894043,0.764054000377655,1,0
kodak,14.png,2030,9001,6.0,30.0,ideal,full_harq,1,8192,4096,2,16388,19.59808921813965,0.010969608090817928,0.5016031861305237,0.8005396723747253,1,0
kodak,15.png,2030,9001,6.0,30.0,ideal,full_harq,1,8192,4096,2,16388,22.399160385131836,0.00575551250949502,0.524174153804779,0.8355321288108826,1,0
kodak,16.png,2030,9001,6.0,30.0,ideal,full_harq,1,8192,4096,2,16388,24.80141830444336,0.003310230327770114,0.5589944124221802,0.8595623970031738,0,0
kodak,13.png,2030,9001,6.0,30.0,ideal,fm_only,0,4096,4096,1,12290,19.941974639892578,0.010134506039321423,0.7650294303894043,0.7361992001533508,1,1
kodak,14.png,2030,9001,6.0,30.0,ideal,fm_only,0,4096,4096,1,12290,19.566082000732422,0.011050748638808727,0.5190916657447815,0.7856745719909668,1,1
kodak,15.png,2030,9001,6.0,30.0,ideal,fm_only,0,4096,4096,1,12290,22.235462188720703,0.005976594984531403,0.5487455129623413,0.8185741305351257,1,1
kodak,16.png,2030,9001,6.0,30.0,ideal,fm_only,0,4096,4096,1,12290,24.82391357421875,0.003293127752840519,0.5733050107955933,0.8511330485343933,0,0
kodak,13.png,2030,9001,6.0,30.0,ideal,adaptive_harq,1,8192,4096,2,16388,19.977153778076172,0.010052741505205631,0.749903678894043,0.764054000377655,1,0
kodak,14.png,2030,9001,6.0,30.0,ideal,adaptive_harq,1,8192,4096,2,16388,19.59808921813965,0.010969608090817928,0.5016031861305237,0.8005396723747253,1,0
kodak,15.png,2030,9001,6.0,30.0,ideal,adaptive_harq,1,8192,4096,2,16388,22.399160385131836,0.00575551250949502,0.524174153804779,0.8355321288108826,1,0
kodak,16.png,2030,9001,6.0,30.0,ideal,adaptive_harq,0,4096,4096,1,12290,24.722537994384766,0.003370902268216014,0.570665180683136,0.8513442873954773,0,0
kodak,13.png,2030,9001,6.0,30.0,ideal,flowharq,1,8192,4096,2,16388,19.977153778076172,0.010052741505205631,0.749903678894043,0.764054000377655,1,0
kodak,14.png,2030,9001,6.0,30.0,ideal,flowharq,1,8192,4096,2,16388,19.59808921813965,0.010969608090817928,0.5016031861305237,0.8005396723747253,1,0
kodak,15.png,2030,9001,6.0,30.0,ideal,flowharq,1,8192,4096,2,16388,22.399160385131836,0.00575551250949502,0.524174153804779,0.8355321288108826,1,0
kodak,16.png,2030,9001,6.0,30.0,ideal,flowharq,0,4096,4096,1,12290,24.82391357421875,0.003293127752840519,0.5733050107955933,0.8511330485343933,0,0
kodak,13.png,2030,9001,6.0,30.0,binary16,direct,0,4096,4096,1,12290,19.828350067138672,0.010403155349195004,0.7606415748596191,0.7383481860160828,1,1
kodak,14.png,2030,9001,6.0,30.0,binary16,direct,0,4096,4096,1,12290,19.42250633239746,0.011422191746532917,0.5167754292488098,0.7850832939147949,1,1
kodak,15.png,2030,9001,6.0,30.0,binary16,direct,0,4096,4096,1,12290,21.94379425048828,0.006391762290149927,0.5460021495819092,0.8203844428062439,1,1
kodak,16.png,2030,9001,6.0,30.0,binary16,direct,0,4096,4096,1,12290,24.722515106201172,0.00337092112749815,0.5706647634506226,0.851342499256134,0,0
kodak,13.png,2030,9001,6.0,30.0,binary16,full_harq,1,8192,4096,2,16388,19.9771728515625,0.010052698664367199,0.7499037981033325,0.7640536427497864,1,0
kodak,14.png,2030,9001,6.0,30.0,binary16,full_harq,1,8192,4096,2,16388,19.598093032836914,0.010969596914947033,0.5016031265258789,0.8005390167236328,1,0
kodak,15.png,2030,9001,6.0,30.0,binary16,full_harq,1,8192,4096,2,16388,22.399234771728516,0.005755413789302111,0.5241707563400269,0.8355345726013184,1,0
kodak,16.png,2030,9001,6.0,30.0,binary16,full_harq,1,8192,4096,2,16388,24.801380157470703,0.003310258500277996,0.5589941143989563,0.8595606684684753,0,0
kodak,13.png,2030,9001,6.0,30.0,binary16,fm_only,0,4096,4096,1,12290,19.94198226928711,0.010134488344192505,0.7650313377380371,0.7361980080604553,1,1
kodak,14.png,2030,9001,6.0,30.0,binary16,fm_only,0,4096,4096,1,12290,19.560022354125977,0.011066180653870106,0.518980085849762,0.7856927514076233,1,1
kodak,15.png,2030,9001,6.0,30.0,binary16,fm_only,0,4096,4096,1,12290,22.235525131225586,0.005976509768515825,0.5487393736839294,0.8185763359069824,1,1
kodak,16.png,2030,9001,6.0,30.0,binary16,fm_only,0,4096,4096,1,12290,24.823898315429688,0.003293139860033989,0.5733054280281067,0.8511320948600769,0,0
kodak,13.png,2030,9001,6.0,30.0,binary16,adaptive_harq,1,8192,4096,2,16388,19.9771728515625,0.010052698664367199,0.7499037981033325,0.7640536427497864,1,0
kodak,14.png,2030,9001,6.0,30.0,binary16,adaptive_harq,1,8192,4096,2,16388,19.598093032836914,0.010969596914947033,0.5016031265258789,0.8005390167236328,1,0
kodak,15.png,2030,9001,6.0,30.0,binary16,adaptive_harq,1,8192,4096,2,16388,22.399234771728516,0.005755413789302111,0.5241707563400269,0.8355345726013184,1,0
kodak,16.png,2030,9001,6.0,30.0,binary16,adaptive_harq,0,4096,4096,1,12290,24.722515106201172,0.00337092112749815,0.5706647634506226,0.851342499256134,0,0
kodak,13.png,2030,9001,6.0,30.0,binary16,flowharq,1,8192,4096,2,16388,19.9771728515625,0.010052698664367199,0.7499037981033325,0.7640536427497864,1,0
kodak,14.png,2030,9001,6.0,30.0,binary16,flowharq,1,8192,4096,2,16388,19.598093032836914,0.010969596914947033,0.5016031265258789,0.8005390167236328,1,0
kodak,15.png,2030,9001,6.0,30.0,binary16,flowharq,1,8192,4096,2,16388,22.399234771728516,0.005755413789302111,0.5241707563400269,0.8355345726013184,1,0
kodak,16.png,2030,9001,6.0,30.0,binary16,flowharq,0,4096,4096,1,12290,24.823898315429688,0.003293139860033989,0.5733054280281067,0.8511320948600769,0,0
kodak,17.png,2030,9001,6.0,30.0,ideal,direct,0,4096,4096,1,12290,25.232337951660156,0.002997547620907426,0.5162234306335449,0.8772141337394714,0,0
kodak,18.png,2030,9001,6.0,30.0,ideal,direct,0,4096,4096,1,12290,19.71285629272461,0.010683520697057247,0.5576867461204529,0.7770394682884216,1,1
kodak,19.png,2030,9001,6.0,30.0,ideal,direct,0,4096,4096,1,12290,20.704042434692383,0.008503462187945843,0.5662043690681458,0.8035418391227722,1,1
kodak,20.png,2030,9001,6.0,30.0,ideal,direct,0,4096,4096,1,12290,22.416086196899414,0.005733124911785126,0.34026816487312317,0.8869717121124268,1,1
kodak,17.png,2030,9001,6.0,30.0,ideal,full_harq,1,8192,4096,2,16388,25.600614547729492,0.00275383866392076,0.4959627389907837,0.8979969620704651,0,0
kodak,18.png,2030,9001,6.0,30.0,ideal,full_harq,1,8192,4096,2,16388,20.13620376586914,0.009691246785223484,0.5290005207061768,0.8190178275108337,1,0
kodak,19.png,2030,9001,6.0,30.0,ideal,full_harq,1,8192,4096,2,16388,20.890188217163086,0.008146689273416996,0.5387037992477417,0.8249166011810303,1,0
kodak,20.png,2030,9001,6.0,30.0,ideal,full_harq,1,8192,4096,2,16388,23.08551788330078,0.004914147779345512,0.3222014904022217,0.90603107213974,1,0
kodak,17.png,2030,9001,6.0,30.0,ideal,fm_only,0,4096,4096,1,12290,25.35711097717285,0.002912653610110283,0.5123091340065002,0.8764567375183105,0,0
kodak,18.png,2030,9001,6.0,30.0,ideal,fm_only,0,4096,4096,1,12290,19.82347869873047,0.010414826683700085,0.56649249792099,0.77608722448349,1,1
kodak,19.png,2030,9001,6.0,30.0,ideal,fm_only,0,4096,4096,1,12290,20.69229507446289,0.008526492863893509,0.5665363669395447,0.802455723285675,1,1
kodak,20.png,2030,9001,6.0,30.0,ideal,fm_only,0,4096,4096,1,12290,22.349761962890625,0.005821348633617163,0.34599223732948303,0.8851444721221924,1,1
kodak,17.png,2030,9001,6.0,30.0,ideal,adaptive_harq,0,4096,4096,1,12290,25.232337951660156,0.002997547620907426,0.5162234306335449,0.8772141337394714,0,0
kodak,18.png,2030,9001,6.0,30.0,ideal,adaptive_harq,1,8192,4096,2,16388,20.13620376586914,0.009691246785223484,0.5290005207061768,0.8190178275108337,1,0
kodak,19.png,2030,9001,6.0,30.0,ideal,adaptive_harq,1,8192,4096,2,16388,20.890188217163086,0.008146689273416996,0.5387037992477417,0.8249166011810303,1,0
kodak,20.png,2030,9001,6.0,30.0,ideal,adaptive_harq,1,8192,4096,2,16388,23.08551788330078,0.004914147779345512,0.3222014904022217,0.90603107213974,1,0
kodak,17.png,2030,9001,6.0,30.0,ideal,flowharq,0,4096,4096,1,12290,25.35711097717285,0.002912653610110283,0.5123091340065002,0.8764567375183105,0,0
kodak,18.png,2030,9001,6.0,30.0,ideal,flowharq,1,8192,4096,2,16388,20.13620376586914,0.009691246785223484,0.5290005207061768,0.8190178275108337,1,0
kodak,19.png,2030,9001,6.0,30.0,ideal,flowharq,1,8192,4096,2,16388,20.890188217163086,0.008146689273416996,0.5387037992477417,0.8249166011810303,1,0
kodak,20.png,2030,9001,6.0,30.0,ideal,flowharq,1,8192,4096,2,16388,23.08551788330078,0.004914147779345512,0.3222014904022217,0.90603107213974,1,0
kodak,17.png,2030,9001,6.0,30.0,binary16,direct,0,4096,4096,1,12290,25.232288360595703,0.0029975830111652613,0.5162273645401001,0.8772135376930237,0,0
kodak,18.png,2030,9001,6.0,30.0,binary16,direct,0,4096,4096,1,12290,19.71285057067871,0.010683531872928143,0.5576838254928589,0.7770403027534485,1,1
kodak,19.png,2030,9001,6.0,30.0,binary16,direct,0,4096,4096,1,12290,20.704057693481445,0.008503432385623455,0.5662041306495667,0.8035429120063782,1,1
kodak,20.png,2030,9001,6.0,30.0,binary16,direct,0,4096,4096,1,12290,22.41614532470703,0.005733044818043709,0.34026065468788147,0.886972963809967,1,1
kodak,17.png,2030,9001,6.0,30.0,binary16,full_harq,1,8192,4096,2,16388,25.6005859375,0.0027538577560335398,0.49596691131591797,0.8979975581169128,0,0
kodak,18.png,2030,9001,6.0,30.0,binary16,full_harq,1,8192,4096,2,16388,20.136194229125977,0.0096912682056427,0.5289965271949768,0.8190171122550964,1,0
kodak,19.png,2030,9001,6.0,30.0,binary16,full_harq,1,8192,4096,2,16388,20.890188217163086,0.00814669020473957,0.5387036800384521,0.8249170780181885,1,0
kodak,20.png,2030,9001,6.0,30.0,binary16,full_harq,1,8192,4096,2,16388,23.085567474365234,0.004914090037345886,0.3221997916698456,0.9060313701629639,1,0
kodak,17.png,2030,9001,6.0,30.0,binary16,fm_only,0,4096,4096,1,12290,25.357065200805664,0.0029126841109246016,0.5123156905174255,0.8764569759368896,0,0
kodak,18.png,2030,9001,6.0,30.0,binary16,fm_only,0,4096,4096,1,12290,19.82349395751953,0.010414792224764824,0.5664886236190796,0.7760887742042542,1,1
kodak,19.png,2030,9001,6.0,30.0,binary16,fm_only,0,4096,4096,1,12290,20.692306518554688,0.008526472374796867,0.5665358304977417,0.8024569153785706,1,1
kodak,20.png,2030,9001,6.0,30.0,binary16,fm_only,0,4096,4096,1,12290,22.349834442138672,0.005821252707391977,0.34597867727279663,0.88514643907547,1,1
kodak,17.png,2030,9001,6.0,30.0,binary16,adaptive_harq,0,4096,4096,1,12290,25.232288360595703,0.0029975830111652613,0.5162273645401001,0.8772135376930237,0,0
kodak,18.png,2030,9001,6.0,30.0,binary16,adaptive_harq,1,8192,4096,2,16388,20.136194229125977,0.0096912682056427,0.5289965271949768,0.8190171122550964,1,0
kodak,19.png,2030,9001,6.0,30.0,binary16,adaptive_harq,1,8192,4096,2,16388,20.890188217163086,0.00814669020473957,0.5387036800384521,0.8249170780181885,1,0
kodak,20.png,2030,9001,6.0,30.0,binary16,adaptive_harq,1,8192,4096,2,16388,23.085567474365234,0.004914090037345886,0.3221997916698456,0.9060313701629639,1,0
kodak,17.png,2030,9001,6.0,30.0,binary16,flowharq,0,4096,4096,1,12290,25.357065200805664,0.0029126841109246016,0.5123156905174255,0.8764569759368896,0,0
kodak,18.png,2030,9001,6.0,30.0,binary16,flowharq,1,8192,4096,2,16388,20.136194229125977,0.0096912682056427,0.5289965271949768,0.8190171122550964,1,0
kodak,19.png,2030,9001,6.0,30.0,binary16,flowharq,1,8192,4096,2,16388,20.890188217163086,0.00814669020473957,0.5387036800384521,0.8249170780181885,1,0
kodak,20.png,2030,9001,6.0,30.0,binary16,flowharq,1,8192,4096,2,16388,23.085567474365234,0.004914090037345886,0.3221997916698456,0.9060313701629639,1,0
kodak,21.png,2030,9001,6.0,30.0,ideal,direct,0,4096,4096,1,12290,21.534557342529297,0.007023349869996309,0.4751841425895691,0.8575694561004639,1,1
kodak,22.png,2030,9001,6.0,30.0,ideal,direct,0,4096,4096,1,12290,20.016765594482422,0.009961471892893314,0.6925005912780762,0.6833243370056152,1,1
kodak,23.png,2030,9001,6.0,30.0,ideal,direct,0,4096,4096,1,12290,23.630050659179688,0.004335056524723768,0.3171999454498291,0.890213668346405,1,1
kodak,24.png,2030,9001,6.0,30.0,ideal,direct,0,4096,4096,1,12290,23.080265045166016,0.004920095205307007,0.58573979139328,0.8327992558479309,1,1
kodak,21.png,2030,9001,6.0,30.0,ideal,full_harq,1,8192,4096,2,16388,21.587566375732422,0.006938144098967314,0.4740242660045624,0.8636075854301453,1,0
kodak,22.png,2030,9001,6.0,30.0,ideal,full_harq,1,8192,4096,2,16388,21.047733306884766,0.007856456562876701,0.6164819002151489,0.7685131430625916,1,0
kodak,23.png,2030,9001,6.0,30.0,ideal,full_harq,1,8192,4096,2,16388,24.056354522705078,0.0039297472685575485,0.2757225036621094,0.9147273898124695,0,0
kodak,24.png,2030,9001,6.0,30.0,ideal,full_harq,1,8192,4096,2,16388,23.746410369873047,0.0042204526253044605,0.5605837106704712,0.8796930909156799,1,0
kodak,21.png,2030,9001,6.0,30.0,ideal,fm_only,0,4096,4096,1,12290,21.538972854614258,0.007016213610768318,0.47825735807418823,0.8561687469482422,1,1
kodak,22.png,2030,9001,6.0,30.0,ideal,fm_only,0,4096,4096,1,12290,20.105798721313477,0.009759335778653622,0.6975677609443665,0.6758942604064941,1,1
kodak,23.png,2030,9001,6.0,30.0,ideal,fm_only,0,4096,4096,1,12290,23.8459415435791,0.004124828148633242,0.3146909177303314,0.8918368816375732,1,1
kodak,24.png,2030,9001,6.0,30.0,ideal,fm_only,0,4096,4096,1,12290,23.23448371887207,0.004748447798192501,0.5885699987411499,0.8303842544555664,1,1
kodak,21.png,2030,9001,6.0,30.0,ideal,adaptive_harq,1,8192,4096,2,16388,21.587566375732422,0.006938144098967314,0.4740242660045624,0.8636075854301453,1,0
kodak,22.png,2030,9001,6.0,30.0,ideal,adaptive_harq,1,8192,4096,2,16388,21.047733306884766,0.007856456562876701,0.6164819002151489,0.7685131430625916,1,0
kodak,23.png,2030,9001,6.0,30.0,ideal,adaptive_harq,0,4096,4096,1,12290,23.630050659179688,0.004335056524723768,0.3171999454498291,0.890213668346405,1,1
kodak,24.png,2030,9001,6.0,30.0,ideal,adaptive_harq,1,8192,4096,2,16388,23.746410369873047,0.0042204526253044605,0.5605837106704712,0.8796930909156799,1,0
kodak,21.png,2030,9001,6.0,30.0,ideal,flowharq,1,8192,4096,2,16388,21.587566375732422,0.006938144098967314,0.4740242660045624,0.8636075854301453,1,0
kodak,22.png,2030,9001,6.0,30.0,ideal,flowharq,1,8192,4096,2,16388,21.047733306884766,0.007856456562876701,0.6164819002151489,0.7685131430625916,1,0
kodak,23.png,2030,9001,6.0,30.0,ideal,flowharq,0,4096,4096,1,12290,23.8459415435791,0.004124828148633242,0.3146909177303314,0.8918368816375732,1,1
kodak,24.png,2030,9001,6.0,30.0,ideal,flowharq,1,8192,4096,2,16388,23.746410369873047,0.0042204526253044605,0.5605837106704712,0.8796930909156799,1,0
kodak,21.png,2030,9001,6.0,30.0,binary16,direct,0,4096,4096,1,12290,21.534534454345703,0.0070233880542218685,0.47518542408943176,0.85756915807724,1,1
kodak,22.png,2030,9001,6.0,30.0,binary16,direct,0,4096,4096,1,12290,20.016769409179688,0.009961459785699844,0.6924980878829956,0.6833192706108093,1,1
kodak,23.png,2030,9001,6.0,30.0,binary16,direct,0,4096,4096,1,12290,23.6300048828125,0.004335104953497648,0.31720656156539917,0.8902124762535095,1,1
kodak,24.png,2030,9001,6.0,30.0,binary16,direct,0,4096,4096,1,12290,23.080289840698242,0.004920067731291056,0.5857419371604919,0.8327982425689697,1,1
kodak,21.png,2030,9001,6.0,30.0,binary16,full_harq,1,8192,4096,2,16388,21.587566375732422,0.006938144098967314,0.4740234911441803,0.8636079430580139,1,0
kodak,22.png,2030,9001,6.0,30.0,binary16,full_harq,1,8192,4096,2,16388,21.047754287719727,0.007856418378651142,0.6164875626564026,0.768511950969696,1,0
kodak,23.png,2030,9001,6.0,30.0,binary16,full_harq,1,8192,4096,2,16388,24.05634307861328,0.00392975565046072,0.27572503685951233,0.9147267937660217,0,0
kodak,24.png,2030,9001,6.0,30.0,binary16,full_harq,1,8192,4096,2,16388,23.74642562866211,0.004220437724143267,0.5605831742286682,0.8796921372413635,1,0
kodak,21.png,2030,9001,6.0,30.0,binary16,fm_only,0,4096,4096,1,12290,21.538936614990234,0.007016269490122795,0.47826001048088074,0.856168270111084,1,1
kodak,22.png,2030,9001,6.0,30.0,binary16,fm_only,0,4096,4096,1,12290,20.105802536010742,0.009759322740137577,0.6975675821304321,0.6758906245231628,1,1
kodak,23.png,2030,9001,6.0,30.0,binary16,fm_only,0,4096,4096,1,12290,23.845918655395508,0.004124850034713745,0.3146961033344269,0.8918359279632568,1,1
kodak,24.png,2030,9001,6.0,30.0,binary16,fm_only,0,4096,4096,1,12290,23.234535217285156,0.004748391453176737,0.5885709524154663,0.8303840160369873,1,1
kodak,21.png,2030,9001,6.0,30.0,binary16,adaptive_harq,1,8192,4096,2,16388,21.587566375732422,0.006938144098967314,0.4740234911441803,0.8636079430580139,1,0
kodak,22.png,2030,9001,6.0,30.0,binary16,adaptive_harq,1,8192,4096,2,16388,21.047754287719727,0.007856418378651142,0.6164875626564026,0.768511950969696,1,0
kodak,23.png,2030,9001,6.0,30.0,binary16,adaptive_harq,0,4096,4096,1,12290,23.6300048828125,0.004335104953497648,0.31720656156539917,0.8902124762535095,1,1
kodak,24.png,2030,9001,6.0,30.0,binary16,adaptive_harq,1,8192,4096,2,16388,23.74642562866211,0.004220437724143267,0.5605831742286682,0.8796921372413635,1,0
kodak,21.png,2030,9001,6.0,30.0,binary16,flowharq,1,8192,4096,2,16388,21.587566375732422,0.006938144098967314,0.4740234911441803,0.8636079430580139,1,0
kodak,22.png,2030,9001,6.0,30.0,binary16,flowharq,1,8192,4096,2,16388,21.047754287719727,0.007856418378651142,0.6164875626564026,0.768511950969696,1,0
kodak,23.png,2030,9001,6.0,30.0,binary16,flowharq,0,4096,4096,1,12290,23.845918655395508,0.004124850034713745,0.3146961033344269,0.8918359279632568,1,1
kodak,24.png,2030,9001,6.0,30.0,binary16,flowharq,1,8192,4096,2,16388,23.74642562866211,0.004220437724143267,0.5605831742286682,0.8796921372413635,1,0
kodak,01.png,2030,9001,6.0,60.0,ideal,direct,0,4096,4096,1,12290,19.984697341918945,0.010035299696028233,0.5982221364974976,0.7535886764526367,1,1
kodak,02.png,2030,9001,6.0,60.0,ideal,direct,0,4096,4096,1,12290,22.113483428955078,0.0061468384228646755,0.5332590937614441,0.7961575984954834,1,1
kodak,03.png,2030,9001,6.0,60.0,ideal,direct,0,4096,4096,1,12290,22.030031204223633,0.006266091484576464,0.4514802098274231,0.8149479031562805,1,1
kodak,04.png,2030,9001,6.0,60.0,ideal,direct,0,4096,4096,1,12290,26.169830322265625,0.002415556227788329,0.5166270732879639,0.8795650601387024,0,0
kodak,01.png,2030,9001,6.0,60.0,ideal,full_harq,1,8192,4096,2,16388,20.136695861816406,0.009690148755908012,0.5782513618469238,0.7757776379585266,1,0
kodak,02.png,2030,9001,6.0,60.0,ideal,full_harq,1,8192,4096,2,16388,22.147035598754883,0.006099531427025795,0.49694663286209106,0.8241510987281799,1,0
kodak,03.png,2030,9001,6.0,60.0,ideal,full_harq,1,8192,4096,2,16388,23.24211883544922,0.004740106873214245,0.3902643620967865,0.8659593462944031,1,0
kodak,04.png,2030,9001,6.0,60.0,ideal,full_harq,1,8192,4096,2,16388,26.631929397583008,0.002171735977753997,0.4894655644893646,0.9015700817108154,0,0
kodak,01.png,2030,9001,6.0,60.0,ideal,fm_only,0,4096,4096,1,12290,20.16332244873047,0.009630922228097916,0.6016727089881897,0.7548092007637024,1,1
kodak,02.png,2030,9001,6.0,60.0,ideal,fm_only,0,4096,4096,1,12290,22.457721710205078,0.00567842461168766,0.5362723469734192,0.7942078709602356,1,1
kodak,03.png,2030,9001,6.0,60.0,ideal,fm_only,0,4096,4096,1,12290,22.80369758605957,0.005243607331067324,0.45270025730133057,0.820097029209137,1,1
kodak,04.png,2030,9001,6.0,60.0,ideal,fm_only,0,4096,4096,1,12290,26.62818717956543,0.002173607936128974,0.5425301194190979,0.8748188018798828,0,0
kodak,01.png,2030,9001,6.0,60.0,ideal,adaptive_harq,1,8192,4096,2,16388,20.136695861816406,0.009690148755908012,0.5782513618469238,0.7757776379585266,1,0
kodak,02.png,2030,9001,6.0,60.0,ideal,adaptive_harq,1,8192,4096,2,16388,22.147035598754883,0.006099531427025795,0.49694663286209106,0.8241510987281799,1,0
kodak,03.png,2030,9001,6.0,60.0,ideal,adaptive_harq,1,8192,4096,2,16388,23.24211883544922,0.004740106873214245,0.3902643620967865,0.8659593462944031,1,0
kodak,04.png,2030,9001,6.0,60.0,ideal,adaptive_harq,0,4096,4096,1,12290,26.169830322265625,0.002415556227788329,0.5166270732879639,0.8795650601387024,0,0
kodak,01.png,2030,9001,6.0,60.0,ideal,flowharq,1,8192,4096,2,16388,20.136695861816406,0.009690148755908012,0.5782513618469238,0.7757776379585266,1,0
kodak,02.png,2030,9001,6.0,60.0,ideal,flowharq,1,8192,4096,2,16388,22.147035598754883,0.006099531427025795,0.49694663286209106,0.8241510987281799,1,0
kodak,03.png,2030,9001,6.0,60.0,ideal,flowharq,1,8192,4096,2,16388,23.24211883544922,0.004740106873214245,0.3902643620967865,0.8659593462944031,1,0
kodak,04.png,2030,9001,6.0,60.0,ideal,flowharq,0,4096,4096,1,12290,26.62818717956543,0.002173607936128974,0.5425301194190979,0.8748188018798828,0,0
kodak,01.png,2030,9001,6.0,60.0,binary16,direct,0,4096,4096,1,12290,19.984760284423828,0.010035153478384018,0.5982193350791931,0.7535903453826904,1,1
kodak,02.png,2030,9001,6.0,60.0,binary16,direct,0,4096,4096,1,12290,22.11346435546875,0.006146863102912903,0.5332553386688232,0.7961559295654297,1,1
kodak,03.png,2030,9001,6.0,60.0,binary16,direct,0,4096,4096,1,12290,22.029905319213867,0.006266273558139801,0.45148783922195435,0.8149478435516357,1,1
kodak,04.png,2030,9001,6.0,60.0,binary16,direct,0,4096,4096,1,12290,26.16982650756836,0.0024155571591109037,0.5166209936141968,0.8795656561851501,0,0
kodak,01.png,2030,9001,6.0,60.0,binary16,full_harq,1,8192,4096,2,16388,20.136747360229492,0.009690032340586185,0.5782498717308044,0.7757785320281982,1,0
kodak,02.png,2030,9001,6.0,60.0,binary16,full_harq,1,8192,4096,2,16388,22.147018432617188,0.006099555175751448,0.4969419240951538,0.8241505026817322,1,0
kodak,03.png,2030,9001,6.0,60.0,binary16,full_harq,1,8192,4096,2,16388,23.24205780029297,0.004740172531455755,0.3902680277824402,0.8659617900848389,1,0
kodak,04.png,2030,9001,6.0,60.0,binary16,full_harq,1,8192,4096,2,16388,26.631908416748047,0.0021717471536248922,0.4894598722457886,0.9015703201293945,0,0
kodak,01.png,2030,9001,6.0,60.0,binary16,fm_only,0,4096,4096,1,12290,20.163368225097656,0.009630816988646984,0.601669430732727,0.7548112869262695,1,1
kodak,02.png,2030,9001,6.0,60.0,binary16,fm_only,0,4096,4096,1,12290,22.457683563232422,0.0056784735061228275,0.5362676978111267,0.7942066788673401,1,1
kodak,03.png,2030,9001,6.0,60.0,binary16,fm_only,0,4096,4096,1,12290,22.80352783203125,0.0052438112907111645,0.45270854234695435,0.8200952410697937,1,1
kodak,04.png,2030,9001,6.0,60.0,binary16,fm_only,0,4096,4096,1,12290,26.628238677978516,0.0021735818590968847,0.5425230264663696,0.8748193383216858,0,0
kodak,01.png,2030,9001,6.0,60.0,binary16,adaptive_harq,1,8192,4096,2,16388,20.136747360229492,0.009690032340586185,0.5782498717308044,0.7757785320281982,1,0
kodak,02.png,2030,9001,6.0,60.0,binary16,adaptive_harq,1,8192,4096,2,16388,22.147018432617188,0.006099555175751448,0.4969419240951538,0.8241505026817322,1,0
kodak,03.png,2030,9001,6.0,60.0,binary16,adaptive_harq,1,8192,4096,2,16388,23.24205780029297,0.004740172531455755,0.3902680277824402,0.8659617900848389,1,0
kodak,04.png,2030,9001,6.0,60.0,binary16,adaptive_harq,0,4096,4096,1,12290,26.16982650756836,0.0024155571591109037,0.5166209936141968,0.8795656561851501,0,0
kodak,01.png,2030,9001,6.0,60.0,binary16,flowharq,1,8192,4096,2,16388,20.136747360229492,0.009690032340586185,0.5782498717308044,0.7757785320281982,1,0
kodak,02.png,2030,9001,6.0,60.0,binary16,flowharq,1,8192,4096,2,16388,22.147018432617188,0.006099555175751448,0.4969419240951538,0.8241505026817322,1,0
kodak,03.png,2030,9001,6.0,60.0,binary16,flowharq,1,8192,4096,2,16388,23.24205780029297,0.004740172531455755,0.3902680277824402,0.8659617900848389,1,0
kodak,04.png,2030,9001,6.0,60.0,binary16,flowharq,0,4096,4096,1,12290,26.628238677978516,0.0021735818590968847,0.5425230264663696,0.8748193383216858,0,0
kodak,05.png,2030,9001,6.0,60.0,ideal,direct,0,4096,4096,1,12290,16.748554229736328,0.021141931414604187,0.620031476020813,0.6591208577156067,1,1
kodak,06.png,2030,9001,6.0,60.0,ideal,direct,0,4096,4096,1,12290,19.512311935424805,0.01118842139840126,0.7890068888664246,0.5456923842430115,1,1
kodak,07.png,2030,9001,6.0,60.0,ideal,direct,0,4096,4096,1,12290,21.495529174804688,0.007086751516908407,0.5109782814979553,0.7965914607048035,1,1
kodak,08.png,2030,9001,6.0,60.0,ideal,direct,0,4096,4096,1,12290,16.685182571411133,0.021452689543366432,0.6092536449432373,0.6648638844490051,1,1
kodak,05.png,2030,9001,6.0,60.0,ideal,full_harq,1,8192,4096,2,16388,18.033641815185547,0.015726637095212936,0.5152179002761841,0.7754542231559753,1,0
kodak,06.png,2030,9001,6.0,60.0,ideal,full_harq,1,8192,4096,2,16388,19.533077239990234,0.01113505195826292,0.7847790718078613,0.5519251227378845,1,0
kodak,07.png,2030,9001,6.0,60.0,ideal,full_harq,1,8192,4096,2,16388,22.08345603942871,0.006189482752233744,0.4665166437625885,0.8374747633934021,1,0
kodak,08.png,2030,9001,6.0,60.0,ideal,full_harq,1,8192,4096,2,16388,19.45224952697754,0.011344227939844131,0.47273123264312744,0.8474957346916199,1,0
kodak,05.png,2030,9001,6.0,60.0,ideal,fm_only,0,4096,4096,1,12290,16.842540740966797,0.020689303055405617,0.6186769008636475,0.6580106616020203,1,1
kodak,06.png,2030,9001,6.0,60.0,ideal,fm_only,0,4096,4096,1,12290,19.56108856201172,0.011063461191952229,0.8017670512199402,0.5407620668411255,1,1
kodak,07.png,2030,9001,6.0,60.0,ideal,fm_only,0,4096,4096,1,12290,21.60472869873047,0.006910782307386398,0.5133717656135559,0.7973254323005676,1,1
kodak,08.png,2030,9001,6.0,60.0,ideal,fm_only,0,4096,4096,1,12290,16.491655349731445,0.02243027091026306,0.6148708462715149,0.6459429860115051,1,1
kodak,05.png,2030,9001,6.0,60.0,ideal,adaptive_harq,1,8192,4096,2,16388,18.033641815185547,0.015726637095212936,0.5152179002761841,0.7754542231559753,1,0
kodak,06.png,2030,9001,6.0,60.0,ideal,adaptive_harq,1,8192,4096,2,16388,19.533077239990234,0.01113505195826292,0.7847790718078613,0.5519251227378845,1,0
kodak,07.png,2030,9001,6.0,60.0,ideal,adaptive_harq,1,8192,4096,2,16388,22.08345603942871,0.006189482752233744,0.4665166437625885,0.8374747633934021,1,0
kodak,08.png,2030,9001,6.0,60.0,ideal,adaptive_harq,1,8192,4096,2,16388,19.45224952697754,0.011344227939844131,0.47273123264312744,0.8474957346916199,1,0
kodak,05.png,2030,9001,6.0,60.0,ideal,flowharq,1,8192,4096,2,16388,18.033641815185547,0.015726637095212936,0.5152179002761841,0.7754542231559753,1,0
kodak,06.png,2030,9001,6.0,60.0,ideal,flowharq,1,8192,4096,2,16388,19.533077239990234,0.01113505195826292,0.7847790718078613,0.5519251227378845,1,0
kodak,07.png,2030,9001,6.0,60.0,ideal,flowharq,1,8192,4096,2,16388,22.08345603942871,0.006189482752233744,0.4665166437625885,0.8374747633934021,1,0
kodak,08.png,2030,9001,6.0,60.0,ideal,flowharq,1,8192,4096,2,16388,19.45224952697754,0.011344227939844131,0.47273123264312744,0.8474957346916199,1,0
kodak,05.png,2030,9001,6.0,60.0,binary16,direct,0,4096,4096,1,12290,16.748563766479492,0.021141884848475456,0.6200321912765503,0.6591224074363708,1,1
kodak,06.png,2030,9001,6.0,60.0,binary16,direct,0,4096,4096,1,12290,19.512313842773438,0.011188413947820663,0.7890032529830933,0.5456922650337219,1,1
kodak,07.png,2030,9001,6.0,60.0,binary16,direct,0,4096,4096,1,12290,21.495502471923828,0.0070867943577468395,0.5109783411026001,0.7965905666351318,1,1
kodak,08.png,2030,9001,6.0,60.0,binary16,direct,0,4096,4096,1,12290,16.685131072998047,0.021452942863106728,0.6092569828033447,0.6648627519607544,1,1
kodak,05.png,2030,9001,6.0,60.0,binary16,full_harq,1,8192,4096,2,16388,18.033655166625977,0.015726584941148758,0.5152199268341064,0.7754552960395813,1,0
kodak,06.png,2030,9001,6.0,60.0,binary16,full_harq,1,8192,4096,2,16388,19.533079147338867,0.011135044507682323,0.7847768664360046,0.551925003528595,1,0
kodak,07.png,2030,9001,6.0,60.0,binary16,full_harq,1,8192,4096,2,16388,22.083452224731445,0.006189490202814341,0.46651244163513184,0.8374744057655334,1,0
kodak,08.png,2030,9001,6.0,60.0,binary16,full_harq,1,8192,4096,2,16388,19.452228546142578,0.011344286613166332,0.47273629903793335,0.8474958539009094,1,0
kodak,05.png,2030,9001,6.0,60.0,binary16,fm_only,0,4096,4096,1,12290,16.84255027770996,0.020689262077212334,0.6186785101890564,0.6580119729042053,1,1
kodak,06.png,2030,9001,6.0,60.0,binary16,fm_only,0,4096,4096,1,12290,19.561092376708984,0.011063452810049057,0.8017584085464478,0.5407597422599792,1,1
kodak,07.png,2030,9001,6.0,60.0,binary16,fm_only,0,4096,4096,1,12290,21.604713439941406,0.00691080279648304,0.51337069272995,0.7973253726959229,1,1
kodak,08.png,2030,9001,6.0,60.0,binary16,fm_only,0,4096,4096,1,12290,16.49163055419922,0.02243039757013321,0.6148741841316223,0.6459401249885559,1,1
kodak,05.png,2030,9001,6.0,60.0,binary16,adaptive_harq,1,8192,4096,2,16388,18.033655166625977,0.015726584941148758,0.5152199268341064,0.7754552960395813,1,0
kodak,06.png,2030,9001,6.0,60.0,binary16,adaptive_harq,1,8192,4096,2,16388,19.533079147338867,0.011135044507682323,0.7847768664360046,0.551925003528595,1,0
kodak,07.png,2030,9001,6.0,60.0,binary16,adaptive_harq,1,8192,4096,2,16388,22.083452224731445,0.006189490202814341,0.46651244163513184,0.8374744057655334,1,0
kodak,08.png,2030,9001,6.0,60.0,binary16,adaptive_harq,1,8192,4096,2,16388,19.452228546142578,0.011344286613166332,0.47273629903793335,0.8474958539009094,1,0
kodak,05.png,2030,9001,6.0,60.0,binary16,flowharq,1,8192,4096,2,16388,18.033655166625977,0.015726584941148758,0.5152199268341064,0.7754552960395813,1,0
kodak,06.png,2030,9001,6.0,60.0,binary16,flowharq,1,8192,4096,2,16388,19.533079147338867,0.011135044507682323,0.7847768664360046,0.551925003528595,1,0
kodak,07.png,2030,9001,6.0,60.0,binary16,flowharq,1,8192,4096,2,16388,22.083452224731445,0.006189490202814341,0.46651244163513184,0.8374744057655334,1,0
kodak,08.png,2030,9001,6.0,60.0,binary16,flowharq,1,8192,4096,2,16388,19.452228546142578,0.011344286613166332,0.47273629903793335,0.8474958539009094,1,0
kodak,09.png,2030,9001,6.0,60.0,ideal,direct,0,4096,4096,1,12290,23.11992645263672,0.004875367972999811,0.4259025454521179,0.8522739410400391,1,1
kodak,10.png,2030,9001,6.0,60.0,ideal,direct,0,4096,4096,1,12290,27.773706436157227,0.0016696645179763436,0.5193350911140442,0.8903605937957764,0,0
kodak,11.png,2030,9001,6.0,60.0,ideal,direct,0,4096,4096,1,12290,19.12975311279297,0.01221869233995676,0.5799738168716431,0.7498672604560852,1,1
kodak,12.png,2030,9001,6.0,60.0,ideal,direct,0,4096,4096,1,12290,17.005598068237305,0.019926920533180237,0.8043819069862366,0.42557406425476074,1,1
kodak,09.png,2030,9001,6.0,60.0,ideal,full_harq,1,8192,4096,2,16388,23.11664390563965,0.004879054147750139,0.42489302158355713,0.8537795543670654,1,0
kodak,10.png,2030,9001,6.0,60.0,ideal,full_harq,1,8192,4096,2,16388,28.024085998535156,0.0015761270187795162,0.5076149702072144,0.8982317447662354,0,0
kodak,11.png,2030,9001,6.0,60.0,ideal,full_harq,1,8192,4096,2,16388,19.982065200805664,0.010041382163763046,0.5307311415672302,0.8205788135528564,1,0
kodak,12.png,2030,9001,6.0,60.0,ideal,full_harq,1,8192,4096,2,16388,22.90827178955078,0.005118852946907282,0.5460431575775146,0.8181783556938171,1,0
kodak,09.png,2030,9001,6.0,60.0,ideal,fm_only,0,4096,4096,1,12290,23.161401748657227,0.004829028621315956,0.43276235461235046,0.8484458923339844,1,1
kodak,10.png,2030,9001,6.0,60.0,ideal,fm_only,0,4096,4096,1,12290,27.81368064880371,0.0016543675446882844,0.5181204676628113,0.890306293964386,0,0
kodak,11.png,2030,9001,6.0,60.0,ideal,fm_only,0,4096,4096,1,12290,19.287076950073242,0.01178398821502924,0.5843939781188965,0.7467134594917297,1,1
kodak,12.png,2030,9001,6.0,60.0,ideal,fm_only,0,4096,4096,1,12290,16.979381561279297,0.02004757523536682,0.8039424419403076,0.4275764524936676,1,1
kodak,09.png,2030,9001,6.0,60.0,ideal,adaptive_harq,1,8192,4096,2,16388,23.11664390563965,0.004879054147750139,0.42489302158355713,0.8537795543670654,1,0
kodak,10.png,2030,9001,6.0,60.0,ideal,adaptive_harq,0,4096,4096,1,12290,27.773706436157227,0.0016696645179763436,0.5193350911140442,0.8903605937957764,0,0
kodak,11.png,2030,9001,6.0,60.0,ideal,adaptive_harq,1,8192,4096,2,16388,19.982065200805664,0.010041382163763046,0.5307311415672302,0.8205788135528564,1,0
kodak,12.png,2030,9001,6.0,60.0,ideal,adaptive_harq,1,8192,4096,2,16388,22.90827178955078,0.005118852946907282,0.5460431575775146,0.8181783556938171,1,0
kodak,09.png,2030,9001,6.0,60.0,ideal,flowharq,1,8192,4096,2,16388,23.11664390563965,0.004879054147750139,0.42489302158355713,0.8537795543670654,1,0
kodak,10.png,2030,9001,6.0,60.0,ideal,flowharq,0,4096,4096,1,12290,27.81368064880371,0.0016543675446882844,0.5181204676628113,0.890306293964386,0,0
kodak,11.png,2030,9001,6.0,60.0,ideal,flowharq,1,8192,4096,2,16388,19.982065200805664,0.010041382163763046,0.5307311415672302,0.8205788135528564,1,0
kodak,12.png,2030,9001,6.0,60.0,ideal,flowharq,1,8192,4096,2,16388,22.90827178955078,0.005118852946907282,0.5460431575775146,0.8181783556938171,1,0
kodak,09.png,2030,9001,6.0,60.0,binary16,direct,0,4096,4096,1,12290,23.119937896728516,0.004875353071838617,0.42590445280075073,0.8522747159004211,1,1
kodak,10.png,2030,9001,6.0,60.0,binary16,direct,0,4096,4096,1,12290,27.77367401123047,0.0016696773236617446,0.519339919090271,0.8903606534004211,0,0
kodak,11.png,2030,9001,6.0,60.0,binary16,direct,0,4096,4096,1,12290,19.129722595214844,0.012218778021633625,0.5799710154533386,0.7498655915260315,1,1
kodak,12.png,2030,9001,6.0,60.0,binary16,direct,0,4096,4096,1,12290,17.005578994750977,0.019927004352211952,0.8043828010559082,0.4255737066268921,1,1
kodak,09.png,2030,9001,6.0,60.0,binary16,full_harq,1,8192,4096,2,16388,23.116657257080078,0.004879038315266371,0.4248947501182556,0.85378098487854,1,0
kodak,10.png,2030,9001,6.0,60.0,binary16,full_harq,1,8192,4096,2,16388,28.02405548095703,0.001576138543896377,0.5076183080673218,0.8982317447662354,0,0
kodak,11.png,2030,9001,6.0,60.0,binary16,full_harq,1,8192,4096,2,16388,19.98204803466797,0.01004142314195633,0.5307310819625854,0.8205787539482117,1,0
kodak,12.png,2030,9001,6.0,60.0,binary16,full_harq,1,8192,4096,2,16388,22.90826416015625,0.005118864122778177,0.5460306406021118,0.818175733089447,1,0
kodak,09.png,2030,9001,6.0,60.0,binary16,fm_only,0,4096,4096,1,12290,23.16141128540039,0.004829017445445061,0.43276482820510864,0.848447322845459,1,1
kodak,10.png,2030,9001,6.0,60.0,binary16,fm_only,0,4096,4096,1,12290,27.81366539001465,0.0016543728997930884,0.5181256532669067,0.8903061747550964,0,0
kodak,11.png,2030,9001,6.0,60.0,binary16,fm_only,0,4096,4096,1,12290,19.287052154541016,0.011784055270254612,0.5843926072120667,0.7467119097709656,1,1
kodak,12.png,2030,9001,6.0,60.0,binary16,fm_only,0,4096,4096,1,12290,16.979354858398438,0.02004769630730152,0.8039394617080688,0.42757901549339294,1,1
kodak,09.png,2030,9001,6.0,60.0,binary16,adaptive_harq,1,8192,4096,2,16388,23.116657257080078,0.004879038315266371,0.4248947501182556,0.85378098487854,1,0
kodak,10.png,2030,9001,6.0,60.0,binary16,adaptive_harq,0,4096,4096,1,12290,27.77367401123047,0.0016696773236617446,0.519339919090271,0.8903606534004211,0,0
kodak,11.png,2030,9001,6.0,60.0,binary16,adaptive_harq,1,8192,4096,2,16388,19.98204803466797,0.01004142314195633,0.5307310819625854,0.8205787539482117,1,0
kodak,12.png,2030,9001,6.0,60.0,binary16,adaptive_harq,1,8192,4096,2,16388,22.90826416015625,0.005118864122778177,0.5460306406021118,0.818175733089447,1,0
kodak,09.png,2030,9001,6.0,60.0,binary16,flowharq,1,8192,4096,2,16388,23.116657257080078,0.004879038315266371,0.4248947501182556,0.85378098487854,1,0
kodak,10.png,2030,9001,6.0,60.0,binary16,flowharq,0,4096,4096,1,12290,27.81366539001465,0.0016543728997930884,0.5181256532669067,0.8903061747550964,0,0
kodak,11.png,2030,9001,6.0,60.0,binary16,flowharq,1,8192,4096,2,16388,19.98204803466797,0.01004142314195633,0.5307310819625854,0.8205787539482117,1,0
kodak,12.png,2030,9001,6.0,60.0,binary16,flowharq,1,8192,4096,2,16388,22.90826416015625,0.005118864122778177,0.5460306406021118,0.818175733089447,1,0
kodak,13.png,2030,9001,6.0,60.0,ideal,direct,0,4096,4096,1,12290,20.072853088378906,0.00983364600688219,0.7266426682472229,0.7716483473777771,1,1
kodak,14.png,2030,9001,6.0,60.0,ideal,direct,0,4096,4096,1,12290,19.23474884033203,0.011926833540201187,0.5199142694473267,0.7801496386528015,1,1
kodak,15.png,2030,9001,6.0,60.0,ideal,direct,0,4096,4096,1,12290,21.037830352783203,0.007874390110373497,0.6150463223457336,0.7551806569099426,1,1
kodak,16.png,2030,9001,6.0,60.0,ideal,direct,0,4096,4096,1,12290,20.480369567871094,0.008952883072197437,0.7260772585868835,0.5393227934837341,1,1
kodak,13.png,2030,9001,6.0,60.0,ideal,full_harq,1,8192,4096,2,16388,20.071643829345703,0.009836383163928986,0.7267746925354004,0.7721981406211853,1,0
kodak,14.png,2030,9001,6.0,60.0,ideal,full_harq,1,8192,4096,2,16388,19.446020126342773,0.011360514909029007,0.5096174478530884,0.7967291474342346,1,0
kodak,15.png,2030,9001,6.0,60.0,ideal,full_harq,1,8192,4096,2,16388,22.97317123413086,0.0050429292023181915,0.5174567699432373,0.8565680384635925,1,0
kodak,16.png,2030,9001,6.0,60.0,ideal,full_harq,1,8192,4096,2,16388,24.463184356689453,0.003578339470550418,0.5769553184509277,0.839377224445343,0,0
kodak,13.png,2030,9001,6.0,60.0,ideal,fm_only,0,4096,4096,1,12290,20.127737045288086,0.009710157290101051,0.7291244268417358,0.7710351347923279,1,1
kodak,14.png,2030,9001,6.0,60.0,ideal,fm_only,0,4096,4096,1,12290,19.39189338684082,0.011502987705171108,0.5221195220947266,0.7815240025520325,1,1
kodak,15.png,2030,9001,6.0,60.0,ideal,fm_only,0,4096,4096,1,12290,20.967493057250977,0.008002960123121738,0.6381655931472778,0.7337844371795654,1,1
kodak,16.png,2030,9001,6.0,60.0,ideal,fm_only,0,4096,4096,1,12290,20.508420944213867,0.008895247243344784,0.7346901893615723,0.5313832759857178,1,1
kodak,13.png,2030,9001,6.0,60.0,ideal,adaptive_harq,1,8192,4096,2,16388,20.071643829345703,0.009836383163928986,0.7267746925354004,0.7721981406211853,1,0
kodak,14.png,2030,9001,6.0,60.0,ideal,adaptive_harq,1,8192,4096,2,16388,19.446020126342773,0.011360514909029007,0.5096174478530884,0.7967291474342346,1,0
kodak,15.png,2030,9001,6.0,60.0,ideal,adaptive_harq,1,8192,4096,2,16388,22.97317123413086,0.0050429292023181915,0.5174567699432373,0.8565680384635925,1,0
kodak,16.png,2030,9001,6.0,60.0,ideal,adaptive_harq,1,8192,4096,2,16388,24.463184356689453,0.003578339470550418,0.5769553184509277,0.839377224445343,0,0
kodak,13.png,2030,9001,6.0,60.0,ideal,flowharq,1,8192,4096,2,16388,20.071643829345703,0.009836383163928986,0.7267746925354004,0.7721981406211853,1,0
kodak,14.png,2030,9001,6.0,60.0,ideal,flowharq,1,8192,4096,2,16388,19.446020126342773,0.011360514909029007,0.5096174478530884,0.7967291474342346,1,0
kodak,15.png,2030,9001,6.0,60.0,ideal,flowharq,1,8192,4096,2,16388,22.97317123413086,0.0050429292023181915,0.5174567699432373,0.8565680384635925,1,0
kodak,16.png,2030,9001,6.0,60.0,ideal,flowharq,1,8192,4096,2,16388,24.463184356689453,0.003578339470550418,0.5769553184509277,0.839377224445343,0,0
kodak,13.png,2030,9001,6.0,60.0,binary16,direct,0,4096,4096,1,12290,20.072856903076172,0.009833642281591892,0.7266432046890259,0.7716478705406189,1,1
kodak,14.png,2030,9001,6.0,60.0,binary16,direct,0,4096,4096,1,12290,19.23476219177246,0.011926796287298203,0.519916832447052,0.7801490426063538,1,1
kodak,15.png,2030,9001,6.0,60.0,binary16,direct,0,4096,4096,1,12290,21.037933349609375,0.007874202914536,0.615045428276062,0.755183756351471,1,1
kodak,16.png,2030,9001,6.0,60.0,binary16,direct,0,4096,4096,1,12290,20.48040771484375,0.008952803909778595,0.7260796427726746,0.5393193364143372,1,1
kodak,13.png,2030,9001,6.0,60.0,binary16,full_harq,1,8192,4096,2,16388,20.071643829345703,0.00983638409525156,0.7267768383026123,0.772197425365448,1,0
kodak,14.png,2030,9001,6.0,60.0,binary16,full_harq,1,8192,4096,2,16388,19.44603729248047,0.01136046927422285,0.5096194744110107,0.7967289090156555,1,0
kodak,15.png,2030,9001,6.0,60.0,binary16,full_harq,1,8192,4096,2,16388,22.973224639892578,0.00504286726936698,0.5174586772918701,0.8565678596496582,1,0
kodak,16.png,2030,9001,6.0,60.0,binary16,full_harq,1,8192,4096,2,16388,24.463136672973633,0.00357837975025177,0.576958179473877,0.8393757939338684,0,0
kodak,13.png,2030,9001,6.0,60.0,binary16,fm_only,0,4096,4096,1,12290,20.128341674804688,0.009708810597658157,0.7291057109832764,0.771049976348877,1,1
kodak,14.png,2030,9001,6.0,60.0,binary16,fm_only,0,4096,4096,1,12290,19.39188575744629,0.011503007262945175,0.5221206545829773,0.7815230488777161,1,1
kodak,15.png,2030,9001,6.0,60.0,binary16,fm_only,0,4096,4096,1,12290,20.967575073242188,0.00800281297415495,0.638170063495636,0.7337859272956848,1,1
kodak,16.png,2030,9001,6.0,60.0,binary16,fm_only,0,4096,4096,1,12290,20.508495330810547,0.008895094506442547,0.7346966862678528,0.5313820242881775,1,1
kodak,13.png,2030,9001,6.0,60.0,binary16,adaptive_harq,1,8192,4096,2,16388,20.071643829345703,0.00983638409525156,0.7267768383026123,0.772197425365448,1,0
kodak,14.png,2030,9001,6.0,60.0,binary16,adaptive_harq,1,8192,4096,2,16388,19.44603729248047,0.01136046927422285,0.5096194744110107,0.7967289090156555,1,0
kodak,15.png,2030,9001,6.0,60.0,binary16,adaptive_harq,1,8192,4096,2,16388,22.973224639892578,0.00504286726936698,0.5174586772918701,0.8565678596496582,1,0
kodak,16.png,2030,9001,6.0,60.0,binary16,adaptive_harq,1,8192,4096,2,16388,24.463136672973633,0.00357837975025177,0.576958179473877,0.8393757939338684,0,0
kodak,13.png,2030,9001,6.0,60.0,binary16,flowharq,1,8192,4096,2,16388,20.071643829345703,0.00983638409525156,0.7267768383026123,0.772197425365448,1,0
kodak,14.png,2030,9001,6.0,60.0,binary16,flowharq,1,8192,4096,2,16388,19.44603729248047,0.01136046927422285,0.5096194744110107,0.7967289090156555,1,0
kodak,15.png,2030,9001,6.0,60.0,binary16,flowharq,1,8192,4096,2,16388,22.973224639892578,0.00504286726936698,0.5174586772918701,0.8565678596496582,1,0
kodak,16.png,2030,9001,6.0,60.0,binary16,flowharq,1,8192,4096,2,16388,24.463136672973633,0.00357837975025177,0.576958179473877,0.8393757939338684,0,0
kodak,17.png,2030,9001,6.0,60.0,ideal,direct,0,4096,4096,1,12290,25.11847496032715,0.003077176632359624,0.5226371884346008,0.8761606812477112,0,0
kodak,18.png,2030,9001,6.0,60.0,ideal,direct,0,4096,4096,1,12290,19.900781631469727,0.01023109070956707,0.5413066744804382,0.7922131419181824,1,1
kodak,19.png,2030,9001,6.0,60.0,ideal,direct,0,4096,4096,1,12290,20.841129302978516,0.008239238522946835,0.544705867767334,0.8222784399986267,1,1
kodak,20.png,2030,9001,6.0,60.0,ideal,direct,0,4096,4096,1,12290,22.337539672851562,0.0058377585373818874,0.37262392044067383,0.872793972492218,1,1
kodak,17.png,2030,9001,6.0,60.0,ideal,full_harq,1,8192,4096,2,16388,25.49570083618164,0.0028211744502186775,0.5025550127029419,0.8945658802986145,0,0
kodak,18.png,2030,9001,6.0,60.0,ideal,full_harq,1,8192,4096,2,16388,19.967426300048828,0.01007528230547905,0.5470247864723206,0.8014106154441833,1,0
kodak,19.png,2030,9001,6.0,60.0,ideal,full_harq,1,8192,4096,2,16388,20.905807495117188,0.00811744388192892,0.535355269908905,0.8292381167411804,1,0
kodak,20.png,2030,9001,6.0,60.0,ideal,full_harq,1,8192,4096,2,16388,23.175765991210938,0.004813083913177252,0.32489141821861267,0.908283531665802,1,0
kodak,17.png,2030,9001,6.0,60.0,ideal,fm_only,0,4096,4096,1,12290,25.24109649658203,0.002991508925333619,0.520538866519928,0.8753029704093933,0,0
kodak,18.png,2030,9001,6.0,60.0,ideal,fm_only,0,4096,4096,1,12290,19.968582153320312,0.01007260661572218,0.5456240177154541,0.7883926033973694,1,1
kodak,19.png,2030,9001,6.0,60.0,ideal,fm_only,0,4096,4096,1,12290,20.856029510498047,0.008211015723645687,0.5460410714149475,0.8227306008338928,1,1
kodak,20.png,2030,9001,6.0,60.0,ideal,fm_only,0,4096,4096,1,12290,22.29555320739746,0.005894468631595373,0.37285277247428894,0.8717871308326721,1,1
kodak,17.png,2030,9001,6.0,60.0,ideal,adaptive_harq,0,4096,4096,1,12290,25.11847496032715,0.003077176632359624,0.5226371884346008,0.8761606812477112,0,0
kodak,18.png,2030,9001,6.0,60.0,ideal,adaptive_harq,1,8192,4096,2,16388,19.967426300048828,0.01007528230547905,0.5470247864723206,0.8014106154441833,1,0
kodak,19.png,2030,9001,6.0,60.0,ideal,adaptive_harq,1,8192,4096,2,16388,20.905807495117188,0.00811744388192892,0.535355269908905,0.8292381167411804,1,0
kodak,20.png,2030,9001,6.0,60.0,ideal,adaptive_harq,1,8192,4096,2,16388,23.175765991210938,0.004813083913177252,0.32489141821861267,0.908283531665802,1,0
kodak,17.png,2030,9001,6.0,60.0,ideal,flowharq,0,4096,4096,1,12290,25.24109649658203,0.002991508925333619,0.520538866519928,0.8753029704093933,0,0
kodak,18.png,2030,9001,6.0,60.0,ideal,flowharq,1,8192,4096,2,16388,19.967426300048828,0.01007528230547905,0.5470247864723206,0.8014106154441833,1,0
kodak,19.png,2030,9001,6.0,60.0,ideal,flowharq,1,8192,4096,2,16388,20.905807495117188,0.00811744388192892,0.535355269908905,0.8292381167411804,1,0
kodak,20.png,2030,9001,6.0,60.0,ideal,flowharq,1,8192,4096,2,16388,23.175765991210938,0.004813083913177252,0.32489141821861267,0.908283531665802,1,0
kodak,17.png,2030,9001,6.0,60.0,binary16,direct,0,4096,4096,1,12290,25.11844253540039,0.0030772006139159203,0.5226408839225769,0.8761615753173828,0,0
kodak,18.png,2030,9001,6.0,60.0,binary16,direct,0,4096,4096,1,12290,19.90076446533203,0.010231126099824905,0.5413051843643188,0.7922117114067078,1,1
kodak,19.png,2030,9001,6.0,60.0,binary16,direct,0,4096,4096,1,12290,20.84113311767578,0.008239232003688812,0.5447078943252563,0.8222801685333252,1,1
kodak,20.png,2030,9001,6.0,60.0,binary16,direct,0,4096,4096,1,12290,22.33757781982422,0.005837707314640284,0.37262919545173645,0.8727941513061523,1,1
kodak,17.png,2030,9001,6.0,60.0,binary16,full_harq,1,8192,4096,2,16388,25.49567413330078,0.0028211914468556643,0.502562403678894,0.8945663571357727,0,0
kodak,18.png,2030,9001,6.0,60.0,binary16,full_harq,1,8192,4096,2,16388,19.9674015045166,0.010075345635414124,0.5470237731933594,0.8014090657234192,1,0
kodak,19.png,2030,9001,6.0,60.0,binary16,full_harq,1,8192,4096,2,16388,20.905818939208984,0.00811742153018713,0.5353561043739319,0.8292393088340759,1,0
kodak,20.png,2030,9001,6.0,60.0,binary16,full_harq,1,8192,4096,2,16388,23.175809860229492,0.004813035484403372,0.3248937427997589,0.9082812666893005,1,0
kodak,17.png,2030,9001,6.0,60.0,binary16,fm_only,0,4096,4096,1,12290,25.241092681884766,0.0029915107879787683,0.5205424427986145,0.8753045201301575,0,0
kodak,18.png,2030,9001,6.0,60.0,binary16,fm_only,0,4096,4096,1,12290,19.968578338623047,0.010072613134980202,0.5456244945526123,0.7883912920951843,1,1
kodak,19.png,2030,9001,6.0,60.0,binary16,fm_only,0,4096,4096,1,12290,20.856037139892578,0.008211005479097366,0.546042799949646,0.8227322101593018,1,1
kodak,20.png,2030,9001,6.0,60.0,binary16,fm_only,0,4096,4096,1,12290,22.295597076416016,0.005894409026950598,0.37285712361335754,0.8717873096466064,1,1
kodak,17.png,2030,9001,6.0,60.0,binary16,adaptive_harq,0,4096,4096,1,12290,25.11844253540039,0.0030772006139159203,0.5226408839225769,0.8761615753173828,0,0
kodak,18.png,2030,9001,6.0,60.0,binary16,adaptive_harq,1,8192,4096,2,16388,19.9674015045166,0.010075345635414124,0.5470237731933594,0.8014090657234192,1,0
kodak,19.png,2030,9001,6.0,60.0,binary16,adaptive_harq,1,8192,4096,2,16388,20.905818939208984,0.00811742153018713,0.5353561043739319,0.8292393088340759,1,0
kodak,20.png,2030,9001,6.0,60.0,binary16,adaptive_harq,1,8192,4096,2,16388,23.175809860229492,0.004813035484403372,0.3248937427997589,0.9082812666893005,1,0
kodak,17.png,2030,9001,6.0,60.0,binary16,flowharq,0,4096,4096,1,12290,25.241092681884766,0.0029915107879787683,0.5205424427986145,0.8753045201301575,0,0
kodak,18.png,2030,9001,6.0,60.0,binary16,flowharq,1,8192,4096,2,16388,19.9674015045166,0.010075345635414124,0.5470237731933594,0.8014090657234192,1,0
kodak,19.png,2030,9001,6.0,60.0,binary16,flowharq,1,8192,4096,2,16388,20.905818939208984,0.00811742153018713,0.5353561043739319,0.8292393088340759,1,0
kodak,20.png,2030,9001,6.0,60.0,binary16,flowharq,1,8192,4096,2,16388,23.175809860229492,0.004813035484403372,0.3248937427997589,0.9082812666893005,1,0
kodak,21.png,2030,9001,6.0,60.0,ideal,direct,0,4096,4096,1,12290,21.33161163330078,0.007359342183917761,0.48008954524993896,0.8506441712379456,1,1
kodak,22.png,2030,9001,6.0,60.0,ideal,direct,0,4096,4096,1,12290,19.321617126464844,0.011690639890730381,0.73862624168396,0.5808563232421875,1,1
kodak,23.png,2030,9001,6.0,60.0,ideal,direct,0,4096,4096,1,12290,23.960683822631836,0.004017276223748922,0.29845911264419556,0.9057126641273499,1,1
kodak,24.png,2030,9001,6.0,60.0,ideal,direct,0,4096,4096,1,12290,22.72710418701172,0.005336906295269728,0.6147255301475525,0.8118079304695129,1,1
kodak,21.png,2030,9001,6.0,60.0,ideal,full_harq,1,8192,4096,2,16388,21.587055206298828,0.006938961800187826,0.47876396775245667,0.8655245304107666,1,0
kodak,22.png,2030,9001,6.0,60.0,ideal,full_harq,1,8192,4096,2,16388,21.155488967895508,0.007663921918720007,0.5969563126564026,0.770587682723999,1,0
kodak,23.png,2030,9001,6.0,60.0,ideal,full_harq,1,8192,4096,2,16388,24.13619041442871,0.003858166513964534,0.28911513090133667,0.9121038317680359,0,0
kodak,24.png,2030,9001,6.0,60.0,ideal,full_harq,1,8192,4096,2,16388,23.657018661499023,0.004308221861720085,0.5729596018791199,0.8701124787330627,1,0
kodak,21.png,2030,9001,6.0,60.0,ideal,fm_only,0,4096,4096,1,12290,21.37921142578125,0.007279119919985533,0.4822061359882355,0.8499580025672913,1,1
kodak,22.png,2030,9001,6.0,60.0,ideal,fm_only,0,4096,4096,1,12290,19.18412208557129,0.012066680006682873,0.7449511289596558,0.545313835144043,1,1
kodak,23.png,2030,9001,6.0,60.0,ideal,fm_only,0,4096,4096,1,12290,24.129074096679688,0.0038644932210445404,0.2995137572288513,0.906286895275116,0,0
kodak,24.png,2030,9001,6.0,60.0,ideal,fm_only,0,4096,4096,1,12290,22.890716552734375,0.0051395888440310955,0.6139771938323975,0.8100501894950867,1,1
kodak,21.png,2030,9001,6.0,60.0,ideal,adaptive_harq,1,8192,4096,2,16388,21.587055206298828,0.006938961800187826,0.47876396775245667,0.8655245304107666,1,0
kodak,22.png,2030,9001,6.0,60.0,ideal,adaptive_harq,1,8192,4096,2,16388,21.155488967895508,0.007663921918720007,0.5969563126564026,0.770587682723999,1,0
kodak,23.png,2030,9001,6.0,60.0,ideal,adaptive_harq,0,4096,4096,1,12290,23.960683822631836,0.004017276223748922,0.29845911264419556,0.9057126641273499,1,1
kodak,24.png,2030,9001,6.0,60.0,ideal,adaptive_harq,1,8192,4096,2,16388,23.657018661499023,0.004308221861720085,0.5729596018791199,0.8701124787330627,1,0
kodak,21.png,2030,9001,6.0,60.0,ideal,flowharq,1,8192,4096,2,16388,21.587055206298828,0.006938961800187826,0.47876396775245667,0.8655245304107666,1,0
kodak,22.png,2030,9001,6.0,60.0,ideal,flowharq,1,8192,4096,2,16388,21.155488967895508,0.007663921918720007,0.5969563126564026,0.770587682723999,1,0
kodak,23.png,2030,9001,6.0,60.0,ideal,flowharq,0,4096,4096,1,12290,24.129074096679688,0.0038644932210445404,0.2995137572288513,0.906286895275116,0,0
kodak,24.png,2030,9001,6.0,60.0,ideal,flowharq,1,8192,4096,2,16388,23.657018661499023,0.004308221861720085,0.5729596018791199,0.8701124787330627,1,0
kodak,21.png,2030,9001,6.0,60.0,binary16,direct,0,4096,4096,1,12290,21.331626892089844,0.007359314244240522,0.48009026050567627,0.8506460189819336,1,1
kodak,22.png,2030,9001,6.0,60.0,binary16,direct,0,4096,4096,1,12290,19.321609497070312,0.011690660379827023,0.7386149764060974,0.5808475613594055,1,1
kodak,23.png,2030,9001,6.0,60.0,binary16,direct,0,4096,4096,1,12290,23.960689544677734,0.0040172697044909,0.2984578609466553,0.9057116508483887,1,1
kodak,24.png,2030,9001,6.0,60.0,binary16,direct,0,4096,4096,1,12290,22.72709846496582,0.005336912348866463,0.6147209405899048,0.8118076920509338,1,1
kodak,21.png,2030,9001,6.0,60.0,binary16,full_harq,1,8192,4096,2,16388,21.587051391601562,0.006938965525478125,0.4787621796131134,0.86552494764328,1,0
kodak,22.png,2030,9001,6.0,60.0,binary16,full_harq,1,8192,4096,2,16388,21.155517578125,0.007663872092962265,0.5969541668891907,0.7705864906311035,1,0
kodak,23.png,2030,9001,6.0,60.0,binary16,full_harq,1,8192,4096,2,16388,24.136207580566406,0.0038581525441259146,0.2891121506690979,0.9121029376983643,0,0
kodak,24.png,2030,9001,6.0,60.0,binary16,full_harq,1,8192,4096,2,16388,23.657026290893555,0.004308213945478201,0.572959303855896,0.8701128959655762,1,0
kodak,21.png,2030,9001,6.0,60.0,binary16,fm_only,0,4096,4096,1,12290,21.37923240661621,0.007279085461050272,0.4822036623954773,0.8499598503112793,1,1
kodak,22.png,2030,9001,6.0,60.0,binary16,fm_only,0,4096,4096,1,12290,19.184185028076172,0.012066508643329144,0.7449498772621155,0.5453101992607117,1,1
kodak,23.png,2030,9001,6.0,60.0,binary16,fm_only,0,4096,4096,1,12290,24.129011154174805,0.0038645488675683737,0.2994423806667328,0.9062859416007996,0,0
kodak,24.png,2030,9001,6.0,60.0,binary16,fm_only,0,4096,4096,1,12290,22.890705108642578,0.0051396009512245655,0.6139740943908691,0.8100494742393494,1,1
kodak,21.png,2030,9001,6.0,60.0,binary16,adaptive_harq,1,8192,4096,2,16388,21.587051391601562,0.006938965525478125,0.4787621796131134,0.86552494764328,1,0
kodak,22.png,2030,9001,6.0,60.0,binary16,adaptive_harq,1,8192,4096,2,16388,21.155517578125,0.007663872092962265,0.5969541668891907,0.7705864906311035,1,0
kodak,23.png,2030,9001,6.0,60.0,binary16,adaptive_harq,0,4096,4096,1,12290,23.960689544677734,0.0040172697044909,0.2984578609466553,0.9057116508483887,1,1
kodak,24.png,2030,9001,6.0,60.0,binary16,adaptive_harq,1,8192,4096,2,16388,23.657026290893555,0.004308213945478201,0.572959303855896,0.8701128959655762,1,0
kodak,21.png,2030,9001,6.0,60.0,binary16,flowharq,1,8192,4096,2,16388,21.587051391601562,0.006938965525478125,0.4787621796131134,0.86552494764328,1,0
kodak,22.png,2030,9001,6.0,60.0,binary16,flowharq,1,8192,4096,2,16388,21.155517578125,0.007663872092962265,0.5969541668891907,0.7705864906311035,1,0
kodak,23.png,2030,9001,6.0,60.0,binary16,flowharq,0,4096,4096,1,12290,24.129011154174805,0.0038645488675683737,0.2994423806667328,0.9062859416007996,0,0
kodak,24.png,2030,9001,6.0,60.0,binary16,flowharq,1,8192,4096,2,16388,23.657026290893555,0.004308213945478201,0.572959303855896,0.8701128959655762,1,0
kodak,01.png,2030,9001,6.0,90.0,ideal,direct,0,4096,4096,1,12290,19.913026809692383,0.01020228210836649,0.5973614454269409,0.742445707321167,1,1
kodak,02.png,2030,9001,6.0,90.0,ideal,direct,0,4096,4096,1,12290,21.756601333618164,0.006673289462924004,0.5519568920135498,0.7792357802391052,1,1
kodak,03.png,2030,9001,6.0,90.0,ideal,direct,0,4096,4096,1,12290,23.00300407409668,0.005008408334106207,0.43678542971611023,0.834599494934082,1,1
kodak,04.png,2030,9001,6.0,90.0,ideal,direct,0,4096,4096,1,12290,26.974851608276367,0.002006849506869912,0.4911770820617676,0.9070477485656738,0,0
kodak,01.png,2030,9001,6.0,90.0,ideal,full_harq,1,8192,4096,2,16388,20.209226608276367,0.0095296585932374,0.5720747709274292,0.785129964351654,1,0
kodak,02.png,2030,9001,6.0,90.0,ideal,full_harq,1,8192,4096,2,16388,21.9266414642334,0.006417055148631334,0.5347613096237183,0.8006317615509033,1,0
kodak,03.png,2030,9001,6.0,90.0,ideal,full_harq,1,8192,4096,2,16388,23.187808990478516,0.00479975575581193,0.4256537854671478,0.8447349071502686,1,0
kodak,04.png,2030,9001,6.0,90.0,ideal,full_harq,1,8192,4096,2,16388,27.075748443603516,0.0019607627764344215,0.4636894464492798,0.9206750988960266,0,0
kodak,01.png,2030,9001,6.0,90.0,ideal,fm_only,0,4096,4096,1,12290,20.068578720092773,0.009843334555625916,0.600834846496582,0.7449674010276794,1,1
kodak,02.png,2030,9001,6.0,90.0,ideal,fm_only,0,4096,4096,1,12290,22.293550491333008,0.005897187162190676,0.5522042512893677,0.7771872878074646,1,1
kodak,03.png,2030,9001,6.0,90.0,ideal,fm_only,0,4096,4096,1,12290,23.705827713012695,0.004260073881596327,0.4423191547393799,0.8374093174934387,1,1
kodak,04.png,2030,9001,6.0,90.0,ideal,fm_only,0,4096,4096,1,12290,27.463417053222656,0.001793322036974132,0.5010805726051331,0.9036166071891785,0,0
kodak,01.png,2030,9001,6.0,90.0,ideal,adaptive_harq,1,8192,4096,2,16388,20.209226608276367,0.0095296585932374,0.5720747709274292,0.785129964351654,1,0
kodak,02.png,2030,9001,6.0,90.0,ideal,adaptive_harq,1,8192,4096,2,16388,21.9266414642334,0.006417055148631334,0.5347613096237183,0.8006317615509033,1,0
kodak,03.png,2030,9001,6.0,90.0,ideal,adaptive_harq,1,8192,4096,2,16388,23.187808990478516,0.00479975575581193,0.4256537854671478,0.8447349071502686,1,0
kodak,04.png,2030,9001,6.0,90.0,ideal,adaptive_harq,0,4096,4096,1,12290,26.974851608276367,0.002006849506869912,0.4911770820617676,0.9070477485656738,0,0
kodak,01.png,2030,9001,6.0,90.0,ideal,flowharq,1,8192,4096,2,16388,20.209226608276367,0.0095296585932374,0.5720747709274292,0.785129964351654,1,0
kodak,02.png,2030,9001,6.0,90.0,ideal,flowharq,1,8192,4096,2,16388,21.9266414642334,0.006417055148631334,0.5347613096237183,0.8006317615509033,1,0
kodak,03.png,2030,9001,6.0,90.0,ideal,flowharq,0,4096,4096,1,12290,23.705827713012695,0.004260073881596327,0.4423191547393799,0.8374093174934387,1,1
kodak,04.png,2030,9001,6.0,90.0,ideal,flowharq,0,4096,4096,1,12290,27.463417053222656,0.001793322036974132,0.5010805726051331,0.9036166071891785,0,0
kodak,01.png,2030,9001,6.0,90.0,binary16,direct,0,4096,4096,1,12290,19.913066864013672,0.010202187113463879,0.5973639488220215,0.7424454689025879,1,1
kodak,02.png,2030,9001,6.0,90.0,binary16,direct,0,4096,4096,1,12290,21.75655746459961,0.006673355121165514,0.551956832408905,0.7792314887046814,1,1
kodak,03.png,2030,9001,6.0,90.0,binary16,direct,0,4096,4096,1,12290,23.002958297729492,0.005008458625525236,0.4367881417274475,0.8346025347709656,1,1
kodak,04.png,2030,9001,6.0,90.0,binary16,direct,0,4096,4096,1,12290,26.974802017211914,0.0020068720914423466,0.49117904901504517,0.9070484042167664,0,0
kodak,01.png,2030,9001,6.0,90.0,binary16,full_harq,1,8192,4096,2,16388,20.20928382873535,0.009529531002044678,0.5720726847648621,0.7851313948631287,1,0
kodak,02.png,2030,9001,6.0,90.0,binary16,full_harq,1,8192,4096,2,16388,21.926576614379883,0.006417150143533945,0.5347601175308228,0.8006276488304138,1,0
kodak,03.png,2030,9001,6.0,90.0,binary16,full_harq,1,8192,4096,2,16388,23.187807083129883,0.004799757618457079,0.4256528615951538,0.8447391390800476,1,0
kodak,04.png,2030,9001,6.0,90.0,binary16,full_harq,1,8192,4096,2,16388,27.075653076171875,0.001960806315764785,0.4636911153793335,0.9206749796867371,0,0
kodak,01.png,2030,9001,6.0,90.0,binary16,fm_only,0,4096,4096,1,12290,20.068607330322266,0.00984326470643282,0.6008386611938477,0.7449672818183899,1,1
kodak,02.png,2030,9001,6.0,90.0,binary16,fm_only,0,4096,4096,1,12290,22.293521881103516,0.005897225346416235,0.5522038340568542,0.7771830558776855,1,1
kodak,03.png,2030,9001,6.0,90.0,binary16,fm_only,0,4096,4096,1,12290,23.705751419067383,0.004260148387402296,0.4423219561576843,0.8374106287956238,1,1
kodak,04.png,2030,9001,6.0,90.0,binary16,fm_only,0,4096,4096,1,12290,27.46338653564453,0.0017933350754901767,0.5010784268379211,0.9036172032356262,0,0
kodak,01.png,2030,9001,6.0,90.0,binary16,adaptive_harq,1,8192,4096,2,16388,20.20928382873535,0.009529531002044678,0.5720726847648621,0.7851313948631287,1,0
kodak,02.png,2030,9001,6.0,90.0,binary16,adaptive_harq,1,8192,4096,2,16388,21.926576614379883,0.006417150143533945,0.5347601175308228,0.8006276488304138,1,0
kodak,03.png,2030,9001,6.0,90.0,binary16,adaptive_harq,1,8192,4096,2,16388,23.187807083129883,0.004799757618457079,0.4256528615951538,0.8447391390800476,1,0
kodak,04.png,2030,9001,6.0,90.0,binary16,adaptive_harq,0,4096,4096,1,12290,26.974802017211914,0.0020068720914423466,0.49117904901504517,0.9070484042167664,0,0
kodak,01.png,2030,9001,6.0,90.0,binary16,flowharq,1,8192,4096,2,16388,20.20928382873535,0.009529531002044678,0.5720726847648621,0.7851313948631287,1,0
kodak,02.png,2030,9001,6.0,90.0,binary16,flowharq,1,8192,4096,2,16388,21.926576614379883,0.006417150143533945,0.5347601175308228,0.8006276488304138,1,0
kodak,03.png,2030,9001,6.0,90.0,binary16,flowharq,0,4096,4096,1,12290,23.705751419067383,0.004260148387402296,0.4423219561576843,0.8374106287956238,1,1
kodak,04.png,2030,9001,6.0,90.0,binary16,flowharq,0,4096,4096,1,12290,27.46338653564453,0.0017933350754901767,0.5010784268379211,0.9036172032356262,0,0
kodak,05.png,2030,9001,6.0,90.0,ideal,direct,0,4096,4096,1,12290,14.68349838256836,0.03401340916752815,0.7396523952484131,0.40354645252227783,1,1
kodak,06.png,2030,9001,6.0,90.0,ideal,direct,0,4096,4096,1,12290,20.80796241760254,0.008302400819957256,0.6616424918174744,0.7341468930244446,1,1
kodak,07.png,2030,9001,6.0,90.0,ideal,direct,0,4096,4096,1,12290,20.73175621032715,0.008449368178844452,0.5647181272506714,0.7374970316886902,1,1
kodak,08.png,2030,9001,6.0,90.0,ideal,direct,0,4096,4096,1,12290,19.120338439941406,0.012245207093656063,0.4915044903755188,0.8269586563110352,1,1
kodak,05.png,2030,9001,6.0,90.0,ideal,full_harq,1,8192,4096,2,16388,18.08047103881836,0.015557967126369476,0.5304838418960571,0.7736814022064209,1,0
kodak,06.png,2030,9001,6.0,90.0,ideal,full_harq,1,8192,4096,2,16388,20.96003532409668,0.00801671389490366,0.6436426639556885,0.7518813610076904,1,0
kodak,07.png,2030,9001,6.0,90.0,ideal,full_harq,1,8192,4096,2,16388,22.084625244140625,0.006187818944454193,0.4646278917789459,0.8366855978965759,1,0
kodak,08.png,2030,9001,6.0,90.0,ideal,full_harq,1,8192,4096,2,16388,19.643043518066406,0.01085664238780737,0.4561467170715332,0.858656108379364,1,0
kodak,05.png,2030,9001,6.0,90.0,ideal,fm_only,0,4096,4096,1,12290,14.459278106689453,0.03581559658050537,0.7174562215805054,0.4014863073825836,1,1
kodak,06.png,2030,9001,6.0,90.0,ideal,fm_only,0,4096,4096,1,12290,20.95846176147461,0.00801962148398161,0.6666158437728882,0.7336535453796387,1,1
kodak,07.png,2030,9001,6.0,90.0,ideal,fm_only,0,4096,4096,1,12290,20.768199920654297,0.008378765545785427,0.5636546611785889,0.7368691563606262,1,1
kodak,08.png,2030,9001,6.0,90.0,ideal,fm_only,0,4096,4096,1,12290,19.154098510742188,0.012150389142334461,0.49331074953079224,0.8270379900932312,1,1
kodak,05.png,2030,9001,6.0,90.0,ideal,adaptive_harq,1,8192,4096,2,16388,18.08047103881836,0.015557967126369476,0.5304838418960571,0.7736814022064209,1,0
kodak,06.png,2030,9001,6.0,90.0,ideal,adaptive_harq,1,8192,4096,2,16388,20.96003532409668,0.00801671389490366,0.6436426639556885,0.7518813610076904,1,0
kodak,07.png,2030,9001,6.0,90.0,ideal,adaptive_harq,1,8192,4096,2,16388,22.084625244140625,0.006187818944454193,0.4646278917789459,0.8366855978965759,1,0
kodak,08.png,2030,9001,6.0,90.0,ideal,adaptive_harq,1,8192,4096,2,16388,19.643043518066406,0.01085664238780737,0.4561467170715332,0.858656108379364,1,0
kodak,05.png,2030,9001,6.0,90.0,ideal,flowharq,1,8192,4096,2,16388,18.08047103881836,0.015557967126369476,0.5304838418960571,0.7736814022064209,1,0
kodak,06.png,2030,9001,6.0,90.0,ideal,flowharq,1,8192,4096,2,16388,20.96003532409668,0.00801671389490366,0.6436426639556885,0.7518813610076904,1,0
kodak,07.png,2030,9001,6.0,90.0,ideal,flowharq,1,8192,4096,2,16388,22.084625244140625,0.006187818944454193,0.4646278917789459,0.8366855978965759,1,0
kodak,08.png,2030,9001,6.0,90.0,ideal,flowharq,1,8192,4096,2,16388,19.643043518066406,0.01085664238780737,0.4561467170715332,0.858656108379364,1,0
kodak,05.png,2030,9001,6.0,90.0,binary16,direct,0,4096,4096,1,12290,14.683511734008789,0.03401331230998039,0.7396495342254639,0.40354856848716736,1,1
kodak,06.png,2030,9001,6.0,90.0,binary16,direct,0,4096,4096,1,12290,20.807941436767578,0.00830244179815054,0.6616376042366028,0.7341461181640625,1,1
kodak,07.png,2030,9001,6.0,90.0,binary16,direct,0,4096,4096,1,12290,20.731807708740234,0.008449274115264416,0.5647161602973938,0.7374987602233887,1,1
kodak,08.png,2030,9001,6.0,90.0,binary16,direct,0,4096,4096,1,12290,19.12034034729004,0.012245203368365765,0.49150657653808594,0.8269582390785217,1,1
kodak,05.png,2030,9001,6.0,90.0,binary16,full_harq,1,8192,4096,2,16388,18.080461502075195,0.015558001585304737,0.530483067035675,0.7736813426017761,1,0
kodak,06.png,2030,9001,6.0,90.0,binary16,full_harq,1,8192,4096,2,16388,20.96002197265625,0.008016740903258324,0.6436414122581482,0.7518806457519531,1,0
kodak,07.png,2030,9001,6.0,90.0,binary16,full_harq,1,8192,4096,2,16388,22.084627151489258,0.006187812890857458,0.46462544798851013,0.8366848826408386,1,0
kodak,08.png,2030,9001,6.0,90.0,binary16,full_harq,1,8192,4096,2,16388,19.64303207397461,0.010856674052774906,0.45615074038505554,0.8586553931236267,1,0
kodak,05.png,2030,9001,6.0,90.0,binary16,fm_only,0,4096,4096,1,12290,14.459242820739746,0.03581589087843895,0.7174484729766846,0.4014854431152344,1,1
kodak,06.png,2030,9001,6.0,90.0,binary16,fm_only,0,4096,4096,1,12290,20.95844078063965,0.008019660599529743,0.6666126251220703,0.7336527705192566,1,1
kodak,07.png,2030,9001,6.0,90.0,binary16,fm_only,0,4096,4096,1,12290,20.76824378967285,0.008378678001463413,0.5636512637138367,0.736870527267456,1,1
kodak,08.png,2030,9001,6.0,90.0,binary16,fm_only,0,4096,4096,1,12290,19.154109954833984,0.012150355614721775,0.4933139681816101,0.8270375728607178,1,1
kodak,05.png,2030,9001,6.0,90.0,binary16,adaptive_harq,1,8192,4096,2,16388,18.080461502075195,0.015558001585304737,0.530483067035675,0.7736813426017761,1,0
kodak,06.png,2030,9001,6.0,90.0,binary16,adaptive_harq,1,8192,4096,2,16388,20.96002197265625,0.008016740903258324,0.6436414122581482,0.7518806457519531,1,0
kodak,07.png,2030,9001,6.0,90.0,binary16,adaptive_harq,1,8192,4096,2,16388,22.084627151489258,0.006187812890857458,0.46462544798851013,0.8366848826408386,1,0
kodak,08.png,2030,9001,6.0,90.0,binary16,adaptive_harq,1,8192,4096,2,16388,19.64303207397461,0.010856674052774906,0.45615074038505554,0.8586553931236267,1,0
kodak,05.png,2030,9001,6.0,90.0,binary16,flowharq,1,8192,4096,2,16388,18.080461502075195,0.015558001585304737,0.530483067035675,0.7736813426017761,1,0
kodak,06.png,2030,9001,6.0,90.0,binary16,flowharq,1,8192,4096,2,16388,20.96002197265625,0.008016740903258324,0.6436414122581482,0.7518806457519531,1,0
kodak,07.png,2030,9001,6.0,90.0,binary16,flowharq,1,8192,4096,2,16388,22.084627151489258,0.006187812890857458,0.46462544798851013,0.8366848826408386,1,0
kodak,08.png,2030,9001,6.0,90.0,binary16,flowharq,1,8192,4096,2,16388,19.64303207397461,0.010856674052774906,0.45615074038505554,0.8586553931236267,1,0
kodak,09.png,2030,9001,6.0,90.0,ideal,direct,0,4096,4096,1,12290,23.626304626464844,0.004338799510151148,0.38930225372314453,0.87687748670578,1,1
kodak,10.png,2030,9001,6.0,90.0,ideal,direct,0,4096,4096,1,12290,25.756799697875977,0.002656562253832817,0.6815800666809082,0.7825596928596497,0,0
kodak,11.png,2030,9001,6.0,90.0,ideal,direct,0,4096,4096,1,12290,19.788654327392578,0.010498677380383015,0.5303491353988647,0.8066515326499939,1,1
kodak,12.png,2030,9001,6.0,90.0,ideal,direct,0,4096,4096,1,12290,22.051427841186523,0.006235299166291952,0.5817803144454956,0.7661308646202087,1,1
kodak,09.png,2030,9001,6.0,90.0,ideal,full_harq,1,8192,4096,2,16388,23.77002716064453,0.004197562579065561,0.37715211510658264,0.883223295211792,1,0
kodak,10.png,2030,9001,6.0,90.0,ideal,full_harq,1,8192,4096,2,16388,27.634769439697266,0.0017239436274394393,0.5453424453735352,0.8766777515411377,0,0
kodak,11.png,2030,9001,6.0,90.0,ideal,full_harq,1,8192,4096,2,16388,20.04311752319336,0.009901209734380245,0.5212985277175903,0.8243792057037354,1,0
kodak,12.png,2030,9001,6.0,90.0,ideal,full_harq,1,8192,4096,2,16388,22.522764205932617,0.005594015121459961,0.5444986820220947,0.7918500900268555,1,0
kodak,09.png,2030,9001,6.0,90.0,ideal,fm_only,0,4096,4096,1,12290,23.670047760009766,0.0042953151278197765,0.39138948917388916,0.8762124180793762,1,1
kodak,10.png,2030,9001,6.0,90.0,ideal,fm_only,0,4096,4096,1,12290,25.803722381591797,0.002628014190122485,0.6940135955810547,0.7680189609527588,0,0
kodak,11.png,2030,9001,6.0,90.0,ideal,fm_only,0,4096,4096,1,12290,19.91387939453125,0.010200278833508492,0.5312958359718323,0.8053479790687561,1,1
kodak,12.png,2030,9001,6.0,90.0,ideal,fm_only,0,4096,4096,1,12290,22.182876586914062,0.006049398798495531,0.6092907786369324,0.7542695999145508,1,1
kodak,09.png,2030,9001,6.0,90.0,ideal,adaptive_harq,0,4096,4096,1,12290,23.626304626464844,0.004338799510151148,0.38930225372314453,0.87687748670578,1,1
kodak,10.png,2030,9001,6.0,90.0,ideal,adaptive_harq,0,4096,4096,1,12290,25.756799697875977,0.002656562253832817,0.6815800666809082,0.7825596928596497,0,0
kodak,11.png,2030,9001,6.0,90.0,ideal,adaptive_harq,1,8192,4096,2,16388,20.04311752319336,0.009901209734380245,0.5212985277175903,0.8243792057037354,1,0
kodak,12.png,2030,9001,6.0,90.0,ideal,adaptive_harq,1,8192,4096,2,16388,22.522764205932617,0.005594015121459961,0.5444986820220947,0.7918500900268555,1,0
kodak,09.png,2030,9001,6.0,90.0,ideal,flowharq,0,4096,4096,1,12290,23.670047760009766,0.0042953151278197765,0.39138948917388916,0.8762124180793762,1,1
kodak,10.png,2030,9001,6.0,90.0,ideal,flowharq,0,4096,4096,1,12290,25.803722381591797,0.002628014190122485,0.6940135955810547,0.7680189609527588,0,0
kodak,11.png,2030,9001,6.0,90.0,ideal,flowharq,1,8192,4096,2,16388,20.04311752319336,0.009901209734380245,0.5212985277175903,0.8243792057037354,1,0
kodak,12.png,2030,9001,6.0,90.0,ideal,flowharq,1,8192,4096,2,16388,22.522764205932617,0.005594015121459961,0.5444986820220947,0.7918500900268555,1,0
kodak,09.png,2030,9001,6.0,90.0,binary16,direct,0,4096,4096,1,12290,23.6263370513916,0.004338767845183611,0.38930147886276245,0.8768789768218994,1,1
kodak,10.png,2030,9001,6.0,90.0,binary16,direct,0,4096,4096,1,12290,25.756885528564453,0.002656509866937995,0.6815789341926575,0.7825610041618347,0,0
kodak,11.png,2030,9001,6.0,90.0,binary16,direct,0,4096,4096,1,12290,19.788631439208984,0.010498732328414917,0.5303468108177185,0.8066514134407043,1,1
kodak,12.png,2030,9001,6.0,90.0,binary16,direct,0,4096,4096,1,12290,22.051349639892578,0.006235411390662193,0.5817785859107971,0.7661239504814148,1,1
kodak,09.png,2030,9001,6.0,90.0,binary16,full_harq,1,8192,4096,2,16388,23.770065307617188,0.004197527188807726,0.37715205550193787,0.8832243084907532,1,0
kodak,10.png,2030,9001,6.0,90.0,binary16,full_harq,1,8192,4096,2,16388,27.634775161743164,0.0017239409498870373,0.5453432202339172,0.876677930355072,0,0
kodak,11.png,2030,9001,6.0,90.0,binary16,full_harq,1,8192,4096,2,16388,20.043088912963867,0.00990127120167017,0.521297037601471,0.8243793845176697,1,0
kodak,12.png,2030,9001,6.0,90.0,binary16,full_harq,1,8192,4096,2,16388,22.522750854492188,0.005594033282250166,0.5444917678833008,0.7918455600738525,1,0
kodak,09.png,2030,9001,6.0,90.0,binary16,fm_only,0,4096,4096,1,12290,23.670085906982422,0.0042952788062393665,0.3913891911506653,0.8762140870094299,1,1
kodak,10.png,2030,9001,6.0,90.0,binary16,fm_only,0,4096,4096,1,12290,25.80381202697754,0.002627961104735732,0.6940133571624756,0.7680205702781677,0,0
kodak,11.png,2030,9001,6.0,90.0,binary16,fm_only,0,4096,4096,1,12290,19.913850784301758,0.010200345888733864,0.5312944054603577,0.8053476810455322,1,1
kodak,12.png,2030,9001,6.0,90.0,binary16,fm_only,0,4096,4096,1,12290,22.182788848876953,0.00604952173307538,0.6092913150787354,0.754261314868927,1,1
kodak,09.png,2030,9001,6.0,90.0,binary16,adaptive_harq,0,4096,4096,1,12290,23.6263370513916,0.004338767845183611,0.38930147886276245,0.8768789768218994,1,1
kodak,10.png,2030,9001,6.0,90.0,binary16,adaptive_harq,0,4096,4096,1,12290,25.756885528564453,0.002656509866937995,0.6815789341926575,0.7825610041618347,0,0
kodak,11.png,2030,9001,6.0,90.0,binary16,adaptive_harq,1,8192,4096,2,16388,20.043088912963867,0.00990127120167017,0.521297037601471,0.8243793845176697,1,0
kodak,12.png,2030,9001,6.0,90.0,binary16,adaptive_harq,1,8192,4096,2,16388,22.522750854492188,0.005594033282250166,0.5444917678833008,0.7918455600738525,1,0
kodak,09.png,2030,9001,6.0,90.0,binary16,flowharq,0,4096,4096,1,12290,23.670085906982422,0.0042952788062393665,0.3913891911506653,0.8762140870094299,1,1
kodak,10.png,2030,9001,6.0,90.0,binary16,flowharq,0,4096,4096,1,12290,25.80381202697754,0.002627961104735732,0.6940133571624756,0.7680205702781677,0,0
kodak,11.png,2030,9001,6.0,90.0,binary16,flowharq,1,8192,4096,2,16388,20.043088912963867,0.00990127120167017,0.521297037601471,0.8243793845176697,1,0
kodak,12.png,2030,9001,6.0,90.0,binary16,flowharq,1,8192,4096,2,16388,22.522750854492188,0.005594033282250166,0.5444917678833008,0.7918455600738525,1,0
kodak,13.png,2030,9001,6.0,90.0,ideal,direct,0,4096,4096,1,12290,18.773881912231445,0.013262084685266018,0.8207550644874573,0.6214022040367126,1,1
kodak,14.png,2030,9001,6.0,90.0,ideal,direct,0,4096,4096,1,12290,19.45429039001465,0.011338899843394756,0.518848180770874,0.7846680283546448,1,1
kodak,15.png,2030,9001,6.0,90.0,ideal,direct,0,4096,4096,1,12290,22.492740631103516,0.005632822867482901,0.5359960794448853,0.8307526707649231,1,1
kodak,16.png,2030,9001,6.0,90.0,ideal,direct,0,4096,4096,1,12290,24.580272674560547,0.0034831538796424866,0.5661399960517883,0.8494183421134949,0,0
kodak,13.png,2030,9001,6.0,90.0,ideal,full_harq,1,8192,4096,2,16388,19.811817169189453,0.010442831553518772,0.7468703389167786,0.7358675599098206,1,0
kodak,14.png,2030,9001,6.0,90.0,ideal,full_harq,1,8192,4096,2,16388,19.619556427001953,0.01091551873832941,0.5041379332542419,0.8014047741889954,1,0
kodak,15.png,2030,9001,6.0,90.0,ideal,full_harq,1,8192,4096,2,16388,22.98973846435547,0.005023729056119919,0.48338764905929565,0.8609301447868347,1,0
kodak,16.png,2030,9001,6.0,90.0,ideal,full_harq,1,8192,4096,2,16388,24.72201156616211,0.0033713122829794884,0.5553194880485535,0.8586440086364746,0,0
kodak,13.png,2030,9001,6.0,90.0,ideal,fm_only,0,4096,4096,1,12290,18.830739974975586,0.013089590705931187,0.8286479115486145,0.6144036650657654,1,1
kodak,14.png,2030,9001,6.0,90.0,ideal,fm_only,0,4096,4096,1,12290,19.5782413482666,0.011019854806363583,0.5207594633102417,0.7851625084877014,1,1
kodak,15.png,2030,9001,6.0,90.0,ideal,fm_only,0,4096,4096,1,12290,22.73049545288086,0.005332740023732185,0.5399032235145569,0.8279640078544617,1,1
kodak,16.png,2030,9001,6.0,90.0,ideal,fm_only,0,4096,4096,1,12290,24.69475746154785,0.0033925350289791822,0.5703662633895874,0.8498584628105164,0,0
kodak,13.png,2030,9001,6.0,90.0,ideal,adaptive_harq,1,8192,4096,2,16388,19.811817169189453,0.010442831553518772,0.7468703389167786,0.7358675599098206,1,0
kodak,14.png,2030,9001,6.0,90.0,ideal,adaptive_harq,1,8192,4096,2,16388,19.619556427001953,0.01091551873832941,0.5041379332542419,0.8014047741889954,1,0
kodak,15.png,2030,9001,6.0,90.0,ideal,adaptive_harq,1,8192,4096,2,16388,22.98973846435547,0.005023729056119919,0.48338764905929565,0.8609301447868347,1,0
kodak,16.png,2030,9001,6.0,90.0,ideal,adaptive_harq,0,4096,4096,1,12290,24.580272674560547,0.0034831538796424866,0.5661399960517883,0.8494183421134949,0,0
kodak,13.png,2030,9001,6.0,90.0,ideal,flowharq,1,8192,4096,2,16388,19.811817169189453,0.010442831553518772,0.7468703389167786,0.7358675599098206,1,0
kodak,14.png,2030,9001,6.0,90.0,ideal,flowharq,1,8192,4096,2,16388,19.619556427001953,0.01091551873832941,0.5041379332542419,0.8014047741889954,1,0
kodak,15.png,2030,9001,6.0,90.0,ideal,flowharq,1,8192,4096,2,16388,22.98973846435547,0.005023729056119919,0.48338764905929565,0.8609301447868347,1,0
kodak,16.png,2030,9001,6.0,90.0,ideal,flowharq,0,4096,4096,1,12290,24.69475746154785,0.0033925350289791822,0.5703662633895874,0.8498584628105164,0,0
kodak,13.png,2030,9001,6.0,90.0,binary16,direct,0,4096,4096,1,12290,18.773914337158203,0.013261985033750534,0.8207614421844482,0.6214005947113037,1,1
kodak,14.png,2030,9001,6.0,90.0,binary16,direct,0,4096,4096,1,12290,19.454299926757812,0.011338877491652966,0.5188453197479248,0.78466796875,1,1
kodak,15.png,2030,9001,6.0,90.0,binary16,direct,0,4096,4096,1,12290,22.492748260498047,0.005632811691612005,0.5360002517700195,0.8307521343231201,1,1
kodak,16.png,2030,9001,6.0,90.0,binary16,direct,0,4096,4096,1,12290,24.580230712890625,0.0034831890370696783,0.5661389827728271,0.8494170308113098,0,0
kodak,13.png,2030,9001,6.0,90.0,binary16,full_harq,1,8192,4096,2,16388,19.811819076538086,0.010442825965583324,0.7468745708465576,0.735865592956543,1,0
kodak,14.png,2030,9001,6.0,90.0,binary16,full_harq,1,8192,4096,2,16388,19.619565963745117,0.01091549452394247,0.504135251045227,0.8014047741889954,1,0
kodak,15.png,2030,9001,6.0,90.0,binary16,full_harq,1,8192,4096,2,16388,22.989809036254883,0.005023646634072065,0.48338401317596436,0.8609304428100586,1,0
kodak,16.png,2030,9001,6.0,90.0,binary16,full_harq,1,8192,4096,2,16388,24.72196388244629,0.0033713476732373238,0.5553192496299744,0.8586423397064209,0,0
kodak,13.png,2030,9001,6.0,90.0,binary16,fm_only,0,4096,4096,1,12290,18.83075523376465,0.013089546002447605,0.8286605477333069,0.6143990159034729,1,1
kodak,14.png,2030,9001,6.0,90.0,binary16,fm_only,0,4096,4096,1,12290,19.578237533569336,0.011019863188266754,0.5207576155662537,0.785162627696991,1,1
kodak,15.png,2030,9001,6.0,90.0,binary16,fm_only,0,4096,4096,1,12290,22.730480194091797,0.00533276004716754,0.539907693862915,0.8279633522033691,1,1
kodak,16.png,2030,9001,6.0,90.0,binary16,fm_only,0,4096,4096,1,12290,24.694717407226562,0.003392565995454788,0.5703657865524292,0.8498575687408447,0,0
kodak,13.png,2030,9001,6.0,90.0,binary16,adaptive_harq,1,8192,4096,2,16388,19.811819076538086,0.010442825965583324,0.7468745708465576,0.735865592956543,1,0
kodak,14.png,2030,9001,6.0,90.0,binary16,adaptive_harq,1,8192,4096,2,16388,19.619565963745117,0.01091549452394247,0.504135251045227,0.8014047741889954,1,0
kodak,15.png,2030,9001,6.0,90.0,binary16,adaptive_harq,1,8192,4096,2,16388,22.989809036254883,0.005023646634072065,0.48338401317596436,0.8609304428100586,1,0
kodak,16.png,2030,9001,6.0,90.0,binary16,adaptive_harq,0,4096,4096,1,12290,24.580230712890625,0.0034831890370696783,0.5661389827728271,0.8494170308113098,0,0
kodak,13.png,2030,9001,6.0,90.0,binary16,flowharq,1,8192,4096,2,16388,19.811819076538086,0.010442825965583324,0.7468745708465576,0.735865592956543,1,0
kodak,14.png,2030,9001,6.0,90.0,binary16,flowharq,1,8192,4096,2,16388,19.619565963745117,0.01091549452394247,0.504135251045227,0.8014047741889954,1,0
kodak,15.png,2030,9001,6.0,90.0,binary16,flowharq,1,8192,4096,2,16388,22.989809036254883,0.005023646634072065,0.48338401317596436,0.8609304428100586,1,0
kodak,16.png,2030,9001,6.0,90.0,binary16,flowharq,0,4096,4096,1,12290,24.694717407226562,0.003392565995454788,0.5703657865524292,0.8498575687408447,0,0
kodak,17.png,2030,9001,6.0,90.0,ideal,direct,0,4096,4096,1,12290,20.741981506347656,0.00842950027436018,0.7145738005638123,0.5492508411407471,1,1
kodak,18.png,2030,9001,6.0,90.0,ideal,direct,0,4096,4096,1,12290,19.997983932495117,0.010004641488194466,0.535282552242279,0.8179827332496643,1,1
kodak,19.png,2030,9001,6.0,90.0,ideal,direct,0,4096,4096,1,12290,19.93021583557129,0.010161981917917728,0.6903187036514282,0.7158942222595215,1,1
kodak,20.png,2030,9001,6.0,90.0,ideal,direct,0,4096,4096,1,12290,23.043087005615234,0.004962394014000893,0.31701359152793884,0.9120388031005859,1,1
kodak,17.png,2030,9001,6.0,90.0,ideal,full_harq,1,8192,4096,2,16388,25.643531799316406,0.002726758597418666,0.5074418783187866,0.8953220248222351,0,0
kodak,18.png,2030,9001,6.0,90.0,ideal,full_harq,1,8192,4096,2,16388,20.016372680664062,0.009962373413145542,0.5354495048522949,0.8201820850372314,1,0
kodak,19.png,2030,9001,6.0,90.0,ideal,full_harq,1,8192,4096,2,16388,20.44048309326172,0.009035490453243256,0.6238882541656494,0.766162633895874,1,0
kodak,20.png,2030,9001,6.0,90.0,ideal,full_harq,1,8192,4096,2,16388,23.42211151123047,0.0045476690866053104,0.3067777752876282,0.9229523539543152,1,0
kodak,17.png,2030,9001,6.0,90.0,ideal,fm_only,0,4096,4096,1,12290,20.572479248046875,0.008765005506575108,0.7061877846717834,0.5488101840019226,1,1
kodak,18.png,2030,9001,6.0,90.0,ideal,fm_only,0,4096,4096,1,12290,20.053903579711914,0.009876647964119911,0.534511387348175,0.8176388740539551,1,1
kodak,19.png,2030,9001,6.0,90.0,ideal,fm_only,0,4096,4096,1,12290,19.78482437133789,0.01050794031471014,0.6900309920310974,0.7087971568107605,1,1
kodak,20.png,2030,9001,6.0,90.0,ideal,fm_only,0,4096,4096,1,12290,23.059566497802734,0.00494360039010644,0.3161783516407013,0.9120714068412781,1,1
kodak,17.png,2030,9001,6.0,90.0,ideal,adaptive_harq,1,8192,4096,2,16388,25.643531799316406,0.002726758597418666,0.5074418783187866,0.8953220248222351,0,0
kodak,18.png,2030,9001,6.0,90.0,ideal,adaptive_harq,1,8192,4096,2,16388,20.016372680664062,0.009962373413145542,0.5354495048522949,0.8201820850372314,1,0
kodak,19.png,2030,9001,6.0,90.0,ideal,adaptive_harq,1,8192,4096,2,16388,20.44048309326172,0.009035490453243256,0.6238882541656494,0.766162633895874,1,0
kodak,20.png,2030,9001,6.0,90.0,ideal,adaptive_harq,1,8192,4096,2,16388,23.42211151123047,0.0045476690866053104,0.3067777752876282,0.9229523539543152,1,0
kodak,17.png,2030,9001,6.0,90.0,ideal,flowharq,1,8192,4096,2,16388,25.643531799316406,0.002726758597418666,0.5074418783187866,0.8953220248222351,0,0
kodak,18.png,2030,9001,6.0,90.0,ideal,flowharq,1,8192,4096,2,16388,20.016372680664062,0.009962373413145542,0.5354495048522949,0.8201820850372314,1,0
kodak,19.png,2030,9001,6.0,90.0,ideal,flowharq,1,8192,4096,2,16388,20.44048309326172,0.009035490453243256,0.6238882541656494,0.766162633895874,1,0
kodak,20.png,2030,9001,6.0,90.0,ideal,flowharq,1,8192,4096,2,16388,23.42211151123047,0.0045476690866053104,0.3067777752876282,0.9229523539543152,1,0
kodak,17.png,2030,9001,6.0,90.0,binary16,direct,0,4096,4096,1,12290,20.742053985595703,0.008429360575973988,0.7145674824714661,0.5492563843727112,1,1
kodak,18.png,2030,9001,6.0,90.0,binary16,direct,0,4096,4096,1,12290,19.997957229614258,0.010004702024161816,0.5352801084518433,0.8179811835289001,1,1
kodak,19.png,2030,9001,6.0,90.0,binary16,direct,0,4096,4096,1,12290,19.930187225341797,0.01016205083578825,0.6903199553489685,0.7158944010734558,1,1
kodak,20.png,2030,9001,6.0,90.0,binary16,direct,0,4096,4096,1,12290,23.04314422607422,0.004962329752743244,0.31701546907424927,0.9120375514030457,1,1
kodak,17.png,2030,9001,6.0,90.0,binary16,full_harq,1,8192,4096,2,16388,25.643503189086914,0.002726777223870158,0.5074498057365417,0.8953222632408142,0,0
kodak,18.png,2030,9001,6.0,90.0,binary16,full_harq,1,8192,4096,2,16388,20.016328811645508,0.009962469339370728,0.5354464650154114,0.8201804757118225,1,0
kodak,19.png,2030,9001,6.0,90.0,binary16,full_harq,1,8192,4096,2,16388,20.440494537353516,0.00903546717017889,0.6238909959793091,0.7661633491516113,1,0
kodak,20.png,2030,9001,6.0,90.0,binary16,full_harq,1,8192,4096,2,16388,23.422136306762695,0.004547642078250647,0.3067814111709595,0.9229512810707092,1,0
kodak,17.png,2030,9001,6.0,90.0,binary16,fm_only,0,4096,4096,1,12290,20.5726261138916,0.008764703758060932,0.7061962485313416,0.5488212704658508,1,1
kodak,18.png,2030,9001,6.0,90.0,binary16,fm_only,0,4096,4096,1,12290,20.053878784179688,0.009876709431409836,0.5345109701156616,0.8176372647285461,1,1
kodak,19.png,2030,9001,6.0,90.0,binary16,fm_only,0,4096,4096,1,12290,19.78478240966797,0.010508038103580475,0.690032422542572,0.708797037601471,1,1
kodak,20.png,2030,9001,6.0,90.0,binary16,fm_only,0,4096,4096,1,12290,23.059608459472656,0.004943551030009985,0.31618037819862366,0.9120707511901855,1,1
kodak,17.png,2030,9001,6.0,90.0,binary16,adaptive_harq,1,8192,4096,2,16388,25.643503189086914,0.002726777223870158,0.5074498057365417,0.8953222632408142,0,0
kodak,18.png,2030,9001,6.0,90.0,binary16,adaptive_harq,1,8192,4096,2,16388,20.016328811645508,0.009962469339370728,0.5354464650154114,0.8201804757118225,1,0
kodak,19.png,2030,9001,6.0,90.0,binary16,adaptive_harq,1,8192,4096,2,16388,20.440494537353516,0.00903546717017889,0.6238909959793091,0.7661633491516113,1,0
kodak,20.png,2030,9001,6.0,90.0,binary16,adaptive_harq,1,8192,4096,2,16388,23.422136306762695,0.004547642078250647,0.3067814111709595,0.9229512810707092,1,0
kodak,17.png,2030,9001,6.0,90.0,binary16,flowharq,1,8192,4096,2,16388,25.643503189086914,0.002726777223870158,0.5074498057365417,0.8953222632408142,0,0
kodak,18.png,2030,9001,6.0,90.0,binary16,flowharq,1,8192,4096,2,16388,20.016328811645508,0.009962469339370728,0.5354464650154114,0.8201804757118225,1,0
kodak,19.png,2030,9001,6.0,90.0,binary16,flowharq,1,8192,4096,2,16388,20.440494537353516,0.00903546717017889,0.6238909959793091,0.7661633491516113,1,0
kodak,20.png,2030,9001,6.0,90.0,binary16,flowharq,1,8192,4096,2,16388,23.422136306762695,0.004547642078250647,0.3067814111709595,0.9229512810707092,1,0
kodak,21.png,2030,9001,6.0,90.0,ideal,direct,0,4096,4096,1,12290,18.908279418945312,0.012857961468398571,0.6336624026298523,0.6611002683639526,1,1
kodak,22.png,2030,9001,6.0,90.0,ideal,direct,0,4096,4096,1,12290,21.33370590209961,0.007355791982263327,0.5638245940208435,0.7945680618286133,1,1
kodak,23.png,2030,9001,6.0,90.0,ideal,direct,0,4096,4096,1,12290,23.835725784301758,0.004134542774409056,0.3056420683860779,0.9055563807487488,1,1
kodak,24.png,2030,9001,6.0,90.0,ideal,direct,0,4096,4096,1,12290,23.579212188720703,0.004386104643344879,0.5868102312088013,0.8607212901115417,1,1
kodak,21.png,2030,9001,6.0,90.0,ideal,full_harq,1,8192,4096,2,16388,21.351390838623047,0.0073259007185697556,0.4950180649757385,0.8438858985900879,1,0
kodak,22.png,2030,9001,6.0,90.0,ideal,full_harq,1,8192,4096,2,16388,21.391151428222656,0.007259134668856859,0.5656967163085938,0.7989716529846191,1,0
kodak,23.png,2030,9001,6.0,90.0,ideal,full_harq,1,8192,4096,2,16388,23.86705780029297,0.004104821011424065,0.3035322427749634,0.9067372679710388,1,0
kodak,24.png,2030,9001,6.0,90.0,ideal,full_harq,1,8192,4096,2,16388,23.686010360717773,0.004279559012502432,0.5787734985351562,0.8691432476043701,1,0
kodak,21.png,2030,9001,6.0,90.0,ideal,fm_only,0,4096,4096,1,12290,18.72471046447754,0.013413090258836746,0.6447374224662781,0.6510503888130188,1,1
kodak,22.png,2030,9001,6.0,90.0,ideal,fm_only,0,4096,4096,1,12290,21.45782470703125,0.00714854197576642,0.5657042860984802,0.7931556701660156,1,1
kodak,23.png,2030,9001,6.0,90.0,ideal,fm_only,0,4096,4096,1,12290,24.084735870361328,0.0039041510317474604,0.3069256544113159,0.905728816986084,0,0
kodak,24.png,2030,9001,6.0,90.0,ideal,fm_only,0,4096,4096,1,12290,23.71147346496582,0.004254539031535387,0.5914360284805298,0.8594134449958801,1,1
kodak,21.png,2030,9001,6.0,90.0,ideal,adaptive_harq,1,8192,4096,2,16388,21.351390838623047,0.0073259007185697556,0.4950180649757385,0.8438858985900879,1,0
kodak,22.png,2030,9001,6.0,90.0,ideal,adaptive_harq,1,8192,4096,2,16388,21.391151428222656,0.007259134668856859,0.5656967163085938,0.7989716529846191,1,0
kodak,23.png,2030,9001,6.0,90.0,ideal,adaptive_harq,0,4096,4096,1,12290,23.835725784301758,0.004134542774409056,0.3056420683860779,0.9055563807487488,1,1
kodak,24.png,2030,9001,6.0,90.0,ideal,adaptive_harq,0,4096,4096,1,12290,23.579212188720703,0.004386104643344879,0.5868102312088013,0.8607212901115417,1,1
kodak,21.png,2030,9001,6.0,90.0,ideal,flowharq,1,8192,4096,2,16388,21.351390838623047,0.0073259007185697556,0.4950180649757385,0.8438858985900879,1,0
kodak,22.png,2030,9001,6.0,90.0,ideal,flowharq,1,8192,4096,2,16388,21.391151428222656,0.007259134668856859,0.5656967163085938,0.7989716529846191,1,0
kodak,23.png,2030,9001,6.0,90.0,ideal,flowharq,0,4096,4096,1,12290,24.084735870361328,0.0039041510317474604,0.3069256544113159,0.905728816986084,0,0
kodak,24.png,2030,9001,6.0,90.0,ideal,flowharq,0,4096,4096,1,12290,23.71147346496582,0.004254539031535387,0.5914360284805298,0.8594134449958801,1,1
kodak,21.png,2030,9001,6.0,90.0,binary16,direct,0,4096,4096,1,12290,18.90828514099121,0.012857942841947079,0.6336606740951538,0.6610998511314392,1,1
kodak,22.png,2030,9001,6.0,90.0,binary16,direct,0,4096,4096,1,12290,21.333711624145508,0.007355781737715006,0.5638229846954346,0.7945671081542969,1,1
kodak,23.png,2030,9001,6.0,90.0,binary16,direct,0,4096,4096,1,12290,23.835735321044922,0.004134533926844597,0.3056413233280182,0.9055549502372742,1,1
kodak,24.png,2030,9001,6.0,90.0,binary16,direct,0,4096,4096,1,12290,23.579225540161133,0.004386089742183685,0.5868123769760132,0.8607223033905029,1,1
kodak,21.png,2030,9001,6.0,90.0,binary16,full_harq,1,8192,4096,2,16388,21.351398468017578,0.0073258844204247,0.49501490592956543,0.8438863158226013,1,0
kodak,22.png,2030,9001,6.0,90.0,binary16,full_harq,1,8192,4096,2,16388,21.391155242919922,0.0072591290809214115,0.5656970143318176,0.7989712357521057,1,0
kodak,23.png,2030,9001,6.0,90.0,binary16,full_harq,1,8192,4096,2,16388,23.86707305908203,0.004104807507246733,0.30352991819381714,0.906736433506012,1,0
kodak,24.png,2030,9001,6.0,90.0,binary16,full_harq,1,8192,4096,2,16388,23.686010360717773,0.004279557149857283,0.5787760019302368,0.8691430687904358,1,0
kodak,21.png,2030,9001,6.0,90.0,binary16,fm_only,0,4096,4096,1,12290,18.72470474243164,0.01341311540454626,0.6447375416755676,0.6510489583015442,1,1
kodak,22.png,2030,9001,6.0,90.0,binary16,fm_only,0,4096,4096,1,12290,21.457834243774414,0.0071485270746052265,0.5657044053077698,0.7931548953056335,1,1
kodak,23.png,2030,9001,6.0,90.0,binary16,fm_only,0,4096,4096,1,12290,24.084747314453125,0.0039041389245539904,0.306924432516098,0.9057279229164124,0,0
kodak,24.png,2030,9001,6.0,90.0,binary16,fm_only,0,4096,4096,1,12290,23.711505889892578,0.004254509229212999,0.5914375185966492,0.8594141602516174,1,1
kodak,21.png,2030,9001,6.0,90.0,binary16,adaptive_harq,1,8192,4096,2,16388,21.351398468017578,0.0073258844204247,0.49501490592956543,0.8438863158226013,1,0
kodak,22.png,2030,9001,6.0,90.0,binary16,adaptive_harq,1,8192,4096,2,16388,21.391155242919922,0.0072591290809214115,0.5656970143318176,0.7989712357521057,1,0
kodak,23.png,2030,9001,6.0,90.0,binary16,adaptive_harq,0,4096,4096,1,12290,23.835735321044922,0.004134533926844597,0.3056413233280182,0.9055549502372742,1,1
kodak,24.png,2030,9001,6.0,90.0,binary16,adaptive_harq,0,4096,4096,1,12290,23.579225540161133,0.004386089742183685,0.5868123769760132,0.8607223033905029,1,1
kodak,21.png,2030,9001,6.0,90.0,binary16,flowharq,1,8192,4096,2,16388,21.351398468017578,0.0073258844204247,0.49501490592956543,0.8438863158226013,1,0
kodak,22.png,2030,9001,6.0,90.0,binary16,flowharq,1,8192,4096,2,16388,21.391155242919922,0.0072591290809214115,0.5656970143318176,0.7989712357521057,1,0
kodak,23.png,2030,9001,6.0,90.0,binary16,flowharq,0,4096,4096,1,12290,24.084747314453125,0.0039041389245539904,0.306924432516098,0.9057279229164124,0,0
kodak,24.png,2030,9001,6.0,90.0,binary16,flowharq,0,4096,4096,1,12290,23.711505889892578,0.004254509229212999,0.5914375185966492,0.8594141602516174,1,1
kodak,01.png,2030,9001,6.0,120.0,ideal,direct,0,4096,4096,1,12290,18.012821197509766,0.015802213922142982,0.750637948513031,0.5076661705970764,1,1
kodak,02.png,2030,9001,6.0,120.0,ideal,direct,0,4096,4096,1,12290,21.89140510559082,0.00646933214738965,0.5610867738723755,0.7549712061882019,1,1
kodak,03.png,2030,9001,6.0,120.0,ideal,direct,0,4096,4096,1,12290,23.094226837158203,0.004904302302747965,0.41224753856658936,0.8434628844261169,1,1
kodak,04.png,2030,9001,6.0,120.0,ideal,direct,0,4096,4096,1,12290,26.791780471801758,0.0020932541228830814,0.4720363914966583,0.9026727676391602,0,0
kodak,01.png,2030,9001,6.0,120.0,ideal,full_harq,1,8192,4096,2,16388,19.834514617919922,0.010388395749032497,0.6051755547523499,0.7450689673423767,1,0
kodak,02.png,2030,9001,6.0,120.0,ideal,full_harq,1,8192,4096,2,16388,22.051258087158203,0.0062355403788387775,0.5088788866996765,0.8213151097297668,1,0
kodak,03.png,2030,9001,6.0,120.0,ideal,full_harq,1,8192,4096,2,16388,23.319997787475586,0.0046558622270822525,0.3928143084049225,0.8644198775291443,1,0
kodak,04.png,2030,9001,6.0,120.0,ideal,full_harq,1,8192,4096,2,16388,26.827075958251953,0.002076311269775033,0.474894642829895,0.9039672017097473,0,0
kodak,01.png,2030,9001,6.0,120.0,ideal,fm_only,0,4096,4096,1,12290,17.913536071777344,0.01616763323545456,0.7647470831871033,0.486721009016037,1,1
kodak,02.png,2030,9001,6.0,120.0,ideal,fm_only,0,4096,4096,1,12290,22.545547485351562,0.005564745049923658,0.5686399340629578,0.7531372904777527,1,1
kodak,03.png,2030,9001,6.0,120.0,ideal,fm_only,0,4096,4096,1,12290,23.73103141784668,0.00423542270436883,0.41099539399147034,0.847947895526886,1,1
kodak,04.png,2030,9001,6.0,120.0,ideal,fm_only,0,4096,4096,1,12290,27.489639282226562,0.0017825276590883732,0.47604772448539734,0.9004709720611572,0,0
kodak,01.png,2030,9001,6.0,120.0,ideal,adaptive_harq,1,8192,4096,2,16388,19.834514617919922,0.010388395749032497,0.6051755547523499,0.7450689673423767,1,0
kodak,02.png,2030,9001,6.0,120.0,ideal,adaptive_harq,1,8192,4096,2,16388,22.051258087158203,0.0062355403788387775,0.5088788866996765,0.8213151097297668,1,0
kodak,03.png,2030,9001,6.0,120.0,ideal,adaptive_harq,0,4096,4096,1,12290,23.094226837158203,0.004904302302747965,0.41224753856658936,0.8434628844261169,1,1
kodak,04.png,2030,9001,6.0,120.0,ideal,adaptive_harq,0,4096,4096,1,12290,26.791780471801758,0.0020932541228830814,0.4720363914966583,0.9026727676391602,0,0
kodak,01.png,2030,9001,6.0,120.0,ideal,flowharq,1,8192,4096,2,16388,19.834514617919922,0.010388395749032497,0.6051755547523499,0.7450689673423767,1,0
kodak,02.png,2030,9001,6.0,120.0,ideal,flowharq,1,8192,4096,2,16388,22.051258087158203,0.0062355403788387775,0.5088788866996765,0.8213151097297668,1,0
kodak,03.png,2030,9001,6.0,120.0,ideal,flowharq,0,4096,4096,1,12290,23.73103141784668,0.00423542270436883,0.41099539399147034,0.847947895526886,1,1
kodak,04.png,2030,9001,6.0,120.0,ideal,flowharq,0,4096,4096,1,12290,27.489639282226562,0.0017825276590883732,0.47604772448539734,0.9004709720611572,0,0
kodak,01.png,2030,9001,6.0,120.0,binary16,direct,0,4096,4096,1,12290,18.012834548950195,0.015802161768078804,0.7506394982337952,0.50766521692276,1,1
kodak,02.png,2030,9001,6.0,120.0,binary16,direct,0,4096,4096,1,12290,21.89142417907715,0.006469303742051125,0.5610812306404114,0.7549751400947571,1,1
kodak,03.png,2030,9001,6.0,120.0,binary16,direct,0,4096,4096,1,12290,23.094242095947266,0.004904286004602909,0.41225019097328186,0.8434693813323975,1,1
kodak,04.png,2030,9001,6.0,120.0,binary16,direct,0,4096,4096,1,12290,26.79172706604004,0.002093279967084527,0.4720349609851837,0.9026716351509094,0,0
kodak,01.png,2030,9001,6.0,120.0,binary16,full_harq,1,8192,4096,2,16388,19.834583282470703,0.010388233698904514,0.6051719784736633,0.7450715899467468,1,0
kodak,02.png,2030,9001,6.0,120.0,binary16,full_harq,1,8192,4096,2,16388,22.05122947692871,0.0062355827540159225,0.508876383304596,0.8213149905204773,1,0
kodak,03.png,2030,9001,6.0,120.0,binary16,full_harq,1,8192,4096,2,16388,23.319950103759766,0.004655915312469006,0.39281851053237915,0.8644230961799622,1,0
kodak,04.png,2030,9001,6.0,120.0,binary16,full_harq,1,8192,4096,2,16388,26.827030181884766,0.002076332690194249,0.4748939573764801,0.9039666652679443,0,0
kodak,01.png,2030,9001,6.0,120.0,binary16,fm_only,0,4096,4096,1,12290,17.913515090942383,0.01616770774126053,0.7647484540939331,0.48671671748161316,1,1
kodak,02.png,2030,9001,6.0,120.0,binary16,fm_only,0,4096,4096,1,12290,22.545547485351562,0.0055647436529397964,0.5686381459236145,0.7531409859657288,1,1
kodak,03.png,2030,9001,6.0,120.0,binary16,fm_only,0,4096,4096,1,12290,23.731056213378906,0.004235400352627039,0.41099780797958374,0.8479532599449158,1,1
kodak,04.png,2030,9001,6.0,120.0,binary16,fm_only,0,4096,4096,1,12290,27.489681243896484,0.0017825093818828464,0.4760447144508362,0.9004702568054199,0,0
kodak,01.png,2030,9001,6.0,120.0,binary16,adaptive_harq,1,8192,4096,2,16388,19.834583282470703,0.010388233698904514,0.6051719784736633,0.7450715899467468,1,0
kodak,02.png,2030,9001,6.0,120.0,binary16,adaptive_harq,1,8192,4096,2,16388,22.05122947692871,0.0062355827540159225,0.508876383304596,0.8213149905204773,1,0
kodak,03.png,2030,9001,6.0,120.0,binary16,adaptive_harq,0,4096,4096,1,12290,23.094242095947266,0.004904286004602909,0.41225019097328186,0.8434693813323975,1,1
kodak,04.png,2030,9001,6.0,120.0,binary16,adaptive_harq,0,4096,4096,1,12290,26.79172706604004,0.002093279967084527,0.4720349609851837,0.9026716351509094,0,0
kodak,01.png,2030,9001,6.0,120.0,binary16,flowharq,1,8192,4096,2,16388,19.834583282470703,0.010388233698904514,0.6051719784736633,0.7450715899467468,1,0
kodak,02.png,2030,9001,6.0,120.0,binary16,flowharq,1,8192,4096,2,16388,22.05122947692871,0.0062355827540159225,0.508876383304596,0.8213149905204773,1,0
kodak,03.png,2030,9001,6.0,120.0,binary16,flowharq,0,4096,4096,1,12290,23.731056213378906,0.004235400352627039,0.41099780797958374,0.8479532599449158,1,1
kodak,04.png,2030,9001,6.0,120.0,binary16,flowharq,0,4096,4096,1,12290,27.489681243896484,0.0017825093818828464,0.4760447144508362,0.9004702568054199,0,0
kodak,05.png,2030,9001,6.0,120.0,ideal,direct,0,4096,4096,1,12290,17.135900497436523,0.019337929785251617,0.5736463665962219,0.6868176460266113,1,1
kodak,06.png,2030,9001,6.0,120.0,ideal,direct,0,4096,4096,1,12290,20.724533081054688,0.008463437668979168,0.6679977178573608,0.7230165600776672,1,1
kodak,07.png,2030,9001,6.0,120.0,ideal,direct,0,4096,4096,1,12290,21.518404006958008,0.007049519568681717,0.4963569641113281,0.8065689206123352,1,1
kodak,08.png,2030,9001,6.0,120.0,ideal,direct,0,4096,4096,1,12290,19.347761154174805,0.011620476841926575,0.4757649302482605,0.8379337191581726,1,1
kodak,05.png,2030,9001,6.0,120.0,ideal,full_harq,1,8192,4096,2,16388,17.667316436767578,0.01711071841418743,0.5390113592147827,0.7481836676597595,1,0
kodak,06.png,2030,9001,6.0,120.0,ideal,full_harq,1,8192,4096,2,16388,20.90215492248535,0.008124275133013725,0.656897246837616,0.7421277165412903,1,0
kodak,07.png,2030,9001,6.0,120.0,ideal,full_harq,1,8192,4096,2,16388,22.29894256591797,0.0058898720890283585,0.4523186683654785,0.8481407165527344,1,0
kodak,08.png,2030,9001,6.0,120.0,ideal,full_harq,1,8192,4096,2,16388,19.557809829711914,0.011071819812059402,0.45771610736846924,0.8501808047294617,1,0
kodak,05.png,2030,9001,6.0,120.0,ideal,fm_only,0,4096,4096,1,12290,17.25533103942871,0.01881338283419609,0.5726837515830994,0.6876654624938965,1,1
kodak,06.png,2030,9001,6.0,120.0,ideal,fm_only,0,4096,4096,1,12290,20.848480224609375,0.008225304074585438,0.6680276393890381,0.722708523273468,1,1
kodak,07.png,2030,9001,6.0,120.0,ideal,fm_only,0,4096,4096,1,12290,21.639495849609375,0.006855680141597986,0.4982658326625824,0.8060004711151123,1,1
kodak,08.png,2030,9001,6.0,120.0,ideal,fm_only,0,4096,4096,1,12290,19.373809814453125,0.011550985276699066,0.4765833616256714,0.8377108573913574,1,1
kodak,05.png,2030,9001,6.0,120.0,ideal,adaptive_harq,1,8192,4096,2,16388,17.667316436767578,0.01711071841418743,0.5390113592147827,0.7481836676597595,1,0
kodak,06.png,2030,9001,6.0,120.0,ideal,adaptive_harq,1,8192,4096,2,16388,20.90215492248535,0.008124275133013725,0.656897246837616,0.7421277165412903,1,0
kodak,07.png,2030,9001,6.0,120.0,ideal,adaptive_harq,1,8192,4096,2,16388,22.29894256591797,0.0058898720890283585,0.4523186683654785,0.8481407165527344,1,0
kodak,08.png,2030,9001,6.0,120.0,ideal,adaptive_harq,1,8192,4096,2,16388,19.557809829711914,0.011071819812059402,0.45771610736846924,0.8501808047294617,1,0
kodak,05.png,2030,9001,6.0,120.0,ideal,flowharq,1,8192,4096,2,16388,17.667316436767578,0.01711071841418743,0.5390113592147827,0.7481836676597595,1,0
kodak,06.png,2030,9001,6.0,120.0,ideal,flowharq,1,8192,4096,2,16388,20.90215492248535,0.008124275133013725,0.656897246837616,0.7421277165412903,1,0
kodak,07.png,2030,9001,6.0,120.0,ideal,flowharq,1,8192,4096,2,16388,22.29894256591797,0.0058898720890283585,0.4523186683654785,0.8481407165527344,1,0
kodak,08.png,2030,9001,6.0,120.0,ideal,flowharq,1,8192,4096,2,16388,19.557809829711914,0.011071819812059402,0.45771610736846924,0.8501808047294617,1,0
kodak,05.png,2030,9001,6.0,120.0,binary16,direct,0,4096,4096,1,12290,17.135953903198242,0.019337689504027367,0.5736426115036011,0.6868221163749695,1,1
kodak,06.png,2030,9001,6.0,120.0,binary16,direct,0,4096,4096,1,12290,20.724544525146484,0.008463411591947079,0.6679973602294922,0.7230163216590881,1,1
kodak,07.png,2030,9001,6.0,120.0,binary16,direct,0,4096,4096,1,12290,21.51837158203125,0.007049573119729757,0.4963558316230774,0.8065680861473083,1,1
kodak,08.png,2030,9001,6.0,120.0,binary16,direct,0,4096,4096,1,12290,19.347761154174805,0.01162047777324915,0.4757685363292694,0.8379344940185547,1,1
kodak,05.png,2030,9001,6.0,120.0,binary16,full_harq,1,8192,4096,2,16388,17.667327880859375,0.017110679298639297,0.5390104055404663,0.7481847405433655,1,0
kodak,06.png,2030,9001,6.0,120.0,binary16,full_harq,1,8192,4096,2,16388,20.902158737182617,0.008124263025820255,0.6568968296051025,0.7421281933784485,1,0
kodak,07.png,2030,9001,6.0,120.0,binary16,full_harq,1,8192,4096,2,16388,22.29891586303711,0.005889908876270056,0.4523162841796875,0.848139762878418,1,0
kodak,08.png,2030,9001,6.0,120.0,binary16,full_harq,1,8192,4096,2,16388,19.55781364440918,0.011071811430156231,0.45771893858909607,0.8501812815666199,1,0
kodak,05.png,2030,9001,6.0,120.0,binary16,fm_only,0,4096,4096,1,12290,17.255390167236328,0.018813129514455795,0.5726810693740845,0.687669038772583,1,1
kodak,06.png,2030,9001,6.0,120.0,binary16,fm_only,0,4096,4096,1,12290,20.84850311279297,0.00822526216506958,0.668027937412262,0.7227082848548889,1,1
kodak,07.png,2030,9001,6.0,120.0,binary16,fm_only,0,4096,4096,1,12290,21.639482498168945,0.006855696905404329,0.4982646703720093,0.806000292301178,1,1
kodak,08.png,2030,9001,6.0,120.0,binary16,fm_only,0,4096,4096,1,12290,19.373809814453125,0.011550985276699066,0.4765850007534027,0.8377121090888977,1,1
kodak,05.png,2030,9001,6.0,120.0,binary16,adaptive_harq,1,8192,4096,2,16388,17.667327880859375,0.017110679298639297,0.5390104055404663,0.7481847405433655,1,0
kodak,06.png,2030,9001,6.0,120.0,binary16,adaptive_harq,1,8192,4096,2,16388,20.902158737182617,0.008124263025820255,0.6568968296051025,0.7421281933784485,1,0
kodak,07.png,2030,9001,6.0,120.0,binary16,adaptive_harq,1,8192,4096,2,16388,22.29891586303711,0.005889908876270056,0.4523162841796875,0.848139762878418,1,0
kodak,08.png,2030,9001,6.0,120.0,binary16,adaptive_harq,1,8192,4096,2,16388,19.55781364440918,0.011071811430156231,0.45771893858909607,0.8501812815666199,1,0
kodak,05.png,2030,9001,6.0,120.0,binary16,flowharq,1,8192,4096,2,16388,17.667327880859375,0.017110679298639297,0.5390104055404663,0.7481847405433655,1,0
kodak,06.png,2030,9001,6.0,120.0,binary16,flowharq,1,8192,4096,2,16388,20.902158737182617,0.008124263025820255,0.6568968296051025,0.7421281933784485,1,0
kodak,07.png,2030,9001,6.0,120.0,binary16,flowharq,1,8192,4096,2,16388,22.29891586303711,0.005889908876270056,0.4523162841796875,0.848139762878418,1,0
kodak,08.png,2030,9001,6.0,120.0,binary16,flowharq,1,8192,4096,2,16388,19.55781364440918,0.011071811430156231,0.45771893858909607,0.8501812815666199,1,0
kodak,09.png,2030,9001,6.0,120.0,ideal,direct,0,4096,4096,1,12290,23.476242065429688,0.004491338040679693,0.390169233083725,0.8729915618896484,1,1
kodak,10.png,2030,9001,6.0,120.0,ideal,direct,0,4096,4096,1,12290,27.645998001098633,0.0017194920219480991,0.5387107729911804,0.8864668011665344,0,0
kodak,11.png,2030,9001,6.0,120.0,ideal,direct,0,4096,4096,1,12290,19.66383934020996,0.01080478448420763,0.5520588159561157,0.7992507815361023,1,1
kodak,12.png,2030,9001,6.0,120.0,ideal,direct,0,4096,4096,1,12290,23.47049331665039,0.0044972882606089115,0.5127540230751038,0.8408277034759521,1,1
kodak,09.png,2030,9001,6.0,120.0,ideal,full_harq,1,8192,4096,2,16388,23.578264236450195,0.004387060645967722,0.379344642162323,0.8768153190612793,1,0
kodak,10.png,2030,9001,6.0,120.0,ideal,full_harq,1,8192,4096,2,16388,27.870677947998047,0.0016327970661222935,0.5160253643989563,0.8941250443458557,0,0
kodak,11.png,2030,9001,6.0,120.0,ideal,full_harq,1,8192,4096,2,16388,19.78693199157715,0.01050284132361412,0.5459039211273193,0.8079566359519958,1,0
kodak,12.png,2030,9001,6.0,120.0,ideal,full_harq,1,8192,4096,2,16388,23.500070571899414,0.004466764163225889,0.5147066116333008,0.8456411957740784,1,0
kodak,09.png,2030,9001,6.0,120.0,ideal,fm_only,0,4096,4096,1,12290,23.575687408447266,0.0043896641582250595,0.3929922580718994,0.8733472228050232,1,1
kodak,10.png,2030,9001,6.0,120.0,ideal,fm_only,0,4096,4096,1,12290,27.701522827148438,0.0016976477345451713,0.5391368865966797,0.886113166809082,0,0
kodak,11.png,2030,9001,6.0,120.0,ideal,fm_only,0,4096,4096,1,12290,19.79985809326172,0.010471630841493607,0.5508273243904114,0.7984181046485901,1,1
kodak,12.png,2030,9001,6.0,120.0,ideal,fm_only,0,4096,4096,1,12290,23.553821563720703,0.0044118189252913,0.5148336887359619,0.8411054015159607,1,1
kodak,09.png,2030,9001,6.0,120.0,ideal,adaptive_harq,0,4096,4096,1,12290,23.476242065429688,0.004491338040679693,0.390169233083725,0.8729915618896484,1,1
kodak,10.png,2030,9001,6.0,120.0,ideal,adaptive_harq,0,4096,4096,1,12290,27.645998001098633,0.0017194920219480991,0.5387107729911804,0.8864668011665344,0,0
kodak,11.png,2030,9001,6.0,120.0,ideal,adaptive_harq,1,8192,4096,2,16388,19.78693199157715,0.01050284132361412,0.5459039211273193,0.8079566359519958,1,0
kodak,12.png,2030,9001,6.0,120.0,ideal,adaptive_harq,0,4096,4096,1,12290,23.47049331665039,0.0044972882606089115,0.5127540230751038,0.8408277034759521,1,1
kodak,09.png,2030,9001,6.0,120.0,ideal,flowharq,0,4096,4096,1,12290,23.575687408447266,0.0043896641582250595,0.3929922580718994,0.8733472228050232,1,1
kodak,10.png,2030,9001,6.0,120.0,ideal,flowharq,0,4096,4096,1,12290,27.701522827148438,0.0016976477345451713,0.5391368865966797,0.886113166809082,0,0
kodak,11.png,2030,9001,6.0,120.0,ideal,flowharq,1,8192,4096,2,16388,19.78693199157715,0.01050284132361412,0.5459039211273193,0.8079566359519958,1,0
kodak,12.png,2030,9001,6.0,120.0,ideal,flowharq,0,4096,4096,1,12290,23.553821563720703,0.0044118189252913,0.5148336887359619,0.8411054015159607,1,1
kodak,09.png,2030,9001,6.0,120.0,binary16,direct,0,4096,4096,1,12290,23.476245880126953,0.004491335246711969,0.3901705741882324,0.87298983335495,1,1
kodak,10.png,2030,9001,6.0,120.0,binary16,direct,0,4096,4096,1,12290,27.6459903717041,0.0017194946995005012,0.5387128591537476,0.8864666819572449,0,0
kodak,11.png,2030,9001,6.0,120.0,binary16,direct,0,4096,4096,1,12290,19.663803100585938,0.010804876685142517,0.5520588159561157,0.7992497086524963,1,1
kodak,12.png,2030,9001,6.0,120.0,binary16,direct,0,4096,4096,1,12290,23.47052001953125,0.004497259855270386,0.5127509832382202,0.8408267498016357,1,1
kodak,09.png,2030,9001,6.0,120.0,binary16,full_harq,1,8192,4096,2,16388,23.578277587890625,0.004387046676129103,0.3793444037437439,0.876814067363739,1,0
kodak,10.png,2030,9001,6.0,120.0,binary16,full_harq,1,8192,4096,2,16388,27.87065315246582,0.0016328069614246488,0.5160291194915771,0.8941245079040527,0,0
kodak,11.png,2030,9001,6.0,120.0,binary16,full_harq,1,8192,4096,2,16388,19.78689956665039,0.010502916760742664,0.5459015369415283,0.8079559206962585,1,0
kodak,12.png,2030,9001,6.0,120.0,binary16,full_harq,1,8192,4096,2,16388,23.500110626220703,0.00446672085672617,0.5146966576576233,0.8456398844718933,1,0
kodak,09.png,2030,9001,6.0,120.0,binary16,fm_only,0,4096,4096,1,12290,23.576623916625977,0.004388716537505388,0.39300739765167236,0.8734191060066223,1,1
kodak,10.png,2030,9001,6.0,120.0,binary16,fm_only,0,4096,4096,1,12290,27.701541900634766,0.0016976408660411835,0.5391398072242737,0.8861125111579895,0,0
kodak,11.png,2030,9001,6.0,120.0,binary16,fm_only,0,4096,4096,1,12290,19.799819946289062,0.010471719317138195,0.5508275032043457,0.7984166145324707,1,1
kodak,12.png,2030,9001,6.0,120.0,binary16,fm_only,0,4096,4096,1,12290,23.553850173950195,0.004411790054291487,0.5148278474807739,0.8411048054695129,1,1
kodak,09.png,2030,9001,6.0,120.0,binary16,adaptive_harq,0,4096,4096,1,12290,23.476245880126953,0.004491335246711969,0.3901705741882324,0.87298983335495,1,1
kodak,10.png,2030,9001,6.0,120.0,binary16,adaptive_harq,0,4096,4096,1,12290,27.6459903717041,0.0017194946995005012,0.5387128591537476,0.8864666819572449,0,0
kodak,11.png,2030,9001,6.0,120.0,binary16,adaptive_harq,1,8192,4096,2,16388,19.78689956665039,0.010502916760742664,0.5459015369415283,0.8079559206962585,1,0
kodak,12.png,2030,9001,6.0,120.0,binary16,adaptive_harq,0,4096,4096,1,12290,23.47052001953125,0.004497259855270386,0.5127509832382202,0.8408267498016357,1,1
kodak,09.png,2030,9001,6.0,120.0,binary16,flowharq,0,4096,4096,1,12290,23.576623916625977,0.004388716537505388,0.39300739765167236,0.8734191060066223,1,1
kodak,10.png,2030,9001,6.0,120.0,binary16,flowharq,0,4096,4096,1,12290,27.701541900634766,0.0016976408660411835,0.5391398072242737,0.8861125111579895,0,0
kodak,11.png,2030,9001,6.0,120.0,binary16,flowharq,1,8192,4096,2,16388,19.78689956665039,0.010502916760742664,0.5459015369415283,0.8079559206962585,1,0
kodak,12.png,2030,9001,6.0,120.0,binary16,flowharq,0,4096,4096,1,12290,23.553850173950195,0.004411790054291487,0.5148278474807739,0.8411048054695129,1,1
kodak,13.png,2030,9001,6.0,120.0,ideal,direct,0,4096,4096,1,12290,20.034954071044922,0.009919838048517704,0.7508230805397034,0.7684310078620911,1,1
kodak,14.png,2030,9001,6.0,120.0,ideal,direct,0,4096,4096,1,12290,19.352771759033203,0.011607074178755283,0.5276533961296082,0.7775252461433411,1,1
kodak,15.png,2030,9001,6.0,120.0,ideal,direct,0,4096,4096,1,12290,17.47770881652832,0.017874304205179214,0.770737886428833,0.5703898668289185,1,1
kodak,16.png,2030,9001,6.0,120.0,ideal,direct,0,4096,4096,1,12290,23.042339324951172,0.00496324896812439,0.6664961576461792,0.7299799919128418,1,1
kodak,13.png,2030,9001,6.0,120.0,ideal,full_harq,1,8192,4096,2,16388,20.054407119750977,0.009875507093966007,0.7451000809669495,0.772047221660614,1,0
kodak,14.png,2030,9001,6.0,120.0,ideal,full_harq,1,8192,4096,2,16388,19.490949630737305,0.011243593879044056,0.5154374837875366,0.7884151339530945,1,0
kodak,15.png,2030,9001,6.0,120.0,ideal,full_harq,1,8192,4096,2,16388,22.348968505859375,0.005822414066642523,0.5300387740135193,0.8382623195648193,1,0
kodak,16.png,2030,9001,6.0,120.0,ideal,full_harq,1,8192,4096,2,16388,24.622888565063477,0.003449142212048173,0.5670090913772583,0.8520762920379639,0,0
kodak,13.png,2030,9001,6.0,120.0,ideal,fm_only,0,4096,4096,1,12290,20.07887077331543,0.009820031933486462,0.754231870174408,0.7681496739387512,1,1
kodak,14.png,2030,9001,6.0,120.0,ideal,fm_only,0,4096,4096,1,12290,19.473979949951172,0.011287610977888107,0.5272883176803589,0.7779029011726379,1,1
kodak,15.png,2030,9001,6.0,120.0,ideal,fm_only,0,4096,4096,1,12290,17.773683547973633,0.016696739941835403,0.7597489953041077,0.5705254077911377,1,1
kodak,16.png,2030,9001,6.0,120.0,ideal,fm_only,0,4096,4096,1,12290,23.167020797729492,0.004822784103453159,0.6981313228607178,0.7079147696495056,1,1
kodak,13.png,2030,9001,6.0,120.0,ideal,adaptive_harq,1,8192,4096,2,16388,20.054407119750977,0.009875507093966007,0.7451000809669495,0.772047221660614,1,0
kodak,14.png,2030,9001,6.0,120.0,ideal,adaptive_harq,1,8192,4096,2,16388,19.490949630737305,0.011243593879044056,0.5154374837875366,0.7884151339530945,1,0
kodak,15.png,2030,9001,6.0,120.0,ideal,adaptive_harq,1,8192,4096,2,16388,22.348968505859375,0.005822414066642523,0.5300387740135193,0.8382623195648193,1,0
kodak,16.png,2030,9001,6.0,120.0,ideal,adaptive_harq,1,8192,4096,2,16388,24.622888565063477,0.003449142212048173,0.5670090913772583,0.8520762920379639,0,0
kodak,13.png,2030,9001,6.0,120.0,ideal,flowharq,1,8192,4096,2,16388,20.054407119750977,0.009875507093966007,0.7451000809669495,0.772047221660614,1,0
kodak,14.png,2030,9001,6.0,120.0,ideal,flowharq,1,8192,4096,2,16388,19.490949630737305,0.011243593879044056,0.5154374837875366,0.7884151339530945,1,0
kodak,15.png,2030,9001,6.0,120.0,ideal,flowharq,1,8192,4096,2,16388,22.348968505859375,0.005822414066642523,0.5300387740135193,0.8382623195648193,1,0
kodak,16.png,2030,9001,6.0,120.0,ideal,flowharq,1,8192,4096,2,16388,24.622888565063477,0.003449142212048173,0.5670090913772583,0.8520762920379639,0,0
kodak,13.png,2030,9001,6.0,120.0,binary16,direct,0,4096,4096,1,12290,20.034954071044922,0.009919836185872555,0.7508261203765869,0.768430233001709,1,1
kodak,14.png,2030,9001,6.0,120.0,binary16,direct,0,4096,4096,1,12290,19.35279655456543,0.011607007123529911,0.5276484489440918,0.777526319026947,1,1
kodak,15.png,2030,9001,6.0,120.0,binary16,direct,0,4096,4096,1,12290,17.47770881652832,0.017874304205179214,0.7707400918006897,0.5703897476196289,1,1
kodak,16.png,2030,9001,6.0,120.0,binary16,direct,0,4096,4096,1,12290,23.042287826538086,0.004963308107107878,0.6664949655532837,0.7299776077270508,1,1
kodak,13.png,2030,9001,6.0,120.0,binary16,full_harq,1,8192,4096,2,16388,20.05440902709961,0.00987549964338541,0.7450991272926331,0.7720465064048767,1,0
kodak,14.png,2030,9001,6.0,120.0,binary16,full_harq,1,8192,4096,2,16388,19.490962982177734,0.011243559420108795,0.5154343843460083,0.7884154319763184,1,0
kodak,15.png,2030,9001,6.0,120.0,binary16,full_harq,1,8192,4096,2,16388,22.349031448364258,0.005822331178933382,0.530036449432373,0.8382608890533447,1,0
kodak,16.png,2030,9001,6.0,120.0,binary16,full_harq,1,8192,4096,2,16388,24.622844696044922,0.0034491766709834337,0.5670083165168762,0.8520750403404236,0,0
kodak,13.png,2030,9001,6.0,120.0,binary16,fm_only,0,4096,4096,1,12290,20.07887077331543,0.009820033796131611,0.7542349100112915,0.7681487202644348,1,1
kodak,14.png,2030,9001,6.0,120.0,binary16,fm_only,0,4096,4096,1,12290,19.474002838134766,0.011287552304565907,0.5272829532623291,0.7779037952423096,1,1
kodak,15.png,2030,9001,6.0,120.0,binary16,fm_only,0,4096,4096,1,12290,17.773624420166016,0.01669696904718876,0.75974440574646,0.5705196261405945,1,1
kodak,16.png,2030,9001,6.0,120.0,binary16,fm_only,0,4096,4096,1,12290,23.16698455810547,0.0048228236846625805,0.6981287598609924,0.7079145312309265,1,1
kodak,13.png,2030,9001,6.0,120.0,binary16,adaptive_harq,1,8192,4096,2,16388,20.05440902709961,0.00987549964338541,0.7450991272926331,0.7720465064048767,1,0
kodak,14.png,2030,9001,6.0,120.0,binary16,adaptive_harq,1,8192,4096,2,16388,19.490962982177734,0.011243559420108795,0.5154343843460083,0.7884154319763184,1,0
kodak,15.png,2030,9001,6.0,120.0,binary16,adaptive_harq,1,8192,4096,2,16388,22.349031448364258,0.005822331178933382,0.530036449432373,0.8382608890533447,1,0
kodak,16.png,2030,9001,6.0,120.0,binary16,adaptive_harq,1,8192,4096,2,16388,24.622844696044922,0.0034491766709834337,0.5670083165168762,0.8520750403404236,0,0
kodak,13.png,2030,9001,6.0,120.0,binary16,flowharq,1,8192,4096,2,16388,20.05440902709961,0.00987549964338541,0.7450991272926331,0.7720465064048767,1,0
kodak,14.png,2030,9001,6.0,120.0,binary16,flowharq,1,8192,4096,2,16388,19.490962982177734,0.011243559420108795,0.5154343843460083,0.7884154319763184,1,0
kodak,15.png,2030,9001,6.0,120.0,binary16,flowharq,1,8192,4096,2,16388,22.349031448364258,0.005822331178933382,0.530036449432373,0.8382608890533447,1,0
kodak,16.png,2030,9001,6.0,120.0,binary16,flowharq,1,8192,4096,2,16388,24.622844696044922,0.0034491766709834337,0.5670083165168762,0.8520750403404236,0,0
kodak,17.png,2030,9001,6.0,120.0,ideal,direct,0,4096,4096,1,12290,25.014781951904297,0.003151532495394349,0.543090283870697,0.8539438843727112,0,0
kodak,18.png,2030,9001,6.0,120.0,ideal,direct,0,4096,4096,1,12290,19.93503761291504,0.010150703601539135,0.5503094792366028,0.8007383942604065,1,1
kodak,19.png,2030,9001,6.0,120.0,ideal,direct,0,4096,4096,1,12290,20.759428024291992,0.008395707234740257,0.5644202828407288,0.81108158826828,1,1
kodak,20.png,2030,9001,6.0,120.0,ideal,direct,0,4096,4096,1,12290,23.13127899169922,0.004862639587372541,0.32588136196136475,0.902854859828949,1,1
kodak,17.png,2030,9001,6.0,120.0,ideal,full_harq,1,8192,4096,2,16388,25.387161254882812,0.0028925705701112747,0.5110830068588257,0.8770923614501953,0,0
kodak,18.png,2030,9001,6.0,120.0,ideal,full_harq,1,8192,4096,2,16388,20.1387996673584,0.009685455821454525,0.5406323671340942,0.8218291401863098,1,0
kodak,19.png,2030,9001,6.0,120.0,ideal,full_harq,1,8192,4096,2,16388,20.89707374572754,0.008133784867823124,0.5442469716072083,0.8258101940155029,1,0
kodak,20.png,2030,9001,6.0,120.0,ideal,full_harq,1,8192,4096,2,16388,23.38078498840332,0.004591149277985096,0.31453919410705566,0.9147629737854004,1,0
kodak,17.png,2030,9001,6.0,120.0,ideal,fm_only,0,4096,4096,1,12290,25.13057518005371,0.0030686166137456894,0.5415284633636475,0.853037416934967,0,0
kodak,18.png,2030,9001,6.0,120.0,ideal,fm_only,0,4096,4096,1,12290,19.997669219970703,0.010005366988480091,0.5510942935943604,0.7997106909751892,1,1
kodak,19.png,2030,9001,6.0,120.0,ideal,fm_only,0,4096,4096,1,12290,20.76104736328125,0.008392578922212124,0.565060019493103,0.8109210133552551,1,1
kodak,20.png,2030,9001,6.0,120.0,ideal,fm_only,0,4096,4096,1,12290,23.153484344482422,0.0048378403298556805,0.32400521636009216,0.904545783996582,1,1
kodak,17.png,2030,9001,6.0,120.0,ideal,adaptive_harq,0,4096,4096,1,12290,25.014781951904297,0.003151532495394349,0.543090283870697,0.8539438843727112,0,0
kodak,18.png,2030,9001,6.0,120.0,ideal,adaptive_harq,1,8192,4096,2,16388,20.1387996673584,0.009685455821454525,0.5406323671340942,0.8218291401863098,1,0
kodak,19.png,2030,9001,6.0,120.0,ideal,adaptive_harq,1,8192,4096,2,16388,20.89707374572754,0.008133784867823124,0.5442469716072083,0.8258101940155029,1,0
kodak,20.png,2030,9001,6.0,120.0,ideal,adaptive_harq,1,8192,4096,2,16388,23.38078498840332,0.004591149277985096,0.31453919410705566,0.9147629737854004,1,0
kodak,17.png,2030,9001,6.0,120.0,ideal,flowharq,0,4096,4096,1,12290,25.13057518005371,0.0030686166137456894,0.5415284633636475,0.853037416934967,0,0
kodak,18.png,2030,9001,6.0,120.0,ideal,flowharq,1,8192,4096,2,16388,20.1387996673584,0.009685455821454525,0.5406323671340942,0.8218291401863098,1,0
kodak,19.png,2030,9001,6.0,120.0,ideal,flowharq,1,8192,4096,2,16388,20.89707374572754,0.008133784867823124,0.5442469716072083,0.8258101940155029,1,0
kodak,20.png,2030,9001,6.0,120.0,ideal,flowharq,0,4096,4096,1,12290,23.153484344482422,0.0048378403298556805,0.32400521636009216,0.904545783996582,1,1
kodak,17.png,2030,9001,6.0,120.0,binary16,direct,0,4096,4096,1,12290,25.01483726501465,0.0031514931470155716,0.5430918335914612,0.8539460301399231,0,0
kodak,18.png,2030,9001,6.0,120.0,binary16,direct,0,4096,4096,1,12290,19.934993743896484,0.010150807909667492,0.5503075122833252,0.8007379174232483,1,1
kodak,19.png,2030,9001,6.0,120.0,binary16,direct,0,4096,4096,1,12290,20.75941276550293,0.00839573610574007,0.5644169449806213,0.8110831379890442,1,1
kodak,20.png,2030,9001,6.0,120.0,binary16,direct,0,4096,4096,1,12290,23.13125991821289,0.004862661007791758,0.32588982582092285,0.9028501510620117,1,1
kodak,17.png,2030,9001,6.0,120.0,binary16,full_harq,1,8192,4096,2,16388,25.38720703125,0.0028925405349582434,0.511085569858551,0.8770940899848938,0,0
kodak,18.png,2030,9001,6.0,120.0,binary16,full_harq,1,8192,4096,2,16388,20.138748168945312,0.009685573168098927,0.5406308174133301,0.8218275904655457,1,0
kodak,19.png,2030,9001,6.0,120.0,binary16,full_harq,1,8192,4096,2,16388,20.89705467224121,0.008133817464113235,0.544245183467865,0.8258112072944641,1,0
kodak,20.png,2030,9001,6.0,120.0,binary16,full_harq,1,8192,4096,2,16388,23.380796432495117,0.004591138567775488,0.31454601883888245,0.9147612452507019,1,0
kodak,17.png,2030,9001,6.0,120.0,binary16,fm_only,0,4096,4096,1,12290,25.13066864013672,0.003068550257012248,0.5415300726890564,0.8530407547950745,0,0
kodak,18.png,2030,9001,6.0,120.0,binary16,fm_only,0,4096,4096,1,12290,19.997634887695312,0.010005447082221508,0.5510920286178589,0.7997105717658997,1,1
kodak,19.png,2030,9001,6.0,120.0,binary16,fm_only,0,4096,4096,1,12290,20.761024475097656,0.008392619900405407,0.5650550723075867,0.8109225630760193,1,1
kodak,20.png,2030,9001,6.0,120.0,binary16,fm_only,0,4096,4096,1,12290,23.153457641601562,0.004837870132178068,0.3240128755569458,0.9045417308807373,1,1
kodak,17.png,2030,9001,6.0,120.0,binary16,adaptive_harq,0,4096,4096,1,12290,25.01483726501465,0.0031514931470155716,0.5430918335914612,0.8539460301399231,0,0
kodak,18.png,2030,9001,6.0,120.0,binary16,adaptive_harq,1,8192,4096,2,16388,20.138748168945312,0.009685573168098927,0.5406308174133301,0.8218275904655457,1,0
kodak,19.png,2030,9001,6.0,120.0,binary16,adaptive_harq,1,8192,4096,2,16388,20.89705467224121,0.008133817464113235,0.544245183467865,0.8258112072944641,1,0
kodak,20.png,2030,9001,6.0,120.0,binary16,adaptive_harq,1,8192,4096,2,16388,23.380796432495117,0.004591138567775488,0.31454601883888245,0.9147612452507019,1,0
kodak,17.png,2030,9001,6.0,120.0,binary16,flowharq,0,4096,4096,1,12290,25.13066864013672,0.003068550257012248,0.5415300726890564,0.8530407547950745,0,0
kodak,18.png,2030,9001,6.0,120.0,binary16,flowharq,1,8192,4096,2,16388,20.138748168945312,0.009685573168098927,0.5406308174133301,0.8218275904655457,1,0
kodak,19.png,2030,9001,6.0,120.0,binary16,flowharq,1,8192,4096,2,16388,20.89705467224121,0.008133817464113235,0.544245183467865,0.8258112072944641,1,0
kodak,20.png,2030,9001,6.0,120.0,binary16,flowharq,0,4096,4096,1,12290,23.153457641601562,0.004837870132178068,0.3240128755569458,0.9045417308807373,1,1
kodak,21.png,2030,9001,6.0,120.0,ideal,direct,0,4096,4096,1,12290,20.922861099243164,0.008085631765425205,0.5198763012886047,0.8191959857940674,1,1
kodak,22.png,2030,9001,6.0,120.0,ideal,direct,0,4096,4096,1,12290,19.43943214416504,0.011377759277820587,0.7214108109474182,0.6251899003982544,1,1
kodak,23.png,2030,9001,6.0,120.0,ideal,direct,0,4096,4096,1,12290,23.38180160522461,0.0045900773257017136,0.3412715792655945,0.8826181292533875,1,1
kodak,24.png,2030,9001,6.0,120.0,ideal,direct,0,4096,4096,1,12290,23.772499084472656,0.004195173736661673,0.5585059523582458,0.8805873394012451,1,1
kodak,21.png,2030,9001,6.0,120.0,ideal,full_harq,1,8192,4096,2,16388,20.950639724731445,0.008034078404307365,0.5174992084503174,0.821072518825531,1,0
kodak,22.png,2030,9001,6.0,120.0,ideal,full_harq,1,8192,4096,2,16388,20.698701858520508,0.008513924665749073,0.6181036829948425,0.7340447902679443,1,0
kodak,23.png,2030,9001,6.0,120.0,ideal,full_harq,1,8192,4096,2,16388,23.835861206054688,0.0041344123892486095,0.29732078313827515,0.9039552807807922,1,0
kodak,24.png,2030,9001,6.0,120.0,ideal,full_harq,1,8192,4096,2,16388,23.795379638671875,0.0041731297969818115,0.5566996932029724,0.8815231919288635,1,0
kodak,21.png,2030,9001,6.0,120.0,ideal,fm_only,0,4096,4096,1,12290,20.958236694335938,0.008020035922527313,0.5246851444244385,0.8172187805175781,1,1
kodak,22.png,2030,9001,6.0,120.0,ideal,fm_only,0,4096,4096,1,12290,19.578712463378906,0.011018657125532627,0.7234408855438232,0.6076650023460388,1,1
kodak,23.png,2030,9001,6.0,120.0,ideal,fm_only,0,4096,4096,1,12290,23.55069923400879,0.004414992872625589,0.34838181734085083,0.8802778124809265,1,1
kodak,24.png,2030,9001,6.0,120.0,ideal,fm_only,0,4096,4096,1,12290,23.86293601989746,0.004108719062060118,0.5591381192207336,0.8802681565284729,1,1
kodak,21.png,2030,9001,6.0,120.0,ideal,adaptive_harq,1,8192,4096,2,16388,20.950639724731445,0.008034078404307365,0.5174992084503174,0.821072518825531,1,0
kodak,22.png,2030,9001,6.0,120.0,ideal,adaptive_harq,1,8192,4096,2,16388,20.698701858520508,0.008513924665749073,0.6181036829948425,0.7340447902679443,1,0
kodak,23.png,2030,9001,6.0,120.0,ideal,adaptive_harq,0,4096,4096,1,12290,23.38180160522461,0.0045900773257017136,0.3412715792655945,0.8826181292533875,1,1
kodak,24.png,2030,9001,6.0,120.0,ideal,adaptive_harq,0,4096,4096,1,12290,23.772499084472656,0.004195173736661673,0.5585059523582458,0.8805873394012451,1,1
kodak,21.png,2030,9001,6.0,120.0,ideal,flowharq,1,8192,4096,2,16388,20.950639724731445,0.008034078404307365,0.5174992084503174,0.821072518825531,1,0
kodak,22.png,2030,9001,6.0,120.0,ideal,flowharq,1,8192,4096,2,16388,20.698701858520508,0.008513924665749073,0.6181036829948425,0.7340447902679443,1,0
kodak,23.png,2030,9001,6.0,120.0,ideal,flowharq,0,4096,4096,1,12290,23.55069923400879,0.004414992872625589,0.34838181734085083,0.8802778124809265,1,1
kodak,24.png,2030,9001,6.0,120.0,ideal,flowharq,0,4096,4096,1,12290,23.86293601989746,0.004108719062060118,0.5591381192207336,0.8802681565284729,1,1
kodak,21.png,2030,9001,6.0,120.0,binary16,direct,0,4096,4096,1,12290,20.922861099243164,0.008085629902780056,0.5198778510093689,0.8191964626312256,1,1
kodak,22.png,2030,9001,6.0,120.0,binary16,direct,0,4096,4096,1,12290,19.439422607421875,0.011377786286175251,0.7214084267616272,0.6251806020736694,1,1
kodak,23.png,2030,9001,6.0,120.0,binary16,direct,0,4096,4096,1,12290,23.381805419921875,0.004590072203427553,0.3412686884403229,0.8826169371604919,1,1
kodak,24.png,2030,9001,6.0,120.0,binary16,direct,0,4096,4096,1,12290,23.772504806518555,0.0041951690800487995,0.558505654335022,0.880587100982666,1,1
kodak,21.png,2030,9001,6.0,120.0,binary16,full_harq,1,8192,4096,2,16388,20.950639724731445,0.008034076541662216,0.5175012946128845,0.8210727572441101,1,0
kodak,22.png,2030,9001,6.0,120.0,binary16,full_harq,1,8192,4096,2,16388,20.698715209960938,0.008513900451362133,0.6181042790412903,0.7340419292449951,1,0
kodak,23.png,2030,9001,6.0,120.0,binary16,full_harq,1,8192,4096,2,16388,23.835887908935547,0.004134387243539095,0.29732152819633484,0.9039537310600281,1,0
kodak,24.png,2030,9001,6.0,120.0,binary16,full_harq,1,8192,4096,2,16388,23.795387268066406,0.004173122812062502,0.5567001104354858,0.8815228939056396,1,0
kodak,21.png,2030,9001,6.0,120.0,binary16,fm_only,0,4096,4096,1,12290,20.958242416381836,0.008020024746656418,0.5246873497962952,0.817220151424408,1,1
kodak,22.png,2030,9001,6.0,120.0,binary16,fm_only,0,4096,4096,1,12290,19.5787353515625,0.0110186031088233,0.7234445810317993,0.6076614856719971,1,1
kodak,23.png,2030,9001,6.0,120.0,binary16,fm_only,0,4096,4096,1,12290,23.548725128173828,0.00441700080409646,0.34837624430656433,0.8802544474601746,1,1
kodak,24.png,2030,9001,6.0,120.0,binary16,fm_only,0,4096,4096,1,12290,23.86294174194336,0.004108713939785957,0.5591362714767456,0.8802680373191833,1,1
kodak,21.png,2030,9001,6.0,120.0,binary16,adaptive_harq,1,8192,4096,2,16388,20.950639724731445,0.008034076541662216,0.5175012946128845,0.8210727572441101,1,0
kodak,22.png,2030,9001,6.0,120.0,binary16,adaptive_harq,1,8192,4096,2,16388,20.698715209960938,0.008513900451362133,0.6181042790412903,0.7340419292449951,1,0
kodak,23.png,2030,9001,6.0,120.0,binary16,adaptive_harq,0,4096,4096,1,12290,23.381805419921875,0.004590072203427553,0.3412686884403229,0.8826169371604919,1,1
kodak,24.png,2030,9001,6.0,120.0,binary16,adaptive_harq,0,4096,4096,1,12290,23.772504806518555,0.0041951690800487995,0.558505654335022,0.880587100982666,1,1
kodak,21.png,2030,9001,6.0,120.0,binary16,flowharq,1,8192,4096,2,16388,20.950639724731445,0.008034076541662216,0.5175012946128845,0.8210727572441101,1,0
kodak,22.png,2030,9001,6.0,120.0,binary16,flowharq,1,8192,4096,2,16388,20.698715209960938,0.008513900451362133,0.6181042790412903,0.7340419292449951,1,0
kodak,23.png,2030,9001,6.0,120.0,binary16,flowharq,0,4096,4096,1,12290,23.548725128173828,0.00441700080409646,0.34837624430656433,0.8802544474601746,1,1
kodak,24.png,2030,9001,6.0,120.0,binary16,flowharq,0,4096,4096,1,12290,23.86294174194336,0.004108713939785957,0.5591362714767456,0.8802680373191833,1,1
kodak,01.png,2030,9001,9.0,30.0,ideal,direct,0,4096,4096,1,12290,20.103740692138672,0.009763960726559162,0.5727875232696533,0.7779814600944519,1,1
kodak,02.png,2030,9001,9.0,30.0,ideal,direct,0,4096,4096,1,12290,21.579008102416992,0.00695183128118515,0.5798288583755493,0.7403585314750671,1,1
kodak,03.png,2030,9001,9.0,30.0,ideal,direct,0,4096,4096,1,12290,22.997434616088867,0.005014834925532341,0.4466167688369751,0.8285807967185974,1,1
kodak,04.png,2030,9001,9.0,30.0,ideal,direct,0,4096,4096,1,12290,27.496549606323242,0.0017796922475099564,0.4433012902736664,0.9314501881599426,0,0
kodak,01.png,2030,9001,9.0,30.0,ideal,full_harq,1,8192,4096,2,16388,20.108444213867188,0.009753389284014702,0.5688732862472534,0.783909261226654,1,0
kodak,02.png,2030,9001,9.0,30.0,ideal,full_harq,1,8192,4096,2,16388,21.941619873046875,0.00639496510848403,0.5167884230613708,0.803299605846405,1,0
kodak,03.png,2030,9001,9.0,30.0,ideal,full_harq,1,8192,4096,2,16388,23.454471588134766,0.004513911437243223,0.396659255027771,0.8720183372497559,1,0
kodak,04.png,2030,9001,9.0,30.0,ideal,full_harq,1,8192,4096,2,16388,27.5540714263916,0.001756276935338974,0.42225009202957153,0.9400525093078613,0,0
kodak,01.png,2030,9001,9.0,30.0,ideal,fm_only,0,4096,4096,1,12290,20.248376846313477,0.00944413710385561,0.5733063817024231,0.7800071239471436,1,1
kodak,02.png,2030,9001,9.0,30.0,ideal,fm_only,0,4096,4096,1,12290,22.03557586669922,0.006258100271224976,0.5802732706069946,0.7379265427589417,1,1
kodak,03.png,2030,9001,9.0,30.0,ideal,fm_only,0,4096,4096,1,12290,23.767105102539062,0.004200389608740807,0.4513278603553772,0.8317926526069641,1,1
kodak,04.png,2030,9001,9.0,30.0,ideal,fm_only,0,4096,4096,1,12290,27.867605209350586,0.0016339522553607821,0.44676852226257324,0.9306632876396179,0,0
kodak,01.png,2030,9001,9.0,30.0,ideal,adaptive_harq,1,8192,4096,2,16388,20.108444213867188,0.009753389284014702,0.5688732862472534,0.783909261226654,1,0
kodak,02.png,2030,9001,9.0,30.0,ideal,adaptive_harq,1,8192,4096,2,16388,21.941619873046875,0.00639496510848403,0.5167884230613708,0.803299605846405,1,0
kodak,03.png,2030,9001,9.0,30.0,ideal,adaptive_harq,1,8192,4096,2,16388,23.454471588134766,0.004513911437243223,0.396659255027771,0.8720183372497559,1,0
kodak,04.png,2030,9001,9.0,30.0,ideal,adaptive_harq,0,4096,4096,1,12290,27.496549606323242,0.0017796922475099564,0.4433012902736664,0.9314501881599426,0,0
kodak,01.png,2030,9001,9.0,30.0,ideal,flowharq,1,8192,4096,2,16388,20.108444213867188,0.009753389284014702,0.5688732862472534,0.783909261226654,1,0
kodak,02.png,2030,9001,9.0,30.0,ideal,flowharq,1,8192,4096,2,16388,21.941619873046875,0.00639496510848403,0.5167884230613708,0.803299605846405,1,0
kodak,03.png,2030,9001,9.0,30.0,ideal,flowharq,1,8192,4096,2,16388,23.454471588134766,0.004513911437243223,0.396659255027771,0.8720183372497559,1,0
kodak,04.png,2030,9001,9.0,30.0,ideal,flowharq,0,4096,4096,1,12290,27.867605209350586,0.0016339522553607821,0.44676852226257324,0.9306632876396179,0,0
kodak,01.png,2030,9001,9.0,30.0,binary16,direct,0,4096,4096,1,12290,20.10381317138672,0.00976379681378603,0.5727842450141907,0.7779833674430847,1,1
kodak,02.png,2030,9001,9.0,30.0,binary16,direct,0,4096,4096,1,12290,21.579002380371094,0.006951838731765747,0.5798247456550598,0.7403596043586731,1,1
kodak,03.png,2030,9001,9.0,30.0,binary16,direct,0,4096,4096,1,12290,22.997377395629883,0.005014901049435139,0.4466169774532318,0.8285802006721497,1,1
kodak,04.png,2030,9001,9.0,30.0,binary16,direct,0,4096,4096,1,12290,27.49641227722168,0.0017797494074329734,0.44330185651779175,0.9314493536949158,0,0
kodak,01.png,2030,9001,9.0,30.0,binary16,full_harq,1,8192,4096,2,16388,20.108524322509766,0.009753209538757801,0.568870484828949,0.7839118838310242,1,0
kodak,02.png,2030,9001,9.0,30.0,binary16,full_harq,1,8192,4096,2,16388,21.941606521606445,0.006394980940967798,0.516788125038147,0.8032984137535095,1,0
kodak,03.png,2030,9001,9.0,30.0,binary16,full_harq,1,8192,4096,2,16388,23.454395294189453,0.004513989668339491,0.3966664671897888,0.8720199465751648,1,0
kodak,04.png,2030,9001,9.0,30.0,binary16,full_harq,1,8192,4096,2,16388,27.553930282592773,0.00175633339677006,0.4222506284713745,0.9400515556335449,0,0
kodak,01.png,2030,9001,9.0,30.0,binary16,fm_only,0,4096,4096,1,12290,20.248441696166992,0.009443998336791992,0.5733034014701843,0.7800090312957764,1,1
kodak,02.png,2030,9001,9.0,30.0,binary16,fm_only,0,4096,4096,1,12290,22.035594940185547,0.006258073728531599,0.5802735686302185,0.7379250526428223,1,1
kodak,03.png,2030,9001,9.0,30.0,binary16,fm_only,0,4096,4096,1,12290,23.767059326171875,0.004200432449579239,0.4513285458087921,0.8317911028862,1,1
kodak,04.png,2030,9001,9.0,30.0,binary16,fm_only,0,4096,4096,1,12290,27.86520004272461,0.0016348579665645957,0.4468209147453308,0.9306738972663879,0,0
kodak,01.png,2030,9001,9.0,30.0,binary16,adaptive_harq,1,8192,4096,2,16388,20.108524322509766,0.009753209538757801,0.568870484828949,0.7839118838310242,1,0
kodak,02.png,2030,9001,9.0,30.0,binary16,adaptive_harq,1,8192,4096,2,16388,21.941606521606445,0.006394980940967798,0.516788125038147,0.8032984137535095,1,0
kodak,03.png,2030,9001,9.0,30.0,binary16,adaptive_harq,1,8192,4096,2,16388,23.454395294189453,0.004513989668339491,0.3966664671897888,0.8720199465751648,1,0
kodak,04.png,2030,9001,9.0,30.0,binary16,adaptive_harq,0,4096,4096,1,12290,27.49641227722168,0.0017797494074329734,0.44330185651779175,0.9314493536949158,0,0
kodak,01.png,2030,9001,9.0,30.0,binary16,flowharq,1,8192,4096,2,16388,20.108524322509766,0.009753209538757801,0.568870484828949,0.7839118838310242,1,0
kodak,02.png,2030,9001,9.0,30.0,binary16,flowharq,1,8192,4096,2,16388,21.941606521606445,0.006394980940967798,0.516788125038147,0.8032984137535095,1,0
kodak,03.png,2030,9001,9.0,30.0,binary16,flowharq,1,8192,4096,2,16388,23.454395294189453,0.004513989668339491,0.3966664671897888,0.8720199465751648,1,0
kodak,04.png,2030,9001,9.0,30.0,binary16,flowharq,0,4096,4096,1,12290,27.86520004272461,0.0016348579665645957,0.4468209147453308,0.9306738972663879,0,0
kodak,05.png,2030,9001,9.0,30.0,ideal,direct,0,4096,4096,1,12290,18.247283935546875,0.014971715398132801,0.5175147652626038,0.7901290059089661,1,1
kodak,06.png,2030,9001,9.0,30.0,ideal,direct,0,4096,4096,1,12290,21.109323501586914,0.007745824288576841,0.6384149193763733,0.7651562690734863,1,1
kodak,07.png,2030,9001,9.0,30.0,ideal,direct,0,4096,4096,1,12290,21.425273895263672,0.007202322129160166,0.5070474743843079,0.7884976267814636,1,1
kodak,08.png,2030,9001,9.0,30.0,ideal,direct,0,4096,4096,1,12290,19.32593536376953,0.011679018847644329,0.47144386172294617,0.8382959365844727,1,1
kodak,05.png,2030,9001,9.0,30.0,ideal,full_harq,1,8192,4096,2,16388,18.345664978027344,0.014636375941336155,0.512429416179657,0.7970353960990906,1,0
kodak,06.png,2030,9001,9.0,30.0,ideal,full_harq,1,8192,4096,2,16388,21.115497589111328,0.007734817918390036,0.6379671096801758,0.7666457295417786,1,0
kodak,07.png,2030,9001,9.0,30.0,ideal,full_harq,1,8192,4096,2,16388,22.067930221557617,0.006211648229509592,0.464983195066452,0.8343674540519714,1,0
kodak,08.png,2030,9001,9.0,30.0,ideal,full_harq,1,8192,4096,2,16388,19.348108291625977,0.01161954551935196,0.47123798727989197,0.8394705653190613,1,0
kodak,05.png,2030,9001,9.0,30.0,ideal,fm_only,0,4096,4096,1,12290,18.294330596923828,0.0148104103282094,0.5176634192466736,0.7897961139678955,1,1
kodak,06.png,2030,9001,9.0,30.0,ideal,fm_only,0,4096,4096,1,12290,21.153907775878906,0.0076667144894599915,0.6383851766586304,0.7651156783103943,1,1
kodak,07.png,2030,9001,9.0,30.0,ideal,fm_only,0,4096,4096,1,12290,21.50859832763672,0.007065454497933388,0.5112777948379517,0.7881218791007996,1,1
kodak,08.png,2030,9001,9.0,30.0,ideal,fm_only,0,4096,4096,1,12290,19.36507797241211,0.011574232019484043,0.4724104106426239,0.8386171460151672,1,1
kodak,05.png,2030,9001,9.0,30.0,ideal,adaptive_harq,1,8192,4096,2,16388,18.345664978027344,0.014636375941336155,0.512429416179657,0.7970353960990906,1,0
kodak,06.png,2030,9001,9.0,30.0,ideal,adaptive_harq,1,8192,4096,2,16388,21.115497589111328,0.007734817918390036,0.6379671096801758,0.7666457295417786,1,0
kodak,07.png,2030,9001,9.0,30.0,ideal,adaptive_harq,1,8192,4096,2,16388,22.067930221557617,0.006211648229509592,0.464983195066452,0.8343674540519714,1,0
kodak,08.png,2030,9001,9.0,30.0,ideal,adaptive_harq,1,8192,4096,2,16388,19.348108291625977,0.01161954551935196,0.47123798727989197,0.8394705653190613,1,0
kodak,05.png,2030,9001,9.0,30.0,ideal,flowharq,1,8192,4096,2,16388,18.345664978027344,0.014636375941336155,0.512429416179657,0.7970353960990906,1,0
kodak,06.png,2030,9001,9.0,30.0,ideal,flowharq,1,8192,4096,2,16388,21.115497589111328,0.007734817918390036,0.6379671096801758,0.7666457295417786,1,0
kodak,07.png,2030,9001,9.0,30.0,ideal,flowharq,1,8192,4096,2,16388,22.067930221557617,0.006211648229509592,0.464983195066452,0.8343674540519714,1,0
kodak,08.png,2030,9001,9.0,30.0,ideal,flowharq,1,8192,4096,2,16388,19.348108291625977,0.01161954551935196,0.47123798727989197,0.8394705653190613,1,0
kodak,05.png,2030,9001,9.0,30.0,binary16,direct,0,4096,4096,1,12290,18.247289657592773,0.014971698634326458,0.5175175070762634,0.7901296615600586,1,1
kodak,06.png,2030,9001,9.0,30.0,binary16,direct,0,4096,4096,1,12290,21.109317779541016,0.007745831739157438,0.6384126543998718,0.765156090259552,1,1
kodak,07.png,2030,9001,9.0,30.0,binary16,direct,0,4096,4096,1,12290,21.425251007080078,0.00720235938206315,0.5070487856864929,0.7884972095489502,1,1
kodak,08.png,2030,9001,9.0,30.0,binary16,direct,0,4096,4096,1,12290,19.325923919677734,0.011679052375257015,0.47144705057144165,0.8382948040962219,1,1
kodak,05.png,2030,9001,9.0,30.0,binary16,full_harq,1,8192,4096,2,16388,18.34566879272461,0.014636361040174961,0.5124330520629883,0.7970358729362488,1,0
kodak,06.png,2030,9001,9.0,30.0,binary16,full_harq,1,8192,4096,2,16388,21.115493774414062,0.007734829094260931,0.6379653215408325,0.7666457295417786,1,0
kodak,07.png,2030,9001,9.0,30.0,binary16,full_harq,1,8192,4096,2,16388,22.06792449951172,0.006211660802364349,0.4649827480316162,0.8343669772148132,1,0
kodak,08.png,2030,9001,9.0,30.0,binary16,full_harq,1,8192,4096,2,16388,19.34809684753418,0.01161957811564207,0.4712405204772949,0.8394692540168762,1,0
kodak,05.png,2030,9001,9.0,30.0,binary16,fm_only,0,4096,4096,1,12290,18.29433822631836,0.014810378663241863,0.5176664590835571,0.7897968292236328,1,1
kodak,06.png,2030,9001,9.0,30.0,binary16,fm_only,0,4096,4096,1,12290,21.15390396118164,0.007666721940040588,0.6383829712867737,0.7651154398918152,1,1
kodak,07.png,2030,9001,9.0,30.0,binary16,fm_only,0,4096,4096,1,12290,21.508594512939453,0.007065464276820421,0.5112797617912292,0.7881219983100891,1,1
kodak,08.png,2030,9001,9.0,30.0,binary16,fm_only,0,4096,4096,1,12290,19.365066528320312,0.011574264615774155,0.4724128544330597,0.8386164307594299,1,1
kodak,05.png,2030,9001,9.0,30.0,binary16,adaptive_harq,1,8192,4096,2,16388,18.34566879272461,0.014636361040174961,0.5124330520629883,0.7970358729362488,1,0
kodak,06.png,2030,9001,9.0,30.0,binary16,adaptive_harq,1,8192,4096,2,16388,21.115493774414062,0.007734829094260931,0.6379653215408325,0.7666457295417786,1,0
kodak,07.png,2030,9001,9.0,30.0,binary16,adaptive_harq,1,8192,4096,2,16388,22.06792449951172,0.006211660802364349,0.4649827480316162,0.8343669772148132,1,0
kodak,08.png,2030,9001,9.0,30.0,binary16,adaptive_harq,1,8192,4096,2,16388,19.34809684753418,0.01161957811564207,0.4712405204772949,0.8394692540168762,1,0
kodak,05.png,2030,9001,9.0,30.0,binary16,flowharq,1,8192,4096,2,16388,18.34566879272461,0.014636361040174961,0.5124330520629883,0.7970358729362488,1,0
kodak,06.png,2030,9001,9.0,30.0,binary16,flowharq,1,8192,4096,2,16388,21.115493774414062,0.007734829094260931,0.6379653215408325,0.7666457295417786,1,0
kodak,07.png,2030,9001,9.0,30.0,binary16,flowharq,1,8192,4096,2,16388,22.06792449951172,0.006211660802364349,0.4649827480316162,0.8343669772148132,1,0
kodak,08.png,2030,9001,9.0,30.0,binary16,flowharq,1,8192,4096,2,16388,19.34809684753418,0.01161957811564207,0.4712405204772949,0.8394692540168762,1,0
kodak,09.png,2030,9001,9.0,30.0,ideal,direct,0,4096,4096,1,12290,23.14260482788086,0.0048499745316803455,0.4256182312965393,0.8567264080047607,1,1
kodak,10.png,2030,9001,9.0,30.0,ideal,direct,0,4096,4096,1,12290,27.877315521240234,0.0016303028678521514,0.5306061506271362,0.8926212787628174,0,0
kodak,11.png,2030,9001,9.0,30.0,ideal,direct,0,4096,4096,1,12290,18.834129333496094,0.013079377822577953,0.5667372941970825,0.7464237213134766,1,1
kodak,12.png,2030,9001,9.0,30.0,ideal,direct,0,4096,4096,1,12290,23.44806480407715,0.004520573187619448,0.5025668144226074,0.8480105400085449,1,1
kodak,09.png,2030,9001,9.0,30.0,ideal,full_harq,1,8192,4096,2,16388,23.693931579589844,0.004271760117262602,0.37458181381225586,0.8840365409851074,1,0
kodak,10.png,2030,9001,9.0,30.0,ideal,full_harq,1,8192,4096,2,16388,28.039714813232422,0.001570465974509716,0.49768170714378357,0.9054005742073059,0,0
kodak,11.png,2030,9001,9.0,30.0,ideal,full_harq,1,8192,4096,2,16388,19.662006378173828,0.010809342376887798,0.5446141958236694,0.8030961155891418,1,0
kodak,12.png,2030,9001,9.0,30.0,ideal,full_harq,1,8192,4096,2,16388,23.498516082763672,0.004468361381441355,0.5043147802352905,0.850550651550293,1,0
kodak,09.png,2030,9001,9.0,30.0,ideal,fm_only,0,4096,4096,1,12290,23.202821731567383,0.004783192649483681,0.4308316111564636,0.8553476333618164,1,1
kodak,10.png,2030,9001,9.0,30.0,ideal,fm_only,0,4096,4096,1,12290,27.89699363708496,0.0016229335451498628,0.5290226936340332,0.8926746845245361,0,0
kodak,11.png,2030,9001,9.0,30.0,ideal,fm_only,0,4096,4096,1,12290,19.02168083190918,0.012526561506092548,0.5701429843902588,0.7442803382873535,1,1
kodak,12.png,2030,9001,9.0,30.0,ideal,fm_only,0,4096,4096,1,12290,23.571151733398438,0.004394249524921179,0.5031107664108276,0.8478567004203796,1,1
kodak,09.png,2030,9001,9.0,30.0,ideal,adaptive_harq,1,8192,4096,2,16388,23.693931579589844,0.004271760117262602,0.37458181381225586,0.8840365409851074,1,0
kodak,10.png,2030,9001,9.0,30.0,ideal,adaptive_harq,0,4096,4096,1,12290,27.877315521240234,0.0016303028678521514,0.5306061506271362,0.8926212787628174,0,0
kodak,11.png,2030,9001,9.0,30.0,ideal,adaptive_harq,1,8192,4096,2,16388,19.662006378173828,0.010809342376887798,0.5446141958236694,0.8030961155891418,1,0
kodak,12.png,2030,9001,9.0,30.0,ideal,adaptive_harq,0,4096,4096,1,12290,23.44806480407715,0.004520573187619448,0.5025668144226074,0.8480105400085449,1,1
kodak,09.png,2030,9001,9.0,30.0,ideal,flowharq,1,8192,4096,2,16388,23.693931579589844,0.004271760117262602,0.37458181381225586,0.8840365409851074,1,0
kodak,10.png,2030,9001,9.0,30.0,ideal,flowharq,0,4096,4096,1,12290,27.89699363708496,0.0016229335451498628,0.5290226936340332,0.8926746845245361,0,0
kodak,11.png,2030,9001,9.0,30.0,ideal,flowharq,1,8192,4096,2,16388,19.662006378173828,0.010809342376887798,0.5446141958236694,0.8030961155891418,1,0
kodak,12.png,2030,9001,9.0,30.0,ideal,flowharq,0,4096,4096,1,12290,23.571151733398438,0.004394249524921179,0.5031107664108276,0.8478567004203796,1,1
kodak,09.png,2030,9001,9.0,30.0,binary16,direct,0,4096,4096,1,12290,23.142627716064453,0.004849947523325682,0.4256203770637512,0.8567258715629578,1,1
kodak,10.png,2030,9001,9.0,30.0,binary16,direct,0,4096,4096,1,12290,27.877262115478516,0.0016303235897794366,0.5306092500686646,0.8926207423210144,0,0
kodak,11.png,2030,9001,9.0,30.0,binary16,direct,0,4096,4096,1,12290,18.834087371826172,0.013079501688480377,0.5667360424995422,0.7464229464530945,1,1
kodak,12.png,2030,9001,9.0,30.0,binary16,direct,0,4096,4096,1,12290,23.44805145263672,0.004520586226135492,0.5025581121444702,0.8480100631713867,1,1
kodak,09.png,2030,9001,9.0,30.0,binary16,full_harq,1,8192,4096,2,16388,23.693923950195312,0.004271766636520624,0.3745819330215454,0.8840367794036865,1,0
kodak,10.png,2030,9001,9.0,30.0,binary16,full_harq,1,8192,4096,2,16388,28.0396728515625,0.0015704816905781627,0.4976850748062134,0.905400812625885,0,0
kodak,11.png,2030,9001,9.0,30.0,binary16,full_harq,1,8192,4096,2,16388,19.661977767944336,0.010809416882693768,0.5446124076843262,0.803095817565918,1,0
kodak,12.png,2030,9001,9.0,30.0,binary16,full_harq,1,8192,4096,2,16388,23.498512268066406,0.0044683669693768024,0.5043079257011414,0.8505501747131348,1,0
kodak,09.png,2030,9001,9.0,30.0,binary16,fm_only,0,4096,4096,1,12290,23.202842712402344,0.004783167969435453,0.4308355450630188,0.8553466796875,1,1
kodak,10.png,2030,9001,9.0,30.0,binary16,fm_only,0,4096,4096,1,12290,27.89824676513672,0.0016224648570641875,0.529386043548584,0.8926709294319153,0,0
kodak,11.png,2030,9001,9.0,30.0,binary16,fm_only,0,4096,4096,1,12290,19.02166175842285,0.01252661645412445,0.5701408982276917,0.7442792057991028,1,1
kodak,12.png,2030,9001,9.0,30.0,binary16,fm_only,0,4096,4096,1,12290,23.57114601135254,0.004394256975501776,0.5031015872955322,0.8478560447692871,1,1
kodak,09.png,2030,9001,9.0,30.0,binary16,adaptive_harq,1,8192,4096,2,16388,23.693923950195312,0.004271766636520624,0.3745819330215454,0.8840367794036865,1,0
kodak,10.png,2030,9001,9.0,30.0,binary16,adaptive_harq,0,4096,4096,1,12290,27.877262115478516,0.0016303235897794366,0.5306092500686646,0.8926207423210144,0,0
kodak,11.png,2030,9001,9.0,30.0,binary16,adaptive_harq,1,8192,4096,2,16388,19.661977767944336,0.010809416882693768,0.5446124076843262,0.803095817565918,1,0
kodak,12.png,2030,9001,9.0,30.0,binary16,adaptive_harq,0,4096,4096,1,12290,23.44805145263672,0.004520586226135492,0.5025581121444702,0.8480100631713867,1,1
kodak,09.png,2030,9001,9.0,30.0,binary16,flowharq,1,8192,4096,2,16388,23.693923950195312,0.004271766636520624,0.3745819330215454,0.8840367794036865,1,0
kodak,10.png,2030,9001,9.0,30.0,binary16,flowharq,0,4096,4096,1,12290,27.89824676513672,0.0016224648570641875,0.529386043548584,0.8926709294319153,0,0
kodak,11.png,2030,9001,9.0,30.0,binary16,flowharq,1,8192,4096,2,16388,19.661977767944336,0.010809416882693768,0.5446124076843262,0.803095817565918,1,0
kodak,12.png,2030,9001,9.0,30.0,binary16,flowharq,0,4096,4096,1,12290,23.57114601135254,0.004394256975501776,0.5031015872955322,0.8478560447692871,1,1
kodak,13.png,2030,9001,9.0,30.0,ideal,direct,0,4096,4096,1,12290,19.929725646972656,0.01016312837600708,0.7301186919212341,0.757702648639679,1,1
kodak,14.png,2030,9001,9.0,30.0,ideal,direct,0,4096,4096,1,12290,19.49322509765625,0.01123769860714674,0.5154212713241577,0.7848403453826904,1,1
kodak,15.png,2030,9001,9.0,30.0,ideal,direct,0,4096,4096,1,12290,22.673526763916016,0.0054031540639698505,0.5030403137207031,0.8464900851249695,1,1
kodak,16.png,2030,9001,9.0,30.0,ideal,direct,0,4096,4096,1,12290,24.029918670654297,0.003953741397708654,0.6262739896774292,0.7991927266120911,0,0
kodak,13.png,2030,9001,9.0,30.0,ideal,full_harq,1,8192,4096,2,16388,19.98424530029297,0.010036342777311802,0.7381654977798462,0.7654778361320496,1,0
kodak,14.png,2030,9001,9.0,30.0,ideal,full_harq,1,8192,4096,2,16388,19.574064254760742,0.011030460707843304,0.5050922632217407,0.7967769503593445,1,0
kodak,15.png,2030,9001,9.0,30.0,ideal,full_harq,1,8192,4096,2,16388,22.850975036621094,0.005186835303902626,0.49008381366729736,0.8578732013702393,1,0
kodak,16.png,2030,9001,9.0,30.0,ideal,full_harq,1,8192,4096,2,16388,24.705608367919922,0.0033840686082839966,0.5706573724746704,0.8497068881988525,0,0
kodak,13.png,2030,9001,9.0,30.0,ideal,fm_only,0,4096,4096,1,12290,20.012264251708984,0.00997180212289095,0.7334936857223511,0.7564234733581543,1,1
kodak,14.png,2030,9001,9.0,30.0,ideal,fm_only,0,4096,4096,1,12290,19.606428146362305,0.010948563925921917,0.5161778926849365,0.784954845905304,1,1
kodak,15.png,2030,9001,9.0,30.0,ideal,fm_only,0,4096,4096,1,12290,22.94022560119629,0.0050813318230211735,0.49993574619293213,0.845703125,1,1
kodak,16.png,2030,9001,9.0,30.0,ideal,fm_only,0,4096,4096,1,12290,24.208316802978516,0.0037946198135614395,0.6424917578697205,0.7927311062812805,0,0
kodak,13.png,2030,9001,9.0,30.0,ideal,adaptive_harq,1,8192,4096,2,16388,19.98424530029297,0.010036342777311802,0.7381654977798462,0.7654778361320496,1,0
kodak,14.png,2030,9001,9.0,30.0,ideal,adaptive_harq,1,8192,4096,2,16388,19.574064254760742,0.011030460707843304,0.5050922632217407,0.7967769503593445,1,0
kodak,15.png,2030,9001,9.0,30.0,ideal,adaptive_harq,1,8192,4096,2,16388,22.850975036621094,0.005186835303902626,0.49008381366729736,0.8578732013702393,1,0
kodak,16.png,2030,9001,9.0,30.0,ideal,adaptive_harq,0,4096,4096,1,12290,24.029918670654297,0.003953741397708654,0.6262739896774292,0.7991927266120911,0,0
kodak,13.png,2030,9001,9.0,30.0,ideal,flowharq,1,8192,4096,2,16388,19.98424530029297,0.010036342777311802,0.7381654977798462,0.7654778361320496,1,0
kodak,14.png,2030,9001,9.0,30.0,ideal,flowharq,1,8192,4096,2,16388,19.574064254760742,0.011030460707843304,0.5050922632217407,0.7967769503593445,1,0
kodak,15.png,2030,9001,9.0,30.0,ideal,flowharq,1,8192,4096,2,16388,22.850975036621094,0.005186835303902626,0.49008381366729736,0.8578732013702393,1,0
kodak,16.png,2030,9001,9.0,30.0,ideal,flowharq,0,4096,4096,1,12290,24.208316802978516,0.0037946198135614395,0.6424917578697205,0.7927311062812805,0,0
kodak,13.png,2030,9001,9.0,30.0,binary16,direct,0,4096,4096,1,12290,19.929731369018555,0.010163117200136185,0.7301207184791565,0.7577019333839417,1,1
kodak,14.png,2030,9001,9.0,30.0,binary16,direct,0,4096,4096,1,12290,19.493244171142578,0.01123765204101801,0.5154204368591309,0.7848405838012695,1,1
kodak,15.png,2030,9001,9.0,30.0,binary16,direct,0,4096,4096,1,12290,22.673551559448242,0.005403121467679739,0.5030413269996643,0.846490204334259,1,1
kodak,16.png,2030,9001,9.0,30.0,binary16,direct,0,4096,4096,1,12290,24.029848098754883,0.003953803796321154,0.626268744468689,0.7991909980773926,0,0
kodak,13.png,2030,9001,9.0,30.0,binary16,full_harq,1,8192,4096,2,16388,19.9842472076416,0.010036340914666653,0.7381704449653625,0.7654767036437988,1,0
kodak,14.png,2030,9001,9.0,30.0,binary16,full_harq,1,8192,4096,2,16388,19.57407569885254,0.011030428111553192,0.5050897002220154,0.7967770099639893,1,0
kodak,15.png,2030,9001,9.0,30.0,binary16,full_harq,1,8192,4096,2,16388,22.85100746154785,0.005186797585338354,0.4900839924812317,0.8578734397888184,1,0
kodak,16.png,2030,9001,9.0,30.0,binary16,full_harq,1,8192,4096,2,16388,24.705520629882812,0.003384136827662587,0.5706568956375122,0.8497042655944824,0,0
kodak,13.png,2030,9001,9.0,30.0,binary16,fm_only,0,4096,4096,1,12290,20.012266159057617,0.009971794672310352,0.7334943413734436,0.7564223408699036,1,1
kodak,14.png,2030,9001,9.0,30.0,binary16,fm_only,0,4096,4096,1,12290,19.606443405151367,0.010948526673018932,0.5161767601966858,0.7849550247192383,1,1
kodak,15.png,2030,9001,9.0,30.0,binary16,fm_only,0,4096,4096,1,12290,22.941999435424805,0.00507925683632493,0.4996989369392395,0.8455464243888855,1,1
kodak,16.png,2030,9001,9.0,30.0,binary16,fm_only,0,4096,4096,1,12290,24.208290100097656,0.003794643096625805,0.6424855589866638,0.7927313446998596,0,0
kodak,13.png,2030,9001,9.0,30.0,binary16,adaptive_harq,1,8192,4096,2,16388,19.9842472076416,0.010036340914666653,0.7381704449653625,0.7654767036437988,1,0
kodak,14.png,2030,9001,9.0,30.0,binary16,adaptive_harq,1,8192,4096,2,16388,19.57407569885254,0.011030428111553192,0.5050897002220154,0.7967770099639893,1,0
kodak,15.png,2030,9001,9.0,30.0,binary16,adaptive_harq,1,8192,4096,2,16388,22.85100746154785,0.005186797585338354,0.4900839924812317,0.8578734397888184,1,0
kodak,16.png,2030,9001,9.0,30.0,binary16,adaptive_harq,0,4096,4096,1,12290,24.029848098754883,0.003953803796321154,0.626268744468689,0.7991909980773926,0,0
kodak,13.png,2030,9001,9.0,30.0,binary16,flowharq,1,8192,4096,2,16388,19.9842472076416,0.010036340914666653,0.7381704449653625,0.7654767036437988,1,0
kodak,14.png,2030,9001,9.0,30.0,binary16,flowharq,1,8192,4096,2,16388,19.57407569885254,0.011030428111553192,0.5050897002220154,0.7967770099639893,1,0
kodak,15.png,2030,9001,9.0,30.0,binary16,flowharq,1,8192,4096,2,16388,22.85100746154785,0.005186797585338354,0.4900839924812317,0.8578734397888184,1,0
kodak,16.png,2030,9001,9.0,30.0,binary16,flowharq,0,4096,4096,1,12290,24.208290100097656,0.003794643096625805,0.6424855589866638,0.7927313446998596,0,0
kodak,17.png,2030,9001,9.0,30.0,ideal,direct,0,4096,4096,1,12290,25.300457000732422,0.0029508976731449366,0.5179803967475891,0.8786876797676086,0,0
kodak,18.png,2030,9001,9.0,30.0,ideal,direct,0,4096,4096,1,12290,20.1898193359375,0.009572337381541729,0.5316094756126404,0.8268468976020813,1,1
kodak,19.png,2030,9001,9.0,30.0,ideal,direct,0,4096,4096,1,12290,20.926950454711914,0.008078020997345448,0.5495585203170776,0.824609100818634,1,1
kodak,20.png,2030,9001,9.0,30.0,ideal,direct,0,4096,4096,1,12290,23.576759338378906,0.00438857963308692,0.2977675199508667,0.9294743537902832,1,1
kodak,17.png,2030,9001,9.0,30.0,ideal,full_harq,1,8192,4096,2,16388,25.481931686401367,0.002830132842063904,0.5103171467781067,0.8899865746498108,0,0
kodak,18.png,2030,9001,9.0,30.0,ideal,full_harq,1,8192,4096,2,16388,20.270771026611328,0.00939556211233139,0.5288299322128296,0.835563600063324,1,0
kodak,19.png,2030,9001,9.0,30.0,ideal,full_harq,1,8192,4096,2,16388,20.93039321899414,0.00807161908596754,0.5458084940910339,0.8299784064292908,1,0
kodak,20.png,2030,9001,9.0,30.0,ideal,full_harq,1,8192,4096,2,16388,23.609050750732422,0.004356069024652243,0.2990413308143616,0.9312631487846375,1,0
kodak,17.png,2030,9001,9.0,30.0,ideal,fm_only,0,4096,4096,1,12290,25.41014862060547,0.0028773003723472357,0.5119933485984802,0.8786320686340332,0,0
kodak,18.png,2030,9001,9.0,30.0,ideal,fm_only,0,4096,4096,1,12290,20.234455108642578,0.00947445910423994,0.531852126121521,0.8261702060699463,1,1
kodak,19.png,2030,9001,9.0,30.0,ideal,fm_only,0,4096,4096,1,12290,20.948123931884766,0.008038734085857868,0.5509864091873169,0.8248065114021301,1,1
kodak,20.png,2030,9001,9.0,30.0,ideal,fm_only,0,4096,4096,1,12290,23.639516830444336,0.00432561943307519,0.2978079915046692,0.92941814661026,1,1
kodak,17.png,2030,9001,9.0,30.0,ideal,adaptive_harq,0,4096,4096,1,12290,25.300457000732422,0.0029508976731449366,0.5179803967475891,0.8786876797676086,0,0
kodak,18.png,2030,9001,9.0,30.0,ideal,adaptive_harq,1,8192,4096,2,16388,20.270771026611328,0.00939556211233139,0.5288299322128296,0.835563600063324,1,0
kodak,19.png,2030,9001,9.0,30.0,ideal,adaptive_harq,0,4096,4096,1,12290,20.926950454711914,0.008078020997345448,0.5495585203170776,0.824609100818634,1,1
kodak,20.png,2030,9001,9.0,30.0,ideal,adaptive_harq,0,4096,4096,1,12290,23.576759338378906,0.00438857963308692,0.2977675199508667,0.9294743537902832,1,1
kodak,17.png,2030,9001,9.0,30.0,ideal,flowharq,0,4096,4096,1,12290,25.41014862060547,0.0028773003723472357,0.5119933485984802,0.8786320686340332,0,0
kodak,18.png,2030,9001,9.0,30.0,ideal,flowharq,1,8192,4096,2,16388,20.270771026611328,0.00939556211233139,0.5288299322128296,0.835563600063324,1,0
kodak,19.png,2030,9001,9.0,30.0,ideal,flowharq,0,4096,4096,1,12290,20.948123931884766,0.008038734085857868,0.5509864091873169,0.8248065114021301,1,1
kodak,20.png,2030,9001,9.0,30.0,ideal,flowharq,0,4096,4096,1,12290,23.639516830444336,0.00432561943307519,0.2978079915046692,0.92941814661026,1,1
kodak,17.png,2030,9001,9.0,30.0,binary16,direct,0,4096,4096,1,12290,25.300411224365234,0.0029509293381124735,0.5179864168167114,0.8786882758140564,0,0
kodak,18.png,2030,9001,9.0,30.0,binary16,direct,0,4096,4096,1,12290,20.189769744873047,0.009572447277605534,0.5316057205200195,0.8268463611602783,1,1
kodak,19.png,2030,9001,9.0,30.0,binary16,direct,0,4096,4096,1,12290,20.926952362060547,0.008078019134700298,0.5495611429214478,0.8246096968650818,1,1
kodak,20.png,2030,9001,9.0,30.0,binary16,direct,0,4096,4096,1,12290,23.576801300048828,0.004388539586216211,0.29777419567108154,0.9294713139533997,1,1
kodak,17.png,2030,9001,9.0,30.0,binary16,full_harq,1,8192,4096,2,16388,25.481889724731445,0.0028301607817411423,0.5103242993354797,0.889986515045166,0,0
kodak,18.png,2030,9001,9.0,30.0,binary16,full_harq,1,8192,4096,2,16388,20.270729064941406,0.009395654313266277,0.5288258790969849,0.835562527179718,1,0
kodak,19.png,2030,9001,9.0,30.0,binary16,full_harq,1,8192,4096,2,16388,20.93038558959961,0.008071633987128735,0.5458083152770996,0.8299785256385803,1,0
kodak,20.png,2030,9001,9.0,30.0,binary16,full_harq,1,8192,4096,2,16388,23.609094619750977,0.004356027115136385,0.2990467846393585,0.9312615990638733,1,0
kodak,17.png,2030,9001,9.0,30.0,binary16,fm_only,0,4096,4096,1,12290,25.409347534179688,0.0028778305277228355,0.5120168924331665,0.8786210417747498,0,0
kodak,18.png,2030,9001,9.0,30.0,binary16,fm_only,0,4096,4096,1,12290,20.234411239624023,0.009474559687077999,0.5318489074707031,0.8261697888374329,1,1
kodak,19.png,2030,9001,9.0,30.0,binary16,fm_only,0,4096,4096,1,12290,20.9481201171875,0.008038741536438465,0.5509894490242004,0.8248071670532227,1,1
kodak,20.png,2030,9001,9.0,30.0,binary16,fm_only,0,4096,4096,1,12290,23.63956069946289,0.004325577523559332,0.29781386256217957,0.9294166564941406,1,1
kodak,17.png,2030,9001,9.0,30.0,binary16,adaptive_harq,0,4096,4096,1,12290,25.300411224365234,0.0029509293381124735,0.5179864168167114,0.8786882758140564,0,0
kodak,18.png,2030,9001,9.0,30.0,binary16,adaptive_harq,1,8192,4096,2,16388,20.270729064941406,0.009395654313266277,0.5288258790969849,0.835562527179718,1,0
kodak,19.png,2030,9001,9.0,30.0,binary16,adaptive_harq,0,4096,4096,1,12290,20.926952362060547,0.008078019134700298,0.5495611429214478,0.8246096968650818,1,1
kodak,20.png,2030,9001,9.0,30.0,binary16,adaptive_harq,0,4096,4096,1,12290,23.576801300048828,0.004388539586216211,0.29777419567108154,0.9294713139533997,1,1
kodak,17.png,2030,9001,9.0,30.0,binary16,flowharq,0,4096,4096,1,12290,25.409347534179688,0.0028778305277228355,0.5120168924331665,0.8786210417747498,0,0
kodak,18.png,2030,9001,9.0,30.0,binary16,flowharq,1,8192,4096,2,16388,20.270729064941406,0.009395654313266277,0.5288258790969849,0.835562527179718,1,0
kodak,19.png,2030,9001,9.0,30.0,binary16,flowharq,0,4096,4096,1,12290,20.9481201171875,0.008038741536438465,0.5509894490242004,0.8248071670532227,1,1
kodak,20.png,2030,9001,9.0,30.0,binary16,flowharq,0,4096,4096,1,12290,23.63956069946289,0.004325577523559332,0.29781386256217957,0.9294166564941406,1,1
kodak,21.png,2030,9001,9.0,30.0,ideal,direct,0,4096,4096,1,12290,21.215391159057617,0.00755893811583519,0.4983270764350891,0.8391766548156738,1,1
kodak,22.png,2030,9001,9.0,30.0,ideal,direct,0,4096,4096,1,12290,21.33172035217285,0.0073591540567576885,0.5672101378440857,0.7973377108573914,1,1
kodak,23.png,2030,9001,9.0,30.0,ideal,direct,0,4096,4096,1,12290,22.229736328125,0.0059844800271093845,0.3906615376472473,0.8357140421867371,1,1
kodak,24.png,2030,9001,9.0,30.0,ideal,direct,0,4096,4096,1,12290,23.493324279785156,0.004473708104342222,0.5685058832168579,0.8606995940208435,1,1
kodak,21.png,2030,9001,9.0,30.0,ideal,full_harq,1,8192,4096,2,16388,21.428436279296875,0.007197077851742506,0.48359185457229614,0.8541045188903809,1,0
kodak,22.png,2030,9001,9.0,30.0,ideal,full_harq,1,8192,4096,2,16388,21.337852478027344,0.007348769810050726,0.5602829456329346,0.8020491003990173,1,0
kodak,23.png,2030,9001,9.0,30.0,ideal,full_harq,1,8192,4096,2,16388,23.030317306518555,0.004977008327841759,0.3543430268764496,0.8715656399726868,1,0
kodak,24.png,2030,9001,9.0,30.0,ideal,full_harq,1,8192,4096,2,16388,23.6622314453125,0.004303055349737406,0.5605727434158325,0.8773458003997803,1,0
kodak,21.png,2030,9001,9.0,30.0,ideal,fm_only,0,4096,4096,1,12290,21.27887535095215,0.007449248805642128,0.5012075304985046,0.8391194343566895,1,1
kodak,22.png,2030,9001,9.0,30.0,ideal,fm_only,0,4096,4096,1,12290,21.43394660949707,0.00718795508146286,0.5679690837860107,0.7961967587471008,1,1
kodak,23.png,2030,9001,9.0,30.0,ideal,fm_only,0,4096,4096,1,12290,22.359176635742188,0.005808747839182615,0.4153403341770172,0.8261775374412537,1,1
kodak,24.png,2030,9001,9.0,30.0,ideal,fm_only,0,4096,4096,1,12290,23.688840866088867,0.0042767710983753204,0.567270040512085,0.8595499396324158,1,1
kodak,21.png,2030,9001,9.0,30.0,ideal,adaptive_harq,1,8192,4096,2,16388,21.428436279296875,0.007197077851742506,0.48359185457229614,0.8541045188903809,1,0
kodak,22.png,2030,9001,9.0,30.0,ideal,adaptive_harq,1,8192,4096,2,16388,21.337852478027344,0.007348769810050726,0.5602829456329346,0.8020491003990173,1,0
kodak,23.png,2030,9001,9.0,30.0,ideal,adaptive_harq,1,8192,4096,2,16388,23.030317306518555,0.004977008327841759,0.3543430268764496,0.8715656399726868,1,0
kodak,24.png,2030,9001,9.0,30.0,ideal,adaptive_harq,0,4096,4096,1,12290,23.493324279785156,0.004473708104342222,0.5685058832168579,0.8606995940208435,1,1
kodak,21.png,2030,9001,9.0,30.0,ideal,flowharq,1,8192,4096,2,16388,21.428436279296875,0.007197077851742506,0.48359185457229614,0.8541045188903809,1,0
kodak,22.png,2030,9001,9.0,30.0,ideal,flowharq,1,8192,4096,2,16388,21.337852478027344,0.007348769810050726,0.5602829456329346,0.8020491003990173,1,0
kodak,23.png,2030,9001,9.0,30.0,ideal,flowharq,1,8192,4096,2,16388,23.030317306518555,0.004977008327841759,0.3543430268764496,0.8715656399726868,1,0
kodak,24.png,2030,9001,9.0,30.0,ideal,flowharq,0,4096,4096,1,12290,23.688840866088867,0.0042767710983753204,0.567270040512085,0.8595499396324158,1,1
kodak,21.png,2030,9001,9.0,30.0,binary16,direct,0,4096,4096,1,12290,21.215436935424805,0.007558860350400209,0.4983271360397339,0.8391785621643066,1,1
kodak,22.png,2030,9001,9.0,30.0,binary16,direct,0,4096,4096,1,12290,21.331727981567383,0.007359143812209368,0.5672144889831543,0.7973361611366272,1,1
kodak,23.png,2030,9001,9.0,30.0,binary16,direct,0,4096,4096,1,12290,22.22979736328125,0.005984393879771233,0.39065951108932495,0.8357146382331848,1,1
kodak,24.png,2030,9001,9.0,30.0,binary16,direct,0,4096,4096,1,12290,23.4932918548584,0.004473740700632334,0.5685029029846191,0.8606985211372375,1,1
kodak,21.png,2030,9001,9.0,30.0,binary16,full_harq,1,8192,4096,2,16388,21.428455352783203,0.007197048049420118,0.48358970880508423,0.8541057705879211,1,0
kodak,22.png,2030,9001,9.0,30.0,binary16,full_harq,1,8192,4096,2,16388,21.337852478027344,0.007348773535341024,0.5602864623069763,0.8020475506782532,1,0
kodak,23.png,2030,9001,9.0,30.0,binary16,full_harq,1,8192,4096,2,16388,23.030345916748047,0.004976973868906498,0.3543391525745392,0.8715665936470032,1,0
kodak,24.png,2030,9001,9.0,30.0,binary16,full_harq,1,8192,4096,2,16388,23.662227630615234,0.00430305814370513,0.5605701804161072,0.8773453235626221,1,0
kodak,21.png,2030,9001,9.0,30.0,binary16,fm_only,0,4096,4096,1,12290,21.278915405273438,0.0074491784907877445,0.5012079477310181,0.8391213417053223,1,1
kodak,22.png,2030,9001,9.0,30.0,binary16,fm_only,0,4096,4096,1,12290,21.4339542388916,0.007187940645962954,0.5679728984832764,0.7961953282356262,1,1
kodak,23.png,2030,9001,9.0,30.0,binary16,fm_only,0,4096,4096,1,12290,22.359291076660156,0.005808593239635229,0.41534245014190674,0.8261775970458984,1,1
kodak,24.png,2030,9001,9.0,30.0,binary16,fm_only,0,4096,4096,1,12290,23.688804626464844,0.004276804625988007,0.5672670602798462,0.8595485091209412,1,1
kodak,21.png,2030,9001,9.0,30.0,binary16,adaptive_harq,1,8192,4096,2,16388,21.428455352783203,0.007197048049420118,0.48358970880508423,0.8541057705879211,1,0
kodak,22.png,2030,9001,9.0,30.0,binary16,adaptive_harq,1,8192,4096,2,16388,21.337852478027344,0.007348773535341024,0.5602864623069763,0.8020475506782532,1,0
kodak,23.png,2030,9001,9.0,30.0,binary16,adaptive_harq,1,8192,4096,2,16388,23.030345916748047,0.004976973868906498,0.3543391525745392,0.8715665936470032,1,0
kodak,24.png,2030,9001,9.0,30.0,binary16,adaptive_harq,0,4096,4096,1,12290,23.4932918548584,0.004473740700632334,0.5685029029846191,0.8606985211372375,1,1
kodak,21.png,2030,9001,9.0,30.0,binary16,flowharq,1,8192,4096,2,16388,21.428455352783203,0.007197048049420118,0.48358970880508423,0.8541057705879211,1,0
kodak,22.png,2030,9001,9.0,30.0,binary16,flowharq,1,8192,4096,2,16388,21.337852478027344,0.007348773535341024,0.5602864623069763,0.8020475506782532,1,0
kodak,23.png,2030,9001,9.0,30.0,binary16,flowharq,1,8192,4096,2,16388,23.030345916748047,0.004976973868906498,0.3543391525745392,0.8715665936470032,1,0
kodak,24.png,2030,9001,9.0,30.0,binary16,flowharq,0,4096,4096,1,12290,23.688804626464844,0.004276804625988007,0.5672670602798462,0.8595485091209412,1,1
kodak,01.png,2030,9001,9.0,60.0,ideal,direct,0,4096,4096,1,12290,19.31707000732422,0.011702890507876873,0.6575149297714233,0.6895154118537903,1,1
kodak,02.png,2030,9001,9.0,60.0,ideal,direct,0,4096,4096,1,12290,22.412416458129883,0.005737971048802137,0.4950472116470337,0.8322300314903259,1,1
kodak,03.png,2030,9001,9.0,60.0,ideal,direct,0,4096,4096,1,12290,23.185840606689453,0.004801932256668806,0.41733264923095703,0.8572166562080383,1,1
kodak,04.png,2030,9001,9.0,60.0,ideal,direct,0,4096,4096,1,12290,27.265413284301758,0.0018769762245938182,0.47094011306762695,0.9166395664215088,0,0
kodak,01.png,2030,9001,9.0,60.0,ideal,full_harq,1,8192,4096,2,16388,20.253217697143555,0.009433617815375328,0.5651878714561462,0.7952635288238525,1,0
kodak,02.png,2030,9001,9.0,60.0,ideal,full_harq,1,8192,4096,2,16388,22.43963050842285,0.005702128168195486,0.4852263033390045,0.8421538472175598,1,0
kodak,03.png,2030,9001,9.0,60.0,ideal,full_harq,1,8192,4096,2,16388,23.41814422607422,0.00455182371661067,0.40087807178497314,0.8687233328819275,1,0
kodak,04.png,2030,9001,9.0,60.0,ideal,full_harq,1,8192,4096,2,16388,27.606908798217773,0.0017350380076095462,0.44275543093681335,0.9305109977722168,0,0
kodak,01.png,2030,9001,9.0,60.0,ideal,fm_only,0,4096,4096,1,12290,19.601839065551758,0.010960139334201813,0.6752400398254395,0.6874061226844788,1,1
kodak,02.png,2030,9001,9.0,60.0,ideal,fm_only,0,4096,4096,1,12290,22.57788848876953,0.005523458123207092,0.49674463272094727,0.8310930132865906,1,1
kodak,03.png,2030,9001,9.0,60.0,ideal,fm_only,0,4096,4096,1,12290,23.671825408935547,0.004293559584766626,0.41707324981689453,0.8599548935890198,1,1
kodak,04.png,2030,9001,9.0,60.0,ideal,fm_only,0,4096,4096,1,12290,27.60118293762207,0.0017373277805745602,0.4805278182029724,0.9153596758842468,0,0
kodak,01.png,2030,9001,9.0,60.0,ideal,adaptive_harq,1,8192,4096,2,16388,20.253217697143555,0.009433617815375328,0.5651878714561462,0.7952635288238525,1,0
kodak,02.png,2030,9001,9.0,60.0,ideal,adaptive_harq,1,8192,4096,2,16388,22.43963050842285,0.005702128168195486,0.4852263033390045,0.8421538472175598,1,0
kodak,03.png,2030,9001,9.0,60.0,ideal,adaptive_harq,0,4096,4096,1,12290,23.185840606689453,0.004801932256668806,0.41733264923095703,0.8572166562080383,1,1
kodak,04.png,2030,9001,9.0,60.0,ideal,adaptive_harq,0,4096,4096,1,12290,27.265413284301758,0.0018769762245938182,0.47094011306762695,0.9166395664215088,0,0
kodak,01.png,2030,9001,9.0,60.0,ideal,flowharq,1,8192,4096,2,16388,20.253217697143555,0.009433617815375328,0.5651878714561462,0.7952635288238525,1,0
kodak,02.png,2030,9001,9.0,60.0,ideal,flowharq,1,8192,4096,2,16388,22.43963050842285,0.005702128168195486,0.4852263033390045,0.8421538472175598,1,0
kodak,03.png,2030,9001,9.0,60.0,ideal,flowharq,0,4096,4096,1,12290,23.671825408935547,0.004293559584766626,0.41707324981689453,0.8599548935890198,1,1
kodak,04.png,2030,9001,9.0,60.0,ideal,flowharq,0,4096,4096,1,12290,27.60118293762207,0.0017373277805745602,0.4805278182029724,0.9153596758842468,0,0
kodak,01.png,2030,9001,9.0,60.0,binary16,direct,0,4096,4096,1,12290,19.31711196899414,0.01170277502387762,0.6575140953063965,0.6895162463188171,1,1
kodak,02.png,2030,9001,9.0,60.0,binary16,direct,0,4096,4096,1,12290,22.41236114501953,0.005738043691962957,0.4950465261936188,0.8322277069091797,1,1
kodak,03.png,2030,9001,9.0,60.0,binary16,direct,0,4096,4096,1,12290,23.185813903808594,0.004801962524652481,0.4173373579978943,0.8572184443473816,1,1
kodak,04.png,2030,9001,9.0,60.0,binary16,direct,0,4096,4096,1,12290,27.26527214050293,0.0018770372262224555,0.470937043428421,0.916639506816864,0,0
kodak,01.png,2030,9001,9.0,60.0,binary16,full_harq,1,8192,4096,2,16388,20.253286361694336,0.009433467872440815,0.5651857256889343,0.7952654957771301,1,0
kodak,02.png,2030,9001,9.0,60.0,binary16,full_harq,1,8192,4096,2,16388,22.439584732055664,0.0057021877728402615,0.4852258265018463,0.8421522974967957,1,0
kodak,03.png,2030,9001,9.0,60.0,binary16,full_harq,1,8192,4096,2,16388,23.418094635009766,0.004551877733319998,0.4008859097957611,0.8687241673469543,1,0
kodak,04.png,2030,9001,9.0,60.0,binary16,full_harq,1,8192,4096,2,16388,27.606731414794922,0.001735109486617148,0.4427551329135895,0.9305106997489929,0,0
kodak,01.png,2030,9001,9.0,60.0,binary16,fm_only,0,4096,4096,1,12290,19.601890563964844,0.010960008949041367,0.6752415895462036,0.6874070167541504,1,1
kodak,02.png,2030,9001,9.0,60.0,binary16,fm_only,0,4096,4096,1,12290,22.577835083007812,0.005523528438061476,0.49674445390701294,0.8310904502868652,1,1
kodak,03.png,2030,9001,9.0,60.0,binary16,fm_only,0,4096,4096,1,12290,23.67183494567871,0.004293551202863455,0.41707879304885864,0.8599559664726257,1,1
kodak,04.png,2030,9001,9.0,60.0,binary16,fm_only,0,4096,4096,1,12290,27.6010799407959,0.001737368293106556,0.48052436113357544,0.9153590202331543,0,0
kodak,01.png,2030,9001,9.0,60.0,binary16,adaptive_harq,1,8192,4096,2,16388,20.253286361694336,0.009433467872440815,0.5651857256889343,0.7952654957771301,1,0
kodak,02.png,2030,9001,9.0,60.0,binary16,adaptive_harq,1,8192,4096,2,16388,22.439584732055664,0.0057021877728402615,0.4852258265018463,0.8421522974967957,1,0
kodak,03.png,2030,9001,9.0,60.0,binary16,adaptive_harq,0,4096,4096,1,12290,23.185813903808594,0.004801962524652481,0.4173373579978943,0.8572184443473816,1,1
kodak,04.png,2030,9001,9.0,60.0,binary16,adaptive_harq,0,4096,4096,1,12290,27.26527214050293,0.0018770372262224555,0.470937043428421,0.916639506816864,0,0
kodak,01.png,2030,9001,9.0,60.0,binary16,flowharq,1,8192,4096,2,16388,20.253286361694336,0.009433467872440815,0.5651857256889343,0.7952654957771301,1,0
kodak,02.png,2030,9001,9.0,60.0,binary16,flowharq,1,8192,4096,2,16388,22.439584732055664,0.0057021877728402615,0.4852258265018463,0.8421522974967957,1,0
kodak,03.png,2030,9001,9.0,60.0,binary16,flowharq,0,4096,4096,1,12290,23.67183494567871,0.004293551202863455,0.41707879304885864,0.8599559664726257,1,1
kodak,04.png,2030,9001,9.0,60.0,binary16,flowharq,0,4096,4096,1,12290,27.6010799407959,0.001737368293106556,0.48052436113357544,0.9153590202331543,0,0
kodak,05.png,2030,9001,9.0,60.0,ideal,direct,0,4096,4096,1,12290,17.340377807617188,0.018448546528816223,0.6088835000991821,0.7044511437416077,1,1
kodak,06.png,2030,9001,9.0,60.0,ideal,direct,0,4096,4096,1,12290,20.951648712158203,0.00803221296519041,0.6448028087615967,0.7481658458709717,1,1
kodak,07.png,2030,9001,9.0,60.0,ideal,direct,0,4096,4096,1,12290,20.681161880493164,0.008548379875719547,0.5928728580474854,0.7404490113258362,1,1
kodak,08.png,2030,9001,9.0,60.0,ideal,direct,0,4096,4096,1,12290,18.91907501220703,0.012826035730540752,0.495981901884079,0.8150882124900818,1,1
kodak,05.png,2030,9001,9.0,60.0,ideal,full_harq,1,8192,4096,2,16388,17.62380027770996,0.017283033579587936,0.5809824466705322,0.7303392291069031,1,0
kodak,06.png,2030,9001,9.0,60.0,ideal,full_harq,1,8192,4096,2,16388,20.966888427734375,0.008004074916243553,0.6447534561157227,0.7489472031593323,1,0
kodak,07.png,2030,9001,9.0,60.0,ideal,full_harq,1,8192,4096,2,16388,22.039897918701172,0.006251873914152384,0.4729670286178589,0.8320353031158447,1,0
kodak,08.png,2030,9001,9.0,60.0,ideal,full_harq,1,8192,4096,2,16388,19.268720626831055,0.011833902448415756,0.47621601819992065,0.8339082598686218,1,0
kodak,05.png,2030,9001,9.0,60.0,ideal,fm_only,0,4096,4096,1,12290,17.429149627685547,0.018075278028845787,0.6148620247840881,0.7059316635131836,1,1
kodak,06.png,2030,9001,9.0,60.0,ideal,fm_only,0,4096,4096,1,12290,21.055912017822266,0.00784167181700468,0.6455411911010742,0.7488817572593689,1,1
kodak,07.png,2030,9001,9.0,60.0,ideal,fm_only,0,4096,4096,1,12290,20.687225341796875,0.008536453358829021,0.5931293368339539,0.737616240978241,1,1
kodak,08.png,2030,9001,9.0,60.0,ideal,fm_only,0,4096,4096,1,12290,18.960851669311523,0.012703250162303448,0.4941645562648773,0.8146967887878418,1,1
kodak,05.png,2030,9001,9.0,60.0,ideal,adaptive_harq,1,8192,4096,2,16388,17.62380027770996,0.017283033579587936,0.5809824466705322,0.7303392291069031,1,0
kodak,06.png,2030,9001,9.0,60.0,ideal,adaptive_harq,1,8192,4096,2,16388,20.966888427734375,0.008004074916243553,0.6447534561157227,0.7489472031593323,1,0
kodak,07.png,2030,9001,9.0,60.0,ideal,adaptive_harq,1,8192,4096,2,16388,22.039897918701172,0.006251873914152384,0.4729670286178589,0.8320353031158447,1,0
kodak,08.png,2030,9001,9.0,60.0,ideal,adaptive_harq,1,8192,4096,2,16388,19.268720626831055,0.011833902448415756,0.47621601819992065,0.8339082598686218,1,0
kodak,05.png,2030,9001,9.0,60.0,ideal,flowharq,1,8192,4096,2,16388,17.62380027770996,0.017283033579587936,0.5809824466705322,0.7303392291069031,1,0
kodak,06.png,2030,9001,9.0,60.0,ideal,flowharq,1,8192,4096,2,16388,20.966888427734375,0.008004074916243553,0.6447534561157227,0.7489472031593323,1,0
kodak,07.png,2030,9001,9.0,60.0,ideal,flowharq,1,8192,4096,2,16388,22.039897918701172,0.006251873914152384,0.4729670286178589,0.8320353031158447,1,0
kodak,08.png,2030,9001,9.0,60.0,ideal,flowharq,1,8192,4096,2,16388,19.268720626831055,0.011833902448415756,0.47621601819992065,0.8339082598686218,1,0
kodak,05.png,2030,9001,9.0,60.0,binary16,direct,0,4096,4096,1,12290,17.340373992919922,0.018448565155267715,0.6088801622390747,0.7044528126716614,1,1
kodak,06.png,2030,9001,9.0,60.0,binary16,direct,0,4096,4096,1,12290,20.951641082763672,0.008032227866351604,0.6447999477386475,0.7481659054756165,1,1
kodak,07.png,2030,9001,9.0,60.0,binary16,direct,0,4096,4096,1,12290,20.681135177612305,0.008548429235816002,0.5928753614425659,0.7404482960700989,1,1
kodak,08.png,2030,9001,9.0,60.0,binary16,direct,0,4096,4096,1,12290,18.919069290161133,0.012826054356992245,0.49598103761672974,0.8150887489318848,1,1
kodak,05.png,2030,9001,9.0,60.0,binary16,full_harq,1,8192,4096,2,16388,17.623790740966797,0.017283067107200623,0.5809832215309143,0.730340301990509,1,0
kodak,06.png,2030,9001,9.0,60.0,binary16,full_harq,1,8192,4096,2,16388,20.966880798339844,0.008004088886082172,0.6447513103485107,0.7489473223686218,1,0
kodak,07.png,2030,9001,9.0,60.0,binary16,full_harq,1,8192,4096,2,16388,22.039878845214844,0.006251903250813484,0.4729651212692261,0.8320356011390686,1,0
kodak,08.png,2030,9001,9.0,60.0,binary16,full_harq,1,8192,4096,2,16388,19.268720626831055,0.011833901517093182,0.4762190580368042,0.83390873670578,1,0
kodak,05.png,2030,9001,9.0,60.0,binary16,fm_only,0,4096,4096,1,12290,17.429149627685547,0.018075281754136086,0.6148613691329956,0.7059337496757507,1,1
kodak,06.png,2030,9001,9.0,60.0,binary16,fm_only,0,4096,4096,1,12290,21.055910110473633,0.007841675542294979,0.6455351114273071,0.7488820552825928,1,1
kodak,07.png,2030,9001,9.0,60.0,binary16,fm_only,0,4096,4096,1,12290,20.687177658081055,0.008536550216376781,0.5931310057640076,0.7376156449317932,1,1
kodak,08.png,2030,9001,9.0,60.0,binary16,fm_only,0,4096,4096,1,12290,18.96084213256836,0.012703279964625835,0.4941653609275818,0.8146968483924866,1,1
kodak,05.png,2030,9001,9.0,60.0,binary16,adaptive_harq,1,8192,4096,2,16388,17.623790740966797,0.017283067107200623,0.5809832215309143,0.730340301990509,1,0
kodak,06.png,2030,9001,9.0,60.0,binary16,adaptive_harq,1,8192,4096,2,16388,20.966880798339844,0.008004088886082172,0.6447513103485107,0.7489473223686218,1,0
kodak,07.png,2030,9001,9.0,60.0,binary16,adaptive_harq,1,8192,4096,2,16388,22.039878845214844,0.006251903250813484,0.4729651212692261,0.8320356011390686,1,0
kodak,08.png,2030,9001,9.0,60.0,binary16,adaptive_harq,1,8192,4096,2,16388,19.268720626831055,0.011833901517093182,0.4762190580368042,0.83390873670578,1,0
kodak,05.png,2030,9001,9.0,60.0,binary16,flowharq,1,8192,4096,2,16388,17.623790740966797,0.017283067107200623,0.5809832215309143,0.730340301990509,1,0
kodak,06.png,2030,9001,9.0,60.0,binary16,flowharq,1,8192,4096,2,16388,20.966880798339844,0.008004088886082172,0.6447513103485107,0.7489473223686218,1,0
kodak,07.png,2030,9001,9.0,60.0,binary16,flowharq,1,8192,4096,2,16388,22.039878845214844,0.006251903250813484,0.4729651212692261,0.8320356011390686,1,0
kodak,08.png,2030,9001,9.0,60.0,binary16,flowharq,1,8192,4096,2,16388,19.268720626831055,0.011833901517093182,0.4762190580368042,0.83390873670578,1,0
kodak,09.png,2030,9001,9.0,60.0,ideal,direct,0,4096,4096,1,12290,16.531452178955078,0.02222566492855549,0.7915183901786804,0.40167245268821716,1,1
kodak,10.png,2030,9001,9.0,60.0,ideal,direct,0,4096,4096,1,12290,28.097347259521484,0.0015497622080147266,0.5129510164260864,0.8958725333213806,0,0
kodak,11.png,2030,9001,9.0,60.0,ideal,direct,0,4096,4096,1,12290,19.655174255371094,0.010826360434293747,0.5679237842559814,0.7870388031005859,1,1
kodak,12.png,2030,9001,9.0,60.0,ideal,direct,0,4096,4096,1,12290,21.924869537353516,0.006419673096388578,0.6075505614280701,0.7536073327064514,1,1
kodak,09.png,2030,9001,9.0,60.0,ideal,full_harq,1,8192,4096,2,16388,23.767250061035156,0.004200249444693327,0.36582666635513306,0.8876113891601562,1,0
kodak,10.png,2030,9001,9.0,60.0,ideal,full_harq,1,8192,4096,2,16388,28.323232650756836,0.001471216673962772,0.4899321496486664,0.9077301025390625,0,0
kodak,11.png,2030,9001,9.0,60.0,ideal,full_harq,1,8192,4096,2,16388,20.05152702331543,0.009882055222988129,0.5259449481964111,0.8210594058036804,1,0
kodak,12.png,2030,9001,9.0,60.0,ideal,full_harq,1,8192,4096,2,16388,22.994083404541016,0.005018705036491156,0.5370455980300903,0.8227577805519104,1,0
kodak,09.png,2030,9001,9.0,60.0,ideal,fm_only,0,4096,4096,1,12290,16.527406692504883,0.022246375679969788,0.7883549928665161,0.3990478515625,1,1
kodak,10.png,2030,9001,9.0,60.0,ideal,fm_only,0,4096,4096,1,12290,28.095809936523438,0.0015503113390877843,0.5110887885093689,0.895489513874054,0,0
kodak,11.png,2030,9001,9.0,60.0,ideal,fm_only,0,4096,4096,1,12290,19.7960262298584,0.01048087328672409,0.5649715662002563,0.7847892642021179,1,1
kodak,12.png,2030,9001,9.0,60.0,ideal,fm_only,0,4096,4096,1,12290,22.027233123779297,0.006270131561905146,0.6261606216430664,0.7428420186042786,1,1
kodak,09.png,2030,9001,9.0,60.0,ideal,adaptive_harq,1,8192,4096,2,16388,23.767250061035156,0.004200249444693327,0.36582666635513306,0.8876113891601562,1,0
kodak,10.png,2030,9001,9.0,60.0,ideal,adaptive_harq,0,4096,4096,1,12290,28.097347259521484,0.0015497622080147266,0.5129510164260864,0.8958725333213806,0,0
kodak,11.png,2030,9001,9.0,60.0,ideal,adaptive_harq,1,8192,4096,2,16388,20.05152702331543,0.009882055222988129,0.5259449481964111,0.8210594058036804,1,0
kodak,12.png,2030,9001,9.0,60.0,ideal,adaptive_harq,1,8192,4096,2,16388,22.994083404541016,0.005018705036491156,0.5370455980300903,0.8227577805519104,1,0
kodak,09.png,2030,9001,9.0,60.0,ideal,flowharq,1,8192,4096,2,16388,23.767250061035156,0.004200249444693327,0.36582666635513306,0.8876113891601562,1,0
kodak,10.png,2030,9001,9.0,60.0,ideal,flowharq,0,4096,4096,1,12290,28.095809936523438,0.0015503113390877843,0.5110887885093689,0.895489513874054,0,0
kodak,11.png,2030,9001,9.0,60.0,ideal,flowharq,1,8192,4096,2,16388,20.05152702331543,0.009882055222988129,0.5259449481964111,0.8210594058036804,1,0
kodak,12.png,2030,9001,9.0,60.0,ideal,flowharq,1,8192,4096,2,16388,22.994083404541016,0.005018705036491156,0.5370455980300903,0.8227577805519104,1,0
kodak,09.png,2030,9001,9.0,60.0,binary16,direct,0,4096,4096,1,12290,16.531383514404297,0.022226018831133842,0.7915187478065491,0.40167316794395447,1,1
kodak,10.png,2030,9001,9.0,60.0,binary16,direct,0,4096,4096,1,12290,28.097328186035156,0.0015497695421800017,0.5129559636116028,0.895873486995697,0,0
kodak,11.png,2030,9001,9.0,60.0,binary16,direct,0,4096,4096,1,12290,19.655132293701172,0.010826467536389828,0.5679207444190979,0.7870380878448486,1,1
kodak,12.png,2030,9001,9.0,60.0,binary16,direct,0,4096,4096,1,12290,21.92481803894043,0.006419751793146133,0.6075420379638672,0.7536043524742126,1,1
kodak,09.png,2030,9001,9.0,60.0,binary16,full_harq,1,8192,4096,2,16388,23.76725959777832,0.004200240597128868,0.3658275604248047,0.8876108527183533,1,0
kodak,10.png,2030,9001,9.0,60.0,binary16,full_harq,1,8192,4096,2,16388,28.323219299316406,0.001471222029067576,0.4899366796016693,0.9077299237251282,0,0
kodak,11.png,2030,9001,9.0,60.0,binary16,full_harq,1,8192,4096,2,16388,20.05148696899414,0.009882145561277866,0.5259428024291992,0.8210592269897461,1,0
kodak,12.png,2030,9001,9.0,60.0,binary16,full_harq,1,8192,4096,2,16388,22.994083404541016,0.005018703639507294,0.5370323061943054,0.8227577209472656,1,0
kodak,09.png,2030,9001,9.0,60.0,binary16,fm_only,0,4096,4096,1,12290,16.52735137939453,0.022246666252613068,0.7883576154708862,0.39904847741127014,1,1
kodak,10.png,2030,9001,9.0,60.0,binary16,fm_only,0,4096,4096,1,12290,28.095806121826172,0.0015503130853176117,0.5110923051834106,0.8954899907112122,0,0
kodak,11.png,2030,9001,9.0,60.0,binary16,fm_only,0,4096,4096,1,12290,19.795988082885742,0.010480965487658978,0.5649694204330444,0.7847883701324463,1,1
kodak,12.png,2030,9001,9.0,60.0,binary16,fm_only,0,4096,4096,1,12290,22.027179718017578,0.006270207930356264,0.6261568069458008,0.7428391575813293,1,1
kodak,09.png,2030,9001,9.0,60.0,binary16,adaptive_harq,1,8192,4096,2,16388,23.76725959777832,0.004200240597128868,0.3658275604248047,0.8876108527183533,1,0
kodak,10.png,2030,9001,9.0,60.0,binary16,adaptive_harq,0,4096,4096,1,12290,28.097328186035156,0.0015497695421800017,0.5129559636116028,0.895873486995697,0,0
kodak,11.png,2030,9001,9.0,60.0,binary16,adaptive_harq,1,8192,4096,2,16388,20.05148696899414,0.009882145561277866,0.5259428024291992,0.8210592269897461,1,0
kodak,12.png,2030,9001,9.0,60.0,binary16,adaptive_harq,1,8192,4096,2,16388,22.994083404541016,0.005018703639507294,0.5370323061943054,0.8227577209472656,1,0
kodak,09.png,2030,9001,9.0,60.0,binary16,flowharq,1,8192,4096,2,16388,23.76725959777832,0.004200240597128868,0.3658275604248047,0.8876108527183533,1,0
kodak,10.png,2030,9001,9.0,60.0,binary16,flowharq,0,4096,4096,1,12290,28.095806121826172,0.0015503130853176117,0.5110923051834106,0.8954899907112122,0,0
kodak,11.png,2030,9001,9.0,60.0,binary16,flowharq,1,8192,4096,2,16388,20.05148696899414,0.009882145561277866,0.5259428024291992,0.8210592269897461,1,0
kodak,12.png,2030,9001,9.0,60.0,binary16,flowharq,1,8192,4096,2,16388,22.994083404541016,0.005018703639507294,0.5370323061943054,0.8227577209472656,1,0
kodak,13.png,2030,9001,9.0,60.0,ideal,direct,0,4096,4096,1,12290,19.404983520507812,0.011468368582427502,0.775696337223053,0.7059512138366699,1,1
kodak,14.png,2030,9001,9.0,60.0,ideal,direct,0,4096,4096,1,12290,18.953821182250977,0.012723834253847599,0.5609544515609741,0.7457249164581299,1,1
kodak,15.png,2030,9001,9.0,60.0,ideal,direct,0,4096,4096,1,12290,22.63033676147461,0.005457157269120216,0.5173447132110596,0.8402042388916016,1,1
kodak,16.png,2030,9001,9.0,60.0,ideal,direct,0,4096,4096,1,12290,23.90670394897461,0.004067521076649427,0.6187762022018433,0.794012725353241,1,1
kodak,13.png,2030,9001,9.0,60.0,ideal,full_harq,1,8192,4096,2,16388,19.892763137817383,0.010249997489154339,0.7397922277450562,0.760528564453125,1,0
kodak,14.png,2030,9001,9.0,60.0,ideal,full_harq,1,8192,4096,2,16388,19.475608825683594,0.011283379048109055,0.5131051540374756,0.7872977256774902,1,0
kodak,15.png,2030,9001,9.0,60.0,ideal,full_harq,1,8192,4096,2,16388,23.00103759765625,0.005010675638914108,0.4819183945655823,0.8662869334220886,1,0
kodak,16.png,2030,9001,9.0,60.0,ideal,full_harq,1,8192,4096,2,16388,24.55013084411621,0.0035074136685580015,0.5739321112632751,0.8357245922088623,0,0
kodak,13.png,2030,9001,9.0,60.0,ideal,fm_only,0,4096,4096,1,12290,19.530033111572266,0.011142858304083347,0.7797616720199585,0.7044997811317444,1,1
kodak,14.png,2030,9001,9.0,60.0,ideal,fm_only,0,4096,4096,1,12290,19.086896896362305,0.012339860200881958,0.563579797744751,0.7447037696838379,1,1
kodak,15.png,2030,9001,9.0,60.0,ideal,fm_only,0,4096,4096,1,12290,22.923240661621094,0.0051012407056987286,0.51703280210495,0.8389070630073547,1,1
kodak,16.png,2030,9001,9.0,60.0,ideal,fm_only,0,4096,4096,1,12290,24.145198822021484,0.0038501720409840345,0.6315973401069641,0.7926516532897949,0,0
kodak,13.png,2030,9001,9.0,60.0,ideal,adaptive_harq,1,8192,4096,2,16388,19.892763137817383,0.010249997489154339,0.7397922277450562,0.760528564453125,1,0
kodak,14.png,2030,9001,9.0,60.0,ideal,adaptive_harq,1,8192,4096,2,16388,19.475608825683594,0.011283379048109055,0.5131051540374756,0.7872977256774902,1,0
kodak,15.png,2030,9001,9.0,60.0,ideal,adaptive_harq,1,8192,4096,2,16388,23.00103759765625,0.005010675638914108,0.4819183945655823,0.8662869334220886,1,0
kodak,16.png,2030,9001,9.0,60.0,ideal,adaptive_harq,0,4096,4096,1,12290,23.90670394897461,0.004067521076649427,0.6187762022018433,0.794012725353241,1,1
kodak,13.png,2030,9001,9.0,60.0,ideal,flowharq,1,8192,4096,2,16388,19.892763137817383,0.010249997489154339,0.7397922277450562,0.760528564453125,1,0
kodak,14.png,2030,9001,9.0,60.0,ideal,flowharq,1,8192,4096,2,16388,19.475608825683594,0.011283379048109055,0.5131051540374756,0.7872977256774902,1,0
kodak,15.png,2030,9001,9.0,60.0,ideal,flowharq,1,8192,4096,2,16388,23.00103759765625,0.005010675638914108,0.4819183945655823,0.8662869334220886,1,0
kodak,16.png,2030,9001,9.0,60.0,ideal,flowharq,0,4096,4096,1,12290,24.145198822021484,0.0038501720409840345,0.6315973401069641,0.7926516532897949,0,0
kodak,13.png,2030,9001,9.0,60.0,binary16,direct,0,4096,4096,1,12290,19.404979705810547,0.011468377895653248,0.7756913900375366,0.7059495449066162,1,1
kodak,14.png,2030,9001,9.0,60.0,binary16,direct,0,4096,4096,1,12290,18.953842163085938,0.012723767198622227,0.560955822467804,0.7457258701324463,1,1
kodak,15.png,2030,9001,9.0,60.0,binary16,direct,0,4096,4096,1,12290,22.63040542602539,0.005457067862153053,0.5173457264900208,0.8402056097984314,1,1
kodak,16.png,2030,9001,9.0,60.0,binary16,direct,0,4096,4096,1,12290,23.906646728515625,0.004067573230713606,0.6187723875045776,0.7940115332603455,1,1
kodak,13.png,2030,9001,9.0,60.0,binary16,full_harq,1,8192,4096,2,16388,19.89276695251465,0.010249984450638294,0.7397924661636353,0.7605280876159668,1,0
kodak,14.png,2030,9001,9.0,60.0,binary16,full_harq,1,8192,4096,2,16388,19.475624084472656,0.011283338069915771,0.5131040811538696,0.7872987389564514,1,0
kodak,15.png,2030,9001,9.0,60.0,binary16,full_harq,1,8192,4096,2,16388,23.001089096069336,0.005010615568608046,0.48191455006599426,0.8662881851196289,1,0
kodak,16.png,2030,9001,9.0,60.0,binary16,full_harq,1,8192,4096,2,16388,24.550086975097656,0.003507449058815837,0.573931872844696,0.8357232213020325,0,0
kodak,13.png,2030,9001,9.0,60.0,binary16,fm_only,0,4096,4096,1,12290,19.530027389526367,0.011142875999212265,0.7797566652297974,0.7044973969459534,1,1
kodak,14.png,2030,9001,9.0,60.0,binary16,fm_only,0,4096,4096,1,12290,19.086925506591797,0.012339781038463116,0.5635805726051331,0.744705855846405,1,1
kodak,15.png,2030,9001,9.0,60.0,binary16,fm_only,0,4096,4096,1,12290,22.92330551147461,0.005101166199892759,0.5170354247093201,0.8389086127281189,1,1
kodak,16.png,2030,9001,9.0,60.0,binary16,fm_only,0,4096,4096,1,12290,24.145156860351562,0.003850208595395088,0.6315942406654358,0.792651891708374,0,0
kodak,13.png,2030,9001,9.0,60.0,binary16,adaptive_harq,1,8192,4096,2,16388,19.89276695251465,0.010249984450638294,0.7397924661636353,0.7605280876159668,1,0
kodak,14.png,2030,9001,9.0,60.0,binary16,adaptive_harq,1,8192,4096,2,16388,19.475624084472656,0.011283338069915771,0.5131040811538696,0.7872987389564514,1,0
kodak,15.png,2030,9001,9.0,60.0,binary16,adaptive_harq,1,8192,4096,2,16388,23.001089096069336,0.005010615568608046,0.48191455006599426,0.8662881851196289,1,0
kodak,16.png,2030,9001,9.0,60.0,binary16,adaptive_harq,0,4096,4096,1,12290,23.906646728515625,0.004067573230713606,0.6187723875045776,0.7940115332603455,1,1
kodak,13.png,2030,9001,9.0,60.0,binary16,flowharq,1,8192,4096,2,16388,19.89276695251465,0.010249984450638294,0.7397924661636353,0.7605280876159668,1,0
kodak,14.png,2030,9001,9.0,60.0,binary16,flowharq,1,8192,4096,2,16388,19.475624084472656,0.011283338069915771,0.5131040811538696,0.7872987389564514,1,0
kodak,15.png,2030,9001,9.0,60.0,binary16,flowharq,1,8192,4096,2,16388,23.001089096069336,0.005010615568608046,0.48191455006599426,0.8662881851196289,1,0
kodak,16.png,2030,9001,9.0,60.0,binary16,flowharq,0,4096,4096,1,12290,24.145156860351562,0.003850208595395088,0.6315942406654358,0.792651891708374,0,0
kodak,17.png,2030,9001,9.0,60.0,ideal,direct,0,4096,4096,1,12290,25.055057525634766,0.0031224405393004417,0.5379005074501038,0.8676050305366516,0,0
kodak,18.png,2030,9001,9.0,60.0,ideal,direct,0,4096,4096,1,12290,19.47776985168457,0.011277764104306698,0.5759401917457581,0.7581274509429932,1,1
kodak,19.png,2030,9001,9.0,60.0,ideal,direct,0,4096,4096,1,12290,20.503236770629883,0.008905868977308273,0.5969676375389099,0.7793009877204895,1,1
kodak,20.png,2030,9001,9.0,60.0,ideal,direct,0,4096,4096,1,12290,23.115001678466797,0.004880900029093027,0.326035737991333,0.9051249623298645,1,1
kodak,17.png,2030,9001,9.0,60.0,ideal,full_harq,1,8192,4096,2,16388,25.557144165039062,0.002781542716547847,0.510026216506958,0.8894908428192139,0,0
kodak,18.png,2030,9001,9.0,60.0,ideal,full_harq,1,8192,4096,2,16388,20.04580307006836,0.009895089082419872,0.5286496877670288,0.8195188641548157,1,0
kodak,19.png,2030,9001,9.0,60.0,ideal,full_harq,1,8192,4096,2,16388,20.926149368286133,0.008079511113464832,0.5431880354881287,0.8273882865905762,1,0
kodak,20.png,2030,9001,9.0,60.0,ideal,full_harq,1,8192,4096,2,16388,23.40933609008789,0.004561068024486303,0.31593018770217896,0.9182863235473633,1,0
kodak,17.png,2030,9001,9.0,60.0,ideal,fm_only,0,4096,4096,1,12290,25.1827392578125,0.0030319790821522474,0.5357871055603027,0.8669810891151428,0,0
kodak,18.png,2030,9001,9.0,60.0,ideal,fm_only,0,4096,4096,1,12290,19.556547164916992,0.011075039394199848,0.5793191194534302,0.754118025302887,1,1
kodak,19.png,2030,9001,9.0,60.0,ideal,fm_only,0,4096,4096,1,12290,20.51894187927246,0.008873719722032547,0.5956031084060669,0.7784940600395203,1,1
kodak,20.png,2030,9001,9.0,60.0,ideal,fm_only,0,4096,4096,1,12290,23.138904571533203,0.004854109603911638,0.3276640772819519,0.9051718711853027,1,1
kodak,17.png,2030,9001,9.0,60.0,ideal,adaptive_harq,0,4096,4096,1,12290,25.055057525634766,0.0031224405393004417,0.5379005074501038,0.8676050305366516,0,0
kodak,18.png,2030,9001,9.0,60.0,ideal,adaptive_harq,1,8192,4096,2,16388,20.04580307006836,0.009895089082419872,0.5286496877670288,0.8195188641548157,1,0
kodak,19.png,2030,9001,9.0,60.0,ideal,adaptive_harq,1,8192,4096,2,16388,20.926149368286133,0.008079511113464832,0.5431880354881287,0.8273882865905762,1,0
kodak,20.png,2030,9001,9.0,60.0,ideal,adaptive_harq,1,8192,4096,2,16388,23.40933609008789,0.004561068024486303,0.31593018770217896,0.9182863235473633,1,0
kodak,17.png,2030,9001,9.0,60.0,ideal,flowharq,0,4096,4096,1,12290,25.1827392578125,0.0030319790821522474,0.5357871055603027,0.8669810891151428,0,0
kodak,18.png,2030,9001,9.0,60.0,ideal,flowharq,1,8192,4096,2,16388,20.04580307006836,0.009895089082419872,0.5286496877670288,0.8195188641548157,1,0
kodak,19.png,2030,9001,9.0,60.0,ideal,flowharq,1,8192,4096,2,16388,20.926149368286133,0.008079511113464832,0.5431880354881287,0.8273882865905762,1,0
kodak,20.png,2030,9001,9.0,60.0,ideal,flowharq,0,4096,4096,1,12290,23.138904571533203,0.004854109603911638,0.3276640772819519,0.9051718711853027,1,1
kodak,17.png,2030,9001,9.0,60.0,binary16,direct,0,4096,4096,1,12290,25.055017471313477,0.0031224696431308985,0.5379050970077515,0.8676044940948486,0,0
kodak,18.png,2030,9001,9.0,60.0,binary16,direct,0,4096,4096,1,12290,19.477725982666016,0.011277877725660801,0.5759402513504028,0.7581307888031006,1,1
kodak,19.png,2030,9001,9.0,60.0,binary16,direct,0,4096,4096,1,12290,20.503217697143555,0.008905909955501556,0.5969663858413696,0.7793018817901611,1,1
kodak,20.png,2030,9001,9.0,60.0,binary16,direct,0,4096,4096,1,12290,23.11502456665039,0.004880873486399651,0.32604122161865234,0.9051217436790466,1,1
kodak,17.png,2030,9001,9.0,60.0,binary16,full_harq,1,8192,4096,2,16388,25.55713653564453,0.00278154737316072,0.5100318193435669,0.8894917368888855,0,0
kodak,18.png,2030,9001,9.0,60.0,binary16,full_harq,1,8192,4096,2,16388,20.045757293701172,0.009895190596580505,0.5286511778831482,0.8195182681083679,1,0
kodak,19.png,2030,9001,9.0,60.0,binary16,full_harq,1,8192,4096,2,16388,20.9261474609375,0.008079515770077705,0.5431889891624451,0.8273890018463135,1,0
kodak,20.png,2030,9001,9.0,60.0,binary16,full_harq,1,8192,4096,2,16388,23.409381866455078,0.004561019130051136,0.3159339427947998,0.9182844161987305,1,0
kodak,17.png,2030,9001,9.0,60.0,binary16,fm_only,0,4096,4096,1,12290,25.18273162841797,0.003031983971595764,0.5357882976531982,0.8669815063476562,0,0
kodak,18.png,2030,9001,9.0,60.0,binary16,fm_only,0,4096,4096,1,12290,19.55650520324707,0.011075147427618504,0.5793178081512451,0.7541212439537048,1,1
kodak,19.png,2030,9001,9.0,60.0,binary16,fm_only,0,4096,4096,1,12290,20.518924713134766,0.008873755112290382,0.595600962638855,0.778494656085968,1,1
kodak,20.png,2030,9001,9.0,60.0,binary16,fm_only,0,4096,4096,1,12290,23.138914108276367,0.004854098428040743,0.32767149806022644,0.9051689505577087,1,1
kodak,17.png,2030,9001,9.0,60.0,binary16,adaptive_harq,0,4096,4096,1,12290,25.055017471313477,0.0031224696431308985,0.5379050970077515,0.8676044940948486,0,0
kodak,18.png,2030,9001,9.0,60.0,binary16,adaptive_harq,1,8192,4096,2,16388,20.045757293701172,0.009895190596580505,0.5286511778831482,0.8195182681083679,1,0
kodak,19.png,2030,9001,9.0,60.0,binary16,adaptive_harq,1,8192,4096,2,16388,20.9261474609375,0.008079515770077705,0.5431889891624451,0.8273890018463135,1,0
kodak,20.png,2030,9001,9.0,60.0,binary16,adaptive_harq,1,8192,4096,2,16388,23.409381866455078,0.004561019130051136,0.3159339427947998,0.9182844161987305,1,0
kodak,17.png,2030,9001,9.0,60.0,binary16,flowharq,0,4096,4096,1,12290,25.18273162841797,0.003031983971595764,0.5357882976531982,0.8669815063476562,0,0
kodak,18.png,2030,9001,9.0,60.0,binary16,flowharq,1,8192,4096,2,16388,20.045757293701172,0.009895190596580505,0.5286511778831482,0.8195182681083679,1,0
kodak,19.png,2030,9001,9.0,60.0,binary16,flowharq,1,8192,4096,2,16388,20.9261474609375,0.008079515770077705,0.5431889891624451,0.8273890018463135,1,0
kodak,20.png,2030,9001,9.0,60.0,binary16,flowharq,0,4096,4096,1,12290,23.138914108276367,0.004854098428040743,0.32767149806022644,0.9051689505577087,1,1
kodak,21.png,2030,9001,9.0,60.0,ideal,direct,0,4096,4096,1,12290,21.437463760375977,0.007182134315371513,0.4865272641181946,0.856788694858551,1,1
kodak,22.png,2030,9001,9.0,60.0,ideal,direct,0,4096,4096,1,12290,20.784578323364258,0.008347227238118649,0.6076480746269226,0.7499547004699707,1,1
kodak,23.png,2030,9001,9.0,60.0,ideal,direct,0,4096,4096,1,12290,24.180065155029297,0.0038193855434656143,0.2739481031894684,0.9193816781044006,0,0
kodak,24.png,2030,9001,9.0,60.0,ideal,direct,0,4096,4096,1,12290,23.389728546142578,0.00458170473575592,0.5906398296356201,0.8500876426696777,1,1
kodak,21.png,2030,9001,9.0,60.0,ideal,full_harq,1,8192,4096,2,16388,21.472318649291992,0.007124728057533503,0.4834177494049072,0.858996570110321,1,0
kodak,22.png,2030,9001,9.0,60.0,ideal,full_harq,1,8192,4096,2,16388,20.847169876098633,0.008227786049246788,0.5994848012924194,0.7548120617866516,1,0
kodak,23.png,2030,9001,9.0,60.0,ideal,full_harq,1,8192,4096,2,16388,24.17679214477539,0.0038222644943743944,0.27112311124801636,0.9208167195320129,0,0
kodak,24.png,2030,9001,9.0,60.0,ideal,full_harq,1,8192,4096,2,16388,23.672115325927734,0.0042932722717523575,0.5809824466705322,0.8746986389160156,1,0
kodak,21.png,2030,9001,9.0,60.0,ideal,fm_only,0,4096,4096,1,12290,21.46869659423828,0.007130670826882124,0.48954224586486816,0.8560716509819031,1,1
kodak,22.png,2030,9001,9.0,60.0,ideal,fm_only,0,4096,4096,1,12290,20.942533493041992,0.008049086667597294,0.6100744009017944,0.7472920417785645,1,1
kodak,23.png,2030,9001,9.0,60.0,ideal,fm_only,0,4096,4096,1,12290,24.346580505371094,0.003675715997815132,0.2749311923980713,0.9194386005401611,0,0
kodak,24.png,2030,9001,9.0,60.0,ideal,fm_only,0,4096,4096,1,12290,23.544776916503906,0.004421017598360777,0.5886548757553101,0.8493643403053284,1,1
kodak,21.png,2030,9001,9.0,60.0,ideal,adaptive_harq,1,8192,4096,2,16388,21.472318649291992,0.007124728057533503,0.4834177494049072,0.858996570110321,1,0
kodak,22.png,2030,9001,9.0,60.0,ideal,adaptive_harq,1,8192,4096,2,16388,20.847169876098633,0.008227786049246788,0.5994848012924194,0.7548120617866516,1,0
kodak,23.png,2030,9001,9.0,60.0,ideal,adaptive_harq,0,4096,4096,1,12290,24.180065155029297,0.0038193855434656143,0.2739481031894684,0.9193816781044006,0,0
kodak,24.png,2030,9001,9.0,60.0,ideal,adaptive_harq,0,4096,4096,1,12290,23.389728546142578,0.00458170473575592,0.5906398296356201,0.8500876426696777,1,1
kodak,21.png,2030,9001,9.0,60.0,ideal,flowharq,1,8192,4096,2,16388,21.472318649291992,0.007124728057533503,0.4834177494049072,0.858996570110321,1,0
kodak,22.png,2030,9001,9.0,60.0,ideal,flowharq,1,8192,4096,2,16388,20.847169876098633,0.008227786049246788,0.5994848012924194,0.7548120617866516,1,0
kodak,23.png,2030,9001,9.0,60.0,ideal,flowharq,0,4096,4096,1,12290,24.346580505371094,0.003675715997815132,0.2749311923980713,0.9194386005401611,0,0
kodak,24.png,2030,9001,9.0,60.0,ideal,flowharq,0,4096,4096,1,12290,23.544776916503906,0.004421017598360777,0.5886548757553101,0.8493643403053284,1,1
kodak,21.png,2030,9001,9.0,60.0,binary16,direct,0,4096,4096,1,12290,21.43744659423828,0.007182162255048752,0.48652568459510803,0.8567890524864197,1,1
kodak,22.png,2030,9001,9.0,60.0,binary16,direct,0,4096,4096,1,12290,20.784578323364258,0.008347227238118649,0.6076453328132629,0.7499532103538513,1,1
kodak,23.png,2030,9001,9.0,60.0,binary16,direct,0,4096,4096,1,12290,24.180072784423828,0.0038193787913769484,0.2739473879337311,0.9193813800811768,0,0
kodak,24.png,2030,9001,9.0,60.0,binary16,direct,0,4096,4096,1,12290,23.38974380493164,0.004581687971949577,0.5906423926353455,0.8500887751579285,1,1
kodak,21.png,2030,9001,9.0,60.0,binary16,full_harq,1,8192,4096,2,16388,21.47229766845703,0.007124760653823614,0.4834166467189789,0.858996570110321,1,0
kodak,22.png,2030,9001,9.0,60.0,binary16,full_harq,1,8192,4096,2,16388,20.84716796875,0.008227788843214512,0.5994834899902344,0.754810631275177,1,0
kodak,23.png,2030,9001,9.0,60.0,binary16,full_harq,1,8192,4096,2,16388,24.176815032958984,0.0038222456350922585,0.2711220681667328,0.9208164811134338,0,0
kodak,24.png,2030,9001,9.0,60.0,binary16,full_harq,1,8192,4096,2,16388,23.672122955322266,0.0042932648211717606,0.5809827446937561,0.874699056148529,1,0
kodak,21.png,2030,9001,9.0,60.0,binary16,fm_only,0,4096,4096,1,12290,21.468685150146484,0.007130688522011042,0.48953986167907715,0.8560722470283508,1,1
kodak,22.png,2030,9001,9.0,60.0,binary16,fm_only,0,4096,4096,1,12290,20.941436767578125,0.008051121607422829,0.6098735332489014,0.7473180890083313,1,1
kodak,23.png,2030,9001,9.0,60.0,binary16,fm_only,0,4096,4096,1,12290,24.346582412719727,0.0036757143680006266,0.27493035793304443,0.9194385409355164,0,0
kodak,24.png,2030,9001,9.0,60.0,binary16,fm_only,0,4096,4096,1,12290,23.54478645324707,0.00442101014778018,0.588654637336731,0.8493652939796448,1,1
kodak,21.png,2030,9001,9.0,60.0,binary16,adaptive_harq,1,8192,4096,2,16388,21.47229766845703,0.007124760653823614,0.4834166467189789,0.858996570110321,1,0
kodak,22.png,2030,9001,9.0,60.0,binary16,adaptive_harq,1,8192,4096,2,16388,20.84716796875,0.008227788843214512,0.5994834899902344,0.754810631275177,1,0
kodak,23.png,2030,9001,9.0,60.0,binary16,adaptive_harq,0,4096,4096,1,12290,24.180072784423828,0.0038193787913769484,0.2739473879337311,0.9193813800811768,0,0
kodak,24.png,2030,9001,9.0,60.0,binary16,adaptive_harq,0,4096,4096,1,12290,23.38974380493164,0.004581687971949577,0.5906423926353455,0.8500887751579285,1,1
kodak,21.png,2030,9001,9.0,60.0,binary16,flowharq,1,8192,4096,2,16388,21.47229766845703,0.007124760653823614,0.4834166467189789,0.858996570110321,1,0
kodak,22.png,2030,9001,9.0,60.0,binary16,flowharq,1,8192,4096,2,16388,20.84716796875,0.008227788843214512,0.5994834899902344,0.754810631275177,1,0
kodak,23.png,2030,9001,9.0,60.0,binary16,flowharq,0,4096,4096,1,12290,24.346582412719727,0.0036757143680006266,0.27493035793304443,0.9194385409355164,0,0
kodak,24.png,2030,9001,9.0,60.0,binary16,flowharq,0,4096,4096,1,12290,23.54478645324707,0.00442101014778018,0.588654637336731,0.8493652939796448,1,1
kodak,01.png,2030,9001,9.0,90.0,ideal,direct,0,4096,4096,1,12290,19.56773567199707,0.011046546511352062,0.6278137564659119,0.7166585922241211,1,1
kodak,02.png,2030,9001,9.0,90.0,ideal,direct,0,4096,4096,1,12290,21.69456672668457,0.006769292522221804,0.5472381711006165,0.7711456418037415,1,1
kodak,03.png,2030,9001,9.0,90.0,ideal,direct,0,4096,4096,1,12290,22.31417465209961,0.0058692507445812225,0.4633600413799286,0.8029581904411316,1,1
kodak,04.png,2030,9001,9.0,90.0,ideal,direct,0,4096,4096,1,12290,27.17910385131836,0.0019146514823660254,0.4305340051651001,0.9341694712638855,0,0
kodak,01.png,2030,9001,9.0,90.0,ideal,full_harq,1,8192,4096,2,16388,20.07213592529297,0.00983527023345232,0.5795542001724243,0.7754144668579102,1,0
kodak,02.png,2030,9001,9.0,90.0,ideal,full_harq,1,8192,4096,2,16388,22.219295501708984,0.0059988833963871,0.5114659667015076,0.8122828602790833,1,0
kodak,03.png,2030,9001,9.0,90.0,ideal,full_harq,1,8192,4096,2,16388,22.69603729248047,0.005375219974666834,0.4498177766799927,0.8248823285102844,1,0
kodak,04.png,2030,9001,9.0,90.0,ideal,full_harq,1,8192,4096,2,16388,27.232952117919922,0.001891057356260717,0.4284363389015198,0.935352623462677,0,0
kodak,01.png,2030,9001,9.0,90.0,ideal,fm_only,0,4096,4096,1,12290,19.812448501586914,0.010441315360367298,0.6360443234443665,0.7187649607658386,1,1
kodak,02.png,2030,9001,9.0,90.0,ideal,fm_only,0,4096,4096,1,12290,22.22394561767578,0.005992464255541563,0.5497803092002869,0.7660139203071594,1,1
kodak,03.png,2030,9001,9.0,90.0,ideal,fm_only,0,4096,4096,1,12290,22.949913024902344,0.005070009734481573,0.4793117046356201,0.8013155460357666,1,1
kodak,04.png,2030,9001,9.0,90.0,ideal,fm_only,0,4096,4096,1,12290,27.492807388305664,0.0017812270671129227,0.43651142716407776,0.9333989024162292,0,0
kodak,01.png,2030,9001,9.0,90.0,ideal,adaptive_harq,1,8192,4096,2,16388,20.07213592529297,0.00983527023345232,0.5795542001724243,0.7754144668579102,1,0
kodak,02.png,2030,9001,9.0,90.0,ideal,adaptive_harq,1,8192,4096,2,16388,22.219295501708984,0.0059988833963871,0.5114659667015076,0.8122828602790833,1,0
kodak,03.png,2030,9001,9.0,90.0,ideal,adaptive_harq,1,8192,4096,2,16388,22.69603729248047,0.005375219974666834,0.4498177766799927,0.8248823285102844,1,0
kodak,04.png,2030,9001,9.0,90.0,ideal,adaptive_harq,0,4096,4096,1,12290,27.17910385131836,0.0019146514823660254,0.4305340051651001,0.9341694712638855,0,0
kodak,01.png,2030,9001,9.0,90.0,ideal,flowharq,1,8192,4096,2,16388,20.07213592529297,0.00983527023345232,0.5795542001724243,0.7754144668579102,1,0
kodak,02.png,2030,9001,9.0,90.0,ideal,flowharq,1,8192,4096,2,16388,22.219295501708984,0.0059988833963871,0.5114659667015076,0.8122828602790833,1,0
kodak,03.png,2030,9001,9.0,90.0,ideal,flowharq,1,8192,4096,2,16388,22.69603729248047,0.005375219974666834,0.4498177766799927,0.8248823285102844,1,0
kodak,04.png,2030,9001,9.0,90.0,ideal,flowharq,0,4096,4096,1,12290,27.492807388305664,0.0017812270671129227,0.43651142716407776,0.9333989024162292,0,0
kodak,01.png,2030,9001,9.0,90.0,binary16,direct,0,4096,4096,1,12290,19.56781578063965,0.011046342551708221,0.6278137564659119,0.7166612148284912,1,1
kodak,02.png,2030,9001,9.0,90.0,binary16,direct,0,4096,4096,1,12290,21.694557189941406,0.006769308354705572,0.5472387075424194,0.7711434364318848,1,1
kodak,03.png,2030,9001,9.0,90.0,binary16,direct,0,4096,4096,1,12290,22.314144134521484,0.005869291722774506,0.4633653461933136,0.8029569983482361,1,1
kodak,04.png,2030,9001,9.0,90.0,binary16,direct,0,4096,4096,1,12290,27.178936004638672,0.00191472505684942,0.430530846118927,0.934169352054596,0,0
kodak,01.png,2030,9001,9.0,90.0,binary16,full_harq,1,8192,4096,2,16388,20.07220458984375,0.009835116565227509,0.5795530676841736,0.7754165530204773,1,0
kodak,02.png,2030,9001,9.0,90.0,binary16,full_harq,1,8192,4096,2,16388,22.219257354736328,0.005998936947435141,0.5114598870277405,0.8122819066047668,1,0
kodak,03.png,2030,9001,9.0,90.0,binary16,full_harq,1,8192,4096,2,16388,22.69601058959961,0.005375252570956945,0.44981899857521057,0.8248814940452576,1,0
kodak,04.png,2030,9001,9.0,90.0,binary16,full_harq,1,8192,4096,2,16388,27.2327880859375,0.001891129300929606,0.4284338653087616,0.9353523254394531,0,0
kodak,01.png,2030,9001,9.0,90.0,binary16,fm_only,0,4096,4096,1,12290,19.812496185302734,0.010441198013722897,0.636043906211853,0.7187668681144714,1,1
kodak,02.png,2030,9001,9.0,90.0,binary16,fm_only,0,4096,4096,1,12290,22.218196868896484,0.006000403314828873,0.5496821999549866,0.7660419344902039,1,1
kodak,03.png,2030,9001,9.0,90.0,binary16,fm_only,0,4096,4096,1,12290,22.949922561645508,0.005069999024271965,0.47931790351867676,0.8013145923614502,1,1
kodak,04.png,2030,9001,9.0,90.0,binary16,fm_only,0,4096,4096,1,12290,27.492618560791016,0.001781304832547903,0.43650904297828674,0.9333981871604919,0,0
kodak,01.png,2030,9001,9.0,90.0,binary16,adaptive_harq,1,8192,4096,2,16388,20.07220458984375,0.009835116565227509,0.5795530676841736,0.7754165530204773,1,0
kodak,02.png,2030,9001,9.0,90.0,binary16,adaptive_harq,1,8192,4096,2,16388,22.219257354736328,0.005998936947435141,0.5114598870277405,0.8122819066047668,1,0
kodak,03.png,2030,9001,9.0,90.0,binary16,adaptive_harq,1,8192,4096,2,16388,22.69601058959961,0.005375252570956945,0.44981899857521057,0.8248814940452576,1,0
kodak,04.png,2030,9001,9.0,90.0,binary16,adaptive_harq,0,4096,4096,1,12290,27.178936004638672,0.00191472505684942,0.430530846118927,0.934169352054596,0,0
kodak,01.png,2030,9001,9.0,90.0,binary16,flowharq,1,8192,4096,2,16388,20.07220458984375,0.009835116565227509,0.5795530676841736,0.7754165530204773,1,0
kodak,02.png,2030,9001,9.0,90.0,binary16,flowharq,1,8192,4096,2,16388,22.219257354736328,0.005998936947435141,0.5114598870277405,0.8122819066047668,1,0
kodak,03.png,2030,9001,9.0,90.0,binary16,flowharq,1,8192,4096,2,16388,22.69601058959961,0.005375252570956945,0.44981899857521057,0.8248814940452576,1,0
kodak,04.png,2030,9001,9.0,90.0,binary16,flowharq,0,4096,4096,1,12290,27.492618560791016,0.001781304832547903,0.43650904297828674,0.9333981871604919,0,0
kodak,05.png,2030,9001,9.0,90.0,ideal,direct,0,4096,4096,1,12290,17.5117130279541,0.017734898254275322,0.5709743499755859,0.7234788537025452,1,1
kodak,06.png,2030,9001,9.0,90.0,ideal,direct,0,4096,4096,1,12290,20.848880767822266,0.0082245497033,0.6597198843955994,0.7368834018707275,1,1
kodak,07.png,2030,9001,9.0,90.0,ideal,direct,0,4096,4096,1,12290,22.14886474609375,0.006096964236348867,0.4577425420284271,0.8428195118904114,1,1
kodak,08.png,2030,9001,9.0,90.0,ideal,direct,0,4096,4096,1,12290,19.560054779052734,0.011066097766160965,0.4585457146167755,0.8519571423530579,1,1
kodak,05.png,2030,9001,9.0,90.0,ideal,full_harq,1,8192,4096,2,16388,18.407817840576172,0.014428404159843922,0.5037105083465576,0.7993552088737488,1,0
kodak,06.png,2030,9001,9.0,90.0,ideal,full_harq,1,8192,4096,2,16388,20.98675537109375,0.00796754565089941,0.6518270969390869,0.7604308128356934,1,0
kodak,07.png,2030,9001,9.0,90.0,ideal,full_harq,1,8192,4096,2,16388,22.22295570373535,0.0059938314370810986,0.45225948095321655,0.8468411564826965,1,0
kodak,08.png,2030,9001,9.0,90.0,ideal,full_harq,1,8192,4096,2,16388,19.71126365661621,0.01068743783980608,0.45367857813835144,0.860541582107544,1,0
kodak,05.png,2030,9001,9.0,90.0,ideal,fm_only,0,4096,4096,1,12290,17.585676193237305,0.01743542216718197,0.5703302621841431,0.7244507670402527,1,1
kodak,06.png,2030,9001,9.0,90.0,ideal,fm_only,0,4096,4096,1,12290,20.982236862182617,0.007975836284458637,0.6602141857147217,0.7371438145637512,1,1
kodak,07.png,2030,9001,9.0,90.0,ideal,fm_only,0,4096,4096,1,12290,22.184757232666016,0.006046781316399574,0.45819634199142456,0.8418443202972412,1,1
kodak,08.png,2030,9001,9.0,90.0,ideal,fm_only,0,4096,4096,1,12290,19.588088989257812,0.010994895361363888,0.4591626822948456,0.8515661358833313,1,1
kodak,05.png,2030,9001,9.0,90.0,ideal,adaptive_harq,1,8192,4096,2,16388,18.407817840576172,0.014428404159843922,0.5037105083465576,0.7993552088737488,1,0
kodak,06.png,2030,9001,9.0,90.0,ideal,adaptive_harq,1,8192,4096,2,16388,20.98675537109375,0.00796754565089941,0.6518270969390869,0.7604308128356934,1,0
kodak,07.png,2030,9001,9.0,90.0,ideal,adaptive_harq,1,8192,4096,2,16388,22.22295570373535,0.0059938314370810986,0.45225948095321655,0.8468411564826965,1,0
kodak,08.png,2030,9001,9.0,90.0,ideal,adaptive_harq,1,8192,4096,2,16388,19.71126365661621,0.01068743783980608,0.45367857813835144,0.860541582107544,1,0
kodak,05.png,2030,9001,9.0,90.0,ideal,flowharq,1,8192,4096,2,16388,18.407817840576172,0.014428404159843922,0.5037105083465576,0.7993552088737488,1,0
kodak,06.png,2030,9001,9.0,90.0,ideal,flowharq,1,8192,4096,2,16388,20.98675537109375,0.00796754565089941,0.6518270969390869,0.7604308128356934,1,0
kodak,07.png,2030,9001,9.0,90.0,ideal,flowharq,1,8192,4096,2,16388,22.22295570373535,0.0059938314370810986,0.45225948095321655,0.8468411564826965,1,0
kodak,08.png,2030,9001,9.0,90.0,ideal,flowharq,1,8192,4096,2,16388,19.71126365661621,0.01068743783980608,0.45367857813835144,0.860541582107544,1,0
kodak,05.png,2030,9001,9.0,90.0,binary16,direct,0,4096,4096,1,12290,17.511720657348633,0.017734864726662636,0.5709717869758606,0.7234797477722168,1,1
kodak,06.png,2030,9001,9.0,90.0,binary16,direct,0,4096,4096,1,12290,20.848876953125,0.008224554359912872,0.6597182154655457,0.7368841171264648,1,1
kodak,07.png,2030,9001,9.0,90.0,binary16,direct,0,4096,4096,1,12290,22.14885711669922,0.006096972618252039,0.45774030685424805,0.8428195118904114,1,1
kodak,08.png,2030,9001,9.0,90.0,binary16,direct,0,4096,4096,1,12290,19.5600528717041,0.011066104285418987,0.4585513174533844,0.8519577383995056,1,1
kodak,05.png,2030,9001,9.0,90.0,binary16,full_harq,1,8192,4096,2,16388,18.407814025878906,0.014428413473069668,0.5037118792533875,0.7993558049201965,1,0
kodak,06.png,2030,9001,9.0,90.0,binary16,full_harq,1,8192,4096,2,16388,20.98674964904785,0.007967554964125156,0.6518304347991943,0.7604309916496277,1,0
kodak,07.png,2030,9001,9.0,90.0,binary16,full_harq,1,8192,4096,2,16388,22.22294807434082,0.00599383981898427,0.4522571563720703,0.846841037273407,1,0
kodak,08.png,2030,9001,9.0,90.0,binary16,full_harq,1,8192,4096,2,16388,19.711267471313477,0.010687428526580334,0.4536837339401245,0.8605419993400574,1,0
kodak,05.png,2030,9001,9.0,90.0,binary16,fm_only,0,4096,4096,1,12290,17.58568572998047,0.017435377463698387,0.5703268647193909,0.7244521975517273,1,1
kodak,06.png,2030,9001,9.0,90.0,binary16,fm_only,0,4096,4096,1,12290,20.982227325439453,0.00797585491091013,0.660214364528656,0.737144410610199,1,1
kodak,07.png,2030,9001,9.0,90.0,binary16,fm_only,0,4096,4096,1,12290,22.184755325317383,0.0060467831790447235,0.45819422602653503,0.841844379901886,1,1
kodak,08.png,2030,9001,9.0,90.0,binary16,fm_only,0,4096,4096,1,12290,19.58808708190918,0.01099490001797676,0.45916736125946045,0.8515669703483582,1,1
kodak,05.png,2030,9001,9.0,90.0,binary16,adaptive_harq,1,8192,4096,2,16388,18.407814025878906,0.014428413473069668,0.5037118792533875,0.7993558049201965,1,0
kodak,06.png,2030,9001,9.0,90.0,binary16,adaptive_harq,1,8192,4096,2,16388,20.98674964904785,0.007967554964125156,0.6518304347991943,0.7604309916496277,1,0
kodak,07.png,2030,9001,9.0,90.0,binary16,adaptive_harq,1,8192,4096,2,16388,22.22294807434082,0.00599383981898427,0.4522571563720703,0.846841037273407,1,0
kodak,08.png,2030,9001,9.0,90.0,binary16,adaptive_harq,1,8192,4096,2,16388,19.711267471313477,0.010687428526580334,0.4536837339401245,0.8605419993400574,1,0
kodak,05.png,2030,9001,9.0,90.0,binary16,flowharq,1,8192,4096,2,16388,18.407814025878906,0.014428413473069668,0.5037118792533875,0.7993558049201965,1,0
kodak,06.png,2030,9001,9.0,90.0,binary16,flowharq,1,8192,4096,2,16388,20.98674964904785,0.007967554964125156,0.6518304347991943,0.7604309916496277,1,0
kodak,07.png,2030,9001,9.0,90.0,binary16,flowharq,1,8192,4096,2,16388,22.22294807434082,0.00599383981898427,0.4522571563720703,0.846841037273407,1,0
kodak,08.png,2030,9001,9.0,90.0,binary16,flowharq,1,8192,4096,2,16388,19.711267471313477,0.010687428526580334,0.4536837339401245,0.8605419993400574,1,0
kodak,09.png,2030,9001,9.0,90.0,ideal,direct,0,4096,4096,1,12290,22.075672149658203,0.006200586911290884,0.4862991273403168,0.814341127872467,1,1
kodak,10.png,2030,9001,9.0,90.0,ideal,direct,0,4096,4096,1,12290,28.267730712890625,0.001490139402449131,0.49485647678375244,0.9089531898498535,0,0
kodak,11.png,2030,9001,9.0,90.0,ideal,direct,0,4096,4096,1,12290,18.766931533813477,0.013283328153192997,0.6020036339759827,0.7086813449859619,1,1
kodak,12.png,2030,9001,9.0,90.0,ideal,direct,0,4096,4096,1,12290,22.55771827697754,0.005549172405153513,0.5513322949409485,0.8033022880554199,1,1
kodak,09.png,2030,9001,9.0,90.0,ideal,full_harq,1,8192,4096,2,16388,22.364627838134766,0.005801457911729813,0.4706156253814697,0.8282504677772522,1,0
kodak,10.png,2030,9001,9.0,90.0,ideal,full_harq,1,8192,4096,2,16388,28.26443099975586,0.0014912720071151853,0.4930335581302643,0.910983145236969,0,0
kodak,11.png,2030,9001,9.0,90.0,ideal,full_harq,1,8192,4096,2,16388,20.131654739379883,0.009701400063931942,0.5183267593383789,0.8257904052734375,1,0
kodak,12.png,2030,9001,9.0,90.0,ideal,full_harq,1,8192,4096,2,16388,23.477523803710938,0.00449001369997859,0.5114558935165405,0.8410578370094299,1,0
kodak,09.png,2030,9001,9.0,90.0,ideal,fm_only,0,4096,4096,1,12290,22.101165771484375,0.006164293736219406,0.5007643103599548,0.8108910918235779,1,1
kodak,10.png,2030,9001,9.0,90.0,ideal,fm_only,0,4096,4096,1,12290,28.26618003845215,0.0014906717697158456,0.4938676059246063,0.9085814952850342,0,0
kodak,11.png,2030,9001,9.0,90.0,ideal,fm_only,0,4096,4096,1,12290,18.813499450683594,0.013141651637852192,0.6070816516876221,0.702663242816925,1,1
kodak,12.png,2030,9001,9.0,90.0,ideal,fm_only,0,4096,4096,1,12290,22.652414321899414,0.005429483950138092,0.5525703430175781,0.8021776080131531,1,1
kodak,09.png,2030,9001,9.0,90.0,ideal,adaptive_harq,1,8192,4096,2,16388,22.364627838134766,0.005801457911729813,0.4706156253814697,0.8282504677772522,1,0
kodak,10.png,2030,9001,9.0,90.0,ideal,adaptive_harq,0,4096,4096,1,12290,28.267730712890625,0.001490139402449131,0.49485647678375244,0.9089531898498535,0,0
kodak,11.png,2030,9001,9.0,90.0,ideal,adaptive_harq,1,8192,4096,2,16388,20.131654739379883,0.009701400063931942,0.5183267593383789,0.8257904052734375,1,0
kodak,12.png,2030,9001,9.0,90.0,ideal,adaptive_harq,0,4096,4096,1,12290,22.55771827697754,0.005549172405153513,0.5513322949409485,0.8033022880554199,1,1
kodak,09.png,2030,9001,9.0,90.0,ideal,flowharq,1,8192,4096,2,16388,22.364627838134766,0.005801457911729813,0.4706156253814697,0.8282504677772522,1,0
kodak,10.png,2030,9001,9.0,90.0,ideal,flowharq,0,4096,4096,1,12290,28.26618003845215,0.0014906717697158456,0.4938676059246063,0.9085814952850342,0,0
kodak,11.png,2030,9001,9.0,90.0,ideal,flowharq,1,8192,4096,2,16388,20.131654739379883,0.009701400063931942,0.5183267593383789,0.8257904052734375,1,0
kodak,12.png,2030,9001,9.0,90.0,ideal,flowharq,0,4096,4096,1,12290,22.652414321899414,0.005429483950138092,0.5525703430175781,0.8021776080131531,1,1
kodak,09.png,2030,9001,9.0,90.0,binary16,direct,0,4096,4096,1,12290,22.075733184814453,0.006200497504323721,0.4863054156303406,0.8143415451049805,1,1
kodak,10.png,2030,9001,9.0,90.0,binary16,direct,0,4096,4096,1,12290,28.267723083496094,0.0014901423128321767,0.4948595464229584,0.9089536070823669,0,0
kodak,11.png,2030,9001,9.0,90.0,binary16,direct,0,4096,4096,1,12290,18.766895294189453,0.013283436186611652,0.6020007133483887,0.7086812853813171,1,1
kodak,12.png,2030,9001,9.0,90.0,binary16,direct,0,4096,4096,1,12290,22.557750701904297,0.005549132823944092,0.5513260364532471,0.8033015131950378,1,1
kodak,09.png,2030,9001,9.0,90.0,binary16,full_harq,1,8192,4096,2,16388,22.36468505859375,0.005801382940262556,0.47061973810195923,0.8282508254051208,1,0
kodak,10.png,2030,9001,9.0,90.0,binary16,full_harq,1,8192,4096,2,16388,28.26441764831543,0.0014912764308974147,0.4930365979671478,0.9109833836555481,0,0
kodak,11.png,2030,9001,9.0,90.0,binary16,full_harq,1,8192,4096,2,16388,20.131616592407227,0.009701489470899105,0.5183254480361938,0.825789749622345,1,0
kodak,12.png,2030,9001,9.0,90.0,binary16,full_harq,1,8192,4096,2,16388,23.477575302124023,0.004489960614591837,0.5114483833312988,0.8410578370094299,1,0
kodak,09.png,2030,9001,9.0,90.0,binary16,fm_only,0,4096,4096,1,12290,22.101228713989258,0.006164207588881254,0.500769853591919,0.8108907341957092,1,1
kodak,10.png,2030,9001,9.0,90.0,binary16,fm_only,0,4096,4096,1,12290,28.26617431640625,0.0014906738651916385,0.4938705861568451,0.9085819721221924,0,0
kodak,11.png,2030,9001,9.0,90.0,binary16,fm_only,0,4096,4096,1,12290,18.813488006591797,0.013141692616045475,0.6070810556411743,0.7026641964912415,1,1
kodak,12.png,2030,9001,9.0,90.0,binary16,fm_only,0,4096,4096,1,12290,22.652450561523438,0.00542944110929966,0.5525630116462708,0.802175760269165,1,1
kodak,09.png,2030,9001,9.0,90.0,binary16,adaptive_harq,1,8192,4096,2,16388,22.36468505859375,0.005801382940262556,0.47061973810195923,0.8282508254051208,1,0
kodak,10.png,2030,9001,9.0,90.0,binary16,adaptive_harq,0,4096,4096,1,12290,28.267723083496094,0.0014901423128321767,0.4948595464229584,0.9089536070823669,0,0
kodak,11.png,2030,9001,9.0,90.0,binary16,adaptive_harq,1,8192,4096,2,16388,20.131616592407227,0.009701489470899105,0.5183254480361938,0.825789749622345,1,0
kodak,12.png,2030,9001,9.0,90.0,binary16,adaptive_harq,0,4096,4096,1,12290,22.557750701904297,0.005549132823944092,0.5513260364532471,0.8033015131950378,1,1
kodak,09.png,2030,9001,9.0,90.0,binary16,flowharq,1,8192,4096,2,16388,22.36468505859375,0.005801382940262556,0.47061973810195923,0.8282508254051208,1,0
kodak,10.png,2030,9001,9.0,90.0,binary16,flowharq,0,4096,4096,1,12290,28.26617431640625,0.0014906738651916385,0.4938705861568451,0.9085819721221924,0,0
kodak,11.png,2030,9001,9.0,90.0,binary16,flowharq,1,8192,4096,2,16388,20.131616592407227,0.009701489470899105,0.5183254480361938,0.825789749622345,1,0
kodak,12.png,2030,9001,9.0,90.0,binary16,flowharq,0,4096,4096,1,12290,22.652450561523438,0.00542944110929966,0.5525630116462708,0.802175760269165,1,1
kodak,13.png,2030,9001,9.0,90.0,ideal,direct,0,4096,4096,1,12290,19.89997100830078,0.010232999920845032,0.7391541600227356,0.7508177161216736,1,1
kodak,14.png,2030,9001,9.0,90.0,ideal,direct,0,4096,4096,1,12290,19.610536575317383,0.01093821320682764,0.5072264075279236,0.8009670376777649,1,1
kodak,15.png,2030,9001,9.0,90.0,ideal,direct,0,4096,4096,1,12290,22.67291259765625,0.005403916817158461,0.521080732345581,0.8445728421211243,1,1
kodak,16.png,2030,9001,9.0,90.0,ideal,direct,0,4096,4096,1,12290,24.594558715820312,0.0034717146772891283,0.5933796167373657,0.8281933665275574,0,0
kodak,13.png,2030,9001,9.0,90.0,ideal,full_harq,1,8192,4096,2,16388,20.08399200439453,0.00980845931917429,0.7287515997886658,0.7748396992683411,1,0
kodak,14.png,2030,9001,9.0,90.0,ideal,full_harq,1,8192,4096,2,16388,19.662973403930664,0.010806936770677567,0.5034741163253784,0.8064737319946289,1,0
kodak,15.png,2030,9001,9.0,90.0,ideal,full_harq,1,8192,4096,2,16388,22.974761962890625,0.005041081923991442,0.4866468906402588,0.8632006049156189,1,0
kodak,16.png,2030,9001,9.0,90.0,ideal,full_harq,1,8192,4096,2,16388,24.834854125976562,0.003284841775894165,0.5611514449119568,0.856723964214325,0,0
kodak,13.png,2030,9001,9.0,90.0,ideal,fm_only,0,4096,4096,1,12290,19.99756622314453,0.010005603544414043,0.7433459162712097,0.7493125796318054,1,1
kodak,14.png,2030,9001,9.0,90.0,ideal,fm_only,0,4096,4096,1,12290,19.6994571685791,0.010716534219682217,0.5072886943817139,0.8011248111724854,1,1
kodak,15.png,2030,9001,9.0,90.0,ideal,fm_only,0,4096,4096,1,12290,22.95413589477539,0.00506508257240057,0.5241551995277405,0.8429405689239502,1,1
kodak,16.png,2030,9001,9.0,90.0,ideal,fm_only,0,4096,4096,1,12290,24.721393585205078,0.003371790051460266,0.5973919630050659,0.8277164101600647,0,0
kodak,13.png,2030,9001,9.0,90.0,ideal,adaptive_harq,1,8192,4096,2,16388,20.08399200439453,0.00980845931917429,0.7287515997886658,0.7748396992683411,1,0
kodak,14.png,2030,9001,9.0,90.0,ideal,adaptive_harq,1,8192,4096,2,16388,19.662973403930664,0.010806936770677567,0.5034741163253784,0.8064737319946289,1,0
kodak,15.png,2030,9001,9.0,90.0,ideal,adaptive_harq,1,8192,4096,2,16388,22.974761962890625,0.005041081923991442,0.4866468906402588,0.8632006049156189,1,0
kodak,16.png,2030,9001,9.0,90.0,ideal,adaptive_harq,0,4096,4096,1,12290,24.594558715820312,0.0034717146772891283,0.5933796167373657,0.8281933665275574,0,0
kodak,13.png,2030,9001,9.0,90.0,ideal,flowharq,1,8192,4096,2,16388,20.08399200439453,0.00980845931917429,0.7287515997886658,0.7748396992683411,1,0
kodak,14.png,2030,9001,9.0,90.0,ideal,flowharq,1,8192,4096,2,16388,19.662973403930664,0.010806936770677567,0.5034741163253784,0.8064737319946289,1,0
kodak,15.png,2030,9001,9.0,90.0,ideal,flowharq,1,8192,4096,2,16388,22.974761962890625,0.005041081923991442,0.4866468906402588,0.8632006049156189,1,0
kodak,16.png,2030,9001,9.0,90.0,ideal,flowharq,0,4096,4096,1,12290,24.721393585205078,0.003371790051460266,0.5973919630050659,0.8277164101600647,0,0
kodak,13.png,2030,9001,9.0,90.0,binary16,direct,0,4096,4096,1,12290,19.89997100830078,0.010233000852167606,0.7391541004180908,0.7508175373077393,1,1
kodak,14.png,2030,9001,9.0,90.0,binary16,direct,0,4096,4096,1,12290,19.610559463500977,0.010938156396150589,0.5072237253189087,0.8009672164916992,1,1
kodak,15.png,2030,9001,9.0,90.0,binary16,direct,0,4096,4096,1,12290,22.672975540161133,0.005403840448707342,0.521081805229187,0.8445718884468079,1,1
kodak,16.png,2030,9001,9.0,90.0,binary16,direct,0,4096,4096,1,12290,24.59450912475586,0.003471754491329193,0.5933786630630493,0.828191339969635,0,0
kodak,13.png,2030,9001,9.0,90.0,binary16,full_harq,1,8192,4096,2,16388,20.083995819091797,0.009808453731238842,0.7287551760673523,0.7748395800590515,1,0
kodak,14.png,2030,9001,9.0,90.0,binary16,full_harq,1,8192,4096,2,16388,19.66299819946289,0.010806878097355366,0.503471314907074,0.8064737915992737,1,0
kodak,15.png,2030,9001,9.0,90.0,binary16,full_harq,1,8192,4096,2,16388,22.974834442138672,0.005040999036282301,0.48664340376853943,0.8632004857063293,1,0
kodak,16.png,2030,9001,9.0,90.0,binary16,full_harq,1,8192,4096,2,16388,24.83478546142578,0.0032848946284502745,0.561152994632721,0.8567207455635071,0,0
kodak,13.png,2030,9001,9.0,90.0,binary16,fm_only,0,4096,4096,1,12290,19.9975643157959,0.010005608201026917,0.7433471083641052,0.7493118643760681,1,1
kodak,14.png,2030,9001,9.0,90.0,binary16,fm_only,0,4096,4096,1,12290,19.69947624206543,0.010716482996940613,0.5072861313819885,0.8011250495910645,1,1
kodak,15.png,2030,9001,9.0,90.0,binary16,fm_only,0,4096,4096,1,12290,22.954158782958984,0.005065053701400757,0.5241564512252808,0.8429397940635681,1,1
kodak,16.png,2030,9001,9.0,90.0,binary16,fm_only,0,4096,4096,1,12290,24.721372604370117,0.003371807746589184,0.5973944664001465,0.8277158141136169,0,0
kodak,13.png,2030,9001,9.0,90.0,binary16,adaptive_harq,1,8192,4096,2,16388,20.083995819091797,0.009808453731238842,0.7287551760673523,0.7748395800590515,1,0
kodak,14.png,2030,9001,9.0,90.0,binary16,adaptive_harq,1,8192,4096,2,16388,19.66299819946289,0.010806878097355366,0.503471314907074,0.8064737915992737,1,0
kodak,15.png,2030,9001,9.0,90.0,binary16,adaptive_harq,1,8192,4096,2,16388,22.974834442138672,0.005040999036282301,0.48664340376853943,0.8632004857063293,1,0
kodak,16.png,2030,9001,9.0,90.0,binary16,adaptive_harq,0,4096,4096,1,12290,24.59450912475586,0.003471754491329193,0.5933786630630493,0.828191339969635,0,0
kodak,13.png,2030,9001,9.0,90.0,binary16,flowharq,1,8192,4096,2,16388,20.083995819091797,0.009808453731238842,0.7287551760673523,0.7748395800590515,1,0
kodak,14.png,2030,9001,9.0,90.0,binary16,flowharq,1,8192,4096,2,16388,19.66299819946289,0.010806878097355366,0.503471314907074,0.8064737915992737,1,0
kodak,15.png,2030,9001,9.0,90.0,binary16,flowharq,1,8192,4096,2,16388,22.974834442138672,0.005040999036282301,0.48664340376853943,0.8632004857063293,1,0
kodak,16.png,2030,9001,9.0,90.0,binary16,flowharq,0,4096,4096,1,12290,24.721372604370117,0.003371807746589184,0.5973944664001465,0.8277158141136169,0,0
kodak,17.png,2030,9001,9.0,90.0,ideal,direct,0,4096,4096,1,12290,24.278282165527344,0.0037339767441153526,0.5747520923614502,0.8198060393333435,0,0
kodak,18.png,2030,9001,9.0,90.0,ideal,direct,0,4096,4096,1,12290,20.08350372314453,0.009809564799070358,0.5349550843238831,0.8160873055458069,1,1
kodak,19.png,2030,9001,9.0,90.0,ideal,direct,0,4096,4096,1,12290,20.586631774902344,0.008736485615372658,0.5673241019248962,0.7929897308349609,1,1
kodak,20.png,2030,9001,9.0,90.0,ideal,direct,0,4096,4096,1,12290,22.823959350585938,0.005219203885644674,0.33643829822540283,0.8948289752006531,1,1
kodak,17.png,2030,9001,9.0,90.0,ideal,full_harq,1,8192,4096,2,16388,25.4642391204834,0.002841685898602009,0.5086228251457214,0.8915212750434875,0,0
kodak,18.png,2030,9001,9.0,90.0,ideal,full_harq,1,8192,4096,2,16388,20.183643341064453,0.009585961699485779,0.5279809832572937,0.8257998824119568,1,0
kodak,19.png,2030,9001,9.0,90.0,ideal,full_harq,1,8192,4096,2,16388,20.799697875976562,0.008318216539919376,0.5416054725646973,0.8161194920539856,1,0
kodak,20.png,2030,9001,9.0,90.0,ideal,full_harq,1,8192,4096,2,16388,23.23101806640625,0.004752239212393761,0.3046165704727173,0.9163603782653809,1,0
kodak,17.png,2030,9001,9.0,90.0,ideal,fm_only,0,4096,4096,1,12290,24.42680549621582,0.00360843981616199,0.5782507061958313,0.8189926743507385,0,0
kodak,18.png,2030,9001,9.0,90.0,ideal,fm_only,0,4096,4096,1,12290,20.172502517700195,0.009610584005713463,0.5347979068756104,0.8154652714729309,1,1
kodak,19.png,2030,9001,9.0,90.0,ideal,fm_only,0,4096,4096,1,12290,20.583087921142578,0.008743619546294212,0.5690811276435852,0.7926211357116699,1,1
kodak,20.png,2030,9001,9.0,90.0,ideal,fm_only,0,4096,4096,1,12290,22.800846099853516,0.005247051361948252,0.33611953258514404,0.8936126828193665,1,1
kodak,17.png,2030,9001,9.0,90.0,ideal,adaptive_harq,1,8192,4096,2,16388,25.4642391204834,0.002841685898602009,0.5086228251457214,0.8915212750434875,0,0
kodak,18.png,2030,9001,9.0,90.0,ideal,adaptive_harq,1,8192,4096,2,16388,20.183643341064453,0.009585961699485779,0.5279809832572937,0.8257998824119568,1,0
kodak,19.png,2030,9001,9.0,90.0,ideal,adaptive_harq,1,8192,4096,2,16388,20.799697875976562,0.008318216539919376,0.5416054725646973,0.8161194920539856,1,0
kodak,20.png,2030,9001,9.0,90.0,ideal,adaptive_harq,1,8192,4096,2,16388,23.23101806640625,0.004752239212393761,0.3046165704727173,0.9163603782653809,1,0
kodak,17.png,2030,9001,9.0,90.0,ideal,flowharq,0,4096,4096,1,12290,24.42680549621582,0.00360843981616199,0.5782507061958313,0.8189926743507385,0,0
kodak,18.png,2030,9001,9.0,90.0,ideal,flowharq,1,8192,4096,2,16388,20.183643341064453,0.009585961699485779,0.5279809832572937,0.8257998824119568,1,0
kodak,19.png,2030,9001,9.0,90.0,ideal,flowharq,1,8192,4096,2,16388,20.799697875976562,0.008318216539919376,0.5416054725646973,0.8161194920539856,1,0
kodak,20.png,2030,9001,9.0,90.0,ideal,flowharq,1,8192,4096,2,16388,23.23101806640625,0.004752239212393761,0.3046165704727173,0.9163603782653809,1,0
kodak,17.png,2030,9001,9.0,90.0,binary16,direct,0,4096,4096,1,12290,24.278352737426758,0.003733918070793152,0.5747568607330322,0.8198092579841614,0,0
kodak,18.png,2030,9001,9.0,90.0,binary16,direct,0,4096,4096,1,12290,20.08345603942871,0.009809670969843864,0.5349533557891846,0.8160861134529114,1,1
kodak,19.png,2030,9001,9.0,90.0,binary16,direct,0,4096,4096,1,12290,20.586633682250977,0.008736484684050083,0.5673246383666992,0.7929887771606445,1,1
kodak,20.png,2030,9001,9.0,90.0,binary16,direct,0,4096,4096,1,12290,22.823991775512695,0.005219163838773966,0.33643707633018494,0.8948256969451904,1,1
kodak,17.png,2030,9001,9.0,90.0,binary16,full_harq,1,8192,4096,2,16388,25.464250564575195,0.0028416782151907682,0.508627712726593,0.8915233016014099,0,0
kodak,18.png,2030,9001,9.0,90.0,binary16,full_harq,1,8192,4096,2,16388,20.18359375,0.009586069732904434,0.5279797315597534,0.8257986903190613,1,0
kodak,19.png,2030,9001,9.0,90.0,binary16,full_harq,1,8192,4096,2,16388,20.79970359802246,0.00831820722669363,0.5416057705879211,0.8161198496818542,1,0
kodak,20.png,2030,9001,9.0,90.0,binary16,full_harq,1,8192,4096,2,16388,23.231077194213867,0.004752172622829676,0.3046177327632904,0.9163597226142883,1,0
kodak,17.png,2030,9001,9.0,90.0,binary16,fm_only,0,4096,4096,1,12290,24.426895141601562,0.003608365310356021,0.578252911567688,0.8189961314201355,0,0
kodak,18.png,2030,9001,9.0,90.0,binary16,fm_only,0,4096,4096,1,12290,20.172462463378906,0.009610670618712902,0.5347983837127686,0.8154642581939697,1,1
kodak,19.png,2030,9001,9.0,90.0,binary16,fm_only,0,4096,4096,1,12290,20.583084106445312,0.008743627928197384,0.5690816044807434,0.7926204800605774,1,1
kodak,20.png,2030,9001,9.0,90.0,binary16,fm_only,0,4096,4096,1,12290,22.800905227661133,0.005246980115771294,0.33611685037612915,0.8936094641685486,1,1
kodak,17.png,2030,9001,9.0,90.0,binary16,adaptive_harq,1,8192,4096,2,16388,25.464250564575195,0.0028416782151907682,0.508627712726593,0.8915233016014099,0,0
kodak,18.png,2030,9001,9.0,90.0,binary16,adaptive_harq,1,8192,4096,2,16388,20.18359375,0.009586069732904434,0.5279797315597534,0.8257986903190613,1,0
kodak,19.png,2030,9001,9.0,90.0,binary16,adaptive_harq,1,8192,4096,2,16388,20.79970359802246,0.00831820722669363,0.5416057705879211,0.8161198496818542,1,0
kodak,20.png,2030,9001,9.0,90.0,binary16,adaptive_harq,1,8192,4096,2,16388,23.231077194213867,0.004752172622829676,0.3046177327632904,0.9163597226142883,1,0
kodak,17.png,2030,9001,9.0,90.0,binary16,flowharq,0,4096,4096,1,12290,24.426895141601562,0.003608365310356021,0.578252911567688,0.8189961314201355,0,0
kodak,18.png,2030,9001,9.0,90.0,binary16,flowharq,1,8192,4096,2,16388,20.18359375,0.009586069732904434,0.5279797315597534,0.8257986903190613,1,0
kodak,19.png,2030,9001,9.0,90.0,binary16,flowharq,1,8192,4096,2,16388,20.79970359802246,0.00831820722669363,0.5416057705879211,0.8161198496818542,1,0
kodak,20.png,2030,9001,9.0,90.0,binary16,flowharq,1,8192,4096,2,16388,23.231077194213867,0.004752172622829676,0.3046177327632904,0.9163597226142883,1,0
kodak,21.png,2030,9001,9.0,90.0,ideal,direct,0,4096,4096,1,12290,21.638107299804688,0.006857870612293482,0.47820940613746643,0.8643989562988281,1,1
kodak,22.png,2030,9001,9.0,90.0,ideal,direct,0,4096,4096,1,12290,21.293012619018555,0.007425036281347275,0.5674911737442017,0.7995287775993347,1,1
kodak,23.png,2030,9001,9.0,90.0,ideal,direct,0,4096,4096,1,12290,23.752592086791992,0.004214448854327202,0.29888373613357544,0.901447057723999,1,1
kodak,24.png,2030,9001,9.0,90.0,ideal,direct,0,4096,4096,1,12290,22.786312103271484,0.005264642182737589,0.6223762035369873,0.8091780543327332,1,1
kodak,21.png,2030,9001,9.0,90.0,ideal,full_harq,1,8192,4096,2,16388,21.656864166259766,0.0068283178843557835,0.4744240343570709,0.8671104907989502,1,0
kodak,22.png,2030,9001,9.0,90.0,ideal,full_harq,1,8192,4096,2,16388,21.345613479614258,0.007335650268942118,0.5604180097579956,0.8078281283378601,1,0
kodak,23.png,2030,9001,9.0,90.0,ideal,full_harq,1,8192,4096,2,16388,24.175453186035156,0.0038234442472457886,0.274013489484787,0.9183401465415955,0,0
kodak,24.png,2030,9001,9.0,90.0,ideal,full_harq,1,8192,4096,2,16388,23.43330192565918,0.004535965621471405,0.5825919508934021,0.8566732406616211,1,0
kodak,21.png,2030,9001,9.0,90.0,ideal,fm_only,0,4096,4096,1,12290,21.658525466918945,0.006825702264904976,0.47973984479904175,0.8639519214630127,1,1
kodak,22.png,2030,9001,9.0,90.0,ideal,fm_only,0,4096,4096,1,12290,21.391498565673828,0.007258553523570299,0.5694217085838318,0.7981451153755188,1,1
kodak,23.png,2030,9001,9.0,90.0,ideal,fm_only,0,4096,4096,1,12290,24.058422088623047,0.003927875775843859,0.30305179953575134,0.9022483229637146,0,0
kodak,24.png,2030,9001,9.0,90.0,ideal,fm_only,0,4096,4096,1,12290,22.980897903442383,0.0050339666195213795,0.6278473734855652,0.805510938167572,1,1
kodak,21.png,2030,9001,9.0,90.0,ideal,adaptive_harq,1,8192,4096,2,16388,21.656864166259766,0.0068283178843557835,0.4744240343570709,0.8671104907989502,1,0
kodak,22.png,2030,9001,9.0,90.0,ideal,adaptive_harq,1,8192,4096,2,16388,21.345613479614258,0.007335650268942118,0.5604180097579956,0.8078281283378601,1,0
kodak,23.png,2030,9001,9.0,90.0,ideal,adaptive_harq,0,4096,4096,1,12290,23.752592086791992,0.004214448854327202,0.29888373613357544,0.901447057723999,1,1
kodak,24.png,2030,9001,9.0,90.0,ideal,adaptive_harq,1,8192,4096,2,16388,23.43330192565918,0.004535965621471405,0.5825919508934021,0.8566732406616211,1,0
kodak,21.png,2030,9001,9.0,90.0,ideal,flowharq,1,8192,4096,2,16388,21.656864166259766,0.0068283178843557835,0.4744240343570709,0.8671104907989502,1,0
kodak,22.png,2030,9001,9.0,90.0,ideal,flowharq,1,8192,4096,2,16388,21.345613479614258,0.007335650268942118,0.5604180097579956,0.8078281283378601,1,0
kodak,23.png,2030,9001,9.0,90.0,ideal,flowharq,0,4096,4096,1,12290,24.058422088623047,0.003927875775843859,0.30305179953575134,0.9022483229637146,0,0
kodak,24.png,2030,9001,9.0,90.0,ideal,flowharq,0,4096,4096,1,12290,22.980897903442383,0.0050339666195213795,0.6278473734855652,0.805510938167572,1,1
kodak,21.png,2030,9001,9.0,90.0,binary16,direct,0,4096,4096,1,12290,21.638099670410156,0.006857880856841803,0.47820526361465454,0.8643998503684998,1,1
kodak,22.png,2030,9001,9.0,90.0,binary16,direct,0,4096,4096,1,12290,21.29305648803711,0.007424965035170317,0.567493200302124,0.7995290160179138,1,1
kodak,23.png,2030,9001,9.0,90.0,binary16,direct,0,4096,4096,1,12290,23.752578735351562,0.0042144604958593845,0.29888084530830383,0.9014458060264587,1,1
kodak,24.png,2030,9001,9.0,90.0,binary16,direct,0,4096,4096,1,12290,22.786252975463867,0.005264712497591972,0.6223760843276978,0.8091773390769958,1,1
kodak,21.png,2030,9001,9.0,90.0,binary16,full_harq,1,8192,4096,2,16388,21.65685272216797,0.0068283346481621265,0.4744187295436859,0.8671109676361084,1,0
kodak,22.png,2030,9001,9.0,90.0,binary16,full_harq,1,8192,4096,2,16388,21.345638275146484,0.007335606496781111,0.560421347618103,0.8078283667564392,1,0
kodak,23.png,2030,9001,9.0,90.0,binary16,full_harq,1,8192,4096,2,16388,24.175443649291992,0.0038234509993344545,0.27401256561279297,0.9183385968208313,0,0
kodak,24.png,2030,9001,9.0,90.0,binary16,full_harq,1,8192,4096,2,16388,23.43328857421875,0.004535978194326162,0.5825898051261902,0.8566734194755554,1,0
kodak,21.png,2030,9001,9.0,90.0,binary16,fm_only,0,4096,4096,1,12290,21.658523559570312,0.006825707852840424,0.4797361493110657,0.8639526963233948,1,1
kodak,22.png,2030,9001,9.0,90.0,binary16,fm_only,0,4096,4096,1,12290,21.391551971435547,0.007258465047925711,0.5694245100021362,0.7981452941894531,1,1
kodak,23.png,2030,9001,9.0,90.0,binary16,fm_only,0,4096,4096,1,12290,24.058420181274414,0.0039278785698115826,0.30305004119873047,0.9022476077079773,0,0
kodak,24.png,2030,9001,9.0,90.0,binary16,fm_only,0,4096,4096,1,12290,22.980850219726562,0.005034021567553282,0.6278451085090637,0.8055108189582825,1,1
kodak,21.png,2030,9001,9.0,90.0,binary16,adaptive_harq,1,8192,4096,2,16388,21.65685272216797,0.0068283346481621265,0.4744187295436859,0.8671109676361084,1,0
kodak,22.png,2030,9001,9.0,90.0,binary16,adaptive_harq,1,8192,4096,2,16388,21.345638275146484,0.007335606496781111,0.560421347618103,0.8078283667564392,1,0
kodak,23.png,2030,9001,9.0,90.0,binary16,adaptive_harq,0,4096,4096,1,12290,23.752578735351562,0.0042144604958593845,0.29888084530830383,0.9014458060264587,1,1
kodak,24.png,2030,9001,9.0,90.0,binary16,adaptive_harq,1,8192,4096,2,16388,23.43328857421875,0.004535978194326162,0.5825898051261902,0.8566734194755554,1,0
kodak,21.png,2030,9001,9.0,90.0,binary16,flowharq,1,8192,4096,2,16388,21.65685272216797,0.0068283346481621265,0.4744187295436859,0.8671109676361084,1,0
kodak,22.png,2030,9001,9.0,90.0,binary16,flowharq,1,8192,4096,2,16388,21.345638275146484,0.007335606496781111,0.560421347618103,0.8078283667564392,1,0
kodak,23.png,2030,9001,9.0,90.0,binary16,flowharq,0,4096,4096,1,12290,24.058420181274414,0.0039278785698115826,0.30305004119873047,0.9022476077079773,0,0
kodak,24.png,2030,9001,9.0,90.0,binary16,flowharq,0,4096,4096,1,12290,22.980850219726562,0.005034021567553282,0.6278451085090637,0.8055108189582825,1,1
kodak,01.png,2030,9001,9.0,120.0,ideal,direct,0,4096,4096,1,12290,20.09037971496582,0.00979404617100954,0.5759392976760864,0.7779857516288757,1,1
kodak,02.png,2030,9001,9.0,120.0,ideal,direct,0,4096,4096,1,12290,20.126964569091797,0.009711886756122112,0.7252410650253296,0.5855582356452942,1,1
kodak,03.png,2030,9001,9.0,120.0,ideal,direct,0,4096,4096,1,12290,23.2962646484375,0.004681374412029982,0.41321033239364624,0.856428325176239,1,1
kodak,04.png,2030,9001,9.0,120.0,ideal,direct,0,4096,4096,1,12290,27.485977172851562,0.0017840312793850899,0.428777277469635,0.9362922310829163,0,0
kodak,01.png,2030,9001,9.0,120.0,ideal,full_harq,1,8192,4096,2,16388,20.164783477783203,0.00962768029421568,0.5638245344161987,0.7881971001625061,1,0
kodak,02.png,2030,9001,9.0,120.0,ideal,full_harq,1,8192,4096,2,16388,22.0325927734375,0.0062624006532132626,0.5171589255332947,0.8144480586051941,1,0
kodak,03.png,2030,9001,9.0,120.0,ideal,full_harq,1,8192,4096,2,16388,23.478300094604492,0.004489209968596697,0.38600295782089233,0.8755667805671692,1,0
kodak,04.png,2030,9001,9.0,120.0,ideal,full_harq,1,8192,4096,2,16388,27.42007827758789,0.0018113073892891407,0.42785438895225525,0.9374181628227234,0,0
kodak,01.png,2030,9001,9.0,120.0,ideal,fm_only,0,4096,4096,1,12290,20.22873306274414,0.00948694720864296,0.5765799283981323,0.7795982360839844,1,1
kodak,02.png,2030,9001,9.0,120.0,ideal,fm_only,0,4096,4096,1,12290,20.27426528930664,0.009388008154928684,0.7263668179512024,0.5559259057044983,1,1
kodak,03.png,2030,9001,9.0,120.0,ideal,fm_only,0,4096,4096,1,12290,23.885461807250977,0.004087463486939669,0.41651850938796997,0.8616359829902649,1,1
kodak,04.png,2030,9001,9.0,120.0,ideal,fm_only,0,4096,4096,1,12290,27.764728546142578,0.0016731206560507417,0.4325786530971527,0.9356552958488464,0,0
kodak,01.png,2030,9001,9.0,120.0,ideal,adaptive_harq,1,8192,4096,2,16388,20.164783477783203,0.00962768029421568,0.5638245344161987,0.7881971001625061,1,0
kodak,02.png,2030,9001,9.0,120.0,ideal,adaptive_harq,1,8192,4096,2,16388,22.0325927734375,0.0062624006532132626,0.5171589255332947,0.8144480586051941,1,0
kodak,03.png,2030,9001,9.0,120.0,ideal,adaptive_harq,0,4096,4096,1,12290,23.2962646484375,0.004681374412029982,0.41321033239364624,0.856428325176239,1,1
kodak,04.png,2030,9001,9.0,120.0,ideal,adaptive_harq,0,4096,4096,1,12290,27.485977172851562,0.0017840312793850899,0.428777277469635,0.9362922310829163,0,0
kodak,01.png,2030,9001,9.0,120.0,ideal,flowharq,1,8192,4096,2,16388,20.164783477783203,0.00962768029421568,0.5638245344161987,0.7881971001625061,1,0
kodak,02.png,2030,9001,9.0,120.0,ideal,flowharq,1,8192,4096,2,16388,22.0325927734375,0.0062624006532132626,0.5171589255332947,0.8144480586051941,1,0
kodak,03.png,2030,9001,9.0,120.0,ideal,flowharq,0,4096,4096,1,12290,23.885461807250977,0.004087463486939669,0.41651850938796997,0.8616359829902649,1,1
kodak,04.png,2030,9001,9.0,120.0,ideal,flowharq,0,4096,4096,1,12290,27.764728546142578,0.0016731206560507417,0.4325786530971527,0.9356552958488464,0,0
kodak,01.png,2030,9001,9.0,120.0,binary16,direct,0,4096,4096,1,12290,20.090425491333008,0.009793941862881184,0.5759403109550476,0.7779881954193115,1,1
kodak,02.png,2030,9001,9.0,120.0,binary16,direct,0,4096,4096,1,12290,20.12697410583496,0.009711861610412598,0.72524493932724,0.5855660438537598,1,1
kodak,03.png,2030,9001,9.0,120.0,binary16,direct,0,4096,4096,1,12290,23.296218872070312,0.004681427497416735,0.41321155428886414,0.8564305901527405,1,1
kodak,04.png,2030,9001,9.0,120.0,binary16,direct,0,4096,4096,1,12290,27.485830307006836,0.0017840903019532561,0.42877697944641113,0.9362918734550476,0,0
kodak,01.png,2030,9001,9.0,120.0,binary16,full_harq,1,8192,4096,2,16388,20.16484832763672,0.009627539664506912,0.5638231039047241,0.7881996035575867,1,0
kodak,02.png,2030,9001,9.0,120.0,binary16,full_harq,1,8192,4096,2,16388,22.032594680786133,0.006262396927922964,0.5171586275100708,0.8144491314888,1,0
kodak,03.png,2030,9001,9.0,120.0,binary16,full_harq,1,8192,4096,2,16388,23.47825813293457,0.004489255603402853,0.3860054910182953,0.8755696415901184,1,0
kodak,04.png,2030,9001,9.0,120.0,binary16,full_harq,1,8192,4096,2,16388,27.419931411743164,0.0018113687401637435,0.4278547763824463,0.9374173283576965,0,0
kodak,01.png,2030,9001,9.0,120.0,binary16,fm_only,0,4096,4096,1,12290,20.2287654876709,0.009486882947385311,0.5765810608863831,0.7795998454093933,1,1
kodak,02.png,2030,9001,9.0,120.0,binary16,fm_only,0,4096,4096,1,12290,20.27425765991211,0.009388026781380177,0.7263604402542114,0.5559326410293579,1,1
kodak,03.png,2030,9001,9.0,120.0,binary16,fm_only,0,4096,4096,1,12290,23.885456085205078,0.004087470006197691,0.4165194630622864,0.8616378903388977,1,1
kodak,04.png,2030,9001,9.0,120.0,binary16,fm_only,0,4096,4096,1,12290,27.764591217041016,0.0016731730429455638,0.4325783848762512,0.9356548190116882,0,0
kodak,01.png,2030,9001,9.0,120.0,binary16,adaptive_harq,1,8192,4096,2,16388,20.16484832763672,0.009627539664506912,0.5638231039047241,0.7881996035575867,1,0
kodak,02.png,2030,9001,9.0,120.0,binary16,adaptive_harq,1,8192,4096,2,16388,22.032594680786133,0.006262396927922964,0.5171586275100708,0.8144491314888,1,0
kodak,03.png,2030,9001,9.0,120.0,binary16,adaptive_harq,0,4096,4096,1,12290,23.296218872070312,0.004681427497416735,0.41321155428886414,0.8564305901527405,1,1
kodak,04.png,2030,9001,9.0,120.0,binary16,adaptive_harq,0,4096,4096,1,12290,27.485830307006836,0.0017840903019532561,0.42877697944641113,0.9362918734550476,0,0
kodak,01.png,2030,9001,9.0,120.0,binary16,flowharq,1,8192,4096,2,16388,20.16484832763672,0.009627539664506912,0.5638231039047241,0.7881996035575867,1,0
kodak,02.png,2030,9001,9.0,120.0,binary16,flowharq,1,8192,4096,2,16388,22.032594680786133,0.006262396927922964,0.5171586275100708,0.8144491314888,1,0
kodak,03.png,2030,9001,9.0,120.0,binary16,flowharq,0,4096,4096,1,12290,23.885456085205078,0.004087470006197691,0.4165194630622864,0.8616378903388977,1,1
kodak,04.png,2030,9001,9.0,120.0,binary16,flowharq,0,4096,4096,1,12290,27.764591217041016,0.0016731730429455638,0.4325783848762512,0.9356548190116882,0,0
kodak,05.png,2030,9001,9.0,120.0,ideal,direct,0,4096,4096,1,12290,18.160972595214844,0.015272240154445171,0.5211813449859619,0.7781093716621399,1,1
kodak,06.png,2030,9001,9.0,120.0,ideal,direct,0,4096,4096,1,12290,20.964027404785156,0.008009352721273899,0.6546403169631958,0.7394213676452637,1,1
kodak,07.png,2030,9001,9.0,120.0,ideal,direct,0,4096,4096,1,12290,21.051067352294922,0.007850425317883492,0.5528749227523804,0.7641134858131409,1,1
kodak,08.png,2030,9001,9.0,120.0,ideal,direct,0,4096,4096,1,12290,19.644271850585938,0.010853578336536884,0.45704448223114014,0.8570172786712646,1,1
kodak,05.png,2030,9001,9.0,120.0,ideal,full_harq,1,8192,4096,2,16388,18.447242736816406,0.014298015274107456,0.5000145435333252,0.802741527557373,1,0
kodak,06.png,2030,9001,9.0,120.0,ideal,full_harq,1,8192,4096,2,16388,21.052730560302734,0.007847421802580357,0.6484533548355103,0.7598476409912109,1,0
kodak,07.png,2030,9001,9.0,120.0,ideal,full_harq,1,8192,4096,2,16388,21.076736450195312,0.007804162800312042,0.5504195690155029,0.765284538269043,1,0
kodak,08.png,2030,9001,9.0,120.0,ideal,full_harq,1,8192,4096,2,16388,19.74441146850586,0.01060617994517088,0.4476068317890167,0.8637202382087708,1,0
kodak,05.png,2030,9001,9.0,120.0,ideal,fm_only,0,4096,4096,1,12290,18.237194061279297,0.015006541274487972,0.5192756056785583,0.7782848477363586,1,1
kodak,06.png,2030,9001,9.0,120.0,ideal,fm_only,0,4096,4096,1,12290,21.06644058227539,0.00782268587499857,0.6577842831611633,0.7386122345924377,1,1
kodak,07.png,2030,9001,9.0,120.0,ideal,fm_only,0,4096,4096,1,12290,21.138669967651367,0.007693659048527479,0.5492526292800903,0.7637813687324524,1,1
kodak,08.png,2030,9001,9.0,120.0,ideal,fm_only,0,4096,4096,1,12290,19.655593872070312,0.010825316421687603,0.4573366343975067,0.8566779494285583,1,1
kodak,05.png,2030,9001,9.0,120.0,ideal,adaptive_harq,1,8192,4096,2,16388,18.447242736816406,0.014298015274107456,0.5000145435333252,0.802741527557373,1,0
kodak,06.png,2030,9001,9.0,120.0,ideal,adaptive_harq,1,8192,4096,2,16388,21.052730560302734,0.007847421802580357,0.6484533548355103,0.7598476409912109,1,0
kodak,07.png,2030,9001,9.0,120.0,ideal,adaptive_harq,1,8192,4096,2,16388,21.076736450195312,0.007804162800312042,0.5504195690155029,0.765284538269043,1,0
kodak,08.png,2030,9001,9.0,120.0,ideal,adaptive_harq,1,8192,4096,2,16388,19.74441146850586,0.01060617994517088,0.4476068317890167,0.8637202382087708,1,0
kodak,05.png,2030,9001,9.0,120.0,ideal,flowharq,1,8192,4096,2,16388,18.447242736816406,0.014298015274107456,0.5000145435333252,0.802741527557373,1,0
kodak,06.png,2030,9001,9.0,120.0,ideal,flowharq,1,8192,4096,2,16388,21.052730560302734,0.007847421802580357,0.6484533548355103,0.7598476409912109,1,0
kodak,07.png,2030,9001,9.0,120.0,ideal,flowharq,1,8192,4096,2,16388,21.076736450195312,0.007804162800312042,0.5504195690155029,0.765284538269043,1,0
kodak,08.png,2030,9001,9.0,120.0,ideal,flowharq,1,8192,4096,2,16388,19.74441146850586,0.01060617994517088,0.4476068317890167,0.8637202382087708,1,0
kodak,05.png,2030,9001,9.0,120.0,binary16,direct,0,4096,4096,1,12290,18.160966873168945,0.015272259712219238,0.5211835503578186,0.7781088352203369,1,1
kodak,06.png,2030,9001,9.0,120.0,binary16,direct,0,4096,4096,1,12290,20.964004516601562,0.008009389974176884,0.6546404361724854,0.7394211292266846,1,1
kodak,07.png,2030,9001,9.0,120.0,binary16,direct,0,4096,4096,1,12290,21.051063537597656,0.007850433699786663,0.5528730154037476,0.7641131281852722,1,1
kodak,08.png,2030,9001,9.0,120.0,binary16,direct,0,4096,4096,1,12290,19.644254684448242,0.010853619314730167,0.4570489525794983,0.8570170998573303,1,1
kodak,05.png,2030,9001,9.0,120.0,binary16,full_harq,1,8192,4096,2,16388,18.447233200073242,0.01429804414510727,0.5000187158584595,0.8027413487434387,1,0
kodak,06.png,2030,9001,9.0,120.0,binary16,full_harq,1,8192,4096,2,16388,21.052724838256836,0.007847431115806103,0.6484529376029968,0.7598474621772766,1,0
kodak,07.png,2030,9001,9.0,120.0,binary16,full_harq,1,8192,4096,2,16388,21.07672119140625,0.007804187014698982,0.5504175424575806,0.76528400182724,1,0
kodak,08.png,2030,9001,9.0,120.0,binary16,full_harq,1,8192,4096,2,16388,19.744415283203125,0.010606166906654835,0.4476122260093689,0.8637204766273499,1,0
kodak,05.png,2030,9001,9.0,120.0,binary16,fm_only,0,4096,4096,1,12290,18.23719024658203,0.015006553381681442,0.5192768573760986,0.7782841324806213,1,1
kodak,06.png,2030,9001,9.0,120.0,binary16,fm_only,0,4096,4096,1,12290,21.066417694091797,0.007822725921869278,0.6577839255332947,0.7386118769645691,1,1
kodak,07.png,2030,9001,9.0,120.0,binary16,fm_only,0,4096,4096,1,12290,21.138669967651367,0.007693660911172628,0.5492501258850098,0.7637813687324524,1,1
kodak,08.png,2030,9001,9.0,120.0,binary16,fm_only,0,4096,4096,1,12290,19.655582427978516,0.01082534808665514,0.45734167098999023,0.8566778302192688,1,1
kodak,05.png,2030,9001,9.0,120.0,binary16,adaptive_harq,1,8192,4096,2,16388,18.447233200073242,0.01429804414510727,0.5000187158584595,0.8027413487434387,1,0
kodak,06.png,2030,9001,9.0,120.0,binary16,adaptive_harq,1,8192,4096,2,16388,21.052724838256836,0.007847431115806103,0.6484529376029968,0.7598474621772766,1,0
kodak,07.png,2030,9001,9.0,120.0,binary16,adaptive_harq,1,8192,4096,2,16388,21.07672119140625,0.007804187014698982,0.5504175424575806,0.76528400182724,1,0
kodak,08.png,2030,9001,9.0,120.0,binary16,adaptive_harq,1,8192,4096,2,16388,19.744415283203125,0.010606166906654835,0.4476122260093689,0.8637204766273499,1,0
kodak,05.png,2030,9001,9.0,120.0,binary16,flowharq,1,8192,4096,2,16388,18.447233200073242,0.01429804414510727,0.5000187158584595,0.8027413487434387,1,0
kodak,06.png,2030,9001,9.0,120.0,binary16,flowharq,1,8192,4096,2,16388,21.052724838256836,0.007847431115806103,0.6484529376029968,0.7598474621772766,1,0
kodak,07.png,2030,9001,9.0,120.0,binary16,flowharq,1,8192,4096,2,16388,21.07672119140625,0.007804187014698982,0.5504175424575806,0.76528400182724,1,0
kodak,08.png,2030,9001,9.0,120.0,binary16,flowharq,1,8192,4096,2,16388,19.744415283203125,0.010606166906654835,0.4476122260093689,0.8637204766273499,1,0
kodak,09.png,2030,9001,9.0,120.0,ideal,direct,0,4096,4096,1,12290,23.24141502380371,0.004740873817354441,0.42517825961112976,0.8541086316108704,1,1
kodak,10.png,2030,9001,9.0,120.0,ideal,direct,0,4096,4096,1,12290,27.945018768310547,0.001605085446499288,0.5317455530166626,0.8894370198249817,0,0
kodak,11.png,2030,9001,9.0,120.0,ideal,direct,0,4096,4096,1,12290,20.020387649536133,0.009953164495527744,0.5244011282920837,0.8229003548622131,1,1
kodak,12.png,2030,9001,9.0,120.0,ideal,direct,0,4096,4096,1,12290,23.37664031982422,0.004595531616359949,0.5177133083343506,0.8380048871040344,1,1
kodak,09.png,2030,9001,9.0,120.0,ideal,full_harq,1,8192,4096,2,16388,23.777788162231445,0.004190070554614067,0.3656989634037018,0.8901407718658447,1,0
kodak,10.png,2030,9001,9.0,120.0,ideal,full_harq,1,8192,4096,2,16388,28.212913513183594,0.0015090672532096505,0.47915852069854736,0.9106526374816895,0,0
kodak,11.png,2030,9001,9.0,120.0,ideal,full_harq,1,8192,4096,2,16388,20.05453872680664,0.009875205345451832,0.5251505970954895,0.8260012269020081,1,0
kodak,12.png,2030,9001,9.0,120.0,ideal,full_harq,1,8192,4096,2,16388,23.374460220336914,0.004597840830683708,0.517564058303833,0.8408622741699219,1,0
kodak,09.png,2030,9001,9.0,120.0,ideal,fm_only,0,4096,4096,1,12290,23.284732818603516,0.004693822935223579,0.4284154176712036,0.8541404604911804,1,1
kodak,10.png,2030,9001,9.0,120.0,ideal,fm_only,0,4096,4096,1,12290,28.001693725585938,0.0015842750435695052,0.5307308435440063,0.8888123631477356,0,0
kodak,11.png,2030,9001,9.0,120.0,ideal,fm_only,0,4096,4096,1,12290,20.08993911743164,0.009795036166906357,0.5241013765335083,0.8225793242454529,1,1
kodak,12.png,2030,9001,9.0,120.0,ideal,fm_only,0,4096,4096,1,12290,23.485275268554688,0.004482008516788483,0.5177730917930603,0.837916374206543,1,1
kodak,09.png,2030,9001,9.0,120.0,ideal,adaptive_harq,1,8192,4096,2,16388,23.777788162231445,0.004190070554614067,0.3656989634037018,0.8901407718658447,1,0
kodak,10.png,2030,9001,9.0,120.0,ideal,adaptive_harq,0,4096,4096,1,12290,27.945018768310547,0.001605085446499288,0.5317455530166626,0.8894370198249817,0,0
kodak,11.png,2030,9001,9.0,120.0,ideal,adaptive_harq,1,8192,4096,2,16388,20.05453872680664,0.009875205345451832,0.5251505970954895,0.8260012269020081,1,0
kodak,12.png,2030,9001,9.0,120.0,ideal,adaptive_harq,0,4096,4096,1,12290,23.37664031982422,0.004595531616359949,0.5177133083343506,0.8380048871040344,1,1
kodak,09.png,2030,9001,9.0,120.0,ideal,flowharq,1,8192,4096,2,16388,23.777788162231445,0.004190070554614067,0.3656989634037018,0.8901407718658447,1,0
kodak,10.png,2030,9001,9.0,120.0,ideal,flowharq,0,4096,4096,1,12290,28.001693725585938,0.0015842750435695052,0.5307308435440063,0.8888123631477356,0,0
kodak,11.png,2030,9001,9.0,120.0,ideal,flowharq,1,8192,4096,2,16388,20.05453872680664,0.009875205345451832,0.5251505970954895,0.8260012269020081,1,0
kodak,12.png,2030,9001,9.0,120.0,ideal,flowharq,0,4096,4096,1,12290,23.485275268554688,0.004482008516788483,0.5177730917930603,0.837916374206543,1,1
kodak,09.png,2030,9001,9.0,120.0,binary16,direct,0,4096,4096,1,12290,23.24144744873047,0.004740838427096605,0.4251757860183716,0.8541100025177002,1,1
kodak,10.png,2030,9001,9.0,120.0,binary16,direct,0,4096,4096,1,12290,27.944992065429688,0.0016050956910476089,0.5317493081092834,0.8894379734992981,0,0
kodak,11.png,2030,9001,9.0,120.0,binary16,direct,0,4096,4096,1,12290,20.020360946655273,0.009953225031495094,0.5244006514549255,0.8229004740715027,1,1
kodak,12.png,2030,9001,9.0,120.0,binary16,direct,0,4096,4096,1,12290,23.37665367126465,0.004595519509166479,0.5177067518234253,0.8380022644996643,1,1
kodak,09.png,2030,9001,9.0,120.0,binary16,full_harq,1,8192,4096,2,16388,23.777799606323242,0.004190058447420597,0.3656996786594391,0.8901415467262268,1,0
kodak,10.png,2030,9001,9.0,120.0,binary16,full_harq,1,8192,4096,2,16388,28.212890625,0.0015090755186975002,0.479159951210022,0.9106534123420715,0,0
kodak,11.png,2030,9001,9.0,120.0,binary16,full_harq,1,8192,4096,2,16388,20.05450439453125,0.0098752835765481,0.5251520872116089,0.826000988483429,1,0
kodak,12.png,2030,9001,9.0,120.0,binary16,full_harq,1,8192,4096,2,16388,23.374473571777344,0.004597825463861227,0.5175570249557495,0.8408599495887756,1,0
kodak,09.png,2030,9001,9.0,120.0,binary16,fm_only,0,4096,4096,1,12290,23.28476333618164,0.004693788010627031,0.42841416597366333,0.854141891002655,1,1
kodak,10.png,2030,9001,9.0,120.0,binary16,fm_only,0,4096,4096,1,12290,27.99675178527832,0.0015860791318118572,0.53107750415802,0.8888089060783386,0,0
kodak,11.png,2030,9001,9.0,120.0,binary16,fm_only,0,4096,4096,1,12290,20.089908599853516,0.009795106947422028,0.524101197719574,0.8225790858268738,1,1
kodak,12.png,2030,9001,9.0,120.0,binary16,fm_only,0,4096,4096,1,12290,23.48529624938965,0.004481984302401543,0.5177662968635559,0.8379144668579102,1,1
kodak,09.png,2030,9001,9.0,120.0,binary16,adaptive_harq,1,8192,4096,2,16388,23.777799606323242,0.004190058447420597,0.3656996786594391,0.8901415467262268,1,0
kodak,10.png,2030,9001,9.0,120.0,binary16,adaptive_harq,0,4096,4096,1,12290,27.944992065429688,0.0016050956910476089,0.5317493081092834,0.8894379734992981,0,0
kodak,11.png,2030,9001,9.0,120.0,binary16,adaptive_harq,1,8192,4096,2,16388,20.05450439453125,0.0098752835765481,0.5251520872116089,0.826000988483429,1,0
kodak,12.png,2030,9001,9.0,120.0,binary16,adaptive_harq,0,4096,4096,1,12290,23.37665367126465,0.004595519509166479,0.5177067518234253,0.8380022644996643,1,1
kodak,09.png,2030,9001,9.0,120.0,binary16,flowharq,1,8192,4096,2,16388,23.777799606323242,0.004190058447420597,0.3656996786594391,0.8901415467262268,1,0
kodak,10.png,2030,9001,9.0,120.0,binary16,flowharq,0,4096,4096,1,12290,27.99675178527832,0.0015860791318118572,0.53107750415802,0.8888089060783386,0,0
kodak,11.png,2030,9001,9.0,120.0,binary16,flowharq,1,8192,4096,2,16388,20.05450439453125,0.0098752835765481,0.5251520872116089,0.826000988483429,1,0
kodak,12.png,2030,9001,9.0,120.0,binary16,flowharq,0,4096,4096,1,12290,23.48529624938965,0.004481984302401543,0.5177662968635559,0.8379144668579102,1,1
kodak,13.png,2030,9001,9.0,120.0,ideal,direct,0,4096,4096,1,12290,19.757287979125977,0.01057477667927742,0.778223991394043,0.7147182822227478,1,1
kodak,14.png,2030,9001,9.0,120.0,ideal,direct,0,4096,4096,1,12290,17.89339256286621,0.016242794692516327,0.6199982166290283,0.6522798538208008,1,1
kodak,15.png,2030,9001,9.0,120.0,ideal,direct,0,4096,4096,1,12290,21.2413387298584,0.007513912860304117,0.6007993221282959,0.7722806930541992,1,1
kodak,16.png,2030,9001,9.0,120.0,ideal,direct,0,4096,4096,1,12290,24.39522933959961,0.0036347706336528063,0.5831375122070312,0.8176579475402832,0,0
kodak,13.png,2030,9001,9.0,120.0,ideal,full_harq,1,8192,4096,2,16388,20.009872436523438,0.009977291338145733,0.7503443360328674,0.7554519772529602,1,0
kodak,14.png,2030,9001,9.0,120.0,ideal,full_harq,1,8192,4096,2,16388,19.41034698486328,0.011454213410615921,0.5191185474395752,0.7848098278045654,1,0
kodak,15.png,2030,9001,9.0,120.0,ideal,full_harq,1,8192,4096,2,16388,21.64545440673828,0.006846277043223381,0.564358115196228,0.8001897931098938,1,0
kodak,16.png,2030,9001,9.0,120.0,ideal,full_harq,1,8192,4096,2,16388,24.815048217773438,0.003299856325611472,0.5557186007499695,0.8577379584312439,0,0
kodak,13.png,2030,9001,9.0,120.0,ideal,fm_only,0,4096,4096,1,12290,19.862590789794922,0.01032145693898201,0.7831562757492065,0.71080082654953,1,1
kodak,14.png,2030,9001,9.0,120.0,ideal,fm_only,0,4096,4096,1,12290,17.87681770324707,0.016304900869727135,0.6126574277877808,0.6457757949829102,1,1
kodak,15.png,2030,9001,9.0,120.0,ideal,fm_only,0,4096,4096,1,12290,21.381332397460938,0.0072755659930408,0.6236757040023804,0.7537505030632019,1,1
kodak,16.png,2030,9001,9.0,120.0,ideal,fm_only,0,4096,4096,1,12290,24.530933380126953,0.0035229523200541735,0.5954602956771851,0.8163517117500305,0,0
kodak,13.png,2030,9001,9.0,120.0,ideal,adaptive_harq,1,8192,4096,2,16388,20.009872436523438,0.009977291338145733,0.7503443360328674,0.7554519772529602,1,0
kodak,14.png,2030,9001,9.0,120.0,ideal,adaptive_harq,1,8192,4096,2,16388,19.41034698486328,0.011454213410615921,0.5191185474395752,0.7848098278045654,1,0
kodak,15.png,2030,9001,9.0,120.0,ideal,adaptive_harq,1,8192,4096,2,16388,21.64545440673828,0.006846277043223381,0.564358115196228,0.8001897931098938,1,0
kodak,16.png,2030,9001,9.0,120.0,ideal,adaptive_harq,0,4096,4096,1,12290,24.39522933959961,0.0036347706336528063,0.5831375122070312,0.8176579475402832,0,0
kodak,13.png,2030,9001,9.0,120.0,ideal,flowharq,1,8192,4096,2,16388,20.009872436523438,0.009977291338145733,0.7503443360328674,0.7554519772529602,1,0
kodak,14.png,2030,9001,9.0,120.0,ideal,flowharq,1,8192,4096,2,16388,19.41034698486328,0.011454213410615921,0.5191185474395752,0.7848098278045654,1,0
kodak,15.png,2030,9001,9.0,120.0,ideal,flowharq,1,8192,4096,2,16388,21.64545440673828,0.006846277043223381,0.564358115196228,0.8001897931098938,1,0
kodak,16.png,2030,9001,9.0,120.0,ideal,flowharq,0,4096,4096,1,12290,24.530933380126953,0.0035229523200541735,0.5954602956771851,0.8163517117500305,0,0
kodak,13.png,2030,9001,9.0,120.0,binary16,direct,0,4096,4096,1,12290,19.757293701171875,0.01057476457208395,0.7782180309295654,0.7147170901298523,1,1
kodak,14.png,2030,9001,9.0,120.0,binary16,direct,0,4096,4096,1,12290,17.893413543701172,0.01624271832406521,0.6199938058853149,0.6522806286811829,1,1
kodak,15.png,2030,9001,9.0,120.0,binary16,direct,0,4096,4096,1,12290,21.241413116455078,0.007513787131756544,0.6007966995239258,0.7722817063331604,1,1
kodak,16.png,2030,9001,9.0,120.0,binary16,direct,0,4096,4096,1,12290,24.39519500732422,0.003634800435975194,0.5831367373466492,0.8176575303077698,0,0
kodak,13.png,2030,9001,9.0,120.0,binary16,full_harq,1,8192,4096,2,16388,20.009878158569336,0.009977282024919987,0.7503466010093689,0.7554511427879333,1,0
kodak,14.png,2030,9001,9.0,120.0,binary16,full_harq,1,8192,4096,2,16388,19.41036605834961,0.011454164050519466,0.5191154479980469,0.7848109602928162,1,0
kodak,15.png,2030,9001,9.0,120.0,binary16,full_harq,1,8192,4096,2,16388,21.645586013793945,0.006846069823950529,0.5643567442893982,0.8001921772956848,1,0
kodak,16.png,2030,9001,9.0,120.0,binary16,full_harq,1,8192,4096,2,16388,24.81500244140625,0.0032998935785144567,0.5557206273078918,0.8577361702919006,0,0
kodak,13.png,2030,9001,9.0,120.0,binary16,fm_only,0,4096,4096,1,12290,19.862586975097656,0.010321465320885181,0.783153772354126,0.710798442363739,1,1
kodak,14.png,2030,9001,9.0,120.0,binary16,fm_only,0,4096,4096,1,12290,17.876813888549805,0.01630491577088833,0.6126598715782166,0.6457762122154236,1,1
kodak,15.png,2030,9001,9.0,120.0,binary16,fm_only,0,4096,4096,1,12290,21.381404876708984,0.007275443058460951,0.6236777305603027,0.7537519335746765,1,1
kodak,16.png,2030,9001,9.0,120.0,binary16,fm_only,0,4096,4096,1,12290,24.530927658081055,0.0035229555796831846,0.5954591631889343,0.8163520693778992,0,0
kodak,13.png,2030,9001,9.0,120.0,binary16,adaptive_harq,1,8192,4096,2,16388,20.009878158569336,0.009977282024919987,0.7503466010093689,0.7554511427879333,1,0
kodak,14.png,2030,9001,9.0,120.0,binary16,adaptive_harq,1,8192,4096,2,16388,19.41036605834961,0.011454164050519466,0.5191154479980469,0.7848109602928162,1,0
kodak,15.png,2030,9001,9.0,120.0,binary16,adaptive_harq,1,8192,4096,2,16388,21.645586013793945,0.006846069823950529,0.5643567442893982,0.8001921772956848,1,0
kodak,16.png,2030,9001,9.0,120.0,binary16,adaptive_harq,0,4096,4096,1,12290,24.39519500732422,0.003634800435975194,0.5831367373466492,0.8176575303077698,0,0
kodak,13.png,2030,9001,9.0,120.0,binary16,flowharq,1,8192,4096,2,16388,20.009878158569336,0.009977282024919987,0.7503466010093689,0.7554511427879333,1,0
kodak,14.png,2030,9001,9.0,120.0,binary16,flowharq,1,8192,4096,2,16388,19.41036605834961,0.011454164050519466,0.5191154479980469,0.7848109602928162,1,0
kodak,15.png,2030,9001,9.0,120.0,binary16,flowharq,1,8192,4096,2,16388,21.645586013793945,0.006846069823950529,0.5643567442893982,0.8001921772956848,1,0
kodak,16.png,2030,9001,9.0,120.0,binary16,flowharq,0,4096,4096,1,12290,24.530927658081055,0.0035229555796831846,0.5954591631889343,0.8163520693778992,0,0
kodak,17.png,2030,9001,9.0,120.0,ideal,direct,0,4096,4096,1,12290,22.842918395996094,0.005196469370275736,0.6107338070869446,0.728457510471344,1,1
kodak,18.png,2030,9001,9.0,120.0,ideal,direct,0,4096,4096,1,12290,20.201444625854492,0.009546748362481594,0.5279500484466553,0.8334035873413086,1,1
kodak,19.png,2030,9001,9.0,120.0,ideal,direct,0,4096,4096,1,12290,20.946643829345703,0.008041474968194962,0.5371197462081909,0.832909882068634,1,1
kodak,20.png,2030,9001,9.0,120.0,ideal,direct,0,4096,4096,1,12290,23.471851348876953,0.0044958810321986675,0.30002570152282715,0.9229152798652649,1,1
kodak,17.png,2030,9001,9.0,120.0,ideal,full_harq,1,8192,4096,2,16388,25.223491668701172,0.003003661287948489,0.5277040600776672,0.8659868836402893,0,0
kodak,18.png,2030,9001,9.0,120.0,ideal,full_harq,1,8192,4096,2,16388,20.23665428161621,0.009469661861658096,0.525101363658905,0.8358964920043945,1,0
kodak,19.png,2030,9001,9.0,120.0,ideal,full_harq,1,8192,4096,2,16388,20.976680755615234,0.007986045442521572,0.5321106314659119,0.8382250666618347,1,0
kodak,20.png,2030,9001,9.0,120.0,ideal,full_harq,1,8192,4096,2,16388,23.51200294494629,0.0044545079581439495,0.2994789183139801,0.9256525635719299,1,0
kodak,17.png,2030,9001,9.0,120.0,ideal,fm_only,0,4096,4096,1,12290,22.901323318481445,0.005127053242176771,0.6237813234329224,0.7243197560310364,1,1
kodak,18.png,2030,9001,9.0,120.0,ideal,fm_only,0,4096,4096,1,12290,20.235654830932617,0.009471840225160122,0.5279781818389893,0.8329389095306396,1,1
kodak,19.png,2030,9001,9.0,120.0,ideal,fm_only,0,4096,4096,1,12290,20.951152801513672,0.008033129386603832,0.5381147265434265,0.8322893977165222,1,1
kodak,20.png,2030,9001,9.0,120.0,ideal,fm_only,0,4096,4096,1,12290,23.534759521484375,0.00443122535943985,0.29989996552467346,0.9228357672691345,1,1
kodak,17.png,2030,9001,9.0,120.0,ideal,adaptive_harq,1,8192,4096,2,16388,25.223491668701172,0.003003661287948489,0.5277040600776672,0.8659868836402893,0,0
kodak,18.png,2030,9001,9.0,120.0,ideal,adaptive_harq,1,8192,4096,2,16388,20.23665428161621,0.009469661861658096,0.525101363658905,0.8358964920043945,1,0
kodak,19.png,2030,9001,9.0,120.0,ideal,adaptive_harq,0,4096,4096,1,12290,20.946643829345703,0.008041474968194962,0.5371197462081909,0.832909882068634,1,1
kodak,20.png,2030,9001,9.0,120.0,ideal,adaptive_harq,0,4096,4096,1,12290,23.471851348876953,0.0044958810321986675,0.30002570152282715,0.9229152798652649,1,1
kodak,17.png,2030,9001,9.0,120.0,ideal,flowharq,1,8192,4096,2,16388,25.223491668701172,0.003003661287948489,0.5277040600776672,0.8659868836402893,0,0
kodak,18.png,2030,9001,9.0,120.0,ideal,flowharq,1,8192,4096,2,16388,20.23665428161621,0.009469661861658096,0.525101363658905,0.8358964920043945,1,0
kodak,19.png,2030,9001,9.0,120.0,ideal,flowharq,0,4096,4096,1,12290,20.951152801513672,0.008033129386603832,0.5381147265434265,0.8322893977165222,1,1
kodak,20.png,2030,9001,9.0,120.0,ideal,flowharq,0,4096,4096,1,12290,23.534759521484375,0.00443122535943985,0.29989996552467346,0.9228357672691345,1,1
kodak,17.png,2030,9001,9.0,120.0,binary16,direct,0,4096,4096,1,12290,22.8429012298584,0.0051964870654046535,0.6107315421104431,0.7284596562385559,1,1
kodak,18.png,2030,9001,9.0,120.0,binary16,direct,0,4096,4096,1,12290,20.201404571533203,0.009546838700771332,0.5279514193534851,0.8334026336669922,1,1
kodak,19.png,2030,9001,9.0,120.0,binary16,direct,0,4096,4096,1,12290,20.946626663208008,0.008041503839194775,0.5371208786964417,0.8329100608825684,1,1
kodak,20.png,2030,9001,9.0,120.0,binary16,direct,0,4096,4096,1,12290,23.471874237060547,0.0044958568178117275,0.3000278174877167,0.9229127764701843,1,1
kodak,17.png,2030,9001,9.0,120.0,binary16,full_harq,1,8192,4096,2,16388,25.223466873168945,0.0030036780517548323,0.5277086496353149,0.8659884333610535,0,0
kodak,18.png,2030,9001,9.0,120.0,binary16,full_harq,1,8192,4096,2,16388,20.236621856689453,0.009469734504818916,0.5250998735427856,0.8358955979347229,1,0
kodak,19.png,2030,9001,9.0,120.0,binary16,full_harq,1,8192,4096,2,16388,20.976680755615234,0.007986047305166721,0.5321109294891357,0.8382256627082825,1,0
kodak,20.png,2030,9001,9.0,120.0,binary16,full_harq,1,8192,4096,2,16388,23.512041091918945,0.004454466979950666,0.2994816303253174,0.9256487488746643,1,0
kodak,17.png,2030,9001,9.0,120.0,binary16,fm_only,0,4096,4096,1,12290,22.90132713317871,0.0051270462572574615,0.6237801909446716,0.7243218421936035,1,1
kodak,18.png,2030,9001,9.0,120.0,binary16,fm_only,0,4096,4096,1,12290,20.235618591308594,0.009471923112869263,0.5279785990715027,0.8329377770423889,1,1
kodak,19.png,2030,9001,9.0,120.0,binary16,fm_only,0,4096,4096,1,12290,20.951135635375977,0.008033162914216518,0.5381158590316772,0.8322893977165222,1,1
kodak,20.png,2030,9001,9.0,120.0,binary16,fm_only,0,4096,4096,1,12290,23.53477668762207,0.004431209061294794,0.2999022305011749,0.9228338599205017,1,1
kodak,17.png,2030,9001,9.0,120.0,binary16,adaptive_harq,1,8192,4096,2,16388,25.223466873168945,0.0030036780517548323,0.5277086496353149,0.8659884333610535,0,0
kodak,18.png,2030,9001,9.0,120.0,binary16,adaptive_harq,1,8192,4096,2,16388,20.236621856689453,0.009469734504818916,0.5250998735427856,0.8358955979347229,1,0
kodak,19.png,2030,9001,9.0,120.0,binary16,adaptive_harq,0,4096,4096,1,12290,20.946626663208008,0.008041503839194775,0.5371208786964417,0.8329100608825684,1,1
kodak,20.png,2030,9001,9.0,120.0,binary16,adaptive_harq,0,4096,4096,1,12290,23.471874237060547,0.0044958568178117275,0.3000278174877167,0.9229127764701843,1,1
kodak,17.png,2030,9001,9.0,120.0,binary16,flowharq,1,8192,4096,2,16388,25.223466873168945,0.0030036780517548323,0.5277086496353149,0.8659884333610535,0,0
kodak,18.png,2030,9001,9.0,120.0,binary16,flowharq,1,8192,4096,2,16388,20.236621856689453,0.009469734504818916,0.5250998735427856,0.8358955979347229,1,0
kodak,19.png,2030,9001,9.0,120.0,binary16,flowharq,0,4096,4096,1,12290,20.951135635375977,0.008033162914216518,0.5381158590316772,0.8322893977165222,1,1
kodak,20.png,2030,9001,9.0,120.0,binary16,flowharq,0,4096,4096,1,12290,23.53477668762207,0.004431209061294794,0.2999022305011749,0.9228338599205017,1,1
kodak,21.png,2030,9001,9.0,120.0,ideal,direct,0,4096,4096,1,12290,21.324275970458984,0.007371778134256601,0.4818453788757324,0.8468595147132874,1,1
kodak,22.png,2030,9001,9.0,120.0,ideal,direct,0,4096,4096,1,12290,21.386892318725586,0.007266255561262369,0.5619109272956848,0.80692058801651,1,1
kodak,23.png,2030,9001,9.0,120.0,ideal,direct,0,4096,4096,1,12290,15.303507804870605,0.02948825992643833,0.7437947392463684,0.5009856820106506,1,1
kodak,24.png,2030,9001,9.0,120.0,ideal,direct,0,4096,4096,1,12290,23.182695388793945,0.004805410280823708,0.6007574200630188,0.8432919979095459,1,1
kodak,21.png,2030,9001,9.0,120.0,ideal,full_harq,1,8192,4096,2,16388,21.55977439880371,0.006982686463743448,0.473913311958313,0.8616169095039368,1,0
kodak,22.png,2030,9001,9.0,120.0,ideal,full_harq,1,8192,4096,2,16388,21.432504653930664,0.007190341129899025,0.5595543384552002,0.8102719783782959,1,0
kodak,23.png,2030,9001,9.0,120.0,ideal,full_harq,1,8192,4096,2,16388,23.772472381591797,0.004195198882371187,0.30436021089553833,0.8971827030181885,1,0
kodak,24.png,2030,9001,9.0,120.0,ideal,full_harq,1,8192,4096,2,16388,23.627614974975586,0.004337491001933813,0.5712563991546631,0.8739781975746155,1,0
kodak,21.png,2030,9001,9.0,120.0,ideal,fm_only,0,4096,4096,1,12290,21.38719940185547,0.007265742868185043,0.48322999477386475,0.846893846988678,1,1
kodak,22.png,2030,9001,9.0,120.0,ideal,fm_only,0,4096,4096,1,12290,21.471967697143555,0.007125301752239466,0.561812162399292,0.8057171702384949,1,1
kodak,23.png,2030,9001,9.0,120.0,ideal,fm_only,0,4096,4096,1,12290,15.471242904663086,0.028371067717671394,0.7013604640960693,0.5139040946960449,1,1
kodak,24.png,2030,9001,9.0,120.0,ideal,fm_only,0,4096,4096,1,12290,23.33083724975586,0.004644257482141256,0.6032407283782959,0.8420103192329407,1,1
kodak,21.png,2030,9001,9.0,120.0,ideal,adaptive_harq,1,8192,4096,2,16388,21.55977439880371,0.006982686463743448,0.473913311958313,0.8616169095039368,1,0
kodak,22.png,2030,9001,9.0,120.0,ideal,adaptive_harq,1,8192,4096,2,16388,21.432504653930664,0.007190341129899025,0.5595543384552002,0.8102719783782959,1,0
kodak,23.png,2030,9001,9.0,120.0,ideal,adaptive_harq,1,8192,4096,2,16388,23.772472381591797,0.004195198882371187,0.30436021089553833,0.8971827030181885,1,0
kodak,24.png,2030,9001,9.0,120.0,ideal,adaptive_harq,1,8192,4096,2,16388,23.627614974975586,0.004337491001933813,0.5712563991546631,0.8739781975746155,1,0
kodak,21.png,2030,9001,9.0,120.0,ideal,flowharq,1,8192,4096,2,16388,21.55977439880371,0.006982686463743448,0.473913311958313,0.8616169095039368,1,0
kodak,22.png,2030,9001,9.0,120.0,ideal,flowharq,1,8192,4096,2,16388,21.432504653930664,0.007190341129899025,0.5595543384552002,0.8102719783782959,1,0
kodak,23.png,2030,9001,9.0,120.0,ideal,flowharq,1,8192,4096,2,16388,23.772472381591797,0.004195198882371187,0.30436021089553833,0.8971827030181885,1,0
kodak,24.png,2030,9001,9.0,120.0,ideal,flowharq,1,8192,4096,2,16388,23.627614974975586,0.004337491001933813,0.5712563991546631,0.8739781975746155,1,0
kodak,21.png,2030,9001,9.0,120.0,binary16,direct,0,4096,4096,1,12290,21.32428741455078,0.007371760904788971,0.4818416237831116,0.8468623161315918,1,1
kodak,22.png,2030,9001,9.0,120.0,binary16,direct,0,4096,4096,1,12290,21.38690948486328,0.007266226690262556,0.5619118213653564,0.8069207072257996,1,1
kodak,23.png,2030,9001,9.0,120.0,binary16,direct,0,4096,4096,1,12290,15.303540229797363,0.02948804199695587,0.7437959909439087,0.500982940196991,1,1
kodak,24.png,2030,9001,9.0,120.0,binary16,direct,0,4096,4096,1,12290,23.18267059326172,0.0048054358921945095,0.6007521748542786,0.8432925343513489,1,1
kodak,21.png,2030,9001,9.0,120.0,binary16,full_harq,1,8192,4096,2,16388,21.55978012084961,0.006982679013162851,0.4739105701446533,0.861619234085083,1,0
kodak,22.png,2030,9001,9.0,120.0,binary16,full_harq,1,8192,4096,2,16388,21.432525634765625,0.007190307602286339,0.5595532655715942,0.8102719187736511,1,0
kodak,23.png,2030,9001,9.0,120.0,binary16,full_harq,1,8192,4096,2,16388,23.77253532409668,0.004195140674710274,0.30435603857040405,0.8971830010414124,1,0
kodak,24.png,2030,9001,9.0,120.0,binary16,full_harq,1,8192,4096,2,16388,23.62758445739746,0.004337522201240063,0.5712542533874512,0.8739778995513916,1,0
kodak,21.png,2030,9001,9.0,120.0,binary16,fm_only,0,4096,4096,1,12290,21.38719940185547,0.007265742868185043,0.48322615027427673,0.8468961715698242,1,1
kodak,22.png,2030,9001,9.0,120.0,binary16,fm_only,0,4096,4096,1,12290,21.471986770629883,0.007125270087271929,0.5618118643760681,0.8057169914245605,1,1
kodak,23.png,2030,9001,9.0,120.0,binary16,fm_only,0,4096,4096,1,12290,15.471301078796387,0.02837068773806095,0.7013608813285828,0.5139023661613464,1,1
kodak,24.png,2030,9001,9.0,120.0,binary16,fm_only,0,4096,4096,1,12290,23.330812454223633,0.004644284024834633,0.603234589099884,0.8420115113258362,1,1
kodak,21.png,2030,9001,9.0,120.0,binary16,adaptive_harq,1,8192,4096,2,16388,21.55978012084961,0.006982679013162851,0.4739105701446533,0.861619234085083,1,0
kodak,22.png,2030,9001,9.0,120.0,binary16,adaptive_harq,1,8192,4096,2,16388,21.432525634765625,0.007190307602286339,0.5595532655715942,0.8102719187736511,1,0
kodak,23.png,2030,9001,9.0,120.0,binary16,adaptive_harq,1,8192,4096,2,16388,23.77253532409668,0.004195140674710274,0.30435603857040405,0.8971830010414124,1,0
kodak,24.png,2030,9001,9.0,120.0,binary16,adaptive_harq,1,8192,4096,2,16388,23.62758445739746,0.004337522201240063,0.5712542533874512,0.8739778995513916,1,0
kodak,21.png,2030,9001,9.0,120.0,binary16,flowharq,1,8192,4096,2,16388,21.55978012084961,0.006982679013162851,0.4739105701446533,0.861619234085083,1,0
kodak,22.png,2030,9001,9.0,120.0,binary16,flowharq,1,8192,4096,2,16388,21.432525634765625,0.007190307602286339,0.5595532655715942,0.8102719187736511,1,0
kodak,23.png,2030,9001,9.0,120.0,binary16,flowharq,1,8192,4096,2,16388,23.77253532409668,0.004195140674710274,0.30435603857040405,0.8971830010414124,1,0
kodak,24.png,2030,9001,9.0,120.0,binary16,flowharq,1,8192,4096,2,16388,23.62758445739746,0.004337522201240063,0.5712542533874512,0.8739778995513916,1,0
kodak,01.png,2030,9001,12.0,30.0,ideal,direct,0,4096,4096,1,12290,19.765583038330078,0.010554599575698376,0.6128849387168884,0.7372013926506042,1,1
kodak,02.png,2030,9001,12.0,30.0,ideal,direct,0,4096,4096,1,12290,22.344371795654297,0.0058285812847316265,0.49445900321006775,0.8415680527687073,1,1
kodak,03.png,2030,9001,12.0,30.0,ideal,direct,0,4096,4096,1,12290,23.186634063720703,0.004801055416464806,0.4301447868347168,0.8386289477348328,1,1
kodak,04.png,2030,9001,12.0,30.0,ideal,direct,0,4096,4096,1,12290,27.454355239868164,0.0017970680491998792,0.42604732513427734,0.9392781257629395,0,0
kodak,01.png,2030,9001,12.0,30.0,ideal,full_harq,1,8192,4096,2,16388,20.11785888671875,0.009732269681990147,0.5774226784706116,0.7809817790985107,1,0
kodak,02.png,2030,9001,12.0,30.0,ideal,full_harq,1,8192,4096,2,16388,22.361562728881836,0.005805556196719408,0.4865567684173584,0.8468515276908875,1,0
kodak,03.png,2030,9001,12.0,30.0,ideal,full_harq,1,8192,4096,2,16388,23.45205307006836,0.00451642507687211,0.39008545875549316,0.8723840117454529,1,0
kodak,04.png,2030,9001,12.0,30.0,ideal,full_harq,1,8192,4096,2,16388,27.495479583740234,0.0017801314825192094,0.4177236258983612,0.9423901438713074,0,0
kodak,01.png,2030,9001,12.0,30.0,ideal,fm_only,0,4096,4096,1,12290,20.021198272705078,0.009951306506991386,0.6151461601257324,0.7397405505180359,1,1
kodak,02.png,2030,9001,12.0,30.0,ideal,fm_only,0,4096,4096,1,12290,22.54543685913086,0.005564885213971138,0.49419787526130676,0.8412220478057861,1,1
kodak,03.png,2030,9001,12.0,30.0,ideal,fm_only,0,4096,4096,1,12290,23.788070678710938,0.004180159419775009,0.431135356426239,0.8402511477470398,1,1
kodak,04.png,2030,9001,12.0,30.0,ideal,fm_only,0,4096,4096,1,12290,27.6793270111084,0.0017063467530533671,0.4295787811279297,0.9385342597961426,0,0
kodak,01.png,2030,9001,12.0,30.0,ideal,adaptive_harq,1,8192,4096,2,16388,20.11785888671875,0.009732269681990147,0.5774226784706116,0.7809817790985107,1,0
kodak,02.png,2030,9001,12.0,30.0,ideal,adaptive_harq,1,8192,4096,2,16388,22.361562728881836,0.005805556196719408,0.4865567684173584,0.8468515276908875,1,0
kodak,03.png,2030,9001,12.0,30.0,ideal,adaptive_harq,1,8192,4096,2,16388,23.45205307006836,0.00451642507687211,0.39008545875549316,0.8723840117454529,1,0
kodak,04.png,2030,9001,12.0,30.0,ideal,adaptive_harq,0,4096,4096,1,12290,27.454355239868164,0.0017970680491998792,0.42604732513427734,0.9392781257629395,0,0
kodak,01.png,2030,9001,12.0,30.0,ideal,flowharq,1,8192,4096,2,16388,20.11785888671875,0.009732269681990147,0.5774226784706116,0.7809817790985107,1,0
kodak,02.png,2030,9001,12.0,30.0,ideal,flowharq,1,8192,4096,2,16388,22.361562728881836,0.005805556196719408,0.4865567684173584,0.8468515276908875,1,0
kodak,03.png,2030,9001,12.0,30.0,ideal,flowharq,1,8192,4096,2,16388,23.45205307006836,0.00451642507687211,0.39008545875549316,0.8723840117454529,1,0
kodak,04.png,2030,9001,12.0,30.0,ideal,flowharq,0,4096,4096,1,12290,27.6793270111084,0.0017063467530533671,0.4295787811279297,0.9385342597961426,0,0
kodak,01.png,2030,9001,12.0,30.0,binary16,direct,0,4096,4096,1,12290,19.76564598083496,0.01055444311350584,0.6128793954849243,0.737204372882843,1,1
kodak,02.png,2030,9001,12.0,30.0,binary16,direct,0,4096,4096,1,12290,22.344318389892578,0.005828652996569872,0.4944564700126648,0.8415661454200745,1,1
kodak,03.png,2030,9001,12.0,30.0,binary16,direct,0,4096,4096,1,12290,23.186559677124023,0.0048011355102062225,0.4301494061946869,0.8386302590370178,1,1
kodak,04.png,2030,9001,12.0,30.0,binary16,direct,0,4096,4096,1,12290,27.45423126220703,0.0017971191555261612,0.4260466694831848,0.9392776489257812,0,0
kodak,01.png,2030,9001,12.0,30.0,binary16,full_harq,1,8192,4096,2,16388,20.117923736572266,0.009732122533023357,0.5774213075637817,0.7809839248657227,1,0
kodak,02.png,2030,9001,12.0,30.0,binary16,full_harq,1,8192,4096,2,16388,22.36151695251465,0.005805615335702896,0.4865521788597107,0.8468502163887024,1,0
kodak,03.png,2030,9001,12.0,30.0,binary16,full_harq,1,8192,4096,2,16388,23.45200538635254,0.004516472574323416,0.39009004831314087,0.8723869323730469,1,0
kodak,04.png,2030,9001,12.0,30.0,binary16,full_harq,1,8192,4096,2,16388,27.495349884033203,0.0017801838694140315,0.4177226424217224,0.9423900246620178,0,0
kodak,01.png,2030,9001,12.0,30.0,binary16,fm_only,0,4096,4096,1,12290,20.0212459564209,0.009951201267540455,0.6151401996612549,0.7397427558898926,1,1
kodak,02.png,2030,9001,12.0,30.0,binary16,fm_only,0,4096,4096,1,12290,22.545391082763672,0.005564945284277201,0.4941951036453247,0.8412205576896667,1,1
kodak,03.png,2030,9001,12.0,30.0,binary16,fm_only,0,4096,4096,1,12290,23.788021087646484,0.004180207382887602,0.43114152550697327,0.8402528166770935,1,1
kodak,04.png,2030,9001,12.0,30.0,binary16,fm_only,0,4096,4096,1,12290,27.679187774658203,0.0017064014682546258,0.42957812547683716,0.9385340213775635,0,0
kodak,01.png,2030,9001,12.0,30.0,binary16,adaptive_harq,1,8192,4096,2,16388,20.117923736572266,0.009732122533023357,0.5774213075637817,0.7809839248657227,1,0
kodak,02.png,2030,9001,12.0,30.0,binary16,adaptive_harq,1,8192,4096,2,16388,22.36151695251465,0.005805615335702896,0.4865521788597107,0.8468502163887024,1,0
kodak,03.png,2030,9001,12.0,30.0,binary16,adaptive_harq,1,8192,4096,2,16388,23.45200538635254,0.004516472574323416,0.39009004831314087,0.8723869323730469,1,0
kodak,04.png,2030,9001,12.0,30.0,binary16,adaptive_harq,0,4096,4096,1,12290,27.45423126220703,0.0017971191555261612,0.4260466694831848,0.9392776489257812,0,0
kodak,01.png,2030,9001,12.0,30.0,binary16,flowharq,1,8192,4096,2,16388,20.117923736572266,0.009732122533023357,0.5774213075637817,0.7809839248657227,1,0
kodak,02.png,2030,9001,12.0,30.0,binary16,flowharq,1,8192,4096,2,16388,22.36151695251465,0.005805615335702896,0.4865521788597107,0.8468502163887024,1,0
kodak,03.png,2030,9001,12.0,30.0,binary16,flowharq,1,8192,4096,2,16388,23.45200538635254,0.004516472574323416,0.39009004831314087,0.8723869323730469,1,0
kodak,04.png,2030,9001,12.0,30.0,binary16,flowharq,0,4096,4096,1,12290,27.679187774658203,0.0017064014682546258,0.42957812547683716,0.9385340213775635,0,0
kodak,05.png,2030,9001,12.0,30.0,ideal,direct,0,4096,4096,1,12290,17.99903106689453,0.015852471813559532,0.5284907817840576,0.7691261768341064,1,1
kodak,06.png,2030,9001,12.0,30.0,ideal,direct,0,4096,4096,1,12290,20.94409942626953,0.008046186529099941,0.6579124331474304,0.7465827465057373,1,1
kodak,07.png,2030,9001,12.0,30.0,ideal,direct,0,4096,4096,1,12290,22.08831787109375,0.006182556506246328,0.46052446961402893,0.8339717984199524,1,1
kodak,08.png,2030,9001,12.0,30.0,ideal,direct,0,4096,4096,1,12290,18.872039794921875,0.012965704314410686,0.5007627010345459,0.8113674521446228,1,1
kodak,05.png,2030,9001,12.0,30.0,ideal,full_harq,1,8192,4096,2,16388,18.14248275756836,0.015337403863668442,0.5142356157302856,0.7795250415802002,1,0
kodak,06.png,2030,9001,12.0,30.0,ideal,full_harq,1,8192,4096,2,16388,21.115657806396484,0.0077345347963273525,0.6429405212402344,0.7671592831611633,1,0
kodak,07.png,2030,9001,12.0,30.0,ideal,full_harq,1,8192,4096,2,16388,22.368886947631836,0.005795772653073072,0.4439464807510376,0.8534905910491943,1,0
kodak,08.png,2030,9001,12.0,30.0,ideal,full_harq,1,8192,4096,2,16388,19.592544555664062,0.010983620770275593,0.45612263679504395,0.8560002446174622,1,0
kodak,05.png,2030,9001,12.0,30.0,ideal,fm_only,0,4096,4096,1,12290,18.074106216430664,0.015580789186060429,0.5292397737503052,0.7690684199333191,1,1
kodak,06.png,2030,9001,12.0,30.0,ideal,fm_only,0,4096,4096,1,12290,21.05201530456543,0.007848715409636497,0.6591280698776245,0.7468300461769104,1,1
kodak,07.png,2030,9001,12.0,30.0,ideal,fm_only,0,4096,4096,1,12290,22.139545440673828,0.006110061425715685,0.46210455894470215,0.8340689539909363,1,1
kodak,08.png,2030,9001,12.0,30.0,ideal,fm_only,0,4096,4096,1,12290,18.87813949584961,0.01294750440865755,0.5004984736442566,0.8108488917350769,1,1
kodak,05.png,2030,9001,12.0,30.0,ideal,adaptive_harq,1,8192,4096,2,16388,18.14248275756836,0.015337403863668442,0.5142356157302856,0.7795250415802002,1,0
kodak,06.png,2030,9001,12.0,30.0,ideal,adaptive_harq,1,8192,4096,2,16388,21.115657806396484,0.0077345347963273525,0.6429405212402344,0.7671592831611633,1,0
kodak,07.png,2030,9001,12.0,30.0,ideal,adaptive_harq,1,8192,4096,2,16388,22.368886947631836,0.005795772653073072,0.4439464807510376,0.8534905910491943,1,0
kodak,08.png,2030,9001,12.0,30.0,ideal,adaptive_harq,1,8192,4096,2,16388,19.592544555664062,0.010983620770275593,0.45612263679504395,0.8560002446174622,1,0
kodak,05.png,2030,9001,12.0,30.0,ideal,flowharq,1,8192,4096,2,16388,18.14248275756836,0.015337403863668442,0.5142356157302856,0.7795250415802002,1,0
kodak,06.png,2030,9001,12.0,30.0,ideal,flowharq,1,8192,4096,2,16388,21.115657806396484,0.0077345347963273525,0.6429405212402344,0.7671592831611633,1,0
kodak,07.png,2030,9001,12.0,30.0,ideal,flowharq,1,8192,4096,2,16388,22.368886947631836,0.005795772653073072,0.4439464807510376,0.8534905910491943,1,0
kodak,08.png,2030,9001,12.0,30.0,ideal,flowharq,1,8192,4096,2,16388,19.592544555664062,0.010983620770275593,0.45612263679504395,0.8560002446174622,1,0
kodak,05.png,2030,9001,12.0,30.0,binary16,direct,0,4096,4096,1,12290,17.999019622802734,0.015852510929107666,0.5284969210624695,0.7691261768341064,1,1
kodak,06.png,2030,9001,12.0,30.0,binary16,direct,0,4096,4096,1,12290,20.944107055664062,0.008046173490583897,0.6579078435897827,0.7465834617614746,1,1
kodak,07.png,2030,9001,12.0,30.0,binary16,direct,0,4096,4096,1,12290,22.088289260864258,0.006182598415762186,0.46052056550979614,0.8339706063270569,1,1
kodak,08.png,2030,9001,12.0,30.0,binary16,direct,0,4096,4096,1,12290,18.872039794921875,0.012965698726475239,0.5007624626159668,0.8113670349121094,1,1
kodak,05.png,2030,9001,12.0,30.0,binary16,full_harq,1,8192,4096,2,16388,18.142467498779297,0.015337456949055195,0.5142392516136169,0.7795246243476868,1,0
kodak,06.png,2030,9001,12.0,30.0,binary16,full_harq,1,8192,4096,2,16388,21.11565399169922,0.0077345422469079494,0.6429400444030762,0.767159640789032,1,0
kodak,07.png,2030,9001,12.0,30.0,binary16,full_harq,1,8192,4096,2,16388,22.368871688842773,0.005795792210847139,0.4439435601234436,0.8534896969795227,1,0
kodak,08.png,2030,9001,12.0,30.0,binary16,full_harq,1,8192,4096,2,16388,19.592554092407227,0.010983596555888653,0.4561237692832947,0.8560009002685547,1,0
kodak,05.png,2030,9001,12.0,30.0,binary16,fm_only,0,4096,4096,1,12290,18.07410430908203,0.015580792911350727,0.5292449593544006,0.7690688967704773,1,1
kodak,06.png,2030,9001,12.0,30.0,binary16,fm_only,0,4096,4096,1,12290,21.05200958251953,0.007848723791539669,0.6591222286224365,0.7468302845954895,1,1
kodak,07.png,2030,9001,12.0,30.0,binary16,fm_only,0,4096,4096,1,12290,22.139530181884766,0.006110081449151039,0.4620981812477112,0.8340683579444885,1,1
kodak,08.png,2030,9001,12.0,30.0,binary16,fm_only,0,4096,4096,1,12290,18.878137588500977,0.01294750813394785,0.5004993677139282,0.8108484148979187,1,1
kodak,05.png,2030,9001,12.0,30.0,binary16,adaptive_harq,1,8192,4096,2,16388,18.142467498779297,0.015337456949055195,0.5142392516136169,0.7795246243476868,1,0
kodak,06.png,2030,9001,12.0,30.0,binary16,adaptive_harq,1,8192,4096,2,16388,21.11565399169922,0.0077345422469079494,0.6429400444030762,0.767159640789032,1,0
kodak,07.png,2030,9001,12.0,30.0,binary16,adaptive_harq,1,8192,4096,2,16388,22.368871688842773,0.005795792210847139,0.4439435601234436,0.8534896969795227,1,0
kodak,08.png,2030,9001,12.0,30.0,binary16,adaptive_harq,1,8192,4096,2,16388,19.592554092407227,0.010983596555888653,0.4561237692832947,0.8560009002685547,1,0
kodak,05.png,2030,9001,12.0,30.0,binary16,flowharq,1,8192,4096,2,16388,18.142467498779297,0.015337456949055195,0.5142392516136169,0.7795246243476868,1,0
kodak,06.png,2030,9001,12.0,30.0,binary16,flowharq,1,8192,4096,2,16388,21.11565399169922,0.0077345422469079494,0.6429400444030762,0.767159640789032,1,0
kodak,07.png,2030,9001,12.0,30.0,binary16,flowharq,1,8192,4096,2,16388,22.368871688842773,0.005795792210847139,0.4439435601234436,0.8534896969795227,1,0
kodak,08.png,2030,9001,12.0,30.0,binary16,flowharq,1,8192,4096,2,16388,19.592554092407227,0.010983596555888653,0.4561237692832947,0.8560009002685547,1,0
kodak,09.png,2030,9001,12.0,30.0,ideal,direct,0,4096,4096,1,12290,23.74279022216797,0.004223971161991358,0.36528638005256653,0.8868975639343262,1,1
kodak,10.png,2030,9001,12.0,30.0,ideal,direct,0,4096,4096,1,12290,28.073741912841797,0.0015582094201818109,0.48615217208862305,0.9066674709320068,0,0
kodak,11.png,2030,9001,12.0,30.0,ideal,direct,0,4096,4096,1,12290,19.620920181274414,0.010912090539932251,0.5478197336196899,0.7947426438331604,1,1
kodak,12.png,2030,9001,12.0,30.0,ideal,direct,0,4096,4096,1,12290,19.183700561523438,0.012067853473126888,0.6857089400291443,0.6442722678184509,1,1
kodak,09.png,2030,9001,12.0,30.0,ideal,full_harq,1,8192,4096,2,16388,23.786266326904297,0.0041818986646831036,0.3627135157585144,0.8885037899017334,1,0
kodak,10.png,2030,9001,12.0,30.0,ideal,full_harq,1,8192,4096,2,16388,28.1822509765625,0.0015197591856122017,0.4816422164440155,0.9097331166267395,0,0
kodak,11.png,2030,9001,12.0,30.0,ideal,full_harq,1,8192,4096,2,16388,19.84670639038086,0.01035927515476942,0.5313447117805481,0.8125596046447754,1,0
kodak,12.png,2030,9001,12.0,30.0,ideal,full_harq,1,8192,4096,2,16388,23.302814483642578,0.004674320574849844,0.5216203331947327,0.8342753052711487,1,0
kodak,09.png,2030,9001,12.0,30.0,ideal,fm_only,0,4096,4096,1,12290,23.826885223388672,0.004142967518419027,0.3662974536418915,0.8877401947975159,1,1
kodak,10.png,2030,9001,12.0,30.0,ideal,fm_only,0,4096,4096,1,12290,28.057878494262695,0.0015639119083061814,0.4854699373245239,0.9065057635307312,0,0
kodak,11.png,2030,9001,12.0,30.0,ideal,fm_only,0,4096,4096,1,12290,19.792251586914062,0.010489984415471554,0.5480968952178955,0.7931293845176697,1,1
kodak,12.png,2030,9001,12.0,30.0,ideal,fm_only,0,4096,4096,1,12290,19.183610916137695,0.012068101204931736,0.7411285638809204,0.6105024218559265,1,1
kodak,09.png,2030,9001,12.0,30.0,ideal,adaptive_harq,0,4096,4096,1,12290,23.74279022216797,0.004223971161991358,0.36528638005256653,0.8868975639343262,1,1
kodak,10.png,2030,9001,12.0,30.0,ideal,adaptive_harq,0,4096,4096,1,12290,28.073741912841797,0.0015582094201818109,0.48615217208862305,0.9066674709320068,0,0
kodak,11.png,2030,9001,12.0,30.0,ideal,adaptive_harq,1,8192,4096,2,16388,19.84670639038086,0.01035927515476942,0.5313447117805481,0.8125596046447754,1,0
kodak,12.png,2030,9001,12.0,30.0,ideal,adaptive_harq,1,8192,4096,2,16388,23.302814483642578,0.004674320574849844,0.5216203331947327,0.8342753052711487,1,0
kodak,09.png,2030,9001,12.0,30.0,ideal,flowharq,0,4096,4096,1,12290,23.826885223388672,0.004142967518419027,0.3662974536418915,0.8877401947975159,1,1
kodak,10.png,2030,9001,12.0,30.0,ideal,flowharq,0,4096,4096,1,12290,28.057878494262695,0.0015639119083061814,0.4854699373245239,0.9065057635307312,0,0
kodak,11.png,2030,9001,12.0,30.0,ideal,flowharq,1,8192,4096,2,16388,19.84670639038086,0.01035927515476942,0.5313447117805481,0.8125596046447754,1,0
kodak,12.png,2030,9001,12.0,30.0,ideal,flowharq,1,8192,4096,2,16388,23.302814483642578,0.004674320574849844,0.5216203331947327,0.8342753052711487,1,0
kodak,09.png,2030,9001,12.0,30.0,binary16,direct,0,4096,4096,1,12290,23.74280548095703,0.0042239585891366005,0.3652871549129486,0.8868979811668396,1,1
kodak,10.png,2030,9001,12.0,30.0,binary16,direct,0,4096,4096,1,12290,28.073740005493164,0.0015582101186737418,0.4861534833908081,0.9066674709320068,0,0
kodak,11.png,2030,9001,12.0,30.0,binary16,direct,0,4096,4096,1,12290,19.62087631225586,0.010912202298641205,0.5478184819221497,0.794741153717041,1,1
kodak,12.png,2030,9001,12.0,30.0,binary16,direct,0,4096,4096,1,12290,19.183748245239258,0.012067721225321293,0.6857004165649414,0.6442753672599792,1,1
kodak,09.png,2030,9001,12.0,30.0,binary16,full_harq,1,8192,4096,2,16388,23.786273956298828,0.004181891679763794,0.36271464824676514,0.8885039687156677,1,0
kodak,10.png,2030,9001,12.0,30.0,binary16,full_harq,1,8192,4096,2,16388,28.182254791259766,0.001519758254289627,0.4816429913043976,0.9097346663475037,0,0
kodak,11.png,2030,9001,12.0,30.0,binary16,full_harq,1,8192,4096,2,16388,19.846662521362305,0.010359380394220352,0.5313430428504944,0.812558650970459,1,0
kodak,12.png,2030,9001,12.0,30.0,binary16,full_harq,1,8192,4096,2,16388,23.302806854248047,0.004674328491091728,0.5216138958930969,0.8342741131782532,1,0
kodak,09.png,2030,9001,12.0,30.0,binary16,fm_only,0,4096,4096,1,12290,23.826902389526367,0.004142952151596546,0.3662983775138855,0.8877406120300293,1,1
kodak,10.png,2030,9001,12.0,30.0,binary16,fm_only,0,4096,4096,1,12290,28.057876586914062,0.001563912257552147,0.4854715168476105,0.9065056443214417,0,0
kodak,11.png,2030,9001,12.0,30.0,binary16,fm_only,0,4096,4096,1,12290,19.792205810546875,0.01049009244889021,0.5480985045433044,0.7931272387504578,1,1
kodak,12.png,2030,9001,12.0,30.0,binary16,fm_only,0,4096,4096,1,12290,19.18366241455078,0.01206795871257782,0.7411193251609802,0.6105079054832458,1,1
kodak,09.png,2030,9001,12.0,30.0,binary16,adaptive_harq,0,4096,4096,1,12290,23.74280548095703,0.0042239585891366005,0.3652871549129486,0.8868979811668396,1,1
kodak,10.png,2030,9001,12.0,30.0,binary16,adaptive_harq,0,4096,4096,1,12290,28.073740005493164,0.0015582101186737418,0.4861534833908081,0.9066674709320068,0,0
kodak,11.png,2030,9001,12.0,30.0,binary16,adaptive_harq,1,8192,4096,2,16388,19.846662521362305,0.010359380394220352,0.5313430428504944,0.812558650970459,1,0
kodak,12.png,2030,9001,12.0,30.0,binary16,adaptive_harq,1,8192,4096,2,16388,23.302806854248047,0.004674328491091728,0.5216138958930969,0.8342741131782532,1,0
kodak,09.png,2030,9001,12.0,30.0,binary16,flowharq,0,4096,4096,1,12290,23.826902389526367,0.004142952151596546,0.3662983775138855,0.8877406120300293,1,1
kodak,10.png,2030,9001,12.0,30.0,binary16,flowharq,0,4096,4096,1,12290,28.057876586914062,0.001563912257552147,0.4854715168476105,0.9065056443214417,0,0
kodak,11.png,2030,9001,12.0,30.0,binary16,flowharq,1,8192,4096,2,16388,19.846662521362305,0.010359380394220352,0.5313430428504944,0.812558650970459,1,0
kodak,12.png,2030,9001,12.0,30.0,binary16,flowharq,1,8192,4096,2,16388,23.302806854248047,0.004674328491091728,0.5216138958930969,0.8342741131782532,1,0
kodak,13.png,2030,9001,12.0,30.0,ideal,direct,0,4096,4096,1,12290,20.08566665649414,0.009804680943489075,0.7266004681587219,0.7761003971099854,1,1
kodak,14.png,2030,9001,12.0,30.0,ideal,direct,0,4096,4096,1,12290,19.500959396362305,0.01121770590543747,0.5068378448486328,0.7968770861625671,1,1
kodak,15.png,2030,9001,12.0,30.0,ideal,direct,0,4096,4096,1,12290,22.85283660888672,0.005184612702578306,0.49213773012161255,0.8600623607635498,1,1
kodak,16.png,2030,9001,12.0,30.0,ideal,direct,0,4096,4096,1,12290,24.758522033691406,0.003343087388202548,0.5628100633621216,0.8563434481620789,0,0
kodak,13.png,2030,9001,12.0,30.0,ideal,full_harq,1,8192,4096,2,16388,20.107385635375977,0.009755766950547695,0.730705201625824,0.778709888458252,1,0
kodak,14.png,2030,9001,12.0,30.0,ideal,full_harq,1,8192,4096,2,16388,19.570720672607422,0.011038954369723797,0.5021870136260986,0.8034665584564209,1,0
kodak,15.png,2030,9001,12.0,30.0,ideal,full_harq,1,8192,4096,2,16388,22.978771209716797,0.005036430899053812,0.4847791790962219,0.8647444844245911,1,0
kodak,16.png,2030,9001,12.0,30.0,ideal,full_harq,1,8192,4096,2,16388,24.850061416625977,0.0032733611296862364,0.5568411350250244,0.8642993569374084,0,0
kodak,13.png,2030,9001,12.0,30.0,ideal,fm_only,0,4096,4096,1,12290,20.132442474365234,0.009699642658233643,0.7288076877593994,0.7755842208862305,1,1
kodak,14.png,2030,9001,12.0,30.0,ideal,fm_only,0,4096,4096,1,12290,19.60997200012207,0.010939632542431355,0.5095027685165405,0.7973883748054504,1,1
kodak,15.png,2030,9001,12.0,30.0,ideal,fm_only,0,4096,4096,1,12290,23.06768798828125,0.004934364464133978,0.49058499932289124,0.8599845767021179,1,1
kodak,16.png,2030,9001,12.0,30.0,ideal,fm_only,0,4096,4096,1,12290,24.848773956298828,0.003274332033470273,0.5648502111434937,0.8566057682037354,0,0
kodak,13.png,2030,9001,12.0,30.0,ideal,adaptive_harq,1,8192,4096,2,16388,20.107385635375977,0.009755766950547695,0.730705201625824,0.778709888458252,1,0
kodak,14.png,2030,9001,12.0,30.0,ideal,adaptive_harq,1,8192,4096,2,16388,19.570720672607422,0.011038954369723797,0.5021870136260986,0.8034665584564209,1,0
kodak,15.png,2030,9001,12.0,30.0,ideal,adaptive_harq,1,8192,4096,2,16388,22.978771209716797,0.005036430899053812,0.4847791790962219,0.8647444844245911,1,0
kodak,16.png,2030,9001,12.0,30.0,ideal,adaptive_harq,0,4096,4096,1,12290,24.758522033691406,0.003343087388202548,0.5628100633621216,0.8563434481620789,0,0
kodak,13.png,2030,9001,12.0,30.0,ideal,flowharq,1,8192,4096,2,16388,20.107385635375977,0.009755766950547695,0.730705201625824,0.778709888458252,1,0
kodak,14.png,2030,9001,12.0,30.0,ideal,flowharq,1,8192,4096,2,16388,19.570720672607422,0.011038954369723797,0.5021870136260986,0.8034665584564209,1,0
kodak,15.png,2030,9001,12.0,30.0,ideal,flowharq,1,8192,4096,2,16388,22.978771209716797,0.005036430899053812,0.4847791790962219,0.8647444844245911,1,0
kodak,16.png,2030,9001,12.0,30.0,ideal,flowharq,0,4096,4096,1,12290,24.848773956298828,0.003274332033470273,0.5648502111434937,0.8566057682037354,0,0
kodak,13.png,2030,9001,12.0,30.0,binary16,direct,0,4096,4096,1,12290,20.085668563842773,0.009804672561585903,0.7266006469726562,0.7760997414588928,1,1
kodak,14.png,2030,9001,12.0,30.0,binary16,direct,0,4096,4096,1,12290,19.501007080078125,0.011217585764825344,0.5068374872207642,0.7968778610229492,1,1
kodak,15.png,2030,9001,12.0,30.0,binary16,direct,0,4096,4096,1,12290,22.85295295715332,0.005184475798159838,0.49213290214538574,0.8600632548332214,1,1
kodak,16.png,2030,9001,12.0,30.0,binary16,direct,0,4096,4096,1,12290,24.75845718383789,0.00334313721396029,0.5628108382225037,0.8563410639762878,0,0
kodak,13.png,2030,9001,12.0,30.0,binary16,full_harq,1,8192,4096,2,16388,20.107391357421875,0.00975575391203165,0.7307050228118896,0.7787095904350281,1,0
kodak,14.png,2030,9001,12.0,30.0,binary16,full_harq,1,8192,4096,2,16388,19.570762634277344,0.011038846336305141,0.502185583114624,0.8034672737121582,1,0
kodak,15.png,2030,9001,12.0,30.0,binary16,full_harq,1,8192,4096,2,16388,22.978878021240234,0.0050363074988126755,0.48477819561958313,0.8647453784942627,1,0
kodak,16.png,2030,9001,12.0,30.0,binary16,full_harq,1,8192,4096,2,16388,24.85000228881836,0.0032734062988311052,0.5568413734436035,0.8642972111701965,0,0
kodak,13.png,2030,9001,12.0,30.0,binary16,fm_only,0,4096,4096,1,12290,20.1324462890625,0.009699637070298195,0.7288075089454651,0.7755832672119141,1,1
kodak,14.png,2030,9001,12.0,30.0,binary16,fm_only,0,4096,4096,1,12290,19.61001205444336,0.010939533822238445,0.5095042586326599,0.797389030456543,1,1
kodak,15.png,2030,9001,12.0,30.0,binary16,fm_only,0,4096,4096,1,12290,23.06778335571289,0.004934255499392748,0.49058178067207336,0.8599852919578552,1,1
kodak,16.png,2030,9001,12.0,30.0,binary16,fm_only,0,4096,4096,1,12290,24.848712921142578,0.003274376504123211,0.5648515820503235,0.8566038012504578,0,0
kodak,13.png,2030,9001,12.0,30.0,binary16,adaptive_harq,1,8192,4096,2,16388,20.107391357421875,0.00975575391203165,0.7307050228118896,0.7787095904350281,1,0
kodak,14.png,2030,9001,12.0,30.0,binary16,adaptive_harq,1,8192,4096,2,16388,19.570762634277344,0.011038846336305141,0.502185583114624,0.8034672737121582,1,0
kodak,15.png,2030,9001,12.0,30.0,binary16,adaptive_harq,1,8192,4096,2,16388,22.978878021240234,0.0050363074988126755,0.48477819561958313,0.8647453784942627,1,0
kodak,16.png,2030,9001,12.0,30.0,binary16,adaptive_harq,0,4096,4096,1,12290,24.75845718383789,0.00334313721396029,0.5628108382225037,0.8563410639762878,0,0
kodak,13.png,2030,9001,12.0,30.0,binary16,flowharq,1,8192,4096,2,16388,20.107391357421875,0.00975575391203165,0.7307050228118896,0.7787095904350281,1,0
kodak,14.png,2030,9001,12.0,30.0,binary16,flowharq,1,8192,4096,2,16388,19.570762634277344,0.011038846336305141,0.502185583114624,0.8034672737121582,1,0
kodak,15.png,2030,9001,12.0,30.0,binary16,flowharq,1,8192,4096,2,16388,22.978878021240234,0.0050363074988126755,0.48477819561958313,0.8647453784942627,1,0
kodak,16.png,2030,9001,12.0,30.0,binary16,flowharq,0,4096,4096,1,12290,24.848712921142578,0.003274376504123211,0.5648515820503235,0.8566038012504578,0,0
kodak,17.png,2030,9001,12.0,30.0,ideal,direct,0,4096,4096,1,12290,25.370656967163086,0.0029035836923867464,0.5014596581459045,0.8813844323158264,0,0
kodak,18.png,2030,9001,12.0,30.0,ideal,direct,0,4096,4096,1,12290,19.893447875976562,0.010248380713164806,0.5624284744262695,0.8078169822692871,1,1
kodak,19.png,2030,9001,12.0,30.0,ideal,direct,0,4096,4096,1,12290,20.983083724975586,0.007974281907081604,0.5298178791999817,0.8361015319824219,1,1
kodak,20.png,2030,9001,12.0,30.0,ideal,direct,0,4096,4096,1,12290,23.598617553710938,0.004366546869277954,0.2986600399017334,0.9318211674690247,1,1
kodak,17.png,2030,9001,12.0,30.0,ideal,full_harq,1,8192,4096,2,16388,25.40658950805664,0.0028796594124287367,0.5003851652145386,0.8851123452186584,0,0
kodak,18.png,2030,9001,12.0,30.0,ideal,full_harq,1,8192,4096,2,16388,20.118701934814453,0.009730382822453976,0.5418100357055664,0.8248691558837891,1,0
kodak,19.png,2030,9001,12.0,30.0,ideal,full_harq,1,8192,4096,2,16388,21.00174331665039,0.007940093986690044,0.530515193939209,0.8380580544471741,1,0
kodak,20.png,2030,9001,12.0,30.0,ideal,full_harq,1,8192,4096,2,16388,23.612869262695312,0.00435224175453186,0.2993248701095581,0.9321292042732239,1,0
kodak,17.png,2030,9001,12.0,30.0,ideal,fm_only,0,4096,4096,1,12290,25.497129440307617,0.0028202461544424295,0.496534138917923,0.8810111880302429,0,0
kodak,18.png,2030,9001,12.0,30.0,ideal,fm_only,0,4096,4096,1,12290,19.948766708374023,0.010118669830262661,0.5629509687423706,0.8075209259986877,1,1
kodak,19.png,2030,9001,12.0,30.0,ideal,fm_only,0,4096,4096,1,12290,20.99777603149414,0.00794734712690115,0.530578076839447,0.8357663750648499,1,1
kodak,20.png,2030,9001,12.0,30.0,ideal,fm_only,0,4096,4096,1,12290,23.68006134033203,0.0042854235507547855,0.29829710721969604,0.9314023852348328,1,1
kodak,17.png,2030,9001,12.0,30.0,ideal,adaptive_harq,0,4096,4096,1,12290,25.370656967163086,0.0029035836923867464,0.5014596581459045,0.8813844323158264,0,0
kodak,18.png,2030,9001,12.0,30.0,ideal,adaptive_harq,1,8192,4096,2,16388,20.118701934814453,0.009730382822453976,0.5418100357055664,0.8248691558837891,1,0
kodak,19.png,2030,9001,12.0,30.0,ideal,adaptive_harq,0,4096,4096,1,12290,20.983083724975586,0.007974281907081604,0.5298178791999817,0.8361015319824219,1,1
kodak,20.png,2030,9001,12.0,30.0,ideal,adaptive_harq,0,4096,4096,1,12290,23.598617553710938,0.004366546869277954,0.2986600399017334,0.9318211674690247,1,1
kodak,17.png,2030,9001,12.0,30.0,ideal,flowharq,0,4096,4096,1,12290,25.497129440307617,0.0028202461544424295,0.496534138917923,0.8810111880302429,0,0
kodak,18.png,2030,9001,12.0,30.0,ideal,flowharq,1,8192,4096,2,16388,20.118701934814453,0.009730382822453976,0.5418100357055664,0.8248691558837891,1,0
kodak,19.png,2030,9001,12.0,30.0,ideal,flowharq,0,4096,4096,1,12290,20.99777603149414,0.00794734712690115,0.530578076839447,0.8357663750648499,1,1
kodak,20.png,2030,9001,12.0,30.0,ideal,flowharq,0,4096,4096,1,12290,23.68006134033203,0.0042854235507547855,0.29829710721969604,0.9314023852348328,1,1
kodak,17.png,2030,9001,12.0,30.0,binary16,direct,0,4096,4096,1,12290,25.370615005493164,0.0029036111664026976,0.5014674663543701,0.881385087966919,0,0
kodak,18.png,2030,9001,12.0,30.0,binary16,direct,0,4096,4096,1,12290,19.893428802490234,0.010248422622680664,0.5624248385429382,0.8078160285949707,1,1
kodak,19.png,2030,9001,12.0,30.0,binary16,direct,0,4096,4096,1,12290,20.98308563232422,0.00797428097575903,0.5298187136650085,0.8361017107963562,1,1
kodak,20.png,2030,9001,12.0,30.0,binary16,direct,0,4096,4096,1,12290,23.598655700683594,0.00436650775372982,0.29866498708724976,0.9318181872367859,1,1
kodak,17.png,2030,9001,12.0,30.0,binary16,full_harq,1,8192,4096,2,16388,25.406543731689453,0.0028796892147511244,0.5003924369812012,0.8851132392883301,0,0
kodak,18.png,2030,9001,12.0,30.0,binary16,full_harq,1,8192,4096,2,16388,20.118677139282227,0.009730433113873005,0.5418071150779724,0.8248682022094727,1,0
kodak,19.png,2030,9001,12.0,30.0,binary16,full_harq,1,8192,4096,2,16388,21.00174331665039,0.00794009305536747,0.5305147171020508,0.8380589485168457,1,0
kodak,20.png,2030,9001,12.0,30.0,binary16,full_harq,1,8192,4096,2,16388,23.61290740966797,0.004352203570306301,0.29932838678359985,0.9321272373199463,1,0
kodak,17.png,2030,9001,12.0,30.0,binary16,fm_only,0,4096,4096,1,12290,25.497108459472656,0.002820259891450405,0.4965408146381378,0.8810127377510071,0,0
kodak,18.png,2030,9001,12.0,30.0,binary16,fm_only,0,4096,4096,1,12290,19.948598861694336,0.010119060985744,0.5629861354827881,0.8075065612792969,1,1
kodak,19.png,2030,9001,12.0,30.0,binary16,fm_only,0,4096,4096,1,12290,20.99777603149414,0.00794734712690115,0.5305789709091187,0.8357668519020081,1,1
kodak,20.png,2030,9001,12.0,30.0,binary16,fm_only,0,4096,4096,1,12290,23.68009376525879,0.004285392351448536,0.2983015775680542,0.9313995242118835,1,1
kodak,17.png,2030,9001,12.0,30.0,binary16,adaptive_harq,0,4096,4096,1,12290,25.370615005493164,0.0029036111664026976,0.5014674663543701,0.881385087966919,0,0
kodak,18.png,2030,9001,12.0,30.0,binary16,adaptive_harq,1,8192,4096,2,16388,20.118677139282227,0.009730433113873005,0.5418071150779724,0.8248682022094727,1,0
kodak,19.png,2030,9001,12.0,30.0,binary16,adaptive_harq,0,4096,4096,1,12290,20.98308563232422,0.00797428097575903,0.5298187136650085,0.8361017107963562,1,1
kodak,20.png,2030,9001,12.0,30.0,binary16,adaptive_harq,0,4096,4096,1,12290,23.598655700683594,0.00436650775372982,0.29866498708724976,0.9318181872367859,1,1
kodak,17.png,2030,9001,12.0,30.0,binary16,flowharq,0,4096,4096,1,12290,25.497108459472656,0.002820259891450405,0.4965408146381378,0.8810127377510071,0,0
kodak,18.png,2030,9001,12.0,30.0,binary16,flowharq,1,8192,4096,2,16388,20.118677139282227,0.009730433113873005,0.5418071150779724,0.8248682022094727,1,0
kodak,19.png,2030,9001,12.0,30.0,binary16,flowharq,0,4096,4096,1,12290,20.99777603149414,0.00794734712690115,0.5305789709091187,0.8357668519020081,1,1
kodak,20.png,2030,9001,12.0,30.0,binary16,flowharq,0,4096,4096,1,12290,23.68009376525879,0.004285392351448536,0.2983015775680542,0.9313995242118835,1,1
kodak,21.png,2030,9001,12.0,30.0,ideal,direct,0,4096,4096,1,12290,21.141117095947266,0.0076893288642168045,0.5187793374061584,0.8252173066139221,1,1
kodak,22.png,2030,9001,12.0,30.0,ideal,direct,0,4096,4096,1,12290,21.432334899902344,0.007190623786300421,0.559357762336731,0.8125049471855164,1,1
kodak,23.png,2030,9001,12.0,30.0,ideal,direct,0,4096,4096,1,12290,23.56083869934082,0.004404697101563215,0.32029294967651367,0.8899655342102051,1,1
kodak,24.png,2030,9001,12.0,30.0,ideal,direct,0,4096,4096,1,12290,23.5880126953125,0.004377222154289484,0.5572075843811035,0.8726844787597656,1,1
kodak,21.png,2030,9001,12.0,30.0,ideal,full_harq,1,8192,4096,2,16388,21.588438034057617,0.006936751771718264,0.48345035314559937,0.8605687022209167,1,0
kodak,22.png,2030,9001,12.0,30.0,ideal,full_harq,1,8192,4096,2,16388,21.43244171142578,0.007190445903688669,0.5592269897460938,0.8140823245048523,1,0
kodak,23.png,2030,9001,12.0,30.0,ideal,full_harq,1,8192,4096,2,16388,24.125707626342773,0.003867490915581584,0.2644559144973755,0.9163565635681152,0,0
kodak,24.png,2030,9001,12.0,30.0,ideal,full_harq,1,8192,4096,2,16388,23.758953094482422,0.004208281170576811,0.5518835783004761,0.8817362189292908,1,0
kodak,21.png,2030,9001,12.0,30.0,ideal,fm_only,0,4096,4096,1,12290,21.164352416992188,0.007648294325917959,0.5244939923286438,0.8243544697761536,1,1
kodak,22.png,2030,9001,12.0,30.0,ideal,fm_only,0,4096,4096,1,12290,21.490650177001953,0.007094716653227806,0.5602579116821289,0.8113957047462463,1,1
kodak,23.png,2030,9001,12.0,30.0,ideal,fm_only,0,4096,4096,1,12290,23.6875,0.004278089851140976,0.3252255916595459,0.8893453478813171,1,1
kodak,24.png,2030,9001,12.0,30.0,ideal,fm_only,0,4096,4096,1,12290,23.70958137512207,0.004256394226104021,0.5577731132507324,0.872424304485321,1,1
kodak,21.png,2030,9001,12.0,30.0,ideal,adaptive_harq,1,8192,4096,2,16388,21.588438034057617,0.006936751771718264,0.48345035314559937,0.8605687022209167,1,0
kodak,22.png,2030,9001,12.0,30.0,ideal,adaptive_harq,1,8192,4096,2,16388,21.43244171142578,0.007190445903688669,0.5592269897460938,0.8140823245048523,1,0
kodak,23.png,2030,9001,12.0,30.0,ideal,adaptive_harq,0,4096,4096,1,12290,23.56083869934082,0.004404697101563215,0.32029294967651367,0.8899655342102051,1,1
kodak,24.png,2030,9001,12.0,30.0,ideal,adaptive_harq,0,4096,4096,1,12290,23.5880126953125,0.004377222154289484,0.5572075843811035,0.8726844787597656,1,1
kodak,21.png,2030,9001,12.0,30.0,ideal,flowharq,1,8192,4096,2,16388,21.588438034057617,0.006936751771718264,0.48345035314559937,0.8605687022209167,1,0
kodak,22.png,2030,9001,12.0,30.0,ideal,flowharq,1,8192,4096,2,16388,21.43244171142578,0.007190445903688669,0.5592269897460938,0.8140823245048523,1,0
kodak,23.png,2030,9001,12.0,30.0,ideal,flowharq,0,4096,4096,1,12290,23.6875,0.004278089851140976,0.3252255916595459,0.8893453478813171,1,1
kodak,24.png,2030,9001,12.0,30.0,ideal,flowharq,0,4096,4096,1,12290,23.70958137512207,0.004256394226104021,0.5577731132507324,0.872424304485321,1,1
kodak,21.png,2030,9001,12.0,30.0,binary16,direct,0,4096,4096,1,12290,21.141130447387695,0.007689303252846003,0.5187799334526062,0.8252167105674744,1,1
kodak,22.png,2030,9001,12.0,30.0,binary16,direct,0,4096,4096,1,12290,21.43235969543457,0.007190581411123276,0.5593598484992981,0.8125054836273193,1,1
kodak,23.png,2030,9001,12.0,30.0,binary16,direct,0,4096,4096,1,12290,23.560867309570312,0.004404669627547264,0.32029324769973755,0.8899664878845215,1,1
kodak,24.png,2030,9001,12.0,30.0,binary16,direct,0,4096,4096,1,12290,23.588010787963867,0.0043772258795797825,0.5572084784507751,0.8726844191551208,1,1
kodak,21.png,2030,9001,12.0,30.0,binary16,full_harq,1,8192,4096,2,16388,21.58843231201172,0.0069367606192827225,0.48344698548316956,0.8605684638023376,1,0
kodak,22.png,2030,9001,12.0,30.0,binary16,full_harq,1,8192,4096,2,16388,21.432466506958008,0.007190404925495386,0.5592290163040161,0.8140831589698792,1,0
kodak,23.png,2030,9001,12.0,30.0,binary16,full_harq,1,8192,4096,2,16388,24.125730514526367,0.003867468796670437,0.26445621252059937,0.9163572788238525,0,0
kodak,24.png,2030,9001,12.0,30.0,binary16,full_harq,1,8192,4096,2,16388,23.758955001831055,0.004208278376609087,0.551884114742279,0.8817358613014221,1,0
kodak,21.png,2030,9001,12.0,30.0,binary16,fm_only,0,4096,4096,1,12290,21.164371490478516,0.007648262660950422,0.5244954228401184,0.8243536353111267,1,1
kodak,22.png,2030,9001,12.0,30.0,binary16,fm_only,0,4096,4096,1,12290,21.490676879882812,0.007094672415405512,0.5602601766586304,0.8113964200019836,1,1
kodak,23.png,2030,9001,12.0,30.0,binary16,fm_only,0,4096,4096,1,12290,23.687519073486328,0.004278071690350771,0.32522422075271606,0.8893465995788574,1,1
kodak,24.png,2030,9001,12.0,30.0,binary16,fm_only,0,4096,4096,1,12290,23.70957374572754,0.004256402142345905,0.5577736496925354,0.8724240660667419,1,1
kodak,21.png,2030,9001,12.0,30.0,binary16,adaptive_harq,1,8192,4096,2,16388,21.58843231201172,0.0069367606192827225,0.48344698548316956,0.8605684638023376,1,0
kodak,22.png,2030,9001,12.0,30.0,binary16,adaptive_harq,1,8192,4096,2,16388,21.432466506958008,0.007190404925495386,0.5592290163040161,0.8140831589698792,1,0
kodak,23.png,2030,9001,12.0,30.0,binary16,adaptive_harq,0,4096,4096,1,12290,23.560867309570312,0.004404669627547264,0.32029324769973755,0.8899664878845215,1,1
kodak,24.png,2030,9001,12.0,30.0,binary16,adaptive_harq,0,4096,4096,1,12290,23.588010787963867,0.0043772258795797825,0.5572084784507751,0.8726844191551208,1,1
kodak,21.png,2030,9001,12.0,30.0,binary16,flowharq,1,8192,4096,2,16388,21.58843231201172,0.0069367606192827225,0.48344698548316956,0.8605684638023376,1,0
kodak,22.png,2030,9001,12.0,30.0,binary16,flowharq,1,8192,4096,2,16388,21.432466506958008,0.007190404925495386,0.5592290163040161,0.8140831589698792,1,0
kodak,23.png,2030,9001,12.0,30.0,binary16,flowharq,0,4096,4096,1,12290,23.687519073486328,0.004278071690350771,0.32522422075271606,0.8893465995788574,1,1
kodak,24.png,2030,9001,12.0,30.0,binary16,flowharq,0,4096,4096,1,12290,23.70957374572754,0.004256402142345905,0.5577736496925354,0.8724240660667419,1,1
kodak,01.png,2030,9001,12.0,60.0,ideal,direct,0,4096,4096,1,12290,19.237083435058594,0.01192041952162981,0.66020667552948,0.6552267074584961,1,1
kodak,02.png,2030,9001,12.0,60.0,ideal,direct,0,4096,4096,1,12290,22.299617767333984,0.0058889533393085,0.49621760845184326,0.8375748991966248,1,1
kodak,03.png,2030,9001,12.0,60.0,ideal,direct,0,4096,4096,1,12290,22.862937927246094,0.005172568839043379,0.45163458585739136,0.8305885791778564,1,1
kodak,04.png,2030,9001,12.0,60.0,ideal,direct,0,4096,4096,1,12290,27.024303436279297,0.0019841277971863747,0.4531098008155823,0.9227197766304016,0,0
kodak,01.png,2030,9001,12.0,60.0,ideal,full_harq,1,8192,4096,2,16388,20.23419189453125,0.009475033730268478,0.5626558661460876,0.7931749224662781,1,0
kodak,02.png,2030,9001,12.0,60.0,ideal,full_harq,1,8192,4096,2,16388,22.396203994750977,0.005759431514889002,0.48198047280311584,0.8494346141815186,1,0
kodak,03.png,2030,9001,12.0,60.0,ideal,full_harq,1,8192,4096,2,16388,23.6015682220459,0.00436358293518424,0.3850521147251129,0.877481997013092,1,0
kodak,04.png,2030,9001,12.0,60.0,ideal,full_harq,1,8192,4096,2,16388,27.422197341918945,0.001810423913411796,0.43510550260543823,0.93527752161026,0,0
kodak,01.png,2030,9001,12.0,60.0,ideal,fm_only,0,4096,4096,1,12290,19.513952255249023,0.01118419598788023,0.6753841042518616,0.6531941294670105,1,1
kodak,02.png,2030,9001,12.0,60.0,ideal,fm_only,0,4096,4096,1,12290,22.507104873657227,0.0056142196990549564,0.49582239985466003,0.8367002606391907,1,1
kodak,03.png,2030,9001,12.0,60.0,ideal,fm_only,0,4096,4096,1,12290,23.395061492919922,0.004576082807034254,0.45666205883026123,0.8341026306152344,1,1
kodak,04.png,2030,9001,12.0,60.0,ideal,fm_only,0,4096,4096,1,12290,27.465896606445312,0.001792298979125917,0.45872995257377625,0.9219734072685242,0,0
kodak,01.png,2030,9001,12.0,60.0,ideal,adaptive_harq,1,8192,4096,2,16388,20.23419189453125,0.009475033730268478,0.5626558661460876,0.7931749224662781,1,0
kodak,02.png,2030,9001,12.0,60.0,ideal,adaptive_harq,1,8192,4096,2,16388,22.396203994750977,0.005759431514889002,0.48198047280311584,0.8494346141815186,1,0
kodak,03.png,2030,9001,12.0,60.0,ideal,adaptive_harq,1,8192,4096,2,16388,23.6015682220459,0.00436358293518424,0.3850521147251129,0.877481997013092,1,0
kodak,04.png,2030,9001,12.0,60.0,ideal,adaptive_harq,0,4096,4096,1,12290,27.024303436279297,0.0019841277971863747,0.4531098008155823,0.9227197766304016,0,0
kodak,01.png,2030,9001,12.0,60.0,ideal,flowharq,1,8192,4096,2,16388,20.23419189453125,0.009475033730268478,0.5626558661460876,0.7931749224662781,1,0
kodak,02.png,2030,9001,12.0,60.0,ideal,flowharq,1,8192,4096,2,16388,22.396203994750977,0.005759431514889002,0.48198047280311584,0.8494346141815186,1,0
kodak,03.png,2030,9001,12.0,60.0,ideal,flowharq,0,4096,4096,1,12290,23.395061492919922,0.004576082807034254,0.45666205883026123,0.8341026306152344,1,1
kodak,04.png,2030,9001,12.0,60.0,ideal,flowharq,0,4096,4096,1,12290,27.465896606445312,0.001792298979125917,0.45872995257377625,0.9219734072685242,0,0
kodak,01.png,2030,9001,12.0,60.0,binary16,direct,0,4096,4096,1,12290,19.237133026123047,0.011920285411179066,0.6602070331573486,0.6552293300628662,1,1
kodak,02.png,2030,9001,12.0,60.0,binary16,direct,0,4096,4096,1,12290,22.299571990966797,0.0058890171349048615,0.49620985984802246,0.8375713229179382,1,1
kodak,03.png,2030,9001,12.0,60.0,binary16,direct,0,4096,4096,1,12290,22.862939834594727,0.005172566045075655,0.4516344964504242,0.8305934071540833,1,1
kodak,04.png,2030,9001,12.0,60.0,binary16,direct,0,4096,4096,1,12290,27.024152755737305,0.001984197413548827,0.4531075954437256,0.9227190017700195,0,0
kodak,01.png,2030,9001,12.0,60.0,binary16,full_harq,1,8192,4096,2,16388,20.23426055908203,0.009474887512624264,0.5626531839370728,0.7931769490242004,1,0
kodak,02.png,2030,9001,12.0,60.0,binary16,full_harq,1,8192,4096,2,16388,22.39616584777832,0.005759481806308031,0.4819793701171875,0.8494319915771484,1,0
kodak,03.png,2030,9001,12.0,60.0,binary16,full_harq,1,8192,4096,2,16388,23.601560592651367,0.004363590385764837,0.38505256175994873,0.8774852156639099,1,0
kodak,04.png,2030,9001,12.0,60.0,binary16,full_harq,1,8192,4096,2,16388,27.422042846679688,0.0018104884075000882,0.4351027309894562,0.9352772235870361,0,0
kodak,01.png,2030,9001,12.0,60.0,binary16,fm_only,0,4096,4096,1,12290,19.513980865478516,0.01118412334471941,0.6753870844841003,0.6531954407691956,1,1
kodak,02.png,2030,9001,12.0,60.0,binary16,fm_only,0,4096,4096,1,12290,22.50705909729004,0.0056142788380384445,0.49581336975097656,0.8366971015930176,1,1
kodak,03.png,2030,9001,12.0,60.0,binary16,fm_only,0,4096,4096,1,12290,23.39508819580078,0.004576054867357016,0.45666027069091797,0.8341054320335388,1,1
kodak,04.png,2030,9001,12.0,60.0,binary16,fm_only,0,4096,4096,1,12290,27.465778350830078,0.0017923478735610843,0.4587268829345703,0.921972930431366,0,0
kodak,01.png,2030,9001,12.0,60.0,binary16,adaptive_harq,1,8192,4096,2,16388,20.23426055908203,0.009474887512624264,0.5626531839370728,0.7931769490242004,1,0
kodak,02.png,2030,9001,12.0,60.0,binary16,adaptive_harq,1,8192,4096,2,16388,22.39616584777832,0.005759481806308031,0.4819793701171875,0.8494319915771484,1,0
kodak,03.png,2030,9001,12.0,60.0,binary16,adaptive_harq,1,8192,4096,2,16388,23.601560592651367,0.004363590385764837,0.38505256175994873,0.8774852156639099,1,0
kodak,04.png,2030,9001,12.0,60.0,binary16,adaptive_harq,0,4096,4096,1,12290,27.024152755737305,0.001984197413548827,0.4531075954437256,0.9227190017700195,0,0
kodak,01.png,2030,9001,12.0,60.0,binary16,flowharq,1,8192,4096,2,16388,20.23426055908203,0.009474887512624264,0.5626531839370728,0.7931769490242004,1,0
kodak,02.png,2030,9001,12.0,60.0,binary16,flowharq,1,8192,4096,2,16388,22.39616584777832,0.005759481806308031,0.4819793701171875,0.8494319915771484,1,0
kodak,03.png,2030,9001,12.0,60.0,binary16,flowharq,0,4096,4096,1,12290,23.39508819580078,0.004576054867357016,0.45666027069091797,0.8341054320335388,1,1
kodak,04.png,2030,9001,12.0,60.0,binary16,flowharq,0,4096,4096,1,12290,27.465778350830078,0.0017923478735610843,0.4587268829345703,0.921972930431366,0,0
kodak,05.png,2030,9001,12.0,60.0,ideal,direct,0,4096,4096,1,12290,18.328754425048828,0.014693479984998703,0.5026978254318237,0.7944360375404358,1,1
kodak,06.png,2030,9001,12.0,60.0,ideal,direct,0,4096,4096,1,12290,21.098535537719727,0.0077650886960327625,0.6457716226577759,0.7657420039176941,1,1
kodak,07.png,2030,9001,12.0,60.0,ideal,direct,0,4096,4096,1,12290,22.246440887451172,0.005961503367871046,0.45209282636642456,0.8472114205360413,1,1
kodak,08.png,2030,9001,12.0,60.0,ideal,direct,0,4096,4096,1,12290,19.567371368408203,0.011047471314668655,0.4605414867401123,0.8554040789604187,1,1
kodak,05.png,2030,9001,12.0,60.0,ideal,full_harq,1,8192,4096,2,16388,18.41429328918457,0.0144069017842412,0.4995537996292114,0.8009324073791504,1,0
kodak,06.png,2030,9001,12.0,60.0,ideal,full_harq,1,8192,4096,2,16388,21.107885360717773,0.007748388219624758,0.6460188031196594,0.7663087248802185,1,0
kodak,07.png,2030,9001,12.0,60.0,ideal,full_harq,1,8192,4096,2,16388,22.364091873168945,0.0058021764270961285,0.4453316628932953,0.8552549481391907,1,0
kodak,08.png,2030,9001,12.0,60.0,ideal,full_harq,1,8192,4096,2,16388,19.63776397705078,0.010869850404560566,0.4565389156341553,0.8599379658699036,1,0
kodak,05.png,2030,9001,12.0,60.0,ideal,fm_only,0,4096,4096,1,12290,18.369781494140625,0.01455532293766737,0.5025992393493652,0.7941522598266602,1,1
kodak,06.png,2030,9001,12.0,60.0,ideal,fm_only,0,4096,4096,1,12290,21.13604736328125,0.007698306813836098,0.6454179286956787,0.76529860496521,1,1
kodak,07.png,2030,9001,12.0,60.0,ideal,fm_only,0,4096,4096,1,12290,22.295188903808594,0.005894964095205069,0.45433586835861206,0.8469274044036865,1,1
kodak,08.png,2030,9001,12.0,60.0,ideal,fm_only,0,4096,4096,1,12290,19.60035514831543,0.01096388790756464,0.4596306085586548,0.8555037379264832,1,1
kodak,05.png,2030,9001,12.0,60.0,ideal,adaptive_harq,1,8192,4096,2,16388,18.41429328918457,0.0144069017842412,0.4995537996292114,0.8009324073791504,1,0
kodak,06.png,2030,9001,12.0,60.0,ideal,adaptive_harq,1,8192,4096,2,16388,21.107885360717773,0.007748388219624758,0.6460188031196594,0.7663087248802185,1,0
kodak,07.png,2030,9001,12.0,60.0,ideal,adaptive_harq,1,8192,4096,2,16388,22.364091873168945,0.0058021764270961285,0.4453316628932953,0.8552549481391907,1,0
kodak,08.png,2030,9001,12.0,60.0,ideal,adaptive_harq,1,8192,4096,2,16388,19.63776397705078,0.010869850404560566,0.4565389156341553,0.8599379658699036,1,0
kodak,05.png,2030,9001,12.0,60.0,ideal,flowharq,1,8192,4096,2,16388,18.41429328918457,0.0144069017842412,0.4995537996292114,0.8009324073791504,1,0
kodak,06.png,2030,9001,12.0,60.0,ideal,flowharq,1,8192,4096,2,16388,21.107885360717773,0.007748388219624758,0.6460188031196594,0.7663087248802185,1,0
kodak,07.png,2030,9001,12.0,60.0,ideal,flowharq,1,8192,4096,2,16388,22.364091873168945,0.0058021764270961285,0.4453316628932953,0.8552549481391907,1,0
kodak,08.png,2030,9001,12.0,60.0,ideal,flowharq,1,8192,4096,2,16388,19.63776397705078,0.010869850404560566,0.4565389156341553,0.8599379658699036,1,0
kodak,05.png,2030,9001,12.0,60.0,binary16,direct,0,4096,4096,1,12290,18.328750610351562,0.014693488366901875,0.502699613571167,0.7944362759590149,1,1
kodak,06.png,2030,9001,12.0,60.0,binary16,direct,0,4096,4096,1,12290,21.098541259765625,0.007765078917145729,0.6457705497741699,0.7657424807548523,1,1
kodak,07.png,2030,9001,12.0,60.0,binary16,direct,0,4096,4096,1,12290,22.246408462524414,0.0059615508653223515,0.4520900249481201,0.847209632396698,1,1
kodak,08.png,2030,9001,12.0,60.0,binary16,direct,0,4096,4096,1,12290,19.567378997802734,0.011047451756894588,0.4605438709259033,0.8554043173789978,1,1
kodak,05.png,2030,9001,12.0,60.0,binary16,full_harq,1,8192,4096,2,16388,18.414291381835938,0.014406912960112095,0.49955546855926514,0.8009324669837952,1,0
kodak,06.png,2030,9001,12.0,60.0,binary16,full_harq,1,8192,4096,2,16388,21.107885360717773,0.007748387288302183,0.6460185647010803,0.7663092017173767,1,0
kodak,07.png,2030,9001,12.0,60.0,binary16,full_harq,1,8192,4096,2,16388,22.364078521728516,0.005802195053547621,0.4453296661376953,0.8552538752555847,1,0
kodak,08.png,2030,9001,12.0,60.0,binary16,full_harq,1,8192,4096,2,16388,19.63776397705078,0.010869850404560566,0.4565447270870209,0.8599374890327454,1,0
kodak,05.png,2030,9001,12.0,60.0,binary16,fm_only,0,4096,4096,1,12290,18.369775772094727,0.014555341564118862,0.5026006102561951,0.7941524982452393,1,1
kodak,06.png,2030,9001,12.0,60.0,binary16,fm_only,0,4096,4096,1,12290,21.136051177978516,0.00769830122590065,0.6454171538352966,0.7652990818023682,1,1
kodak,07.png,2030,9001,12.0,60.0,binary16,fm_only,0,4096,4096,1,12290,22.295166015625,0.005894996225833893,0.4543319344520569,0.8469260334968567,1,1
kodak,08.png,2030,9001,12.0,60.0,binary16,fm_only,0,4096,4096,1,12290,19.60036849975586,0.01096384972333908,0.45963311195373535,0.8555039763450623,1,1
kodak,05.png,2030,9001,12.0,60.0,binary16,adaptive_harq,1,8192,4096,2,16388,18.414291381835938,0.014406912960112095,0.49955546855926514,0.8009324669837952,1,0
kodak,06.png,2030,9001,12.0,60.0,binary16,adaptive_harq,1,8192,4096,2,16388,21.107885360717773,0.007748387288302183,0.6460185647010803,0.7663092017173767,1,0
kodak,07.png,2030,9001,12.0,60.0,binary16,adaptive_harq,1,8192,4096,2,16388,22.364078521728516,0.005802195053547621,0.4453296661376953,0.8552538752555847,1,0
kodak,08.png,2030,9001,12.0,60.0,binary16,adaptive_harq,1,8192,4096,2,16388,19.63776397705078,0.010869850404560566,0.4565447270870209,0.8599374890327454,1,0
kodak,05.png,2030,9001,12.0,60.0,binary16,flowharq,1,8192,4096,2,16388,18.414291381835938,0.014406912960112095,0.49955546855926514,0.8009324669837952,1,0
kodak,06.png,2030,9001,12.0,60.0,binary16,flowharq,1,8192,4096,2,16388,21.107885360717773,0.007748387288302183,0.6460185647010803,0.7663092017173767,1,0
kodak,07.png,2030,9001,12.0,60.0,binary16,flowharq,1,8192,4096,2,16388,22.364078521728516,0.005802195053547621,0.4453296661376953,0.8552538752555847,1,0
kodak,08.png,2030,9001,12.0,60.0,binary16,flowharq,1,8192,4096,2,16388,19.63776397705078,0.010869850404560566,0.4565447270870209,0.8599374890327454,1,0
kodak,09.png,2030,9001,12.0,60.0,ideal,direct,0,4096,4096,1,12290,22.49193000793457,0.005633872002363205,0.47077876329421997,0.8204097747802734,1,1
kodak,10.png,2030,9001,12.0,60.0,ideal,direct,0,4096,4096,1,12290,28.19507598876953,0.0015152780106291175,0.4899216592311859,0.9090669751167297,0,0
kodak,11.png,2030,9001,12.0,60.0,ideal,direct,0,4096,4096,1,12290,20.09625244140625,0.009780812077224255,0.5275372266769409,0.8290591239929199,1,1
kodak,12.png,2030,9001,12.0,60.0,ideal,direct,0,4096,4096,1,12290,23.402063369750977,0.004568709526211023,0.5211484432220459,0.8391762375831604,1,1
kodak,09.png,2030,9001,12.0,60.0,ideal,full_harq,1,8192,4096,2,16388,23.732769012451172,0.0042337290942668915,0.3853974938392639,0.8770360946655273,1,0
kodak,10.png,2030,9001,12.0,60.0,ideal,full_harq,1,8192,4096,2,16388,28.244455337524414,0.0014981472631916404,0.4787616729736328,0.9138153195381165,0,0
kodak,11.png,2030,9001,12.0,60.0,ideal,full_harq,1,8192,4096,2,16388,20.102128982543945,0.009767583571374416,0.5271883010864258,0.8294245600700378,1,0
kodak,12.png,2030,9001,12.0,60.0,ideal,full_harq,1,8192,4096,2,16388,23.56845474243164,0.004396981094032526,0.5116586685180664,0.8471646904945374,1,0
kodak,09.png,2030,9001,12.0,60.0,ideal,fm_only,0,4096,4096,1,12290,22.49249267578125,0.005633142311125994,0.4863705337047577,0.8151682019233704,1,1
kodak,10.png,2030,9001,12.0,60.0,ideal,fm_only,0,4096,4096,1,12290,28.199066162109375,0.0015138867311179638,0.48848432302474976,0.9087058901786804,0,0
kodak,11.png,2030,9001,12.0,60.0,ideal,fm_only,0,4096,4096,1,12290,20.129497528076172,0.009706222452223301,0.5272461175918579,0.8287203907966614,1,1
kodak,12.png,2030,9001,12.0,60.0,ideal,fm_only,0,4096,4096,1,12290,23.53529167175293,0.004430683329701424,0.5206912755966187,0.8392176032066345,1,1
kodak,09.png,2030,9001,12.0,60.0,ideal,adaptive_harq,1,8192,4096,2,16388,23.732769012451172,0.0042337290942668915,0.3853974938392639,0.8770360946655273,1,0
kodak,10.png,2030,9001,12.0,60.0,ideal,adaptive_harq,0,4096,4096,1,12290,28.19507598876953,0.0015152780106291175,0.4899216592311859,0.9090669751167297,0,0
kodak,11.png,2030,9001,12.0,60.0,ideal,adaptive_harq,1,8192,4096,2,16388,20.102128982543945,0.009767583571374416,0.5271883010864258,0.8294245600700378,1,0
kodak,12.png,2030,9001,12.0,60.0,ideal,adaptive_harq,0,4096,4096,1,12290,23.402063369750977,0.004568709526211023,0.5211484432220459,0.8391762375831604,1,1
kodak,09.png,2030,9001,12.0,60.0,ideal,flowharq,1,8192,4096,2,16388,23.732769012451172,0.0042337290942668915,0.3853974938392639,0.8770360946655273,1,0
kodak,10.png,2030,9001,12.0,60.0,ideal,flowharq,0,4096,4096,1,12290,28.199066162109375,0.0015138867311179638,0.48848432302474976,0.9087058901786804,0,0
kodak,11.png,2030,9001,12.0,60.0,ideal,flowharq,1,8192,4096,2,16388,20.102128982543945,0.009767583571374416,0.5271883010864258,0.8294245600700378,1,0
kodak,12.png,2030,9001,12.0,60.0,ideal,flowharq,0,4096,4096,1,12290,23.53529167175293,0.004430683329701424,0.5206912755966187,0.8392176032066345,1,1
kodak,09.png,2030,9001,12.0,60.0,binary16,direct,0,4096,4096,1,12290,22.492042541503906,0.005633726250380278,0.47078263759613037,0.8204101920127869,1,1
kodak,10.png,2030,9001,12.0,60.0,binary16,direct,0,4096,4096,1,12290,28.195030212402344,0.001515294425189495,0.48992520570755005,0.9090678691864014,0,0
kodak,11.png,2030,9001,12.0,60.0,binary16,direct,0,4096,4096,1,12290,20.096221923828125,0.009780880995094776,0.5275328755378723,0.8290591835975647,1,1
kodak,12.png,2030,9001,12.0,60.0,binary16,direct,0,4096,4096,1,12290,23.402070999145508,0.004568702075630426,0.5211420655250549,0.83917635679245,1,1
kodak,09.png,2030,9001,12.0,60.0,binary16,full_harq,1,8192,4096,2,16388,23.7327938079834,0.004233706276863813,0.38540127873420715,0.87703537940979,1,0
kodak,10.png,2030,9001,12.0,60.0,binary16,full_harq,1,8192,4096,2,16388,28.244422912597656,0.0014981579734012485,0.47876542806625366,0.9138157963752747,0,0
kodak,11.png,2030,9001,12.0,60.0,binary16,full_harq,1,8192,4096,2,16388,20.102100372314453,0.009767647832632065,0.5271845459938049,0.8294246792793274,1,0
kodak,12.png,2030,9001,12.0,60.0,binary16,full_harq,1,8192,4096,2,16388,23.56846809387207,0.004396967589855194,0.5116548538208008,0.8471648693084717,1,0
kodak,09.png,2030,9001,12.0,60.0,binary16,fm_only,0,4096,4096,1,12290,22.49261474609375,0.005632986780256033,0.48637276887893677,0.8151695132255554,1,1
kodak,10.png,2030,9001,12.0,60.0,binary16,fm_only,0,4096,4096,1,12290,28.199024200439453,0.0015139012830331922,0.48848751187324524,0.9087061285972595,0,0
kodak,11.png,2030,9001,12.0,60.0,binary16,fm_only,0,4096,4096,1,12290,20.129467010498047,0.009706294164061546,0.5272426605224609,0.8287202715873718,1,1
kodak,12.png,2030,9001,12.0,60.0,binary16,fm_only,0,4096,4096,1,12290,23.53530502319336,0.004430670756846666,0.5206854343414307,0.839217483997345,1,1
kodak,09.png,2030,9001,12.0,60.0,binary16,adaptive_harq,1,8192,4096,2,16388,23.7327938079834,0.004233706276863813,0.38540127873420715,0.87703537940979,1,0
kodak,10.png,2030,9001,12.0,60.0,binary16,adaptive_harq,0,4096,4096,1,12290,28.195030212402344,0.001515294425189495,0.48992520570755005,0.9090678691864014,0,0
kodak,11.png,2030,9001,12.0,60.0,binary16,adaptive_harq,1,8192,4096,2,16388,20.102100372314453,0.009767647832632065,0.5271845459938049,0.8294246792793274,1,0
kodak,12.png,2030,9001,12.0,60.0,binary16,adaptive_harq,0,4096,4096,1,12290,23.402070999145508,0.004568702075630426,0.5211420655250549,0.83917635679245,1,1
kodak,09.png,2030,9001,12.0,60.0,binary16,flowharq,1,8192,4096,2,16388,23.7327938079834,0.004233706276863813,0.38540127873420715,0.87703537940979,1,0
kodak,10.png,2030,9001,12.0,60.0,binary16,flowharq,0,4096,4096,1,12290,28.199024200439453,0.0015139012830331922,0.48848751187324524,0.9087061285972595,0,0
kodak,11.png,2030,9001,12.0,60.0,binary16,flowharq,1,8192,4096,2,16388,20.102100372314453,0.009767647832632065,0.5271845459938049,0.8294246792793274,1,0
kodak,12.png,2030,9001,12.0,60.0,binary16,flowharq,0,4096,4096,1,12290,23.53530502319336,0.004430670756846666,0.5206854343414307,0.839217483997345,1,1
kodak,13.png,2030,9001,12.0,60.0,ideal,direct,0,4096,4096,1,12290,19.966766357421875,0.010076818987727165,0.7392659783363342,0.7589552998542786,1,1
kodak,14.png,2030,9001,12.0,60.0,ideal,direct,0,4096,4096,1,12290,19.596330642700195,0.01097404956817627,0.5069271326065063,0.7994640469551086,1,1
kodak,15.png,2030,9001,12.0,60.0,ideal,direct,0,4096,4096,1,12290,23.107223510742188,0.004889648873358965,0.4831990599632263,0.8725351691246033,1,1
kodak,16.png,2030,9001,12.0,60.0,ideal,direct,0,4096,4096,1,12290,23.748184204101562,0.004218728747218847,0.612434446811676,0.7844834327697754,1,1
kodak,13.png,2030,9001,12.0,60.0,ideal,full_harq,1,8192,4096,2,16388,20.05213165283203,0.009880676865577698,0.7241430878639221,0.7729637026786804,1,0
kodak,14.png,2030,9001,12.0,60.0,ideal,full_harq,1,8192,4096,2,16388,19.670757293701172,0.01078758668154478,0.4993472695350647,0.8065407872200012,1,0
kodak,15.png,2030,9001,12.0,60.0,ideal,full_harq,1,8192,4096,2,16388,23.169363021850586,0.0048201861791312695,0.4795653223991394,0.8741894364356995,1,0
kodak,16.png,2030,9001,12.0,60.0,ideal,full_harq,1,8192,4096,2,16388,24.856609344482422,0.003268428146839142,0.5535265803337097,0.8658936023712158,0,0
kodak,13.png,2030,9001,12.0,60.0,ideal,fm_only,0,4096,4096,1,12290,20.050357818603516,0.009884714148938656,0.7413846850395203,0.7579004168510437,1,1
kodak,14.png,2030,9001,12.0,60.0,ideal,fm_only,0,4096,4096,1,12290,19.69757080078125,0.01072118803858757,0.5065152049064636,0.7999809384346008,1,1
kodak,15.png,2030,9001,12.0,60.0,ideal,fm_only,0,4096,4096,1,12290,23.209287643432617,0.004776076413691044,0.4830330014228821,0.872343122959137,1,1
kodak,16.png,2030,9001,12.0,60.0,ideal,fm_only,0,4096,4096,1,12290,23.969707489013672,0.00400893809273839,0.6219274997711182,0.7830083966255188,1,1
kodak,13.png,2030,9001,12.0,60.0,ideal,adaptive_harq,1,8192,4096,2,16388,20.05213165283203,0.009880676865577698,0.7241430878639221,0.7729637026786804,1,0
kodak,14.png,2030,9001,12.0,60.0,ideal,adaptive_harq,1,8192,4096,2,16388,19.670757293701172,0.01078758668154478,0.4993472695350647,0.8065407872200012,1,0
kodak,15.png,2030,9001,12.0,60.0,ideal,adaptive_harq,0,4096,4096,1,12290,23.107223510742188,0.004889648873358965,0.4831990599632263,0.8725351691246033,1,1
kodak,16.png,2030,9001,12.0,60.0,ideal,adaptive_harq,0,4096,4096,1,12290,23.748184204101562,0.004218728747218847,0.612434446811676,0.7844834327697754,1,1
kodak,13.png,2030,9001,12.0,60.0,ideal,flowharq,1,8192,4096,2,16388,20.05213165283203,0.009880676865577698,0.7241430878639221,0.7729637026786804,1,0
kodak,14.png,2030,9001,12.0,60.0,ideal,flowharq,1,8192,4096,2,16388,19.670757293701172,0.01078758668154478,0.4993472695350647,0.8065407872200012,1,0
kodak,15.png,2030,9001,12.0,60.0,ideal,flowharq,0,4096,4096,1,12290,23.209287643432617,0.004776076413691044,0.4830330014228821,0.872343122959137,1,1
kodak,16.png,2030,9001,12.0,60.0,ideal,flowharq,0,4096,4096,1,12290,23.969707489013672,0.00400893809273839,0.6219274997711182,0.7830083966255188,1,1
kodak,13.png,2030,9001,12.0,60.0,binary16,direct,0,4096,4096,1,12290,19.96676254272461,0.010076825506985188,0.7392686009407043,0.7589550614356995,1,1
kodak,14.png,2030,9001,12.0,60.0,binary16,direct,0,4096,4096,1,12290,19.596372604370117,0.010973942466080189,0.5069237947463989,0.7994655966758728,1,1
kodak,15.png,2030,9001,12.0,60.0,binary16,direct,0,4096,4096,1,12290,23.10730743408203,0.004889554809778929,0.4831966161727905,0.8725358843803406,1,1
kodak,16.png,2030,9001,12.0,60.0,binary16,direct,0,4096,4096,1,12290,23.748071670532227,0.004218838643282652,0.6124401092529297,0.7844800353050232,1,1
kodak,13.png,2030,9001,12.0,60.0,binary16,full_harq,1,8192,4096,2,16388,20.052139282226562,0.009880660101771355,0.7241433262825012,0.7729633450508118,1,0
kodak,14.png,2030,9001,12.0,60.0,binary16,full_harq,1,8192,4096,2,16388,19.670793533325195,0.010787499137222767,0.49934491515159607,0.8065414428710938,1,0
kodak,15.png,2030,9001,12.0,60.0,binary16,full_harq,1,8192,4096,2,16388,23.169462203979492,0.00482007535174489,0.4795628488063812,0.874190628528595,1,0
kodak,16.png,2030,9001,12.0,60.0,binary16,full_harq,1,8192,4096,2,16388,24.856552124023438,0.003268471220508218,0.5535270571708679,0.8658915162086487,0,0
kodak,13.png,2030,9001,12.0,60.0,binary16,fm_only,0,4096,4096,1,12290,20.05035400390625,0.0098847271874547,0.7413871884346008,0.7578997611999512,1,1
kodak,14.png,2030,9001,12.0,60.0,binary16,fm_only,0,4096,4096,1,12290,19.697607040405273,0.010721099562942982,0.5065125823020935,0.7999826073646545,1,1
kodak,15.png,2030,9001,12.0,60.0,binary16,fm_only,0,4096,4096,1,12290,23.20936393737793,0.0047759911976754665,0.4830305576324463,0.8723440170288086,1,1
kodak,16.png,2030,9001,12.0,60.0,binary16,fm_only,0,4096,4096,1,12290,23.969615936279297,0.004009021911770105,0.6219320893287659,0.783006489276886,1,1
kodak,13.png,2030,9001,12.0,60.0,binary16,adaptive_harq,1,8192,4096,2,16388,20.052139282226562,0.009880660101771355,0.7241433262825012,0.7729633450508118,1,0
kodak,14.png,2030,9001,12.0,60.0,binary16,adaptive_harq,1,8192,4096,2,16388,19.670793533325195,0.010787499137222767,0.49934491515159607,0.8065414428710938,1,0
kodak,15.png,2030,9001,12.0,60.0,binary16,adaptive_harq,0,4096,4096,1,12290,23.10730743408203,0.004889554809778929,0.4831966161727905,0.8725358843803406,1,1
kodak,16.png,2030,9001,12.0,60.0,binary16,adaptive_harq,0,4096,4096,1,12290,23.748071670532227,0.004218838643282652,0.6124401092529297,0.7844800353050232,1,1
kodak,13.png,2030,9001,12.0,60.0,binary16,flowharq,1,8192,4096,2,16388,20.052139282226562,0.009880660101771355,0.7241433262825012,0.7729633450508118,1,0
kodak,14.png,2030,9001,12.0,60.0,binary16,flowharq,1,8192,4096,2,16388,19.670793533325195,0.010787499137222767,0.49934491515159607,0.8065414428710938,1,0
kodak,15.png,2030,9001,12.0,60.0,binary16,flowharq,0,4096,4096,1,12290,23.20936393737793,0.0047759911976754665,0.4830305576324463,0.8723440170288086,1,1
kodak,16.png,2030,9001,12.0,60.0,binary16,flowharq,0,4096,4096,1,12290,23.969615936279297,0.004009021911770105,0.6219320893287659,0.783006489276886,1,1
kodak,17.png,2030,9001,12.0,60.0,ideal,direct,0,4096,4096,1,12290,22.97212791442871,0.005044141318649054,0.6088842153549194,0.73590087890625,1,1
kodak,18.png,2030,9001,12.0,60.0,ideal,direct,0,4096,4096,1,12290,20.12374496459961,0.009719089604914188,0.5368361473083496,0.8220210075378418,1,1
kodak,19.png,2030,9001,12.0,60.0,ideal,direct,0,4096,4096,1,12290,18.88250732421875,0.012934488244354725,0.7584150433540344,0.6172797083854675,1,1
kodak,20.png,2030,9001,12.0,60.0,ideal,direct,0,4096,4096,1,12290,23.546966552734375,0.0044187880121171474,0.30028852820396423,0.9269953370094299,1,1
kodak,17.png,2030,9001,12.0,60.0,ideal,full_harq,1,8192,4096,2,16388,25.575855255126953,0.0027695836033672094,0.5020434856414795,0.8977031111717224,0,0
kodak,18.png,2030,9001,12.0,60.0,ideal,full_harq,1,8192,4096,2,16388,20.251243591308594,0.009437906555831432,0.5272842049598694,0.8360579013824463,1,0
kodak,19.png,2030,9001,12.0,60.0,ideal,full_harq,1,8192,4096,2,16388,20.986984252929688,0.007967122830450535,0.532782793045044,0.8367450833320618,1,0
kodak,20.png,2030,9001,12.0,60.0,ideal,full_harq,1,8192,4096,2,16388,23.556730270385742,0.004408867098391056,0.29842665791511536,0.9294109344482422,1,0
kodak,17.png,2030,9001,12.0,60.0,ideal,fm_only,0,4096,4096,1,12290,22.892208099365234,0.005137822590768337,0.6203835606575012,0.7281017899513245,1,1
kodak,18.png,2030,9001,12.0,60.0,ideal,fm_only,0,4096,4096,1,12290,20.19280433654785,0.009565760381519794,0.5378831624984741,0.8211072087287903,1,1
kodak,19.png,2030,9001,12.0,60.0,ideal,fm_only,0,4096,4096,1,12290,18.72045135498047,0.01342625543475151,0.7647392749786377,0.6104112267494202,1,1
kodak,20.png,2030,9001,12.0,60.0,ideal,fm_only,0,4096,4096,1,12290,23.60643768310547,0.00435869162902236,0.29975706338882446,0.9267676472663879,1,1
kodak,17.png,2030,9001,12.0,60.0,ideal,adaptive_harq,1,8192,4096,2,16388,25.575855255126953,0.0027695836033672094,0.5020434856414795,0.8977031111717224,0,0
kodak,18.png,2030,9001,12.0,60.0,ideal,adaptive_harq,1,8192,4096,2,16388,20.251243591308594,0.009437906555831432,0.5272842049598694,0.8360579013824463,1,0
kodak,19.png,2030,9001,12.0,60.0,ideal,adaptive_harq,1,8192,4096,2,16388,20.986984252929688,0.007967122830450535,0.532782793045044,0.8367450833320618,1,0
kodak,20.png,2030,9001,12.0,60.0,ideal,adaptive_harq,0,4096,4096,1,12290,23.546966552734375,0.0044187880121171474,0.30028852820396423,0.9269953370094299,1,1
kodak,17.png,2030,9001,12.0,60.0,ideal,flowharq,1,8192,4096,2,16388,25.575855255126953,0.0027695836033672094,0.5020434856414795,0.8977031111717224,0,0
kodak,18.png,2030,9001,12.0,60.0,ideal,flowharq,1,8192,4096,2,16388,20.251243591308594,0.009437906555831432,0.5272842049598694,0.8360579013824463,1,0
kodak,19.png,2030,9001,12.0,60.0,ideal,flowharq,1,8192,4096,2,16388,20.986984252929688,0.007967122830450535,0.532782793045044,0.8367450833320618,1,0
kodak,20.png,2030,9001,12.0,60.0,ideal,flowharq,0,4096,4096,1,12290,23.60643768310547,0.00435869162902236,0.29975706338882446,0.9267676472663879,1,1
kodak,17.png,2030,9001,12.0,60.0,binary16,direct,0,4096,4096,1,12290,22.97214126586914,0.005044126883149147,0.6088862419128418,0.735905647277832,1,1
kodak,18.png,2030,9001,12.0,60.0,binary16,direct,0,4096,4096,1,12290,20.123714447021484,0.009719152934849262,0.5368317365646362,0.822021484375,1,1
kodak,19.png,2030,9001,12.0,60.0,binary16,direct,0,4096,4096,1,12290,18.882511138916016,0.012934479862451553,0.7584125399589539,0.6172823905944824,1,1
kodak,20.png,2030,9001,12.0,60.0,binary16,direct,0,4096,4096,1,12290,23.54701042175293,0.004418744705617428,0.30029305815696716,0.9269938468933105,1,1
kodak,17.png,2030,9001,12.0,60.0,binary16,full_harq,1,8192,4096,2,16388,25.5758056640625,0.0027696157339960337,0.5020497441291809,0.8977034687995911,0,0
kodak,18.png,2030,9001,12.0,60.0,binary16,full_harq,1,8192,4096,2,16388,20.251216888427734,0.00943796243518591,0.5272834300994873,0.8360568881034851,1,0
kodak,19.png,2030,9001,12.0,60.0,binary16,full_harq,1,8192,4096,2,16388,20.98699378967285,0.007967108860611916,0.5327828526496887,0.8367456793785095,1,0
kodak,20.png,2030,9001,12.0,60.0,binary16,full_harq,1,8192,4096,2,16388,23.55677032470703,0.004408825654536486,0.29843151569366455,0.9294100403785706,1,0
kodak,17.png,2030,9001,12.0,60.0,binary16,fm_only,0,4096,4096,1,12290,22.89226531982422,0.005137755069881678,0.6203820109367371,0.7281060218811035,1,1
kodak,18.png,2030,9001,12.0,60.0,binary16,fm_only,0,4096,4096,1,12290,20.192777633666992,0.00956581998616457,0.5378797054290771,0.8211078643798828,1,1
kodak,19.png,2030,9001,12.0,60.0,binary16,fm_only,0,4096,4096,1,12290,18.72048568725586,0.013426151126623154,0.7647489309310913,0.6104149222373962,1,1
kodak,20.png,2030,9001,12.0,60.0,binary16,fm_only,0,4096,4096,1,12290,23.60647964477539,0.004358650650829077,0.29976117610931396,0.9267666935920715,1,1
kodak,17.png,2030,9001,12.0,60.0,binary16,adaptive_harq,1,8192,4096,2,16388,25.5758056640625,0.0027696157339960337,0.5020497441291809,0.8977034687995911,0,0
kodak,18.png,2030,9001,12.0,60.0,binary16,adaptive_harq,1,8192,4096,2,16388,20.251216888427734,0.00943796243518591,0.5272834300994873,0.8360568881034851,1,0
kodak,19.png,2030,9001,12.0,60.0,binary16,adaptive_harq,1,8192,4096,2,16388,20.98699378967285,0.007967108860611916,0.5327828526496887,0.8367456793785095,1,0
kodak,20.png,2030,9001,12.0,60.0,binary16,adaptive_harq,0,4096,4096,1,12290,23.54701042175293,0.004418744705617428,0.30029305815696716,0.9269938468933105,1,1
kodak,17.png,2030,9001,12.0,60.0,binary16,flowharq,1,8192,4096,2,16388,25.5758056640625,0.0027696157339960337,0.5020497441291809,0.8977034687995911,0,0
kodak,18.png,2030,9001,12.0,60.0,binary16,flowharq,1,8192,4096,2,16388,20.251216888427734,0.00943796243518591,0.5272834300994873,0.8360568881034851,1,0
kodak,19.png,2030,9001,12.0,60.0,binary16,flowharq,1,8192,4096,2,16388,20.98699378967285,0.007967108860611916,0.5327828526496887,0.8367456793785095,1,0
kodak,20.png,2030,9001,12.0,60.0,binary16,flowharq,0,4096,4096,1,12290,23.60647964477539,0.004358650650829077,0.29976117610931396,0.9267666935920715,1,1
kodak,21.png,2030,9001,12.0,60.0,ideal,direct,0,4096,4096,1,12290,21.644229888916016,0.006848207209259272,0.4762691855430603,0.8662030696868896,1,1
kodak,22.png,2030,9001,12.0,60.0,ideal,direct,0,4096,4096,1,12290,20.824222564697266,0.008271376602351665,0.5920796394348145,0.7535045146942139,1,1
kodak,23.png,2030,9001,12.0,60.0,ideal,direct,0,4096,4096,1,12290,21.977834701538086,0.006341859698295593,0.40046426653862,0.8329333662986755,1,1
kodak,24.png,2030,9001,12.0,60.0,ideal,direct,0,4096,4096,1,12290,23.871843338012695,0.004100299905985594,0.5543148517608643,0.8890082240104675,1,1
kodak,21.png,2030,9001,12.0,60.0,ideal,full_harq,1,8192,4096,2,16388,21.636615753173828,0.006860227789729834,0.4764571189880371,0.8669343590736389,1,0
kodak,22.png,2030,9001,12.0,60.0,ideal,full_harq,1,8192,4096,2,16388,21.304473876953125,0.007405471056699753,0.5574711561203003,0.8001682758331299,1,0
kodak,23.png,2030,9001,12.0,60.0,ideal,full_harq,1,8192,4096,2,16388,24.306854248046875,0.0037094922736287117,0.26439058780670166,0.9240627884864807,0,0
kodak,24.png,2030,9001,12.0,60.0,ideal,full_harq,1,8192,4096,2,16388,23.859294891357422,0.004112164955586195,0.5523180961608887,0.8908730149269104,1,0
kodak,21.png,2030,9001,12.0,60.0,ideal,fm_only,0,4096,4096,1,12290,21.657087326049805,0.0068279653787612915,0.4789930582046509,0.8655955195426941,1,1
kodak,22.png,2030,9001,12.0,60.0,ideal,fm_only,0,4096,4096,1,12290,21.014097213745117,0.007917540147900581,0.5928230285644531,0.7519175410270691,1,1
kodak,23.png,2030,9001,12.0,60.0,ideal,fm_only,0,4096,4096,1,12290,22.071130752563477,0.006207074970006943,0.4319261908531189,0.8223795890808105,1,1
kodak,24.png,2030,9001,12.0,60.0,ideal,fm_only,0,4096,4096,1,12290,23.920286178588867,0.004054818768054247,0.5556159019470215,0.8885545134544373,1,1
kodak,21.png,2030,9001,12.0,60.0,ideal,adaptive_harq,1,8192,4096,2,16388,21.636615753173828,0.006860227789729834,0.4764571189880371,0.8669343590736389,1,0
kodak,22.png,2030,9001,12.0,60.0,ideal,adaptive_harq,1,8192,4096,2,16388,21.304473876953125,0.007405471056699753,0.5574711561203003,0.8001682758331299,1,0
kodak,23.png,2030,9001,12.0,60.0,ideal,adaptive_harq,1,8192,4096,2,16388,24.306854248046875,0.0037094922736287117,0.26439058780670166,0.9240627884864807,0,0
kodak,24.png,2030,9001,12.0,60.0,ideal,adaptive_harq,0,4096,4096,1,12290,23.871843338012695,0.004100299905985594,0.5543148517608643,0.8890082240104675,1,1
kodak,21.png,2030,9001,12.0,60.0,ideal,flowharq,1,8192,4096,2,16388,21.636615753173828,0.006860227789729834,0.4764571189880371,0.8669343590736389,1,0
kodak,22.png,2030,9001,12.0,60.0,ideal,flowharq,1,8192,4096,2,16388,21.304473876953125,0.007405471056699753,0.5574711561203003,0.8001682758331299,1,0
kodak,23.png,2030,9001,12.0,60.0,ideal,flowharq,1,8192,4096,2,16388,24.306854248046875,0.0037094922736287117,0.26439058780670166,0.9240627884864807,0,0
kodak,24.png,2030,9001,12.0,60.0,ideal,flowharq,0,4096,4096,1,12290,23.920286178588867,0.004054818768054247,0.5556159019470215,0.8885545134544373,1,1
kodak,21.png,2030,9001,12.0,60.0,binary16,direct,0,4096,4096,1,12290,21.64423179626465,0.006848205346614122,0.47626665234565735,0.8662036061286926,1,1
kodak,22.png,2030,9001,12.0,60.0,binary16,direct,0,4096,4096,1,12290,20.82422637939453,0.00827136542648077,0.5920801758766174,0.7535026669502258,1,1
kodak,23.png,2030,9001,12.0,60.0,binary16,direct,0,4096,4096,1,12290,21.97780418395996,0.006341904401779175,0.40046095848083496,0.8329342007637024,1,1
kodak,24.png,2030,9001,12.0,60.0,binary16,direct,0,4096,4096,1,12290,23.871841430664062,0.004100301768630743,0.5543141961097717,0.8890075087547302,1,1
kodak,21.png,2030,9001,12.0,60.0,binary16,full_harq,1,8192,4096,2,16388,21.636615753173828,0.006860228721052408,0.4764539301395416,0.8669349551200867,1,0
kodak,22.png,2030,9001,12.0,60.0,binary16,full_harq,1,8192,4096,2,16388,21.304489135742188,0.007405443582683802,0.5574734807014465,0.8001675009727478,1,0
kodak,23.png,2030,9001,12.0,60.0,binary16,full_harq,1,8192,4096,2,16388,24.306873321533203,0.003709476673975587,0.2643882632255554,0.9240627884864807,0,0
kodak,24.png,2030,9001,12.0,60.0,binary16,full_harq,1,8192,4096,2,16388,23.859294891357422,0.004112163092941046,0.5523174405097961,0.8908726572990417,1,0
kodak,21.png,2030,9001,12.0,60.0,binary16,fm_only,0,4096,4096,1,12290,21.656932830810547,0.006828207988291979,0.47914254665374756,0.8655844330787659,1,1
kodak,22.png,2030,9001,12.0,60.0,binary16,fm_only,0,4096,4096,1,12290,21.014116287231445,0.00791750568896532,0.592823326587677,0.7519164085388184,1,1
kodak,23.png,2030,9001,12.0,60.0,binary16,fm_only,0,4096,4096,1,12290,22.071117401123047,0.006207092199474573,0.43192413449287415,0.8223796486854553,1,1
kodak,24.png,2030,9001,12.0,60.0,binary16,fm_only,0,4096,4096,1,12290,23.920284271240234,0.004054820630699396,0.5556164979934692,0.8885538578033447,1,1
kodak,21.png,2030,9001,12.0,60.0,binary16,adaptive_harq,1,8192,4096,2,16388,21.636615753173828,0.006860228721052408,0.4764539301395416,0.8669349551200867,1,0
kodak,22.png,2030,9001,12.0,60.0,binary16,adaptive_harq,1,8192,4096,2,16388,21.304489135742188,0.007405443582683802,0.5574734807014465,0.8001675009727478,1,0
kodak,23.png,2030,9001,12.0,60.0,binary16,adaptive_harq,1,8192,4096,2,16388,24.306873321533203,0.003709476673975587,0.2643882632255554,0.9240627884864807,0,0
kodak,24.png,2030,9001,12.0,60.0,binary16,adaptive_harq,0,4096,4096,1,12290,23.871841430664062,0.004100301768630743,0.5543141961097717,0.8890075087547302,1,1
kodak,21.png,2030,9001,12.0,60.0,binary16,flowharq,1,8192,4096,2,16388,21.636615753173828,0.006860228721052408,0.4764539301395416,0.8669349551200867,1,0
kodak,22.png,2030,9001,12.0,60.0,binary16,flowharq,1,8192,4096,2,16388,21.304489135742188,0.007405443582683802,0.5574734807014465,0.8001675009727478,1,0
kodak,23.png,2030,9001,12.0,60.0,binary16,flowharq,1,8192,4096,2,16388,24.306873321533203,0.003709476673975587,0.2643882632255554,0.9240627884864807,0,0
kodak,24.png,2030,9001,12.0,60.0,binary16,flowharq,0,4096,4096,1,12290,23.920284271240234,0.004054820630699396,0.5556164979934692,0.8885538578033447,1,1
kodak,01.png,2030,9001,12.0,90.0,ideal,direct,0,4096,4096,1,12290,20.059595108032227,0.009863714687526226,0.5702826976776123,0.7743332386016846,1,1
kodak,02.png,2030,9001,12.0,90.0,ideal,direct,0,4096,4096,1,12290,21.92599868774414,0.006418006028980017,0.541684091091156,0.781050980091095,1,1
kodak,03.png,2030,9001,12.0,90.0,ideal,direct,0,4096,4096,1,12290,23.3258056640625,0.004649641457945108,0.41211557388305664,0.8547075390815735,1,1
kodak,04.png,2030,9001,12.0,90.0,ideal,direct,0,4096,4096,1,12290,27.09599494934082,0.001951643149368465,0.4327976107597351,0.9260976314544678,0,0
kodak,01.png,2030,9001,12.0,90.0,ideal,full_harq,1,8192,4096,2,16388,20.16547393798828,0.009626147337257862,0.5632057189941406,0.7930671572685242,1,0
kodak,02.png,2030,9001,12.0,90.0,ideal,full_harq,1,8192,4096,2,16388,22.01993751525879,0.006280673202127218,0.5374956130981445,0.7902980446815491,1,0
kodak,03.png,2030,9001,12.0,90.0,ideal,full_harq,1,8192,4096,2,16388,23.41155242919922,0.00455873878672719,0.4071657657623291,0.8617181777954102,1,0
kodak,04.png,2030,9001,12.0,90.0,ideal,full_harq,1,8192,4096,2,16388,27.462047576904297,0.0017938870005309582,0.42175260186195374,0.940563440322876,0,0
kodak,01.png,2030,9001,12.0,90.0,ideal,fm_only,0,4096,4096,1,12290,20.256744384765625,0.009425962343811989,0.572056233882904,0.776523768901825,1,1
kodak,02.png,2030,9001,12.0,90.0,ideal,fm_only,0,4096,4096,1,12290,22.489212036132812,0.0056373984552919865,0.54173344373703,0.7793599963188171,1,1
kodak,03.png,2030,9001,12.0,90.0,ideal,fm_only,0,4096,4096,1,12290,23.876888275146484,0.004095539450645447,0.4117342531681061,0.8590312004089355,1,1
kodak,04.png,2030,9001,12.0,90.0,ideal,fm_only,0,4096,4096,1,12290,27.47174072265625,0.0017898889491334558,0.4391643702983856,0.9252321124076843,0,0
kodak,01.png,2030,9001,12.0,90.0,ideal,adaptive_harq,1,8192,4096,2,16388,20.16547393798828,0.009626147337257862,0.5632057189941406,0.7930671572685242,1,0
kodak,02.png,2030,9001,12.0,90.0,ideal,adaptive_harq,1,8192,4096,2,16388,22.01993751525879,0.006280673202127218,0.5374956130981445,0.7902980446815491,1,0
kodak,03.png,2030,9001,12.0,90.0,ideal,adaptive_harq,0,4096,4096,1,12290,23.3258056640625,0.004649641457945108,0.41211557388305664,0.8547075390815735,1,1
kodak,04.png,2030,9001,12.0,90.0,ideal,adaptive_harq,0,4096,4096,1,12290,27.09599494934082,0.001951643149368465,0.4327976107597351,0.9260976314544678,0,0
kodak,01.png,2030,9001,12.0,90.0,ideal,flowharq,1,8192,4096,2,16388,20.16547393798828,0.009626147337257862,0.5632057189941406,0.7930671572685242,1,0
kodak,02.png,2030,9001,12.0,90.0,ideal,flowharq,1,8192,4096,2,16388,22.01993751525879,0.006280673202127218,0.5374956130981445,0.7902980446815491,1,0
kodak,03.png,2030,9001,12.0,90.0,ideal,flowharq,0,4096,4096,1,12290,23.876888275146484,0.004095539450645447,0.4117342531681061,0.8590312004089355,1,1
kodak,04.png,2030,9001,12.0,90.0,ideal,flowharq,0,4096,4096,1,12290,27.47174072265625,0.0017898889491334558,0.4391643702983856,0.9252321124076843,0,0
kodak,01.png,2030,9001,12.0,90.0,binary16,direct,0,4096,4096,1,12290,20.05965805053711,0.009863575920462608,0.5702806711196899,0.7743346691131592,1,1
kodak,02.png,2030,9001,12.0,90.0,binary16,direct,0,4096,4096,1,12290,21.926000595092773,0.006418004631996155,0.5416843891143799,0.7810490131378174,1,1
kodak,03.png,2030,9001,12.0,90.0,binary16,direct,0,4096,4096,1,12290,23.325769424438477,0.004649680107831955,0.41212141513824463,0.8547107577323914,1,1
kodak,04.png,2030,9001,12.0,90.0,binary16,direct,0,4096,4096,1,12290,27.0958309173584,0.0019517174223437905,0.4327975809574127,0.9260972142219543,0,0
kodak,01.png,2030,9001,12.0,90.0,binary16,full_harq,1,8192,4096,2,16388,20.165546417236328,0.009625989943742752,0.5632040500640869,0.7930693626403809,1,0
kodak,02.png,2030,9001,12.0,90.0,binary16,full_harq,1,8192,4096,2,16388,22.019943237304688,0.006280664820224047,0.5374923944473267,0.7902965545654297,1,0
kodak,03.png,2030,9001,12.0,90.0,binary16,full_harq,1,8192,4096,2,16388,23.41150665283203,0.004558785352855921,0.4071739614009857,0.8617212176322937,1,0
kodak,04.png,2030,9001,12.0,90.0,binary16,full_harq,1,8192,4096,2,16388,27.46190071105957,0.0017939485842362046,0.42175161838531494,0.9405630230903625,0,0
kodak,01.png,2030,9001,12.0,90.0,binary16,fm_only,0,4096,4096,1,12290,20.256797790527344,0.009425841271877289,0.5720546841621399,0.7765254974365234,1,1
kodak,02.png,2030,9001,12.0,90.0,binary16,fm_only,0,4096,4096,1,12290,22.489240646362305,0.005637363065034151,0.5417338013648987,0.7793581485748291,1,1
kodak,03.png,2030,9001,12.0,90.0,binary16,fm_only,0,4096,4096,1,12290,23.876861572265625,0.004095564596354961,0.4117427170276642,0.85903400182724,1,1
kodak,04.png,2030,9001,12.0,90.0,binary16,fm_only,0,4096,4096,1,12290,27.47158432006836,0.0017899521626532078,0.4391639530658722,0.9252316355705261,0,0
kodak,01.png,2030,9001,12.0,90.0,binary16,adaptive_harq,1,8192,4096,2,16388,20.165546417236328,0.009625989943742752,0.5632040500640869,0.7930693626403809,1,0
kodak,02.png,2030,9001,12.0,90.0,binary16,adaptive_harq,1,8192,4096,2,16388,22.019943237304688,0.006280664820224047,0.5374923944473267,0.7902965545654297,1,0
kodak,03.png,2030,9001,12.0,90.0,binary16,adaptive_harq,0,4096,4096,1,12290,23.325769424438477,0.004649680107831955,0.41212141513824463,0.8547107577323914,1,1
kodak,04.png,2030,9001,12.0,90.0,binary16,adaptive_harq,0,4096,4096,1,12290,27.0958309173584,0.0019517174223437905,0.4327975809574127,0.9260972142219543,0,0
kodak,01.png,2030,9001,12.0,90.0,binary16,flowharq,1,8192,4096,2,16388,20.165546417236328,0.009625989943742752,0.5632040500640869,0.7930693626403809,1,0
kodak,02.png,2030,9001,12.0,90.0,binary16,flowharq,1,8192,4096,2,16388,22.019943237304688,0.006280664820224047,0.5374923944473267,0.7902965545654297,1,0
kodak,03.png,2030,9001,12.0,90.0,binary16,flowharq,0,4096,4096,1,12290,23.876861572265625,0.004095564596354961,0.4117427170276642,0.85903400182724,1,1
kodak,04.png,2030,9001,12.0,90.0,binary16,flowharq,0,4096,4096,1,12290,27.47158432006836,0.0017899521626532078,0.4391639530658722,0.9252316355705261,0,0
kodak,05.png,2030,9001,12.0,90.0,ideal,direct,0,4096,4096,1,12290,17.923358917236328,0.016131101176142693,0.5390052795410156,0.7622601985931396,1,1
kodak,06.png,2030,9001,12.0,90.0,ideal,direct,0,4096,4096,1,12290,21.117530822753906,0.007731202989816666,0.6453394889831543,0.7680806517601013,1,1
kodak,07.png,2030,9001,12.0,90.0,ideal,direct,0,4096,4096,1,12290,22.32443618774414,0.005855398718267679,0.44435328245162964,0.8549041748046875,1,1
kodak,08.png,2030,9001,12.0,90.0,ideal,direct,0,4096,4096,1,12290,19.1651554107666,0.012119490653276443,0.48228299617767334,0.8265454173088074,1,1
kodak,05.png,2030,9001,12.0,90.0,ideal,full_harq,1,8192,4096,2,16388,18.18637466430664,0.015183174051344395,0.5193572044372559,0.7832155227661133,1,0
kodak,06.png,2030,9001,12.0,90.0,ideal,full_harq,1,8192,4096,2,16388,21.142765045166016,0.007686408702284098,0.6407965421676636,0.7713285088539124,1,0
kodak,07.png,2030,9001,12.0,90.0,ideal,full_harq,1,8192,4096,2,16388,22.339040756225586,0.005835739430040121,0.4447298049926758,0.8553693294525146,1,0
kodak,08.png,2030,9001,12.0,90.0,ideal,full_harq,1,8192,4096,2,16388,19.709794998168945,0.010691054165363312,0.45414456725120544,0.8614768981933594,1,0
kodak,05.png,2030,9001,12.0,90.0,ideal,fm_only,0,4096,4096,1,12290,18.01966094970703,0.0157773420214653,0.5395005345344543,0.7625944018363953,1,1
kodak,06.png,2030,9001,12.0,90.0,ideal,fm_only,0,4096,4096,1,12290,21.158241271972656,0.0076590646058321,0.6452429294586182,0.7678887248039246,1,1
kodak,07.png,2030,9001,12.0,90.0,ideal,fm_only,0,4096,4096,1,12290,22.339168548583984,0.0058355689980089664,0.4446204900741577,0.8544138073921204,1,1
kodak,08.png,2030,9001,12.0,90.0,ideal,fm_only,0,4096,4096,1,12290,19.18098258972168,0.012075402773916721,0.48303091526031494,0.8258867263793945,1,1
kodak,05.png,2030,9001,12.0,90.0,ideal,adaptive_harq,1,8192,4096,2,16388,18.18637466430664,0.015183174051344395,0.5193572044372559,0.7832155227661133,1,0
kodak,06.png,2030,9001,12.0,90.0,ideal,adaptive_harq,1,8192,4096,2,16388,21.142765045166016,0.007686408702284098,0.6407965421676636,0.7713285088539124,1,0
kodak,07.png,2030,9001,12.0,90.0,ideal,adaptive_harq,1,8192,4096,2,16388,22.339040756225586,0.005835739430040121,0.4447298049926758,0.8553693294525146,1,0
kodak,08.png,2030,9001,12.0,90.0,ideal,adaptive_harq,1,8192,4096,2,16388,19.709794998168945,0.010691054165363312,0.45414456725120544,0.8614768981933594,1,0
kodak,05.png,2030,9001,12.0,90.0,ideal,flowharq,1,8192,4096,2,16388,18.18637466430664,0.015183174051344395,0.5193572044372559,0.7832155227661133,1,0
kodak,06.png,2030,9001,12.0,90.0,ideal,flowharq,1,8192,4096,2,16388,21.142765045166016,0.007686408702284098,0.6407965421676636,0.7713285088539124,1,0
kodak,07.png,2030,9001,12.0,90.0,ideal,flowharq,1,8192,4096,2,16388,22.339040756225586,0.005835739430040121,0.4447298049926758,0.8553693294525146,1,0
kodak,08.png,2030,9001,12.0,90.0,ideal,flowharq,1,8192,4096,2,16388,19.709794998168945,0.010691054165363312,0.45414456725120544,0.8614768981933594,1,0
kodak,05.png,2030,9001,12.0,90.0,binary16,direct,0,4096,4096,1,12290,17.923349380493164,0.016131142154335976,0.5390076637268066,0.7622587084770203,1,1
kodak,06.png,2030,9001,12.0,90.0,binary16,direct,0,4096,4096,1,12290,21.117530822753906,0.007731200661510229,0.6453413963317871,0.7680806517601013,1,1
kodak,07.png,2030,9001,12.0,90.0,binary16,direct,0,4096,4096,1,12290,22.324398040771484,0.005855448078364134,0.44435083866119385,0.8549030423164368,1,1
kodak,08.png,2030,9001,12.0,90.0,binary16,direct,0,4096,4096,1,12290,19.165142059326172,0.012119528837502003,0.4822862148284912,0.8265445828437805,1,1
kodak,05.png,2030,9001,12.0,90.0,binary16,full_harq,1,8192,4096,2,16388,18.186355590820312,0.015183239243924618,0.5193604230880737,0.7832145690917969,1,0
kodak,06.png,2030,9001,12.0,90.0,binary16,full_harq,1,8192,4096,2,16388,21.14276695251465,0.007686404976993799,0.6407958269119263,0.7713289856910706,1,0
kodak,07.png,2030,9001,12.0,90.0,binary16,full_harq,1,8192,4096,2,16388,22.339012145996094,0.00583577761426568,0.44472736120224,0.8553683161735535,1,0
kodak,08.png,2030,9001,12.0,90.0,binary16,full_harq,1,8192,4096,2,16388,19.709796905517578,0.010691049508750439,0.45414650440216064,0.8614768981933594,1,0
kodak,05.png,2030,9001,12.0,90.0,binary16,fm_only,0,4096,4096,1,12290,18.0196590423584,0.015777355059981346,0.5395030975341797,0.7625933289527893,1,1
kodak,06.png,2030,9001,12.0,90.0,binary16,fm_only,0,4096,4096,1,12290,21.158239364624023,0.007659070193767548,0.6452429890632629,0.767888605594635,1,1
kodak,07.png,2030,9001,12.0,90.0,binary16,fm_only,0,4096,4096,1,12290,22.33913803100586,0.0058356081135571,0.44461730122566223,0.8544130325317383,1,1
kodak,08.png,2030,9001,12.0,90.0,binary16,fm_only,0,4096,4096,1,12290,19.18096923828125,0.012075443752110004,0.48303282260894775,0.8258853554725647,1,1
kodak,05.png,2030,9001,12.0,90.0,binary16,adaptive_harq,1,8192,4096,2,16388,18.186355590820312,0.015183239243924618,0.5193604230880737,0.7832145690917969,1,0
kodak,06.png,2030,9001,12.0,90.0,binary16,adaptive_harq,1,8192,4096,2,16388,21.14276695251465,0.007686404976993799,0.6407958269119263,0.7713289856910706,1,0
kodak,07.png,2030,9001,12.0,90.0,binary16,adaptive_harq,1,8192,4096,2,16388,22.339012145996094,0.00583577761426568,0.44472736120224,0.8553683161735535,1,0
kodak,08.png,2030,9001,12.0,90.0,binary16,adaptive_harq,1,8192,4096,2,16388,19.709796905517578,0.010691049508750439,0.45414650440216064,0.8614768981933594,1,0
kodak,05.png,2030,9001,12.0,90.0,binary16,flowharq,1,8192,4096,2,16388,18.186355590820312,0.015183239243924618,0.5193604230880737,0.7832145690917969,1,0
kodak,06.png,2030,9001,12.0,90.0,binary16,flowharq,1,8192,4096,2,16388,21.14276695251465,0.007686404976993799,0.6407958269119263,0.7713289856910706,1,0
kodak,07.png,2030,9001,12.0,90.0,binary16,flowharq,1,8192,4096,2,16388,22.339012145996094,0.00583577761426568,0.44472736120224,0.8553683161735535,1,0
kodak,08.png,2030,9001,12.0,90.0,binary16,flowharq,1,8192,4096,2,16388,19.709796905517578,0.010691049508750439,0.45414650440216064,0.8614768981933594,1,0
kodak,09.png,2030,9001,12.0,90.0,ideal,direct,0,4096,4096,1,12290,23.63542938232422,0.004329690709710121,0.3709370195865631,0.8800323009490967,1,1
kodak,10.png,2030,9001,12.0,90.0,ideal,direct,0,4096,4096,1,12290,28.170225143432617,0.001523973303847015,0.5014420747756958,0.9043840765953064,0,0
kodak,11.png,2030,9001,12.0,90.0,ideal,direct,0,4096,4096,1,12290,19.553287506103516,0.011083354242146015,0.5589916706085205,0.782191276550293,1,1
kodak,12.png,2030,9001,12.0,90.0,ideal,direct,0,4096,4096,1,12290,21.778945922851562,0.0066390433348715305,0.592265784740448,0.7623410820960999,1,1
kodak,09.png,2030,9001,12.0,90.0,ideal,full_harq,1,8192,4096,2,16388,23.67666244506836,0.004288779105991125,0.36542898416519165,0.883474588394165,1,0
kodak,10.png,2030,9001,12.0,90.0,ideal,full_harq,1,8192,4096,2,16388,28.278881072998047,0.0014863187680020928,0.4969436228275299,0.9063563346862793,0,0
kodak,11.png,2030,9001,12.0,90.0,ideal,full_harq,1,8192,4096,2,16388,19.938751220703125,0.010142028331756592,0.5288735032081604,0.816901445388794,1,0
kodak,12.png,2030,9001,12.0,90.0,ideal,full_harq,1,8192,4096,2,16388,23.051448822021484,0.0049528516829013824,0.5293557643890381,0.8240092396736145,1,0
kodak,09.png,2030,9001,12.0,90.0,ideal,fm_only,0,4096,4096,1,12290,23.743694305419922,0.00422309385612607,0.3719846308231354,0.8806307911872864,1,1
kodak,10.png,2030,9001,12.0,90.0,ideal,fm_only,0,4096,4096,1,12290,28.161794662475586,0.001526935026049614,0.5018472671508789,0.9040916562080383,0,0
kodak,11.png,2030,9001,12.0,90.0,ideal,fm_only,0,4096,4096,1,12290,19.691959381103516,0.010735050775110722,0.5578547716140747,0.7806129455566406,1,1
kodak,12.png,2030,9001,12.0,90.0,ideal,fm_only,0,4096,4096,1,12290,21.89376449584961,0.006465821992605925,0.6150455474853516,0.7539016604423523,1,1
kodak,09.png,2030,9001,12.0,90.0,ideal,adaptive_harq,0,4096,4096,1,12290,23.63542938232422,0.004329690709710121,0.3709370195865631,0.8800323009490967,1,1
kodak,10.png,2030,9001,12.0,90.0,ideal,adaptive_harq,0,4096,4096,1,12290,28.170225143432617,0.001523973303847015,0.5014420747756958,0.9043840765953064,0,0
kodak,11.png,2030,9001,12.0,90.0,ideal,adaptive_harq,1,8192,4096,2,16388,19.938751220703125,0.010142028331756592,0.5288735032081604,0.816901445388794,1,0
kodak,12.png,2030,9001,12.0,90.0,ideal,adaptive_harq,1,8192,4096,2,16388,23.051448822021484,0.0049528516829013824,0.5293557643890381,0.8240092396736145,1,0
kodak,09.png,2030,9001,12.0,90.0,ideal,flowharq,0,4096,4096,1,12290,23.743694305419922,0.00422309385612607,0.3719846308231354,0.8806307911872864,1,1
kodak,10.png,2030,9001,12.0,90.0,ideal,flowharq,0,4096,4096,1,12290,28.161794662475586,0.001526935026049614,0.5018472671508789,0.9040916562080383,0,0
kodak,11.png,2030,9001,12.0,90.0,ideal,flowharq,1,8192,4096,2,16388,19.938751220703125,0.010142028331756592,0.5288735032081604,0.816901445388794,1,0
kodak,12.png,2030,9001,12.0,90.0,ideal,flowharq,1,8192,4096,2,16388,23.051448822021484,0.0049528516829013824,0.5293557643890381,0.8240092396736145,1,0
kodak,09.png,2030,9001,12.0,90.0,binary16,direct,0,4096,4096,1,12290,23.635433197021484,0.004329688381403685,0.37093842029571533,0.8800327181816101,1,1
kodak,10.png,2030,9001,12.0,90.0,binary16,direct,0,4096,4096,1,12290,28.170223236083984,0.0015239742351695895,0.5014463663101196,0.904383659362793,0,0
kodak,11.png,2030,9001,12.0,90.0,binary16,direct,0,4096,4096,1,12290,19.55325698852539,0.011083436198532581,0.5589897036552429,0.7821905016899109,1,1
kodak,12.png,2030,9001,12.0,90.0,binary16,direct,0,4096,4096,1,12290,21.778873443603516,0.006639152765274048,0.5922635197639465,0.7623357772827148,1,1
kodak,09.png,2030,9001,12.0,90.0,binary16,full_harq,1,8192,4096,2,16388,23.676660537719727,0.004288783296942711,0.3654298186302185,0.8834750056266785,1,0
kodak,10.png,2030,9001,12.0,90.0,binary16,full_harq,1,8192,4096,2,16388,28.278884887695312,0.0014863171381875873,0.49694767594337463,0.9063563942909241,0,0
kodak,11.png,2030,9001,12.0,90.0,binary16,full_harq,1,8192,4096,2,16388,19.93869972229004,0.010142147541046143,0.5288723707199097,0.8169004321098328,1,0
kodak,12.png,2030,9001,12.0,90.0,binary16,full_harq,1,8192,4096,2,16388,23.051435470581055,0.004952865187078714,0.5293475985527039,0.8240084648132324,1,0
kodak,09.png,2030,9001,12.0,90.0,binary16,fm_only,0,4096,4096,1,12290,23.743688583374023,0.0042230975814163685,0.37198615074157715,0.8806314468383789,1,1
kodak,10.png,2030,9001,12.0,90.0,binary16,fm_only,0,4096,4096,1,12290,28.16180419921875,0.0015269313007593155,0.5018517374992371,0.9040927290916443,0,0
kodak,11.png,2030,9001,12.0,90.0,binary16,fm_only,0,4096,4096,1,12290,19.69192123413086,0.010735142044723034,0.5578531622886658,0.7806118130683899,1,1
kodak,12.png,2030,9001,12.0,90.0,binary16,fm_only,0,4096,4096,1,12290,21.893646240234375,0.0064659942872822285,0.6150438189506531,0.7538964748382568,1,1
kodak,09.png,2030,9001,12.0,90.0,binary16,adaptive_harq,0,4096,4096,1,12290,23.635433197021484,0.004329688381403685,0.37093842029571533,0.8800327181816101,1,1
kodak,10.png,2030,9001,12.0,90.0,binary16,adaptive_harq,0,4096,4096,1,12290,28.170223236083984,0.0015239742351695895,0.5014463663101196,0.904383659362793,0,0
kodak,11.png,2030,9001,12.0,90.0,binary16,adaptive_harq,1,8192,4096,2,16388,19.93869972229004,0.010142147541046143,0.5288723707199097,0.8169004321098328,1,0
kodak,12.png,2030,9001,12.0,90.0,binary16,adaptive_harq,1,8192,4096,2,16388,23.051435470581055,0.004952865187078714,0.5293475985527039,0.8240084648132324,1,0
kodak,09.png,2030,9001,12.0,90.0,binary16,flowharq,0,4096,4096,1,12290,23.743688583374023,0.0042230975814163685,0.37198615074157715,0.8806314468383789,1,1
kodak,10.png,2030,9001,12.0,90.0,binary16,flowharq,0,4096,4096,1,12290,28.16180419921875,0.0015269313007593155,0.5018517374992371,0.9040927290916443,0,0
kodak,11.png,2030,9001,12.0,90.0,binary16,flowharq,1,8192,4096,2,16388,19.93869972229004,0.010142147541046143,0.5288723707199097,0.8169004321098328,1,0
kodak,12.png,2030,9001,12.0,90.0,binary16,flowharq,1,8192,4096,2,16388,23.051435470581055,0.004952865187078714,0.5293475985527039,0.8240084648132324,1,0
kodak,13.png,2030,9001,12.0,90.0,ideal,direct,0,4096,4096,1,12290,20.024871826171875,0.009942895732820034,0.7271982431411743,0.7725456357002258,1,1
kodak,14.png,2030,9001,12.0,90.0,ideal,direct,0,4096,4096,1,12290,19.622102737426758,0.010909120552241802,0.5027384161949158,0.8040821552276611,1,1
kodak,15.png,2030,9001,12.0,90.0,ideal,direct,0,4096,4096,1,12290,22.97881317138672,0.005036382935941219,0.48443901538848877,0.8638700842857361,1,1
kodak,16.png,2030,9001,12.0,90.0,ideal,direct,0,4096,4096,1,12290,24.57127571105957,0.003490377916023135,0.5693293213844299,0.8540974259376526,0,0
kodak,13.png,2030,9001,12.0,90.0,ideal,full_harq,1,8192,4096,2,16388,20.058074951171875,0.0098671680316329,0.7279126048088074,0.7756597399711609,1,0
kodak,14.png,2030,9001,12.0,90.0,ideal,full_harq,1,8192,4096,2,16388,19.689123153686523,0.010742060840129852,0.5028424263000488,0.8081677556037903,1,0
kodak,15.png,2030,9001,12.0,90.0,ideal,full_harq,1,8192,4096,2,16388,23.203203201293945,0.004782772157341242,0.47598376870155334,0.8731237053871155,1,0
kodak,16.png,2030,9001,12.0,90.0,ideal,full_harq,1,8192,4096,2,16388,24.786903381347656,0.003321312367916107,0.5571364164352417,0.864929735660553,0,0
kodak,13.png,2030,9001,12.0,90.0,ideal,fm_only,0,4096,4096,1,12290,20.066131591796875,0.009848879650235176,0.7303281426429749,0.7719550132751465,1,1
kodak,14.png,2030,9001,12.0,90.0,ideal,fm_only,0,4096,4096,1,12290,19.705535888671875,0.010701543651521206,0.5036742687225342,0.8043549656867981,1,1
kodak,15.png,2030,9001,12.0,90.0,ideal,fm_only,0,4096,4096,1,12290,23.10654640197754,0.004890409763902426,0.4848176836967468,0.8637176156044006,1,1
kodak,16.png,2030,9001,12.0,90.0,ideal,fm_only,0,4096,4096,1,12290,24.701431274414062,0.0033873256761580706,0.5722529888153076,0.854997456073761,0,0
kodak,13.png,2030,9001,12.0,90.0,ideal,adaptive_harq,1,8192,4096,2,16388,20.058074951171875,0.0098671680316329,0.7279126048088074,0.7756597399711609,1,0
kodak,14.png,2030,9001,12.0,90.0,ideal,adaptive_harq,1,8192,4096,2,16388,19.689123153686523,0.010742060840129852,0.5028424263000488,0.8081677556037903,1,0
kodak,15.png,2030,9001,12.0,90.0,ideal,adaptive_harq,0,4096,4096,1,12290,22.97881317138672,0.005036382935941219,0.48443901538848877,0.8638700842857361,1,1
kodak,16.png,2030,9001,12.0,90.0,ideal,adaptive_harq,0,4096,4096,1,12290,24.57127571105957,0.003490377916023135,0.5693293213844299,0.8540974259376526,0,0
kodak,13.png,2030,9001,12.0,90.0,ideal,flowharq,1,8192,4096,2,16388,20.058074951171875,0.0098671680316329,0.7279126048088074,0.7756597399711609,1,0
kodak,14.png,2030,9001,12.0,90.0,ideal,flowharq,1,8192,4096,2,16388,19.689123153686523,0.010742060840129852,0.5028424263000488,0.8081677556037903,1,0
kodak,15.png,2030,9001,12.0,90.0,ideal,flowharq,0,4096,4096,1,12290,23.10654640197754,0.004890409763902426,0.4848176836967468,0.8637176156044006,1,1
kodak,16.png,2030,9001,12.0,90.0,ideal,flowharq,0,4096,4096,1,12290,24.701431274414062,0.0033873256761580706,0.5722529888153076,0.854997456073761,0,0
kodak,13.png,2030,9001,12.0,90.0,binary16,direct,0,4096,4096,1,12290,20.024871826171875,0.009942892007529736,0.7271996736526489,0.7725452780723572,1,1
kodak,14.png,2030,9001,12.0,90.0,binary16,direct,0,4096,4096,1,12290,19.62212371826172,0.0109090656042099,0.502737283706665,0.8040825724601746,1,1
kodak,15.png,2030,9001,12.0,90.0,binary16,direct,0,4096,4096,1,12290,22.9788818359375,0.005036300513893366,0.4844385087490082,0.8638706207275391,1,1
kodak,16.png,2030,9001,12.0,90.0,binary16,direct,0,4096,4096,1,12290,24.571226119995117,0.003490417031571269,0.5693255662918091,0.8540956377983093,0,0
kodak,13.png,2030,9001,12.0,90.0,binary16,full_harq,1,8192,4096,2,16388,20.058074951171875,0.009867167100310326,0.7279142737388611,0.7756593227386475,1,0
kodak,14.png,2030,9001,12.0,90.0,binary16,full_harq,1,8192,4096,2,16388,19.689146041870117,0.010742004960775375,0.5028406977653503,0.8081682324409485,1,0
kodak,15.png,2030,9001,12.0,90.0,binary16,full_harq,1,8192,4096,2,16388,23.20330810546875,0.004782657139003277,0.47598037123680115,0.8731246590614319,1,0
kodak,16.png,2030,9001,12.0,90.0,binary16,full_harq,1,8192,4096,2,16388,24.786834716796875,0.0033213638234883547,0.5571376085281372,0.8649269938468933,0,0
kodak,13.png,2030,9001,12.0,90.0,binary16,fm_only,0,4096,4096,1,12290,20.066131591796875,0.009848878718912601,0.7303282618522644,0.771954357624054,1,1
kodak,14.png,2030,9001,12.0,90.0,binary16,fm_only,0,4096,4096,1,12290,19.70555877685547,0.010701487772166729,0.5036725997924805,0.8043554425239563,1,1
kodak,15.png,2030,9001,12.0,90.0,binary16,fm_only,0,4096,4096,1,12290,23.106609344482422,0.004890341777354479,0.48481786251068115,0.8637183308601379,1,1
kodak,16.png,2030,9001,12.0,90.0,binary16,fm_only,0,4096,4096,1,12290,24.70139503479004,0.0033873524516820908,0.5722499489784241,0.8549959659576416,0,0
kodak,13.png,2030,9001,12.0,90.0,binary16,adaptive_harq,1,8192,4096,2,16388,20.058074951171875,0.009867167100310326,0.7279142737388611,0.7756593227386475,1,0
kodak,14.png,2030,9001,12.0,90.0,binary16,adaptive_harq,1,8192,4096,2,16388,19.689146041870117,0.010742004960775375,0.5028406977653503,0.8081682324409485,1,0
kodak,15.png,2030,9001,12.0,90.0,binary16,adaptive_harq,0,4096,4096,1,12290,22.9788818359375,0.005036300513893366,0.4844385087490082,0.8638706207275391,1,1
kodak,16.png,2030,9001,12.0,90.0,binary16,adaptive_harq,0,4096,4096,1,12290,24.571226119995117,0.003490417031571269,0.5693255662918091,0.8540956377983093,0,0
kodak,13.png,2030,9001,12.0,90.0,binary16,flowharq,1,8192,4096,2,16388,20.058074951171875,0.009867167100310326,0.7279142737388611,0.7756593227386475,1,0
kodak,14.png,2030,9001,12.0,90.0,binary16,flowharq,1,8192,4096,2,16388,19.689146041870117,0.010742004960775375,0.5028406977653503,0.8081682324409485,1,0
kodak,15.png,2030,9001,12.0,90.0,binary16,flowharq,0,4096,4096,1,12290,23.106609344482422,0.004890341777354479,0.48481786251068115,0.8637183308601379,1,1
kodak,16.png,2030,9001,12.0,90.0,binary16,flowharq,0,4096,4096,1,12290,24.70139503479004,0.0033873524516820908,0.5722499489784241,0.8549959659576416,0,0
kodak,17.png,2030,9001,12.0,90.0,ideal,direct,0,4096,4096,1,12290,25.476409912109375,0.0028337331023067236,0.5085425972938538,0.886229932308197,0,0
kodak,18.png,2030,9001,12.0,90.0,ideal,direct,0,4096,4096,1,12290,20.06812858581543,0.009844350628554821,0.5452612042427063,0.8118419051170349,1,1
kodak,19.png,2030,9001,12.0,90.0,ideal,direct,0,4096,4096,1,12290,20.786579132080078,0.008343380875885487,0.5740671753883362,0.8074855804443359,1,1
kodak,20.png,2030,9001,12.0,90.0,ideal,direct,0,4096,4096,1,12290,15.789754867553711,0.026364801451563835,0.7022726535797119,0.5318781137466431,1,1
kodak,17.png,2030,9001,12.0,90.0,ideal,full_harq,1,8192,4096,2,16388,25.669464111328125,0.002710525644943118,0.4974169433116913,0.8978064656257629,0,0
kodak,18.png,2030,9001,12.0,90.0,ideal,full_harq,1,8192,4096,2,16388,20.237398147583008,0.00946804415434599,0.5348831415176392,0.8280697464942932,1,0
kodak,19.png,2030,9001,12.0,90.0,ideal,full_harq,1,8192,4096,2,16388,20.913074493408203,0.008103872649371624,0.5334839820861816,0.8314865231513977,1,0
kodak,20.png,2030,9001,12.0,90.0,ideal,full_harq,1,8192,4096,2,16388,23.495466232299805,0.004471499938517809,0.30307918787002563,0.9264078140258789,1,0
kodak,17.png,2030,9001,12.0,90.0,ideal,fm_only,0,4096,4096,1,12290,25.591129302978516,0.0027598601300269365,0.505511462688446,0.8860036730766296,0,0
kodak,18.png,2030,9001,12.0,90.0,ideal,fm_only,0,4096,4096,1,12290,20.147003173828125,0.009667173959314823,0.5482749342918396,0.8106245994567871,1,1
kodak,19.png,2030,9001,12.0,90.0,ideal,fm_only,0,4096,4096,1,12290,20.788881301879883,0.008338958956301212,0.575446605682373,0.8071539998054504,1,1
kodak,20.png,2030,9001,12.0,90.0,ideal,fm_only,0,4096,4096,1,12290,15.683039665222168,0.027020664885640144,0.705102801322937,0.520275890827179,1,1
kodak,17.png,2030,9001,12.0,90.0,ideal,adaptive_harq,0,4096,4096,1,12290,25.476409912109375,0.0028337331023067236,0.5085425972938538,0.886229932308197,0,0
kodak,18.png,2030,9001,12.0,90.0,ideal,adaptive_harq,1,8192,4096,2,16388,20.237398147583008,0.00946804415434599,0.5348831415176392,0.8280697464942932,1,0
kodak,19.png,2030,9001,12.0,90.0,ideal,adaptive_harq,1,8192,4096,2,16388,20.913074493408203,0.008103872649371624,0.5334839820861816,0.8314865231513977,1,0
kodak,20.png,2030,9001,12.0,90.0,ideal,adaptive_harq,1,8192,4096,2,16388,23.495466232299805,0.004471499938517809,0.30307918787002563,0.9264078140258789,1,0
kodak,17.png,2030,9001,12.0,90.0,ideal,flowharq,0,4096,4096,1,12290,25.591129302978516,0.0027598601300269365,0.505511462688446,0.8860036730766296,0,0
kodak,18.png,2030,9001,12.0,90.0,ideal,flowharq,1,8192,4096,2,16388,20.237398147583008,0.00946804415434599,0.5348831415176392,0.8280697464942932,1,0
kodak,19.png,2030,9001,12.0,90.0,ideal,flowharq,1,8192,4096,2,16388,20.913074493408203,0.008103872649371624,0.5334839820861816,0.8314865231513977,1,0
kodak,20.png,2030,9001,12.0,90.0,ideal,flowharq,1,8192,4096,2,16388,23.495466232299805,0.004471499938517809,0.30307918787002563,0.9264078140258789,1,0
kodak,17.png,2030,9001,12.0,90.0,binary16,direct,0,4096,4096,1,12290,25.476375579833984,0.0028337568510323763,0.5085450410842896,0.8862306475639343,0,0
kodak,18.png,2030,9001,12.0,90.0,binary16,direct,0,4096,4096,1,12290,20.06808853149414,0.009844444692134857,0.5452618598937988,0.8118405342102051,1,1
kodak,19.png,2030,9001,12.0,90.0,binary16,direct,0,4096,4096,1,12290,20.786575317382812,0.00834338553249836,0.5740642547607422,0.8074862957000732,1,1
kodak,20.png,2030,9001,12.0,90.0,binary16,direct,0,4096,4096,1,12290,15.789685249328613,0.02636522613465786,0.7022742033004761,0.531871497631073,1,1
kodak,17.png,2030,9001,12.0,90.0,binary16,full_harq,1,8192,4096,2,16388,25.66941261291504,0.0027105575427412987,0.4974197745323181,0.8978069424629211,0,0
kodak,18.png,2030,9001,12.0,90.0,binary16,full_harq,1,8192,4096,2,16388,20.23735809326172,0.009468131698668003,0.5348864793777466,0.8280682563781738,1,0
kodak,19.png,2030,9001,12.0,90.0,binary16,full_harq,1,8192,4096,2,16388,20.913068771362305,0.00810388196259737,0.5334805250167847,0.8314874768257141,1,0
kodak,20.png,2030,9001,12.0,90.0,binary16,full_harq,1,8192,4096,2,16388,23.495500564575195,0.004471465479582548,0.30308252573013306,0.9264060854911804,1,0
kodak,17.png,2030,9001,12.0,90.0,binary16,fm_only,0,4096,4096,1,12290,25.591108322143555,0.002759873867034912,0.5055131912231445,0.8860044479370117,0,0
kodak,18.png,2030,9001,12.0,90.0,binary16,fm_only,0,4096,4096,1,12290,20.14697265625,0.009667246602475643,0.5482766628265381,0.810623824596405,1,1
kodak,19.png,2030,9001,12.0,90.0,binary16,fm_only,0,4096,4096,1,12290,20.78887176513672,0.008338977582752705,0.5754417181015015,0.8071547150611877,1,1
kodak,20.png,2030,9001,12.0,90.0,binary16,fm_only,0,4096,4096,1,12290,15.68295669555664,0.027021177113056183,0.7051072716712952,0.5202680826187134,1,1
kodak,17.png,2030,9001,12.0,90.0,binary16,adaptive_harq,0,4096,4096,1,12290,25.476375579833984,0.0028337568510323763,0.5085450410842896,0.8862306475639343,0,0
kodak,18.png,2030,9001,12.0,90.0,binary16,adaptive_harq,1,8192,4096,2,16388,20.23735809326172,0.009468131698668003,0.5348864793777466,0.8280682563781738,1,0
kodak,19.png,2030,9001,12.0,90.0,binary16,adaptive_harq,1,8192,4096,2,16388,20.913068771362305,0.00810388196259737,0.5334805250167847,0.8314874768257141,1,0
kodak,20.png,2030,9001,12.0,90.0,binary16,adaptive_harq,1,8192,4096,2,16388,23.495500564575195,0.004471465479582548,0.30308252573013306,0.9264060854911804,1,0
kodak,17.png,2030,9001,12.0,90.0,binary16,flowharq,0,4096,4096,1,12290,25.591108322143555,0.002759873867034912,0.5055131912231445,0.8860044479370117,0,0
kodak,18.png,2030,9001,12.0,90.0,binary16,flowharq,1,8192,4096,2,16388,20.23735809326172,0.009468131698668003,0.5348864793777466,0.8280682563781738,1,0
kodak,19.png,2030,9001,12.0,90.0,binary16,flowharq,1,8192,4096,2,16388,20.913068771362305,0.00810388196259737,0.5334805250167847,0.8314874768257141,1,0
kodak,20.png,2030,9001,12.0,90.0,binary16,flowharq,1,8192,4096,2,16388,23.495500564575195,0.004471465479582548,0.30308252573013306,0.9264060854911804,1,0
kodak,21.png,2030,9001,12.0,90.0,ideal,direct,0,4096,4096,1,12290,21.707258224487305,0.006749541033059359,0.47647300362586975,0.8707693219184875,1,1
kodak,22.png,2030,9001,12.0,90.0,ideal,direct,0,4096,4096,1,12290,20.740928649902344,0.008431545458734035,0.5941672325134277,0.7503311634063721,1,1
kodak,23.png,2030,9001,12.0,90.0,ideal,direct,0,4096,4096,1,12290,23.53367805480957,0.004432330373674631,0.300222247838974,0.8980408310890198,1,1
kodak,24.png,2030,9001,12.0,90.0,ideal,direct,0,4096,4096,1,12290,23.31180191040039,0.004664658103138208,0.5723731517791748,0.862140417098999,1,1
kodak,21.png,2030,9001,12.0,90.0,ideal,full_harq,1,8192,4096,2,16388,21.706260681152344,0.0067510902881622314,0.4761924147605896,0.8707428574562073,1,0
kodak,22.png,2030,9001,12.0,90.0,ideal,full_harq,1,8192,4096,2,16388,21.40945053100586,0.00722861522808671,0.5521763563156128,0.8094174861907959,1,0
kodak,23.png,2030,9001,12.0,90.0,ideal,full_harq,1,8192,4096,2,16388,24.208581924438477,0.0037943890783935785,0.2678954005241394,0.9219090342521667,0,0
kodak,24.png,2030,9001,12.0,90.0,ideal,full_harq,1,8192,4096,2,16388,23.812000274658203,0.004157190676778555,0.5542910099029541,0.8855492472648621,1,0
kodak,21.png,2030,9001,12.0,90.0,ideal,fm_only,0,4096,4096,1,12290,21.716167449951172,0.006735706236213446,0.4762863218784332,0.8701408505439758,1,1
kodak,22.png,2030,9001,12.0,90.0,ideal,fm_only,0,4096,4096,1,12290,20.88646697998047,0.008153675124049187,0.5948110818862915,0.7499772906303406,1,1
kodak,23.png,2030,9001,12.0,90.0,ideal,fm_only,0,4096,4096,1,12290,23.830162048339844,0.004139843862503767,0.30336588621139526,0.8980467319488525,1,1
kodak,24.png,2030,9001,12.0,90.0,ideal,fm_only,0,4096,4096,1,12290,23.473800659179688,0.004493861924856901,0.5759997367858887,0.8609745502471924,1,1
kodak,21.png,2030,9001,12.0,90.0,ideal,adaptive_harq,1,8192,4096,2,16388,21.706260681152344,0.0067510902881622314,0.4761924147605896,0.8707428574562073,1,0
kodak,22.png,2030,9001,12.0,90.0,ideal,adaptive_harq,1,8192,4096,2,16388,21.40945053100586,0.00722861522808671,0.5521763563156128,0.8094174861907959,1,0
kodak,23.png,2030,9001,12.0,90.0,ideal,adaptive_harq,0,4096,4096,1,12290,23.53367805480957,0.004432330373674631,0.300222247838974,0.8980408310890198,1,1
kodak,24.png,2030,9001,12.0,90.0,ideal,adaptive_harq,1,8192,4096,2,16388,23.812000274658203,0.004157190676778555,0.5542910099029541,0.8855492472648621,1,0
kodak,21.png,2030,9001,12.0,90.0,ideal,flowharq,1,8192,4096,2,16388,21.706260681152344,0.0067510902881622314,0.4761924147605896,0.8707428574562073,1,0
kodak,22.png,2030,9001,12.0,90.0,ideal,flowharq,1,8192,4096,2,16388,21.40945053100586,0.00722861522808671,0.5521763563156128,0.8094174861907959,1,0
kodak,23.png,2030,9001,12.0,90.0,ideal,flowharq,0,4096,4096,1,12290,23.830162048339844,0.004139843862503767,0.30336588621139526,0.8980467319488525,1,1
kodak,24.png,2030,9001,12.0,90.0,ideal,flowharq,1,8192,4096,2,16388,23.812000274658203,0.004157190676778555,0.5542910099029541,0.8855492472648621,1,0
kodak,21.png,2030,9001,12.0,90.0,binary16,direct,0,4096,4096,1,12290,21.707258224487305,0.006749540101736784,0.4764699935913086,0.8707704544067383,1,1
kodak,22.png,2030,9001,12.0,90.0,binary16,direct,0,4096,4096,1,12290,20.74091148376465,0.008431578986346722,0.5941661596298218,0.7503295540809631,1,1
kodak,23.png,2030,9001,12.0,90.0,binary16,direct,0,4096,4096,1,12290,23.533672332763672,0.0044323354959487915,0.30021703243255615,0.8980399966239929,1,1
kodak,24.png,2030,9001,12.0,90.0,binary16,direct,0,4096,4096,1,12290,23.311752319335938,0.004664710257202387,0.5723731517791748,0.8621395230293274,1,1
kodak,21.png,2030,9001,12.0,90.0,binary16,full_harq,1,8192,4096,2,16388,21.706260681152344,0.006751087959855795,0.47618988156318665,0.8707441687583923,1,0
kodak,22.png,2030,9001,12.0,90.0,binary16,full_harq,1,8192,4096,2,16388,21.409481048583984,0.007228561211377382,0.5521782636642456,0.8094180226325989,1,0
kodak,23.png,2030,9001,12.0,90.0,binary16,full_harq,1,8192,4096,2,16388,24.2086124420166,0.0037943627685308456,0.2678937017917633,0.9219092726707458,0,0
kodak,24.png,2030,9001,12.0,90.0,binary16,full_harq,1,8192,4096,2,16388,23.811996459960938,0.004157194867730141,0.5542889833450317,0.8855485320091248,1,0
kodak,21.png,2030,9001,12.0,90.0,binary16,fm_only,0,4096,4096,1,12290,21.716171264648438,0.006735705304890871,0.4762836694717407,0.8701420426368713,1,1
kodak,22.png,2030,9001,12.0,90.0,binary16,fm_only,0,4096,4096,1,12290,20.886463165283203,0.008153680711984634,0.5948094725608826,0.749975860118866,1,1
kodak,23.png,2030,9001,12.0,90.0,binary16,fm_only,0,4096,4096,1,12290,23.830148696899414,0.004139855038374662,0.30336296558380127,0.8980460166931152,1,1
kodak,24.png,2030,9001,12.0,90.0,binary16,fm_only,0,4096,4096,1,12290,23.473737716674805,0.004493929911404848,0.5760015249252319,0.8609738349914551,1,1
kodak,21.png,2030,9001,12.0,90.0,binary16,adaptive_harq,1,8192,4096,2,16388,21.706260681152344,0.006751087959855795,0.47618988156318665,0.8707441687583923,1,0
kodak,22.png,2030,9001,12.0,90.0,binary16,adaptive_harq,1,8192,4096,2,16388,21.409481048583984,0.007228561211377382,0.5521782636642456,0.8094180226325989,1,0
kodak,23.png,2030,9001,12.0,90.0,binary16,adaptive_harq,0,4096,4096,1,12290,23.533672332763672,0.0044323354959487915,0.30021703243255615,0.8980399966239929,1,1
kodak,24.png,2030,9001,12.0,90.0,binary16,adaptive_harq,1,8192,4096,2,16388,23.811996459960938,0.004157194867730141,0.5542889833450317,0.8855485320091248,1,0
kodak,21.png,2030,9001,12.0,90.0,binary16,flowharq,1,8192,4096,2,16388,21.706260681152344,0.006751087959855795,0.47618988156318665,0.8707441687583923,1,0
kodak,22.png,2030,9001,12.0,90.0,binary16,flowharq,1,8192,4096,2,16388,21.409481048583984,0.007228561211377382,0.5521782636642456,0.8094180226325989,1,0
kodak,23.png,2030,9001,12.0,90.0,binary16,flowharq,0,4096,4096,1,12290,23.830148696899414,0.004139855038374662,0.30336296558380127,0.8980460166931152,1,1
kodak,24.png,2030,9001,12.0,90.0,binary16,flowharq,1,8192,4096,2,16388,23.811996459960938,0.004157194867730141,0.5542889833450317,0.8855485320091248,1,0
kodak,01.png,2030,9001,12.0,120.0,ideal,direct,0,4096,4096,1,12290,19.26211929321289,0.011851903051137924,0.6471716165542603,0.6768966317176819,1,1
kodak,02.png,2030,9001,12.0,120.0,ideal,direct,0,4096,4096,1,12290,22.284618377685547,0.005909331142902374,0.49358701705932617,0.8388102650642395,1,1
kodak,03.png,2030,9001,12.0,120.0,ideal,direct,0,4096,4096,1,12290,20.42147445678711,0.009075124748051167,0.5573266744613647,0.7008655667304993,1,1
kodak,04.png,2030,9001,12.0,120.0,ideal,direct,0,4096,4096,1,12290,27.302837371826172,0.00186087132897228,0.4460325539112091,0.9295787811279297,0,0
kodak,01.png,2030,9001,12.0,120.0,ideal,full_harq,1,8192,4096,2,16388,19.979215621948242,0.010047972202301025,0.5828767418861389,0.7694265842437744,1,0
kodak,02.png,2030,9001,12.0,120.0,ideal,full_harq,1,8192,4096,2,16388,22.303512573242188,0.005883677396923304,0.48009175062179565,0.8449382781982422,1,0
kodak,03.png,2030,9001,12.0,120.0,ideal,full_harq,1,8192,4096,2,16388,20.812545776367188,0.00829364825040102,0.5133568048477173,0.7434840202331543,1,0
kodak,04.png,2030,9001,12.0,120.0,ideal,full_harq,1,8192,4096,2,16388,27.30197525024414,0.0018612407147884369,0.4255371391773224,0.9381216168403625,0,0
kodak,01.png,2030,9001,12.0,120.0,ideal,fm_only,0,4096,4096,1,12290,19.430015563964844,0.011402458883821964,0.6590886116027832,0.6733683943748474,1,1
kodak,02.png,2030,9001,12.0,120.0,ideal,fm_only,0,4096,4096,1,12290,22.533977508544922,0.005579590797424316,0.4946836829185486,0.8382670283317566,1,1
kodak,03.png,2030,9001,12.0,120.0,ideal,fm_only,0,4096,4096,1,12290,20.72894859313965,0.008454837836325169,0.5712426900863647,0.6846463680267334,1,1
kodak,04.png,2030,9001,12.0,120.0,ideal,fm_only,0,4096,4096,1,12290,27.722347259521484,0.001689528115093708,0.4534790515899658,0.928538978099823,0,0
kodak,01.png,2030,9001,12.0,120.0,ideal,adaptive_harq,1,8192,4096,2,16388,19.979215621948242,0.010047972202301025,0.5828767418861389,0.7694265842437744,1,0
kodak,02.png,2030,9001,12.0,120.0,ideal,adaptive_harq,1,8192,4096,2,16388,22.303512573242188,0.005883677396923304,0.48009175062179565,0.8449382781982422,1,0
kodak,03.png,2030,9001,12.0,120.0,ideal,adaptive_harq,1,8192,4096,2,16388,20.812545776367188,0.00829364825040102,0.5133568048477173,0.7434840202331543,1,0
kodak,04.png,2030,9001,12.0,120.0,ideal,adaptive_harq,0,4096,4096,1,12290,27.302837371826172,0.00186087132897228,0.4460325539112091,0.9295787811279297,0,0
kodak,01.png,2030,9001,12.0,120.0,ideal,flowharq,1,8192,4096,2,16388,19.979215621948242,0.010047972202301025,0.5828767418861389,0.7694265842437744,1,0
kodak,02.png,2030,9001,12.0,120.0,ideal,flowharq,1,8192,4096,2,16388,22.303512573242188,0.005883677396923304,0.48009175062179565,0.8449382781982422,1,0
kodak,03.png,2030,9001,12.0,120.0,ideal,flowharq,1,8192,4096,2,16388,20.812545776367188,0.00829364825040102,0.5133568048477173,0.7434840202331543,1,0
kodak,04.png,2030,9001,12.0,120.0,ideal,flowharq,0,4096,4096,1,12290,27.722347259521484,0.001689528115093708,0.4534790515899658,0.928538978099823,0,0
kodak,01.png,2030,9001,12.0,120.0,binary16,direct,0,4096,4096,1,12290,19.262121200561523,0.011851896531879902,0.6471709609031677,0.676895797252655,1,1
kodak,02.png,2030,9001,12.0,120.0,binary16,direct,0,4096,4096,1,12290,22.28458595275879,0.005909373983740807,0.4935864806175232,0.8388091921806335,1,1
kodak,03.png,2030,9001,12.0,120.0,binary16,direct,0,4096,4096,1,12290,20.421419143676758,0.00907523836940527,0.5573297739028931,0.7008667588233948,1,1
kodak,04.png,2030,9001,12.0,120.0,binary16,direct,0,4096,4096,1,12290,27.30268669128418,0.0018609355902299285,0.4460294246673584,0.9295777678489685,0,0
kodak,01.png,2030,9001,12.0,120.0,binary16,full_harq,1,8192,4096,2,16388,19.979263305664062,0.010047861374914646,0.5828754901885986,0.7694275379180908,1,0
kodak,02.png,2030,9001,12.0,120.0,binary16,full_harq,1,8192,4096,2,16388,22.30347442626953,0.0058837286196649075,0.480090856552124,0.8449371457099915,1,0
kodak,03.png,2030,9001,12.0,120.0,binary16,full_harq,1,8192,4096,2,16388,20.812469482421875,0.00829379167407751,0.5133606195449829,0.7434837222099304,1,0
kodak,04.png,2030,9001,12.0,120.0,binary16,full_harq,1,8192,4096,2,16388,27.301803588867188,0.0018613142892718315,0.4255346953868866,0.9381201863288879,0,0
kodak,01.png,2030,9001,12.0,120.0,binary16,fm_only,0,4096,4096,1,12290,19.430002212524414,0.011402491480112076,0.6590865850448608,0.673367977142334,1,1
kodak,02.png,2030,9001,12.0,120.0,binary16,fm_only,0,4096,4096,1,12290,22.533933639526367,0.005579645279794931,0.4946845471858978,0.8382663130760193,1,1
kodak,03.png,2030,9001,12.0,120.0,binary16,fm_only,0,4096,4096,1,12290,20.728900909423828,0.008454929105937481,0.5712442994117737,0.684648334980011,1,1
kodak,04.png,2030,9001,12.0,120.0,binary16,fm_only,0,4096,4096,1,12290,27.72220230102539,0.001689584576524794,0.4534764885902405,0.9285383224487305,0,0
kodak,01.png,2030,9001,12.0,120.0,binary16,adaptive_harq,1,8192,4096,2,16388,19.979263305664062,0.010047861374914646,0.5828754901885986,0.7694275379180908,1,0
kodak,02.png,2030,9001,12.0,120.0,binary16,adaptive_harq,1,8192,4096,2,16388,22.30347442626953,0.0058837286196649075,0.480090856552124,0.8449371457099915,1,0
kodak,03.png,2030,9001,12.0,120.0,binary16,adaptive_harq,1,8192,4096,2,16388,20.812469482421875,0.00829379167407751,0.5133606195449829,0.7434837222099304,1,0
kodak,04.png,2030,9001,12.0,120.0,binary16,adaptive_harq,0,4096,4096,1,12290,27.30268669128418,0.0018609355902299285,0.4460294246673584,0.9295777678489685,0,0
kodak,01.png,2030,9001,12.0,120.0,binary16,flowharq,1,8192,4096,2,16388,19.979263305664062,0.010047861374914646,0.5828754901885986,0.7694275379180908,1,0
kodak,02.png,2030,9001,12.0,120.0,binary16,flowharq,1,8192,4096,2,16388,22.30347442626953,0.0058837286196649075,0.480090856552124,0.8449371457099915,1,0
kodak,03.png,2030,9001,12.0,120.0,binary16,flowharq,1,8192,4096,2,16388,20.812469482421875,0.00829379167407751,0.5133606195449829,0.7434837222099304,1,0
kodak,04.png,2030,9001,12.0,120.0,binary16,flowharq,0,4096,4096,1,12290,27.72220230102539,0.001689584576524794,0.4534764885902405,0.9285383224487305,0,0
kodak,05.png,2030,9001,12.0,120.0,ideal,direct,0,4096,4096,1,12290,18.368698120117188,0.014558958820998669,0.49685192108154297,0.8009904026985168,1,1
kodak,06.png,2030,9001,12.0,120.0,ideal,direct,0,4096,4096,1,12290,20.900253295898438,0.008127829991281033,0.6779477596282959,0.7300708889961243,1,1
kodak,07.png,2030,9001,12.0,120.0,ideal,direct,0,4096,4096,1,12290,22.171138763427734,0.006065772380679846,0.45741188526153564,0.8427436947822571,1,1
kodak,08.png,2030,9001,12.0,120.0,ideal,direct,0,4096,4096,1,12290,19.665943145751953,0.01079955417662859,0.4572846591472626,0.8576075434684753,1,1
kodak,05.png,2030,9001,12.0,120.0,ideal,full_harq,1,8192,4096,2,16388,18.42592430114746,0.014368373900651932,0.4978620111942291,0.8035832047462463,1,0
kodak,06.png,2030,9001,12.0,120.0,ideal,full_harq,1,8192,4096,2,16388,21.131572723388672,0.0077062430791556835,0.6402548551559448,0.7640781998634338,1,0
kodak,07.png,2030,9001,12.0,120.0,ideal,full_harq,1,8192,4096,2,16388,22.219057083129883,0.005999213084578514,0.45162028074264526,0.8470444679260254,1,0
kodak,08.png,2030,9001,12.0,120.0,ideal,full_harq,1,8192,4096,2,16388,19.676998138427734,0.01077209785580635,0.4567602872848511,0.8581281304359436,1,0
kodak,05.png,2030,9001,12.0,120.0,ideal,fm_only,0,4096,4096,1,12290,18.404497146606445,0.014439438469707966,0.4955231547355652,0.8007755875587463,1,1
kodak,06.png,2030,9001,12.0,120.0,ideal,fm_only,0,4096,4096,1,12290,20.993778228759766,0.007954667322337627,0.6795890927314758,0.7301523089408875,1,1
kodak,07.png,2030,9001,12.0,120.0,ideal,fm_only,0,4096,4096,1,12290,22.212562561035156,0.006008189637213945,0.45724740624427795,0.8425214290618896,1,1
kodak,08.png,2030,9001,12.0,120.0,ideal,fm_only,0,4096,4096,1,12290,19.68641471862793,0.010748762637376785,0.4581668972969055,0.8573711514472961,1,1
kodak,05.png,2030,9001,12.0,120.0,ideal,adaptive_harq,1,8192,4096,2,16388,18.42592430114746,0.014368373900651932,0.4978620111942291,0.8035832047462463,1,0
kodak,06.png,2030,9001,12.0,120.0,ideal,adaptive_harq,1,8192,4096,2,16388,21.131572723388672,0.0077062430791556835,0.6402548551559448,0.7640781998634338,1,0
kodak,07.png,2030,9001,12.0,120.0,ideal,adaptive_harq,1,8192,4096,2,16388,22.219057083129883,0.005999213084578514,0.45162028074264526,0.8470444679260254,1,0
kodak,08.png,2030,9001,12.0,120.0,ideal,adaptive_harq,1,8192,4096,2,16388,19.676998138427734,0.01077209785580635,0.4567602872848511,0.8581281304359436,1,0
kodak,05.png,2030,9001,12.0,120.0,ideal,flowharq,1,8192,4096,2,16388,18.42592430114746,0.014368373900651932,0.4978620111942291,0.8035832047462463,1,0
kodak,06.png,2030,9001,12.0,120.0,ideal,flowharq,1,8192,4096,2,16388,21.131572723388672,0.0077062430791556835,0.6402548551559448,0.7640781998634338,1,0
kodak,07.png,2030,9001,12.0,120.0,ideal,flowharq,1,8192,4096,2,16388,22.219057083129883,0.005999213084578514,0.45162028074264526,0.8470444679260254,1,0
kodak,08.png,2030,9001,12.0,120.0,ideal,flowharq,1,8192,4096,2,16388,19.676998138427734,0.01077209785580635,0.4567602872848511,0.8581281304359436,1,0
kodak,05.png,2030,9001,12.0,120.0,binary16,direct,0,4096,4096,1,12290,18.36870002746582,0.014558951370418072,0.49685433506965637,0.800990879535675,1,1
kodak,06.png,2030,9001,12.0,120.0,binary16,direct,0,4096,4096,1,12290,20.900249481201172,0.008127838373184204,0.6779462099075317,0.7300720810890198,1,1
kodak,07.png,2030,9001,12.0,120.0,binary16,direct,0,4096,4096,1,12290,22.171119689941406,0.006065798923373222,0.4574102759361267,0.842742919921875,1,1
kodak,08.png,2030,9001,12.0,120.0,binary16,direct,0,4096,4096,1,12290,19.665922164916992,0.010799604468047619,0.45728784799575806,0.8576073050498962,1,1
kodak,05.png,2030,9001,12.0,120.0,binary16,full_harq,1,8192,4096,2,16388,18.425922393798828,0.014368376694619656,0.49786511063575745,0.8035836219787598,1,0
kodak,06.png,2030,9001,12.0,120.0,binary16,full_harq,1,8192,4096,2,16388,21.131574630737305,0.007706237491220236,0.6402506828308105,0.7640792727470398,1,0
kodak,07.png,2030,9001,12.0,120.0,binary16,full_harq,1,8192,4096,2,16388,22.219036102294922,0.0059992424212396145,0.45161908864974976,0.8470433354377747,1,0
kodak,08.png,2030,9001,12.0,120.0,binary16,full_harq,1,8192,4096,2,16388,19.67697525024414,0.010772149078547955,0.4567635953426361,0.858128011226654,1,0
kodak,05.png,2030,9001,12.0,120.0,binary16,fm_only,0,4096,4096,1,12290,18.404499053955078,0.014439430087804794,0.49552518129348755,0.800775945186615,1,1
kodak,06.png,2030,9001,12.0,120.0,binary16,fm_only,0,4096,4096,1,12290,20.993776321411133,0.007954672910273075,0.679585874080658,0.730153501033783,1,1
kodak,07.png,2030,9001,12.0,120.0,binary16,fm_only,0,4096,4096,1,12290,22.212553024291992,0.006008205469697714,0.45724570751190186,0.8425208926200867,1,1
kodak,08.png,2030,9001,12.0,120.0,binary16,fm_only,0,4096,4096,1,12290,19.686397552490234,0.010748804546892643,0.4581699073314667,0.8573708534240723,1,1
kodak,05.png,2030,9001,12.0,120.0,binary16,adaptive_harq,1,8192,4096,2,16388,18.425922393798828,0.014368376694619656,0.49786511063575745,0.8035836219787598,1,0
kodak,06.png,2030,9001,12.0,120.0,binary16,adaptive_harq,1,8192,4096,2,16388,21.131574630737305,0.007706237491220236,0.6402506828308105,0.7640792727470398,1,0
kodak,07.png,2030,9001,12.0,120.0,binary16,adaptive_harq,1,8192,4096,2,16388,22.219036102294922,0.0059992424212396145,0.45161908864974976,0.8470433354377747,1,0
kodak,08.png,2030,9001,12.0,120.0,binary16,adaptive_harq,1,8192,4096,2,16388,19.67697525024414,0.010772149078547955,0.4567635953426361,0.858128011226654,1,0
kodak,05.png,2030,9001,12.0,120.0,binary16,flowharq,1,8192,4096,2,16388,18.425922393798828,0.014368376694619656,0.49786511063575745,0.8035836219787598,1,0
kodak,06.png,2030,9001,12.0,120.0,binary16,flowharq,1,8192,4096,2,16388,21.131574630737305,0.007706237491220236,0.6402506828308105,0.7640792727470398,1,0
kodak,07.png,2030,9001,12.0,120.0,binary16,flowharq,1,8192,4096,2,16388,22.219036102294922,0.0059992424212396145,0.45161908864974976,0.8470433354377747,1,0
kodak,08.png,2030,9001,12.0,120.0,binary16,flowharq,1,8192,4096,2,16388,19.67697525024414,0.010772149078547955,0.4567635953426361,0.858128011226654,1,0
kodak,09.png,2030,9001,12.0,120.0,ideal,direct,0,4096,4096,1,12290,23.603364944458008,0.004361777100712061,0.38172346353530884,0.8779212832450867,1,1
kodak,10.png,2030,9001,12.0,120.0,ideal,direct,0,4096,4096,1,12290,27.765466690063477,0.0016728356713429093,0.5378428101539612,0.8855271935462952,0,0
kodak,11.png,2030,9001,12.0,120.0,ideal,direct,0,4096,4096,1,12290,19.56165885925293,0.011062012054026127,0.5465072393417358,0.7900407910346985,1,1
kodak,12.png,2030,9001,12.0,120.0,ideal,direct,0,4096,4096,1,12290,23.621427536010742,0.004343672655522823,0.5039659738540649,0.8558710217475891,1,1
kodak,09.png,2030,9001,12.0,120.0,ideal,full_harq,1,8192,4096,2,16388,23.682968139648438,0.004282557871192694,0.3756565749645233,0.881544828414917,1,0
kodak,10.png,2030,9001,12.0,120.0,ideal,full_harq,1,8192,4096,2,16388,28.425331115722656,0.0014370335265994072,0.47319164872169495,0.9161755442619324,0,0
kodak,11.png,2030,9001,12.0,120.0,ideal,full_harq,1,8192,4096,2,16388,19.81848907470703,0.010426799766719341,0.5313123464584351,0.8134775161743164,1,0
kodak,12.png,2030,9001,12.0,120.0,ideal,full_harq,1,8192,4096,2,16388,23.630535125732422,0.004334574099630117,0.5047934055328369,0.8568714261054993,1,0
kodak,09.png,2030,9001,12.0,120.0,ideal,fm_only,0,4096,4096,1,12290,23.660552978515625,0.004304719157516956,0.3845275938510895,0.8784763813018799,1,1
kodak,10.png,2030,9001,12.0,120.0,ideal,fm_only,0,4096,4096,1,12290,27.85793113708496,0.0016375969862565398,0.5352544188499451,0.8857523798942566,0,0
kodak,11.png,2030,9001,12.0,120.0,ideal,fm_only,0,4096,4096,1,12290,19.711986541748047,0.010685663670301437,0.5472347140312195,0.7898525595664978,1,1
kodak,12.png,2030,9001,12.0,120.0,ideal,fm_only,0,4096,4096,1,12290,23.69723129272461,0.004268516320735216,0.5044942498207092,0.8555107712745667,1,1
kodak,09.png,2030,9001,12.0,120.0,ideal,adaptive_harq,0,4096,4096,1,12290,23.603364944458008,0.004361777100712061,0.38172346353530884,0.8779212832450867,1,1
kodak,10.png,2030,9001,12.0,120.0,ideal,adaptive_harq,0,4096,4096,1,12290,27.765466690063477,0.0016728356713429093,0.5378428101539612,0.8855271935462952,0,0
kodak,11.png,2030,9001,12.0,120.0,ideal,adaptive_harq,1,8192,4096,2,16388,19.81848907470703,0.010426799766719341,0.5313123464584351,0.8134775161743164,1,0
kodak,12.png,2030,9001,12.0,120.0,ideal,adaptive_harq,0,4096,4096,1,12290,23.621427536010742,0.004343672655522823,0.5039659738540649,0.8558710217475891,1,1
kodak,09.png,2030,9001,12.0,120.0,ideal,flowharq,0,4096,4096,1,12290,23.660552978515625,0.004304719157516956,0.3845275938510895,0.8784763813018799,1,1
kodak,10.png,2030,9001,12.0,120.0,ideal,flowharq,0,4096,4096,1,12290,27.85793113708496,0.0016375969862565398,0.5352544188499451,0.8857523798942566,0,0
kodak,11.png,2030,9001,12.0,120.0,ideal,flowharq,1,8192,4096,2,16388,19.81848907470703,0.010426799766719341,0.5313123464584351,0.8134775161743164,1,0
kodak,12.png,2030,9001,12.0,120.0,ideal,flowharq,0,4096,4096,1,12290,23.69723129272461,0.004268516320735216,0.5044942498207092,0.8555107712745667,1,1
kodak,09.png,2030,9001,12.0,120.0,binary16,direct,0,4096,4096,1,12290,23.603374481201172,0.00436176685616374,0.3817242980003357,0.8779218196868896,1,1
kodak,10.png,2030,9001,12.0,120.0,binary16,direct,0,4096,4096,1,12290,27.765445709228516,0.0016728438204154372,0.5378409028053284,0.8855273127555847,0,0
kodak,11.png,2030,9001,12.0,120.0,binary16,direct,0,4096,4096,1,12290,19.56160545349121,0.011062148958444595,0.5465058088302612,0.7900400161743164,1,1
kodak,12.png,2030,9001,12.0,120.0,binary16,direct,0,4096,4096,1,12290,23.621427536010742,0.004343673121184111,0.5039589405059814,0.8558687567710876,1,1
kodak,09.png,2030,9001,12.0,120.0,binary16,full_harq,1,8192,4096,2,16388,23.682973861694336,0.004282552283257246,0.37565672397613525,0.8815457224845886,1,0
kodak,10.png,2030,9001,12.0,120.0,binary16,full_harq,1,8192,4096,2,16388,28.425323486328125,0.0014370355056598783,0.4731929898262024,0.9161761403083801,0,0
kodak,11.png,2030,9001,12.0,120.0,binary16,full_harq,1,8192,4096,2,16388,19.81846046447754,0.010426872409880161,0.5313090682029724,0.813477098941803,1,0
kodak,12.png,2030,9001,12.0,120.0,binary16,full_harq,1,8192,4096,2,16388,23.630525588989258,0.004334584344178438,0.5047865509986877,0.8568690419197083,1,0
kodak,09.png,2030,9001,12.0,120.0,binary16,fm_only,0,4096,4096,1,12290,23.662412643432617,0.00430287467315793,0.38446125388145447,0.8784611821174622,1,1
kodak,10.png,2030,9001,12.0,120.0,binary16,fm_only,0,4096,4096,1,12290,27.85792350769043,0.0016375993145629764,0.5352528095245361,0.8857526779174805,0,0
kodak,11.png,2030,9001,12.0,120.0,binary16,fm_only,0,4096,4096,1,12290,19.711925506591797,0.010685808025300503,0.5472321510314941,0.7898516654968262,1,1
kodak,12.png,2030,9001,12.0,120.0,binary16,fm_only,0,4096,4096,1,12290,23.69723129272461,0.004268516320735216,0.5044870972633362,0.8555087447166443,1,1
kodak,09.png,2030,9001,12.0,120.0,binary16,adaptive_harq,0,4096,4096,1,12290,23.603374481201172,0.00436176685616374,0.3817242980003357,0.8779218196868896,1,1
kodak,10.png,2030,9001,12.0,120.0,binary16,adaptive_harq,0,4096,4096,1,12290,27.765445709228516,0.0016728438204154372,0.5378409028053284,0.8855273127555847,0,0
kodak,11.png,2030,9001,12.0,120.0,binary16,adaptive_harq,1,8192,4096,2,16388,19.81846046447754,0.010426872409880161,0.5313090682029724,0.813477098941803,1,0
kodak,12.png,2030,9001,12.0,120.0,binary16,adaptive_harq,0,4096,4096,1,12290,23.621427536010742,0.004343673121184111,0.5039589405059814,0.8558687567710876,1,1
kodak,09.png,2030,9001,12.0,120.0,binary16,flowharq,0,4096,4096,1,12290,23.662412643432617,0.00430287467315793,0.38446125388145447,0.8784611821174622,1,1
kodak,10.png,2030,9001,12.0,120.0,binary16,flowharq,0,4096,4096,1,12290,27.85792350769043,0.0016375993145629764,0.5352528095245361,0.8857526779174805,0,0
kodak,11.png,2030,9001,12.0,120.0,binary16,flowharq,1,8192,4096,2,16388,19.81846046447754,0.010426872409880161,0.5313090682029724,0.813477098941803,1,0
kodak,12.png,2030,9001,12.0,120.0,binary16,flowharq,0,4096,4096,1,12290,23.69723129272461,0.004268516320735216,0.5044870972633362,0.8555087447166443,1,1
kodak,13.png,2030,9001,12.0,120.0,ideal,direct,0,4096,4096,1,12290,20.07529067993164,0.009828133508563042,0.7289782762527466,0.7733563780784607,1,1
kodak,14.png,2030,9001,12.0,120.0,ideal,direct,0,4096,4096,1,12290,19.669607162475586,0.010790442116558552,0.5011903643608093,0.804768979549408,1,1
kodak,15.png,2030,9001,12.0,120.0,ideal,direct,0,4096,4096,1,12290,23.21489143371582,0.004769918974488974,0.474680632352829,0.8750627636909485,1,1
kodak,16.png,2030,9001,12.0,120.0,ideal,direct,0,4096,4096,1,12290,24.74036407470703,0.0033570947125554085,0.5568525195121765,0.8573339581489563,0,0
kodak,13.png,2030,9001,12.0,120.0,ideal,full_harq,1,8192,4096,2,16388,20.09313201904297,0.009787842631340027,0.7298503518104553,0.7758572101593018,1,0
kodak,14.png,2030,9001,12.0,120.0,ideal,full_harq,1,8192,4096,2,16388,19.66130828857422,0.010811083018779755,0.5016651749610901,0.8052642941474915,1,0
kodak,15.png,2030,9001,12.0,120.0,ideal,full_harq,1,8192,4096,2,16388,23.21636962890625,0.004768294282257557,0.4728407561779022,0.8757688999176025,1,0
kodak,16.png,2030,9001,12.0,120.0,ideal,full_harq,1,8192,4096,2,16388,24.81767463684082,0.0032978628296405077,0.5506982207298279,0.8635900616645813,0,0
kodak,13.png,2030,9001,12.0,120.0,ideal,fm_only,0,4096,4096,1,12290,20.125778198242188,0.009714540094137192,0.7310572862625122,0.7725858688354492,1,1
kodak,14.png,2030,9001,12.0,120.0,ideal,fm_only,0,4096,4096,1,12290,19.739070892333984,0.010619226843118668,0.5019109845161438,0.8049315810203552,1,1
kodak,15.png,2030,9001,12.0,120.0,ideal,fm_only,0,4096,4096,1,12290,23.272111892700195,0.004707484506070614,0.47477447986602783,0.8744698166847229,1,1
kodak,16.png,2030,9001,12.0,120.0,ideal,fm_only,0,4096,4096,1,12290,24.803983688354492,0.003308275481685996,0.5588077902793884,0.8574704527854919,0,0
kodak,13.png,2030,9001,12.0,120.0,ideal,adaptive_harq,1,8192,4096,2,16388,20.09313201904297,0.009787842631340027,0.7298503518104553,0.7758572101593018,1,0
kodak,14.png,2030,9001,12.0,120.0,ideal,adaptive_harq,1,8192,4096,2,16388,19.66130828857422,0.010811083018779755,0.5016651749610901,0.8052642941474915,1,0
kodak,15.png,2030,9001,12.0,120.0,ideal,adaptive_harq,0,4096,4096,1,12290,23.21489143371582,0.004769918974488974,0.474680632352829,0.8750627636909485,1,1
kodak,16.png,2030,9001,12.0,120.0,ideal,adaptive_harq,0,4096,4096,1,12290,24.74036407470703,0.0033570947125554085,0.5568525195121765,0.8573339581489563,0,0
kodak,13.png,2030,9001,12.0,120.0,ideal,flowharq,1,8192,4096,2,16388,20.09313201904297,0.009787842631340027,0.7298503518104553,0.7758572101593018,1,0
kodak,14.png,2030,9001,12.0,120.0,ideal,flowharq,1,8192,4096,2,16388,19.66130828857422,0.010811083018779755,0.5016651749610901,0.8052642941474915,1,0
kodak,15.png,2030,9001,12.0,120.0,ideal,flowharq,0,4096,4096,1,12290,23.272111892700195,0.004707484506070614,0.47477447986602783,0.8744698166847229,1,1
kodak,16.png,2030,9001,12.0,120.0,ideal,flowharq,0,4096,4096,1,12290,24.803983688354492,0.003308275481685996,0.5588077902793884,0.8574704527854919,0,0
kodak,13.png,2030,9001,12.0,120.0,binary16,direct,0,4096,4096,1,12290,20.075286865234375,0.009828136302530766,0.7289785146713257,0.773356020450592,1,1
kodak,14.png,2030,9001,12.0,120.0,binary16,direct,0,4096,4096,1,12290,19.669618606567383,0.010790415108203888,0.5011891722679138,0.8047693371772766,1,1
kodak,15.png,2030,9001,12.0,120.0,binary16,direct,0,4096,4096,1,12290,23.21499252319336,0.004769804887473583,0.47467535734176636,0.8750641942024231,1,1
kodak,16.png,2030,9001,12.0,120.0,binary16,direct,0,4096,4096,1,12290,24.740312576293945,0.0033571349922567606,0.5568550229072571,0.8573322892189026,0,0
kodak,13.png,2030,9001,12.0,120.0,binary16,full_harq,1,8192,4096,2,16388,20.093128204345703,0.009787844493985176,0.7298511862754822,0.7758569717407227,1,0
kodak,14.png,2030,9001,12.0,120.0,binary16,full_harq,1,8192,4096,2,16388,19.66132164001465,0.010811049491167068,0.501665472984314,0.8052647709846497,1,0
kodak,15.png,2030,9001,12.0,120.0,binary16,full_harq,1,8192,4096,2,16388,23.216466903686523,0.004768186714500189,0.4728345274925232,0.875770092010498,1,0
kodak,16.png,2030,9001,12.0,120.0,binary16,full_harq,1,8192,4096,2,16388,24.817615509033203,0.00329790823161602,0.5507020354270935,0.8635876178741455,0,0
kodak,13.png,2030,9001,12.0,120.0,binary16,fm_only,0,4096,4096,1,12290,20.125778198242188,0.009714540094137192,0.7310584187507629,0.7725852131843567,1,1
kodak,14.png,2030,9001,12.0,120.0,binary16,fm_only,0,4096,4096,1,12290,19.739078521728516,0.010619208216667175,0.5019112825393677,0.8049318194389343,1,1
kodak,15.png,2030,9001,12.0,120.0,binary16,fm_only,0,4096,4096,1,12290,23.272212982177734,0.004707373213022947,0.47476935386657715,0.8744711875915527,1,1
kodak,16.png,2030,9001,12.0,120.0,binary16,fm_only,0,4096,4096,1,12290,24.80393409729004,0.0033083136659115553,0.558810293674469,0.8574686050415039,0,0
kodak,13.png,2030,9001,12.0,120.0,binary16,adaptive_harq,1,8192,4096,2,16388,20.093128204345703,0.009787844493985176,0.7298511862754822,0.7758569717407227,1,0
kodak,14.png,2030,9001,12.0,120.0,binary16,adaptive_harq,1,8192,4096,2,16388,19.66132164001465,0.010811049491167068,0.501665472984314,0.8052647709846497,1,0
kodak,15.png,2030,9001,12.0,120.0,binary16,adaptive_harq,0,4096,4096,1,12290,23.21499252319336,0.004769804887473583,0.47467535734176636,0.8750641942024231,1,1
kodak,16.png,2030,9001,12.0,120.0,binary16,adaptive_harq,0,4096,4096,1,12290,24.740312576293945,0.0033571349922567606,0.5568550229072571,0.8573322892189026,0,0
kodak,13.png,2030,9001,12.0,120.0,binary16,flowharq,1,8192,4096,2,16388,20.093128204345703,0.009787844493985176,0.7298511862754822,0.7758569717407227,1,0
kodak,14.png,2030,9001,12.0,120.0,binary16,flowharq,1,8192,4096,2,16388,19.66132164001465,0.010811049491167068,0.501665472984314,0.8052647709846497,1,0
kodak,15.png,2030,9001,12.0,120.0,binary16,flowharq,0,4096,4096,1,12290,23.272212982177734,0.004707373213022947,0.47476935386657715,0.8744711875915527,1,1
kodak,16.png,2030,9001,12.0,120.0,binary16,flowharq,0,4096,4096,1,12290,24.80393409729004,0.0033083136659115553,0.558810293674469,0.8574686050415039,0,0
kodak,17.png,2030,9001,12.0,120.0,ideal,direct,0,4096,4096,1,12290,25.062923431396484,0.0031167902052402496,0.5223063230514526,0.8567940592765808,0,0
kodak,18.png,2030,9001,12.0,120.0,ideal,direct,0,4096,4096,1,12290,18.69363021850586,0.013509427197277546,0.6386575698852539,0.6895166039466858,1,1
kodak,19.png,2030,9001,12.0,120.0,ideal,direct,0,4096,4096,1,12290,20.924978256225586,0.008081688545644283,0.536803126335144,0.8310195803642273,1,1
kodak,20.png,2030,9001,12.0,120.0,ideal,direct,0,4096,4096,1,12290,23.54827117919922,0.004417461808770895,0.302216500043869,0.9257404804229736,1,1
kodak,17.png,2030,9001,12.0,120.0,ideal,full_harq,1,8192,4096,2,16388,25.51543426513672,0.002808384597301483,0.5018297433853149,0.881659984588623,0,0
kodak,18.png,2030,9001,12.0,120.0,ideal,full_harq,1,8192,4096,2,16388,20.255870819091797,0.009427853859961033,0.5324134826660156,0.8332516551017761,1,0
kodak,19.png,2030,9001,12.0,120.0,ideal,full_harq,1,8192,4096,2,16388,20.955577850341797,0.008024949580430984,0.5320845246315002,0.8360094428062439,1,0
kodak,20.png,2030,9001,12.0,120.0,ideal,full_harq,1,8192,4096,2,16388,23.596229553222656,0.004368950612843037,0.2981441020965576,0.9282736778259277,1,0
kodak,17.png,2030,9001,12.0,120.0,ideal,fm_only,0,4096,4096,1,12290,25.203264236450195,0.0030176835134625435,0.5197818279266357,0.8564260601997375,0,0
kodak,18.png,2030,9001,12.0,120.0,ideal,fm_only,0,4096,4096,1,12290,18.652721405029297,0.013637281954288483,0.6489301323890686,0.6775994300842285,1,1
kodak,19.png,2030,9001,12.0,120.0,ideal,fm_only,0,4096,4096,1,12290,20.94348907470703,0.008047317154705524,0.537757158279419,0.8310735821723938,1,1
kodak,20.png,2030,9001,12.0,120.0,ideal,fm_only,0,4096,4096,1,12290,23.604236602783203,0.004360902588814497,0.302096962928772,0.9258072376251221,1,1
kodak,17.png,2030,9001,12.0,120.0,ideal,adaptive_harq,0,4096,4096,1,12290,25.062923431396484,0.0031167902052402496,0.5223063230514526,0.8567940592765808,0,0
kodak,18.png,2030,9001,12.0,120.0,ideal,adaptive_harq,1,8192,4096,2,16388,20.255870819091797,0.009427853859961033,0.5324134826660156,0.8332516551017761,1,0
kodak,19.png,2030,9001,12.0,120.0,ideal,adaptive_harq,0,4096,4096,1,12290,20.924978256225586,0.008081688545644283,0.536803126335144,0.8310195803642273,1,1
kodak,20.png,2030,9001,12.0,120.0,ideal,adaptive_harq,0,4096,4096,1,12290,23.54827117919922,0.004417461808770895,0.302216500043869,0.9257404804229736,1,1
kodak,17.png,2030,9001,12.0,120.0,ideal,flowharq,0,4096,4096,1,12290,25.203264236450195,0.0030176835134625435,0.5197818279266357,0.8564260601997375,0,0
kodak,18.png,2030,9001,12.0,120.0,ideal,flowharq,1,8192,4096,2,16388,20.255870819091797,0.009427853859961033,0.5324134826660156,0.8332516551017761,1,0
kodak,19.png,2030,9001,12.0,120.0,ideal,flowharq,0,4096,4096,1,12290,20.94348907470703,0.008047317154705524,0.537757158279419,0.8310735821723938,1,1
kodak,20.png,2030,9001,12.0,120.0,ideal,flowharq,0,4096,4096,1,12290,23.604236602783203,0.004360902588814497,0.302096962928772,0.9258072376251221,1,1
kodak,17.png,2030,9001,12.0,120.0,binary16,direct,0,4096,4096,1,12290,25.062911987304688,0.003116798819974065,0.5223093032836914,0.8567957878112793,0,0
kodak,18.png,2030,9001,12.0,120.0,binary16,direct,0,4096,4096,1,12290,18.693603515625,0.013509511016309261,0.6386587619781494,0.6895167231559753,1,1
kodak,19.png,2030,9001,12.0,120.0,binary16,direct,0,4096,4096,1,12290,20.924985885620117,0.008081675507128239,0.5367992520332336,0.8310205936431885,1,1
kodak,20.png,2030,9001,12.0,120.0,binary16,direct,0,4096,4096,1,12290,23.54831886291504,0.004417412914335728,0.30222052335739136,0.9257375597953796,1,1
kodak,17.png,2030,9001,12.0,120.0,binary16,full_harq,1,8192,4096,2,16388,25.51537322998047,0.002808424411341548,0.5018375515937805,0.881660521030426,0,0
kodak,18.png,2030,9001,12.0,120.0,binary16,full_harq,1,8192,4096,2,16388,20.255849838256836,0.009427904151380062,0.5324090719223022,0.8332502245903015,1,0
kodak,19.png,2030,9001,12.0,120.0,binary16,full_harq,1,8192,4096,2,16388,20.955585479736328,0.008024933747947216,0.5320823192596436,0.8360100388526917,1,0
kodak,20.png,2030,9001,12.0,120.0,binary16,full_harq,1,8192,4096,2,16388,23.596271514892578,0.004368906375020742,0.2981494069099426,0.9282700419425964,1,0
kodak,17.png,2030,9001,12.0,120.0,binary16,fm_only,0,4096,4096,1,12290,25.203269958496094,0.003017677925527096,0.51978600025177,0.8564286231994629,0,0
kodak,18.png,2030,9001,12.0,120.0,binary16,fm_only,0,4096,4096,1,12290,18.637432098388672,0.013685380108654499,0.6492000818252563,0.6775641441345215,1,1
kodak,19.png,2030,9001,12.0,120.0,binary16,fm_only,0,4096,4096,1,12290,20.94233512878418,0.00804945733398199,0.5378284454345703,0.8310623168945312,1,1
kodak,20.png,2030,9001,12.0,120.0,binary16,fm_only,0,4096,4096,1,12290,23.604278564453125,0.004360859747976065,0.3021012544631958,0.9258058667182922,1,1
kodak,17.png,2030,9001,12.0,120.0,binary16,adaptive_harq,0,4096,4096,1,12290,25.062911987304688,0.003116798819974065,0.5223093032836914,0.8567957878112793,0,0
kodak,18.png,2030,9001,12.0,120.0,binary16,adaptive_harq,1,8192,4096,2,16388,20.255849838256836,0.009427904151380062,0.5324090719223022,0.8332502245903015,1,0
kodak,19.png,2030,9001,12.0,120.0,binary16,adaptive_harq,0,4096,4096,1,12290,20.924985885620117,0.008081675507128239,0.5367992520332336,0.8310205936431885,1,1
kodak,20.png,2030,9001,12.0,120.0,binary16,adaptive_harq,0,4096,4096,1,12290,23.54831886291504,0.004417412914335728,0.30222052335739136,0.9257375597953796,1,1
kodak,17.png,2030,9001,12.0,120.0,binary16,flowharq,0,4096,4096,1,12290,25.203269958496094,0.003017677925527096,0.51978600025177,0.8564286231994629,0,0
kodak,18.png,2030,9001,12.0,120.0,binary16,flowharq,1,8192,4096,2,16388,20.255849838256836,0.009427904151380062,0.5324090719223022,0.8332502245903015,1,0
kodak,19.png,2030,9001,12.0,120.0,binary16,flowharq,0,4096,4096,1,12290,20.94233512878418,0.00804945733398199,0.5378284454345703,0.8310623168945312,1,1
kodak,20.png,2030,9001,12.0,120.0,binary16,flowharq,0,4096,4096,1,12290,23.604278564453125,0.004360859747976065,0.3021012544631958,0.9258058667182922,1,1
kodak,21.png,2030,9001,12.0,120.0,ideal,direct,0,4096,4096,1,12290,21.358156204223633,0.007314497139304876,0.4807579517364502,0.855705738067627,1,1
kodak,22.png,2030,9001,12.0,120.0,ideal,direct,0,4096,4096,1,12290,21.402904510498047,0.0072395168244838715,0.5696170330047607,0.7893555164337158,1,1
kodak,23.png,2030,9001,12.0,120.0,ideal,direct,0,4096,4096,1,12290,24.165870666503906,0.0038318894803524017,0.2659517228603363,0.9193682670593262,0,0
kodak,24.png,2030,9001,12.0,120.0,ideal,direct,0,4096,4096,1,12290,23.675121307373047,0.004290299955755472,0.566902220249176,0.8724756836891174,1,1
kodak,21.png,2030,9001,12.0,120.0,ideal,full_harq,1,8192,4096,2,16388,21.442398071289062,0.007173977792263031,0.48137688636779785,0.8600726127624512,1,0
kodak,22.png,2030,9001,12.0,120.0,ideal,full_harq,1,8192,4096,2,16388,21.434736251831055,0.007186648901551962,0.5593273639678955,0.8089898228645325,1,0
kodak,23.png,2030,9001,12.0,120.0,ideal,full_harq,1,8192,4096,2,16388,24.22170639038086,0.0037829384673386812,0.26254963874816895,0.9231388568878174,0,0
kodak,24.png,2030,9001,12.0,120.0,ideal,full_harq,1,8192,4096,2,16388,23.81930160522461,0.004150208085775375,0.562944769859314,0.8857526779174805,1,0
kodak,21.png,2030,9001,12.0,120.0,ideal,fm_only,0,4096,4096,1,12290,21.40669822692871,0.007233196869492531,0.483528733253479,0.8555856347084045,1,1
kodak,22.png,2030,9001,12.0,120.0,ideal,fm_only,0,4096,4096,1,12290,21.525146484375,0.007038583979010582,0.5710477828979492,0.787916362285614,1,1
kodak,23.png,2030,9001,12.0,120.0,ideal,fm_only,0,4096,4096,1,12290,24.31519317626953,0.0037023781333118677,0.2662188708782196,0.9190526008605957,0,0
kodak,24.png,2030,9001,12.0,120.0,ideal,fm_only,0,4096,4096,1,12290,23.78436279296875,0.004183730576187372,0.5692446827888489,0.8716371059417725,1,1
kodak,21.png,2030,9001,12.0,120.0,ideal,adaptive_harq,1,8192,4096,2,16388,21.442398071289062,0.007173977792263031,0.48137688636779785,0.8600726127624512,1,0
kodak,22.png,2030,9001,12.0,120.0,ideal,adaptive_harq,1,8192,4096,2,16388,21.434736251831055,0.007186648901551962,0.5593273639678955,0.8089898228645325,1,0
kodak,23.png,2030,9001,12.0,120.0,ideal,adaptive_harq,0,4096,4096,1,12290,24.165870666503906,0.0038318894803524017,0.2659517228603363,0.9193682670593262,0,0
kodak,24.png,2030,9001,12.0,120.0,ideal,adaptive_harq,0,4096,4096,1,12290,23.675121307373047,0.004290299955755472,0.566902220249176,0.8724756836891174,1,1
kodak,21.png,2030,9001,12.0,120.0,ideal,flowharq,1,8192,4096,2,16388,21.442398071289062,0.007173977792263031,0.48137688636779785,0.8600726127624512,1,0
kodak,22.png,2030,9001,12.0,120.0,ideal,flowharq,1,8192,4096,2,16388,21.434736251831055,0.007186648901551962,0.5593273639678955,0.8089898228645325,1,0
kodak,23.png,2030,9001,12.0,120.0,ideal,flowharq,0,4096,4096,1,12290,24.31519317626953,0.0037023781333118677,0.2662188708782196,0.9190526008605957,0,0
kodak,24.png,2030,9001,12.0,120.0,ideal,flowharq,0,4096,4096,1,12290,23.78436279296875,0.004183730576187372,0.5692446827888489,0.8716371059417725,1,1
kodak,21.png,2030,9001,12.0,120.0,binary16,direct,0,4096,4096,1,12290,21.35816192626953,0.0073144868947565556,0.4807578921318054,0.8557069301605225,1,1
kodak,22.png,2030,9001,12.0,120.0,binary16,direct,0,4096,4096,1,12290,21.402931213378906,0.00723947212100029,0.5696213841438293,0.78935307264328,1,1
kodak,23.png,2030,9001,12.0,120.0,binary16,direct,0,4096,4096,1,12290,24.165870666503906,0.0038318894803524017,0.2659514546394348,0.9193673133850098,0,0
kodak,24.png,2030,9001,12.0,120.0,binary16,direct,0,4096,4096,1,12290,23.67510986328125,0.004290312062948942,0.5668992400169373,0.8724749684333801,1,1
kodak,21.png,2030,9001,12.0,120.0,binary16,full_harq,1,8192,4096,2,16388,21.44240951538086,0.007173964753746986,0.4813755452632904,0.8600735068321228,1,0
kodak,22.png,2030,9001,12.0,120.0,binary16,full_harq,1,8192,4096,2,16388,21.43474769592285,0.007186628878116608,0.5593310594558716,0.8089901804924011,1,0
kodak,23.png,2030,9001,12.0,120.0,binary16,full_harq,1,8192,4096,2,16388,24.221736907958984,0.003782913088798523,0.2625485360622406,0.923138439655304,0,0
kodak,24.png,2030,9001,12.0,120.0,binary16,full_harq,1,8192,4096,2,16388,23.819297790527344,0.004150210414081812,0.5629432201385498,0.8857523798942566,1,0
kodak,21.png,2030,9001,12.0,120.0,binary16,fm_only,0,4096,4096,1,12290,21.40671730041504,0.007233165204524994,0.48352813720703125,0.8555867671966553,1,1
kodak,22.png,2030,9001,12.0,120.0,binary16,fm_only,0,4096,4096,1,12290,21.525182723999023,0.007038526237010956,0.5710514783859253,0.7879137396812439,1,1
kodak,23.png,2030,9001,12.0,120.0,binary16,fm_only,0,4096,4096,1,12290,24.315200805664062,0.003702371148392558,0.2662181556224823,0.9190514087677002,0,0
kodak,24.png,2030,9001,12.0,120.0,binary16,fm_only,0,4096,4096,1,12290,23.784351348876953,0.004183742683380842,0.5692412257194519,0.8716365694999695,1,1
kodak,21.png,2030,9001,12.0,120.0,binary16,adaptive_harq,1,8192,4096,2,16388,21.44240951538086,0.007173964753746986,0.4813755452632904,0.8600735068321228,1,0
kodak,22.png,2030,9001,12.0,120.0,binary16,adaptive_harq,1,8192,4096,2,16388,21.43474769592285,0.007186628878116608,0.5593310594558716,0.8089901804924011,1,0
kodak,23.png,2030,9001,12.0,120.0,binary16,adaptive_harq,0,4096,4096,1,12290,24.165870666503906,0.0038318894803524017,0.2659514546394348,0.9193673133850098,0,0
kodak,24.png,2030,9001,12.0,120.0,binary16,adaptive_harq,0,4096,4096,1,12290,23.67510986328125,0.004290312062948942,0.5668992400169373,0.8724749684333801,1,1
kodak,21.png,2030,9001,12.0,120.0,binary16,flowharq,1,8192,4096,2,16388,21.44240951538086,0.007173964753746986,0.4813755452632904,0.8600735068321228,1,0
kodak,22.png,2030,9001,12.0,120.0,binary16,flowharq,1,8192,4096,2,16388,21.43474769592285,0.007186628878116608,0.5593310594558716,0.8089901804924011,1,0
kodak,23.png,2030,9001,12.0,120.0,binary16,flowharq,0,4096,4096,1,12290,24.315200805664062,0.003702371148392558,0.2662181556224823,0.9190514087677002,0,0
kodak,24.png,2030,9001,12.0,120.0,binary16,flowharq,0,4096,4096,1,12290,23.784351348876953,0.004183742683380842,0.5692412257194519,0.8716365694999695,1,1
kodak,01.png,2030,9001,15.0,30.0,ideal,direct,0,4096,4096,1,12290,20.212738037109375,0.00952195469290018,0.5647600889205933,0.7922415733337402,1,1
kodak,02.png,2030,9001,15.0,30.0,ideal,direct,0,4096,4096,1,12290,22.39513397216797,0.0057608503848314285,0.47953465580940247,0.8531315922737122,1,1
kodak,03.png,2030,9001,15.0,30.0,ideal,direct,0,4096,4096,1,12290,23.530473709106445,0.004435602109879255,0.3848821520805359,0.8762394785881042,1,1
kodak,04.png,2030,9001,15.0,30.0,ideal,direct,0,4096,4096,1,12290,27.062515258789062,0.0019667469896376133,0.4471277594566345,0.9268901944160461,0,0
kodak,01.png,2030,9001,15.0,30.0,ideal,full_harq,1,8192,4096,2,16388,20.217981338500977,0.009510467760264874,0.5650671720504761,0.793234646320343,1,0
kodak,02.png,2030,9001,15.0,30.0,ideal,full_harq,1,8192,4096,2,16388,22.393230438232422,0.005763373803347349,0.4784848392009735,0.8537909388542175,1,0
kodak,03.png,2030,9001,15.0,30.0,ideal,full_harq,1,8192,4096,2,16388,23.571317672729492,0.004394082352519035,0.37569692730903625,0.8813896179199219,1,0
kodak,04.png,2030,9001,15.0,30.0,ideal,full_harq,1,8192,4096,2,16388,27.18860626220703,0.001910465769469738,0.44499635696411133,0.9309104084968567,0,0
kodak,01.png,2030,9001,15.0,30.0,ideal,fm_only,0,4096,4096,1,12290,20.297550201416016,0.009337805211544037,0.5658546090126038,0.7929627299308777,1,1
kodak,02.png,2030,9001,15.0,30.0,ideal,fm_only,0,4096,4096,1,12290,22.477569580078125,0.005652531515806913,0.47972288727760315,0.8524306416511536,1,1
kodak,03.png,2030,9001,15.0,30.0,ideal,fm_only,0,4096,4096,1,12290,23.819772720336914,0.004149756859987974,0.3841138482093811,0.8777758479118347,1,1
kodak,04.png,2030,9001,15.0,30.0,ideal,fm_only,0,4096,4096,1,12290,27.555789947509766,0.0017555812373757362,0.4519649147987366,0.9257529377937317,0,0
kodak,01.png,2030,9001,15.0,30.0,ideal,adaptive_harq,1,8192,4096,2,16388,20.217981338500977,0.009510467760264874,0.5650671720504761,0.793234646320343,1,0
kodak,02.png,2030,9001,15.0,30.0,ideal,adaptive_harq,1,8192,4096,2,16388,22.393230438232422,0.005763373803347349,0.4784848392009735,0.8537909388542175,1,0
kodak,03.png,2030,9001,15.0,30.0,ideal,adaptive_harq,0,4096,4096,1,12290,23.530473709106445,0.004435602109879255,0.3848821520805359,0.8762394785881042,1,1
kodak,04.png,2030,9001,15.0,30.0,ideal,adaptive_harq,0,4096,4096,1,12290,27.062515258789062,0.0019667469896376133,0.4471277594566345,0.9268901944160461,0,0
kodak,01.png,2030,9001,15.0,30.0,ideal,flowharq,1,8192,4096,2,16388,20.217981338500977,0.009510467760264874,0.5650671720504761,0.793234646320343,1,0
kodak,02.png,2030,9001,15.0,30.0,ideal,flowharq,1,8192,4096,2,16388,22.393230438232422,0.005763373803347349,0.4784848392009735,0.8537909388542175,1,0
kodak,03.png,2030,9001,15.0,30.0,ideal,flowharq,0,4096,4096,1,12290,23.819772720336914,0.004149756859987974,0.3841138482093811,0.8777758479118347,1,1
kodak,04.png,2030,9001,15.0,30.0,ideal,flowharq,0,4096,4096,1,12290,27.555789947509766,0.0017555812373757362,0.4519649147987366,0.9257529377937317,0,0
kodak,01.png,2030,9001,15.0,30.0,binary16,direct,0,4096,4096,1,12290,20.212810516357422,0.009521796368062496,0.5647583603858948,0.7922441959381104,1,1
kodak,02.png,2030,9001,15.0,30.0,binary16,direct,0,4096,4096,1,12290,22.395092010498047,0.0057609062641859055,0.47953155636787415,0.853130042552948,1,1
kodak,03.png,2030,9001,15.0,30.0,binary16,direct,0,4096,4096,1,12290,23.530424118041992,0.004435653332620859,0.384890079498291,0.8762421011924744,1,1
kodak,04.png,2030,9001,15.0,30.0,binary16,direct,0,4096,4096,1,12290,27.062358856201172,0.0019668180029839277,0.44712644815444946,0.9268903732299805,0,0
kodak,01.png,2030,9001,15.0,30.0,binary16,full_harq,1,8192,4096,2,16388,20.218055725097656,0.00951030757278204,0.5650649666786194,0.793237030506134,1,0
kodak,02.png,2030,9001,15.0,30.0,binary16,full_harq,1,8192,4096,2,16388,22.393190383911133,0.005763429682701826,0.4784809947013855,0.8537887930870056,1,0
kodak,03.png,2030,9001,15.0,30.0,binary16,full_harq,1,8192,4096,2,16388,23.57126235961914,0.004394139628857374,0.3757023811340332,0.881391704082489,1,0
kodak,04.png,2030,9001,15.0,30.0,binary16,full_harq,1,8192,4096,2,16388,27.188444137573242,0.0019105379469692707,0.44499626755714417,0.9309104084968567,0,0
kodak,01.png,2030,9001,15.0,30.0,binary16,fm_only,0,4096,4096,1,12290,20.297626495361328,0.00933764036744833,0.565854012966156,0.792964518070221,1,1
kodak,02.png,2030,9001,15.0,30.0,binary16,fm_only,0,4096,4096,1,12290,22.477523803710938,0.005652590189129114,0.4797201156616211,0.852429211139679,1,1
kodak,03.png,2030,9001,15.0,30.0,binary16,fm_only,0,4096,4096,1,12290,23.81971549987793,0.004149810876697302,0.38412031531333923,0.8777782320976257,1,1
kodak,04.png,2030,9001,15.0,30.0,binary16,fm_only,0,4096,4096,1,12290,27.555641174316406,0.0017556408420205116,0.45196256041526794,0.925753116607666,0,0
kodak,01.png,2030,9001,15.0,30.0,binary16,adaptive_harq,1,8192,4096,2,16388,20.218055725097656,0.00951030757278204,0.5650649666786194,0.793237030506134,1,0
kodak,02.png,2030,9001,15.0,30.0,binary16,adaptive_harq,1,8192,4096,2,16388,22.393190383911133,0.005763429682701826,0.4784809947013855,0.8537887930870056,1,0
kodak,03.png,2030,9001,15.0,30.0,binary16,adaptive_harq,0,4096,4096,1,12290,23.530424118041992,0.004435653332620859,0.384890079498291,0.8762421011924744,1,1
kodak,04.png,2030,9001,15.0,30.0,binary16,adaptive_harq,0,4096,4096,1,12290,27.062358856201172,0.0019668180029839277,0.44712644815444946,0.9268903732299805,0,0
kodak,01.png,2030,9001,15.0,30.0,binary16,flowharq,1,8192,4096,2,16388,20.218055725097656,0.00951030757278204,0.5650649666786194,0.793237030506134,1,0
kodak,02.png,2030,9001,15.0,30.0,binary16,flowharq,1,8192,4096,2,16388,22.393190383911133,0.005763429682701826,0.4784809947013855,0.8537887930870056,1,0
kodak,03.png,2030,9001,15.0,30.0,binary16,flowharq,0,4096,4096,1,12290,23.81971549987793,0.004149810876697302,0.38412031531333923,0.8777782320976257,1,1
kodak,04.png,2030,9001,15.0,30.0,binary16,flowharq,0,4096,4096,1,12290,27.555641174316406,0.0017556408420205116,0.45196256041526794,0.925753116607666,0,0
kodak,05.png,2030,9001,15.0,30.0,ideal,direct,0,4096,4096,1,12290,18.171478271484375,0.015235339291393757,0.5245428085327148,0.7799299359321594,1,1
kodak,06.png,2030,9001,15.0,30.0,ideal,direct,0,4096,4096,1,12290,21.107017517089844,0.007749937940388918,0.6419373750686646,0.768963098526001,1,1
kodak,07.png,2030,9001,15.0,30.0,ideal,direct,0,4096,4096,1,12290,22.03312873840332,0.00626162625849247,0.46861451864242554,0.8351176381111145,1,1
kodak,08.png,2030,9001,15.0,30.0,ideal,direct,0,4096,4096,1,12290,19.718215942382812,0.010670346207916737,0.44985681772232056,0.8609488606452942,1,1
kodak,05.png,2030,9001,15.0,30.0,ideal,full_harq,1,8192,4096,2,16388,18.409568786621094,0.014422583393752575,0.5065267086029053,0.8010078072547913,1,0
kodak,06.png,2030,9001,15.0,30.0,ideal,full_harq,1,8192,4096,2,16388,21.111934661865234,0.007741168141365051,0.6404421329498291,0.7693461775779724,1,0
kodak,07.png,2030,9001,15.0,30.0,ideal,full_harq,1,8192,4096,2,16388,22.356182098388672,0.005812752991914749,0.4401121139526367,0.8546242117881775,1,0
kodak,08.png,2030,9001,15.0,30.0,ideal,full_harq,1,8192,4096,2,16388,19.743436813354492,0.010608556680381298,0.44925886392593384,0.8633978962898254,1,0
kodak,05.png,2030,9001,15.0,30.0,ideal,fm_only,0,4096,4096,1,12290,18.240142822265625,0.014996354468166828,0.525016725063324,0.7803915143013,1,1
kodak,06.png,2030,9001,15.0,30.0,ideal,fm_only,0,4096,4096,1,12290,21.14507293701172,0.007682326715439558,0.6418671011924744,0.7685629725456238,1,1
kodak,07.png,2030,9001,15.0,30.0,ideal,fm_only,0,4096,4096,1,12290,22.091047286987305,0.006178674753755331,0.468879759311676,0.8347578644752502,1,1
kodak,08.png,2030,9001,15.0,30.0,ideal,fm_only,0,4096,4096,1,12290,19.736326217651367,0.010625938884913921,0.450405091047287,0.8606025576591492,1,1
kodak,05.png,2030,9001,15.0,30.0,ideal,adaptive_harq,1,8192,4096,2,16388,18.409568786621094,0.014422583393752575,0.5065267086029053,0.8010078072547913,1,0
kodak,06.png,2030,9001,15.0,30.0,ideal,adaptive_harq,1,8192,4096,2,16388,21.111934661865234,0.007741168141365051,0.6404421329498291,0.7693461775779724,1,0
kodak,07.png,2030,9001,15.0,30.0,ideal,adaptive_harq,1,8192,4096,2,16388,22.356182098388672,0.005812752991914749,0.4401121139526367,0.8546242117881775,1,0
kodak,08.png,2030,9001,15.0,30.0,ideal,adaptive_harq,1,8192,4096,2,16388,19.743436813354492,0.010608556680381298,0.44925886392593384,0.8633978962898254,1,0
kodak,05.png,2030,9001,15.0,30.0,ideal,flowharq,1,8192,4096,2,16388,18.409568786621094,0.014422583393752575,0.5065267086029053,0.8010078072547913,1,0
kodak,06.png,2030,9001,15.0,30.0,ideal,flowharq,1,8192,4096,2,16388,21.111934661865234,0.007741168141365051,0.6404421329498291,0.7693461775779724,1,0
kodak,07.png,2030,9001,15.0,30.0,ideal,flowharq,1,8192,4096,2,16388,22.356182098388672,0.005812752991914749,0.4401121139526367,0.8546242117881775,1,0
kodak,08.png,2030,9001,15.0,30.0,ideal,flowharq,1,8192,4096,2,16388,19.743436813354492,0.010608556680381298,0.44925886392593384,0.8633978962898254,1,0
kodak,05.png,2030,9001,15.0,30.0,binary16,direct,0,4096,4096,1,12290,18.171480178833008,0.01523532997816801,0.5245465040206909,0.7799303531646729,1,1
kodak,06.png,2030,9001,15.0,30.0,binary16,direct,0,4096,4096,1,12290,21.10702133178711,0.007749935146421194,0.6419386863708496,0.7689632773399353,1,1
kodak,07.png,2030,9001,15.0,30.0,binary16,direct,0,4096,4096,1,12290,22.033092498779297,0.006261676084250212,0.4686170518398285,0.8351168036460876,1,1
kodak,08.png,2030,9001,15.0,30.0,binary16,direct,0,4096,4096,1,12290,19.718223571777344,0.010670325718820095,0.44986236095428467,0.8609493374824524,1,1
kodak,05.png,2030,9001,15.0,30.0,binary16,full_harq,1,8192,4096,2,16388,18.409563064575195,0.014422602020204067,0.5065313577651978,0.8010080456733704,1,0
kodak,06.png,2030,9001,15.0,30.0,binary16,full_harq,1,8192,4096,2,16388,21.1119384765625,0.007741162553429604,0.6404439806938171,0.769346296787262,1,0
kodak,07.png,2030,9001,15.0,30.0,binary16,full_harq,1,8192,4096,2,16388,22.35614585876465,0.005812800955027342,0.44011029601097107,0.8546227812767029,1,0
kodak,08.png,2030,9001,15.0,30.0,binary16,full_harq,1,8192,4096,2,16388,19.743440628051758,0.010608546435832977,0.44926559925079346,0.863398551940918,1,0
kodak,05.png,2030,9001,15.0,30.0,binary16,fm_only,0,4096,4096,1,12290,18.24014663696289,0.014996342360973358,0.5250197052955627,0.7803917527198792,1,1
kodak,06.png,2030,9001,15.0,30.0,binary16,fm_only,0,4096,4096,1,12290,21.14507484436035,0.007682322058826685,0.6418680548667908,0.7685629725456238,1,1
kodak,07.png,2030,9001,15.0,30.0,binary16,fm_only,0,4096,4096,1,12290,22.091014862060547,0.006178721319884062,0.46888163685798645,0.8347573280334473,1,1
kodak,08.png,2030,9001,15.0,30.0,binary16,fm_only,0,4096,4096,1,12290,19.736331939697266,0.010625923983752728,0.450409859418869,0.8606030941009521,1,1
kodak,05.png,2030,9001,15.0,30.0,binary16,adaptive_harq,1,8192,4096,2,16388,18.409563064575195,0.014422602020204067,0.5065313577651978,0.8010080456733704,1,0
kodak,06.png,2030,9001,15.0,30.0,binary16,adaptive_harq,1,8192,4096,2,16388,21.1119384765625,0.007741162553429604,0.6404439806938171,0.769346296787262,1,0
kodak,07.png,2030,9001,15.0,30.0,binary16,adaptive_harq,1,8192,4096,2,16388,22.35614585876465,0.005812800955027342,0.44011029601097107,0.8546227812767029,1,0
kodak,08.png,2030,9001,15.0,30.0,binary16,adaptive_harq,1,8192,4096,2,16388,19.743440628051758,0.010608546435832977,0.44926559925079346,0.863398551940918,1,0
kodak,05.png,2030,9001,15.0,30.0,binary16,flowharq,1,8192,4096,2,16388,18.409563064575195,0.014422602020204067,0.5065313577651978,0.8010080456733704,1,0
kodak,06.png,2030,9001,15.0,30.0,binary16,flowharq,1,8192,4096,2,16388,21.1119384765625,0.007741162553429604,0.6404439806938171,0.769346296787262,1,0
kodak,07.png,2030,9001,15.0,30.0,binary16,flowharq,1,8192,4096,2,16388,22.35614585876465,0.005812800955027342,0.44011029601097107,0.8546227812767029,1,0
kodak,08.png,2030,9001,15.0,30.0,binary16,flowharq,1,8192,4096,2,16388,19.743440628051758,0.010608546435832977,0.44926559925079346,0.863398551940918,1,0
kodak,09.png,2030,9001,15.0,30.0,ideal,direct,0,4096,4096,1,12290,23.906858444213867,0.004067374859005213,0.35237228870391846,0.8949152827262878,1,1
kodak,10.png,2030,9001,15.0,30.0,ideal,direct,0,4096,4096,1,12290,28.36381721496582,0.001457532518543303,0.47375816106796265,0.9180135130882263,0,0
kodak,11.png,2030,9001,15.0,30.0,ideal,direct,0,4096,4096,1,12290,20.099510192871094,0.009773471392691135,0.523441731929779,0.8280029892921448,1,1
kodak,12.png,2030,9001,15.0,30.0,ideal,direct,0,4096,4096,1,12290,23.67487335205078,0.004290546756237745,0.5017403364181519,0.8524691462516785,1,1
kodak,09.png,2030,9001,15.0,30.0,ideal,full_harq,1,8192,4096,2,16388,23.906476974487305,0.004067732486873865,0.35282421112060547,0.8951422572135925,1,0
kodak,10.png,2030,9001,15.0,30.0,ideal,full_harq,1,8192,4096,2,16388,28.381988525390625,0.0014514465583488345,0.4716210961341858,0.9188117980957031,0,0
kodak,11.png,2030,9001,15.0,30.0,ideal,full_harq,1,8192,4096,2,16388,20.14291763305664,0.009676274843513966,0.5261492729187012,0.8304316401481628,1,0
kodak,12.png,2030,9001,15.0,30.0,ideal,full_harq,1,8192,4096,2,16388,23.67567253112793,0.004289757926017046,0.49897682666778564,0.8552610278129578,1,0
kodak,09.png,2030,9001,15.0,30.0,ideal,fm_only,0,4096,4096,1,12290,23.966896057128906,0.004011531826108694,0.35326164960861206,0.8953253626823425,1,1
kodak,10.png,2030,9001,15.0,30.0,ideal,fm_only,0,4096,4096,1,12290,28.350780487060547,0.0014619148569181561,0.4730874300003052,0.9176470637321472,0,0
kodak,11.png,2030,9001,15.0,30.0,ideal,fm_only,0,4096,4096,1,12290,20.151065826416016,0.009658134542405605,0.5230996012687683,0.8275735974311829,1,1
kodak,12.png,2030,9001,15.0,30.0,ideal,fm_only,0,4096,4096,1,12290,23.740337371826172,0.004226359073072672,0.5007921457290649,0.8522124290466309,1,1
kodak,09.png,2030,9001,15.0,30.0,ideal,adaptive_harq,0,4096,4096,1,12290,23.906858444213867,0.004067374859005213,0.35237228870391846,0.8949152827262878,1,1
kodak,10.png,2030,9001,15.0,30.0,ideal,adaptive_harq,0,4096,4096,1,12290,28.36381721496582,0.001457532518543303,0.47375816106796265,0.9180135130882263,0,0
kodak,11.png,2030,9001,15.0,30.0,ideal,adaptive_harq,1,8192,4096,2,16388,20.14291763305664,0.009676274843513966,0.5261492729187012,0.8304316401481628,1,0
kodak,12.png,2030,9001,15.0,30.0,ideal,adaptive_harq,0,4096,4096,1,12290,23.67487335205078,0.004290546756237745,0.5017403364181519,0.8524691462516785,1,1
kodak,09.png,2030,9001,15.0,30.0,ideal,flowharq,0,4096,4096,1,12290,23.966896057128906,0.004011531826108694,0.35326164960861206,0.8953253626823425,1,1
kodak,10.png,2030,9001,15.0,30.0,ideal,flowharq,0,4096,4096,1,12290,28.350780487060547,0.0014619148569181561,0.4730874300003052,0.9176470637321472,0,0
kodak,11.png,2030,9001,15.0,30.0,ideal,flowharq,1,8192,4096,2,16388,20.14291763305664,0.009676274843513966,0.5261492729187012,0.8304316401481628,1,0
kodak,12.png,2030,9001,15.0,30.0,ideal,flowharq,0,4096,4096,1,12290,23.740337371826172,0.004226359073072672,0.5007921457290649,0.8522124290466309,1,1
kodak,09.png,2030,9001,15.0,30.0,binary16,direct,0,4096,4096,1,12290,23.9068603515625,0.004067371599376202,0.352372944355011,0.894915759563446,1,1
kodak,10.png,2030,9001,15.0,30.0,binary16,direct,0,4096,4096,1,12290,28.363807678222656,0.0014575362438336015,0.47376111149787903,0.918013870716095,0,0
kodak,11.png,2030,9001,15.0,30.0,binary16,direct,0,4096,4096,1,12290,20.0994873046875,0.009773528203368187,0.5234405994415283,0.8280031085014343,1,1
kodak,12.png,2030,9001,15.0,30.0,binary16,direct,0,4096,4096,1,12290,23.674915313720703,0.004290505778044462,0.5017312169075012,0.8524689078330994,1,1
kodak,09.png,2030,9001,15.0,30.0,binary16,full_harq,1,8192,4096,2,16388,23.906478881835938,0.004067729692906141,0.35282501578330994,0.8951427936553955,1,0
kodak,10.png,2030,9001,15.0,30.0,binary16,full_harq,1,8192,4096,2,16388,28.38197898864746,0.0014514499343931675,0.4716237783432007,0.918813169002533,0,0
kodak,11.png,2030,9001,15.0,30.0,binary16,full_harq,1,8192,4096,2,16388,20.14288902282715,0.009676341898739338,0.526146411895752,0.8304314613342285,1,0
kodak,12.png,2030,9001,15.0,30.0,binary16,full_harq,1,8192,4096,2,16388,23.675708770751953,0.004289720673114061,0.4989664554595947,0.8552603721618652,1,0
kodak,09.png,2030,9001,15.0,30.0,binary16,fm_only,0,4096,4096,1,12290,23.966907501220703,0.004011522512882948,0.35326215624809265,0.8953259587287903,1,1
kodak,10.png,2030,9001,15.0,30.0,binary16,fm_only,0,4096,4096,1,12290,28.350765228271484,0.0014619195135310292,0.473090261220932,0.9176473021507263,0,0
kodak,11.png,2030,9001,15.0,30.0,binary16,fm_only,0,4096,4096,1,12290,20.15104103088379,0.00965819414705038,0.523098886013031,0.8275732398033142,1,1
kodak,12.png,2030,9001,15.0,30.0,binary16,fm_only,0,4096,4096,1,12290,23.740371704101562,0.0042263236828148365,0.5007830262184143,0.8522122502326965,1,1
kodak,09.png,2030,9001,15.0,30.0,binary16,adaptive_harq,0,4096,4096,1,12290,23.9068603515625,0.004067371599376202,0.352372944355011,0.894915759563446,1,1
kodak,10.png,2030,9001,15.0,30.0,binary16,adaptive_harq,0,4096,4096,1,12290,28.363807678222656,0.0014575362438336015,0.47376111149787903,0.918013870716095,0,0
kodak,11.png,2030,9001,15.0,30.0,binary16,adaptive_harq,1,8192,4096,2,16388,20.14288902282715,0.009676341898739338,0.526146411895752,0.8304314613342285,1,0
kodak,12.png,2030,9001,15.0,30.0,binary16,adaptive_harq,0,4096,4096,1,12290,23.674915313720703,0.004290505778044462,0.5017312169075012,0.8524689078330994,1,1
kodak,09.png,2030,9001,15.0,30.0,binary16,flowharq,0,4096,4096,1,12290,23.966907501220703,0.004011522512882948,0.35326215624809265,0.8953259587287903,1,1
kodak,10.png,2030,9001,15.0,30.0,binary16,flowharq,0,4096,4096,1,12290,28.350765228271484,0.0014619195135310292,0.473090261220932,0.9176473021507263,0,0
kodak,11.png,2030,9001,15.0,30.0,binary16,flowharq,1,8192,4096,2,16388,20.14288902282715,0.009676341898739338,0.526146411895752,0.8304314613342285,1,0
kodak,12.png,2030,9001,15.0,30.0,binary16,flowharq,0,4096,4096,1,12290,23.740371704101562,0.0042263236828148365,0.5007830262184143,0.8522122502326965,1,1
kodak,13.png,2030,9001,15.0,30.0,ideal,direct,0,4096,4096,1,12290,19.723037719726562,0.010658502578735352,0.7450607419013977,0.7365354895591736,1,1
kodak,14.png,2030,9001,15.0,30.0,ideal,direct,0,4096,4096,1,12290,19.677433013916016,0.010771014727652073,0.4987887144088745,0.80657559633255,1,1
kodak,15.png,2030,9001,15.0,30.0,ideal,direct,0,4096,4096,1,12290,23.345314025878906,0.004628803115338087,0.468222439289093,0.8769585490226746,1,1
kodak,16.png,2030,9001,15.0,30.0,ideal,direct,0,4096,4096,1,12290,24.846012115478516,0.003276414005085826,0.5539026856422424,0.8666591644287109,0,0
kodak,13.png,2030,9001,15.0,30.0,ideal,full_harq,1,8192,4096,2,16388,20.078046798706055,0.009821898303925991,0.7262588739395142,0.7809023261070251,1,0
kodak,14.png,2030,9001,15.0,30.0,ideal,full_harq,1,8192,4096,2,16388,19.663135528564453,0.010806537233293056,0.49928727746009827,0.8075230717658997,1,0
kodak,15.png,2030,9001,15.0,30.0,ideal,full_harq,1,8192,4096,2,16388,23.34494400024414,0.004629196599125862,0.4699428081512451,0.8779850602149963,1,0
kodak,16.png,2030,9001,15.0,30.0,ideal,full_harq,1,8192,4096,2,16388,24.87632942199707,0.0032536217477172613,0.5537548065185547,0.8679078221321106,0,0
kodak,13.png,2030,9001,15.0,30.0,ideal,fm_only,0,4096,4096,1,12290,19.83931541442871,0.010376919992268085,0.747458279132843,0.7355091571807861,1,1
kodak,14.png,2030,9001,15.0,30.0,ideal,fm_only,0,4096,4096,1,12290,19.739797592163086,0.010617448948323727,0.4996834695339203,0.8063492774963379,1,1
kodak,15.png,2030,9001,15.0,30.0,ideal,fm_only,0,4096,4096,1,12290,23.391000747680664,0.004580362234264612,0.4678182005882263,0.8764299750328064,1,1
kodak,16.png,2030,9001,15.0,30.0,ideal,fm_only,0,4096,4096,1,12290,24.888093948364258,0.0032448202837258577,0.5554386377334595,0.8666801452636719,0,0
kodak,13.png,2030,9001,15.0,30.0,ideal,adaptive_harq,1,8192,4096,2,16388,20.078046798706055,0.009821898303925991,0.7262588739395142,0.7809023261070251,1,0
kodak,14.png,2030,9001,15.0,30.0,ideal,adaptive_harq,1,8192,4096,2,16388,19.663135528564453,0.010806537233293056,0.49928727746009827,0.8075230717658997,1,0
kodak,15.png,2030,9001,15.0,30.0,ideal,adaptive_harq,0,4096,4096,1,12290,23.345314025878906,0.004628803115338087,0.468222439289093,0.8769585490226746,1,1
kodak,16.png,2030,9001,15.0,30.0,ideal,adaptive_harq,0,4096,4096,1,12290,24.846012115478516,0.003276414005085826,0.5539026856422424,0.8666591644287109,0,0
kodak,13.png,2030,9001,15.0,30.0,ideal,flowharq,1,8192,4096,2,16388,20.078046798706055,0.009821898303925991,0.7262588739395142,0.7809023261070251,1,0
kodak,14.png,2030,9001,15.0,30.0,ideal,flowharq,1,8192,4096,2,16388,19.663135528564453,0.010806537233293056,0.49928727746009827,0.8075230717658997,1,0
kodak,15.png,2030,9001,15.0,30.0,ideal,flowharq,0,4096,4096,1,12290,23.391000747680664,0.004580362234264612,0.4678182005882263,0.8764299750328064,1,1
kodak,16.png,2030,9001,15.0,30.0,ideal,flowharq,0,4096,4096,1,12290,24.888093948364258,0.0032448202837258577,0.5554386377334595,0.8666801452636719,0,0
kodak,13.png,2030,9001,15.0,30.0,binary16,direct,0,4096,4096,1,12290,19.723045349121094,0.010658487677574158,0.745064377784729,0.7365344166755676,1,1
kodak,14.png,2030,9001,15.0,30.0,binary16,direct,0,4096,4096,1,12290,19.67745590209961,0.010770956985652447,0.49878770112991333,0.8065761923789978,1,1
kodak,15.png,2030,9001,15.0,30.0,binary16,direct,0,4096,4096,1,12290,23.34539031982422,0.0046287220902740955,0.4682185649871826,0.8769597411155701,1,1
kodak,16.png,2030,9001,15.0,30.0,binary16,direct,0,4096,4096,1,12290,24.845970153808594,0.003276446834206581,0.5539042949676514,0.8666570782661438,0,0
kodak,13.png,2030,9001,15.0,30.0,binary16,full_harq,1,8192,4096,2,16388,20.078046798706055,0.009821898303925991,0.7262618541717529,0.7809023857116699,1,0
kodak,14.png,2030,9001,15.0,30.0,binary16,full_harq,1,8192,4096,2,16388,19.66316032409668,0.010806471109390259,0.49928486347198486,0.8075235486030579,1,0
kodak,15.png,2030,9001,15.0,30.0,binary16,full_harq,1,8192,4096,2,16388,23.345022201538086,0.004629112314432859,0.4699403643608093,0.877985954284668,1,0
kodak,16.png,2030,9001,15.0,30.0,binary16,full_harq,1,8192,4096,2,16388,24.876285552978516,0.0032536552753299475,0.5537562370300293,0.867905855178833,0,0
kodak,13.png,2030,9001,15.0,30.0,binary16,fm_only,0,4096,4096,1,12290,19.83932113647461,0.01037690881639719,0.7474625110626221,0.7355079054832458,1,1
kodak,14.png,2030,9001,15.0,30.0,binary16,fm_only,0,4096,4096,1,12290,19.73981475830078,0.010617408901453018,0.4996813237667084,0.8063495755195618,1,1
kodak,15.png,2030,9001,15.0,30.0,binary16,fm_only,0,4096,4096,1,12290,23.391075134277344,0.0045802840031683445,0.46781468391418457,0.8764312267303467,1,1
kodak,16.png,2030,9001,15.0,30.0,binary16,fm_only,0,4096,4096,1,12290,24.88838005065918,0.003244606079533696,0.555539608001709,0.8666713237762451,0,0
kodak,13.png,2030,9001,15.0,30.0,binary16,adaptive_harq,1,8192,4096,2,16388,20.078046798706055,0.009821898303925991,0.7262618541717529,0.7809023857116699,1,0
kodak,14.png,2030,9001,15.0,30.0,binary16,adaptive_harq,1,8192,4096,2,16388,19.66316032409668,0.010806471109390259,0.49928486347198486,0.8075235486030579,1,0
kodak,15.png,2030,9001,15.0,30.0,binary16,adaptive_harq,0,4096,4096,1,12290,23.34539031982422,0.0046287220902740955,0.4682185649871826,0.8769597411155701,1,1
kodak,16.png,2030,9001,15.0,30.0,binary16,adaptive_harq,0,4096,4096,1,12290,24.845970153808594,0.003276446834206581,0.5539042949676514,0.8666570782661438,0,0
kodak,13.png,2030,9001,15.0,30.0,binary16,flowharq,1,8192,4096,2,16388,20.078046798706055,0.009821898303925991,0.7262618541717529,0.7809023857116699,1,0
kodak,14.png,2030,9001,15.0,30.0,binary16,flowharq,1,8192,4096,2,16388,19.66316032409668,0.010806471109390259,0.49928486347198486,0.8075235486030579,1,0
kodak,15.png,2030,9001,15.0,30.0,binary16,flowharq,0,4096,4096,1,12290,23.391075134277344,0.0045802840031683445,0.46781468391418457,0.8764312267303467,1,1
kodak,16.png,2030,9001,15.0,30.0,binary16,flowharq,0,4096,4096,1,12290,24.88838005065918,0.003244606079533696,0.555539608001709,0.8666713237762451,0,0
kodak,17.png,2030,9001,15.0,30.0,ideal,direct,0,4096,4096,1,12290,25.544353485107422,0.00278974580578506,0.5270726084709167,0.8822441101074219,0,0
kodak,18.png,2030,9001,15.0,30.0,ideal,direct,0,4096,4096,1,12290,20.2390079498291,0.009464536793529987,0.5257993936538696,0.8328809142112732,1,1
kodak,19.png,2030,9001,15.0,30.0,ideal,direct,0,4096,4096,1,12290,20.99834632873535,0.007946308702230453,0.5281097888946533,0.8391613960266113,1,1
kodak,20.png,2030,9001,15.0,30.0,ideal,direct,0,4096,4096,1,12290,23.148330688476562,0.004843584727495909,0.3095197081565857,0.913482666015625,1,1
kodak,17.png,2030,9001,15.0,30.0,ideal,full_harq,1,8192,4096,2,16388,25.784870147705078,0.002639448270201683,0.5081785321235657,0.8994193077087402,0,0
kodak,18.png,2030,9001,15.0,30.0,ideal,full_harq,1,8192,4096,2,16388,20.28615951538086,0.009362331591546535,0.5251650214195251,0.836927592754364,1,0
kodak,19.png,2030,9001,15.0,30.0,ideal,full_harq,1,8192,4096,2,16388,20.997419357299805,0.007948004640638828,0.5277236700057983,0.8393147587776184,1,0
kodak,20.png,2030,9001,15.0,30.0,ideal,full_harq,1,8192,4096,2,16388,23.59464454650879,0.004370544571429491,0.30081507563591003,0.9308066368103027,1,0
kodak,17.png,2030,9001,15.0,30.0,ideal,fm_only,0,4096,4096,1,12290,25.626060485839844,0.0027377509977668524,0.5267214179039001,0.8815820217132568,0,0
kodak,18.png,2030,9001,15.0,30.0,ideal,fm_only,0,4096,4096,1,12290,20.27574348449707,0.009384812787175179,0.5262073874473572,0.8323361277580261,1,1
kodak,19.png,2030,9001,15.0,30.0,ideal,fm_only,0,4096,4096,1,12290,21.014986038208008,0.00791591964662075,0.5290367603302002,0.8385966420173645,1,1
kodak,20.png,2030,9001,15.0,30.0,ideal,fm_only,0,4096,4096,1,12290,23.190004348754883,0.0047973282635211945,0.3101748526096344,0.9133478999137878,1,1
kodak,17.png,2030,9001,15.0,30.0,ideal,adaptive_harq,0,4096,4096,1,12290,25.544353485107422,0.00278974580578506,0.5270726084709167,0.8822441101074219,0,0
kodak,18.png,2030,9001,15.0,30.0,ideal,adaptive_harq,1,8192,4096,2,16388,20.28615951538086,0.009362331591546535,0.5251650214195251,0.836927592754364,1,0
kodak,19.png,2030,9001,15.0,30.0,ideal,adaptive_harq,0,4096,4096,1,12290,20.99834632873535,0.007946308702230453,0.5281097888946533,0.8391613960266113,1,1
kodak,20.png,2030,9001,15.0,30.0,ideal,adaptive_harq,1,8192,4096,2,16388,23.59464454650879,0.004370544571429491,0.30081507563591003,0.9308066368103027,1,0
kodak,17.png,2030,9001,15.0,30.0,ideal,flowharq,0,4096,4096,1,12290,25.626060485839844,0.0027377509977668524,0.5267214179039001,0.8815820217132568,0,0
kodak,18.png,2030,9001,15.0,30.0,ideal,flowharq,1,8192,4096,2,16388,20.28615951538086,0.009362331591546535,0.5251650214195251,0.836927592754364,1,0
kodak,19.png,2030,9001,15.0,30.0,ideal,flowharq,0,4096,4096,1,12290,21.014986038208008,0.00791591964662075,0.5290367603302002,0.8385966420173645,1,1
kodak,20.png,2030,9001,15.0,30.0,ideal,flowharq,0,4096,4096,1,12290,23.190004348754883,0.0047973282635211945,0.3101748526096344,0.9133478999137878,1,1
kodak,17.png,2030,9001,15.0,30.0,binary16,direct,0,4096,4096,1,12290,25.544322967529297,0.0027897644322365522,0.5270782709121704,0.8822444081306458,0,0
kodak,18.png,2030,9001,15.0,30.0,binary16,direct,0,4096,4096,1,12290,20.238967895507812,0.009464620612561703,0.5257961750030518,0.8328798413276672,1,1
kodak,19.png,2030,9001,15.0,30.0,binary16,direct,0,4096,4096,1,12290,20.998348236083984,0.00794630404561758,0.5281102657318115,0.8391616940498352,1,1
kodak,20.png,2030,9001,15.0,30.0,binary16,direct,0,4096,4096,1,12290,23.148393630981445,0.004843514878302813,0.30952051281929016,0.913480818271637,1,1
kodak,17.png,2030,9001,15.0,30.0,binary16,full_harq,1,8192,4096,2,16388,25.784828186035156,0.002639471786096692,0.5081854462623596,0.8994200825691223,0,0
kodak,18.png,2030,9001,15.0,30.0,binary16,full_harq,1,8192,4096,2,16388,20.286121368408203,0.009362413547933102,0.5251626968383789,0.8369264602661133,1,0
kodak,19.png,2030,9001,15.0,30.0,binary16,full_harq,1,8192,4096,2,16388,20.997421264648438,0.00794800091534853,0.5277239084243774,0.8393153548240662,1,0
kodak,20.png,2030,9001,15.0,30.0,binary16,full_harq,1,8192,4096,2,16388,23.594688415527344,0.004370498936623335,0.30082109570503235,0.9308045506477356,1,0
kodak,17.png,2030,9001,15.0,30.0,binary16,fm_only,0,4096,4096,1,12290,25.626049041748047,0.002737757982686162,0.5267258286476135,0.8815832138061523,0,0
kodak,18.png,2030,9001,15.0,30.0,binary16,fm_only,0,4096,4096,1,12290,20.275707244873047,0.009384892880916595,0.5262054204940796,0.8323349952697754,1,1
kodak,19.png,2030,9001,15.0,30.0,binary16,fm_only,0,4096,4096,1,12290,21.01498794555664,0.007915916852653027,0.5290374755859375,0.838597297668457,1,1
kodak,20.png,2030,9001,15.0,30.0,binary16,fm_only,0,4096,4096,1,12290,23.190074920654297,0.004797253757715225,0.3101765513420105,0.9133461117744446,1,1
kodak,17.png,2030,9001,15.0,30.0,binary16,adaptive_harq,0,4096,4096,1,12290,25.544322967529297,0.0027897644322365522,0.5270782709121704,0.8822444081306458,0,0
kodak,18.png,2030,9001,15.0,30.0,binary16,adaptive_harq,1,8192,4096,2,16388,20.286121368408203,0.009362413547933102,0.5251626968383789,0.8369264602661133,1,0
kodak,19.png,2030,9001,15.0,30.0,binary16,adaptive_harq,0,4096,4096,1,12290,20.998348236083984,0.00794630404561758,0.5281102657318115,0.8391616940498352,1,1
kodak,20.png,2030,9001,15.0,30.0,binary16,adaptive_harq,1,8192,4096,2,16388,23.594688415527344,0.004370498936623335,0.30082109570503235,0.9308045506477356,1,0
kodak,17.png,2030,9001,15.0,30.0,binary16,flowharq,0,4096,4096,1,12290,25.626049041748047,0.002737757982686162,0.5267258286476135,0.8815832138061523,0,0
kodak,18.png,2030,9001,15.0,30.0,binary16,flowharq,1,8192,4096,2,16388,20.286121368408203,0.009362413547933102,0.5251626968383789,0.8369264602661133,1,0
kodak,19.png,2030,9001,15.0,30.0,binary16,flowharq,0,4096,4096,1,12290,21.01498794555664,0.007915916852653027,0.5290374755859375,0.838597297668457,1,1
kodak,20.png,2030,9001,15.0,30.0,binary16,flowharq,0,4096,4096,1,12290,23.190074920654297,0.004797253757715225,0.3101765513420105,0.9133461117744446,1,1
kodak,21.png,2030,9001,15.0,30.0,ideal,direct,0,4096,4096,1,12290,21.741514205932617,0.006696511525660753,0.47226276993751526,0.8727566599845886,1,1
kodak,22.png,2030,9001,15.0,30.0,ideal,direct,0,4096,4096,1,12290,21.441917419433594,0.007174776401370764,0.5604434609413147,0.8108204007148743,1,1
kodak,23.png,2030,9001,15.0,30.0,ideal,direct,0,4096,4096,1,12290,24.341135025024414,0.003680327208712697,0.2623600363731384,0.9245555996894836,0,0
kodak,24.png,2030,9001,15.0,30.0,ideal,direct,0,4096,4096,1,12290,23.82274627685547,0.004146917257457972,0.5529444217681885,0.889786422252655,1,1
kodak,21.png,2030,9001,15.0,30.0,ideal,full_harq,1,8192,4096,2,16388,21.73671531677246,0.006703914608806372,0.47169092297554016,0.8727164268493652,1,0
kodak,22.png,2030,9001,15.0,30.0,ideal,full_harq,1,8192,4096,2,16388,21.49300765991211,0.007090862840414047,0.5581175684928894,0.8160825371742249,1,0
kodak,23.png,2030,9001,15.0,30.0,ideal,full_harq,1,8192,4096,2,16388,24.335479736328125,0.0036851230543106794,0.26059427857398987,0.9249775409698486,0,0
kodak,24.png,2030,9001,15.0,30.0,ideal,full_harq,1,8192,4096,2,16388,23.84467124938965,0.004126034211367369,0.5519388318061829,0.8911879658699036,1,0
kodak,21.png,2030,9001,15.0,30.0,ideal,fm_only,0,4096,4096,1,12290,21.7451114654541,0.006690965499728918,0.47335129976272583,0.8718967437744141,1,1
kodak,22.png,2030,9001,15.0,30.0,ideal,fm_only,0,4096,4096,1,12290,21.503475189208984,0.007073794957250357,0.5606138110160828,0.8096945881843567,1,1
kodak,23.png,2030,9001,15.0,30.0,ideal,fm_only,0,4096,4096,1,12290,24.458843231201172,0.003581919940188527,0.2615261673927307,0.9246110916137695,0,0
kodak,24.png,2030,9001,15.0,30.0,ideal,fm_only,0,4096,4096,1,12290,23.86287498474121,0.004108776804059744,0.5537233352661133,0.889265239238739,1,1
kodak,21.png,2030,9001,15.0,30.0,ideal,adaptive_harq,1,8192,4096,2,16388,21.73671531677246,0.006703914608806372,0.47169092297554016,0.8727164268493652,1,0
kodak,22.png,2030,9001,15.0,30.0,ideal,adaptive_harq,1,8192,4096,2,16388,21.49300765991211,0.007090862840414047,0.5581175684928894,0.8160825371742249,1,0
kodak,23.png,2030,9001,15.0,30.0,ideal,adaptive_harq,0,4096,4096,1,12290,24.341135025024414,0.003680327208712697,0.2623600363731384,0.9245555996894836,0,0
kodak,24.png,2030,9001,15.0,30.0,ideal,adaptive_harq,0,4096,4096,1,12290,23.82274627685547,0.004146917257457972,0.5529444217681885,0.889786422252655,1,1
kodak,21.png,2030,9001,15.0,30.0,ideal,flowharq,1,8192,4096,2,16388,21.73671531677246,0.006703914608806372,0.47169092297554016,0.8727164268493652,1,0
kodak,22.png,2030,9001,15.0,30.0,ideal,flowharq,1,8192,4096,2,16388,21.49300765991211,0.007090862840414047,0.5581175684928894,0.8160825371742249,1,0
kodak,23.png,2030,9001,15.0,30.0,ideal,flowharq,0,4096,4096,1,12290,24.458843231201172,0.003581919940188527,0.2615261673927307,0.9246110916137695,0,0
kodak,24.png,2030,9001,15.0,30.0,ideal,flowharq,0,4096,4096,1,12290,23.86287498474121,0.004108776804059744,0.5537233352661133,0.889265239238739,1,1
kodak,21.png,2030,9001,15.0,30.0,binary16,direct,0,4096,4096,1,12290,21.741506576538086,0.006696520373225212,0.47225868701934814,0.8727569580078125,1,1
kodak,22.png,2030,9001,15.0,30.0,binary16,direct,0,4096,4096,1,12290,21.441951751708984,0.007174720987677574,0.5604446530342102,0.8108199238777161,1,1
kodak,23.png,2030,9001,15.0,30.0,binary16,direct,0,4096,4096,1,12290,24.34114646911621,0.003680318361148238,0.2623560428619385,0.9245553016662598,0,0
kodak,24.png,2030,9001,15.0,30.0,binary16,direct,0,4096,4096,1,12290,23.822744369506836,0.004146919585764408,0.5529433488845825,0.8897860050201416,1,1
kodak,21.png,2030,9001,15.0,30.0,binary16,full_harq,1,8192,4096,2,16388,21.736709594726562,0.006703922059386969,0.47168684005737305,0.8727173805236816,1,0
kodak,22.png,2030,9001,15.0,30.0,binary16,full_harq,1,8192,4096,2,16388,21.49303436279297,0.007090819999575615,0.5581191182136536,0.8160826563835144,1,0
kodak,23.png,2030,9001,15.0,30.0,binary16,full_harq,1,8192,4096,2,16388,24.335494995117188,0.003685110481455922,0.2605908513069153,0.9249773621559143,0,0
kodak,24.png,2030,9001,15.0,30.0,binary16,full_harq,1,8192,4096,2,16388,23.84467315673828,0.004126033280044794,0.5519363284111023,0.8911876678466797,1,0
kodak,21.png,2030,9001,15.0,30.0,binary16,fm_only,0,4096,4096,1,12290,21.745105743408203,0.006690977141261101,0.4733475148677826,0.8718981742858887,1,1
kodak,22.png,2030,9001,15.0,30.0,binary16,fm_only,0,4096,4096,1,12290,21.50351333618164,0.007073735352605581,0.5606145858764648,0.8096942901611328,1,1
kodak,23.png,2030,9001,15.0,30.0,binary16,fm_only,0,4096,4096,1,12290,24.45885467529297,0.0035819096956402063,0.26152336597442627,0.9246110320091248,0,0
kodak,24.png,2030,9001,15.0,30.0,binary16,fm_only,0,4096,4096,1,12290,23.862869262695312,0.004108781460672617,0.5537219643592834,0.8892647624015808,1,1
kodak,21.png,2030,9001,15.0,30.0,binary16,adaptive_harq,1,8192,4096,2,16388,21.736709594726562,0.006703922059386969,0.47168684005737305,0.8727173805236816,1,0
kodak,22.png,2030,9001,15.0,30.0,binary16,adaptive_harq,1,8192,4096,2,16388,21.49303436279297,0.007090819999575615,0.5581191182136536,0.8160826563835144,1,0
kodak,23.png,2030,9001,15.0,30.0,binary16,adaptive_harq,0,4096,4096,1,12290,24.34114646911621,0.003680318361148238,0.2623560428619385,0.9245553016662598,0,0
kodak,24.png,2030,9001,15.0,30.0,binary16,adaptive_harq,0,4096,4096,1,12290,23.822744369506836,0.004146919585764408,0.5529433488845825,0.8897860050201416,1,1
kodak,21.png,2030,9001,15.0,30.0,binary16,flowharq,1,8192,4096,2,16388,21.736709594726562,0.006703922059386969,0.47168684005737305,0.8727173805236816,1,0
kodak,22.png,2030,9001,15.0,30.0,binary16,flowharq,1,8192,4096,2,16388,21.49303436279297,0.007090819999575615,0.5581191182136536,0.8160826563835144,1,0
kodak,23.png,2030,9001,15.0,30.0,binary16,flowharq,0,4096,4096,1,12290,24.45885467529297,0.0035819096956402063,0.26152336597442627,0.9246110320091248,0,0
kodak,24.png,2030,9001,15.0,30.0,binary16,flowharq,0,4096,4096,1,12290,23.862869262695312,0.004108781460672617,0.5537219643592834,0.8892647624015808,1,1
kodak,01.png,2030,9001,15.0,60.0,ideal,direct,0,4096,4096,1,12290,20.259052276611328,0.009420952759683132,0.5625336170196533,0.7968351244926453,1,1
kodak,02.png,2030,9001,15.0,60.0,ideal,direct,0,4096,4096,1,12290,22.33203887939453,0.005845156963914633,0.4967336058616638,0.8344842791557312,1,1
kodak,03.png,2030,9001,15.0,60.0,ideal,direct,0,4096,4096,1,12290,23.632625579833984,0.004332488868385553,0.3810833692550659,0.8777849674224854,1,1
kodak,04.png,2030,9001,15.0,60.0,ideal,direct,0,4096,4096,1,12290,27.50522232055664,0.0017761426279321313,0.41907766461372375,0.9417390823364258,0,0
kodak,01.png,2030,9001,15.0,60.0,ideal,full_harq,1,8192,4096,2,16388,20.27301788330078,0.00939070712774992,0.5621240735054016,0.7972783446311951,1,0
kodak,02.png,2030,9001,15.0,60.0,ideal,full_harq,1,8192,4096,2,16388,22.365272521972656,0.005800597369670868,0.482995867729187,0.8466587066650391,1,0
kodak,03.png,2030,9001,15.0,60.0,ideal,full_harq,1,8192,4096,2,16388,23.662315368652344,0.00430297339335084,0.37809985876083374,0.8807441592216492,1,0
kodak,04.png,2030,9001,15.0,60.0,ideal,full_harq,1,8192,4096,2,16388,27.50800132751465,0.001775006647221744,0.41663265228271484,0.9433000683784485,0,0
kodak,01.png,2030,9001,15.0,60.0,ideal,fm_only,0,4096,4096,1,12290,20.32054901123047,0.009288489818572998,0.5634837746620178,0.7971360087394714,1,1
kodak,02.png,2030,9001,15.0,60.0,ideal,fm_only,0,4096,4096,1,12290,22.554216384887695,0.005553648341447115,0.4962119460105896,0.8336694836616516,1,1
kodak,03.png,2030,9001,15.0,60.0,ideal,fm_only,0,4096,4096,1,12290,23.928613662719727,0.004047050606459379,0.381892591714859,0.8798454403877258,1,1
kodak,04.png,2030,9001,15.0,60.0,ideal,fm_only,0,4096,4096,1,12290,27.744571685791016,0.0016809036023914814,0.4217336177825928,0.9410571455955505,0,0
kodak,01.png,2030,9001,15.0,60.0,ideal,adaptive_harq,1,8192,4096,2,16388,20.27301788330078,0.00939070712774992,0.5621240735054016,0.7972783446311951,1,0
kodak,02.png,2030,9001,15.0,60.0,ideal,adaptive_harq,1,8192,4096,2,16388,22.365272521972656,0.005800597369670868,0.482995867729187,0.8466587066650391,1,0
kodak,03.png,2030,9001,15.0,60.0,ideal,adaptive_harq,0,4096,4096,1,12290,23.632625579833984,0.004332488868385553,0.3810833692550659,0.8777849674224854,1,1
kodak,04.png,2030,9001,15.0,60.0,ideal,adaptive_harq,0,4096,4096,1,12290,27.50522232055664,0.0017761426279321313,0.41907766461372375,0.9417390823364258,0,0
kodak,01.png,2030,9001,15.0,60.0,ideal,flowharq,1,8192,4096,2,16388,20.27301788330078,0.00939070712774992,0.5621240735054016,0.7972783446311951,1,0
kodak,02.png,2030,9001,15.0,60.0,ideal,flowharq,1,8192,4096,2,16388,22.365272521972656,0.005800597369670868,0.482995867729187,0.8466587066650391,1,0
kodak,03.png,2030,9001,15.0,60.0,ideal,flowharq,0,4096,4096,1,12290,23.928613662719727,0.004047050606459379,0.381892591714859,0.8798454403877258,1,1
kodak,04.png,2030,9001,15.0,60.0,ideal,flowharq,0,4096,4096,1,12290,27.744571685791016,0.0016809036023914814,0.4217336177825928,0.9410571455955505,0,0
kodak,01.png,2030,9001,15.0,60.0,binary16,direct,0,4096,4096,1,12290,20.25911521911621,0.00942081306129694,0.5625314116477966,0.7968370318412781,1,1
kodak,02.png,2030,9001,15.0,60.0,binary16,direct,0,4096,4096,1,12290,22.332008361816406,0.005845198407769203,0.496733695268631,0.8344821929931641,1,1
kodak,03.png,2030,9001,15.0,60.0,binary16,direct,0,4096,4096,1,12290,23.63259506225586,0.004332519602030516,0.3810865879058838,0.8777875900268555,1,1
kodak,04.png,2030,9001,15.0,60.0,binary16,direct,0,4096,4096,1,12290,27.50503921508789,0.0017762169009074569,0.41907772421836853,0.9417381286621094,0,0
kodak,01.png,2030,9001,15.0,60.0,binary16,full_harq,1,8192,4096,2,16388,20.273082733154297,0.009390566498041153,0.5621219873428345,0.7972801327705383,1,0
kodak,02.png,2030,9001,15.0,60.0,binary16,full_harq,1,8192,4096,2,16388,22.365245819091797,0.005800633225589991,0.48299628496170044,0.8466574549674988,1,0
kodak,03.png,2030,9001,15.0,60.0,binary16,full_harq,1,8192,4096,2,16388,23.662273406982422,0.004303013440221548,0.3781052231788635,0.8807465434074402,1,0
kodak,04.png,2030,9001,15.0,60.0,binary16,full_harq,1,8192,4096,2,16388,27.507837295532227,0.001775073353201151,0.41663312911987305,0.9432994723320007,0,0
kodak,01.png,2030,9001,15.0,60.0,binary16,fm_only,0,4096,4096,1,12290,20.320615768432617,0.009288347326219082,0.5634826421737671,0.797137439250946,1,1
kodak,02.png,2030,9001,15.0,60.0,binary16,fm_only,0,4096,4096,1,12290,22.55417251586914,0.005553703289479017,0.49621090292930603,0.8336675763130188,1,1
kodak,03.png,2030,9001,15.0,60.0,binary16,fm_only,0,4096,4096,1,12290,23.92857551574707,0.004047086462378502,0.381894588470459,0.8798480033874512,1,1
kodak,04.png,2030,9001,15.0,60.0,binary16,fm_only,0,4096,4096,1,12290,27.744380950927734,0.0016809776425361633,0.421732634305954,0.9410558342933655,0,0
kodak,01.png,2030,9001,15.0,60.0,binary16,adaptive_harq,1,8192,4096,2,16388,20.273082733154297,0.009390566498041153,0.5621219873428345,0.7972801327705383,1,0
kodak,02.png,2030,9001,15.0,60.0,binary16,adaptive_harq,1,8192,4096,2,16388,22.365245819091797,0.005800633225589991,0.48299628496170044,0.8466574549674988,1,0
kodak,03.png,2030,9001,15.0,60.0,binary16,adaptive_harq,0,4096,4096,1,12290,23.63259506225586,0.004332519602030516,0.3810865879058838,0.8777875900268555,1,1
kodak,04.png,2030,9001,15.0,60.0,binary16,adaptive_harq,0,4096,4096,1,12290,27.50503921508789,0.0017762169009074569,0.41907772421836853,0.9417381286621094,0,0
kodak,01.png,2030,9001,15.0,60.0,binary16,flowharq,1,8192,4096,2,16388,20.273082733154297,0.009390566498041153,0.5621219873428345,0.7972801327705383,1,0
kodak,02.png,2030,9001,15.0,60.0,binary16,flowharq,1,8192,4096,2,16388,22.365245819091797,0.005800633225589991,0.48299628496170044,0.8466574549674988,1,0
kodak,03.png,2030,9001,15.0,60.0,binary16,flowharq,0,4096,4096,1,12290,23.92857551574707,0.004047086462378502,0.381894588470459,0.8798480033874512,1,1
kodak,04.png,2030,9001,15.0,60.0,binary16,flowharq,0,4096,4096,1,12290,27.744380950927734,0.0016809776425361633,0.421732634305954,0.9410558342933655,0,0
kodak,05.png,2030,9001,15.0,60.0,ideal,direct,0,4096,4096,1,12290,18.374828338623047,0.014538419432938099,0.5092176198959351,0.7955233454704285,1,1
kodak,06.png,2030,9001,15.0,60.0,ideal,direct,0,4096,4096,1,12290,21.114748001098633,0.007736157160252333,0.6380679607391357,0.770839273929596,1,1
kodak,07.png,2030,9001,15.0,60.0,ideal,direct,0,4096,4096,1,12290,22.214174270629883,0.00600596284493804,0.4561784565448761,0.8441470265388489,1,1
kodak,08.png,2030,9001,15.0,60.0,ideal,direct,0,4096,4096,1,12290,19.324729919433594,0.011682265438139439,0.49011826515197754,0.8402237892150879,1,1
kodak,05.png,2030,9001,15.0,60.0,ideal,full_harq,1,8192,4096,2,16388,18.44630241394043,0.014301110059022903,0.4997912049293518,0.8028469681739807,1,0
kodak,06.png,2030,9001,15.0,60.0,ideal,full_harq,1,8192,4096,2,16388,21.12065887451172,0.007725635077804327,0.6387090682983398,0.7711905837059021,1,0
kodak,07.png,2030,9001,15.0,60.0,ideal,full_harq,1,8192,4096,2,16388,22.38161277770996,0.005778814200311899,0.43839430809020996,0.8565096855163574,1,0
kodak,08.png,2030,9001,15.0,60.0,ideal,full_harq,1,8192,4096,2,16388,19.545324325561523,0.011103694327175617,0.4712221622467041,0.8522703051567078,1,0
kodak,05.png,2030,9001,15.0,60.0,ideal,fm_only,0,4096,4096,1,12290,18.424713134765625,0.014372383244335651,0.5087513327598572,0.7954411506652832,1,1
kodak,06.png,2030,9001,15.0,60.0,ideal,fm_only,0,4096,4096,1,12290,21.142852783203125,0.007686255499720573,0.6377955675125122,0.770396888256073,1,1
kodak,07.png,2030,9001,15.0,60.0,ideal,fm_only,0,4096,4096,1,12290,22.259557723999023,0.005943528842180967,0.45685142278671265,0.8435947299003601,1,1
kodak,08.png,2030,9001,15.0,60.0,ideal,fm_only,0,4096,4096,1,12290,19.358562469482422,0.011591605842113495,0.4904314875602722,0.8400823473930359,1,1
kodak,05.png,2030,9001,15.0,60.0,ideal,adaptive_harq,1,8192,4096,2,16388,18.44630241394043,0.014301110059022903,0.4997912049293518,0.8028469681739807,1,0
kodak,06.png,2030,9001,15.0,60.0,ideal,adaptive_harq,1,8192,4096,2,16388,21.12065887451172,0.007725635077804327,0.6387090682983398,0.7711905837059021,1,0
kodak,07.png,2030,9001,15.0,60.0,ideal,adaptive_harq,1,8192,4096,2,16388,22.38161277770996,0.005778814200311899,0.43839430809020996,0.8565096855163574,1,0
kodak,08.png,2030,9001,15.0,60.0,ideal,adaptive_harq,1,8192,4096,2,16388,19.545324325561523,0.011103694327175617,0.4712221622467041,0.8522703051567078,1,0
kodak,05.png,2030,9001,15.0,60.0,ideal,flowharq,1,8192,4096,2,16388,18.44630241394043,0.014301110059022903,0.4997912049293518,0.8028469681739807,1,0
kodak,06.png,2030,9001,15.0,60.0,ideal,flowharq,1,8192,4096,2,16388,21.12065887451172,0.007725635077804327,0.6387090682983398,0.7711905837059021,1,0
kodak,07.png,2030,9001,15.0,60.0,ideal,flowharq,1,8192,4096,2,16388,22.38161277770996,0.005778814200311899,0.43839430809020996,0.8565096855163574,1,0
kodak,08.png,2030,9001,15.0,60.0,ideal,flowharq,1,8192,4096,2,16388,19.545324325561523,0.011103694327175617,0.4712221622467041,0.8522703051567078,1,0
kodak,05.png,2030,9001,15.0,60.0,binary16,direct,0,4096,4096,1,12290,18.374839782714844,0.014538380317389965,0.5092219114303589,0.795524537563324,1,1
kodak,06.png,2030,9001,15.0,60.0,binary16,direct,0,4096,4096,1,12290,21.114749908447266,0.007736154366284609,0.6380677223205566,0.7708397507667542,1,1
kodak,07.png,2030,9001,15.0,60.0,binary16,direct,0,4096,4096,1,12290,22.21413803100586,0.006006009876728058,0.45617595314979553,0.8441462516784668,1,1
kodak,08.png,2030,9001,15.0,60.0,binary16,direct,0,4096,4096,1,12290,19.32471466064453,0.011682308278977871,0.49012184143066406,0.8402220606803894,1,1
kodak,05.png,2030,9001,15.0,60.0,binary16,full_harq,1,8192,4096,2,16388,18.446304321289062,0.014301103539764881,0.4997940957546234,0.802847683429718,1,0
kodak,06.png,2030,9001,15.0,60.0,binary16,full_harq,1,8192,4096,2,16388,21.12066078186035,0.0077256313525140285,0.6387094259262085,0.7711910605430603,1,0
kodak,07.png,2030,9001,15.0,60.0,binary16,full_harq,1,8192,4096,2,16388,22.381587982177734,0.005778846796602011,0.4383906424045563,0.8565087914466858,1,0
kodak,08.png,2030,9001,15.0,60.0,binary16,full_harq,1,8192,4096,2,16388,19.545303344726562,0.011103753000497818,0.47122544050216675,0.8522693514823914,1,0
kodak,05.png,2030,9001,15.0,60.0,binary16,fm_only,0,4096,4096,1,12290,18.424720764160156,0.014372356235980988,0.5087549686431885,0.7954421043395996,1,1
kodak,06.png,2030,9001,15.0,60.0,binary16,fm_only,0,4096,4096,1,12290,21.142852783203125,0.007686255499720573,0.6377949714660645,0.7703977227210999,1,1
kodak,07.png,2030,9001,15.0,60.0,binary16,fm_only,0,4096,4096,1,12290,22.259523391723633,0.0059435716830194,0.4568483233451843,0.8435943126678467,1,1
kodak,08.png,2030,9001,15.0,60.0,binary16,fm_only,0,4096,4096,1,12290,19.35854721069336,0.0115916533395648,0.49043703079223633,0.8400805592536926,1,1
kodak,05.png,2030,9001,15.0,60.0,binary16,adaptive_harq,1,8192,4096,2,16388,18.446304321289062,0.014301103539764881,0.4997940957546234,0.802847683429718,1,0
kodak,06.png,2030,9001,15.0,60.0,binary16,adaptive_harq,1,8192,4096,2,16388,21.12066078186035,0.0077256313525140285,0.6387094259262085,0.7711910605430603,1,0
kodak,07.png,2030,9001,15.0,60.0,binary16,adaptive_harq,1,8192,4096,2,16388,22.381587982177734,0.005778846796602011,0.4383906424045563,0.8565087914466858,1,0
kodak,08.png,2030,9001,15.0,60.0,binary16,adaptive_harq,1,8192,4096,2,16388,19.545303344726562,0.011103753000497818,0.47122544050216675,0.8522693514823914,1,0
kodak,05.png,2030,9001,15.0,60.0,binary16,flowharq,1,8192,4096,2,16388,18.446304321289062,0.014301103539764881,0.4997940957546234,0.802847683429718,1,0
kodak,06.png,2030,9001,15.0,60.0,binary16,flowharq,1,8192,4096,2,16388,21.12066078186035,0.0077256313525140285,0.6387094259262085,0.7711910605430603,1,0
kodak,07.png,2030,9001,15.0,60.0,binary16,flowharq,1,8192,4096,2,16388,22.381587982177734,0.005778846796602011,0.4383906424045563,0.8565087914466858,1,0
kodak,08.png,2030,9001,15.0,60.0,binary16,flowharq,1,8192,4096,2,16388,19.545303344726562,0.011103753000497818,0.47122544050216675,0.8522693514823914,1,0
kodak,09.png,2030,9001,15.0,60.0,ideal,direct,0,4096,4096,1,12290,23.17218017578125,0.004817059263586998,0.4271400272846222,0.8522589802742004,1,1
kodak,10.png,2030,9001,15.0,60.0,ideal,direct,0,4096,4096,1,12290,28.210201263427734,0.001510009984485805,0.47842472791671753,0.9105668663978577,0,0
kodak,11.png,2030,9001,15.0,60.0,ideal,direct,0,4096,4096,1,12290,20.12303924560547,0.009720669128000736,0.527637779712677,0.8282856345176697,1,1
kodak,12.png,2030,9001,15.0,60.0,ideal,direct,0,4096,4096,1,12290,23.56991195678711,0.004395505413413048,0.5149285793304443,0.8443193435668945,1,1
kodak,09.png,2030,9001,15.0,60.0,ideal,full_harq,1,8192,4096,2,16388,23.75998306274414,0.004207283724099398,0.3637005388736725,0.8828368186950684,1,0
kodak,10.png,2030,9001,15.0,60.0,ideal,full_harq,1,8192,4096,2,16388,28.35025978088379,0.0014620894799008965,0.4740869998931885,0.9157148003578186,0,0
kodak,11.png,2030,9001,15.0,60.0,ideal,full_harq,1,8192,4096,2,16388,20.141082763671875,0.009680364280939102,0.5266255140304565,0.8293870091438293,1,0
kodak,12.png,2030,9001,15.0,60.0,ideal,full_harq,1,8192,4096,2,16388,23.664363861083984,0.004300942178815603,0.5003769993782043,0.8525095582008362,1,0
kodak,09.png,2030,9001,15.0,60.0,ideal,fm_only,0,4096,4096,1,12290,23.262414932250977,0.004718005191534758,0.42841628193855286,0.8511096835136414,1,1
kodak,10.png,2030,9001,15.0,60.0,ideal,fm_only,0,4096,4096,1,12290,28.219482421875,0.0015067862113937736,0.47622576355934143,0.9103290438652039,0,0
kodak,11.png,2030,9001,15.0,60.0,ideal,fm_only,0,4096,4096,1,12290,20.160423278808594,0.009637354873120785,0.5281644463539124,0.8277656435966492,1,1
kodak,12.png,2030,9001,15.0,60.0,ideal,fm_only,0,4096,4096,1,12290,23.641742706298828,0.00432340195402503,0.5124000310897827,0.843970000743866,1,1
kodak,09.png,2030,9001,15.0,60.0,ideal,adaptive_harq,1,8192,4096,2,16388,23.75998306274414,0.004207283724099398,0.3637005388736725,0.8828368186950684,1,0
kodak,10.png,2030,9001,15.0,60.0,ideal,adaptive_harq,0,4096,4096,1,12290,28.210201263427734,0.001510009984485805,0.47842472791671753,0.9105668663978577,0,0
kodak,11.png,2030,9001,15.0,60.0,ideal,adaptive_harq,1,8192,4096,2,16388,20.141082763671875,0.009680364280939102,0.5266255140304565,0.8293870091438293,1,0
kodak,12.png,2030,9001,15.0,60.0,ideal,adaptive_harq,0,4096,4096,1,12290,23.56991195678711,0.004395505413413048,0.5149285793304443,0.8443193435668945,1,1
kodak,09.png,2030,9001,15.0,60.0,ideal,flowharq,1,8192,4096,2,16388,23.75998306274414,0.004207283724099398,0.3637005388736725,0.8828368186950684,1,0
kodak,10.png,2030,9001,15.0,60.0,ideal,flowharq,0,4096,4096,1,12290,28.219482421875,0.0015067862113937736,0.47622576355934143,0.9103290438652039,0,0
kodak,11.png,2030,9001,15.0,60.0,ideal,flowharq,1,8192,4096,2,16388,20.141082763671875,0.009680364280939102,0.5266255140304565,0.8293870091438293,1,0
kodak,12.png,2030,9001,15.0,60.0,ideal,flowharq,0,4096,4096,1,12290,23.641742706298828,0.00432340195402503,0.5124000310897827,0.843970000743866,1,1
kodak,09.png,2030,9001,15.0,60.0,binary16,direct,0,4096,4096,1,12290,23.17222785949707,0.00481700524687767,0.4271422028541565,0.85225909948349,1,1
kodak,10.png,2030,9001,15.0,60.0,binary16,direct,0,4096,4096,1,12290,28.21017837524414,0.001510018133558333,0.4784279763698578,0.9105672240257263,0,0
kodak,11.png,2030,9001,15.0,60.0,binary16,direct,0,4096,4096,1,12290,20.123008728027344,0.009720733389258385,0.5276364684104919,0.8282851576805115,1,1
kodak,12.png,2030,9001,15.0,60.0,binary16,direct,0,4096,4096,1,12290,23.56991195678711,0.0043955035507678986,0.5149233341217041,0.8443177342414856,1,1
kodak,09.png,2030,9001,15.0,60.0,binary16,full_harq,1,8192,4096,2,16388,23.760005950927734,0.00420726090669632,0.36370089650154114,0.8828368186950684,1,0
kodak,10.png,2030,9001,15.0,60.0,binary16,full_harq,1,8192,4096,2,16388,28.350250244140625,0.0014620929723605514,0.47408968210220337,0.9157145023345947,0,0
kodak,11.png,2030,9001,15.0,60.0,binary16,full_harq,1,8192,4096,2,16388,20.141056060791016,0.009680425748229027,0.5266231298446655,0.8293868899345398,1,0
kodak,12.png,2030,9001,15.0,60.0,binary16,full_harq,1,8192,4096,2,16388,23.66440773010254,0.004300897940993309,0.5003676414489746,0.8525077700614929,1,0
kodak,09.png,2030,9001,15.0,60.0,binary16,fm_only,0,4096,4096,1,12290,23.262470245361328,0.004717946518212557,0.42841947078704834,0.8511098027229309,1,1
kodak,10.png,2030,9001,15.0,60.0,binary16,fm_only,0,4096,4096,1,12290,28.218379974365234,0.0015071692178025842,0.47628355026245117,0.9103219509124756,0,0
kodak,11.png,2030,9001,15.0,60.0,binary16,fm_only,0,4096,4096,1,12290,20.160390853881836,0.009637421928346157,0.5281638503074646,0.8277649283409119,1,1
kodak,12.png,2030,9001,15.0,60.0,binary16,fm_only,0,4096,4096,1,12290,23.641740798950195,0.004323404747992754,0.5123910307884216,0.8439693450927734,1,1
kodak,09.png,2030,9001,15.0,60.0,binary16,adaptive_harq,1,8192,4096,2,16388,23.760005950927734,0.00420726090669632,0.36370089650154114,0.8828368186950684,1,0
kodak,10.png,2030,9001,15.0,60.0,binary16,adaptive_harq,0,4096,4096,1,12290,28.21017837524414,0.001510018133558333,0.4784279763698578,0.9105672240257263,0,0
kodak,11.png,2030,9001,15.0,60.0,binary16,adaptive_harq,1,8192,4096,2,16388,20.141056060791016,0.009680425748229027,0.5266231298446655,0.8293868899345398,1,0
kodak,12.png,2030,9001,15.0,60.0,binary16,adaptive_harq,0,4096,4096,1,12290,23.56991195678711,0.0043955035507678986,0.5149233341217041,0.8443177342414856,1,1
kodak,09.png,2030,9001,15.0,60.0,binary16,flowharq,1,8192,4096,2,16388,23.760005950927734,0.00420726090669632,0.36370089650154114,0.8828368186950684,1,0
kodak,10.png,2030,9001,15.0,60.0,binary16,flowharq,0,4096,4096,1,12290,28.218379974365234,0.0015071692178025842,0.47628355026245117,0.9103219509124756,0,0
kodak,11.png,2030,9001,15.0,60.0,binary16,flowharq,1,8192,4096,2,16388,20.141056060791016,0.009680425748229027,0.5266231298446655,0.8293868899345398,1,0
kodak,12.png,2030,9001,15.0,60.0,binary16,flowharq,0,4096,4096,1,12290,23.641740798950195,0.004323404747992754,0.5123910307884216,0.8439693450927734,1,1
kodak,13.png,2030,9001,15.0,60.0,ideal,direct,0,4096,4096,1,12290,20.085826873779297,0.00980431865900755,0.7279350161552429,0.7735490202903748,1,1
kodak,14.png,2030,9001,15.0,60.0,ideal,direct,0,4096,4096,1,12290,19.68381690979004,0.010755197145044804,0.5006903409957886,0.8076863884925842,1,1
kodak,15.png,2030,9001,15.0,60.0,ideal,direct,0,4096,4096,1,12290,23.247282028198242,0.004734473768621683,0.4791226089000702,0.8726980090141296,1,1
kodak,16.png,2030,9001,15.0,60.0,ideal,direct,0,4096,4096,1,12290,23.69488525390625,0.004270822275429964,0.6133818030357361,0.77447909116745,1,1
kodak,13.png,2030,9001,15.0,60.0,ideal,full_harq,1,8192,4096,2,16388,20.110706329345703,0.009748309850692749,0.7287627458572388,0.7806787490844727,1,0
kodak,14.png,2030,9001,15.0,60.0,ideal,full_harq,1,8192,4096,2,16388,19.690021514892578,0.010739840567111969,0.5009806156158447,0.8077478408813477,1,0
kodak,15.png,2030,9001,15.0,60.0,ideal,full_harq,1,8192,4096,2,16388,23.253982543945312,0.004727176856249571,0.47290635108947754,0.8755776882171631,1,0
kodak,16.png,2030,9001,15.0,60.0,ideal,full_harq,1,8192,4096,2,16388,24.858110427856445,0.003267299383878708,0.5540348291397095,0.8644223213195801,0,0
kodak,13.png,2030,9001,15.0,60.0,ideal,fm_only,0,4096,4096,1,12290,20.125883102416992,0.009714307263493538,0.7309284210205078,0.773094654083252,1,1
kodak,14.png,2030,9001,15.0,60.0,ideal,fm_only,0,4096,4096,1,12290,19.749650955200195,0.010593387298285961,0.5000022053718567,0.8074894547462463,1,1
kodak,15.png,2030,9001,15.0,60.0,ideal,fm_only,0,4096,4096,1,12290,23.324987411499023,0.00465051643550396,0.4789283275604248,0.8726565837860107,1,1
kodak,16.png,2030,9001,15.0,60.0,ideal,fm_only,0,4096,4096,1,12290,23.956703186035156,0.004020957741886377,0.6289902329444885,0.7690529227256775,1,1
kodak,13.png,2030,9001,15.0,60.0,ideal,adaptive_harq,1,8192,4096,2,16388,20.110706329345703,0.009748309850692749,0.7287627458572388,0.7806787490844727,1,0
kodak,14.png,2030,9001,15.0,60.0,ideal,adaptive_harq,1,8192,4096,2,16388,19.690021514892578,0.010739840567111969,0.5009806156158447,0.8077478408813477,1,0
kodak,15.png,2030,9001,15.0,60.0,ideal,adaptive_harq,0,4096,4096,1,12290,23.247282028198242,0.004734473768621683,0.4791226089000702,0.8726980090141296,1,1
kodak,16.png,2030,9001,15.0,60.0,ideal,adaptive_harq,0,4096,4096,1,12290,23.69488525390625,0.004270822275429964,0.6133818030357361,0.77447909116745,1,1
kodak,13.png,2030,9001,15.0,60.0,ideal,flowharq,1,8192,4096,2,16388,20.110706329345703,0.009748309850692749,0.7287627458572388,0.7806787490844727,1,0
kodak,14.png,2030,9001,15.0,60.0,ideal,flowharq,1,8192,4096,2,16388,19.690021514892578,0.010739840567111969,0.5009806156158447,0.8077478408813477,1,0
kodak,15.png,2030,9001,15.0,60.0,ideal,flowharq,0,4096,4096,1,12290,23.324987411499023,0.00465051643550396,0.4789283275604248,0.8726565837860107,1,1
kodak,16.png,2030,9001,15.0,60.0,ideal,flowharq,0,4096,4096,1,12290,23.956703186035156,0.004020957741886377,0.6289902329444885,0.7690529227256775,1,1
kodak,13.png,2030,9001,15.0,60.0,binary16,direct,0,4096,4096,1,12290,20.08582878112793,0.009804311208426952,0.7279391288757324,0.7735486626625061,1,1
kodak,14.png,2030,9001,15.0,60.0,binary16,direct,0,4096,4096,1,12290,19.68383026123047,0.010755161754786968,0.5006894469261169,0.8076863288879395,1,1
kodak,15.png,2030,9001,15.0,60.0,binary16,direct,0,4096,4096,1,12290,23.247364044189453,0.004734385758638382,0.47911831736564636,0.8726988434791565,1,1
kodak,16.png,2030,9001,15.0,60.0,binary16,direct,0,4096,4096,1,12290,23.6948299407959,0.0042708758264780045,0.6133812069892883,0.7744787335395813,1,1
kodak,13.png,2030,9001,15.0,60.0,binary16,full_harq,1,8192,4096,2,16388,20.11071014404297,0.009748305194079876,0.7287658452987671,0.7806785106658936,1,0
kodak,14.png,2030,9001,15.0,60.0,binary16,full_harq,1,8192,4096,2,16388,19.690034866333008,0.010739806108176708,0.5009797811508179,0.8077476620674133,1,0
kodak,15.png,2030,9001,15.0,60.0,binary16,full_harq,1,8192,4096,2,16388,23.25406837463379,0.004727083258330822,0.4729042053222656,0.8755788207054138,1,0
kodak,16.png,2030,9001,15.0,60.0,binary16,full_harq,1,8192,4096,2,16388,24.858047485351562,0.0032673466484993696,0.5540381073951721,0.8644198775291443,0,0
kodak,13.png,2030,9001,15.0,60.0,binary16,fm_only,0,4096,4096,1,12290,20.125883102416992,0.009714304469525814,0.73093181848526,0.773094117641449,1,1
kodak,14.png,2030,9001,15.0,60.0,binary16,fm_only,0,4096,4096,1,12290,19.74966812133789,0.010593348182737827,0.5000011324882507,0.8074893355369568,1,1
kodak,15.png,2030,9001,15.0,60.0,binary16,fm_only,0,4096,4096,1,12290,23.325071334838867,0.004650426562875509,0.47892576456069946,0.8726575970649719,1,1
kodak,16.png,2030,9001,15.0,60.0,binary16,fm_only,0,4096,4096,1,12290,23.956701278686523,0.0040209596045315266,0.6289878487586975,0.7690549492835999,1,1
kodak,13.png,2030,9001,15.0,60.0,binary16,adaptive_harq,1,8192,4096,2,16388,20.11071014404297,0.009748305194079876,0.7287658452987671,0.7806785106658936,1,0
kodak,14.png,2030,9001,15.0,60.0,binary16,adaptive_harq,1,8192,4096,2,16388,19.690034866333008,0.010739806108176708,0.5009797811508179,0.8077476620674133,1,0
kodak,15.png,2030,9001,15.0,60.0,binary16,adaptive_harq,0,4096,4096,1,12290,23.247364044189453,0.004734385758638382,0.47911831736564636,0.8726988434791565,1,1
kodak,16.png,2030,9001,15.0,60.0,binary16,adaptive_harq,0,4096,4096,1,12290,23.6948299407959,0.0042708758264780045,0.6133812069892883,0.7744787335395813,1,1
kodak,13.png,2030,9001,15.0,60.0,binary16,flowharq,1,8192,4096,2,16388,20.11071014404297,0.009748305194079876,0.7287658452987671,0.7806785106658936,1,0
kodak,14.png,2030,9001,15.0,60.0,binary16,flowharq,1,8192,4096,2,16388,19.690034866333008,0.010739806108176708,0.5009797811508179,0.8077476620674133,1,0
kodak,15.png,2030,9001,15.0,60.0,binary16,flowharq,0,4096,4096,1,12290,23.325071334838867,0.004650426562875509,0.47892576456069946,0.8726575970649719,1,1
kodak,16.png,2030,9001,15.0,60.0,binary16,flowharq,0,4096,4096,1,12290,23.956701278686523,0.0040209596045315266,0.6289878487586975,0.7690549492835999,1,1
kodak,17.png,2030,9001,15.0,60.0,ideal,direct,0,4096,4096,1,12290,25.570735931396484,0.0027728499844670296,0.5164644718170166,0.8912345767021179,0,0
kodak,18.png,2030,9001,15.0,60.0,ideal,direct,0,4096,4096,1,12290,20.25663185119629,0.009426204487681389,0.5229018926620483,0.832869827747345,1,1
kodak,19.png,2030,9001,15.0,60.0,ideal,direct,0,4096,4096,1,12290,20.976112365722656,0.00798709411174059,0.5271710157394409,0.8370383381843567,1,1
kodak,20.png,2030,9001,15.0,60.0,ideal,direct,0,4096,4096,1,12290,23.07673454284668,0.00492409523576498,0.31316518783569336,0.9128023982048035,1,1
kodak,17.png,2030,9001,15.0,60.0,ideal,full_harq,1,8192,4096,2,16388,25.867733001708984,0.002589563839137554,0.49960678815841675,0.9032561182975769,0,0
kodak,18.png,2030,9001,15.0,60.0,ideal,full_harq,1,8192,4096,2,16388,20.270889282226562,0.00939530972391367,0.5213438272476196,0.8339552879333496,1,0
kodak,19.png,2030,9001,15.0,60.0,ideal,full_harq,1,8192,4096,2,16388,20.983673095703125,0.007973204366862774,0.526670515537262,0.837742030620575,1,0
kodak,20.png,2030,9001,15.0,60.0,ideal,full_harq,1,8192,4096,2,16388,23.57905387878418,0.004386263433843851,0.2972608506679535,0.9297921657562256,1,0
kodak,17.png,2030,9001,15.0,60.0,ideal,fm_only,0,4096,4096,1,12290,25.653976440429688,0.0027202086057513952,0.5146981477737427,0.8910703063011169,0,0
kodak,18.png,2030,9001,15.0,60.0,ideal,fm_only,0,4096,4096,1,12290,20.298274993896484,0.00933624804019928,0.5233862400054932,0.8325093388557434,1,1
kodak,19.png,2030,9001,15.0,60.0,ideal,fm_only,0,4096,4096,1,12290,20.990581512451172,0.007960529066622257,0.528296947479248,0.8363410830497742,1,1
kodak,20.png,2030,9001,15.0,60.0,ideal,fm_only,0,4096,4096,1,12290,23.117443084716797,0.004878155887126923,0.3143637776374817,0.9129216074943542,1,1
kodak,17.png,2030,9001,15.0,60.0,ideal,adaptive_harq,0,4096,4096,1,12290,25.570735931396484,0.0027728499844670296,0.5164644718170166,0.8912345767021179,0,0
kodak,18.png,2030,9001,15.0,60.0,ideal,adaptive_harq,1,8192,4096,2,16388,20.270889282226562,0.00939530972391367,0.5213438272476196,0.8339552879333496,1,0
kodak,19.png,2030,9001,15.0,60.0,ideal,adaptive_harq,0,4096,4096,1,12290,20.976112365722656,0.00798709411174059,0.5271710157394409,0.8370383381843567,1,1
kodak,20.png,2030,9001,15.0,60.0,ideal,adaptive_harq,1,8192,4096,2,16388,23.57905387878418,0.004386263433843851,0.2972608506679535,0.9297921657562256,1,0
kodak,17.png,2030,9001,15.0,60.0,ideal,flowharq,0,4096,4096,1,12290,25.653976440429688,0.0027202086057513952,0.5146981477737427,0.8910703063011169,0,0
kodak,18.png,2030,9001,15.0,60.0,ideal,flowharq,1,8192,4096,2,16388,20.270889282226562,0.00939530972391367,0.5213438272476196,0.8339552879333496,1,0
kodak,19.png,2030,9001,15.0,60.0,ideal,flowharq,0,4096,4096,1,12290,20.990581512451172,0.007960529066622257,0.528296947479248,0.8363410830497742,1,1
kodak,20.png,2030,9001,15.0,60.0,ideal,flowharq,1,8192,4096,2,16388,23.57905387878418,0.004386263433843851,0.2972608506679535,0.9297921657562256,1,0
kodak,17.png,2030,9001,15.0,60.0,binary16,direct,0,4096,4096,1,12290,25.57069969177246,0.002772873267531395,0.5164710283279419,0.8912353515625,0,0
kodak,18.png,2030,9001,15.0,60.0,binary16,direct,0,4096,4096,1,12290,20.256574630737305,0.009426328353583813,0.5228996872901917,0.8328680396080017,1,1
kodak,19.png,2030,9001,15.0,60.0,binary16,direct,0,4096,4096,1,12290,20.976104736328125,0.007987109012901783,0.527170717716217,0.8370387554168701,1,1
kodak,20.png,2030,9001,15.0,60.0,binary16,direct,0,4096,4096,1,12290,23.076784133911133,0.004924038890749216,0.31316715478897095,0.9128023982048035,1,1
kodak,17.png,2030,9001,15.0,60.0,binary16,full_harq,1,8192,4096,2,16388,25.867698669433594,0.0025895850267261267,0.49961191415786743,0.9032566547393799,0,0
kodak,18.png,2030,9001,15.0,60.0,binary16,full_harq,1,8192,4096,2,16388,20.270843505859375,0.009395407512784004,0.521343469619751,0.833953857421875,1,0
kodak,19.png,2030,9001,15.0,60.0,binary16,full_harq,1,8192,4096,2,16388,20.983665466308594,0.00797321554273367,0.5266700983047485,0.8377426266670227,1,0
kodak,20.png,2030,9001,15.0,60.0,binary16,full_harq,1,8192,4096,2,16388,23.579113006591797,0.004386202897876501,0.2972652018070221,0.9297904372215271,1,0
kodak,17.png,2030,9001,15.0,60.0,binary16,fm_only,0,4096,4096,1,12290,25.65395736694336,0.0027202211786061525,0.5147040486335754,0.891071617603302,0,0
kodak,18.png,2030,9001,15.0,60.0,binary16,fm_only,0,4096,4096,1,12290,20.2982177734375,0.009336371906101704,0.5233847498893738,0.8325074315071106,1,1
kodak,19.png,2030,9001,15.0,60.0,binary16,fm_only,0,4096,4096,1,12290,20.990571975708008,0.007960544899106026,0.5282965898513794,0.8363416194915771,1,1
kodak,20.png,2030,9001,15.0,60.0,binary16,fm_only,0,4096,4096,1,12290,23.117504119873047,0.004878087900578976,0.3143653869628906,0.912921667098999,1,1
kodak,17.png,2030,9001,15.0,60.0,binary16,adaptive_harq,0,4096,4096,1,12290,25.57069969177246,0.002772873267531395,0.5164710283279419,0.8912353515625,0,0
kodak,18.png,2030,9001,15.0,60.0,binary16,adaptive_harq,1,8192,4096,2,16388,20.270843505859375,0.009395407512784004,0.521343469619751,0.833953857421875,1,0
kodak,19.png,2030,9001,15.0,60.0,binary16,adaptive_harq,0,4096,4096,1,12290,20.976104736328125,0.007987109012901783,0.527170717716217,0.8370387554168701,1,1
kodak,20.png,2030,9001,15.0,60.0,binary16,adaptive_harq,1,8192,4096,2,16388,23.579113006591797,0.004386202897876501,0.2972652018070221,0.9297904372215271,1,0
kodak,17.png,2030,9001,15.0,60.0,binary16,flowharq,0,4096,4096,1,12290,25.65395736694336,0.0027202211786061525,0.5147040486335754,0.891071617603302,0,0
kodak,18.png,2030,9001,15.0,60.0,binary16,flowharq,1,8192,4096,2,16388,20.270843505859375,0.009395407512784004,0.521343469619751,0.833953857421875,1,0
kodak,19.png,2030,9001,15.0,60.0,binary16,flowharq,0,4096,4096,1,12290,20.990571975708008,0.007960544899106026,0.5282965898513794,0.8363416194915771,1,1
kodak,20.png,2030,9001,15.0,60.0,binary16,flowharq,1,8192,4096,2,16388,23.579113006591797,0.004386202897876501,0.2972652018070221,0.9297904372215271,1,0
kodak,21.png,2030,9001,15.0,60.0,ideal,direct,0,4096,4096,1,12290,21.645404815673828,0.006846356671303511,0.4739760160446167,0.8686684966087341,1,1
kodak,22.png,2030,9001,15.0,60.0,ideal,direct,0,4096,4096,1,12290,21.432790756225586,0.007189867552369833,0.5573543310165405,0.8091544508934021,1,1
kodak,23.png,2030,9001,15.0,60.0,ideal,direct,0,4096,4096,1,12290,24.218605041503906,0.0037856411654502153,0.26747018098831177,0.9217422008514404,0,0
kodak,24.png,2030,9001,15.0,60.0,ideal,direct,0,4096,4096,1,12290,23.906394958496094,0.004067807924002409,0.5570509433746338,0.8867864608764648,1,1
kodak,21.png,2030,9001,15.0,60.0,ideal,full_harq,1,8192,4096,2,16388,21.679718017578125,0.006792475935071707,0.4699637293815613,0.8707167506217957,1,0
kodak,22.png,2030,9001,15.0,60.0,ideal,full_harq,1,8192,4096,2,16388,21.42658042907715,0.007200157735496759,0.5584180355072021,0.810297429561615,1,0
kodak,23.png,2030,9001,15.0,60.0,ideal,full_harq,1,8192,4096,2,16388,24.372726440429688,0.0036536548286676407,0.26065537333488464,0.9265174269676208,0,0
kodak,24.png,2030,9001,15.0,60.0,ideal,full_harq,1,8192,4096,2,16388,23.899765014648438,0.00407402403652668,0.5571144223213196,0.8882047533988953,1,0
kodak,21.png,2030,9001,15.0,60.0,ideal,fm_only,0,4096,4096,1,12290,21.666582107543945,0.006813053507357836,0.47481393814086914,0.8681251406669617,1,1
kodak,22.png,2030,9001,15.0,60.0,ideal,fm_only,0,4096,4096,1,12290,21.530550003051758,0.007029834669083357,0.5574778318405151,0.808322012424469,1,1
kodak,23.png,2030,9001,15.0,60.0,ideal,fm_only,0,4096,4096,1,12290,24.381999969482422,0.003645859891548753,0.2680455148220062,0.9219384789466858,0,0
kodak,24.png,2030,9001,15.0,60.0,ideal,fm_only,0,4096,4096,1,12290,23.953689575195312,0.0040237498469650745,0.5572188496589661,0.8862428069114685,1,1
kodak,21.png,2030,9001,15.0,60.0,ideal,adaptive_harq,1,8192,4096,2,16388,21.679718017578125,0.006792475935071707,0.4699637293815613,0.8707167506217957,1,0
kodak,22.png,2030,9001,15.0,60.0,ideal,adaptive_harq,1,8192,4096,2,16388,21.42658042907715,0.007200157735496759,0.5584180355072021,0.810297429561615,1,0
kodak,23.png,2030,9001,15.0,60.0,ideal,adaptive_harq,0,4096,4096,1,12290,24.218605041503906,0.0037856411654502153,0.26747018098831177,0.9217422008514404,0,0
kodak,24.png,2030,9001,15.0,60.0,ideal,adaptive_harq,0,4096,4096,1,12290,23.906394958496094,0.004067807924002409,0.5570509433746338,0.8867864608764648,1,1
kodak,21.png,2030,9001,15.0,60.0,ideal,flowharq,1,8192,4096,2,16388,21.679718017578125,0.006792475935071707,0.4699637293815613,0.8707167506217957,1,0
kodak,22.png,2030,9001,15.0,60.0,ideal,flowharq,1,8192,4096,2,16388,21.42658042907715,0.007200157735496759,0.5584180355072021,0.810297429561615,1,0
kodak,23.png,2030,9001,15.0,60.0,ideal,flowharq,0,4096,4096,1,12290,24.381999969482422,0.003645859891548753,0.2680455148220062,0.9219384789466858,0,0
kodak,24.png,2030,9001,15.0,60.0,ideal,flowharq,0,4096,4096,1,12290,23.953689575195312,0.0040237498469650745,0.5572188496589661,0.8862428069114685,1,1
kodak,21.png,2030,9001,15.0,60.0,binary16,direct,0,4096,4096,1,12290,21.645416259765625,0.006846336182206869,0.47397148609161377,0.8686695098876953,1,1
kodak,22.png,2030,9001,15.0,60.0,binary16,direct,0,4096,4096,1,12290,21.432828903198242,0.007189804222434759,0.5573570728302002,0.8091548085212708,1,1
kodak,23.png,2030,9001,15.0,60.0,binary16,direct,0,4096,4096,1,12290,24.21860694885254,0.003785640001296997,0.2674691379070282,0.9217419028282166,0,0
kodak,24.png,2030,9001,15.0,60.0,binary16,direct,0,4096,4096,1,12290,23.90637969970703,0.0040678237564861774,0.5570487380027771,0.886786162853241,1,1
kodak,21.png,2030,9001,15.0,60.0,binary16,full_harq,1,8192,4096,2,16388,21.67971420288086,0.006792483851313591,0.46995967626571655,0.8707177639007568,1,0
kodak,22.png,2030,9001,15.0,60.0,binary16,full_harq,1,8192,4096,2,16388,21.426610946655273,0.007200104650110006,0.5584208965301514,0.8102976679801941,1,0
kodak,23.png,2030,9001,15.0,60.0,binary16,full_harq,1,8192,4096,2,16388,24.372730255126953,0.0036536501720547676,0.2606564164161682,0.9265170097351074,0,0
kodak,24.png,2030,9001,15.0,60.0,binary16,full_harq,1,8192,4096,2,16388,23.899761199951172,0.004074028227478266,0.5571135878562927,0.8882043361663818,1,0
kodak,21.png,2030,9001,15.0,60.0,binary16,fm_only,0,4096,4096,1,12290,21.666595458984375,0.006813032552599907,0.4748094975948334,0.8681261539459229,1,1
kodak,22.png,2030,9001,15.0,60.0,binary16,fm_only,0,4096,4096,1,12290,21.530582427978516,0.0070297811180353165,0.5574808120727539,0.8083223700523376,1,1
kodak,23.png,2030,9001,15.0,60.0,binary16,fm_only,0,4096,4096,1,12290,24.382001876831055,0.0036458587273955345,0.2680438160896301,0.9219385981559753,0,0
kodak,24.png,2030,9001,15.0,60.0,binary16,fm_only,0,4096,4096,1,12290,23.95366668701172,0.004023771267384291,0.5572163462638855,0.886242151260376,1,1
kodak,21.png,2030,9001,15.0,60.0,binary16,adaptive_harq,1,8192,4096,2,16388,21.67971420288086,0.006792483851313591,0.46995967626571655,0.8707177639007568,1,0
kodak,22.png,2030,9001,15.0,60.0,binary16,adaptive_harq,1,8192,4096,2,16388,21.426610946655273,0.007200104650110006,0.5584208965301514,0.8102976679801941,1,0
kodak,23.png,2030,9001,15.0,60.0,binary16,adaptive_harq,0,4096,4096,1,12290,24.21860694885254,0.003785640001296997,0.2674691379070282,0.9217419028282166,0,0
kodak,24.png,2030,9001,15.0,60.0,binary16,adaptive_harq,0,4096,4096,1,12290,23.90637969970703,0.0040678237564861774,0.5570487380027771,0.886786162853241,1,1
kodak,21.png,2030,9001,15.0,60.0,binary16,flowharq,1,8192,4096,2,16388,21.67971420288086,0.006792483851313591,0.46995967626571655,0.8707177639007568,1,0
kodak,22.png,2030,9001,15.0,60.0,binary16,flowharq,1,8192,4096,2,16388,21.426610946655273,0.007200104650110006,0.5584208965301514,0.8102976679801941,1,0
kodak,23.png,2030,9001,15.0,60.0,binary16,flowharq,0,4096,4096,1,12290,24.382001876831055,0.0036458587273955345,0.2680438160896301,0.9219385981559753,0,0
kodak,24.png,2030,9001,15.0,60.0,binary16,flowharq,0,4096,4096,1,12290,23.95366668701172,0.004023771267384291,0.5572163462638855,0.886242151260376,1,1
kodak,01.png,2030,9001,15.0,90.0,ideal,direct,0,4096,4096,1,12290,20.207355499267578,0.009533763863146305,0.5667096972465515,0.7952138781547546,1,1
kodak,02.png,2030,9001,15.0,90.0,ideal,direct,0,4096,4096,1,12290,22.357587814331055,0.005810870323330164,0.48040294647216797,0.8510081171989441,1,1
kodak,03.png,2030,9001,15.0,90.0,ideal,direct,0,4096,4096,1,12290,23.1573486328125,0.004833537619560957,0.4144348204135895,0.8553743362426758,1,1
kodak,04.png,2030,9001,15.0,90.0,ideal,direct,0,4096,4096,1,12290,26.901065826416016,0.0020412371959537268,0.4515359401702881,0.9202458262443542,0,0
kodak,01.png,2030,9001,15.0,90.0,ideal,full_harq,1,8192,4096,2,16388,20.225372314453125,0.009494294412434101,0.5659309029579163,0.7962096333503723,1,0
kodak,02.png,2030,9001,15.0,90.0,ideal,full_harq,1,8192,4096,2,16388,22.4171142578125,0.005731768440455198,0.4788960814476013,0.8537057042121887,1,0
kodak,03.png,2030,9001,15.0,90.0,ideal,full_harq,1,8192,4096,2,16388,23.552967071533203,0.004412688780575991,0.38917607069015503,0.8727423548698425,1,0
kodak,04.png,2030,9001,15.0,90.0,ideal,full_harq,1,8192,4096,2,16388,27.08991050720215,0.001954380189999938,0.44818854331970215,0.9247248768806458,0,0
kodak,01.png,2030,9001,15.0,90.0,ideal,fm_only,0,4096,4096,1,12290,20.274272918701172,0.00938799325376749,0.5674027800559998,0.7958021759986877,1,1
kodak,02.png,2030,9001,15.0,90.0,ideal,fm_only,0,4096,4096,1,12290,22.47854232788086,0.005651264917105436,0.4803072512149811,0.8502814173698425,1,1
kodak,03.png,2030,9001,15.0,90.0,ideal,fm_only,0,4096,4096,1,12290,23.787843704223633,0.0041803778149187565,0.41904759407043457,0.8581430912017822,1,1
kodak,04.png,2030,9001,15.0,90.0,ideal,fm_only,0,4096,4096,1,12290,27.388851165771484,0.0018243776867166162,0.4581928551197052,0.9184282422065735,0,0
kodak,01.png,2030,9001,15.0,90.0,ideal,adaptive_harq,1,8192,4096,2,16388,20.225372314453125,0.009494294412434101,0.5659309029579163,0.7962096333503723,1,0
kodak,02.png,2030,9001,15.0,90.0,ideal,adaptive_harq,1,8192,4096,2,16388,22.4171142578125,0.005731768440455198,0.4788960814476013,0.8537057042121887,1,0
kodak,03.png,2030,9001,15.0,90.0,ideal,adaptive_harq,1,8192,4096,2,16388,23.552967071533203,0.004412688780575991,0.38917607069015503,0.8727423548698425,1,0
kodak,04.png,2030,9001,15.0,90.0,ideal,adaptive_harq,0,4096,4096,1,12290,26.901065826416016,0.0020412371959537268,0.4515359401702881,0.9202458262443542,0,0
kodak,01.png,2030,9001,15.0,90.0,ideal,flowharq,1,8192,4096,2,16388,20.225372314453125,0.009494294412434101,0.5659309029579163,0.7962096333503723,1,0
kodak,02.png,2030,9001,15.0,90.0,ideal,flowharq,1,8192,4096,2,16388,22.4171142578125,0.005731768440455198,0.4788960814476013,0.8537057042121887,1,0
kodak,03.png,2030,9001,15.0,90.0,ideal,flowharq,0,4096,4096,1,12290,23.787843704223633,0.0041803778149187565,0.41904759407043457,0.8581430912017822,1,1
kodak,04.png,2030,9001,15.0,90.0,ideal,flowharq,0,4096,4096,1,12290,27.388851165771484,0.0018243776867166162,0.4581928551197052,0.9184282422065735,0,0
kodak,01.png,2030,9001,15.0,90.0,binary16,direct,0,4096,4096,1,12290,20.207427978515625,0.009533606469631195,0.5667073726654053,0.7952160239219666,1,1
kodak,02.png,2030,9001,15.0,90.0,binary16,direct,0,4096,4096,1,12290,22.357547760009766,0.005810925271362066,0.4804013669490814,0.8510065078735352,1,1
kodak,03.png,2030,9001,15.0,90.0,binary16,direct,0,4096,4096,1,12290,23.15726089477539,0.0048336368054151535,0.41443902254104614,0.8553731441497803,1,1
kodak,04.png,2030,9001,15.0,90.0,binary16,direct,0,4096,4096,1,12290,26.900962829589844,0.002041284693405032,0.4515337347984314,0.9202445149421692,0,0
kodak,01.png,2030,9001,15.0,90.0,binary16,full_harq,1,8192,4096,2,16388,20.225446701049805,0.009494136087596416,0.565928041934967,0.7962117195129395,1,0
kodak,02.png,2030,9001,15.0,90.0,binary16,full_harq,1,8192,4096,2,16388,22.417072296142578,0.005731821060180664,0.47889435291290283,0.8537041544914246,1,0
kodak,03.png,2030,9001,15.0,90.0,binary16,full_harq,1,8192,4096,2,16388,23.552892684936523,0.004412765149027109,0.3891819715499878,0.8727434277534485,1,0
kodak,04.png,2030,9001,15.0,90.0,binary16,full_harq,1,8192,4096,2,16388,27.089797973632812,0.0019544304814189672,0.4481847286224365,0.9247233271598816,0,0
kodak,01.png,2030,9001,15.0,90.0,binary16,fm_only,0,4096,4096,1,12290,20.274351119995117,0.009387824684381485,0.5674002766609192,0.7958043217658997,1,1
kodak,02.png,2030,9001,15.0,90.0,binary16,fm_only,0,4096,4096,1,12290,22.477882385253906,0.005652124527841806,0.4803265929222107,0.8502755761146545,1,1
kodak,03.png,2030,9001,15.0,90.0,binary16,fm_only,0,4096,4096,1,12290,23.787742614746094,0.004180477932095528,0.4190524220466614,0.8581411838531494,1,1
kodak,04.png,2030,9001,15.0,90.0,binary16,fm_only,0,4096,4096,1,12290,27.38877296447754,0.0018244109814986587,0.4581887722015381,0.9184272885322571,0,0
kodak,01.png,2030,9001,15.0,90.0,binary16,adaptive_harq,1,8192,4096,2,16388,20.225446701049805,0.009494136087596416,0.565928041934967,0.7962117195129395,1,0
kodak,02.png,2030,9001,15.0,90.0,binary16,adaptive_harq,1,8192,4096,2,16388,22.417072296142578,0.005731821060180664,0.47889435291290283,0.8537041544914246,1,0
kodak,03.png,2030,9001,15.0,90.0,binary16,adaptive_harq,1,8192,4096,2,16388,23.552892684936523,0.004412765149027109,0.3891819715499878,0.8727434277534485,1,0
kodak,04.png,2030,9001,15.0,90.0,binary16,adaptive_harq,0,4096,4096,1,12290,26.900962829589844,0.002041284693405032,0.4515337347984314,0.9202445149421692,0,0
kodak,01.png,2030,9001,15.0,90.0,binary16,flowharq,1,8192,4096,2,16388,20.225446701049805,0.009494136087596416,0.565928041934967,0.7962117195129395,1,0
kodak,02.png,2030,9001,15.0,90.0,binary16,flowharq,1,8192,4096,2,16388,22.417072296142578,0.005731821060180664,0.47889435291290283,0.8537041544914246,1,0
kodak,03.png,2030,9001,15.0,90.0,binary16,flowharq,0,4096,4096,1,12290,23.787742614746094,0.004180477932095528,0.4190524220466614,0.8581411838531494,1,1
kodak,04.png,2030,9001,15.0,90.0,binary16,flowharq,0,4096,4096,1,12290,27.38877296447754,0.0018244109814986587,0.4581887722015381,0.9184272885322571,0,0
kodak,05.png,2030,9001,15.0,90.0,ideal,direct,0,4096,4096,1,12290,18.46977424621582,0.014224027283489704,0.49905064702033997,0.8044834136962891,1,1
kodak,06.png,2030,9001,15.0,90.0,ideal,direct,0,4096,4096,1,12290,20.884140014648438,0.008158043026924133,0.6649243831634521,0.7378628849983215,1,1
kodak,07.png,2030,9001,15.0,90.0,ideal,direct,0,4096,4096,1,12290,22.358623504638672,0.005809486377984285,0.4480636715888977,0.8530430793762207,1,1
kodak,08.png,2030,9001,15.0,90.0,ideal,direct,0,4096,4096,1,12290,19.312091827392578,0.011716310866177082,0.4826515018939972,0.8354048132896423,1,1
kodak,05.png,2030,9001,15.0,90.0,ideal,full_harq,1,8192,4096,2,16388,18.493385314941406,0.014146906323730946,0.4977003037929535,0.8060672283172607,1,0
kodak,06.png,2030,9001,15.0,90.0,ideal,full_harq,1,8192,4096,2,16388,20.995141983032227,0.007952172309160233,0.6551945805549622,0.7464354038238525,1,0
kodak,07.png,2030,9001,15.0,90.0,ideal,full_harq,1,8192,4096,2,16388,22.371204376220703,0.005792679730802774,0.4477580189704895,0.8538064360618591,1,0
kodak,08.png,2030,9001,15.0,90.0,ideal,full_harq,1,8192,4096,2,16388,19.732664108276367,0.010634906589984894,0.45171380043029785,0.8623339533805847,1,0
kodak,05.png,2030,9001,15.0,90.0,ideal,fm_only,0,4096,4096,1,12290,18.484066009521484,0.01417729165405035,0.4982694983482361,0.803967297077179,1,1
kodak,06.png,2030,9001,15.0,90.0,ideal,fm_only,0,4096,4096,1,12290,20.99013328552246,0.007961347699165344,0.6692280769348145,0.7382394671440125,1,1
kodak,07.png,2030,9001,15.0,90.0,ideal,fm_only,0,4096,4096,1,12290,22.379192352294922,0.005782035645097494,0.44877809286117554,0.8524587750434875,1,1
kodak,08.png,2030,9001,15.0,90.0,ideal,fm_only,0,4096,4096,1,12290,19.334300994873047,0.011656545102596283,0.48329997062683105,0.834622323513031,1,1
kodak,05.png,2030,9001,15.0,90.0,ideal,adaptive_harq,1,8192,4096,2,16388,18.493385314941406,0.014146906323730946,0.4977003037929535,0.8060672283172607,1,0
kodak,06.png,2030,9001,15.0,90.0,ideal,adaptive_harq,1,8192,4096,2,16388,20.995141983032227,0.007952172309160233,0.6551945805549622,0.7464354038238525,1,0
kodak,07.png,2030,9001,15.0,90.0,ideal,adaptive_harq,1,8192,4096,2,16388,22.371204376220703,0.005792679730802774,0.4477580189704895,0.8538064360618591,1,0
kodak,08.png,2030,9001,15.0,90.0,ideal,adaptive_harq,1,8192,4096,2,16388,19.732664108276367,0.010634906589984894,0.45171380043029785,0.8623339533805847,1,0
kodak,05.png,2030,9001,15.0,90.0,ideal,flowharq,1,8192,4096,2,16388,18.493385314941406,0.014146906323730946,0.4977003037929535,0.8060672283172607,1,0
kodak,06.png,2030,9001,15.0,90.0,ideal,flowharq,1,8192,4096,2,16388,20.995141983032227,0.007952172309160233,0.6551945805549622,0.7464354038238525,1,0
kodak,07.png,2030,9001,15.0,90.0,ideal,flowharq,1,8192,4096,2,16388,22.371204376220703,0.005792679730802774,0.4477580189704895,0.8538064360618591,1,0
kodak,08.png,2030,9001,15.0,90.0,ideal,flowharq,1,8192,4096,2,16388,19.732664108276367,0.010634906589984894,0.45171380043029785,0.8623339533805847,1,0
kodak,05.png,2030,9001,15.0,90.0,binary16,direct,0,4096,4096,1,12290,18.46977424621582,0.014224031008780003,0.4990544617176056,0.804483950138092,1,1
kodak,06.png,2030,9001,15.0,90.0,binary16,direct,0,4096,4096,1,12290,20.88416290283203,0.008157999254763126,0.6649226546287537,0.7378638386726379,1,1
kodak,07.png,2030,9001,15.0,90.0,binary16,direct,0,4096,4096,1,12290,22.358596801757812,0.005809520836919546,0.44806143641471863,0.8530420660972595,1,1
kodak,08.png,2030,9001,15.0,90.0,binary16,direct,0,4096,4096,1,12290,19.312091827392578,0.011716312728822231,0.48265478014945984,0.8354050517082214,1,1
kodak,05.png,2030,9001,15.0,90.0,binary16,full_harq,1,8192,4096,2,16388,18.493383407592773,0.014146910049021244,0.49770301580429077,0.8060676455497742,1,0
kodak,06.png,2030,9001,15.0,90.0,binary16,full_harq,1,8192,4096,2,16388,20.99515151977539,0.007952154614031315,0.6551927328109741,0.7464359402656555,1,0
kodak,07.png,2030,9001,15.0,90.0,binary16,full_harq,1,8192,4096,2,16388,22.371177673339844,0.0057927146553993225,0.44775599241256714,0.8538052439689636,1,0
kodak,08.png,2030,9001,15.0,90.0,binary16,full_harq,1,8192,4096,2,16388,19.732669830322266,0.010634887963533401,0.45171797275543213,0.8623339533805847,1,0
kodak,05.png,2030,9001,15.0,90.0,binary16,fm_only,0,4096,4096,1,12290,18.484066009521484,0.014177297241985798,0.49827221035957336,0.8039677739143372,1,1
kodak,06.png,2030,9001,15.0,90.0,binary16,fm_only,0,4096,4096,1,12290,20.990144729614258,0.007961325347423553,0.6692265272140503,0.7382401823997498,1,1
kodak,07.png,2030,9001,15.0,90.0,binary16,fm_only,0,4096,4096,1,12290,22.379179000854492,0.005782053340226412,0.4487750232219696,0.8524581789970398,1,1
kodak,08.png,2030,9001,15.0,90.0,binary16,fm_only,0,4096,4096,1,12290,19.334304809570312,0.01165653858333826,0.4833037853240967,0.8346226811408997,1,1
kodak,05.png,2030,9001,15.0,90.0,binary16,adaptive_harq,1,8192,4096,2,16388,18.493383407592773,0.014146910049021244,0.49770301580429077,0.8060676455497742,1,0
kodak,06.png,2030,9001,15.0,90.0,binary16,adaptive_harq,1,8192,4096,2,16388,20.99515151977539,0.007952154614031315,0.6551927328109741,0.7464359402656555,1,0
kodak,07.png,2030,9001,15.0,90.0,binary16,adaptive_harq,1,8192,4096,2,16388,22.371177673339844,0.0057927146553993225,0.44775599241256714,0.8538052439689636,1,0
kodak,08.png,2030,9001,15.0,90.0,binary16,adaptive_harq,1,8192,4096,2,16388,19.732669830322266,0.010634887963533401,0.45171797275543213,0.8623339533805847,1,0
kodak,05.png,2030,9001,15.0,90.0,binary16,flowharq,1,8192,4096,2,16388,18.493383407592773,0.014146910049021244,0.49770301580429077,0.8060676455497742,1,0
kodak,06.png,2030,9001,15.0,90.0,binary16,flowharq,1,8192,4096,2,16388,20.99515151977539,0.007952154614031315,0.6551927328109741,0.7464359402656555,1,0
kodak,07.png,2030,9001,15.0,90.0,binary16,flowharq,1,8192,4096,2,16388,22.371177673339844,0.0057927146553993225,0.44775599241256714,0.8538052439689636,1,0
kodak,08.png,2030,9001,15.0,90.0,binary16,flowharq,1,8192,4096,2,16388,19.732669830322266,0.010634887963533401,0.45171797275543213,0.8623339533805847,1,0
kodak,09.png,2030,9001,15.0,90.0,ideal,direct,0,4096,4096,1,12290,23.51617431640625,0.00445023225620389,0.3835444748401642,0.8769990801811218,1,1
kodak,10.png,2030,9001,15.0,90.0,ideal,direct,0,4096,4096,1,12290,28.313142776489258,0.001474638469517231,0.4779317378997803,0.9140484929084778,0,0
kodak,11.png,2030,9001,15.0,90.0,ideal,direct,0,4096,4096,1,12290,20.040966033935547,0.00990611594170332,0.5257509350776672,0.8265009522438049,1,1
kodak,12.png,2030,9001,15.0,90.0,ideal,direct,0,4096,4096,1,12290,23.58241844177246,0.004382865037769079,0.5001901388168335,0.8509951233863831,1,1
kodak,09.png,2030,9001,15.0,90.0,ideal,full_harq,1,8192,4096,2,16388,23.79481315612793,0.004173675086349249,0.3642132580280304,0.8888975977897644,1,0
kodak,10.png,2030,9001,15.0,90.0,ideal,full_harq,1,8192,4096,2,16388,28.37841033935547,0.001452643540687859,0.473225861787796,0.9177401065826416,0,0
kodak,11.png,2030,9001,15.0,90.0,ideal,full_harq,1,8192,4096,2,16388,20.131664276123047,0.0097013795748353,0.522815465927124,0.831066370010376,1,0
kodak,12.png,2030,9001,15.0,90.0,ideal,full_harq,1,8192,4096,2,16388,23.581897735595703,0.004383389838039875,0.5003178715705872,0.8510381579399109,1,0
kodak,09.png,2030,9001,15.0,90.0,ideal,fm_only,0,4096,4096,1,12290,23.5642032623291,0.004401288460940123,0.3861580789089203,0.8769989013671875,1,1
kodak,10.png,2030,9001,15.0,90.0,ideal,fm_only,0,4096,4096,1,12290,28.316804885864258,0.001473396085202694,0.4763171970844269,0.913841724395752,0,0
kodak,11.png,2030,9001,15.0,90.0,ideal,fm_only,0,4096,4096,1,12290,20.08634376525879,0.009803149849176407,0.5253406167030334,0.8260989189147949,1,1
kodak,12.png,2030,9001,15.0,90.0,ideal,fm_only,0,4096,4096,1,12290,23.669395446777344,0.004295961931347847,0.5009607076644897,0.8508148789405823,1,1
kodak,09.png,2030,9001,15.0,90.0,ideal,adaptive_harq,0,4096,4096,1,12290,23.51617431640625,0.00445023225620389,0.3835444748401642,0.8769990801811218,1,1
kodak,10.png,2030,9001,15.0,90.0,ideal,adaptive_harq,0,4096,4096,1,12290,28.313142776489258,0.001474638469517231,0.4779317378997803,0.9140484929084778,0,0
kodak,11.png,2030,9001,15.0,90.0,ideal,adaptive_harq,1,8192,4096,2,16388,20.131664276123047,0.0097013795748353,0.522815465927124,0.831066370010376,1,0
kodak,12.png,2030,9001,15.0,90.0,ideal,adaptive_harq,0,4096,4096,1,12290,23.58241844177246,0.004382865037769079,0.5001901388168335,0.8509951233863831,1,1
kodak,09.png,2030,9001,15.0,90.0,ideal,flowharq,0,4096,4096,1,12290,23.5642032623291,0.004401288460940123,0.3861580789089203,0.8769989013671875,1,1
kodak,10.png,2030,9001,15.0,90.0,ideal,flowharq,0,4096,4096,1,12290,28.316804885864258,0.001473396085202694,0.4763171970844269,0.913841724395752,0,0
kodak,11.png,2030,9001,15.0,90.0,ideal,flowharq,1,8192,4096,2,16388,20.131664276123047,0.0097013795748353,0.522815465927124,0.831066370010376,1,0
kodak,12.png,2030,9001,15.0,90.0,ideal,flowharq,0,4096,4096,1,12290,23.669395446777344,0.004295961931347847,0.5009607076644897,0.8508148789405823,1,1
kodak,09.png,2030,9001,15.0,90.0,binary16,direct,0,4096,4096,1,12290,23.51616096496582,0.00445024436339736,0.38354557752609253,0.8769991993904114,1,1
kodak,10.png,2030,9001,15.0,90.0,binary16,direct,0,4096,4096,1,12290,28.31313705444336,0.0014746416127309203,0.47793614864349365,0.9140495657920837,0,0
kodak,11.png,2030,9001,15.0,90.0,binary16,direct,0,4096,4096,1,12290,20.040924072265625,0.00990621279925108,0.5257489681243896,0.8265008330345154,1,1
kodak,12.png,2030,9001,15.0,90.0,binary16,direct,0,4096,4096,1,12290,23.582412719726562,0.004382870625704527,0.5001794099807739,0.8509928584098816,1,1
kodak,09.png,2030,9001,15.0,90.0,binary16,full_harq,1,8192,4096,2,16388,23.79480743408203,0.004173680674284697,0.36421459913253784,0.8888978362083435,1,0
kodak,10.png,2030,9001,15.0,90.0,binary16,full_harq,1,8192,4096,2,16388,28.37841033935547,0.0014526433078572154,0.47322893142700195,0.9177406430244446,0,0
kodak,11.png,2030,9001,15.0,90.0,binary16,full_harq,1,8192,4096,2,16388,20.13162612915039,0.009701465256512165,0.5228148102760315,0.8310661315917969,1,0
kodak,12.png,2030,9001,15.0,90.0,binary16,full_harq,1,8192,4096,2,16388,23.581893920898438,0.004383394960314035,0.5003072619438171,0.8510366082191467,1,0
kodak,09.png,2030,9001,15.0,90.0,binary16,fm_only,0,4096,4096,1,12290,23.564189910888672,0.004401299171149731,0.3861595392227173,0.8769988417625427,1,1
kodak,10.png,2030,9001,15.0,90.0,binary16,fm_only,0,4096,4096,1,12290,28.316795349121094,0.0014733988791704178,0.4763215184211731,0.9138422608375549,0,0
kodak,11.png,2030,9001,15.0,90.0,binary16,fm_only,0,4096,4096,1,12290,20.08629608154297,0.009803257882595062,0.5253395438194275,0.8260984420776367,1,1
kodak,12.png,2030,9001,15.0,90.0,binary16,fm_only,0,4096,4096,1,12290,23.669376373291016,0.004295981954783201,0.5009492635726929,0.8508133888244629,1,1
kodak,09.png,2030,9001,15.0,90.0,binary16,adaptive_harq,0,4096,4096,1,12290,23.51616096496582,0.00445024436339736,0.38354557752609253,0.8769991993904114,1,1
kodak,10.png,2030,9001,15.0,90.0,binary16,adaptive_harq,0,4096,4096,1,12290,28.31313705444336,0.0014746416127309203,0.47793614864349365,0.9140495657920837,0,0
kodak,11.png,2030,9001,15.0,90.0,binary16,adaptive_harq,1,8192,4096,2,16388,20.13162612915039,0.009701465256512165,0.5228148102760315,0.8310661315917969,1,0
kodak,12.png,2030,9001,15.0,90.0,binary16,adaptive_harq,0,4096,4096,1,12290,23.582412719726562,0.004382870625704527,0.5001794099807739,0.8509928584098816,1,1
kodak,09.png,2030,9001,15.0,90.0,binary16,flowharq,0,4096,4096,1,12290,23.564189910888672,0.004401299171149731,0.3861595392227173,0.8769988417625427,1,1
kodak,10.png,2030,9001,15.0,90.0,binary16,flowharq,0,4096,4096,1,12290,28.316795349121094,0.0014733988791704178,0.4763215184211731,0.9138422608375549,0,0
kodak,11.png,2030,9001,15.0,90.0,binary16,flowharq,1,8192,4096,2,16388,20.13162612915039,0.009701465256512165,0.5228148102760315,0.8310661315917969,1,0
kodak,12.png,2030,9001,15.0,90.0,binary16,flowharq,0,4096,4096,1,12290,23.669376373291016,0.004295981954783201,0.5009492635726929,0.8508133888244629,1,1
kodak,13.png,2030,9001,15.0,90.0,ideal,direct,0,4096,4096,1,12290,20.106243133544922,0.00975833274424076,0.7369197010993958,0.7754316329956055,1,1
kodak,14.png,2030,9001,15.0,90.0,ideal,direct,0,4096,4096,1,12290,19.695051193237305,0.010727412067353725,0.5015588402748108,0.8073763251304626,1,1
kodak,15.png,2030,9001,15.0,90.0,ideal,direct,0,4096,4096,1,12290,23.145355224609375,0.004846903029829264,0.4916095733642578,0.8630242943763733,1,1
kodak,16.png,2030,9001,15.0,90.0,ideal,direct,0,4096,4096,1,12290,23.381328582763672,0.004590575583279133,0.6610986590385437,0.7574350833892822,1,1
kodak,13.png,2030,9001,15.0,90.0,ideal,full_harq,1,8192,4096,2,16388,20.113412857055664,0.009742233902215958,0.7283176183700562,0.7810006141662598,1,0
kodak,14.png,2030,9001,15.0,90.0,ideal,full_harq,1,8192,4096,2,16388,19.693910598754883,0.010730226524174213,0.5008551478385925,0.8081223368644714,1,0
kodak,15.png,2030,9001,15.0,90.0,ideal,full_harq,1,8192,4096,2,16388,23.261150360107422,0.00471937982365489,0.4727741479873657,0.8741171956062317,1,0
kodak,16.png,2030,9001,15.0,90.0,ideal,full_harq,1,8192,4096,2,16388,24.884002685546875,0.0032478782813996077,0.5500874519348145,0.8678702712059021,0,0
kodak,13.png,2030,9001,15.0,90.0,ideal,fm_only,0,4096,4096,1,12290,20.152454376220703,0.009655051864683628,0.7387317419052124,0.7750201225280762,1,1
kodak,14.png,2030,9001,15.0,90.0,ideal,fm_only,0,4096,4096,1,12290,19.75058937072754,0.010591099970042706,0.5024218559265137,0.807178795337677,1,1
kodak,15.png,2030,9001,15.0,90.0,ideal,fm_only,0,4096,4096,1,12290,23.32190704345703,0.004653817508369684,0.4905911087989807,0.8631762862205505,1,1
kodak,16.png,2030,9001,15.0,90.0,ideal,fm_only,0,4096,4096,1,12290,23.35169219970703,0.004622007254511118,0.6869673728942871,0.738487958908081,1,1
kodak,13.png,2030,9001,15.0,90.0,ideal,adaptive_harq,1,8192,4096,2,16388,20.113412857055664,0.009742233902215958,0.7283176183700562,0.7810006141662598,1,0
kodak,14.png,2030,9001,15.0,90.0,ideal,adaptive_harq,1,8192,4096,2,16388,19.693910598754883,0.010730226524174213,0.5008551478385925,0.8081223368644714,1,0
kodak,15.png,2030,9001,15.0,90.0,ideal,adaptive_harq,1,8192,4096,2,16388,23.261150360107422,0.00471937982365489,0.4727741479873657,0.8741171956062317,1,0
kodak,16.png,2030,9001,15.0,90.0,ideal,adaptive_harq,1,8192,4096,2,16388,24.884002685546875,0.0032478782813996077,0.5500874519348145,0.8678702712059021,0,0
kodak,13.png,2030,9001,15.0,90.0,ideal,flowharq,1,8192,4096,2,16388,20.113412857055664,0.009742233902215958,0.7283176183700562,0.7810006141662598,1,0
kodak,14.png,2030,9001,15.0,90.0,ideal,flowharq,1,8192,4096,2,16388,19.693910598754883,0.010730226524174213,0.5008551478385925,0.8081223368644714,1,0
kodak,15.png,2030,9001,15.0,90.0,ideal,flowharq,1,8192,4096,2,16388,23.261150360107422,0.00471937982365489,0.4727741479873657,0.8741171956062317,1,0
kodak,16.png,2030,9001,15.0,90.0,ideal,flowharq,0,4096,4096,1,12290,23.35169219970703,0.004622007254511118,0.6869673728942871,0.738487958908081,1,1
kodak,13.png,2030,9001,15.0,90.0,binary16,direct,0,4096,4096,1,12290,20.106250762939453,0.009758315049111843,0.7369207739830017,0.7754315733909607,1,1
kodak,14.png,2030,9001,15.0,90.0,binary16,direct,0,4096,4096,1,12290,19.69507598876953,0.0107273506000638,0.5015570521354675,0.8073765635490417,1,1
kodak,15.png,2030,9001,15.0,90.0,binary16,direct,0,4096,4096,1,12290,23.145427703857422,0.004846824798732996,0.491605281829834,0.8630242943763733,1,1
kodak,16.png,2030,9001,15.0,90.0,binary16,direct,0,4096,4096,1,12290,23.381385803222656,0.004590514115989208,0.6610943675041199,0.7574377059936523,1,1
kodak,13.png,2030,9001,15.0,90.0,binary16,full_harq,1,8192,4096,2,16388,20.113418579101562,0.009742227382957935,0.728318452835083,0.7810006141662598,1,0
kodak,14.png,2030,9001,15.0,90.0,binary16,full_harq,1,8192,4096,2,16388,19.69393539428711,0.010730168782174587,0.500853419303894,0.8081225752830505,1,0
kodak,15.png,2030,9001,15.0,90.0,binary16,full_harq,1,8192,4096,2,16388,23.261207580566406,0.004719317890703678,0.47277218103408813,0.8741175532341003,1,0
kodak,16.png,2030,9001,15.0,90.0,binary16,full_harq,1,8192,4096,2,16388,24.88394546508789,0.0032479206565767527,0.550088107585907,0.8678679466247559,0,0
kodak,13.png,2030,9001,15.0,90.0,binary16,fm_only,0,4096,4096,1,12290,20.15245819091797,0.009655038826167583,0.7387319207191467,0.7750199437141418,1,1
kodak,14.png,2030,9001,15.0,90.0,binary16,fm_only,0,4096,4096,1,12290,19.750614166259766,0.01059104036539793,0.5024203062057495,0.8071792125701904,1,1
kodak,15.png,2030,9001,15.0,90.0,binary16,fm_only,0,4096,4096,1,12290,23.32196807861328,0.004653751850128174,0.4905862510204315,0.863176167011261,1,1
kodak,16.png,2030,9001,15.0,90.0,binary16,fm_only,0,4096,4096,1,12290,23.351730346679688,0.004621968138962984,0.6869624257087708,0.7384918332099915,1,1
kodak,13.png,2030,9001,15.0,90.0,binary16,adaptive_harq,1,8192,4096,2,16388,20.113418579101562,0.009742227382957935,0.728318452835083,0.7810006141662598,1,0
kodak,14.png,2030,9001,15.0,90.0,binary16,adaptive_harq,1,8192,4096,2,16388,19.69393539428711,0.010730168782174587,0.500853419303894,0.8081225752830505,1,0
kodak,15.png,2030,9001,15.0,90.0,binary16,adaptive_harq,1,8192,4096,2,16388,23.261207580566406,0.004719317890703678,0.47277218103408813,0.8741175532341003,1,0
kodak,16.png,2030,9001,15.0,90.0,binary16,adaptive_harq,1,8192,4096,2,16388,24.88394546508789,0.0032479206565767527,0.550088107585907,0.8678679466247559,0,0
kodak,13.png,2030,9001,15.0,90.0,binary16,flowharq,1,8192,4096,2,16388,20.113418579101562,0.009742227382957935,0.728318452835083,0.7810006141662598,1,0
kodak,14.png,2030,9001,15.0,90.0,binary16,flowharq,1,8192,4096,2,16388,19.69393539428711,0.010730168782174587,0.500853419303894,0.8081225752830505,1,0
kodak,15.png,2030,9001,15.0,90.0,binary16,flowharq,1,8192,4096,2,16388,23.261207580566406,0.004719317890703678,0.47277218103408813,0.8741175532341003,1,0
kodak,16.png,2030,9001,15.0,90.0,binary16,flowharq,0,4096,4096,1,12290,23.351730346679688,0.004621968138962984,0.6869624257087708,0.7384918332099915,1,1
kodak,17.png,2030,9001,15.0,90.0,ideal,direct,0,4096,4096,1,12290,25.5422306060791,0.0027911094948649406,0.5125693678855896,0.8928975462913513,0,0
kodak,18.png,2030,9001,15.0,90.0,ideal,direct,0,4096,4096,1,12290,20.045412063598633,0.00989598035812378,0.5303383469581604,0.8154923915863037,1,1
kodak,19.png,2030,9001,15.0,90.0,ideal,direct,0,4096,4096,1,12290,19.90102767944336,0.010230508632957935,0.6375559568405151,0.7212907671928406,1,1
kodak,20.png,2030,9001,15.0,90.0,ideal,direct,0,4096,4096,1,12290,22.971067428588867,0.005045372527092695,0.3100610077381134,0.9117019772529602,1,1
kodak,17.png,2030,9001,15.0,90.0,ideal,full_harq,1,8192,4096,2,16388,25.851680755615234,0.002599153434857726,0.4957103133201599,0.9062722325325012,0,0
kodak,18.png,2030,9001,15.0,90.0,ideal,full_harq,1,8192,4096,2,16388,20.283519744873047,0.009368023835122585,0.5209784507751465,0.8382548689842224,1,0
kodak,19.png,2030,9001,15.0,90.0,ideal,full_harq,1,8192,4096,2,16388,20.52790069580078,0.008855433203279972,0.5771172046661377,0.7858829498291016,1,0
kodak,20.png,2030,9001,15.0,90.0,ideal,full_harq,1,8192,4096,2,16388,23.585241317749023,0.004380018915981054,0.2993358075618744,0.93137127161026,1,0
kodak,17.png,2030,9001,15.0,90.0,ideal,fm_only,0,4096,4096,1,12290,25.627992630004883,0.00273653375916183,0.5082427859306335,0.8927851319313049,0,0
kodak,18.png,2030,9001,15.0,90.0,ideal,fm_only,0,4096,4096,1,12290,20.126535415649414,0.009712844155728817,0.5311782956123352,0.8151949048042297,1,1
kodak,19.png,2030,9001,15.0,90.0,ideal,fm_only,0,4096,4096,1,12290,19.826562881469727,0.010407431982457638,0.6399407386779785,0.7194256782531738,1,1
kodak,20.png,2030,9001,15.0,90.0,ideal,fm_only,0,4096,4096,1,12290,22.97531509399414,0.005040440242737532,0.31039971113204956,0.9117967486381531,1,1
kodak,17.png,2030,9001,15.0,90.0,ideal,adaptive_harq,0,4096,4096,1,12290,25.5422306060791,0.0027911094948649406,0.5125693678855896,0.8928975462913513,0,0
kodak,18.png,2030,9001,15.0,90.0,ideal,adaptive_harq,1,8192,4096,2,16388,20.283519744873047,0.009368023835122585,0.5209784507751465,0.8382548689842224,1,0
kodak,19.png,2030,9001,15.0,90.0,ideal,adaptive_harq,1,8192,4096,2,16388,20.52790069580078,0.008855433203279972,0.5771172046661377,0.7858829498291016,1,0
kodak,20.png,2030,9001,15.0,90.0,ideal,adaptive_harq,1,8192,4096,2,16388,23.585241317749023,0.004380018915981054,0.2993358075618744,0.93137127161026,1,0
kodak,17.png,2030,9001,15.0,90.0,ideal,flowharq,0,4096,4096,1,12290,25.627992630004883,0.00273653375916183,0.5082427859306335,0.8927851319313049,0,0
kodak,18.png,2030,9001,15.0,90.0,ideal,flowharq,1,8192,4096,2,16388,20.283519744873047,0.009368023835122585,0.5209784507751465,0.8382548689842224,1,0
kodak,19.png,2030,9001,15.0,90.0,ideal,flowharq,1,8192,4096,2,16388,20.52790069580078,0.008855433203279972,0.5771172046661377,0.7858829498291016,1,0
kodak,20.png,2030,9001,15.0,90.0,ideal,flowharq,0,4096,4096,1,12290,22.97531509399414,0.005040440242737532,0.31039971113204956,0.9117967486381531,1,1
kodak,17.png,2030,9001,15.0,90.0,binary16,direct,0,4096,4096,1,12290,25.54216766357422,0.0027911497745662928,0.5125768184661865,0.8928974270820618,0,0
kodak,18.png,2030,9001,15.0,90.0,binary16,direct,0,4096,4096,1,12290,20.045387268066406,0.009896032512187958,0.5303388833999634,0.8154904842376709,1,1
kodak,19.png,2030,9001,15.0,90.0,binary16,direct,0,4096,4096,1,12290,19.901012420654297,0.010230544954538345,0.6375622749328613,0.7212896347045898,1,1
kodak,20.png,2030,9001,15.0,90.0,binary16,direct,0,4096,4096,1,12290,22.97112464904785,0.00504530593752861,0.31006330251693726,0.911700427532196,1,1
kodak,17.png,2030,9001,15.0,90.0,binary16,full_harq,1,8192,4096,2,16388,25.85163116455078,0.002599183702841401,0.49571821093559265,0.9062725901603699,0,0
kodak,18.png,2030,9001,15.0,90.0,binary16,full_harq,1,8192,4096,2,16388,20.283489227294922,0.009368092752993107,0.5209758281707764,0.8382536768913269,1,0
kodak,19.png,2030,9001,15.0,90.0,binary16,full_harq,1,8192,4096,2,16388,20.527889251708984,0.008855457417666912,0.5771191716194153,0.785881519317627,1,0
kodak,20.png,2030,9001,15.0,90.0,binary16,full_harq,1,8192,4096,2,16388,23.585281372070312,0.0043799784034490585,0.2993406057357788,0.9313700199127197,1,0
kodak,17.png,2030,9001,15.0,90.0,binary16,fm_only,0,4096,4096,1,12290,25.627933502197266,0.0027365712448954582,0.5082518458366394,0.8927856087684631,0,0
kodak,18.png,2030,9001,15.0,90.0,binary16,fm_only,0,4096,4096,1,12290,20.126522064208984,0.00971287488937378,0.5311787724494934,0.8151936531066895,1,1
kodak,19.png,2030,9001,15.0,90.0,binary16,fm_only,0,4096,4096,1,12290,19.826553344726562,0.010407455265522003,0.639944851398468,0.7194247841835022,1,1
kodak,20.png,2030,9001,15.0,90.0,binary16,fm_only,0,4096,4096,1,12290,22.975372314453125,0.005040374118834734,0.310402512550354,0.911794126033783,1,1
kodak,17.png,2030,9001,15.0,90.0,binary16,adaptive_harq,0,4096,4096,1,12290,25.54216766357422,0.0027911497745662928,0.5125768184661865,0.8928974270820618,0,0
kodak,18.png,2030,9001,15.0,90.0,binary16,adaptive_harq,1,8192,4096,2,16388,20.283489227294922,0.009368092752993107,0.5209758281707764,0.8382536768913269,1,0
kodak,19.png,2030,9001,15.0,90.0,binary16,adaptive_harq,1,8192,4096,2,16388,20.527889251708984,0.008855457417666912,0.5771191716194153,0.785881519317627,1,0
kodak,20.png,2030,9001,15.0,90.0,binary16,adaptive_harq,1,8192,4096,2,16388,23.585281372070312,0.0043799784034490585,0.2993406057357788,0.9313700199127197,1,0
kodak,17.png,2030,9001,15.0,90.0,binary16,flowharq,0,4096,4096,1,12290,25.627933502197266,0.0027365712448954582,0.5082518458366394,0.8927856087684631,0,0
kodak,18.png,2030,9001,15.0,90.0,binary16,flowharq,1,8192,4096,2,16388,20.283489227294922,0.009368092752993107,0.5209758281707764,0.8382536768913269,1,0
kodak,19.png,2030,9001,15.0,90.0,binary16,flowharq,1,8192,4096,2,16388,20.527889251708984,0.008855457417666912,0.5771191716194153,0.785881519317627,1,0
kodak,20.png,2030,9001,15.0,90.0,binary16,flowharq,0,4096,4096,1,12290,22.975372314453125,0.005040374118834734,0.310402512550354,0.911794126033783,1,1
kodak,21.png,2030,9001,15.0,90.0,ideal,direct,0,4096,4096,1,12290,21.44606590270996,0.007167925592511892,0.47919851541519165,0.8590007424354553,1,1
kodak,22.png,2030,9001,15.0,90.0,ideal,direct,0,4096,4096,1,12290,20.21162986755371,0.009524385444819927,0.6279236078262329,0.6981291174888611,1,1
kodak,23.png,2030,9001,15.0,90.0,ideal,direct,0,4096,4096,1,12290,24.044095993041992,0.0039408546872437,0.2772744297981262,0.9144659638404846,0,0
kodak,24.png,2030,9001,15.0,90.0,ideal,direct,0,4096,4096,1,12290,21.10477066040039,0.007753950078040361,0.7282541990280151,0.6438964605331421,1,1
kodak,21.png,2030,9001,15.0,90.0,ideal,full_harq,1,8192,4096,2,16388,21.660757064819336,0.006822196301072836,0.4738740921020508,0.8700061440467834,1,0
kodak,22.png,2030,9001,15.0,90.0,ideal,full_harq,1,8192,4096,2,16388,21.137744903564453,0.007695296313613653,0.5741493701934814,0.7900670170783997,1,0
kodak,23.png,2030,9001,15.0,90.0,ideal,full_harq,1,8192,4096,2,16388,24.35613441467285,0.0036676388699561357,0.2594383955001831,0.9265058636665344,0,0
kodak,24.png,2030,9001,15.0,90.0,ideal,full_harq,1,8192,4096,2,16388,23.55645751953125,0.004409145098179579,0.5749484896659851,0.8708460330963135,1,0
kodak,21.png,2030,9001,15.0,90.0,ideal,fm_only,0,4096,4096,1,12290,21.491432189941406,0.007093436550348997,0.4802757203578949,0.85854572057724,1,1
kodak,22.png,2030,9001,15.0,90.0,ideal,fm_only,0,4096,4096,1,12290,20.308300018310547,0.009314724244177341,0.6291583776473999,0.6904153823852539,1,1
kodak,23.png,2030,9001,15.0,90.0,ideal,fm_only,0,4096,4096,1,12290,24.211462020874023,0.003791873110458255,0.278506338596344,0.9143872261047363,0,0
kodak,24.png,2030,9001,15.0,90.0,ideal,fm_only,0,4096,4096,1,12290,20.951133728027344,0.008033166639506817,0.7215960621833801,0.6363860964775085,1,1
kodak,21.png,2030,9001,15.0,90.0,ideal,adaptive_harq,1,8192,4096,2,16388,21.660757064819336,0.006822196301072836,0.4738740921020508,0.8700061440467834,1,0
kodak,22.png,2030,9001,15.0,90.0,ideal,adaptive_harq,1,8192,4096,2,16388,21.137744903564453,0.007695296313613653,0.5741493701934814,0.7900670170783997,1,0
kodak,23.png,2030,9001,15.0,90.0,ideal,adaptive_harq,0,4096,4096,1,12290,24.044095993041992,0.0039408546872437,0.2772744297981262,0.9144659638404846,0,0
kodak,24.png,2030,9001,15.0,90.0,ideal,adaptive_harq,1,8192,4096,2,16388,23.55645751953125,0.004409145098179579,0.5749484896659851,0.8708460330963135,1,0
kodak,21.png,2030,9001,15.0,90.0,ideal,flowharq,1,8192,4096,2,16388,21.660757064819336,0.006822196301072836,0.4738740921020508,0.8700061440467834,1,0
kodak,22.png,2030,9001,15.0,90.0,ideal,flowharq,1,8192,4096,2,16388,21.137744903564453,0.007695296313613653,0.5741493701934814,0.7900670170783997,1,0
kodak,23.png,2030,9001,15.0,90.0,ideal,flowharq,0,4096,4096,1,12290,24.211462020874023,0.003791873110458255,0.278506338596344,0.9143872261047363,0,0
kodak,24.png,2030,9001,15.0,90.0,ideal,flowharq,1,8192,4096,2,16388,23.55645751953125,0.004409145098179579,0.5749484896659851,0.8708460330963135,1,0
kodak,21.png,2030,9001,15.0,90.0,binary16,direct,0,4096,4096,1,12290,21.446054458618164,0.007167945150285959,0.4791983366012573,0.8590005040168762,1,1
kodak,22.png,2030,9001,15.0,90.0,binary16,direct,0,4096,4096,1,12290,20.211666107177734,0.009524309076368809,0.6279214024543762,0.698127269744873,1,1
kodak,23.png,2030,9001,15.0,90.0,binary16,direct,0,4096,4096,1,12290,24.044124603271484,0.003940827678889036,0.27727288007736206,0.9144652485847473,0,0
kodak,24.png,2030,9001,15.0,90.0,binary16,direct,0,4096,4096,1,12290,21.104755401611328,0.007753975689411163,0.7282640933990479,0.6438985466957092,1,1
kodak,21.png,2030,9001,15.0,90.0,binary16,full_harq,1,8192,4096,2,16388,21.660757064819336,0.0068221986293792725,0.4738715589046478,0.8700072765350342,1,0
kodak,22.png,2030,9001,15.0,90.0,binary16,full_harq,1,8192,4096,2,16388,21.137731552124023,0.00769532285630703,0.5741503238677979,0.7900660634040833,1,0
kodak,23.png,2030,9001,15.0,90.0,binary16,full_harq,1,8192,4096,2,16388,24.35615348815918,0.0036676230374723673,0.2594376802444458,0.9265057444572449,0,0
kodak,24.png,2030,9001,15.0,90.0,binary16,full_harq,1,8192,4096,2,16388,23.556438446044922,0.0044091627933084965,0.5749439597129822,0.8708460927009583,1,0
kodak,21.png,2030,9001,15.0,90.0,binary16,fm_only,0,4096,4096,1,12290,21.491422653198242,0.007093455176800489,0.4802738428115845,0.8585456013679504,1,1
kodak,22.png,2030,9001,15.0,90.0,binary16,fm_only,0,4096,4096,1,12290,20.308334350585938,0.009314651601016521,0.629156768321991,0.6904147267341614,1,1
kodak,23.png,2030,9001,15.0,90.0,binary16,fm_only,0,4096,4096,1,12290,24.211490631103516,0.00379184796474874,0.2785049080848694,0.9143862128257751,0,0
kodak,24.png,2030,9001,15.0,90.0,binary16,fm_only,0,4096,4096,1,12290,20.95111083984375,0.008033206686377525,0.7216057777404785,0.636387050151825,1,1
kodak,21.png,2030,9001,15.0,90.0,binary16,adaptive_harq,1,8192,4096,2,16388,21.660757064819336,0.0068221986293792725,0.4738715589046478,0.8700072765350342,1,0
kodak,22.png,2030,9001,15.0,90.0,binary16,adaptive_harq,1,8192,4096,2,16388,21.137731552124023,0.00769532285630703,0.5741503238677979,0.7900660634040833,1,0
kodak,23.png,2030,9001,15.0,90.0,binary16,adaptive_harq,0,4096,4096,1,12290,24.044124603271484,0.003940827678889036,0.27727288007736206,0.9144652485847473,0,0
kodak,24.png,2030,9001,15.0,90.0,binary16,adaptive_harq,1,8192,4096,2,16388,23.556438446044922,0.0044091627933084965,0.5749439597129822,0.8708460927009583,1,0
kodak,21.png,2030,9001,15.0,90.0,binary16,flowharq,1,8192,4096,2,16388,21.660757064819336,0.0068221986293792725,0.4738715589046478,0.8700072765350342,1,0
kodak,22.png,2030,9001,15.0,90.0,binary16,flowharq,1,8192,4096,2,16388,21.137731552124023,0.00769532285630703,0.5741503238677979,0.7900660634040833,1,0
kodak,23.png,2030,9001,15.0,90.0,binary16,flowharq,0,4096,4096,1,12290,24.211490631103516,0.00379184796474874,0.2785049080848694,0.9143862128257751,0,0
kodak,24.png,2030,9001,15.0,90.0,binary16,flowharq,1,8192,4096,2,16388,23.556438446044922,0.0044091627933084965,0.5749439597129822,0.8708460927009583,1,0
kodak,01.png,2030,9001,15.0,120.0,ideal,direct,0,4096,4096,1,12290,20.05596160888672,0.009871969930827618,0.5758610367774963,0.7812891602516174,1,1
kodak,02.png,2030,9001,15.0,120.0,ideal,direct,0,4096,4096,1,12290,22.05277442932129,0.006233363877981901,0.505136251449585,0.8251728415489197,1,1
kodak,03.png,2030,9001,15.0,120.0,ideal,direct,0,4096,4096,1,12290,22.459693908691406,0.005675846710801125,0.48064959049224854,0.8018469214439392,1,1
kodak,04.png,2030,9001,15.0,120.0,ideal,direct,0,4096,4096,1,12290,27.38889503479004,0.0018243599915876985,0.42529013752937317,0.9374166131019592,0,0
kodak,01.png,2030,9001,15.0,120.0,ideal,full_harq,1,8192,4096,2,16388,20.205623626708984,0.00953756831586361,0.5695433020591736,0.7915399670600891,1,0
kodak,02.png,2030,9001,15.0,120.0,ideal,full_harq,1,8192,4096,2,16388,22.266759872436523,0.005933678243309259,0.49103501439094543,0.841893196105957,1,0
kodak,03.png,2030,9001,15.0,120.0,ideal,full_harq,1,8192,4096,2,16388,23.442703247070312,0.004526158794760704,0.3917107582092285,0.8732336163520813,1,0
kodak,04.png,2030,9001,15.0,120.0,ideal,full_harq,1,8192,4096,2,16388,27.4515438079834,0.0017982316203415394,0.41939181089401245,0.9405787587165833,0,0
kodak,01.png,2030,9001,15.0,120.0,ideal,fm_only,0,4096,4096,1,12290,20.186063766479492,0.00958061870187521,0.5772738456726074,0.7829834818840027,1,1
kodak,02.png,2030,9001,15.0,120.0,ideal,fm_only,0,4096,4096,1,12290,22.360992431640625,0.005806315690279007,0.5044994950294495,0.8250451683998108,1,1
kodak,03.png,2030,9001,15.0,120.0,ideal,fm_only,0,4096,4096,1,12290,22.938535690307617,0.005083309952169657,0.4971289038658142,0.7949896454811096,1,1
kodak,04.png,2030,9001,15.0,120.0,ideal,fm_only,0,4096,4096,1,12290,27.62214469909668,0.0017289627576246858,0.4290527403354645,0.9368178844451904,0,0
kodak,01.png,2030,9001,15.0,120.0,ideal,adaptive_harq,1,8192,4096,2,16388,20.205623626708984,0.00953756831586361,0.5695433020591736,0.7915399670600891,1,0
kodak,02.png,2030,9001,15.0,120.0,ideal,adaptive_harq,1,8192,4096,2,16388,22.266759872436523,0.005933678243309259,0.49103501439094543,0.841893196105957,1,0
kodak,03.png,2030,9001,15.0,120.0,ideal,adaptive_harq,1,8192,4096,2,16388,23.442703247070312,0.004526158794760704,0.3917107582092285,0.8732336163520813,1,0
kodak,04.png,2030,9001,15.0,120.0,ideal,adaptive_harq,0,4096,4096,1,12290,27.38889503479004,0.0018243599915876985,0.42529013752937317,0.9374166131019592,0,0
kodak,01.png,2030,9001,15.0,120.0,ideal,flowharq,1,8192,4096,2,16388,20.205623626708984,0.00953756831586361,0.5695433020591736,0.7915399670600891,1,0
kodak,02.png,2030,9001,15.0,120.0,ideal,flowharq,1,8192,4096,2,16388,22.266759872436523,0.005933678243309259,0.49103501439094543,0.841893196105957,1,0
kodak,03.png,2030,9001,15.0,120.0,ideal,flowharq,1,8192,4096,2,16388,23.442703247070312,0.004526158794760704,0.3917107582092285,0.8732336163520813,1,0
kodak,04.png,2030,9001,15.0,120.0,ideal,flowharq,0,4096,4096,1,12290,27.62214469909668,0.0017289627576246858,0.4290527403354645,0.9368178844451904,0,0
kodak,01.png,2030,9001,15.0,120.0,binary16,direct,0,4096,4096,1,12290,20.056039810180664,0.009871793910861015,0.5758578181266785,0.7812903523445129,1,1
kodak,02.png,2030,9001,15.0,120.0,binary16,direct,0,4096,4096,1,12290,22.052753448486328,0.0062333946116268635,0.5051390528678894,0.8251697421073914,1,1
kodak,03.png,2030,9001,15.0,120.0,binary16,direct,0,4096,4096,1,12290,22.45958137512207,0.0056759933941066265,0.48065054416656494,0.8018452525138855,1,1
kodak,04.png,2030,9001,15.0,120.0,binary16,direct,0,4096,4096,1,12290,27.388696670532227,0.0018244433449581265,0.42529067397117615,0.9374151825904846,0,0
kodak,01.png,2030,9001,15.0,120.0,binary16,full_harq,1,8192,4096,2,16388,20.205684661865234,0.00953743327409029,0.5695408582687378,0.7915408611297607,1,0
kodak,02.png,2030,9001,15.0,120.0,binary16,full_harq,1,8192,4096,2,16388,22.266738891601562,0.005933708045631647,0.4910333752632141,0.8418920636177063,1,0
kodak,03.png,2030,9001,15.0,120.0,binary16,full_harq,1,8192,4096,2,16388,23.442659378051758,0.004526203032582998,0.3917165696620941,0.8732362389564514,1,0
kodak,04.png,2030,9001,15.0,120.0,binary16,full_harq,1,8192,4096,2,16388,27.451351165771484,0.001798311248421669,0.41939353942871094,0.9405775666236877,0,0
kodak,01.png,2030,9001,15.0,120.0,binary16,fm_only,0,4096,4096,1,12290,20.186134338378906,0.009580464102327824,0.5772732496261597,0.7829842567443848,1,1
kodak,02.png,2030,9001,15.0,120.0,binary16,fm_only,0,4096,4096,1,12290,22.36098289489746,0.0058063301257789135,0.5045009851455688,0.8250426650047302,1,1
kodak,03.png,2030,9001,15.0,120.0,binary16,fm_only,0,4096,4096,1,12290,22.938426971435547,0.005083433818072081,0.49713224172592163,0.79498690366745,1,1
kodak,04.png,2030,9001,15.0,120.0,binary16,fm_only,0,4096,4096,1,12290,27.62192726135254,0.0017290487885475159,0.4290520250797272,0.9368167519569397,0,0
kodak,01.png,2030,9001,15.0,120.0,binary16,adaptive_harq,1,8192,4096,2,16388,20.205684661865234,0.00953743327409029,0.5695408582687378,0.7915408611297607,1,0
kodak,02.png,2030,9001,15.0,120.0,binary16,adaptive_harq,1,8192,4096,2,16388,22.266738891601562,0.005933708045631647,0.4910333752632141,0.8418920636177063,1,0
kodak,03.png,2030,9001,15.0,120.0,binary16,adaptive_harq,1,8192,4096,2,16388,23.442659378051758,0.004526203032582998,0.3917165696620941,0.8732362389564514,1,0
kodak,04.png,2030,9001,15.0,120.0,binary16,adaptive_harq,0,4096,4096,1,12290,27.388696670532227,0.0018244433449581265,0.42529067397117615,0.9374151825904846,0,0
kodak,01.png,2030,9001,15.0,120.0,binary16,flowharq,1,8192,4096,2,16388,20.205684661865234,0.00953743327409029,0.5695408582687378,0.7915408611297607,1,0
kodak,02.png,2030,9001,15.0,120.0,binary16,flowharq,1,8192,4096,2,16388,22.266738891601562,0.005933708045631647,0.4910333752632141,0.8418920636177063,1,0
kodak,03.png,2030,9001,15.0,120.0,binary16,flowharq,1,8192,4096,2,16388,23.442659378051758,0.004526203032582998,0.3917165696620941,0.8732362389564514,1,0
kodak,04.png,2030,9001,15.0,120.0,binary16,flowharq,0,4096,4096,1,12290,27.62192726135254,0.0017290487885475159,0.4290520250797272,0.9368167519569397,0,0
kodak,05.png,2030,9001,15.0,120.0,ideal,direct,0,4096,4096,1,12290,18.439199447631836,0.014324522577226162,0.4973098039627075,0.8025299906730652,1,1
kodak,06.png,2030,9001,15.0,120.0,ideal,direct,0,4096,4096,1,12290,21.089828491210938,0.00778067484498024,0.640008807182312,0.7641717791557312,1,1
kodak,07.png,2030,9001,15.0,120.0,ideal,direct,0,4096,4096,1,12290,22.37929344177246,0.005781902465969324,0.4445415735244751,0.8562023639678955,1,1
kodak,08.png,2030,9001,15.0,120.0,ideal,direct,0,4096,4096,1,12290,19.652626037597656,0.010832718573510647,0.4563559293746948,0.8559879660606384,1,1
kodak,05.png,2030,9001,15.0,120.0,ideal,full_harq,1,8192,4096,2,16388,18.441125869750977,0.014318163506686687,0.4970085024833679,0.8026061058044434,1,0
kodak,06.png,2030,9001,15.0,120.0,ideal,full_harq,1,8192,4096,2,16388,21.136693954467773,0.007697159890085459,0.6409033536911011,0.7685742974281311,1,0
kodak,07.png,2030,9001,15.0,120.0,ideal,full_harq,1,8192,4096,2,16388,22.396467208862305,0.00575908413156867,0.44216257333755493,0.8570096492767334,1,0
kodak,08.png,2030,9001,15.0,120.0,ideal,full_harq,1,8192,4096,2,16388,19.75528907775879,0.010579642839729786,0.44969335198402405,0.8639070391654968,1,0
kodak,05.png,2030,9001,15.0,120.0,ideal,fm_only,0,4096,4096,1,12290,18.46958351135254,0.014224649406969547,0.49736326932907104,0.8021226525306702,1,1
kodak,06.png,2030,9001,15.0,120.0,ideal,fm_only,0,4096,4096,1,12290,21.138046264648438,0.007694767322391272,0.6416351199150085,0.7636978030204773,1,1
kodak,07.png,2030,9001,15.0,120.0,ideal,fm_only,0,4096,4096,1,12290,22.38947105407715,0.0057683661580085754,0.4447516202926636,0.8555195927619934,1,1
kodak,08.png,2030,9001,15.0,120.0,ideal,fm_only,0,4096,4096,1,12290,19.6794490814209,0.010766015388071537,0.45731493830680847,0.8558940887451172,1,1
kodak,05.png,2030,9001,15.0,120.0,ideal,adaptive_harq,1,8192,4096,2,16388,18.441125869750977,0.014318163506686687,0.4970085024833679,0.8026061058044434,1,0
kodak,06.png,2030,9001,15.0,120.0,ideal,adaptive_harq,1,8192,4096,2,16388,21.136693954467773,0.007697159890085459,0.6409033536911011,0.7685742974281311,1,0
kodak,07.png,2030,9001,15.0,120.0,ideal,adaptive_harq,1,8192,4096,2,16388,22.396467208862305,0.00575908413156867,0.44216257333755493,0.8570096492767334,1,0
kodak,08.png,2030,9001,15.0,120.0,ideal,adaptive_harq,1,8192,4096,2,16388,19.75528907775879,0.010579642839729786,0.44969335198402405,0.8639070391654968,1,0
kodak,05.png,2030,9001,15.0,120.0,ideal,flowharq,1,8192,4096,2,16388,18.441125869750977,0.014318163506686687,0.4970085024833679,0.8026061058044434,1,0
kodak,06.png,2030,9001,15.0,120.0,ideal,flowharq,1,8192,4096,2,16388,21.136693954467773,0.007697159890085459,0.6409033536911011,0.7685742974281311,1,0
kodak,07.png,2030,9001,15.0,120.0,ideal,flowharq,1,8192,4096,2,16388,22.396467208862305,0.00575908413156867,0.44216257333755493,0.8570096492767334,1,0
kodak,08.png,2030,9001,15.0,120.0,ideal,flowharq,1,8192,4096,2,16388,19.75528907775879,0.010579642839729786,0.44969335198402405,0.8639070391654968,1,0
kodak,05.png,2030,9001,15.0,120.0,binary16,direct,0,4096,4096,1,12290,18.439197540283203,0.01432452630251646,0.4973127245903015,0.8025307655334473,1,1
kodak,06.png,2030,9001,15.0,120.0,binary16,direct,0,4096,4096,1,12290,21.089824676513672,0.007780679035931826,0.6400082111358643,0.7641716003417969,1,1
kodak,07.png,2030,9001,15.0,120.0,binary16,direct,0,4096,4096,1,12290,22.37928581237793,0.00578191177919507,0.4445379376411438,0.8562015891075134,1,1
kodak,08.png,2030,9001,15.0,120.0,binary16,direct,0,4096,4096,1,12290,19.652637481689453,0.010832685977220535,0.4563586413860321,0.8559883236885071,1,1
kodak,05.png,2030,9001,15.0,120.0,binary16,full_harq,1,8192,4096,2,16388,18.441125869750977,0.014318167231976986,0.49701160192489624,0.8026068806648254,1,0
kodak,06.png,2030,9001,15.0,120.0,binary16,full_harq,1,8192,4096,2,16388,21.136695861816406,0.0076971594244241714,0.6409029960632324,0.768574059009552,1,0
kodak,07.png,2030,9001,15.0,120.0,binary16,full_harq,1,8192,4096,2,16388,22.396459579467773,0.005759093910455704,0.442160427570343,0.8570091128349304,1,0
kodak,08.png,2030,9001,15.0,120.0,binary16,full_harq,1,8192,4096,2,16388,19.755292892456055,0.010579635389149189,0.44969695806503296,0.8639070987701416,1,0
kodak,05.png,2030,9001,15.0,120.0,binary16,fm_only,0,4096,4096,1,12290,18.469579696655273,0.014224660582840443,0.49736541509628296,0.8021233677864075,1,1
kodak,06.png,2030,9001,15.0,120.0,binary16,fm_only,0,4096,4096,1,12290,21.138038635253906,0.007694778963923454,0.6416341662406921,0.7636973857879639,1,1
kodak,07.png,2030,9001,15.0,120.0,binary16,fm_only,0,4096,4096,1,12290,22.38946533203125,0.005768375471234322,0.4447474777698517,0.8555188179016113,1,1
kodak,08.png,2030,9001,15.0,120.0,binary16,fm_only,0,4096,4096,1,12290,19.679468154907227,0.010765972547233105,0.4573172330856323,0.8558945059776306,1,1
kodak,05.png,2030,9001,15.0,120.0,binary16,adaptive_harq,1,8192,4096,2,16388,18.441125869750977,0.014318167231976986,0.49701160192489624,0.8026068806648254,1,0
kodak,06.png,2030,9001,15.0,120.0,binary16,adaptive_harq,1,8192,4096,2,16388,21.136695861816406,0.0076971594244241714,0.6409029960632324,0.768574059009552,1,0
kodak,07.png,2030,9001,15.0,120.0,binary16,adaptive_harq,1,8192,4096,2,16388,22.396459579467773,0.005759093910455704,0.442160427570343,0.8570091128349304,1,0
kodak,08.png,2030,9001,15.0,120.0,binary16,adaptive_harq,1,8192,4096,2,16388,19.755292892456055,0.010579635389149189,0.44969695806503296,0.8639070987701416,1,0
kodak,05.png,2030,9001,15.0,120.0,binary16,flowharq,1,8192,4096,2,16388,18.441125869750977,0.014318167231976986,0.49701160192489624,0.8026068806648254,1,0
kodak,06.png,2030,9001,15.0,120.0,binary16,flowharq,1,8192,4096,2,16388,21.136695861816406,0.0076971594244241714,0.6409029960632324,0.768574059009552,1,0
kodak,07.png,2030,9001,15.0,120.0,binary16,flowharq,1,8192,4096,2,16388,22.396459579467773,0.005759093910455704,0.442160427570343,0.8570091128349304,1,0
kodak,08.png,2030,9001,15.0,120.0,binary16,flowharq,1,8192,4096,2,16388,19.755292892456055,0.010579635389149189,0.44969695806503296,0.8639070987701416,1,0
kodak,09.png,2030,9001,15.0,120.0,ideal,direct,0,4096,4096,1,12290,23.818134307861328,0.004151321481913328,0.3581126630306244,0.8918734192848206,1,1
kodak,10.png,2030,9001,15.0,120.0,ideal,direct,0,4096,4096,1,12290,26.265050888061523,0.002363168867304921,0.6706782579421997,0.8092395663261414,0,0
kodak,11.png,2030,9001,15.0,120.0,ideal,direct,0,4096,4096,1,12290,20.116479873657227,0.00973536167293787,0.5229830741882324,0.8298301696777344,1,1
kodak,12.png,2030,9001,15.0,120.0,ideal,direct,0,4096,4096,1,12290,23.12070083618164,0.00487449811771512,0.5379571318626404,0.8269560933113098,1,1
kodak,09.png,2030,9001,15.0,120.0,ideal,full_harq,1,8192,4096,2,16388,23.816303253173828,0.00415307329967618,0.3578561544418335,0.891940176486969,1,0
kodak,10.png,2030,9001,15.0,120.0,ideal,full_harq,1,8192,4096,2,16388,28.378963470458984,0.001452457974664867,0.4717906415462494,0.9162552952766418,0,0
kodak,11.png,2030,9001,15.0,120.0,ideal,full_harq,1,8192,4096,2,16388,20.12462615966797,0.009717113338410854,0.5220112800598145,0.8308892846107483,1,0
kodak,12.png,2030,9001,15.0,120.0,ideal,full_harq,1,8192,4096,2,16388,23.628637313842773,0.004336468409746885,0.5019426941871643,0.8561385273933411,1,0
kodak,09.png,2030,9001,15.0,120.0,ideal,fm_only,0,4096,4096,1,12290,23.88409423828125,0.004088749643415213,0.3589400053024292,0.8923694491386414,1,1
kodak,10.png,2030,9001,15.0,120.0,ideal,fm_only,0,4096,4096,1,12290,26.331871032714844,0.0023270887322723866,0.6755942106246948,0.8057727813720703,0,0
kodak,11.png,2030,9001,15.0,120.0,ideal,fm_only,0,4096,4096,1,12290,20.14857292175293,0.009663681499660015,0.5226202011108398,0.8292995095252991,1,1
kodak,12.png,2030,9001,15.0,120.0,ideal,fm_only,0,4096,4096,1,12290,23.216035842895508,0.004768660757690668,0.5406610369682312,0.8268401622772217,1,1
kodak,09.png,2030,9001,15.0,120.0,ideal,adaptive_harq,0,4096,4096,1,12290,23.818134307861328,0.004151321481913328,0.3581126630306244,0.8918734192848206,1,1
kodak,10.png,2030,9001,15.0,120.0,ideal,adaptive_harq,0,4096,4096,1,12290,26.265050888061523,0.002363168867304921,0.6706782579421997,0.8092395663261414,0,0
kodak,11.png,2030,9001,15.0,120.0,ideal,adaptive_harq,1,8192,4096,2,16388,20.12462615966797,0.009717113338410854,0.5220112800598145,0.8308892846107483,1,0
kodak,12.png,2030,9001,15.0,120.0,ideal,adaptive_harq,0,4096,4096,1,12290,23.12070083618164,0.00487449811771512,0.5379571318626404,0.8269560933113098,1,1
kodak,09.png,2030,9001,15.0,120.0,ideal,flowharq,0,4096,4096,1,12290,23.88409423828125,0.004088749643415213,0.3589400053024292,0.8923694491386414,1,1
kodak,10.png,2030,9001,15.0,120.0,ideal,flowharq,0,4096,4096,1,12290,26.331871032714844,0.0023270887322723866,0.6755942106246948,0.8057727813720703,0,0
kodak,11.png,2030,9001,15.0,120.0,ideal,flowharq,1,8192,4096,2,16388,20.12462615966797,0.009717113338410854,0.5220112800598145,0.8308892846107483,1,0
kodak,12.png,2030,9001,15.0,120.0,ideal,flowharq,0,4096,4096,1,12290,23.216035842895508,0.004768660757690668,0.5406610369682312,0.8268401622772217,1,1
kodak,09.png,2030,9001,15.0,120.0,binary16,direct,0,4096,4096,1,12290,23.818147659301758,0.004151310306042433,0.3581154942512512,0.8918731808662415,1,1
kodak,10.png,2030,9001,15.0,120.0,binary16,direct,0,4096,4096,1,12290,26.265087127685547,0.002363149542361498,0.6706802248954773,0.809238851070404,0,0
kodak,11.png,2030,9001,15.0,120.0,binary16,direct,0,4096,4096,1,12290,20.116451263427734,0.009735423140227795,0.5229825377464294,0.8298299908638,1,1
kodak,12.png,2030,9001,15.0,120.0,binary16,direct,0,4096,4096,1,12290,23.120750427246094,0.004874441772699356,0.5379534363746643,0.8269551396369934,1,1
kodak,09.png,2030,9001,15.0,120.0,binary16,full_harq,1,8192,4096,2,16388,23.816314697265625,0.004153063520789146,0.35785889625549316,0.8919402956962585,1,0
kodak,10.png,2030,9001,15.0,120.0,binary16,full_harq,1,8192,4096,2,16388,28.37895393371582,0.0014524618163704872,0.471793532371521,0.9162557721138,0,0
kodak,11.png,2030,9001,15.0,120.0,binary16,full_harq,1,8192,4096,2,16388,20.124595642089844,0.009717184118926525,0.5220103859901428,0.8308889865875244,1,0
kodak,12.png,2030,9001,15.0,120.0,binary16,full_harq,1,8192,4096,2,16388,23.628673553466797,0.004336432553827763,0.5019338130950928,0.8561380505561829,1,0
kodak,09.png,2030,9001,15.0,120.0,binary16,fm_only,0,4096,4096,1,12290,23.88411521911621,0.00408873101696372,0.35894283652305603,0.8923689723014832,1,1
kodak,10.png,2030,9001,15.0,120.0,binary16,fm_only,0,4096,4096,1,12290,26.331951141357422,0.0023270451929420233,0.6755961179733276,0.8057727217674255,0,0
kodak,11.png,2030,9001,15.0,120.0,binary16,fm_only,0,4096,4096,1,12290,20.148544311523438,0.009663747623562813,0.5226190686225891,0.8292991518974304,1,1
kodak,12.png,2030,9001,15.0,120.0,binary16,fm_only,0,4096,4096,1,12290,23.216073989868164,0.00476861884817481,0.5406565070152283,0.8268382549285889,1,1
kodak,09.png,2030,9001,15.0,120.0,binary16,adaptive_harq,0,4096,4096,1,12290,23.818147659301758,0.004151310306042433,0.3581154942512512,0.8918731808662415,1,1
kodak,10.png,2030,9001,15.0,120.0,binary16,adaptive_harq,0,4096,4096,1,12290,26.265087127685547,0.002363149542361498,0.6706802248954773,0.809238851070404,0,0
kodak,11.png,2030,9001,15.0,120.0,binary16,adaptive_harq,1,8192,4096,2,16388,20.124595642089844,0.009717184118926525,0.5220103859901428,0.8308889865875244,1,0
kodak,12.png,2030,9001,15.0,120.0,binary16,adaptive_harq,0,4096,4096,1,12290,23.120750427246094,0.004874441772699356,0.5379534363746643,0.8269551396369934,1,1
kodak,09.png,2030,9001,15.0,120.0,binary16,flowharq,0,4096,4096,1,12290,23.88411521911621,0.00408873101696372,0.35894283652305603,0.8923689723014832,1,1
kodak,10.png,2030,9001,15.0,120.0,binary16,flowharq,0,4096,4096,1,12290,26.331951141357422,0.0023270451929420233,0.6755961179733276,0.8057727217674255,0,0
kodak,11.png,2030,9001,15.0,120.0,binary16,flowharq,1,8192,4096,2,16388,20.124595642089844,0.009717184118926525,0.5220103859901428,0.8308889865875244,1,0
kodak,12.png,2030,9001,15.0,120.0,binary16,flowharq,0,4096,4096,1,12290,23.216073989868164,0.00476861884817481,0.5406565070152283,0.8268382549285889,1,1
kodak,13.png,2030,9001,15.0,120.0,ideal,direct,0,4096,4096,1,12290,20.057384490966797,0.009868737310171127,0.7280684113502502,0.7766056060791016,1,1
kodak,14.png,2030,9001,15.0,120.0,ideal,direct,0,4096,4096,1,12290,19.620826721191406,0.010912325233221054,0.49970823526382446,0.8059529662132263,1,1
kodak,15.png,2030,9001,15.0,120.0,ideal,direct,0,4096,4096,1,12290,23.217451095581055,0.0047671073116362095,0.4718480408191681,0.8728975653648376,1,1
kodak,16.png,2030,9001,15.0,120.0,ideal,direct,0,4096,4096,1,12290,24.789363861083984,0.003319430397823453,0.5525763034820557,0.8639152646064758,0,0
kodak,13.png,2030,9001,15.0,120.0,ideal,full_harq,1,8192,4096,2,16388,20.092126846313477,0.009790104813873768,0.7294003367424011,0.7801079154014587,1,0
kodak,14.png,2030,9001,15.0,120.0,ideal,full_harq,1,8192,4096,2,16388,19.625452041625977,0.010900712572038174,0.4996866285800934,0.8066379427909851,1,0
kodak,15.png,2030,9001,15.0,120.0,ideal,full_harq,1,8192,4096,2,16388,23.32168960571289,0.0046540494076907635,0.46869006752967834,0.8769661784172058,1,0
kodak,16.png,2030,9001,15.0,120.0,ideal,full_harq,1,8192,4096,2,16388,24.841222763061523,0.003280029399320483,0.5534741282463074,0.8667960166931152,0,0
kodak,13.png,2030,9001,15.0,120.0,ideal,fm_only,0,4096,4096,1,12290,20.097740173339844,0.009777462109923363,0.7305682897567749,0.7759899497032166,1,1
kodak,14.png,2030,9001,15.0,120.0,ideal,fm_only,0,4096,4096,1,12290,19.683143615722656,0.010756860487163067,0.5006224513053894,0.8057913780212402,1,1
kodak,15.png,2030,9001,15.0,120.0,ideal,fm_only,0,4096,4096,1,12290,23.30925750732422,0.004667391534894705,0.47199729084968567,0.8726306557655334,1,1
kodak,16.png,2030,9001,15.0,120.0,ideal,fm_only,0,4096,4096,1,12290,24.844802856445312,0.0032773262355476618,0.5543997287750244,0.8640618324279785,0,0
kodak,13.png,2030,9001,15.0,120.0,ideal,adaptive_harq,1,8192,4096,2,16388,20.092126846313477,0.009790104813873768,0.7294003367424011,0.7801079154014587,1,0
kodak,14.png,2030,9001,15.0,120.0,ideal,adaptive_harq,1,8192,4096,2,16388,19.625452041625977,0.010900712572038174,0.4996866285800934,0.8066379427909851,1,0
kodak,15.png,2030,9001,15.0,120.0,ideal,adaptive_harq,0,4096,4096,1,12290,23.217451095581055,0.0047671073116362095,0.4718480408191681,0.8728975653648376,1,1
kodak,16.png,2030,9001,15.0,120.0,ideal,adaptive_harq,0,4096,4096,1,12290,24.789363861083984,0.003319430397823453,0.5525763034820557,0.8639152646064758,0,0
kodak,13.png,2030,9001,15.0,120.0,ideal,flowharq,1,8192,4096,2,16388,20.092126846313477,0.009790104813873768,0.7294003367424011,0.7801079154014587,1,0
kodak,14.png,2030,9001,15.0,120.0,ideal,flowharq,1,8192,4096,2,16388,19.625452041625977,0.010900712572038174,0.4996866285800934,0.8066379427909851,1,0
kodak,15.png,2030,9001,15.0,120.0,ideal,flowharq,0,4096,4096,1,12290,23.30925750732422,0.004667391534894705,0.47199729084968567,0.8726306557655334,1,1
kodak,16.png,2030,9001,15.0,120.0,ideal,flowharq,0,4096,4096,1,12290,24.844802856445312,0.0032773262355476618,0.5543997287750244,0.8640618324279785,0,0
kodak,13.png,2030,9001,15.0,120.0,binary16,direct,0,4096,4096,1,12290,20.057392120361328,0.009868721477687359,0.7280705571174622,0.7766053080558777,1,1
kodak,14.png,2030,9001,15.0,120.0,binary16,direct,0,4096,4096,1,12290,19.620849609375,0.010912270285189152,0.4997069239616394,0.805953323841095,1,1
kodak,15.png,2030,9001,15.0,120.0,binary16,direct,0,4096,4096,1,12290,23.217498779296875,0.004767054226249456,0.4718448519706726,0.8728980422019958,1,1
kodak,16.png,2030,9001,15.0,120.0,binary16,direct,0,4096,4096,1,12290,24.7893123626709,0.003319469979032874,0.5525791049003601,0.8639130592346191,0,0
kodak,13.png,2030,9001,15.0,120.0,binary16,full_harq,1,8192,4096,2,16388,20.09212875366211,0.00979009922593832,0.7294021248817444,0.7801074385643005,1,0
kodak,14.png,2030,9001,15.0,120.0,binary16,full_harq,1,8192,4096,2,16388,19.625473022460938,0.010900658555328846,0.499685138463974,0.806638240814209,1,0
kodak,15.png,2030,9001,15.0,120.0,binary16,full_harq,1,8192,4096,2,16388,23.321762084960938,0.004653972573578358,0.4686870276927948,0.8769668936729431,1,0
kodak,16.png,2030,9001,15.0,120.0,binary16,full_harq,1,8192,4096,2,16388,24.841176986694336,0.0032800640910863876,0.5534749031066895,0.8667942881584167,0,0
kodak,13.png,2030,9001,15.0,120.0,binary16,fm_only,0,4096,4096,1,12290,20.09774398803711,0.009777448140084743,0.7305705547332764,0.775989294052124,1,1
kodak,14.png,2030,9001,15.0,120.0,binary16,fm_only,0,4096,4096,1,12290,19.683170318603516,0.010756798088550568,0.5006212592124939,0.805791437625885,1,1
kodak,15.png,2030,9001,15.0,120.0,binary16,fm_only,0,4096,4096,1,12290,23.309295654296875,0.004667350556701422,0.4719949960708618,0.872631311416626,1,1
kodak,16.png,2030,9001,15.0,120.0,binary16,fm_only,0,4096,4096,1,12290,24.844745635986328,0.0032773695420473814,0.5544024705886841,0.8640594482421875,0,0
kodak,13.png,2030,9001,15.0,120.0,binary16,adaptive_harq,1,8192,4096,2,16388,20.09212875366211,0.00979009922593832,0.7294021248817444,0.7801074385643005,1,0
kodak,14.png,2030,9001,15.0,120.0,binary16,adaptive_harq,1,8192,4096,2,16388,19.625473022460938,0.010900658555328846,0.499685138463974,0.806638240814209,1,0
kodak,15.png,2030,9001,15.0,120.0,binary16,adaptive_harq,0,4096,4096,1,12290,23.217498779296875,0.004767054226249456,0.4718448519706726,0.8728980422019958,1,1
kodak,16.png,2030,9001,15.0,120.0,binary16,adaptive_harq,0,4096,4096,1,12290,24.7893123626709,0.003319469979032874,0.5525791049003601,0.8639130592346191,0,0
kodak,13.png,2030,9001,15.0,120.0,binary16,flowharq,1,8192,4096,2,16388,20.09212875366211,0.00979009922593832,0.7294021248817444,0.7801074385643005,1,0
kodak,14.png,2030,9001,15.0,120.0,binary16,flowharq,1,8192,4096,2,16388,19.625473022460938,0.010900658555328846,0.499685138463974,0.806638240814209,1,0
kodak,15.png,2030,9001,15.0,120.0,binary16,flowharq,0,4096,4096,1,12290,23.309295654296875,0.004667350556701422,0.4719949960708618,0.872631311416626,1,1
kodak,16.png,2030,9001,15.0,120.0,binary16,flowharq,0,4096,4096,1,12290,24.844745635986328,0.0032773695420473814,0.5544024705886841,0.8640594482421875,0,0
kodak,17.png,2030,9001,15.0,120.0,ideal,direct,0,4096,4096,1,12290,25.800270080566406,0.0026301040779799223,0.4901990592479706,0.9037818312644958,0,0
kodak,18.png,2030,9001,15.0,120.0,ideal,direct,0,4096,4096,1,12290,20.316450119018555,0.009297261014580727,0.5212045311927795,0.8398047089576721,1,1
kodak,19.png,2030,9001,15.0,120.0,ideal,direct,0,4096,4096,1,12290,20.75301742553711,0.008408107794821262,0.5605109930038452,0.8126761317253113,1,1
kodak,20.png,2030,9001,15.0,120.0,ideal,direct,0,4096,4096,1,12290,22.939990997314453,0.005081603769212961,0.3246116638183594,0.894928514957428,1,1
kodak,17.png,2030,9001,15.0,120.0,ideal,full_harq,1,8192,4096,2,16388,25.874107360839844,0.002585766138508916,0.4939291477203369,0.9066024422645569,0,0
kodak,18.png,2030,9001,15.0,120.0,ideal,full_harq,1,8192,4096,2,16388,20.31482696533203,0.009300733916461468,0.5211964249610901,0.8396278023719788,1,0
kodak,19.png,2030,9001,15.0,120.0,ideal,full_harq,1,8192,4096,2,16388,20.887107849121094,0.008152470923960209,0.5460339784622192,0.8267550468444824,1,0
kodak,20.png,2030,9001,15.0,120.0,ideal,full_harq,1,8192,4096,2,16388,23.53853988647461,0.004427372943609953,0.3028526306152344,0.930483341217041,1,0
kodak,17.png,2030,9001,15.0,120.0,ideal,fm_only,0,4096,4096,1,12290,25.85719871520996,0.002595853293314576,0.4897899031639099,0.9034326672554016,0,0
kodak,18.png,2030,9001,15.0,120.0,ideal,fm_only,0,4096,4096,1,12290,20.334896087646484,0.009257853962481022,0.5214005708694458,0.838982343673706,1,1
kodak,19.png,2030,9001,15.0,120.0,ideal,fm_only,0,4096,4096,1,12290,20.777076721191406,0.008361655287444592,0.5619121789932251,0.8131589293479919,1,1
kodak,20.png,2030,9001,15.0,120.0,ideal,fm_only,0,4096,4096,1,12290,22.9965877532959,0.005015812814235687,0.3247988224029541,0.8953220248222351,1,1
kodak,17.png,2030,9001,15.0,120.0,ideal,adaptive_harq,0,4096,4096,1,12290,25.800270080566406,0.0026301040779799223,0.4901990592479706,0.9037818312644958,0,0
kodak,18.png,2030,9001,15.0,120.0,ideal,adaptive_harq,1,8192,4096,2,16388,20.31482696533203,0.009300733916461468,0.5211964249610901,0.8396278023719788,1,0
kodak,19.png,2030,9001,15.0,120.0,ideal,adaptive_harq,1,8192,4096,2,16388,20.887107849121094,0.008152470923960209,0.5460339784622192,0.8267550468444824,1,0
kodak,20.png,2030,9001,15.0,120.0,ideal,adaptive_harq,1,8192,4096,2,16388,23.53853988647461,0.004427372943609953,0.3028526306152344,0.930483341217041,1,0
kodak,17.png,2030,9001,15.0,120.0,ideal,flowharq,0,4096,4096,1,12290,25.85719871520996,0.002595853293314576,0.4897899031639099,0.9034326672554016,0,0
kodak,18.png,2030,9001,15.0,120.0,ideal,flowharq,1,8192,4096,2,16388,20.31482696533203,0.009300733916461468,0.5211964249610901,0.8396278023719788,1,0
kodak,19.png,2030,9001,15.0,120.0,ideal,flowharq,1,8192,4096,2,16388,20.887107849121094,0.008152470923960209,0.5460339784622192,0.8267550468444824,1,0
kodak,20.png,2030,9001,15.0,120.0,ideal,flowharq,1,8192,4096,2,16388,23.53853988647461,0.004427372943609953,0.3028526306152344,0.930483341217041,1,0
kodak,17.png,2030,9001,15.0,120.0,binary16,direct,0,4096,4096,1,12290,25.800247192382812,0.002630118979141116,0.4902023375034332,0.9037825465202332,0,0
kodak,18.png,2030,9001,15.0,120.0,binary16,direct,0,4096,4096,1,12290,20.31641387939453,0.009297333657741547,0.5212017893791199,0.8398032188415527,1,1
kodak,19.png,2030,9001,15.0,120.0,binary16,direct,0,4096,4096,1,12290,20.75301742553711,0.008408107794821262,0.5605093836784363,0.8126762509346008,1,1
kodak,20.png,2030,9001,15.0,120.0,binary16,direct,0,4096,4096,1,12290,22.940025329589844,0.005081565584987402,0.32461822032928467,0.894927978515625,1,1
kodak,17.png,2030,9001,15.0,120.0,binary16,full_harq,1,8192,4096,2,16388,25.874065399169922,0.002585791051387787,0.4939327836036682,0.9066029191017151,0,0
kodak,18.png,2030,9001,15.0,120.0,binary16,full_harq,1,8192,4096,2,16388,20.31479263305664,0.009300809353590012,0.5211938619613647,0.8396263122558594,1,0
kodak,19.png,2030,9001,15.0,120.0,binary16,full_harq,1,8192,4096,2,16388,20.88709831237793,0.008152487687766552,0.5460357069969177,0.8267551064491272,1,0
kodak,20.png,2030,9001,15.0,120.0,binary16,full_harq,1,8192,4096,2,16388,23.538572311401367,0.004427338019013405,0.3028578460216522,0.9304811358451843,1,0
kodak,17.png,2030,9001,15.0,120.0,binary16,fm_only,0,4096,4096,1,12290,25.8571720123291,0.0025958691257983446,0.489793598651886,0.9034337401390076,0,0
kodak,18.png,2030,9001,15.0,120.0,binary16,fm_only,0,4096,4096,1,12290,20.334863662719727,0.009257922880351543,0.5213984847068787,0.8389808535575867,1,1
kodak,19.png,2030,9001,15.0,120.0,binary16,fm_only,0,4096,4096,1,12290,20.777074813842773,0.008361658081412315,0.5619098544120789,0.8131592273712158,1,1
kodak,20.png,2030,9001,15.0,120.0,binary16,fm_only,0,4096,4096,1,12290,22.996627807617188,0.005015765782445669,0.32480767369270325,0.8953196406364441,1,1
kodak,17.png,2030,9001,15.0,120.0,binary16,adaptive_harq,0,4096,4096,1,12290,25.800247192382812,0.002630118979141116,0.4902023375034332,0.9037825465202332,0,0
kodak,18.png,2030,9001,15.0,120.0,binary16,adaptive_harq,1,8192,4096,2,16388,20.31479263305664,0.009300809353590012,0.5211938619613647,0.8396263122558594,1,0
kodak,19.png,2030,9001,15.0,120.0,binary16,adaptive_harq,1,8192,4096,2,16388,20.88709831237793,0.008152487687766552,0.5460357069969177,0.8267551064491272,1,0
kodak,20.png,2030,9001,15.0,120.0,binary16,adaptive_harq,1,8192,4096,2,16388,23.538572311401367,0.004427338019013405,0.3028578460216522,0.9304811358451843,1,0
kodak,17.png,2030,9001,15.0,120.0,binary16,flowharq,0,4096,4096,1,12290,25.8571720123291,0.0025958691257983446,0.489793598651886,0.9034337401390076,0,0
kodak,18.png,2030,9001,15.0,120.0,binary16,flowharq,1,8192,4096,2,16388,20.31479263305664,0.009300809353590012,0.5211938619613647,0.8396263122558594,1,0
kodak,19.png,2030,9001,15.0,120.0,binary16,flowharq,1,8192,4096,2,16388,20.88709831237793,0.008152487687766552,0.5460357069969177,0.8267551064491272,1,0
kodak,20.png,2030,9001,15.0,120.0,binary16,flowharq,1,8192,4096,2,16388,23.538572311401367,0.004427338019013405,0.3028578460216522,0.9304811358451843,1,0
kodak,21.png,2030,9001,15.0,120.0,ideal,direct,0,4096,4096,1,12290,21.573822021484375,0.006960136350244284,0.4792655110359192,0.8623430132865906,1,1
kodak,22.png,2030,9001,15.0,120.0,ideal,direct,0,4096,4096,1,12290,21.33366584777832,0.007355857640504837,0.5610806941986084,0.8011178970336914,1,1
kodak,23.png,2030,9001,15.0,120.0,ideal,direct,0,4096,4096,1,12290,24.082773208618164,0.0039059140253812075,0.2941024899482727,0.9091202616691589,0,0
kodak,24.png,2030,9001,15.0,120.0,ideal,direct,0,4096,4096,1,12290,23.238876342773438,0.004743647295981646,0.6083414554595947,0.8299622535705566,1,1
kodak,21.png,2030,9001,15.0,120.0,ideal,full_harq,1,8192,4096,2,16388,21.60431671142578,0.006911437958478928,0.4755817949771881,0.8639804720878601,1,0
kodak,22.png,2030,9001,15.0,120.0,ideal,full_harq,1,8192,4096,2,16388,21.451519012451172,0.007158929947763681,0.5575251579284668,0.8111383318901062,1,0
kodak,23.png,2030,9001,15.0,120.0,ideal,full_harq,1,8192,4096,2,16388,24.17438507080078,0.0038243839517235756,0.2740660309791565,0.9174588322639465,0,0
kodak,24.png,2030,9001,15.0,120.0,ideal,full_harq,1,8192,4096,2,16388,23.87088394165039,0.004101207014173269,0.549632728099823,0.889617383480072,1,0
kodak,21.png,2030,9001,15.0,120.0,ideal,fm_only,0,4096,4096,1,12290,21.608667373657227,0.0069045149721205235,0.4791942834854126,0.8618468642234802,1,1
kodak,22.png,2030,9001,15.0,120.0,ideal,fm_only,0,4096,4096,1,12290,21.443111419677734,0.007172802463173866,0.5639117360115051,0.799721896648407,1,1
kodak,23.png,2030,9001,15.0,120.0,ideal,fm_only,0,4096,4096,1,12290,24.23443031311035,0.003771872026845813,0.2944898009300232,0.9089440703392029,0,0
kodak,24.png,2030,9001,15.0,120.0,ideal,fm_only,0,4096,4096,1,12290,23.346378326416016,0.004627668298780918,0.6145733594894409,0.8272761702537537,1,1
kodak,21.png,2030,9001,15.0,120.0,ideal,adaptive_harq,1,8192,4096,2,16388,21.60431671142578,0.006911437958478928,0.4755817949771881,0.8639804720878601,1,0
kodak,22.png,2030,9001,15.0,120.0,ideal,adaptive_harq,1,8192,4096,2,16388,21.451519012451172,0.007158929947763681,0.5575251579284668,0.8111383318901062,1,0
kodak,23.png,2030,9001,15.0,120.0,ideal,adaptive_harq,0,4096,4096,1,12290,24.082773208618164,0.0039059140253812075,0.2941024899482727,0.9091202616691589,0,0
kodak,24.png,2030,9001,15.0,120.0,ideal,adaptive_harq,1,8192,4096,2,16388,23.87088394165039,0.004101207014173269,0.549632728099823,0.889617383480072,1,0
kodak,21.png,2030,9001,15.0,120.0,ideal,flowharq,1,8192,4096,2,16388,21.60431671142578,0.006911437958478928,0.4755817949771881,0.8639804720878601,1,0
kodak,22.png,2030,9001,15.0,120.0,ideal,flowharq,1,8192,4096,2,16388,21.451519012451172,0.007158929947763681,0.5575251579284668,0.8111383318901062,1,0
kodak,23.png,2030,9001,15.0,120.0,ideal,flowharq,0,4096,4096,1,12290,24.23443031311035,0.003771872026845813,0.2944898009300232,0.9089440703392029,0,0
kodak,24.png,2030,9001,15.0,120.0,ideal,flowharq,1,8192,4096,2,16388,23.87088394165039,0.004101207014173269,0.549632728099823,0.889617383480072,1,0
kodak,21.png,2030,9001,15.0,120.0,binary16,direct,0,4096,4096,1,12290,21.573827743530273,0.006960127968341112,0.47926172614097595,0.8623444437980652,1,1
kodak,22.png,2030,9001,15.0,120.0,binary16,direct,0,4096,4096,1,12290,21.33370590209961,0.0073557887226343155,0.5610833168029785,0.8011184334754944,1,1
kodak,23.png,2030,9001,15.0,120.0,binary16,direct,0,4096,4096,1,12290,24.08278465270996,0.003905902849510312,0.29410070180892944,0.9091194272041321,0,0
kodak,24.png,2030,9001,15.0,120.0,binary16,direct,0,4096,4096,1,12290,23.238887786865234,0.004743635188788176,0.6083400249481201,0.8299622535705566,1,1
kodak,21.png,2030,9001,15.0,120.0,binary16,full_harq,1,8192,4096,2,16388,21.604326248168945,0.006911420729011297,0.475580632686615,0.8639819622039795,1,0
kodak,22.png,2030,9001,15.0,120.0,binary16,full_harq,1,8192,4096,2,16388,21.4515380859375,0.007158899214118719,0.5575250387191772,0.8111386895179749,1,0
kodak,23.png,2030,9001,15.0,120.0,binary16,full_harq,1,8192,4096,2,16388,24.174419403076172,0.003824354149401188,0.27406615018844604,0.9174588322639465,0,0
kodak,24.png,2030,9001,15.0,120.0,binary16,full_harq,1,8192,4096,2,16388,23.870878219604492,0.004101210739463568,0.5496330261230469,0.8896167874336243,1,0
kodak,21.png,2030,9001,15.0,120.0,binary16,fm_only,0,4096,4096,1,12290,21.60866928100586,0.006904511246830225,0.47919073700904846,0.8618481755256653,1,1
kodak,22.png,2030,9001,15.0,120.0,binary16,fm_only,0,4096,4096,1,12290,21.44315528869629,0.007172729820013046,0.5639132857322693,0.7997223734855652,1,1
kodak,23.png,2030,9001,15.0,120.0,binary16,fm_only,0,4096,4096,1,12290,24.234437942504883,0.003771865041926503,0.2944886386394501,0.9089427590370178,0,0
kodak,24.png,2030,9001,15.0,120.0,binary16,fm_only,0,4096,4096,1,12290,23.34638786315918,0.004627656657248735,0.6145721673965454,0.8272771835327148,1,1
kodak,21.png,2030,9001,15.0,120.0,binary16,adaptive_harq,1,8192,4096,2,16388,21.604326248168945,0.006911420729011297,0.475580632686615,0.8639819622039795,1,0
kodak,22.png,2030,9001,15.0,120.0,binary16,adaptive_harq,1,8192,4096,2,16388,21.4515380859375,0.007158899214118719,0.5575250387191772,0.8111386895179749,1,0
kodak,23.png,2030,9001,15.0,120.0,binary16,adaptive_harq,0,4096,4096,1,12290,24.08278465270996,0.003905902849510312,0.29410070180892944,0.9091194272041321,0,0
kodak,24.png,2030,9001,15.0,120.0,binary16,adaptive_harq,1,8192,4096,2,16388,23.870878219604492,0.004101210739463568,0.5496330261230469,0.8896167874336243,1,0
kodak,21.png,2030,9001,15.0,120.0,binary16,flowharq,1,8192,4096,2,16388,21.604326248168945,0.006911420729011297,0.475580632686615,0.8639819622039795,1,0
kodak,22.png,2030,9001,15.0,120.0,binary16,flowharq,1,8192,4096,2,16388,21.4515380859375,0.007158899214118719,0.5575250387191772,0.8111386895179749,1,0
kodak,23.png,2030,9001,15.0,120.0,binary16,flowharq,0,4096,4096,1,12290,24.234437942504883,0.003771865041926503,0.2944886386394501,0.9089427590370178,0,0
kodak,24.png,2030,9001,15.0,120.0,binary16,flowharq,1,8192,4096,2,16388,23.870878219604492,0.004101210739463568,0.5496330261230469,0.8896167874336243,1,0
