model,image,image_sha256,draw,noise_seed,rounds,snr_db,height,width,cbr_payload,mse,psnr,ms_ssim,ms_ssim_db,lpips
DeepJSCC-f_author_DIV2K,01.png,a56e27cbf5f843c048b6af1d6e090760e9c92fadba88b7dee0205918a37523bd,0,100007070,1,10,256,256,0.020833333333333332,0.0079036308452487,21.021732330322266,0.8441645503044128,8.07333755493164,0.5224159955978394
DeepJSCC-f_author_DIV2K,01.png,a56e27cbf5f843c048b6af1d6e090760e9c92fadba88b7dee0205918a37523bd,0,100007070,2,10,256,256,0.041666666666666664,0.004194139502942562,23.77357292175293,0.9191179275512695,10.921478271484375,0.41483429074287415
DeepJSCC-f_author_DIV2K,01.png,a56e27cbf5f843c048b6af1d6e090760e9c92fadba88b7dee0205918a37523bd,1,100007071,1,10,256,256,0.020833333333333332,0.007834728807210922,21.05976104736328,0.8498722910881042,8.235391616821289,0.5320878624916077
DeepJSCC-f_author_DIV2K,01.png,a56e27cbf5f843c048b6af1d6e090760e9c92fadba88b7dee0205918a37523bd,1,100007071,2,10,256,256,0.041666666666666664,0.004132202360779047,23.838186264038086,0.9224566221237183,11.10455322265625,0.4119310677051544
DeepJSCC-f_author_DIV2K,01.png,a56e27cbf5f843c048b6af1d6e090760e9c92fadba88b7dee0205918a37523bd,2,100007072,1,10,256,256,0.020833333333333332,0.007826193235814571,21.06449317932129,0.8427314758300781,8.033581733703613,0.5275658369064331
DeepJSCC-f_author_DIV2K,01.png,a56e27cbf5f843c048b6af1d6e090760e9c92fadba88b7dee0205918a37523bd,2,100007072,2,10,256,256,0.041666666666666664,0.0041738650761544704,23.79461669921875,0.9192039966583252,10.926101684570312,0.4119698107242584
DeepJSCC-f_author_DIV2K,01.png,a56e27cbf5f843c048b6af1d6e090760e9c92fadba88b7dee0205918a37523bd,3,100007073,1,10,256,256,0.020833333333333332,0.00762958824634552,21.17498779296875,0.850287914276123,8.247431755065918,0.5114822387695312
DeepJSCC-f_author_DIV2K,01.png,a56e27cbf5f843c048b6af1d6e090760e9c92fadba88b7dee0205918a37523bd,3,100007073,2,10,256,256,0.041666666666666664,0.004181751981377602,23.786418914794922,0.9197995066642761,10.958229064941406,0.4049224257469177
DeepJSCC-f_author_DIV2K,01.png,a56e27cbf5f843c048b6af1d6e090760e9c92fadba88b7dee0205918a37523bd,4,100007074,1,10,256,256,0.020833333333333332,0.007827249355614185,21.063907623291016,0.8420464396476746,8.014705657958984,0.5322508811950684
DeepJSCC-f_author_DIV2K,01.png,a56e27cbf5f843c048b6af1d6e090760e9c92fadba88b7dee0205918a37523bd,4,100007074,2,10,256,256,0.041666666666666664,0.004187881946563721,23.780057907104492,0.919545590877533,10.944500923156738,0.4140743315219879
DeepJSCC-f_author_DIV2K,01.png,a56e27cbf5f843c048b6af1d6e090760e9c92fadba88b7dee0205918a37523bd,5,100007075,1,10,256,256,0.020833333333333332,0.007839065045118332,21.057357788085938,0.8449961543083191,8.096575736999512,0.5212320685386658
DeepJSCC-f_author_DIV2K,01.png,a56e27cbf5f843c048b6af1d6e090760e9c92fadba88b7dee0205918a37523bd,5,100007075,2,10,256,256,0.041666666666666664,0.004180300049483776,23.787925720214844,0.9184446334838867,10.885475158691406,0.4119071960449219
DeepJSCC-f_author_DIV2K,01.png,a56e27cbf5f843c048b6af1d6e090760e9c92fadba88b7dee0205918a37523bd,6,100007076,1,10,256,256,0.020833333333333332,0.007858363911509514,21.04667854309082,0.8450978994369507,8.099427223205566,0.522905707359314
DeepJSCC-f_author_DIV2K,01.png,a56e27cbf5f843c048b6af1d6e090760e9c92fadba88b7dee0205918a37523bd,6,100007076,2,10,256,256,0.041666666666666664,0.004191520623862743,23.77628517150879,0.918524980545044,10.889755249023438,0.42018309235572815
DeepJSCC-f_author_DIV2K,01.png,a56e27cbf5f843c048b6af1d6e090760e9c92fadba88b7dee0205918a37523bd,7,100007077,1,10,256,256,0.020833333333333332,0.007712909486144781,21.127817153930664,0.8460990786552429,8.127588272094727,0.5216068029403687
DeepJSCC-f_author_DIV2K,01.png,a56e27cbf5f843c048b6af1d6e090760e9c92fadba88b7dee0205918a37523bd,7,100007077,2,10,256,256,0.041666666666666664,0.004181370139122009,23.786813735961914,0.9190374612808228,10.917159080505371,0.4145185351371765
DeepJSCC-f_author_DIV2K,01.png,a56e27cbf5f843c048b6af1d6e090760e9c92fadba88b7dee0205918a37523bd,8,100007078,1,10,256,256,0.020833333333333332,0.007883204147219658,21.03297233581543,0.8449810743331909,8.096153259277344,0.5187789797782898
DeepJSCC-f_author_DIV2K,01.png,a56e27cbf5f843c048b6af1d6e090760e9c92fadba88b7dee0205918a37523bd,8,100007078,2,10,256,256,0.041666666666666664,0.004192669410258532,23.77509307861328,0.9172863960266113,10.824231147766113,0.4069214165210724
DeepJSCC-f_author_DIV2K,01.png,a56e27cbf5f843c048b6af1d6e090760e9c92fadba88b7dee0205918a37523bd,9,100007079,1,10,256,256,0.020833333333333332,0.007801934145390987,21.07797622680664,0.8429498076438904,8.039615631103516,0.5289949774742126
DeepJSCC-f_author_DIV2K,01.png,a56e27cbf5f843c048b6af1d6e090760e9c92fadba88b7dee0205918a37523bd,9,100007079,2,10,256,256,0.041666666666666664,0.004180164076387882,23.788066864013672,0.9188917875289917,10.909351348876953,0.4111606478691101
DeepJSCC-f_author_DIV2K,02.png,4f4b74a79237e311d72cad958237b5f7088d8bce1c82305ebefe1a70e3022dfd,0,100017070,1,10,256,256,0.020833333333333332,0.004032868891954422,23.943859100341797,0.8467745780944824,8.146692276000977,0.3661350607872009
DeepJSCC-f_author_DIV2K,02.png,4f4b74a79237e311d72cad958237b5f7088d8bce1c82305ebefe1a70e3022dfd,0,100017070,2,10,256,256,0.041666666666666664,0.0013302464503794909,28.76068115234375,0.9239379167556763,11.188318252563477,0.2781641483306885
DeepJSCC-f_author_DIV2K,02.png,4f4b74a79237e311d72cad958237b5f7088d8bce1c82305ebefe1a70e3022dfd,1,100017071,1,10,256,256,0.020833333333333332,0.004050049930810928,23.925397872924805,0.8436555862426758,8.059176445007324,0.37103718519210815
DeepJSCC-f_author_DIV2K,02.png,4f4b74a79237e311d72cad958237b5f7088d8bce1c82305ebefe1a70e3022dfd,1,100017071,2,10,256,256,0.041666666666666664,0.0013515588361769915,28.691652297973633,0.9246811866760254,11.230964660644531,0.281785786151886
DeepJSCC-f_author_DIV2K,02.png,4f4b74a79237e311d72cad958237b5f7088d8bce1c82305ebefe1a70e3022dfd,2,100017072,1,10,256,256,0.020833333333333332,0.00406514760106802,23.909236907958984,0.8395531177520752,7.9466872215271,0.3785078525543213
DeepJSCC-f_author_DIV2K,02.png,4f4b74a79237e311d72cad958237b5f7088d8bce1c82305ebefe1a70e3022dfd,2,100017072,2,10,256,256,0.041666666666666664,0.0013723847223445773,28.625242233276367,0.920203447341919,10.980158805847168,0.2870755195617676
DeepJSCC-f_author_DIV2K,02.png,4f4b74a79237e311d72cad958237b5f7088d8bce1c82305ebefe1a70e3022dfd,3,100017073,1,10,256,256,0.020833333333333332,0.0038710404187440872,24.121723175048828,0.8465108871459961,8.1392240524292,0.38605353236198425
DeepJSCC-f_author_DIV2K,02.png,4f4b74a79237e311d72cad958237b5f7088d8bce1c82305ebefe1a70e3022dfd,3,100017073,2,10,256,256,0.041666666666666664,0.001363601302728057,28.653127670288086,0.9233611822128296,11.155511856079102,0.2821651101112366
DeepJSCC-f_author_DIV2K,02.png,4f4b74a79237e311d72cad958237b5f7088d8bce1c82305ebefe1a70e3022dfd,4,100017074,1,10,256,256,0.020833333333333332,0.004002079367637634,23.977144241333008,0.8471029996871948,8.156010627746582,0.37420353293418884
DeepJSCC-f_author_DIV2K,02.png,4f4b74a79237e311d72cad958237b5f7088d8bce1c82305ebefe1a70e3022dfd,4,100017074,2,10,256,256,0.041666666666666664,0.0013311797520145774,28.757633209228516,0.9236898422241211,11.174177169799805,0.27588894963264465
DeepJSCC-f_author_DIV2K,02.png,4f4b74a79237e311d72cad958237b5f7088d8bce1c82305ebefe1a70e3022dfd,5,100017075,1,10,256,256,0.020833333333333332,0.00389084592461586,24.099559783935547,0.844179630279541,8.073758125305176,0.3752442002296448
DeepJSCC-f_author_DIV2K,02.png,4f4b74a79237e311d72cad958237b5f7088d8bce1c82305ebefe1a70e3022dfd,5,100017075,2,10,256,256,0.041666666666666664,0.0013375787530094385,28.73680877685547,0.9232907295227051,11.151522636413574,0.284931480884552
DeepJSCC-f_author_DIV2K,02.png,4f4b74a79237e311d72cad958237b5f7088d8bce1c82305ebefe1a70e3022dfd,6,100017076,1,10,256,256,0.020833333333333332,0.004078458528965712,23.895038604736328,0.8466455936431885,8.143037796020508,0.3756227493286133
DeepJSCC-f_author_DIV2K,02.png,4f4b74a79237e311d72cad958237b5f7088d8bce1c82305ebefe1a70e3022dfd,6,100017076,2,10,256,256,0.041666666666666664,0.0013047184329479933,28.844833374023438,0.924350380897522,11.211933135986328,0.281679630279541
DeepJSCC-f_author_DIV2K,02.png,4f4b74a79237e311d72cad958237b5f7088d8bce1c82305ebefe1a70e3022dfd,7,100017077,1,10,256,256,0.020833333333333332,0.004228344187140465,23.738296508789062,0.8361102938652039,7.854483127593994,0.38530823588371277
DeepJSCC-f_author_DIV2K,02.png,4f4b74a79237e311d72cad958237b5f7088d8bce1c82305ebefe1a70e3022dfd,7,100017077,2,10,256,256,0.041666666666666664,0.0013976702466607094,28.54595375061035,0.9231781959533691,11.14515495300293,0.2844218313694
DeepJSCC-f_author_DIV2K,02.png,4f4b74a79237e311d72cad958237b5f7088d8bce1c82305ebefe1a70e3022dfd,8,100017078,1,10,256,256,0.020833333333333332,0.004088850691914558,23.883987426757812,0.8444651961326599,8.081724166870117,0.3824255168437958
DeepJSCC-f_author_DIV2K,02.png,4f4b74a79237e311d72cad958237b5f7088d8bce1c82305ebefe1a70e3022dfd,8,100017078,2,10,256,256,0.041666666666666664,0.0013587812427431345,28.668506622314453,0.9209747314453125,11.022340774536133,0.2884299159049988
DeepJSCC-f_author_DIV2K,02.png,4f4b74a79237e311d72cad958237b5f7088d8bce1c82305ebefe1a70e3022dfd,9,100017079,1,10,256,256,0.020833333333333332,0.00398666225373745,23.99390411376953,0.8438985347747803,8.065930366516113,0.37503528594970703
DeepJSCC-f_author_DIV2K,02.png,4f4b74a79237e311d72cad958237b5f7088d8bce1c82305ebefe1a70e3022dfd,9,100017079,2,10,256,256,0.041666666666666664,0.0013124323450028896,28.819232940673828,0.922219455242157,11.091290473937988,0.2792856693267822
DeepJSCC-f_author_DIV2K,03.png,e25ca1ff2f0c0cb5fdfd5f9b0a0bb21ac4c3de3c84a67f35b09a85d3306249db,0,100027070,1,10,256,256,0.020833333333333332,0.0032470053993165493,24.885169982910156,0.8818634748458862,9.276158332824707,0.29218941926956177
DeepJSCC-f_author_DIV2K,03.png,e25ca1ff2f0c0cb5fdfd5f9b0a0bb21ac4c3de3c84a67f35b09a85d3306249db,0,100027070,2,10,256,256,0.041666666666666664,0.0013768337666988373,28.61118507385254,0.9416272044181824,12.337895393371582,0.16131731867790222
DeepJSCC-f_author_DIV2K,03.png,e25ca1ff2f0c0cb5fdfd5f9b0a0bb21ac4c3de3c84a67f35b09a85d3306249db,1,100027071,1,10,256,256,0.020833333333333332,0.003143683774396777,25.02561378479004,0.8816285133361816,9.267528533935547,0.29359176754951477
DeepJSCC-f_author_DIV2K,03.png,e25ca1ff2f0c0cb5fdfd5f9b0a0bb21ac4c3de3c84a67f35b09a85d3306249db,1,100027071,2,10,256,256,0.041666666666666664,0.0013149450533092022,28.810922622680664,0.9428776502609253,12.431940078735352,0.16520510613918304
DeepJSCC-f_author_DIV2K,03.png,e25ca1ff2f0c0cb5fdfd5f9b0a0bb21ac4c3de3c84a67f35b09a85d3306249db,2,100027072,1,10,256,256,0.020833333333333332,0.003188495058566332,24.964141845703125,0.8796471953392029,9.195438385009766,0.29991164803504944
DeepJSCC-f_author_DIV2K,03.png,e25ca1ff2f0c0cb5fdfd5f9b0a0bb21ac4c3de3c84a67f35b09a85d3306249db,2,100027072,2,10,256,256,0.041666666666666664,0.0013146288692951202,28.811969757080078,0.9440924525260925,12.525296211242676,0.16349175572395325
DeepJSCC-f_author_DIV2K,03.png,e25ca1ff2f0c0cb5fdfd5f9b0a0bb21ac4c3de3c84a67f35b09a85d3306249db,3,100027073,1,10,256,256,0.020833333333333332,0.0032113376073539257,24.933143615722656,0.8790313601493835,9.173271179199219,0.28746268153190613
DeepJSCC-f_author_DIV2K,03.png,e25ca1ff2f0c0cb5fdfd5f9b0a0bb21ac4c3de3c84a67f35b09a85d3306249db,3,100027073,2,10,256,256,0.041666666666666664,0.0013955746544525027,28.552471160888672,0.9407906532287598,12.276097297668457,0.16397181153297424
DeepJSCC-f_author_DIV2K,03.png,e25ca1ff2f0c0cb5fdfd5f9b0a0bb21ac4c3de3c84a67f35b09a85d3306249db,4,100027074,1,10,256,256,0.020833333333333332,0.0032412575092166662,24.892864227294922,0.8796466588973999,9.195419311523438,0.2958506643772125
DeepJSCC-f_author_DIV2K,03.png,e25ca1ff2f0c0cb5fdfd5f9b0a0bb21ac4c3de3c84a67f35b09a85d3306249db,4,100027074,2,10,256,256,0.041666666666666664,0.0013362900353968143,28.74099349975586,0.9424737691879272,12.401341438293457,0.16436730325222015
DeepJSCC-f_author_DIV2K,03.png,e25ca1ff2f0c0cb5fdfd5f9b0a0bb21ac4c3de3c84a67f35b09a85d3306249db,5,100027075,1,10,256,256,0.020833333333333332,0.003244791179895401,24.888134002685547,0.8806072473526001,9.230220794677734,0.30054324865341187
DeepJSCC-f_author_DIV2K,03.png,e25ca1ff2f0c0cb5fdfd5f9b0a0bb21ac4c3de3c84a67f35b09a85d3306249db,5,100027075,2,10,256,256,0.041666666666666664,0.0013444451615214348,28.714570999145508,0.9426021575927734,12.41104507446289,0.16679437458515167
DeepJSCC-f_author_DIV2K,03.png,e25ca1ff2f0c0cb5fdfd5f9b0a0bb21ac4c3de3c84a67f35b09a85d3306249db,6,100027076,1,10,256,256,0.020833333333333332,0.003144209971651435,25.024887084960938,0.8834542036056519,9.335034370422363,0.29506826400756836
DeepJSCC-f_author_DIV2K,03.png,e25ca1ff2f0c0cb5fdfd5f9b0a0bb21ac4c3de3c84a67f35b09a85d3306249db,6,100027076,2,10,256,256,0.041666666666666664,0.0013493042206391692,28.698902130126953,0.9422928690910339,12.38770580291748,0.16682833433151245
DeepJSCC-f_author_DIV2K,03.png,e25ca1ff2f0c0cb5fdfd5f9b0a0bb21ac4c3de3c84a67f35b09a85d3306249db,7,100027077,1,10,256,256,0.020833333333333332,0.003428243100643158,24.64928436279297,0.8804682493209839,9.225167274475098,0.28796249628067017
DeepJSCC-f_author_DIV2K,03.png,e25ca1ff2f0c0cb5fdfd5f9b0a0bb21ac4c3de3c84a67f35b09a85d3306249db,7,100027077,2,10,256,256,0.041666666666666664,0.00133999390527606,28.728973388671875,0.943989634513855,12.517316818237305,0.16509665548801422
DeepJSCC-f_author_DIV2K,03.png,e25ca1ff2f0c0cb5fdfd5f9b0a0bb21ac4c3de3c84a67f35b09a85d3306249db,8,100027078,1,10,256,256,0.020833333333333332,0.003218201920390129,24.92386817932129,0.8792039752006531,9.179473876953125,0.29179465770721436
DeepJSCC-f_author_DIV2K,03.png,e25ca1ff2f0c0cb5fdfd5f9b0a0bb21ac4c3de3c84a67f35b09a85d3306249db,8,100027078,2,10,256,256,0.041666666666666664,0.0013511008583009243,28.69312286376953,0.9424670934677124,12.400836944580078,0.1645074039697647
DeepJSCC-f_author_DIV2K,03.png,e25ca1ff2f0c0cb5fdfd5f9b0a0bb21ac4c3de3c84a67f35b09a85d3306249db,9,100027079,1,10,256,256,0.020833333333333332,0.0033827461302280426,24.707305908203125,0.8788914680480957,9.168252944946289,0.2899448871612549
DeepJSCC-f_author_DIV2K,03.png,e25ca1ff2f0c0cb5fdfd5f9b0a0bb21ac4c3de3c84a67f35b09a85d3306249db,9,100027079,2,10,256,256,0.041666666666666664,0.0013545434921979904,28.682071685791016,0.9430822730064392,12.447525024414062,0.16000156104564667
DeepJSCC-f_author_DIV2K,04.png,e3b946107c5d3441c022f678d0c3caf1e224d81b1604ba840a4f88e562de61aa,0,100037070,1,10,256,256,0.020833333333333332,0.003782478626817465,24.22223663330078,0.8655622005462646,8.7147855758667,0.47873884439468384
DeepJSCC-f_author_DIV2K,04.png,e3b946107c5d3441c022f678d0c3caf1e224d81b1604ba840a4f88e562de61aa,0,100037070,2,10,256,256,0.041666666666666664,0.0010481816716492176,29.795635223388672,0.9497359991073608,12.987430572509766,0.3339545726776123
DeepJSCC-f_author_DIV2K,04.png,e3b946107c5d3441c022f678d0c3caf1e224d81b1604ba840a4f88e562de61aa,1,100037071,1,10,256,256,0.020833333333333332,0.003819096367806196,24.18039321899414,0.8713545203208923,8.906055450439453,0.4723266363143921
DeepJSCC-f_author_DIV2K,04.png,e3b946107c5d3441c022f678d0c3caf1e224d81b1604ba840a4f88e562de61aa,1,100037071,2,10,256,256,0.041666666666666664,0.001115121878683567,29.526777267456055,0.9486047029495239,12.890766143798828,0.33759990334510803
DeepJSCC-f_author_DIV2K,04.png,e3b946107c5d3441c022f678d0c3caf1e224d81b1604ba840a4f88e562de61aa,2,100037072,1,10,256,256,0.020833333333333332,0.0036492333747446537,24.37798500061035,0.867843508720398,8.789114952087402,0.47393208742141724
DeepJSCC-f_author_DIV2K,04.png,e3b946107c5d3441c022f678d0c3caf1e224d81b1604ba840a4f88e562de61aa,2,100037072,2,10,256,256,0.041666666666666664,0.0010408444795757532,29.826143264770508,0.9482393264770508,12.860001564025879,0.3354639708995819
DeepJSCC-f_author_DIV2K,04.png,e3b946107c5d3441c022f678d0c3caf1e224d81b1604ba840a4f88e562de61aa,3,100037073,1,10,256,256,0.020833333333333332,0.003948519937694073,24.035655975341797,0.8672420382499695,8.769394874572754,0.4865342974662781
DeepJSCC-f_author_DIV2K,04.png,e3b946107c5d3441c022f678d0c3caf1e224d81b1604ba840a4f88e562de61aa,3,100037073,2,10,256,256,0.041666666666666664,0.0011475837090983987,29.402158737182617,0.9499784708023071,13.008430480957031,0.3366081416606903
DeepJSCC-f_author_DIV2K,04.png,e3b946107c5d3441c022f678d0c3caf1e224d81b1604ba840a4f88e562de61aa,4,100037074,1,10,256,256,0.020833333333333332,0.003994941711425781,23.98489761352539,0.8670508861541748,8.763145446777344,0.47192609310150146
DeepJSCC-f_author_DIV2K,04.png,e3b946107c5d3441c022f678d0c3caf1e224d81b1604ba840a4f88e562de61aa,4,100037074,2,10,256,256,0.041666666666666664,0.001154087483882904,29.377613067626953,0.9497208595275879,12.986122131347656,0.32345813512802124
DeepJSCC-f_author_DIV2K,04.png,e3b946107c5d3441c022f678d0c3caf1e224d81b1604ba840a4f88e562de61aa,5,100037075,1,10,256,256,0.020833333333333332,0.003959166817367077,24.023962020874023,0.8642328977584839,8.6720552444458,0.48037654161453247
DeepJSCC-f_author_DIV2K,04.png,e3b946107c5d3441c022f678d0c3caf1e224d81b1604ba840a4f88e562de61aa,5,100037075,2,10,256,256,0.041666666666666664,0.0011202397290617228,29.506893157958984,0.948806881904602,12.90788459777832,0.3285866975784302
DeepJSCC-f_author_DIV2K,04.png,e3b946107c5d3441c022f678d0c3caf1e224d81b1604ba840a4f88e562de61aa,6,100037076,1,10,256,256,0.020833333333333332,0.003947065211832523,24.037256240844727,0.8702003359794617,8.867264747619629,0.44431179761886597
DeepJSCC-f_author_DIV2K,04.png,e3b946107c5d3441c022f678d0c3caf1e224d81b1604ba840a4f88e562de61aa,6,100037076,2,10,256,256,0.041666666666666664,0.0010714285308495164,29.700366973876953,0.9502894878387451,13.035517692565918,0.3213747441768646
DeepJSCC-f_author_DIV2K,04.png,e3b946107c5d3441c022f678d0c3caf1e224d81b1604ba840a4f88e562de61aa,7,100037077,1,10,256,256,0.020833333333333332,0.003976474981755018,24.005016326904297,0.8642651438713074,8.673086166381836,0.4741438925266266
DeepJSCC-f_author_DIV2K,04.png,e3b946107c5d3441c022f678d0c3caf1e224d81b1604ba840a4f88e562de61aa,7,100037077,2,10,256,256,0.041666666666666664,0.001142650842666626,29.42086410522461,0.9491113424301147,12.93379020690918,0.32507118582725525
DeepJSCC-f_author_DIV2K,04.png,e3b946107c5d3441c022f678d0c3caf1e224d81b1604ba840a4f88e562de61aa,8,100037078,1,10,256,256,0.020833333333333332,0.003712910693138838,24.302854537963867,0.8666410446166992,8.749778747558594,0.46858087182044983
DeepJSCC-f_author_DIV2K,04.png,e3b946107c5d3441c022f678d0c3caf1e224d81b1604ba840a4f88e562de61aa,8,100037078,2,10,256,256,0.041666666666666664,0.0010278872214257717,29.88054656982422,0.9500290155410767,13.012821197509766,0.3275293707847595
DeepJSCC-f_author_DIV2K,04.png,e3b946107c5d3441c022f678d0c3caf1e224d81b1604ba840a4f88e562de61aa,9,100037079,1,10,256,256,0.020833333333333332,0.0036160002928227186,24.41771697998047,0.8649824857711792,8.696099281311035,0.47938668727874756
DeepJSCC-f_author_DIV2K,04.png,e3b946107c5d3441c022f678d0c3caf1e224d81b1604ba840a4f88e562de61aa,9,100037079,2,10,256,256,0.041666666666666664,0.0010440780315548182,29.812671661376953,0.9479702711105347,12.837485313415527,0.3309561312198639
DeepJSCC-f_author_DIV2K,05.png,10349e963c5c813d327852f82c1795fa4148d69fedffc4c589bee458e3ac3d53,0,100047070,1,10,256,256,0.020833333333333332,0.008750421926379204,20.579710006713867,0.8944560885429382,9.765667915344238,0.3525254726409912
DeepJSCC-f_author_DIV2K,05.png,10349e963c5c813d327852f82c1795fa4148d69fedffc4c589bee458e3ac3d53,0,100047070,2,10,256,256,0.041666666666666664,0.004815339110791683,23.17373275756836,0.9470148086547852,12.758455276489258,0.20982088148593903
DeepJSCC-f_author_DIV2K,05.png,10349e963c5c813d327852f82c1795fa4148d69fedffc4c589bee458e3ac3d53,1,100047071,1,10,256,256,0.020833333333333332,0.008697692304849625,20.605960845947266,0.895169198513031,9.795110702514648,0.3487131595611572
DeepJSCC-f_author_DIV2K,05.png,10349e963c5c813d327852f82c1795fa4148d69fedffc4c589bee458e3ac3d53,1,100047071,2,10,256,256,0.041666666666666664,0.004847023170441389,23.145248413085938,0.9460904598236084,12.683343887329102,0.21125125885009766
DeepJSCC-f_author_DIV2K,05.png,10349e963c5c813d327852f82c1795fa4148d69fedffc4c589bee458e3ac3d53,2,100047072,1,10,256,256,0.020833333333333332,0.008760380558669567,20.574769973754883,0.8926408290863037,9.691608428955078,0.34730350971221924
DeepJSCC-f_author_DIV2K,05.png,10349e963c5c813d327852f82c1795fa4148d69fedffc4c589bee458e3ac3d53,2,100047072,2,10,256,256,0.041666666666666664,0.004864647053182125,23.129486083984375,0.9457895159721375,12.659167289733887,0.20973758399486542
DeepJSCC-f_author_DIV2K,05.png,10349e963c5c813d327852f82c1795fa4148d69fedffc4c589bee458e3ac3d53,3,100047073,1,10,256,256,0.020833333333333332,0.008868677541613579,20.521411895751953,0.8910727500915527,9.62863540649414,0.3529127240180969
DeepJSCC-f_author_DIV2K,05.png,10349e963c5c813d327852f82c1795fa4148d69fedffc4c589bee458e3ac3d53,3,100047073,2,10,256,256,0.041666666666666664,0.004870079457759857,23.1246395111084,0.9454760551452637,12.634126663208008,0.21101893484592438
DeepJSCC-f_author_DIV2K,05.png,10349e963c5c813d327852f82c1795fa4148d69fedffc4c589bee458e3ac3d53,4,100047074,1,10,256,256,0.020833333333333332,0.008735030889511108,20.587356567382812,0.8923093676567078,9.678221702575684,0.34598255157470703
DeepJSCC-f_author_DIV2K,05.png,10349e963c5c813d327852f82c1795fa4148d69fedffc4c589bee458e3ac3d53,4,100047074,2,10,256,256,0.041666666666666664,0.004847257863730192,23.145042419433594,0.9459251761436462,12.670048713684082,0.20863565802574158
DeepJSCC-f_author_DIV2K,05.png,10349e963c5c813d327852f82c1795fa4148d69fedffc4c589bee458e3ac3d53,5,100047075,1,10,256,256,0.020833333333333332,0.008757059462368488,20.576417922973633,0.8922743797302246,9.676810264587402,0.356720507144928
DeepJSCC-f_author_DIV2K,05.png,10349e963c5c813d327852f82c1795fa4148d69fedffc4c589bee458e3ac3d53,5,100047075,2,10,256,256,0.041666666666666664,0.004798138048499823,23.189273834228516,0.9464535117149353,12.712690353393555,0.20980536937713623
DeepJSCC-f_author_DIV2K,05.png,10349e963c5c813d327852f82c1795fa4148d69fedffc4c589bee458e3ac3d53,6,100047076,1,10,256,256,0.020833333333333332,0.008693279698491096,20.60816192626953,0.8923436999320984,9.679605484008789,0.35462895035743713
DeepJSCC-f_author_DIV2K,05.png,10349e963c5c813d327852f82c1795fa4148d69fedffc4c589bee458e3ac3d53,6,100047076,2,10,256,256,0.041666666666666664,0.004848796874284744,23.143661499023438,0.9459526538848877,12.672256469726562,0.20696747303009033
DeepJSCC-f_author_DIV2K,05.png,10349e963c5c813d327852f82c1795fa4148d69fedffc4c589bee458e3ac3d53,7,100047077,1,10,256,256,0.020833333333333332,0.008817022666335106,20.54677963256836,0.8911232948303223,9.630650520324707,0.35405924916267395
DeepJSCC-f_author_DIV2K,05.png,10349e963c5c813d327852f82c1795fa4148d69fedffc4c589bee458e3ac3d53,7,100047077,2,10,256,256,0.041666666666666664,0.004855819046497345,23.13737678527832,0.9453301429748535,12.622520446777344,0.21375703811645508
DeepJSCC-f_author_DIV2K,05.png,10349e963c5c813d327852f82c1795fa4148d69fedffc4c589bee458e3ac3d53,8,100047078,1,10,256,256,0.020833333333333332,0.008733870461583138,20.587932586669922,0.8933150172233582,9.71896743774414,0.3533985912799835
DeepJSCC-f_author_DIV2K,05.png,10349e963c5c813d327852f82c1795fa4148d69fedffc4c589bee458e3ac3d53,8,100047078,2,10,256,256,0.041666666666666664,0.004831548780202866,23.159137725830078,0.9463281035423279,12.702530860900879,0.2061471790075302
DeepJSCC-f_author_DIV2K,05.png,10349e963c5c813d327852f82c1795fa4148d69fedffc4c589bee458e3ac3d53,9,100047079,1,10,256,256,0.020833333333333332,0.008752094581723213,20.578880310058594,0.8920218348503113,9.666641235351562,0.35317710041999817
DeepJSCC-f_author_DIV2K,05.png,10349e963c5c813d327852f82c1795fa4148d69fedffc4c589bee458e3ac3d53,9,100047079,2,10,256,256,0.041666666666666664,0.004817232023924589,23.172025680541992,0.9465761184692383,12.72264575958252,0.2115650624036789
DeepJSCC-f_author_DIV2K,06.png,363510303b715d4cbc384e1ce227e466b613a09e1b71ae985882bf8e7fbd9b18,0,100057070,1,10,256,256,0.020833333333333332,0.007475001271814108,21.263887405395508,0.8211339712142944,7.474721908569336,0.6079087853431702
DeepJSCC-f_author_DIV2K,06.png,363510303b715d4cbc384e1ce227e466b613a09e1b71ae985882bf8e7fbd9b18,0,100057070,2,10,256,256,0.041666666666666664,0.004019288346171379,23.95850944519043,0.9029465913772583,10.129891395568848,0.5012499094009399
DeepJSCC-f_author_DIV2K,06.png,363510303b715d4cbc384e1ce227e466b613a09e1b71ae985882bf8e7fbd9b18,1,100057071,1,10,256,256,0.020833333333333332,0.007795925252139568,21.081323623657227,0.8198358416557312,7.4433159828186035,0.5970280170440674
DeepJSCC-f_author_DIV2K,06.png,363510303b715d4cbc384e1ce227e466b613a09e1b71ae985882bf8e7fbd9b18,1,100057071,2,10,256,256,0.041666666666666664,0.004060858394950628,23.913822174072266,0.9024555087089539,10.107973098754883,0.49534741044044495
DeepJSCC-f_author_DIV2K,06.png,363510303b715d4cbc384e1ce227e466b613a09e1b71ae985882bf8e7fbd9b18,2,100057072,1,10,256,256,0.020833333333333332,0.007445076014846563,21.281309127807617,0.819280743598938,7.429956436157227,0.6067944765090942
DeepJSCC-f_author_DIV2K,06.png,363510303b715d4cbc384e1ce227e466b613a09e1b71ae985882bf8e7fbd9b18,2,100057072,2,10,256,256,0.041666666666666664,0.0040194629691541195,23.95832061767578,0.9030522108078003,10.134620666503906,0.49695855379104614
DeepJSCC-f_author_DIV2K,06.png,363510303b715d4cbc384e1ce227e466b613a09e1b71ae985882bf8e7fbd9b18,3,100057073,1,10,256,256,0.020833333333333332,0.007518821395933628,21.238502502441406,0.8211111426353455,7.474167346954346,0.6109965443611145
DeepJSCC-f_author_DIV2K,06.png,363510303b715d4cbc384e1ce227e466b613a09e1b71ae985882bf8e7fbd9b18,3,100057073,2,10,256,256,0.041666666666666664,0.0040659187361598015,23.90841293334961,0.9002518653869629,10.01095199584961,0.5006493330001831
DeepJSCC-f_author_DIV2K,06.png,363510303b715d4cbc384e1ce227e466b613a09e1b71ae985882bf8e7fbd9b18,4,100057074,1,10,256,256,0.020833333333333332,0.007584805600345135,21.200557708740234,0.8194006681442261,7.432838439941406,0.6121059656143188
DeepJSCC-f_author_DIV2K,06.png,363510303b715d4cbc384e1ce227e466b613a09e1b71ae985882bf8e7fbd9b18,4,100057074,2,10,256,256,0.041666666666666664,0.004038877785205841,23.937393188476562,0.9021484851837158,10.094324111938477,0.5023253560066223
DeepJSCC-f_author_DIV2K,06.png,363510303b715d4cbc384e1ce227e466b613a09e1b71ae985882bf8e7fbd9b18,5,100057075,1,10,256,256,0.020833333333333332,0.007496639154851437,21.25133514404297,0.8232926726341248,7.527454376220703,0.6067276000976562
DeepJSCC-f_author_DIV2K,06.png,363510303b715d4cbc384e1ce227e466b613a09e1b71ae985882bf8e7fbd9b18,5,100057075,2,10,256,256,0.041666666666666664,0.004030372481793165,23.946548461914062,0.9032725095748901,10.144500732421875,0.5070505142211914
DeepJSCC-f_author_DIV2K,06.png,363510303b715d4cbc384e1ce227e466b613a09e1b71ae985882bf8e7fbd9b18,6,100057076,1,10,256,256,0.020833333333333332,0.007548261433839798,21.22153091430664,0.819962203502655,7.4463629722595215,0.6101513504981995
DeepJSCC-f_author_DIV2K,06.png,363510303b715d4cbc384e1ce227e466b613a09e1b71ae985882bf8e7fbd9b18,6,100057076,2,10,256,256,0.041666666666666664,0.004056801088154316,23.918163299560547,0.9013234376907349,10.057860374450684,0.49882540106773376
DeepJSCC-f_author_DIV2K,06.png,363510303b715d4cbc384e1ce227e466b613a09e1b71ae985882bf8e7fbd9b18,7,100057077,1,10,256,256,0.020833333333333332,0.007303281687200069,21.36482048034668,0.823724627494812,7.538084030151367,0.6031186580657959
DeepJSCC-f_author_DIV2K,06.png,363510303b715d4cbc384e1ce227e466b613a09e1b71ae985882bf8e7fbd9b18,7,100057077,2,10,256,256,0.041666666666666664,0.0040151942521333694,23.962936401367188,0.9031986594200134,10.141186714172363,0.49050939083099365
DeepJSCC-f_author_DIV2K,06.png,363510303b715d4cbc384e1ce227e466b613a09e1b71ae985882bf8e7fbd9b18,8,100057078,1,10,256,256,0.020833333333333332,0.007433553691953421,21.288034439086914,0.826438844203949,7.605474472045898,0.6069169640541077
DeepJSCC-f_author_DIV2K,06.png,363510303b715d4cbc384e1ce227e466b613a09e1b71ae985882bf8e7fbd9b18,8,100057078,2,10,256,256,0.041666666666666664,0.004028589930385351,23.948471069335938,0.9023720026016235,10.104256629943848,0.4959578216075897
DeepJSCC-f_author_DIV2K,06.png,363510303b715d4cbc384e1ce227e466b613a09e1b71ae985882bf8e7fbd9b18,9,100057079,1,10,256,256,0.020833333333333332,0.007265171967446804,21.387542724609375,0.8235992193222046,7.534995079040527,0.6083080768585205
DeepJSCC-f_author_DIV2K,06.png,363510303b715d4cbc384e1ce227e466b613a09e1b71ae985882bf8e7fbd9b18,9,100057079,2,10,256,256,0.041666666666666664,0.003999942913651466,23.979463577270508,0.9037205576896667,10.164663314819336,0.4996795654296875
DeepJSCC-f_author_DIV2K,07.png,b77d3f006f42414bb242222e0482e750c0fb9e5ee8d4bed2f6f11c5605fe54a4,0,100067070,1,10,256,256,0.020833333333333332,0.004843316972255707,23.148571014404297,0.8945275545120239,9.768610000610352,0.30030161142349243
DeepJSCC-f_author_DIV2K,07.png,b77d3f006f42414bb242222e0482e750c0fb9e5ee8d4bed2f6f11c5605fe54a4,0,100067070,2,10,256,256,0.041666666666666664,0.0017496449872851372,27.570499420166016,0.9557647109031677,13.542312622070312,0.1797550618648529
DeepJSCC-f_author_DIV2K,07.png,b77d3f006f42414bb242222e0482e750c0fb9e5ee8d4bed2f6f11c5605fe54a4,1,100067071,1,10,256,256,0.020833333333333332,0.004596302751451731,23.375913619995117,0.8966972231864929,9.858880996704102,0.30968350172042847
DeepJSCC-f_author_DIV2K,07.png,b77d3f006f42414bb242222e0482e750c0fb9e5ee8d4bed2f6f11c5605fe54a4,1,100067071,2,10,256,256,0.041666666666666664,0.0017315307632088661,27.615697860717773,0.9565150737762451,13.616613388061523,0.17832736670970917
DeepJSCC-f_author_DIV2K,07.png,b77d3f006f42414bb242222e0482e750c0fb9e5ee8d4bed2f6f11c5605fe54a4,2,100067072,1,10,256,256,0.020833333333333332,0.004686242900788784,23.291751861572266,0.8960403203964233,9.831351280212402,0.2947932779788971
DeepJSCC-f_author_DIV2K,07.png,b77d3f006f42414bb242222e0482e750c0fb9e5ee8d4bed2f6f11c5605fe54a4,2,100067072,2,10,256,256,0.041666666666666664,0.0017482354305684566,27.57400131225586,0.9562110304832458,13.586353302001953,0.181269571185112
DeepJSCC-f_author_DIV2K,07.png,b77d3f006f42414bb242222e0482e750c0fb9e5ee8d4bed2f6f11c5605fe54a4,3,100067073,1,10,256,256,0.020833333333333332,0.004258478060364723,23.707456588745117,0.8997806310653687,9.990483283996582,0.2989273965358734
DeepJSCC-f_author_DIV2K,07.png,b77d3f006f42414bb242222e0482e750c0fb9e5ee8d4bed2f6f11c5605fe54a4,3,100067073,2,10,256,256,0.041666666666666664,0.0017045233398675919,27.683971405029297,0.9564885497093201,13.61396598815918,0.1692834496498108
DeepJSCC-f_author_DIV2K,07.png,b77d3f006f42414bb242222e0482e750c0fb9e5ee8d4bed2f6f11c5605fe54a4,4,100067074,1,10,256,256,0.020833333333333332,0.004609362687915564,23.36359214782715,0.8973526358604431,9.88652229309082,0.3047447204589844
DeepJSCC-f_author_DIV2K,07.png,b77d3f006f42414bb242222e0482e750c0fb9e5ee8d4bed2f6f11c5605fe54a4,4,100067074,2,10,256,256,0.041666666666666664,0.001745892222970724,27.57982635498047,0.956479549407959,13.613066673278809,0.1799011081457138
DeepJSCC-f_author_DIV2K,07.png,b77d3f006f42414bb242222e0482e750c0fb9e5ee8d4bed2f6f11c5605fe54a4,5,100067075,1,10,256,256,0.020833333333333332,0.004499516915529966,23.468341827392578,0.9001257419586182,10.005464553833008,0.3105950355529785
DeepJSCC-f_author_DIV2K,07.png,b77d3f006f42414bb242222e0482e750c0fb9e5ee8d4bed2f6f11c5605fe54a4,5,100067075,2,10,256,256,0.041666666666666664,0.0017333034193143249,27.61125373840332,0.957040011882782,13.66935920715332,0.17804980278015137
DeepJSCC-f_author_DIV2K,07.png,b77d3f006f42414bb242222e0482e750c0fb9e5ee8d4bed2f6f11c5605fe54a4,6,100067076,1,10,256,256,0.020833333333333332,0.00456120865419507,23.409202575683594,0.8960709571838379,9.83263111114502,0.3088158369064331
DeepJSCC-f_author_DIV2K,07.png,b77d3f006f42414bb242222e0482e750c0fb9e5ee8d4bed2f6f11c5605fe54a4,6,100067076,2,10,256,256,0.041666666666666664,0.00176895409822464,27.52283477783203,0.9548752307891846,13.455850601196289,0.17807844281196594
DeepJSCC-f_author_DIV2K,07.png,b77d3f006f42414bb242222e0482e750c0fb9e5ee8d4bed2f6f11c5605fe54a4,7,100067077,1,10,256,256,0.020833333333333332,0.004581482149660587,23.38994026184082,0.8975132703781128,9.89332389831543,0.30819064378738403
DeepJSCC-f_author_DIV2K,07.png,b77d3f006f42414bb242222e0482e750c0fb9e5ee8d4bed2f6f11c5605fe54a4,7,100067077,2,10,256,256,0.041666666666666664,0.001711072400212288,27.667316436767578,0.9574257135391235,13.708526611328125,0.17254093289375305
DeepJSCC-f_author_DIV2K,07.png,b77d3f006f42414bb242222e0482e750c0fb9e5ee8d4bed2f6f11c5605fe54a4,8,100067078,1,10,256,256,0.020833333333333332,0.004388979636132717,23.576364517211914,0.9008445739746094,10.036834716796875,0.3040207326412201
DeepJSCC-f_author_DIV2K,07.png,b77d3f006f42414bb242222e0482e750c0fb9e5ee8d4bed2f6f11c5605fe54a4,8,100067078,2,10,256,256,0.041666666666666664,0.0017204545438289642,27.64356803894043,0.9574891924858093,13.715005874633789,0.18035940825939178
DeepJSCC-f_author_DIV2K,07.png,b77d3f006f42414bb242222e0482e750c0fb9e5ee8d4bed2f6f11c5605fe54a4,9,100067079,1,10,256,256,0.020833333333333332,0.004456596449017525,23.509967803955078,0.8975600004196167,9.895304679870605,0.3041834831237793
DeepJSCC-f_author_DIV2K,07.png,b77d3f006f42414bb242222e0482e750c0fb9e5ee8d4bed2f6f11c5605fe54a4,9,100067079,2,10,256,256,0.041666666666666664,0.0017433356260880828,27.586191177368164,0.9567184448242188,13.636971473693848,0.17379605770111084
DeepJSCC-f_author_DIV2K,08.png,ba23983c76b4832ee0e8af0592664756841a16779acd69f792e268fb6d13d6e7,0,100077070,1,10,256,256,0.020833333333333332,0.008264435455203056,20.827869415283203,0.9021427035331726,10.09406852722168,0.37568551301956177
DeepJSCC-f_author_DIV2K,08.png,ba23983c76b4832ee0e8af0592664756841a16779acd69f792e268fb6d13d6e7,0,100077070,2,10,256,256,0.041666666666666664,0.004325023386627436,23.640117645263672,0.9489879608154297,12.923274040222168,0.27205249667167664
DeepJSCC-f_author_DIV2K,08.png,ba23983c76b4832ee0e8af0592664756841a16779acd69f792e268fb6d13d6e7,1,100077071,1,10,256,256,0.020833333333333332,0.00808057002723217,20.925580978393555,0.9020698070526123,10.09083366394043,0.3726558983325958
DeepJSCC-f_author_DIV2K,08.png,ba23983c76b4832ee0e8af0592664756841a16779acd69f792e268fb6d13d6e7,1,100077071,2,10,256,256,0.041666666666666664,0.004281457979232073,23.684083938598633,0.9492077231407166,12.942023277282715,0.2707650661468506
DeepJSCC-f_author_DIV2K,08.png,ba23983c76b4832ee0e8af0592664756841a16779acd69f792e268fb6d13d6e7,2,100077072,1,10,256,256,0.020833333333333332,0.00826073344796896,20.82981300354004,0.901220977306366,10.053353309631348,0.37847429513931274
DeepJSCC-f_author_DIV2K,08.png,ba23983c76b4832ee0e8af0592664756841a16779acd69f792e268fb6d13d6e7,2,100077072,2,10,256,256,0.041666666666666664,0.004281972534954548,23.683563232421875,0.9503952264785767,13.044766426086426,0.26617321372032166
DeepJSCC-f_author_DIV2K,08.png,ba23983c76b4832ee0e8af0592664756841a16779acd69f792e268fb6d13d6e7,3,100077073,1,10,256,256,0.020833333333333332,0.008299623616039753,20.809417724609375,0.8995708227157593,9.981401443481445,0.3837469220161438
DeepJSCC-f_author_DIV2K,08.png,ba23983c76b4832ee0e8af0592664756841a16779acd69f792e268fb6d13d6e7,3,100077073,2,10,256,256,0.041666666666666664,0.004261378664523363,23.704500198364258,0.9495077133178711,12.96774959564209,0.2762306332588196
DeepJSCC-f_author_DIV2K,08.png,ba23983c76b4832ee0e8af0592664756841a16779acd69f792e268fb6d13d6e7,4,100077074,1,10,256,256,0.020833333333333332,0.008283485658466816,20.817869186401367,0.8989541530609131,9.954815864562988,0.3784916400909424
DeepJSCC-f_author_DIV2K,08.png,ba23983c76b4832ee0e8af0592664756841a16779acd69f792e268fb6d13d6e7,4,100077074,2,10,256,256,0.041666666666666664,0.004278113134205341,23.687477111816406,0.9499110579490662,13.002582550048828,0.2761393189430237
DeepJSCC-f_author_DIV2K,08.png,ba23983c76b4832ee0e8af0592664756841a16779acd69f792e268fb6d13d6e7,5,100077075,1,10,256,256,0.020833333333333332,0.007976215332746506,20.982032775878906,0.9031545519828796,10.13920783996582,0.38507217168807983
DeepJSCC-f_author_DIV2K,08.png,ba23983c76b4832ee0e8af0592664756841a16779acd69f792e268fb6d13d6e7,5,100077075,2,10,256,256,0.041666666666666664,0.0042131925001740456,23.753887176513672,0.9503059387207031,13.036955833435059,0.27452537417411804
DeepJSCC-f_author_DIV2K,08.png,ba23983c76b4832ee0e8af0592664756841a16779acd69f792e268fb6d13d6e7,6,100077076,1,10,256,256,0.020833333333333332,0.007929603569209576,21.007488250732422,0.9024406671524048,10.107312202453613,0.38451263308525085
DeepJSCC-f_author_DIV2K,08.png,ba23983c76b4832ee0e8af0592664756841a16779acd69f792e268fb6d13d6e7,6,100077076,2,10,256,256,0.041666666666666664,0.004291508346796036,23.673900604248047,0.95021653175354,13.02914810180664,0.2755548655986786
DeepJSCC-f_author_DIV2K,08.png,ba23983c76b4832ee0e8af0592664756841a16779acd69f792e268fb6d13d6e7,7,100077077,1,10,256,256,0.020833333333333332,0.008065231144428253,20.93383026123047,0.899704098701477,9.987168312072754,0.38395848870277405
DeepJSCC-f_author_DIV2K,08.png,ba23983c76b4832ee0e8af0592664756841a16779acd69f792e268fb6d13d6e7,7,100077077,2,10,256,256,0.041666666666666664,0.004251073580235243,23.715015411376953,0.9491332769393921,12.935663223266602,0.2732868194580078
DeepJSCC-f_author_DIV2K,08.png,ba23983c76b4832ee0e8af0592664756841a16779acd69f792e268fb6d13d6e7,8,100077078,1,10,256,256,0.020833333333333332,0.007872151210904121,21.039066314697266,0.900397002696991,10.017276763916016,0.3810020089149475
DeepJSCC-f_author_DIV2K,08.png,ba23983c76b4832ee0e8af0592664756841a16779acd69f792e268fb6d13d6e7,8,100077078,2,10,256,256,0.041666666666666664,0.004268302582204342,23.697450637817383,0.9503977298736572,13.044984817504883,0.275879442691803
DeepJSCC-f_author_DIV2K,08.png,ba23983c76b4832ee0e8af0592664756841a16779acd69f792e268fb6d13d6e7,9,100077079,1,10,256,256,0.020833333333333332,0.008028178475797176,20.953828811645508,0.9014951586723328,10.065423965454102,0.39068514108657837
DeepJSCC-f_author_DIV2K,08.png,ba23983c76b4832ee0e8af0592664756841a16779acd69f792e268fb6d13d6e7,9,100077079,2,10,256,256,0.041666666666666664,0.004247002303600311,23.71917724609375,0.9500465393066406,13.014345169067383,0.2725863456726074
DeepJSCC-f_author_DIV2K,09.png,6a4361c2fc194feb4edaa9f9a4a0620fb9943e460ac7fdf037fb0f6dd6607a7d,0,100087070,1,10,256,256,0.020833333333333332,0.004629379138350487,23.344772338867188,0.883474588394165,9.335793495178223,0.2690024971961975
DeepJSCC-f_author_DIV2K,09.png,6a4361c2fc194feb4edaa9f9a4a0620fb9943e460ac7fdf037fb0f6dd6607a7d,0,100087070,2,10,256,256,0.041666666666666664,0.0013879789039492607,28.576171875,0.9487549066543579,12.90347671508789,0.20034430921077728
DeepJSCC-f_author_DIV2K,09.png,6a4361c2fc194feb4edaa9f9a4a0620fb9943e460ac7fdf037fb0f6dd6607a7d,1,100087071,1,10,256,256,0.020833333333333332,0.004955565091222525,23.049070358276367,0.8877684473991394,9.498849868774414,0.2664448320865631
DeepJSCC-f_author_DIV2K,09.png,6a4361c2fc194feb4edaa9f9a4a0620fb9943e460ac7fdf037fb0f6dd6607a7d,1,100087071,2,10,256,256,0.041666666666666664,0.0013913324801251292,28.565690994262695,0.9513151049613953,13.126058578491211,0.19427859783172607
DeepJSCC-f_author_DIV2K,09.png,6a4361c2fc194feb4edaa9f9a4a0620fb9943e460ac7fdf037fb0f6dd6607a7d,2,100087072,1,10,256,256,0.020833333333333332,0.004661259241402149,23.31496810913086,0.8846184611320496,9.378636360168457,0.2661374807357788
DeepJSCC-f_author_DIV2K,09.png,6a4361c2fc194feb4edaa9f9a4a0620fb9943e460ac7fdf037fb0f6dd6607a7d,2,100087072,2,10,256,256,0.041666666666666664,0.0013180299429222941,28.80074691772461,0.952619731426239,13.244024276733398,0.1948821097612381
DeepJSCC-f_author_DIV2K,09.png,6a4361c2fc194feb4edaa9f9a4a0620fb9943e460ac7fdf037fb0f6dd6607a7d,3,100087073,1,10,256,256,0.020833333333333332,0.0049365186132490635,23.065792083740234,0.8884099721908569,9.523746490478516,0.26250025629997253
DeepJSCC-f_author_DIV2K,09.png,6a4361c2fc194feb4edaa9f9a4a0620fb9943e460ac7fdf037fb0f6dd6607a7d,3,100087073,2,10,256,256,0.041666666666666664,0.0013752238592132926,28.616268157958984,0.9492068290710449,12.941946983337402,0.18980179727077484
DeepJSCC-f_author_DIV2K,09.png,6a4361c2fc194feb4edaa9f9a4a0620fb9943e460ac7fdf037fb0f6dd6607a7d,4,100087074,1,10,256,256,0.020833333333333332,0.004707766696810722,23.2718505859375,0.8848831057548523,9.388609886169434,0.2699926793575287
DeepJSCC-f_author_DIV2K,09.png,6a4361c2fc194feb4edaa9f9a4a0620fb9943e460ac7fdf037fb0f6dd6607a7d,4,100087074,2,10,256,256,0.041666666666666664,0.0012991467956453562,28.863418579101562,0.9522275328636169,13.208223342895508,0.19123241305351257
DeepJSCC-f_author_DIV2K,09.png,6a4361c2fc194feb4edaa9f9a4a0620fb9943e460ac7fdf037fb0f6dd6607a7d,5,100087075,1,10,256,256,0.020833333333333332,0.004519622772932053,23.4489803314209,0.8887045383453369,9.535225868225098,0.2739144265651703
DeepJSCC-f_author_DIV2K,09.png,6a4361c2fc194feb4edaa9f9a4a0620fb9943e460ac7fdf037fb0f6dd6607a7d,5,100087075,2,10,256,256,0.041666666666666664,0.0012999430764466524,28.86075782775879,0.950722873210907,13.07354736328125,0.19515492022037506
DeepJSCC-f_author_DIV2K,09.png,6a4361c2fc194feb4edaa9f9a4a0620fb9943e460ac7fdf037fb0f6dd6607a7d,6,100087076,1,10,256,256,0.020833333333333332,0.0050567458383738995,22.96129035949707,0.8851406574249268,9.398337364196777,0.26509466767311096
DeepJSCC-f_author_DIV2K,09.png,6a4361c2fc194feb4edaa9f9a4a0620fb9943e460ac7fdf037fb0f6dd6607a7d,6,100087076,2,10,256,256,0.041666666666666664,0.001463380642235279,28.34642791748047,0.9496073126792908,12.976325988769531,0.19863876700401306
DeepJSCC-f_author_DIV2K,09.png,6a4361c2fc194feb4edaa9f9a4a0620fb9943e460ac7fdf037fb0f6dd6607a7d,7,100087077,1,10,256,256,0.020833333333333332,0.004788730293512344,23.197795867919922,0.8875669240951538,9.491059303283691,0.2690121829509735
DeepJSCC-f_author_DIV2K,09.png,6a4361c2fc194feb4edaa9f9a4a0620fb9943e460ac7fdf037fb0f6dd6607a7d,7,100087077,2,10,256,256,0.041666666666666664,0.0013488922268152237,28.70022964477539,0.951145589351654,13.110962867736816,0.19242435693740845
DeepJSCC-f_author_DIV2K,09.png,6a4361c2fc194feb4edaa9f9a4a0620fb9943e460ac7fdf037fb0f6dd6607a7d,8,100087078,1,10,256,256,0.020833333333333332,0.004910684190690517,23.088579177856445,0.8864976167678833,9.449950218200684,0.2616044282913208
DeepJSCC-f_author_DIV2K,09.png,6a4361c2fc194feb4edaa9f9a4a0620fb9943e460ac7fdf037fb0f6dd6607a7d,8,100087078,2,10,256,256,0.041666666666666664,0.0014352810103446245,28.430631637573242,0.9513875246047974,13.132522583007812,0.19626730680465698
DeepJSCC-f_author_DIV2K,09.png,6a4361c2fc194feb4edaa9f9a4a0620fb9943e460ac7fdf037fb0f6dd6607a7d,9,100087079,1,10,256,256,0.020833333333333332,0.004709336441010237,23.270401000976562,0.8857898712158203,9.422954559326172,0.27055612206459045
DeepJSCC-f_author_DIV2K,09.png,6a4361c2fc194feb4edaa9f9a4a0620fb9943e460ac7fdf037fb0f6dd6607a7d,9,100087079,2,10,256,256,0.041666666666666664,0.0013533253222703934,28.68597984313965,0.9517970085144043,13.16926097869873,0.18968398869037628
DeepJSCC-f_author_DIV2K,10.png,9dfb70f5867c29ff9ed6313683f19b3d867849e40fbc0c4c54a4a89df341cf23,0,100097070,1,10,256,256,0.020833333333333332,0.003102445974946022,25.08296012878418,0.8119778037071228,7.257909297943115,0.4896203279495239
DeepJSCC-f_author_DIV2K,10.png,9dfb70f5867c29ff9ed6313683f19b3d867849e40fbc0c4c54a4a89df341cf23,0,100097070,2,10,256,256,0.041666666666666664,0.0008949165930971503,30.482175827026367,0.9337239265441895,11.786432266235352,0.3327568471431732
DeepJSCC-f_author_DIV2K,10.png,9dfb70f5867c29ff9ed6313683f19b3d867849e40fbc0c4c54a4a89df341cf23,1,100097071,1,10,256,256,0.020833333333333332,0.002991196233779192,25.24155044555664,0.8095167875289917,7.201433181762695,0.4929535984992981
DeepJSCC-f_author_DIV2K,10.png,9dfb70f5867c29ff9ed6313683f19b3d867849e40fbc0c4c54a4a89df341cf23,1,100097071,2,10,256,256,0.041666666666666664,0.000844328198581934,30.734886169433594,0.9345294833183289,11.839542388916016,0.33345627784729004
DeepJSCC-f_author_DIV2K,10.png,9dfb70f5867c29ff9ed6313683f19b3d867849e40fbc0c4c54a4a89df341cf23,2,100097072,1,10,256,256,0.020833333333333332,0.0030257636681199074,25.191650390625,0.8055051565170288,7.11091947555542,0.5051261186599731
DeepJSCC-f_author_DIV2K,10.png,9dfb70f5867c29ff9ed6313683f19b3d867849e40fbc0c4c54a4a89df341cf23,2,100097072,2,10,256,256,0.041666666666666664,0.0009047662606462836,30.43463706970215,0.9313395023345947,11.632930755615234,0.3412606120109558
DeepJSCC-f_author_DIV2K,10.png,9dfb70f5867c29ff9ed6313683f19b3d867849e40fbc0c4c54a4a89df341cf23,3,100097073,1,10,256,256,0.020833333333333332,0.002988967578858137,25.244789123535156,0.8155407309532166,7.340994834899902,0.5053114295005798
DeepJSCC-f_author_DIV2K,10.png,9dfb70f5867c29ff9ed6313683f19b3d867849e40fbc0c4c54a4a89df341cf23,3,100097073,2,10,256,256,0.041666666666666664,0.0008739441982470453,30.585163116455078,0.9314932823181152,11.642669677734375,0.33973461389541626
DeepJSCC-f_author_DIV2K,10.png,9dfb70f5867c29ff9ed6313683f19b3d867849e40fbc0c4c54a4a89df341cf23,4,100097074,1,10,256,256,0.020833333333333332,0.0029047883581370115,25.368858337402344,0.8165892958641052,7.365753650665283,0.4833381772041321
DeepJSCC-f_author_DIV2K,10.png,9dfb70f5867c29ff9ed6313683f19b3d867849e40fbc0c4c54a4a89df341cf23,4,100097074,2,10,256,256,0.041666666666666664,0.0008023162372410297,30.956544876098633,0.9364652037620544,11.969884872436523,0.3173579275608063
DeepJSCC-f_author_DIV2K,10.png,9dfb70f5867c29ff9ed6313683f19b3d867849e40fbc0c4c54a4a89df341cf23,5,100097075,1,10,256,256,0.020833333333333332,0.0029587382450699806,25.2889347076416,0.8090693354606628,7.1912431716918945,0.5009406208992004
DeepJSCC-f_author_DIV2K,10.png,9dfb70f5867c29ff9ed6313683f19b3d867849e40fbc0c4c54a4a89df341cf23,5,100097075,2,10,256,256,0.041666666666666664,0.000855480320751667,30.677900314331055,0.933696448802948,11.78463363647461,0.3400217294692993
DeepJSCC-f_author_DIV2K,10.png,9dfb70f5867c29ff9ed6313683f19b3d867849e40fbc0c4c54a4a89df341cf23,6,100097076,1,10,256,256,0.020833333333333332,0.0030893224757164717,25.101367950439453,0.813208281993866,7.286424160003662,0.48869356513023376
DeepJSCC-f_author_DIV2K,10.png,9dfb70f5867c29ff9ed6313683f19b3d867849e40fbc0c4c54a4a89df341cf23,6,100097076,2,10,256,256,0.041666666666666664,0.0009126265067607164,30.397069931030273,0.9327766299247742,11.724797248840332,0.3410976827144623
DeepJSCC-f_author_DIV2K,10.png,9dfb70f5867c29ff9ed6313683f19b3d867849e40fbc0c4c54a4a89df341cf23,7,100097077,1,10,256,256,0.020833333333333332,0.003204154781997204,24.9428653717041,0.8060294985771179,7.12264347076416,0.48999571800231934
DeepJSCC-f_author_DIV2K,10.png,9dfb70f5867c29ff9ed6313683f19b3d867849e40fbc0c4c54a4a89df341cf23,7,100097077,2,10,256,256,0.041666666666666664,0.0008715294534340501,30.597179412841797,0.9328397512435913,11.728878021240234,0.3293291926383972
DeepJSCC-f_author_DIV2K,10.png,9dfb70f5867c29ff9ed6313683f19b3d867849e40fbc0c4c54a4a89df341cf23,8,100097078,1,10,256,256,0.020833333333333332,0.0029108147136867046,25.35985565185547,0.8121513724327087,7.261919975280762,0.4861874282360077
DeepJSCC-f_author_DIV2K,10.png,9dfb70f5867c29ff9ed6313683f19b3d867849e40fbc0c4c54a4a89df341cf23,8,100097078,2,10,256,256,0.041666666666666664,0.0008268434321507812,30.825767517089844,0.934424877166748,11.832609176635742,0.3285978436470032
DeepJSCC-f_author_DIV2K,10.png,9dfb70f5867c29ff9ed6313683f19b3d867849e40fbc0c4c54a4a89df341cf23,9,100097079,1,10,256,256,0.020833333333333332,0.0030534081161022186,25.152151107788086,0.8056184649467468,7.113450050354004,0.4948141574859619
DeepJSCC-f_author_DIV2K,10.png,9dfb70f5867c29ff9ed6313683f19b3d867849e40fbc0c4c54a4a89df341cf23,9,100097079,2,10,256,256,0.041666666666666664,0.0008650822564959526,30.629426956176758,0.9303090572357178,11.568236351013184,0.34481281042099
DeepJSCC-f_author_DIV2K,11.png,7936814b58b5387fce2e4e2488b4ec830dadd95fa9520f358ddb30990b50f2b6,0,100107070,1,10,256,256,0.020833333333333332,0.006651114672422409,21.77105712890625,0.8876552581787109,9.49447250366211,0.4872954487800598
DeepJSCC-f_author_DIV2K,11.png,7936814b58b5387fce2e4e2488b4ec830dadd95fa9520f358ddb30990b50f2b6,0,100107070,2,10,256,256,0.041666666666666664,0.0038679777644574642,24.125160217285156,0.9395269751548767,12.184383392333984,0.3421017825603485
DeepJSCC-f_author_DIV2K,11.png,7936814b58b5387fce2e4e2488b4ec830dadd95fa9520f358ddb30990b50f2b6,1,100107071,1,10,256,256,0.020833333333333332,0.006659540813416243,21.76555824279785,0.8879437446594238,9.505640029907227,0.4936380982398987
DeepJSCC-f_author_DIV2K,11.png,7936814b58b5387fce2e4e2488b4ec830dadd95fa9520f358ddb30990b50f2b6,1,100107071,2,10,256,256,0.041666666666666664,0.0039171939715743065,24.07025146484375,0.9385475516319275,12.114608764648438,0.3448958396911621
DeepJSCC-f_author_DIV2K,11.png,7936814b58b5387fce2e4e2488b4ec830dadd95fa9520f358ddb30990b50f2b6,2,100107072,1,10,256,256,0.020833333333333332,0.006657536141574383,21.766864776611328,0.8870646357536316,9.471700668334961,0.4892239272594452
DeepJSCC-f_author_DIV2K,11.png,7936814b58b5387fce2e4e2488b4ec830dadd95fa9520f358ddb30990b50f2b6,2,100107072,2,10,256,256,0.041666666666666664,0.003857229370623827,24.137245178222656,0.9402276873588562,12.235000610351562,0.3359265625476837
DeepJSCC-f_author_DIV2K,11.png,7936814b58b5387fce2e4e2488b4ec830dadd95fa9520f358ddb30990b50f2b6,3,100107073,1,10,256,256,0.020833333333333332,0.006584045942872763,21.81507110595703,0.8858909606933594,9.426799774169922,0.49839454889297485
DeepJSCC-f_author_DIV2K,11.png,7936814b58b5387fce2e4e2488b4ec830dadd95fa9520f358ddb30990b50f2b6,3,100107073,2,10,256,256,0.041666666666666664,0.0038981009274721146,24.09147071838379,0.9393712878227234,12.173215866088867,0.34880900382995605
DeepJSCC-f_author_DIV2K,11.png,7936814b58b5387fce2e4e2488b4ec830dadd95fa9520f358ddb30990b50f2b6,4,100107074,1,10,256,256,0.020833333333333332,0.006597602739930153,21.806140899658203,0.888028085231781,9.508909225463867,0.48171836137771606
DeepJSCC-f_author_DIV2K,11.png,7936814b58b5387fce2e4e2488b4ec830dadd95fa9520f358ddb30990b50f2b6,4,100107074,2,10,256,256,0.041666666666666664,0.0038794963620603085,24.112247467041016,0.9404723644256592,12.252813339233398,0.34020665287971497
DeepJSCC-f_author_DIV2K,11.png,7936814b58b5387fce2e4e2488b4ec830dadd95fa9520f358ddb30990b50f2b6,5,100107075,1,10,256,256,0.020833333333333332,0.0066911703906953335,21.744979858398438,0.8845488429069519,9.376016616821289,0.4836609959602356
DeepJSCC-f_author_DIV2K,11.png,7936814b58b5387fce2e4e2488b4ec830dadd95fa9520f358ddb30990b50f2b6,5,100107075,2,10,256,256,0.041666666666666664,0.003885224461555481,24.105836868286133,0.938786506652832,12.131528854370117,0.3396950662136078
DeepJSCC-f_author_DIV2K,11.png,7936814b58b5387fce2e4e2488b4ec830dadd95fa9520f358ddb30990b50f2b6,6,100107076,1,10,256,256,0.020833333333333332,0.006541214883327484,21.843416213989258,0.8867692947387695,9.460357666015625,0.504222571849823
DeepJSCC-f_author_DIV2K,11.png,7936814b58b5387fce2e4e2488b4ec830dadd95fa9520f358ddb30990b50f2b6,6,100107076,2,10,256,256,0.041666666666666664,0.0039008245803415775,24.088438034057617,0.9395920634269714,12.18906021118164,0.34405654668807983
DeepJSCC-f_author_DIV2K,11.png,7936814b58b5387fce2e4e2488b4ec830dadd95fa9520f358ddb30990b50f2b6,7,100107077,1,10,256,256,0.020833333333333332,0.006776914000511169,21.689682006835938,0.886208713054657,9.438910484313965,0.4837263226509094
DeepJSCC-f_author_DIV2K,11.png,7936814b58b5387fce2e4e2488b4ec830dadd95fa9520f358ddb30990b50f2b6,7,100107077,2,10,256,256,0.041666666666666664,0.0038826707750558853,24.108694076538086,0.9398209452629089,12.205547332763672,0.3388705253601074
DeepJSCC-f_author_DIV2K,11.png,7936814b58b5387fce2e4e2488b4ec830dadd95fa9520f358ddb30990b50f2b6,8,100107078,1,10,256,256,0.020833333333333332,0.00662823673337698,21.786020278930664,0.8860154151916504,9.431539535522461,0.4842352271080017
DeepJSCC-f_author_DIV2K,11.png,7936814b58b5387fce2e4e2488b4ec830dadd95fa9520f358ddb30990b50f2b6,8,100107078,2,10,256,256,0.041666666666666664,0.003917401656508446,24.070018768310547,0.9390414953231812,12.149657249450684,0.3392452895641327
DeepJSCC-f_author_DIV2K,11.png,7936814b58b5387fce2e4e2488b4ec830dadd95fa9520f358ddb30990b50f2b6,9,100107079,1,10,256,256,0.020833333333333332,0.0067424532026052475,21.711822509765625,0.8861474394798279,9.436573028564453,0.48874542117118835
DeepJSCC-f_author_DIV2K,11.png,7936814b58b5387fce2e4e2488b4ec830dadd95fa9520f358ddb30990b50f2b6,9,100107079,2,10,256,256,0.041666666666666664,0.0038658902049064636,24.127506256103516,0.9399158954620361,12.21240520477295,0.33854666352272034
DeepJSCC-f_author_DIV2K,12.png,d78c37c2f04f23761ed2367dd77e2db584ddd4c3950833fecf89f199a8126980,0,100117070,1,10,256,256,0.020833333333333332,0.0049775769002735615,23.029821395874023,0.8392218351364136,7.937729358673096,0.41108930110931396
DeepJSCC-f_author_DIV2K,12.png,d78c37c2f04f23761ed2367dd77e2db584ddd4c3950833fecf89f199a8126980,0,100117070,2,10,256,256,0.041666666666666664,0.0018375783693045378,27.357542037963867,0.9205340147018433,10.998187065124512,0.3273150622844696
DeepJSCC-f_author_DIV2K,12.png,d78c37c2f04f23761ed2367dd77e2db584ddd4c3950833fecf89f199a8126980,1,100117071,1,10,256,256,0.020833333333333332,0.00508893420919776,22.933731079101562,0.842253565788269,8.020404815673828,0.422116219997406
DeepJSCC-f_author_DIV2K,12.png,d78c37c2f04f23761ed2367dd77e2db584ddd4c3950833fecf89f199a8126980,1,100117071,2,10,256,256,0.041666666666666664,0.001827112166211009,27.382347106933594,0.9219787120819092,11.077869415283203,0.32959631085395813
DeepJSCC-f_author_DIV2K,12.png,d78c37c2f04f23761ed2367dd77e2db584ddd4c3950833fecf89f199a8126980,2,100117072,1,10,256,256,0.020833333333333332,0.005102125927805901,22.922489166259766,0.8411442637443542,7.98997163772583,0.42346876859664917
DeepJSCC-f_author_DIV2K,12.png,d78c37c2f04f23761ed2367dd77e2db584ddd4c3950833fecf89f199a8126980,2,100117072,2,10,256,256,0.041666666666666664,0.0018649101257324219,27.29342269897461,0.9212799072265625,11.039143562316895,0.32973018288612366
DeepJSCC-f_author_DIV2K,12.png,d78c37c2f04f23761ed2367dd77e2db584ddd4c3950833fecf89f199a8126980,3,100117073,1,10,256,256,0.020833333333333332,0.0049905660562217236,23.018503189086914,0.8420157432556152,8.013862609863281,0.414567232131958
DeepJSCC-f_author_DIV2K,12.png,d78c37c2f04f23761ed2367dd77e2db584ddd4c3950833fecf89f199a8126980,3,100117073,2,10,256,256,0.041666666666666664,0.0018381824484094977,27.35611343383789,0.9198206663131714,10.959376335144043,0.32853052020072937
DeepJSCC-f_author_DIV2K,12.png,d78c37c2f04f23761ed2367dd77e2db584ddd4c3950833fecf89f199a8126980,4,100117074,1,10,256,256,0.020833333333333332,0.0052461097948253155,22.801626205444336,0.8380298018455505,7.905649185180664,0.4173712730407715
DeepJSCC-f_author_DIV2K,12.png,d78c37c2f04f23761ed2367dd77e2db584ddd4c3950833fecf89f199a8126980,4,100117074,2,10,256,256,0.041666666666666664,0.0018070817459374666,27.430221557617188,0.9209644198417664,11.021774291992188,0.3228168189525604
DeepJSCC-f_author_DIV2K,12.png,d78c37c2f04f23761ed2367dd77e2db584ddd4c3950833fecf89f199a8126980,5,100117075,1,10,256,256,0.020833333333333332,0.004920677747577429,23.079753875732422,0.8339738845825195,7.798235893249512,0.4155047535896301
DeepJSCC-f_author_DIV2K,12.png,d78c37c2f04f23761ed2367dd77e2db584ddd4c3950833fecf89f199a8126980,5,100117075,2,10,256,256,0.041666666666666664,0.001778413075953722,27.49967384338379,0.9206371307373047,11.003827095031738,0.31950411200523376
DeepJSCC-f_author_DIV2K,12.png,d78c37c2f04f23761ed2367dd77e2db584ddd4c3950833fecf89f199a8126980,6,100117076,1,10,256,256,0.020833333333333332,0.005077557172626257,22.94345474243164,0.837480902671814,7.890955924987793,0.4257929027080536
DeepJSCC-f_author_DIV2K,12.png,d78c37c2f04f23761ed2367dd77e2db584ddd4c3950833fecf89f199a8126980,6,100117076,2,10,256,256,0.041666666666666664,0.0018155891448259354,27.40982437133789,0.9208003878593445,11.012768745422363,0.3280348479747772
DeepJSCC-f_author_DIV2K,12.png,d78c37c2f04f23761ed2367dd77e2db584ddd4c3950833fecf89f199a8126980,7,100117077,1,10,256,256,0.020833333333333332,0.0050361305475234985,22.97903060913086,0.8397493362426758,7.952001571655273,0.42212384939193726
DeepJSCC-f_author_DIV2K,12.png,d78c37c2f04f23761ed2367dd77e2db584ddd4c3950833fecf89f199a8126980,7,100117077,2,10,256,256,0.041666666666666664,0.0018171448027715087,27.406105041503906,0.9195093512535095,10.942545890808105,0.3244570791721344
DeepJSCC-f_author_DIV2K,12.png,d78c37c2f04f23761ed2367dd77e2db584ddd4c3950833fecf89f199a8126980,8,100117078,1,10,256,256,0.020833333333333332,0.004905278794467449,23.093364715576172,0.8392490148544312,7.9384636878967285,0.4193914532661438
DeepJSCC-f_author_DIV2K,12.png,d78c37c2f04f23761ed2367dd77e2db584ddd4c3950833fecf89f199a8126980,8,100117078,2,10,256,256,0.041666666666666664,0.001766838482581079,27.528030395507812,0.9225544929504395,11.110038757324219,0.32251396775245667
DeepJSCC-f_author_DIV2K,12.png,d78c37c2f04f23761ed2367dd77e2db584ddd4c3950833fecf89f199a8126980,9,100117079,1,10,256,256,0.020833333333333332,0.005081554409116507,22.940034866333008,0.8380306959152222,7.905673503875732,0.4271014332771301
DeepJSCC-f_author_DIV2K,12.png,d78c37c2f04f23761ed2367dd77e2db584ddd4c3950833fecf89f199a8126980,9,100117079,2,10,256,256,0.041666666666666664,0.001858023344539106,27.309486389160156,0.9198638200759888,10.961713790893555,0.3261738121509552
DeepJSCC-f_author_DIV2K,13.png,bc34a3ce58dea09dce1704c997171602de90cb34d0c8503a988b77f473d39b08,0,100127070,1,10,256,256,0.020833333333333332,0.008928568102419376,20.4921817779541,0.8381237387657166,7.908168315887451,0.6847544312477112
DeepJSCC-f_author_DIV2K,13.png,bc34a3ce58dea09dce1704c997171602de90cb34d0c8503a988b77f473d39b08,0,100127070,2,10,256,256,0.041666666666666664,0.005409404635429382,22.668506622314453,0.9037584662437439,10.166374206542969,0.5699882507324219
DeepJSCC-f_author_DIV2K,13.png,bc34a3ce58dea09dce1704c997171602de90cb34d0c8503a988b77f473d39b08,1,100127071,1,10,256,256,0.020833333333333332,0.008723991923034191,20.592845916748047,0.8359786868095398,7.850997447967529,0.6895663142204285
DeepJSCC-f_author_DIV2K,13.png,bc34a3ce58dea09dce1704c997171602de90cb34d0c8503a988b77f473d39b08,1,100127071,2,10,256,256,0.041666666666666664,0.005361204966902733,22.70737648010254,0.9049054384231567,10.218443870544434,0.5533496737480164
DeepJSCC-f_author_DIV2K,13.png,bc34a3ce58dea09dce1704c997171602de90cb34d0c8503a988b77f473d39b08,2,100127072,1,10,256,256,0.020833333333333332,0.008977478370070457,20.468456268310547,0.8357104063034058,7.843899726867676,0.6919671893119812
DeepJSCC-f_author_DIV2K,13.png,bc34a3ce58dea09dce1704c997171602de90cb34d0c8503a988b77f473d39b08,2,100127072,2,10,256,256,0.041666666666666664,0.005427727475762367,22.653820037841797,0.9030760526657104,10.135689735412598,0.5459102988243103
DeepJSCC-f_author_DIV2K,13.png,bc34a3ce58dea09dce1704c997171602de90cb34d0c8503a988b77f473d39b08,3,100127073,1,10,256,256,0.020833333333333332,0.008890021592378616,20.510974884033203,0.8401898145675659,7.963955402374268,0.6907568573951721
DeepJSCC-f_author_DIV2K,13.png,bc34a3ce58dea09dce1704c997171602de90cb34d0c8503a988b77f473d39b08,3,100127073,2,10,256,256,0.041666666666666664,0.005379620473831892,22.692485809326172,0.9055711627006531,10.248954772949219,0.5618148446083069
DeepJSCC-f_author_DIV2K,13.png,bc34a3ce58dea09dce1704c997171602de90cb34d0c8503a988b77f473d39b08,4,100127074,1,10,256,256,0.020833333333333332,0.008845417760312557,20.532817840576172,0.8396342992782593,7.948884963989258,0.6881459355354309
DeepJSCC-f_author_DIV2K,13.png,bc34a3ce58dea09dce1704c997171602de90cb34d0c8503a988b77f473d39b08,4,100127074,2,10,256,256,0.041666666666666664,0.005372929852455854,22.697887420654297,0.9056510925292969,10.252632141113281,0.5463759303092957
DeepJSCC-f_author_DIV2K,13.png,bc34a3ce58dea09dce1704c997171602de90cb34d0c8503a988b77f473d39b08,5,100127075,1,10,256,256,0.020833333333333332,0.008851250633597374,20.52995491027832,0.8366503715515137,7.868818759918213,0.6931392550468445
DeepJSCC-f_author_DIV2K,13.png,bc34a3ce58dea09dce1704c997171602de90cb34d0c8503a988b77f473d39b08,5,100127075,2,10,256,256,0.041666666666666664,0.005366762168705463,22.702877044677734,0.9045567512512207,10.202547073364258,0.5505656599998474
DeepJSCC-f_author_DIV2K,13.png,bc34a3ce58dea09dce1704c997171602de90cb34d0c8503a988b77f473d39b08,6,100127076,1,10,256,256,0.020833333333333332,0.008645148947834969,20.632274627685547,0.8404208421707153,7.970238208770752,0.7013087868690491
DeepJSCC-f_author_DIV2K,13.png,bc34a3ce58dea09dce1704c997171602de90cb34d0c8503a988b77f473d39b08,6,100127076,2,10,256,256,0.041666666666666664,0.0053559960797429085,22.711597442626953,0.9062590599060059,10.280706405639648,0.556589663028717
DeepJSCC-f_author_DIV2K,13.png,bc34a3ce58dea09dce1704c997171602de90cb34d0c8503a988b77f473d39b08,7,100127077,1,10,256,256,0.020833333333333332,0.00876389816403389,20.573026657104492,0.8380789160728455,7.906966209411621,0.6920833587646484
DeepJSCC-f_author_DIV2K,13.png,bc34a3ce58dea09dce1704c997171602de90cb34d0c8503a988b77f473d39b08,7,100127077,2,10,256,256,0.041666666666666664,0.005387026816606522,22.686508178710938,0.9044000506401062,10.195423126220703,0.5586689114570618
DeepJSCC-f_author_DIV2K,13.png,bc34a3ce58dea09dce1704c997171602de90cb34d0c8503a988b77f473d39b08,8,100127078,1,10,256,256,0.020833333333333332,0.008838634006679058,20.536148071289062,0.8408522605895996,7.981995582580566,0.692747175693512
DeepJSCC-f_author_DIV2K,13.png,bc34a3ce58dea09dce1704c997171602de90cb34d0c8503a988b77f473d39b08,8,100127078,2,10,256,256,0.041666666666666664,0.005395402666181326,22.679763793945312,0.9044286012649536,10.196722030639648,0.5573406219482422
DeepJSCC-f_author_DIV2K,13.png,bc34a3ce58dea09dce1704c997171602de90cb34d0c8503a988b77f473d39b08,9,100127079,1,10,256,256,0.020833333333333332,0.008732706308364868,20.588510513305664,0.836399257183075,7.862147808074951,0.6914628148078918
DeepJSCC-f_author_DIV2K,13.png,bc34a3ce58dea09dce1704c997171602de90cb34d0c8503a988b77f473d39b08,9,100127079,2,10,256,256,0.041666666666666664,0.005376686807721853,22.694852828979492,0.9046246409416199,10.205638885498047,0.560020923614502
DeepJSCC-f_author_DIV2K,14.png,55a94550ff18f3246c4074fd32b77b0c74447c26b6ad274d564d999c0450ba6e,0,100137070,1,10,256,256,0.020833333333333332,0.006976447068154812,21.56365966796875,0.8738452196121216,8.990962982177734,0.42264172434806824
DeepJSCC-f_author_DIV2K,14.png,55a94550ff18f3246c4074fd32b77b0c74447c26b6ad274d564d999c0450ba6e,0,100137070,2,10,256,256,0.041666666666666664,0.0035583931021392345,24.48746109008789,0.9357495307922363,11.92123794555664,0.2693125903606415
DeepJSCC-f_author_DIV2K,14.png,55a94550ff18f3246c4074fd32b77b0c74447c26b6ad274d564d999c0450ba6e,1,100137071,1,10,256,256,0.020833333333333332,0.006841656751930714,21.648387908935547,0.8763427138328552,9.077803611755371,0.41397637128829956
DeepJSCC-f_author_DIV2K,14.png,55a94550ff18f3246c4074fd32b77b0c74447c26b6ad274d564d999c0450ba6e,1,100137071,2,10,256,256,0.041666666666666664,0.0034782462753355503,24.58639907836914,0.9377843141555786,12.061002731323242,0.25366732478141785
DeepJSCC-f_author_DIV2K,14.png,55a94550ff18f3246c4074fd32b77b0c74447c26b6ad274d564d999c0450ba6e,2,100137072,1,10,256,256,0.020833333333333332,0.007295445539057255,21.369483947753906,0.873763918876648,8.988164901733398,0.4192771911621094
DeepJSCC-f_author_DIV2K,14.png,55a94550ff18f3246c4074fd32b77b0c74447c26b6ad274d564d999c0450ba6e,2,100137072,2,10,256,256,0.041666666666666664,0.0035966583527624607,24.441009521484375,0.9353976249694824,11.897515296936035,0.2587830424308777
DeepJSCC-f_author_DIV2K,14.png,55a94550ff18f3246c4074fd32b77b0c74447c26b6ad274d564d999c0450ba6e,3,100137073,1,10,256,256,0.020833333333333332,0.007164692040532827,21.44802474975586,0.8728635311126709,8.95729923248291,0.41982150077819824
DeepJSCC-f_author_DIV2K,14.png,55a94550ff18f3246c4074fd32b77b0c74447c26b6ad274d564d999c0450ba6e,3,100137073,2,10,256,256,0.041666666666666664,0.0036048400215804577,24.431140899658203,0.9353491067886353,11.894254684448242,0.25932902097702026
DeepJSCC-f_author_DIV2K,14.png,55a94550ff18f3246c4074fd32b77b0c74447c26b6ad274d564d999c0450ba6e,4,100137074,1,10,256,256,0.020833333333333332,0.007229890674352646,21.40868377685547,0.869576096534729,8.846427917480469,0.41539573669433594
DeepJSCC-f_author_DIV2K,14.png,55a94550ff18f3246c4074fd32b77b0c74447c26b6ad274d564d999c0450ba6e,4,100137074,2,10,256,256,0.041666666666666664,0.0035980658140033484,24.439308166503906,0.9356726408004761,11.916044235229492,0.25638437271118164
DeepJSCC-f_author_DIV2K,14.png,55a94550ff18f3246c4074fd32b77b0c74447c26b6ad274d564d999c0450ba6e,5,100137075,1,10,256,256,0.020833333333333332,0.0069422367960214615,21.585006713867188,0.8713290095329285,8.905193328857422,0.41167765855789185
DeepJSCC-f_author_DIV2K,14.png,55a94550ff18f3246c4074fd32b77b0c74447c26b6ad274d564d999c0450ba6e,5,100137075,2,10,256,256,0.041666666666666664,0.00359705975279212,24.440521240234375,0.9352990984916687,11.890896797180176,0.26374945044517517
DeepJSCC-f_author_DIV2K,14.png,55a94550ff18f3246c4074fd32b77b0c74447c26b6ad274d564d999c0450ba6e,6,100137076,1,10,256,256,0.020833333333333332,0.007092083804309368,21.49226188659668,0.8750219345092773,9.031661987304688,0.4113907516002655
DeepJSCC-f_author_DIV2K,14.png,55a94550ff18f3246c4074fd32b77b0c74447c26b6ad274d564d999c0450ba6e,6,100137076,2,10,256,256,0.041666666666666664,0.0035711422096937895,24.4719295501709,0.9365109205245972,11.973010063171387,0.26097607612609863
DeepJSCC-f_author_DIV2K,14.png,55a94550ff18f3246c4074fd32b77b0c74447c26b6ad274d564d999c0450ba6e,7,100137077,1,10,256,256,0.020833333333333332,0.006776183843612671,21.690149307250977,0.8737648725509644,8.988197326660156,0.4082227349281311
DeepJSCC-f_author_DIV2K,14.png,55a94550ff18f3246c4074fd32b77b0c74447c26b6ad274d564d999c0450ba6e,7,100137077,2,10,256,256,0.041666666666666664,0.0035068930592387915,24.55077362060547,0.9361626505851746,11.949252128601074,0.25858384370803833
DeepJSCC-f_author_DIV2K,14.png,55a94550ff18f3246c4074fd32b77b0c74447c26b6ad274d564d999c0450ba6e,8,100137078,1,10,256,256,0.020833333333333332,0.00702250748872757,21.535076141357422,0.8746563196182251,9.018976211547852,0.4050029218196869
DeepJSCC-f_author_DIV2K,14.png,55a94550ff18f3246c4074fd32b77b0c74447c26b6ad274d564d999c0450ba6e,8,100137078,2,10,256,256,0.041666666666666664,0.003516119671985507,24.539363861083984,0.9365540742874146,11.975963592529297,0.2537810504436493
DeepJSCC-f_author_DIV2K,14.png,55a94550ff18f3246c4074fd32b77b0c74447c26b6ad274d564d999c0450ba6e,9,100137079,1,10,256,256,0.020833333333333332,0.007115771993994713,21.477779388427734,0.8740414381027222,8.997723579406738,0.4151969850063324
DeepJSCC-f_author_DIV2K,14.png,55a94550ff18f3246c4074fd32b77b0c74447c26b6ad274d564d999c0450ba6e,9,100137079,2,10,256,256,0.041666666666666664,0.003560030600056052,24.485464096069336,0.9366977214813232,11.985807418823242,0.258675754070282
DeepJSCC-f_author_DIV2K,15.png,7538cbb80cb9103606c48b806eae57d56c885c7f90b9b3be70a41160f9cbb683,0,100147070,1,10,256,256,0.020833333333333332,0.004866223316639662,23.128080368041992,0.8852245211601257,9.401510238647461,0.39191603660583496
DeepJSCC-f_author_DIV2K,15.png,7538cbb80cb9103606c48b806eae57d56c885c7f90b9b3be70a41160f9cbb683,0,100147070,2,10,256,256,0.041666666666666664,0.0016592501197010279,27.80088233947754,0.9416522979736328,12.339762687683105,0.3135424554347992
DeepJSCC-f_author_DIV2K,15.png,7538cbb80cb9103606c48b806eae57d56c885c7f90b9b3be70a41160f9cbb683,1,100147071,1,10,256,256,0.020833333333333332,0.004622151143848896,23.351558685302734,0.8843178749084473,9.367338180541992,0.3960222899913788
DeepJSCC-f_author_DIV2K,15.png,7538cbb80cb9103606c48b806eae57d56c885c7f90b9b3be70a41160f9cbb683,1,100147071,2,10,256,256,0.041666666666666664,0.0015812934143468738,28.00987434387207,0.9424896240234375,12.402538299560547,0.3091607987880707
DeepJSCC-f_author_DIV2K,15.png,7538cbb80cb9103606c48b806eae57d56c885c7f90b9b3be70a41160f9cbb683,2,100147072,1,10,256,256,0.020833333333333332,0.004670906811952591,23.305988311767578,0.8847583532333374,9.383906364440918,0.39520663022994995
DeepJSCC-f_author_DIV2K,15.png,7538cbb80cb9103606c48b806eae57d56c885c7f90b9b3be70a41160f9cbb683,2,100147072,2,10,256,256,0.041666666666666664,0.0015877045225352049,27.9923038482666,0.9425691366195679,12.408547401428223,0.3080906867980957
DeepJSCC-f_author_DIV2K,15.png,7538cbb80cb9103606c48b806eae57d56c885c7f90b9b3be70a41160f9cbb683,3,100147073,1,10,256,256,0.020833333333333332,0.004647518508136272,23.327789306640625,0.8861122131347656,9.43522834777832,0.39389050006866455
DeepJSCC-f_author_DIV2K,15.png,7538cbb80cb9103606c48b806eae57d56c885c7f90b9b3be70a41160f9cbb683,3,100147073,2,10,256,256,0.041666666666666664,0.0015639476478099823,28.057777404785156,0.9433079957962036,12.46478271484375,0.3068521022796631
DeepJSCC-f_author_DIV2K,15.png,7538cbb80cb9103606c48b806eae57d56c885c7f90b9b3be70a41160f9cbb683,4,100147074,1,10,256,256,0.020833333333333332,0.004460751544684172,23.505918502807617,0.8850584030151367,9.395227432250977,0.400581419467926
DeepJSCC-f_author_DIV2K,15.png,7538cbb80cb9103606c48b806eae57d56c885c7f90b9b3be70a41160f9cbb683,4,100147074,2,10,256,256,0.041666666666666664,0.0015894342213869095,27.987573623657227,0.9434933066368103,12.47900104522705,0.30330875515937805
DeepJSCC-f_author_DIV2K,15.png,7538cbb80cb9103606c48b806eae57d56c885c7f90b9b3be70a41160f9cbb683,5,100147075,1,10,256,256,0.020833333333333332,0.00464203767478466,23.332916259765625,0.880979061126709,9.243766784667969,0.393016517162323
DeepJSCC-f_author_DIV2K,15.png,7538cbb80cb9103606c48b806eae57d56c885c7f90b9b3be70a41160f9cbb683,5,100147075,2,10,256,256,0.041666666666666664,0.0015873637748882174,27.993236541748047,0.9415873289108276,12.334929466247559,0.3066636025905609
DeepJSCC-f_author_DIV2K,15.png,7538cbb80cb9103606c48b806eae57d56c885c7f90b9b3be70a41160f9cbb683,6,100147076,1,10,256,256,0.020833333333333332,0.004758219234645367,23.225555419921875,0.8838922381401062,9.351387977600098,0.39962849020957947
DeepJSCC-f_author_DIV2K,15.png,7538cbb80cb9103606c48b806eae57d56c885c7f90b9b3be70a41160f9cbb683,6,100147076,2,10,256,256,0.041666666666666664,0.001599872368387878,27.95914649963379,0.9430796504020691,12.447324752807617,0.30737102031707764
DeepJSCC-f_author_DIV2K,15.png,7538cbb80cb9103606c48b806eae57d56c885c7f90b9b3be70a41160f9cbb683,7,100147077,1,10,256,256,0.020833333333333332,0.004690623842179775,23.287694931030273,0.8820192217826843,9.28188705444336,0.3965023159980774
DeepJSCC-f_author_DIV2K,15.png,7538cbb80cb9103606c48b806eae57d56c885c7f90b9b3be70a41160f9cbb683,7,100147077,2,10,256,256,0.041666666666666664,0.0016121168155223131,27.926034927368164,0.9407323598861694,12.27182388305664,0.3090851604938507
DeepJSCC-f_author_DIV2K,15.png,7538cbb80cb9103606c48b806eae57d56c885c7f90b9b3be70a41160f9cbb683,8,100147078,1,10,256,256,0.020833333333333332,0.004681188613176346,23.29644012451172,0.8865149021148682,9.45061206817627,0.39013221859931946
DeepJSCC-f_author_DIV2K,15.png,7538cbb80cb9103606c48b806eae57d56c885c7f90b9b3be70a41160f9cbb683,8,100147078,2,10,256,256,0.041666666666666664,0.0015789445023983717,28.016334533691406,0.9429525136947632,12.43763542175293,0.3034159541130066
DeepJSCC-f_author_DIV2K,15.png,7538cbb80cb9103606c48b806eae57d56c885c7f90b9b3be70a41160f9cbb683,9,100147079,1,10,256,256,0.020833333333333332,0.004811936989426613,23.176801681518555,0.8837832808494568,9.34731388092041,0.3890051245689392
DeepJSCC-f_author_DIV2K,15.png,7538cbb80cb9103606c48b806eae57d56c885c7f90b9b3be70a41160f9cbb683,9,100147079,2,10,256,256,0.041666666666666664,0.0016121563967317343,27.925928115844727,0.9435469508171082,12.483125686645508,0.30497458577156067
DeepJSCC-f_author_DIV2K,16.png,a89c7268ccd4718ba424a99fc4643c572cf692ca6eae887185ceb4e9f11d2e54,0,100157070,1,10,256,256,0.020833333333333332,0.004575782455503941,23.395347595214844,0.8340172171592712,7.799369812011719,0.5720930695533752
DeepJSCC-f_author_DIV2K,16.png,a89c7268ccd4718ba424a99fc4643c572cf692ca6eae887185ceb4e9f11d2e54,0,100157070,2,10,256,256,0.041666666666666664,0.0016759730642661452,27.7573299407959,0.9262064695358276,11.319817543029785,0.4228973090648651
DeepJSCC-f_author_DIV2K,16.png,a89c7268ccd4718ba424a99fc4643c572cf692ca6eae887185ceb4e9f11d2e54,1,100157071,1,10,256,256,0.020833333333333332,0.004430940840393305,23.5350399017334,0.8382996320724487,7.912890434265137,0.5757473111152649
DeepJSCC-f_author_DIV2K,16.png,a89c7268ccd4718ba424a99fc4643c572cf692ca6eae887185ceb4e9f11d2e54,1,100157071,2,10,256,256,0.041666666666666664,0.0016549499705433846,27.812152862548828,0.9269819259643555,11.36569595336914,0.4194926917552948
DeepJSCC-f_author_DIV2K,16.png,a89c7268ccd4718ba424a99fc4643c572cf692ca6eae887185ceb4e9f11d2e54,2,100157072,1,10,256,256,0.020833333333333332,0.00436092633754015,23.60421371459961,0.8368515372276306,7.874169826507568,0.5646132230758667
DeepJSCC-f_author_DIV2K,16.png,a89c7268ccd4718ba424a99fc4643c572cf692ca6eae887185ceb4e9f11d2e54,2,100157072,2,10,256,256,0.041666666666666664,0.0016507965046912432,27.82306671142578,0.9269999265670776,11.366766929626465,0.4235458970069885
DeepJSCC-f_author_DIV2K,16.png,a89c7268ccd4718ba424a99fc4643c572cf692ca6eae887185ceb4e9f11d2e54,3,100157073,1,10,256,256,0.020833333333333332,0.004670616704970598,23.306257247924805,0.8414131999015808,7.9973297119140625,0.5558958053588867
DeepJSCC-f_author_DIV2K,16.png,a89c7268ccd4718ba424a99fc4643c572cf692ca6eae887185ceb4e9f11d2e54,3,100157073,2,10,256,256,0.041666666666666664,0.0016848673112690449,27.734344482421875,0.9271243810653687,11.374177932739258,0.4205373525619507
DeepJSCC-f_author_DIV2K,16.png,a89c7268ccd4718ba424a99fc4643c572cf692ca6eae887185ceb4e9f11d2e54,4,100157074,1,10,256,256,0.020833333333333332,0.004246469121426344,23.7197208404541,0.8373829126358032,7.888338565826416,0.5813132524490356
DeepJSCC-f_author_DIV2K,16.png,a89c7268ccd4718ba424a99fc4643c572cf692ca6eae887185ceb4e9f11d2e54,4,100157074,2,10,256,256,0.041666666666666664,0.0016227492596954107,27.89748764038086,0.9280939102172852,11.432343482971191,0.4183475077152252
DeepJSCC-f_author_DIV2K,16.png,a89c7268ccd4718ba424a99fc4643c572cf692ca6eae887185ceb4e9f11d2e54,5,100157075,1,10,256,256,0.020833333333333332,0.004497244488447905,23.470535278320312,0.8413580656051636,7.995820045471191,0.5631982684135437
DeepJSCC-f_author_DIV2K,16.png,a89c7268ccd4718ba424a99fc4643c572cf692ca6eae887185ceb4e9f11d2e54,5,100157075,2,10,256,256,0.041666666666666664,0.0016647572629153728,27.78649139404297,0.9274575114250183,11.394076347351074,0.41928964853286743
DeepJSCC-f_author_DIV2K,16.png,a89c7268ccd4718ba424a99fc4643c572cf692ca6eae887185ceb4e9f11d2e54,6,100157076,1,10,256,256,0.020833333333333332,0.004602701868861914,23.369873046875,0.8388580679893494,7.927914142608643,0.5670828819274902
DeepJSCC-f_author_DIV2K,16.png,a89c7268ccd4718ba424a99fc4643c572cf692ca6eae887185ceb4e9f11d2e54,6,100157076,2,10,256,256,0.041666666666666664,0.0016981251537799835,27.700305938720703,0.9259740710258484,11.306161880493164,0.4176275432109833
DeepJSCC-f_author_DIV2K,16.png,a89c7268ccd4718ba424a99fc4643c572cf692ca6eae887185ceb4e9f11d2e54,7,100157077,1,10,256,256,0.020833333333333332,0.0045712050050497055,23.399694442749023,0.8306885957717896,7.713137626647949,0.5729736685752869
DeepJSCC-f_author_DIV2K,16.png,a89c7268ccd4718ba424a99fc4643c572cf692ca6eae887185ceb4e9f11d2e54,7,100157077,2,10,256,256,0.041666666666666664,0.0016747412737458944,27.760522842407227,0.9259902238845825,11.307109832763672,0.414268434047699
DeepJSCC-f_author_DIV2K,16.png,a89c7268ccd4718ba424a99fc4643c572cf692ca6eae887185ceb4e9f11d2e54,8,100157078,1,10,256,256,0.020833333333333332,0.0046005332842469215,23.37192153930664,0.8325079679489136,7.760058403015137,0.5632272362709045
DeepJSCC-f_author_DIV2K,16.png,a89c7268ccd4718ba424a99fc4643c572cf692ca6eae887185ceb4e9f11d2e54,8,100157078,2,10,256,256,0.041666666666666664,0.0017112756613641977,27.66680145263672,0.925322413444519,11.268098831176758,0.4133089780807495
DeepJSCC-f_author_DIV2K,16.png,a89c7268ccd4718ba424a99fc4643c572cf692ca6eae887185ceb4e9f11d2e54,9,100157079,1,10,256,256,0.020833333333333332,0.004644134547561407,23.33095359802246,0.8409371376037598,7.984312057495117,0.555565357208252
DeepJSCC-f_author_DIV2K,16.png,a89c7268ccd4718ba424a99fc4643c572cf692ca6eae887185ceb4e9f11d2e54,9,100157079,2,10,256,256,0.041666666666666664,0.001676497864536941,27.755970001220703,0.925460696220398,11.276145935058594,0.4146636128425598
DeepJSCC-f_author_DIV2K,17.png,37afcc89fbdcb76d9518e04b2fc011027e2f4cd14b3b2f83cefd721641a47c5b,0,100167070,1,10,256,256,0.020833333333333332,0.004081082530319691,23.89224624633789,0.877246618270874,9.109665870666504,0.39171990752220154
DeepJSCC-f_author_DIV2K,17.png,37afcc89fbdcb76d9518e04b2fc011027e2f4cd14b3b2f83cefd721641a47c5b,0,100167070,2,10,256,256,0.041666666666666664,0.0013435290893539786,28.717529296875,0.9515542984008789,13.147448539733887,0.2965662479400635
DeepJSCC-f_author_DIV2K,17.png,37afcc89fbdcb76d9518e04b2fc011027e2f4cd14b3b2f83cefd721641a47c5b,1,100167071,1,10,256,256,0.020833333333333332,0.0042125387117266655,23.754560470581055,0.8781917095184326,9.143231391906738,0.38947319984436035
DeepJSCC-f_author_DIV2K,17.png,37afcc89fbdcb76d9518e04b2fc011027e2f4cd14b3b2f83cefd721641a47c5b,1,100167071,2,10,256,256,0.041666666666666664,0.00135903456248343,28.667695999145508,0.9523977041244507,13.22372055053711,0.2909097373485565
DeepJSCC-f_author_DIV2K,17.png,37afcc89fbdcb76d9518e04b2fc011027e2f4cd14b3b2f83cefd721641a47c5b,2,100167072,1,10,256,256,0.020833333333333332,0.004391027148813009,23.5743408203125,0.8777319192886353,9.126870155334473,0.39641666412353516
DeepJSCC-f_author_DIV2K,17.png,37afcc89fbdcb76d9518e04b2fc011027e2f4cd14b3b2f83cefd721641a47c5b,2,100167072,2,10,256,256,0.041666666666666664,0.0013516664039343596,28.691307067871094,0.9527924060821533,13.259881973266602,0.2943861186504364
DeepJSCC-f_author_DIV2K,17.png,37afcc89fbdcb76d9518e04b2fc011027e2f4cd14b3b2f83cefd721641a47c5b,3,100167073,1,10,256,256,0.020833333333333332,0.004087978973984718,23.88491439819336,0.881181001663208,9.251140594482422,0.39120522141456604
DeepJSCC-f_author_DIV2K,17.png,37afcc89fbdcb76d9518e04b2fc011027e2f4cd14b3b2f83cefd721641a47c5b,3,100167073,2,10,256,256,0.041666666666666664,0.0013405130011960864,28.727291107177734,0.953866183757782,13.359806060791016,0.2889707386493683
DeepJSCC-f_author_DIV2K,17.png,37afcc89fbdcb76d9518e04b2fc011027e2f4cd14b3b2f83cefd721641a47c5b,4,100167074,1,10,256,256,0.020833333333333332,0.004133800510317087,23.836505889892578,0.8772068023681641,9.108256340026855,0.4000583589076996
DeepJSCC-f_author_DIV2K,17.png,37afcc89fbdcb76d9518e04b2fc011027e2f4cd14b3b2f83cefd721641a47c5b,4,100167074,2,10,256,256,0.041666666666666664,0.0013150888262316585,28.810447692871094,0.9522247314453125,13.207968711853027,0.2949351668357849
DeepJSCC-f_author_DIV2K,17.png,37afcc89fbdcb76d9518e04b2fc011027e2f4cd14b3b2f83cefd721641a47c5b,5,100167075,1,10,256,256,0.020833333333333332,0.004008681979030371,23.96998405456543,0.8784326910972595,9.15183162689209,0.3958074450492859
DeepJSCC-f_author_DIV2K,17.png,37afcc89fbdcb76d9518e04b2fc011027e2f4cd14b3b2f83cefd721641a47c5b,5,100167075,2,10,256,256,0.041666666666666664,0.0013200668618083,28.794042587280273,0.9533860683441162,13.31484317779541,0.2935633063316345
DeepJSCC-f_author_DIV2K,17.png,37afcc89fbdcb76d9518e04b2fc011027e2f4cd14b3b2f83cefd721641a47c5b,6,100167076,1,10,256,256,0.020833333333333332,0.004326540045440197,23.638591766357422,0.8757561445236206,9.0572509765625,0.388882577419281
DeepJSCC-f_author_DIV2K,17.png,37afcc89fbdcb76d9518e04b2fc011027e2f4cd14b3b2f83cefd721641a47c5b,6,100167076,2,10,256,256,0.041666666666666664,0.0014063178095966578,28.5191650390625,0.9508171081542969,13.081859588623047,0.30130457878112793
DeepJSCC-f_author_DIV2K,17.png,37afcc89fbdcb76d9518e04b2fc011027e2f4cd14b3b2f83cefd721641a47c5b,7,100167077,1,10,256,256,0.020833333333333332,0.003946324810385704,24.038074493408203,0.8821862936019897,9.288042068481445,0.39262914657592773
DeepJSCC-f_author_DIV2K,17.png,37afcc89fbdcb76d9518e04b2fc011027e2f4cd14b3b2f83cefd721641a47c5b,7,100167077,2,10,256,256,0.041666666666666664,0.0012737737270072103,28.949079513549805,0.9536212682723999,13.336811065673828,0.2959079146385193
DeepJSCC-f_author_DIV2K,17.png,37afcc89fbdcb76d9518e04b2fc011027e2f4cd14b3b2f83cefd721641a47c5b,8,100167078,1,10,256,256,0.020833333333333332,0.003973613493144512,24.00814437866211,0.8857194185256958,9.420275688171387,0.4000634551048279
DeepJSCC-f_author_DIV2K,17.png,37afcc89fbdcb76d9518e04b2fc011027e2f4cd14b3b2f83cefd721641a47c5b,8,100167078,2,10,256,256,0.041666666666666664,0.0012445613974705338,29.049837112426758,0.9570350646972656,13.668859481811523,0.2948053479194641
DeepJSCC-f_author_DIV2K,17.png,37afcc89fbdcb76d9518e04b2fc011027e2f4cd14b3b2f83cefd721641a47c5b,9,100167079,1,10,256,256,0.020833333333333332,0.003970852121710777,24.01116371154785,0.8770750761032104,9.10360050201416,0.38972920179367065
DeepJSCC-f_author_DIV2K,17.png,37afcc89fbdcb76d9518e04b2fc011027e2f4cd14b3b2f83cefd721641a47c5b,9,100167079,2,10,256,256,0.041666666666666664,0.0013000515755265951,28.860395431518555,0.953224778175354,13.29984188079834,0.294351190328598
DeepJSCC-f_author_DIV2K,18.png,1a9258c365988961d87a0598725b609139c303ad48a5aad6c503c3b1a87849aa,0,100177070,1,10,256,256,0.020833333333333332,0.006387236528098583,21.946868896484375,0.8832352161407471,9.326881408691406,0.43323609232902527
DeepJSCC-f_author_DIV2K,18.png,1a9258c365988961d87a0598725b609139c303ad48a5aad6c503c3b1a87849aa,0,100177070,2,10,256,256,0.041666666666666664,0.0034377719275653362,24.637229919433594,0.9487718343734741,12.904911994934082,0.3376453220844269
DeepJSCC-f_author_DIV2K,18.png,1a9258c365988961d87a0598725b609139c303ad48a5aad6c503c3b1a87849aa,1,100177071,1,10,256,256,0.020833333333333332,0.006262113340198994,22.032791137695312,0.8861433267593384,9.436415672302246,0.43681734800338745
DeepJSCC-f_author_DIV2K,18.png,1a9258c365988961d87a0598725b609139c303ad48a5aad6c503c3b1a87849aa,1,100177071,2,10,256,256,0.041666666666666664,0.0034435433335602283,24.62994384765625,0.9485754370689392,12.888294219970703,0.3333725035190582
DeepJSCC-f_author_DIV2K,18.png,1a9258c365988961d87a0598725b609139c303ad48a5aad6c503c3b1a87849aa,2,100177072,1,10,256,256,0.020833333333333332,0.0062536997720599174,22.038631439208984,0.8837167620658875,9.344828605651855,0.4423397183418274
DeepJSCC-f_author_DIV2K,18.png,1a9258c365988961d87a0598725b609139c303ad48a5aad6c503c3b1a87849aa,2,100177072,2,10,256,256,0.041666666666666664,0.0034234188497066498,24.655399322509766,0.9485434293746948,12.885591506958008,0.3332020938396454
DeepJSCC-f_author_DIV2K,18.png,1a9258c365988961d87a0598725b609139c303ad48a5aad6c503c3b1a87849aa,3,100177073,1,10,256,256,0.020833333333333332,0.006468375213444233,21.892047882080078,0.8803608417510986,9.221266746520996,0.4473842680454254
DeepJSCC-f_author_DIV2K,18.png,1a9258c365988961d87a0598725b609139c303ad48a5aad6c503c3b1a87849aa,3,100177073,2,10,256,256,0.041666666666666664,0.0034482874907553196,24.623966217041016,0.9485316276550293,12.884596824645996,0.3333145081996918
DeepJSCC-f_author_DIV2K,18.png,1a9258c365988961d87a0598725b609139c303ad48a5aad6c503c3b1a87849aa,4,100177074,1,10,256,256,0.020833333333333332,0.006513375788927078,21.8619384765625,0.8833563327789307,9.331388473510742,0.4530971646308899
DeepJSCC-f_author_DIV2K,18.png,1a9258c365988961d87a0598725b609139c303ad48a5aad6c503c3b1a87849aa,4,100177074,2,10,256,256,0.041666666666666664,0.0034242484252899885,24.654348373413086,0.9486140608787537,12.891557693481445,0.33617496490478516
DeepJSCC-f_author_DIV2K,18.png,1a9258c365988961d87a0598725b609139c303ad48a5aad6c503c3b1a87849aa,5,100177075,1,10,256,256,0.020833333333333332,0.00625218078494072,22.039684295654297,0.887205958366394,9.477139472961426,0.44403502345085144
DeepJSCC-f_author_DIV2K,18.png,1a9258c365988961d87a0598725b609139c303ad48a5aad6c503c3b1a87849aa,5,100177075,2,10,256,256,0.041666666666666664,0.0034292980562895536,24.64794921875,0.9472826719284058,12.780466079711914,0.33617138862609863
DeepJSCC-f_author_DIV2K,18.png,1a9258c365988961d87a0598725b609139c303ad48a5aad6c503c3b1a87849aa,6,100177076,1,10,256,256,0.020833333333333332,0.006368058733642101,21.959930419921875,0.8842024207115173,9.363005638122559,0.44977015256881714
DeepJSCC-f_author_DIV2K,18.png,1a9258c365988961d87a0598725b609139c303ad48a5aad6c503c3b1a87849aa,6,100177076,2,10,256,256,0.041666666666666664,0.003431417513638735,24.645263671875,0.9486265182495117,12.892609596252441,0.3343084752559662
DeepJSCC-f_author_DIV2K,18.png,1a9258c365988961d87a0598725b609139c303ad48a5aad6c503c3b1a87849aa,7,100177077,1,10,256,256,0.020833333333333332,0.006334987934678793,21.9825439453125,0.8883988857269287,9.5233154296875,0.44535958766937256
DeepJSCC-f_author_DIV2K,18.png,1a9258c365988961d87a0598725b609139c303ad48a5aad6c503c3b1a87849aa,7,100177077,2,10,256,256,0.041666666666666664,0.003447649534791708,24.62476921081543,0.9490647315979004,12.929815292358398,0.33644646406173706
DeepJSCC-f_author_DIV2K,18.png,1a9258c365988961d87a0598725b609139c303ad48a5aad6c503c3b1a87849aa,8,100177078,1,10,256,256,0.020833333333333332,0.006573201157152653,21.822233200073242,0.8836202621459961,9.341226577758789,0.43956759572029114
DeepJSCC-f_author_DIV2K,18.png,1a9258c365988961d87a0598725b609139c303ad48a5aad6c503c3b1a87849aa,8,100177078,2,10,256,256,0.041666666666666664,0.003440914209932089,24.633262634277344,0.9481608867645264,12.853425979614258,0.33837461471557617
DeepJSCC-f_author_DIV2K,18.png,1a9258c365988961d87a0598725b609139c303ad48a5aad6c503c3b1a87849aa,9,100177079,1,10,256,256,0.020833333333333332,0.006421694066375494,21.923503875732422,0.8849453926086426,9.390960693359375,0.4432019889354706
DeepJSCC-f_author_DIV2K,18.png,1a9258c365988961d87a0598725b609139c303ad48a5aad6c503c3b1a87849aa,9,100177079,2,10,256,256,0.041666666666666664,0.003424564376473427,24.653947830200195,0.9492195844650269,12.943037986755371,0.33309394121170044
DeepJSCC-f_author_DIV2K,19.png,b7450b264b1b0a411390d8931b112c27905a992520fc90569dc4b920aa32bbdc,0,100187070,1,10,256,256,0.020833333333333332,0.008507274091243744,20.702096939086914,0.8240762948989868,7.546756267547607,0.46624571084976196
DeepJSCC-f_author_DIV2K,19.png,b7450b264b1b0a411390d8931b112c27905a992520fc90569dc4b920aa32bbdc,0,100187070,2,10,256,256,0.041666666666666664,0.0038119014352560043,24.18858528137207,0.919469952583313,10.940420150756836,0.3450377583503723
DeepJSCC-f_author_DIV2K,19.png,b7450b264b1b0a411390d8931b112c27905a992520fc90569dc4b920aa32bbdc,1,100187071,1,10,256,256,0.020833333333333332,0.008777189068496227,20.56644630432129,0.8274253606796265,7.630230903625488,0.4558911621570587
DeepJSCC-f_author_DIV2K,19.png,b7450b264b1b0a411390d8931b112c27905a992520fc90569dc4b920aa32bbdc,1,100187071,2,10,256,256,0.041666666666666664,0.0038771897088736296,24.114830017089844,0.9179586172103882,10.859670639038086,0.3386903405189514
DeepJSCC-f_author_DIV2K,19.png,b7450b264b1b0a411390d8931b112c27905a992520fc90569dc4b920aa32bbdc,2,100187072,1,10,256,256,0.020833333333333332,0.008622107096016407,20.64386558532715,0.8293724060058594,7.679507732391357,0.4523833096027374
DeepJSCC-f_author_DIV2K,19.png,b7450b264b1b0a411390d8931b112c27905a992520fc90569dc4b920aa32bbdc,2,100187072,2,10,256,256,0.041666666666666664,0.003913735039532185,24.074085235595703,0.9191690683364868,10.924224853515625,0.3366471827030182
DeepJSCC-f_author_DIV2K,19.png,b7450b264b1b0a411390d8931b112c27905a992520fc90569dc4b920aa32bbdc,3,100187073,1,10,256,256,0.020833333333333332,0.008742260746657848,20.583763122558594,0.8258768320083618,7.591434478759766,0.45251524448394775
DeepJSCC-f_author_DIV2K,19.png,b7450b264b1b0a411390d8931b112c27905a992520fc90569dc4b920aa32bbdc,3,100187073,2,10,256,256,0.041666666666666664,0.0039110747165977955,24.077037811279297,0.91762375831604,10.841980934143066,0.3416884243488312
DeepJSCC-f_author_DIV2K,19.png,b7450b264b1b0a411390d8931b112c27905a992520fc90569dc4b920aa32bbdc,4,100187074,1,10,256,256,0.020833333333333332,0.008778541348874569,20.565776824951172,0.8246857523918152,7.561827659606934,0.4724280536174774
DeepJSCC-f_author_DIV2K,19.png,b7450b264b1b0a411390d8931b112c27905a992520fc90569dc4b920aa32bbdc,4,100187074,2,10,256,256,0.041666666666666664,0.0038837757892906666,24.107460021972656,0.9191349744796753,10.922392845153809,0.35394665598869324
DeepJSCC-f_author_DIV2K,19.png,b7450b264b1b0a411390d8931b112c27905a992520fc90569dc4b920aa32bbdc,5,100187075,1,10,256,256,0.020833333333333332,0.008714827708899975,20.597412109375,0.826537013053894,7.607932090759277,0.45257872343063354
DeepJSCC-f_author_DIV2K,19.png,b7450b264b1b0a411390d8931b112c27905a992520fc90569dc4b920aa32bbdc,5,100187075,2,10,256,256,0.041666666666666664,0.003832753747701645,24.16489028930664,0.919015109539032,10.915960311889648,0.3397045135498047
DeepJSCC-f_author_DIV2K,19.png,b7450b264b1b0a411390d8931b112c27905a992520fc90569dc4b920aa32bbdc,6,100187076,1,10,256,256,0.020833333333333332,0.008473409339785576,20.719417572021484,0.8272346258163452,7.625432968139648,0.4708610773086548
DeepJSCC-f_author_DIV2K,19.png,b7450b264b1b0a411390d8931b112c27905a992520fc90569dc4b920aa32bbdc,6,100187076,2,10,256,256,0.041666666666666664,0.0038302261382341385,24.167755126953125,0.919548511505127,10.944658279418945,0.34526172280311584
DeepJSCC-f_author_DIV2K,19.png,b7450b264b1b0a411390d8931b112c27905a992520fc90569dc4b920aa32bbdc,7,100187077,1,10,256,256,0.020833333333333332,0.00894204992800951,20.48563003540039,0.8266283273696899,7.6102190017700195,0.4545990824699402
DeepJSCC-f_author_DIV2K,19.png,b7450b264b1b0a411390d8931b112c27905a992520fc90569dc4b920aa32bbdc,7,100187077,2,10,256,256,0.041666666666666664,0.0038384078070521355,24.15848731994629,0.9196152687072754,10.948265075683594,0.34834209084510803
DeepJSCC-f_author_DIV2K,19.png,b7450b264b1b0a411390d8931b112c27905a992520fc90569dc4b920aa32bbdc,8,100187078,1,10,256,256,0.020833333333333332,0.00868567731231451,20.611963272094727,0.826330840587616,7.602773189544678,0.4665955901145935
DeepJSCC-f_author_DIV2K,19.png,b7450b264b1b0a411390d8931b112c27905a992520fc90569dc4b920aa32bbdc,8,100187078,2,10,256,256,0.041666666666666664,0.003899328876286745,24.09010124206543,0.917758584022522,10.84909439086914,0.34201088547706604
DeepJSCC-f_author_DIV2K,19.png,b7450b264b1b0a411390d8931b112c27905a992520fc90569dc4b920aa32bbdc,9,100187079,1,10,256,256,0.020833333333333332,0.008805840276181698,20.55229377746582,0.8191137313842773,7.4259443283081055,0.45950430631637573
DeepJSCC-f_author_DIV2K,19.png,b7450b264b1b0a411390d8931b112c27905a992520fc90569dc4b920aa32bbdc,9,100187079,2,10,256,256,0.041666666666666664,0.003830402158200741,24.167556762695312,0.9175152778625488,10.836265563964844,0.3421032726764679
DeepJSCC-f_author_DIV2K,20.png,3b46c71e3b92a563820ba32936be8330c586c41f938efd94be938386aae4328a,0,100197070,1,10,256,256,0.020833333333333332,0.004013007041066885,23.965301513671875,0.9429736137390137,12.439241409301758,0.23939773440361023
DeepJSCC-f_author_DIV2K,20.png,3b46c71e3b92a563820ba32936be8330c586c41f938efd94be938386aae4328a,0,100197070,2,10,256,256,0.041666666666666664,0.0020053600892424583,26.978076934814453,0.9683189392089844,14.992002487182617,0.14018622040748596
DeepJSCC-f_author_DIV2K,20.png,3b46c71e3b92a563820ba32936be8330c586c41f938efd94be938386aae4328a,1,100197071,1,10,256,256,0.020833333333333332,0.003999192267656326,23.980276107788086,0.9447957873344421,12.580279350280762,0.23536717891693115
DeepJSCC-f_author_DIV2K,20.png,3b46c71e3b92a563820ba32936be8330c586c41f938efd94be938386aae4328a,1,100197071,2,10,256,256,0.041666666666666664,0.002020054031163454,26.94637107849121,0.9677714705467224,14.917594909667969,0.1398177146911621
DeepJSCC-f_author_DIV2K,20.png,3b46c71e3b92a563820ba32936be8330c586c41f938efd94be938386aae4328a,2,100197072,1,10,256,256,0.020833333333333332,0.003820790909230709,24.178468704223633,0.9449664354324341,12.59372329711914,0.24550676345825195
DeepJSCC-f_author_DIV2K,20.png,3b46c71e3b92a563820ba32936be8330c586c41f938efd94be938386aae4328a,2,100197072,2,10,256,256,0.041666666666666664,0.0019863168708980083,27.019515991210938,0.9697765111923218,15.196554183959961,0.13667453825473785
DeepJSCC-f_author_DIV2K,20.png,3b46c71e3b92a563820ba32936be8330c586c41f938efd94be938386aae4328a,3,100197073,1,10,256,256,0.020833333333333332,0.003887080354616046,24.1037654876709,0.9455126523971558,12.637042999267578,0.23673474788665771
DeepJSCC-f_author_DIV2K,20.png,3b46c71e3b92a563820ba32936be8330c586c41f938efd94be938386aae4328a,3,100197073,2,10,256,256,0.041666666666666664,0.0020857774652540684,26.80731964111328,0.9680888652801514,14.960578918457031,0.1346540004014969
DeepJSCC-f_author_DIV2K,20.png,3b46c71e3b92a563820ba32936be8330c586c41f938efd94be938386aae4328a,4,100197074,1,10,256,256,0.020833333333333332,0.003943855874240398,24.040790557861328,0.944215714931488,12.534881591796875,0.23951397836208344
DeepJSCC-f_author_DIV2K,20.png,3b46c71e3b92a563820ba32936be8330c586c41f938efd94be938386aae4328a,4,100197074,2,10,256,256,0.041666666666666664,0.0019909916445612907,27.009305953979492,0.9686285853385925,15.034660339355469,0.13468188047409058
DeepJSCC-f_author_DIV2K,20.png,3b46c71e3b92a563820ba32936be8330c586c41f938efd94be938386aae4328a,5,100197075,1,10,256,256,0.020833333333333332,0.0037852278910577297,24.21908187866211,0.9505619406700134,13.059386253356934,0.2404618263244629
DeepJSCC-f_author_DIV2K,20.png,3b46c71e3b92a563820ba32936be8330c586c41f938efd94be938386aae4328a,5,100197075,2,10,256,256,0.041666666666666664,0.0020031179301440716,26.982934951782227,0.969267725944519,15.124053955078125,0.13814730942249298
DeepJSCC-f_author_DIV2K,20.png,3b46c71e3b92a563820ba32936be8330c586c41f938efd94be938386aae4328a,6,100197076,1,10,256,256,0.020833333333333332,0.003959324210882187,24.02379035949707,0.9472176432609558,12.77511215209961,0.23456639051437378
DeepJSCC-f_author_DIV2K,20.png,3b46c71e3b92a563820ba32936be8330c586c41f938efd94be938386aae4328a,6,100197076,2,10,256,256,0.041666666666666664,0.002010155702009797,26.96770477294922,0.9681410193443298,14.967680931091309,0.1350136399269104
DeepJSCC-f_author_DIV2K,20.png,3b46c71e3b92a563820ba32936be8330c586c41f938efd94be938386aae4328a,7,100197077,1,10,256,256,0.020833333333333332,0.0038067493587732315,24.1944580078125,0.9458225965499878,12.661818504333496,0.23983468115329742
DeepJSCC-f_author_DIV2K,20.png,3b46c71e3b92a563820ba32936be8330c586c41f938efd94be938386aae4328a,7,100197077,2,10,256,256,0.041666666666666664,0.002036270685493946,26.911643981933594,0.9689373970031738,15.077621459960938,0.14084088802337646
DeepJSCC-f_author_DIV2K,20.png,3b46c71e3b92a563820ba32936be8330c586c41f938efd94be938386aae4328a,8,100197078,1,10,256,256,0.020833333333333332,0.0039353566244244576,24.050159454345703,0.9468533396720886,12.745241165161133,0.23944026231765747
DeepJSCC-f_author_DIV2K,20.png,3b46c71e3b92a563820ba32936be8330c586c41f938efd94be938386aae4328a,8,100197078,2,10,256,256,0.041666666666666664,0.0020514079369604588,26.879480361938477,0.9679466485977173,14.941267013549805,0.13570930063724518
DeepJSCC-f_author_DIV2K,20.png,3b46c71e3b92a563820ba32936be8330c586c41f938efd94be938386aae4328a,9,100197079,1,10,256,256,0.020833333333333332,0.003821834921836853,24.177282333374023,0.9447782039642334,12.578895568847656,0.2355555295944214
DeepJSCC-f_author_DIV2K,20.png,3b46c71e3b92a563820ba32936be8330c586c41f938efd94be938386aae4328a,9,100197079,2,10,256,256,0.041666666666666664,0.0020053291227668524,26.978145599365234,0.9695354700088501,15.162055969238281,0.13607728481292725
DeepJSCC-f_author_DIV2K,21.png,ac958597c82073f6bb65129c68f72b651db5b9efd82e11547d07350214bc268b,0,100207070,1,10,256,256,0.020833333333333332,0.005976037587970495,22.235868453979492,0.8827126026153564,9.307486534118652,0.4949064254760742
DeepJSCC-f_author_DIV2K,21.png,ac958597c82073f6bb65129c68f72b651db5b9efd82e11547d07350214bc268b,0,100207070,2,10,256,256,0.041666666666666664,0.003074387088418007,25.12241554260254,0.9457550048828125,12.656403541564941,0.33878442645072937
DeepJSCC-f_author_DIV2K,21.png,ac958597c82073f6bb65129c68f72b651db5b9efd82e11547d07350214bc268b,1,100207071,1,10,256,256,0.020833333333333332,0.005940479692071676,22.26178741455078,0.886410117149353,9.446603775024414,0.4838842749595642
DeepJSCC-f_author_DIV2K,21.png,ac958597c82073f6bb65129c68f72b651db5b9efd82e11547d07350214bc268b,1,100207071,2,10,256,256,0.041666666666666664,0.0031015309505164623,25.084238052368164,0.9459294080734253,12.670388221740723,0.3326282501220703
DeepJSCC-f_author_DIV2K,21.png,ac958597c82073f6bb65129c68f72b651db5b9efd82e11547d07350214bc268b,2,100207072,1,10,256,256,0.020833333333333332,0.00608962494879961,22.154094696044922,0.8825342655181885,9.300889015197754,0.4787353575229645
DeepJSCC-f_author_DIV2K,21.png,ac958597c82073f6bb65129c68f72b651db5b9efd82e11547d07350214bc268b,2,100207072,2,10,256,256,0.041666666666666664,0.003101353533565998,25.084487915039062,0.9459419250488281,12.671395301818848,0.3292359709739685
DeepJSCC-f_author_DIV2K,21.png,ac958597c82073f6bb65129c68f72b651db5b9efd82e11547d07350214bc268b,3,100207073,1,10,256,256,0.020833333333333332,0.006007424555718899,22.213115692138672,0.8811780214309692,9.251032829284668,0.5007683038711548
DeepJSCC-f_author_DIV2K,21.png,ac958597c82073f6bb65129c68f72b651db5b9efd82e11547d07350214bc268b,3,100207073,2,10,256,256,0.041666666666666664,0.0031047998927533627,25.079666137695312,0.9460300207138062,12.678478240966797,0.3382823169231415
DeepJSCC-f_author_DIV2K,21.png,ac958597c82073f6bb65129c68f72b651db5b9efd82e11547d07350214bc268b,4,100207074,1,10,256,256,0.020833333333333332,0.006106656044721603,22.141963958740234,0.885753870010376,9.421586036682129,0.4853167235851288
DeepJSCC-f_author_DIV2K,21.png,ac958597c82073f6bb65129c68f72b651db5b9efd82e11547d07350214bc268b,4,100207074,2,10,256,256,0.041666666666666664,0.003113845130428672,25.067028045654297,0.9464374780654907,12.711390495300293,0.33453765511512756
DeepJSCC-f_author_DIV2K,21.png,ac958597c82073f6bb65129c68f72b651db5b9efd82e11547d07350214bc268b,5,100207075,1,10,256,256,0.020833333333333332,0.005839391611516476,22.336326599121094,0.8839706778526306,9.35432243347168,0.4894401431083679
DeepJSCC-f_author_DIV2K,21.png,ac958597c82073f6bb65129c68f72b651db5b9efd82e11547d07350214bc268b,5,100207075,2,10,256,256,0.041666666666666664,0.0030543035827577114,25.15087890625,0.9472989439964294,12.781806945800781,0.3391314744949341
DeepJSCC-f_author_DIV2K,21.png,ac958597c82073f6bb65129c68f72b651db5b9efd82e11547d07350214bc268b,6,100207076,1,10,256,256,0.020833333333333332,0.005996528081595898,22.22100257873535,0.8833572268486023,9.331421852111816,0.48897653818130493
DeepJSCC-f_author_DIV2K,21.png,ac958597c82073f6bb65129c68f72b651db5b9efd82e11547d07350214bc268b,6,100207076,2,10,256,256,0.041666666666666664,0.0031220463570207357,25.055606842041016,0.9464918971061707,12.715805053710938,0.33319538831710815
DeepJSCC-f_author_DIV2K,21.png,ac958597c82073f6bb65129c68f72b651db5b9efd82e11547d07350214bc268b,7,100207077,1,10,256,256,0.020833333333333332,0.005967381410300732,22.242162704467773,0.8822716474533081,9.291190147399902,0.49610012769699097
DeepJSCC-f_author_DIV2K,21.png,ac958597c82073f6bb65129c68f72b651db5b9efd82e11547d07350214bc268b,7,100207077,2,10,256,256,0.041666666666666664,0.0030807610601186752,25.113420486450195,0.9463104009628296,12.701099395751953,0.3308892250061035
DeepJSCC-f_author_DIV2K,21.png,ac958597c82073f6bb65129c68f72b651db5b9efd82e11547d07350214bc268b,8,100207078,1,10,256,256,0.020833333333333332,0.006017947103828192,22.205516815185547,0.8841049671173096,9.35935115814209,0.4960384964942932
DeepJSCC-f_author_DIV2K,21.png,ac958597c82073f6bb65129c68f72b651db5b9efd82e11547d07350214bc268b,8,100207078,2,10,256,256,0.041666666666666664,0.00311605678871274,25.063945770263672,0.94651859998703,12.717971801757812,0.3346708118915558
DeepJSCC-f_author_DIV2K,21.png,ac958597c82073f6bb65129c68f72b651db5b9efd82e11547d07350214bc268b,9,100207079,1,10,256,256,0.020833333333333332,0.0058248769491910934,22.34713363647461,0.8854095935821533,9.408517837524414,0.4923149347305298
DeepJSCC-f_author_DIV2K,21.png,ac958597c82073f6bb65129c68f72b651db5b9efd82e11547d07350214bc268b,9,100207079,2,10,256,256,0.041666666666666664,0.0030908132903277874,25.099273681640625,0.9470929503440857,12.764864921569824,0.33124589920043945
DeepJSCC-f_author_DIV2K,22.png,1cee58eb1f2d9c7ebb254d208a03c783ce6cf2c4d8c2cf45e235dd23b4ce1b29,0,100217070,1,10,256,256,0.020833333333333332,0.006460788659751415,21.897146224975586,0.8328049182891846,7.767765522003174,0.47157931327819824
DeepJSCC-f_author_DIV2K,22.png,1cee58eb1f2d9c7ebb254d208a03c783ce6cf2c4d8c2cf45e235dd23b4ce1b29,0,100217070,2,10,256,256,0.041666666666666664,0.002769734477624297,25.575618743896484,0.9163026213645935,10.772881507873535,0.34688252210617065
DeepJSCC-f_author_DIV2K,22.png,1cee58eb1f2d9c7ebb254d208a03c783ce6cf2c4d8c2cf45e235dd23b4ce1b29,1,100217071,1,10,256,256,0.020833333333333332,0.006644736975431442,21.775224685668945,0.8371619582176208,7.882441997528076,0.47746241092681885
DeepJSCC-f_author_DIV2K,22.png,1cee58eb1f2d9c7ebb254d208a03c783ce6cf2c4d8c2cf45e235dd23b4ce1b29,1,100217071,2,10,256,256,0.041666666666666664,0.00279928557574749,25.529529571533203,0.9165444374084473,10.785447120666504,0.3562435507774353
DeepJSCC-f_author_DIV2K,22.png,1cee58eb1f2d9c7ebb254d208a03c783ce6cf2c4d8c2cf45e235dd23b4ce1b29,2,100217072,1,10,256,256,0.020833333333333332,0.0064356266520917416,21.914091110229492,0.83563631772995,7.841941833496094,0.48817887902259827
DeepJSCC-f_author_DIV2K,22.png,1cee58eb1f2d9c7ebb254d208a03c783ce6cf2c4d8c2cf45e235dd23b4ce1b29,2,100217072,2,10,256,256,0.041666666666666664,0.0027876789681613445,25.54757308959961,0.9166351556777954,10.790170669555664,0.3597605228424072
DeepJSCC-f_author_DIV2K,22.png,1cee58eb1f2d9c7ebb254d208a03c783ce6cf2c4d8c2cf45e235dd23b4ce1b29,3,100217073,1,10,256,256,0.020833333333333332,0.006746500730514526,21.709213256835938,0.8365344405174255,7.8657379150390625,0.4892857074737549
DeepJSCC-f_author_DIV2K,22.png,1cee58eb1f2d9c7ebb254d208a03c783ce6cf2c4d8c2cf45e235dd23b4ce1b29,3,100217073,2,10,256,256,0.041666666666666664,0.002822521608322859,25.493629455566406,0.9163326025009155,10.774438858032227,0.3570103347301483
DeepJSCC-f_author_DIV2K,22.png,1cee58eb1f2d9c7ebb254d208a03c783ce6cf2c4d8c2cf45e235dd23b4ce1b29,4,100217074,1,10,256,256,0.020833333333333332,0.0067911166697740555,21.680587768554688,0.8370050191879272,7.878258228302002,0.4792737662792206
DeepJSCC-f_author_DIV2K,22.png,1cee58eb1f2d9c7ebb254d208a03c783ce6cf2c4d8c2cf45e235dd23b4ce1b29,4,100217074,2,10,256,256,0.041666666666666664,0.0028098549228161573,25.513160705566406,0.9171289801597595,10.815973281860352,0.3584226667881012
DeepJSCC-f_author_DIV2K,22.png,1cee58eb1f2d9c7ebb254d208a03c783ce6cf2c4d8c2cf45e235dd23b4ce1b29,5,100217075,1,10,256,256,0.020833333333333332,0.006462407764047384,21.89605712890625,0.8380594253540039,7.9064435958862305,0.4840300977230072
DeepJSCC-f_author_DIV2K,22.png,1cee58eb1f2d9c7ebb254d208a03c783ce6cf2c4d8c2cf45e235dd23b4ce1b29,5,100217075,2,10,256,256,0.041666666666666664,0.0028006467036902905,25.52741813659668,0.9176591634750366,10.84384822845459,0.35760608315467834
DeepJSCC-f_author_DIV2K,22.png,1cee58eb1f2d9c7ebb254d208a03c783ce6cf2c4d8c2cf45e235dd23b4ce1b29,6,100217076,1,10,256,256,0.020833333333333332,0.006569306366145611,21.824806213378906,0.8347131013870239,7.817615985870361,0.4818565547466278
DeepJSCC-f_author_DIV2K,22.png,1cee58eb1f2d9c7ebb254d208a03c783ce6cf2c4d8c2cf45e235dd23b4ce1b29,6,100217076,2,10,256,256,0.041666666666666664,0.0028221821412444115,25.494152069091797,0.9157805442810059,10.74587631225586,0.3616590201854706
DeepJSCC-f_author_DIV2K,22.png,1cee58eb1f2d9c7ebb254d208a03c783ce6cf2c4d8c2cf45e235dd23b4ce1b29,7,100217077,1,10,256,256,0.020833333333333332,0.006332735531032085,21.984088897705078,0.8366252183914185,7.868149757385254,0.4896335303783417
DeepJSCC-f_author_DIV2K,22.png,1cee58eb1f2d9c7ebb254d208a03c783ce6cf2c4d8c2cf45e235dd23b4ce1b29,7,100217077,2,10,256,256,0.041666666666666664,0.0027794064953923225,25.560482025146484,0.9161646366119385,10.765727996826172,0.3550359606742859
DeepJSCC-f_author_DIV2K,22.png,1cee58eb1f2d9c7ebb254d208a03c783ce6cf2c4d8c2cf45e235dd23b4ce1b29,8,100217078,1,10,256,256,0.020833333333333332,0.006593032740056515,21.80914878845215,0.8365383148193359,7.865839958190918,0.48521673679351807
DeepJSCC-f_author_DIV2K,22.png,1cee58eb1f2d9c7ebb254d208a03c783ce6cf2c4d8c2cf45e235dd23b4ce1b29,8,100217078,2,10,256,256,0.041666666666666664,0.0028022960759699345,25.524860382080078,0.916140079498291,10.764455795288086,0.35560935735702515
DeepJSCC-f_author_DIV2K,22.png,1cee58eb1f2d9c7ebb254d208a03c783ce6cf2c4d8c2cf45e235dd23b4ce1b29,9,100217079,1,10,256,256,0.020833333333333332,0.006514048203825951,21.861492156982422,0.8321971893310547,7.752007961273193,0.47785913944244385
DeepJSCC-f_author_DIV2K,22.png,1cee58eb1f2d9c7ebb254d208a03c783ce6cf2c4d8c2cf45e235dd23b4ce1b29,9,100217079,2,10,256,256,0.041666666666666664,0.0028034383431077003,25.523090362548828,0.9140721559524536,10.658660888671875,0.36006295680999756
DeepJSCC-f_author_DIV2K,23.png,e3111a2fd4da24af15d6459ef9eacfe54106b38e27b4a21821b75c3f5d2d5baf,0,100227070,1,10,256,256,0.020833333333333332,0.006065858528017998,22.171077728271484,0.8750030398368835,9.031005859375,0.3163156509399414
DeepJSCC-f_author_DIV2K,23.png,e3111a2fd4da24af15d6459ef9eacfe54106b38e27b4a21821b75c3f5d2d5baf,0,100227070,2,10,256,256,0.041666666666666664,0.0016691097989678383,27.7751522064209,0.9545280337333679,13.422563552856445,0.1376170516014099
DeepJSCC-f_author_DIV2K,23.png,e3111a2fd4da24af15d6459ef9eacfe54106b38e27b4a21821b75c3f5d2d5baf,1,100227071,1,10,256,256,0.020833333333333332,0.005858166143298149,22.322385787963867,0.8758260011672974,9.059694290161133,0.3136517107486725
DeepJSCC-f_author_DIV2K,23.png,e3111a2fd4da24af15d6459ef9eacfe54106b38e27b4a21821b75c3f5d2d5baf,1,100227071,2,10,256,256,0.041666666666666664,0.0016388359945267439,27.85464859008789,0.9523621797561646,13.220481872558594,0.1376124769449234
DeepJSCC-f_author_DIV2K,23.png,e3111a2fd4da24af15d6459ef9eacfe54106b38e27b4a21821b75c3f5d2d5baf,2,100227072,1,10,256,256,0.020833333333333332,0.005911936983466148,22.282703399658203,0.8700816631317139,8.863295555114746,0.3086569309234619
DeepJSCC-f_author_DIV2K,23.png,e3111a2fd4da24af15d6459ef9eacfe54106b38e27b4a21821b75c3f5d2d5baf,2,100227072,2,10,256,256,0.041666666666666664,0.0017483396222814918,27.573741912841797,0.9524134397506714,13.225156784057617,0.13813422620296478
DeepJSCC-f_author_DIV2K,23.png,e3111a2fd4da24af15d6459ef9eacfe54106b38e27b4a21821b75c3f5d2d5baf,3,100227073,1,10,256,256,0.020833333333333332,0.005879578646272421,22.306537628173828,0.8767192363739014,9.091046333312988,0.31181949377059937
DeepJSCC-f_author_DIV2K,23.png,e3111a2fd4da24af15d6459ef9eacfe54106b38e27b4a21821b75c3f5d2d5baf,3,100227073,2,10,256,256,0.041666666666666664,0.0016805680934339762,27.745439529418945,0.9524134397506714,13.225156784057617,0.135019913315773
DeepJSCC-f_author_DIV2K,23.png,e3111a2fd4da24af15d6459ef9eacfe54106b38e27b4a21821b75c3f5d2d5baf,4,100227074,1,10,256,256,0.020833333333333332,0.006364520639181137,21.962345123291016,0.8654617667198181,8.711543083190918,0.33572351932525635
DeepJSCC-f_author_DIV2K,23.png,e3111a2fd4da24af15d6459ef9eacfe54106b38e27b4a21821b75c3f5d2d5baf,4,100227074,2,10,256,256,0.041666666666666664,0.0017038148362189531,27.685775756835938,0.9504610896110535,13.050536155700684,0.14473919570446014
DeepJSCC-f_author_DIV2K,23.png,e3111a2fd4da24af15d6459ef9eacfe54106b38e27b4a21821b75c3f5d2d5baf,5,100227075,1,10,256,256,0.020833333333333332,0.006029992830008268,22.196834564208984,0.870787501335144,8.886955261230469,0.31544116139411926
DeepJSCC-f_author_DIV2K,23.png,e3111a2fd4da24af15d6459ef9eacfe54106b38e27b4a21821b75c3f5d2d5baf,5,100227075,2,10,256,256,0.041666666666666664,0.0017233568942174315,27.636245727539062,0.953336238861084,13.310202598571777,0.1427369862794876
DeepJSCC-f_author_DIV2K,23.png,e3111a2fd4da24af15d6459ef9eacfe54106b38e27b4a21821b75c3f5d2d5baf,6,100227076,1,10,256,256,0.020833333333333332,0.006063948851078749,22.172443389892578,0.8745747804641724,9.016151428222656,0.32236769795417786
DeepJSCC-f_author_DIV2K,23.png,e3111a2fd4da24af15d6459ef9eacfe54106b38e27b4a21821b75c3f5d2d5baf,6,100227076,2,10,256,256,0.041666666666666664,0.001679111155681312,27.749204635620117,0.9541370868682861,13.385383605957031,0.13868005573749542
DeepJSCC-f_author_DIV2K,23.png,e3111a2fd4da24af15d6459ef9eacfe54106b38e27b4a21821b75c3f5d2d5baf,7,100227077,1,10,256,256,0.020833333333333332,0.006286024581640959,22.016239166259766,0.8687143325805664,8.817827224731445,0.32949957251548767
DeepJSCC-f_author_DIV2K,23.png,e3111a2fd4da24af15d6459ef9eacfe54106b38e27b4a21821b75c3f5d2d5baf,7,100227077,2,10,256,256,0.041666666666666664,0.0017902038525789976,27.47097396850586,0.9527143239974976,13.252705574035645,0.14001350104808807
DeepJSCC-f_author_DIV2K,23.png,e3111a2fd4da24af15d6459ef9eacfe54106b38e27b4a21821b75c3f5d2d5baf,8,100227078,1,10,256,256,0.020833333333333332,0.00614903261885047,22.1119327545166,0.8767119646072388,9.090790748596191,0.30852586030960083
DeepJSCC-f_author_DIV2K,23.png,e3111a2fd4da24af15d6459ef9eacfe54106b38e27b4a21821b75c3f5d2d5baf,8,100227078,2,10,256,256,0.041666666666666664,0.0018189521506428719,27.40178871154785,0.9528414607048035,13.264397621154785,0.13741973042488098
DeepJSCC-f_author_DIV2K,23.png,e3111a2fd4da24af15d6459ef9eacfe54106b38e27b4a21821b75c3f5d2d5baf,9,100227079,1,10,256,256,0.020833333333333332,0.005918239708989859,22.278076171875,0.8735906481742859,8.982208251953125,0.3368258774280548
DeepJSCC-f_author_DIV2K,23.png,e3111a2fd4da24af15d6459ef9eacfe54106b38e27b4a21821b75c3f5d2d5baf,9,100227079,2,10,256,256,0.041666666666666664,0.0016735041281208396,27.76373291015625,0.9500167369842529,13.011754989624023,0.14440006017684937
DeepJSCC-f_author_DIV2K,24.png,1071c68372cc5a01435c2c225a5cf7d4bb803846ec08bb6b3d6721b156d7cb96,0,100237070,1,10,256,256,0.020833333333333332,0.0049028173089027405,23.095542907714844,0.8772330284118652,9.109184265136719,0.4243411123752594
DeepJSCC-f_author_DIV2K,24.png,1071c68372cc5a01435c2c225a5cf7d4bb803846ec08bb6b3d6721b156d7cb96,0,100237070,2,10,256,256,0.041666666666666664,0.0017375440802425146,27.600643157958984,0.9511240720748901,13.109049797058105,0.32950660586357117
DeepJSCC-f_author_DIV2K,24.png,1071c68372cc5a01435c2c225a5cf7d4bb803846ec08bb6b3d6721b156d7cb96,1,100237071,1,10,256,256,0.020833333333333332,0.0047195786610245705,23.260967254638672,0.8795218467712402,9.190917015075684,0.4228745698928833
DeepJSCC-f_author_DIV2K,24.png,1071c68372cc5a01435c2c225a5cf7d4bb803846ec08bb6b3d6721b156d7cb96,1,100237071,2,10,256,256,0.041666666666666664,0.001720520667731762,27.643402099609375,0.9519025683403015,13.178781509399414,0.32234469056129456
DeepJSCC-f_author_DIV2K,24.png,1071c68372cc5a01435c2c225a5cf7d4bb803846ec08bb6b3d6721b156d7cb96,2,100237072,1,10,256,256,0.020833333333333332,0.004876140505075455,23.119239807128906,0.8814086318016052,9.259469032287598,0.43065887689590454
DeepJSCC-f_author_DIV2K,24.png,1071c68372cc5a01435c2c225a5cf7d4bb803846ec08bb6b3d6721b156d7cb96,2,100237072,2,10,256,256,0.041666666666666664,0.001749569084495306,27.570688247680664,0.9509954452514648,13.097635269165039,0.3310103416442871
DeepJSCC-f_author_DIV2K,24.png,1071c68372cc5a01435c2c225a5cf7d4bb803846ec08bb6b3d6721b156d7cb96,3,100237073,1,10,256,256,0.020833333333333332,0.005001382902264595,23.00909996032715,0.8812720775604248,9.254472732543945,0.4273943305015564
DeepJSCC-f_author_DIV2K,24.png,1071c68372cc5a01435c2c225a5cf7d4bb803846ec08bb6b3d6721b156d7cb96,3,100237073,2,10,256,256,0.041666666666666664,0.0017548638861626387,27.557565689086914,0.952394425868988,13.22342300415039,0.3296058475971222
DeepJSCC-f_author_DIV2K,24.png,1071c68372cc5a01435c2c225a5cf7d4bb803846ec08bb6b3d6721b156d7cb96,4,100237074,1,10,256,256,0.020833333333333332,0.005069378763437271,22.950450897216797,0.8767971396446228,9.093791961669922,0.43160712718963623
DeepJSCC-f_author_DIV2K,24.png,1071c68372cc5a01435c2c225a5cf7d4bb803846ec08bb6b3d6721b156d7cb96,4,100237074,2,10,256,256,0.041666666666666664,0.0017709637759253383,27.517902374267578,0.9500263929367065,13.012592315673828,0.3291630446910858
DeepJSCC-f_author_DIV2K,24.png,1071c68372cc5a01435c2c225a5cf7d4bb803846ec08bb6b3d6721b156d7cb96,5,100237075,1,10,256,256,0.020833333333333332,0.0047887954860925674,23.197738647460938,0.8796577453613281,9.195817947387695,0.4290037453174591
DeepJSCC-f_author_DIV2K,24.png,1071c68372cc5a01435c2c225a5cf7d4bb803846ec08bb6b3d6721b156d7cb96,5,100237075,2,10,256,256,0.041666666666666664,0.0017543978756293654,27.558719635009766,0.9513592720031738,13.129999160766602,0.3294160068035126
DeepJSCC-f_author_DIV2K,24.png,1071c68372cc5a01435c2c225a5cf7d4bb803846ec08bb6b3d6721b156d7cb96,6,100237076,1,10,256,256,0.020833333333333332,0.004827432334423065,23.162839889526367,0.8813337683677673,9.256728172302246,0.43179038166999817
DeepJSCC-f_author_DIV2K,24.png,1071c68372cc5a01435c2c225a5cf7d4bb803846ec08bb6b3d6721b156d7cb96,6,100237076,2,10,256,256,0.041666666666666664,0.001734509482048452,27.608234405517578,0.9523059725761414,13.215360641479492,0.3241114020347595
DeepJSCC-f_author_DIV2K,24.png,1071c68372cc5a01435c2c225a5cf7d4bb803846ec08bb6b3d6721b156d7cb96,7,100237077,1,10,256,256,0.020833333333333332,0.004784410819411278,23.20171546936035,0.876630961894989,9.08793830871582,0.4387695789337158
DeepJSCC-f_author_DIV2K,24.png,1071c68372cc5a01435c2c225a5cf7d4bb803846ec08bb6b3d6721b156d7cb96,7,100237077,2,10,256,256,0.041666666666666664,0.0017226238269358873,27.63809585571289,0.9518293738365173,13.172178268432617,0.3337794542312622
DeepJSCC-f_author_DIV2K,24.png,1071c68372cc5a01435c2c225a5cf7d4bb803846ec08bb6b3d6721b156d7cb96,8,100237078,1,10,256,256,0.020833333333333332,0.004804900381714106,23.183156967163086,0.8841243982315063,9.36008071899414,0.4357132613658905
DeepJSCC-f_author_DIV2K,24.png,1071c68372cc5a01435c2c225a5cf7d4bb803846ec08bb6b3d6721b156d7cb96,8,100237078,2,10,256,256,0.041666666666666664,0.0017255088314414024,27.630826950073242,0.9527105689048767,13.252359390258789,0.3292757570743561
DeepJSCC-f_author_DIV2K,24.png,1071c68372cc5a01435c2c225a5cf7d4bb803846ec08bb6b3d6721b156d7cb96,9,100237079,1,10,256,256,0.020833333333333332,0.004896784666925669,23.10089111328125,0.8783631324768066,9.149348258972168,0.4292977452278137
DeepJSCC-f_author_DIV2K,24.png,1071c68372cc5a01435c2c225a5cf7d4bb803846ec08bb6b3d6721b156d7cb96,9,100237079,2,10,256,256,0.041666666666666664,0.001748232520185411,27.57400894165039,0.9506832957267761,13.070059776306152,0.32472389936447144
