split,image,image_sha256,snr_db,draw,noise_seed,subset,groups,payload_uses,scale_uses,feedback_uses,total_uses,cbr_total,mse,psnr,ms_ssim,lpips,batched_decoder_seconds_per_subset
oracle_gate,0821.png,0eb14dfcb1d21cb5d3437dc5135c458154cd7fabed8147fbdc415d3ef671c14b,10.0,0,1551201571,0,0,4096.0,32,10,4138.0,0.021046956380208332,0.00024953699903562665,36.028648376464844,0.9855093359947205,0.11525977402925491,0.012273054744582623
oracle_gate,0821.png,0eb14dfcb1d21cb5d3437dc5135c458154cd7fabed8147fbdc415d3ef671c14b,10.0,0,1551201571,1,1,5120.0,64,12,5196.0,0.02642822265625,0.00024936351110227406,36.03166961669922,0.985222578048706,0.11272171139717102,0.012273054744582623
oracle_gate,0821.png,0eb14dfcb1d21cb5d3437dc5135c458154cd7fabed8147fbdc415d3ef671c14b,10.0,0,1551201571,2,1,5120.0,64,12,5196.0,0.02642822265625,0.00025196271599270403,35.986637115478516,0.9852673411369324,0.1116124764084816,0.012273054744582623
oracle_gate,0821.png,0eb14dfcb1d21cb5d3437dc5135c458154cd7fabed8147fbdc415d3ef671c14b,10.0,0,1551201571,3,2,6144.0,96,12,6252.0,0.03179931640625,0.00024869549088180065,36.04331970214844,0.9854241609573364,0.11200805008411407,0.012273054744582623
oracle_gate,0821.png,0eb14dfcb1d21cb5d3437dc5135c458154cd7fabed8147fbdc415d3ef671c14b,10.0,0,1551201571,4,1,5120.0,64,12,5196.0,0.02642822265625,0.0002505824959371239,36.010494232177734,0.9852373600006104,0.11267303675413132,0.009073984503629617
oracle_gate,0821.png,0eb14dfcb1d21cb5d3437dc5135c458154cd7fabed8147fbdc415d3ef671c14b,10.0,0,1551201571,5,2,6144.0,96,12,6252.0,0.03179931640625,0.0002482850686646998,36.05049514770508,0.9854440093040466,0.1127534955739975,0.009073984503629617
oracle_gate,0821.png,0eb14dfcb1d21cb5d3437dc5135c458154cd7fabed8147fbdc415d3ef671c14b,10.0,0,1551201571,6,2,6144.0,96,12,6252.0,0.03179931640625,0.00024992626276798546,36.02188491821289,0.9854816794395447,0.111777164041996,0.009073984503629617
oracle_gate,0821.png,0eb14dfcb1d21cb5d3437dc5135c458154cd7fabed8147fbdc415d3ef671c14b,10.0,0,1551201571,7,3,7168.0,128,12,7308.0,0.03717041015625,0.0002476380323059857,36.061824798583984,0.9856337308883667,0.1120515838265419,0.009073984503629617
oracle_gate,0821.png,0eb14dfcb1d21cb5d3437dc5135c458154cd7fabed8147fbdc415d3ef671c14b,10.0,0,1551201571,8,1,5120.0,64,12,5196.0,0.02642822265625,0.00025201018434017897,35.98582077026367,0.9851223230361938,0.11182896047830582,0.009362779252114706
oracle_gate,0821.png,0eb14dfcb1d21cb5d3437dc5135c458154cd7fabed8147fbdc415d3ef671c14b,10.0,0,1551201571,9,2,6144.0,96,12,6252.0,0.03179931640625,0.0002488135942257941,36.041255950927734,0.9853285551071167,0.11205793917179108,0.009362779252114706
oracle_gate,0821.png,0eb14dfcb1d21cb5d3437dc5135c458154cd7fabed8147fbdc415d3ef671c14b,10.0,0,1551201571,10,2,6144.0,96,12,6252.0,0.03179931640625,0.0002514139050617814,35.99610900878906,0.9853566884994507,0.11098408699035645,0.009362779252114706
oracle_gate,0821.png,0eb14dfcb1d21cb5d3437dc5135c458154cd7fabed8147fbdc415d3ef671c14b,10.0,0,1551201571,11,3,7168.0,128,12,7308.0,0.03717041015625,0.0002482270065229386,36.051509857177734,0.9855120182037354,0.11142419278621674,0.009362779252114706
oracle_gate,0821.png,0eb14dfcb1d21cb5d3437dc5135c458154cd7fabed8147fbdc415d3ef671c14b,10.0,0,1551201571,12,2,6144.0,96,12,6252.0,0.03179931640625,0.0002498842077329755,36.022613525390625,0.9853312373161316,0.11194279789924622,0.01001786399865523
oracle_gate,0821.png,0eb14dfcb1d21cb5d3437dc5135c458154cd7fabed8147fbdc415d3ef671c14b,10.0,0,1551201571,13,3,7168.0,128,12,7308.0,0.03717041015625,0.0002476258669048548,36.062042236328125,0.9855334162712097,0.11205954849720001,0.01001786399865523
oracle_gate,0821.png,0eb14dfcb1d21cb5d3437dc5135c458154cd7fabed8147fbdc415d3ef671c14b,10.0,0,1551201571,14,3,7168.0,128,12,7308.0,0.03717041015625,0.0002493209613021463,36.032413482666016,0.9855561256408691,0.11111578345298767,0.01001786399865523
oracle_gate,0821.png,0eb14dfcb1d21cb5d3437dc5135c458154cd7fabed8147fbdc415d3ef671c14b,10.0,0,1551201571,15,4,8192.0,160,12,8364.0,0.04254150390625,0.00024706131080165505,36.07195281982422,0.9857048988342285,0.11141811311244965,0.01001786399865523
oracle_gate,0821.png,0eb14dfcb1d21cb5d3437dc5135c458154cd7fabed8147fbdc415d3ef671c14b,10.0,1,428208411,0,0,4096.0,32,10,4138.0,0.021046956380208332,0.0002458726230543107,36.0928955078125,0.9844748377799988,0.12330268323421478,0.009396491252118722
oracle_gate,0821.png,0eb14dfcb1d21cb5d3437dc5135c458154cd7fabed8147fbdc415d3ef671c14b,10.0,1,428208411,1,1,5120.0,64,12,5196.0,0.02642822265625,0.00024933903478085995,36.03209686279297,0.9839892387390137,0.11893739551305771,0.009396491252118722
oracle_gate,0821.png,0eb14dfcb1d21cb5d3437dc5135c458154cd7fabed8147fbdc415d3ef671c14b,10.0,1,428208411,2,1,5120.0,64,12,5196.0,0.02642822265625,0.00025078305043280125,36.00701904296875,0.9841775894165039,0.11714289337396622,0.009396491252118722
oracle_gate,0821.png,0eb14dfcb1d21cb5d3437dc5135c458154cd7fabed8147fbdc415d3ef671c14b,10.0,1,428208411,3,2,6144.0,96,12,6252.0,0.03179931640625,0.00024885867605917156,36.040470123291016,0.9842987060546875,0.11734477430582047,0.009396491252118722
oracle_gate,0821.png,0eb14dfcb1d21cb5d3437dc5135c458154cd7fabed8147fbdc415d3ef671c14b,10.0,1,428208411,4,1,5120.0,64,12,5196.0,0.02642822265625,0.0002509346231818199,36.00439453125,0.9841718077659607,0.1187024787068367,0.0092946027580183
oracle_gate,0821.png,0eb14dfcb1d21cb5d3437dc5135c458154cd7fabed8147fbdc415d3ef671c14b,10.0,1,428208411,5,2,6144.0,96,12,6252.0,0.03179931640625,0.0002504818548914045,36.012237548828125,0.9843341708183289,0.11871218681335449,0.0092946027580183
oracle_gate,0821.png,0eb14dfcb1d21cb5d3437dc5135c458154cd7fabed8147fbdc415d3ef671c14b,10.0,1,428208411,6,2,6144.0,96,12,6252.0,0.03179931640625,0.00025043627829290926,36.01302719116211,0.98451828956604,0.1169302761554718,0.0092946027580183
oracle_gate,0821.png,0eb14dfcb1d21cb5d3437dc5135c458154cd7fabed8147fbdc415d3ef671c14b,10.0,1,428208411,7,3,7168.0,128,12,7308.0,0.03717041015625,0.00025003368500620127,36.020015716552734,0.984620988368988,0.11722926795482635,0.0092946027580183
oracle_gate,0821.png,0eb14dfcb1d21cb5d3437dc5135c458154cd7fabed8147fbdc415d3ef671c14b,10.0,1,428208411,8,1,5120.0,64,12,5196.0,0.02642822265625,0.0002522474969737232,35.98173522949219,0.9839321970939636,0.11824790388345718,0.009384085249621421
oracle_gate,0821.png,0eb14dfcb1d21cb5d3437dc5135c458154cd7fabed8147fbdc415d3ef671c14b,10.0,1,428208411,9,2,6144.0,96,12,6252.0,0.03179931640625,0.00025032961275428534,36.01487731933594,0.9841080904006958,0.11821447312831879,0.009384085249621421
oracle_gate,0821.png,0eb14dfcb1d21cb5d3437dc5135c458154cd7fabed8147fbdc415d3ef671c14b,10.0,1,428208411,10,2,6144.0,96,12,6252.0,0.03179931640625,0.000251844699960202,35.98867416381836,0.984265923500061,0.11647404730319977,0.009384085249621421
oracle_gate,0821.png,0eb14dfcb1d21cb5d3437dc5135c458154cd7fabed8147fbdc415d3ef671c14b,10.0,1,428208411,11,3,7168.0,128,12,7308.0,0.03717041015625,0.00024998170556500554,36.02091979980469,0.9843868613243103,0.11673565208911896,0.009384085249621421
oracle_gate,0821.png,0eb14dfcb1d21cb5d3437dc5135c458154cd7fabed8147fbdc415d3ef671c14b,10.0,1,428208411,12,2,6144.0,96,12,6252.0,0.03179931640625,0.00025163672398775816,35.99226379394531,0.984285831451416,0.11807073652744293,0.010031031997641549
oracle_gate,0821.png,0eb14dfcb1d21cb5d3437dc5135c458154cd7fabed8147fbdc415d3ef671c14b,10.0,1,428208411,13,3,7168.0,128,12,7308.0,0.03717041015625,0.00025120677310042083,35.99968719482422,0.9844388961791992,0.11815188825130463,0.010031031997641549
oracle_gate,0821.png,0eb14dfcb1d21cb5d3437dc5135c458154cd7fabed8147fbdc415d3ef671c14b,10.0,1,428208411,14,3,7168.0,128,12,7308.0,0.03717041015625,0.00025128270499408245,35.998374938964844,0.9846001863479614,0.11639614403247833,0.010031031997641549
oracle_gate,0821.png,0eb14dfcb1d21cb5d3437dc5135c458154cd7fabed8147fbdc415d3ef671c14b,10.0,1,428208411,15,4,8192.0,160,12,8364.0,0.04254150390625,0.000250891171162948,36.00514602661133,0.9846956729888916,0.11669044941663742,0.010031031997641549
oracle_gate,0821.png,0eb14dfcb1d21cb5d3437dc5135c458154cd7fabed8147fbdc415d3ef671c14b,10.0,2,2155552639,0,0,4096.0,32,10,4138.0,0.021046956380208332,0.00024685816606506705,36.07552719116211,0.9847528338432312,0.12159675359725952,0.009212190998368897
oracle_gate,0821.png,0eb14dfcb1d21cb5d3437dc5135c458154cd7fabed8147fbdc415d3ef671c14b,10.0,2,2155552639,1,1,5120.0,64,12,5196.0,0.02642822265625,0.0002526909811422229,35.97410583496094,0.9839451313018799,0.11857615411281586,0.009212190998368897
oracle_gate,0821.png,0eb14dfcb1d21cb5d3437dc5135c458154cd7fabed8147fbdc415d3ef671c14b,10.0,2,2155552639,2,1,5120.0,64,12,5196.0,0.02642822265625,0.00025642686523497105,35.91036605834961,0.9840171337127686,0.11727717518806458,0.009212190998368897
oracle_gate,0821.png,0eb14dfcb1d21cb5d3437dc5135c458154cd7fabed8147fbdc415d3ef671c14b,10.0,2,2155552639,3,2,6144.0,96,12,6252.0,0.03179931640625,0.00025235972134396434,35.97979736328125,0.9841179847717285,0.1178533062338829,0.009212190998368897
oracle_gate,0821.png,0eb14dfcb1d21cb5d3437dc5135c458154cd7fabed8147fbdc415d3ef671c14b,10.0,2,2155552639,4,1,5120.0,64,12,5196.0,0.02642822265625,0.00025251443730667233,35.97713851928711,0.9842867851257324,0.11748689413070679,0.009108371494221501
oracle_gate,0821.png,0eb14dfcb1d21cb5d3437dc5135c458154cd7fabed8147fbdc415d3ef671c14b,10.0,2,2155552639,5,2,6144.0,96,12,6252.0,0.03179931640625,0.0002508485922589898,36.005882263183594,0.9843470454216003,0.11820509284734726,0.009108371494221501
oracle_gate,0821.png,0eb14dfcb1d21cb5d3437dc5135c458154cd7fabed8147fbdc415d3ef671c14b,10.0,2,2155552639,6,2,6144.0,96,12,6252.0,0.03179931640625,0.0002520986017771065,35.98429870605469,0.9844570159912109,0.11675585061311722,0.009108371494221501
oracle_gate,0821.png,0eb14dfcb1d21cb5d3437dc5135c458154cd7fabed8147fbdc415d3ef671c14b,10.0,2,2155552639,7,3,7168.0,128,12,7308.0,0.03717041015625,0.0002505652082618326,36.01079177856445,0.9845010042190552,0.1174907311797142,0.009108371494221501
oracle_gate,0821.png,0eb14dfcb1d21cb5d3437dc5135c458154cd7fabed8147fbdc415d3ef671c14b,10.0,2,2155552639,8,1,5120.0,64,12,5196.0,0.02642822265625,0.0002563079760875553,35.91238021850586,0.9839490652084351,0.11711376160383224,0.009242946005542763
oracle_gate,0821.png,0eb14dfcb1d21cb5d3437dc5135c458154cd7fabed8147fbdc415d3ef671c14b,10.0,2,2155552639,9,2,6144.0,96,12,6252.0,0.03179931640625,0.00025212467880919576,35.983848571777344,0.9840692281723022,0.11770281195640564,0.009242946005542763
oracle_gate,0821.png,0eb14dfcb1d21cb5d3437dc5135c458154cd7fabed8147fbdc415d3ef671c14b,10.0,2,2155552639,10,2,6144.0,96,12,6252.0,0.03179931640625,0.00025591926532797515,35.91897201538086,0.9841312170028687,0.11645133793354034,0.009242946005542763
oracle_gate,0821.png,0eb14dfcb1d21cb5d3437dc5135c458154cd7fabed8147fbdc415d3ef671c14b,10.0,2,2155552639,11,3,7168.0,128,12,7308.0,0.03717041015625,0.00025188684230670333,35.987945556640625,0.9842368364334106,0.11705206334590912,0.009242946005542763
oracle_gate,0821.png,0eb14dfcb1d21cb5d3437dc5135c458154cd7fabed8147fbdc415d3ef671c14b,10.0,2,2155552639,12,2,6144.0,96,12,6252.0,0.03179931640625,0.0002519371046219021,35.98707962036133,0.9844030141830444,0.11655183136463165,0.00917178249801509
oracle_gate,0821.png,0eb14dfcb1d21cb5d3437dc5135c458154cd7fabed8147fbdc415d3ef671c14b,10.0,2,2155552639,13,3,7168.0,128,12,7308.0,0.03717041015625,0.0002502804563846439,36.01573181152344,0.9844641089439392,0.11732213199138641,0.00917178249801509
oracle_gate,0821.png,0eb14dfcb1d21cb5d3437dc5135c458154cd7fabed8147fbdc415d3ef671c14b,10.0,2,2155552639,14,3,7168.0,128,12,7308.0,0.03717041015625,0.00025162321981042624,35.99249267578125,0.9845669269561768,0.11591419577598572,0.00917178249801509
oracle_gate,0821.png,0eb14dfcb1d21cb5d3437dc5135c458154cd7fabed8147fbdc415d3ef671c14b,10.0,2,2155552639,15,4,8192.0,160,12,8364.0,0.04254150390625,0.00025009067030623555,36.01902389526367,0.9846096038818359,0.11670655757188797,0.00917178249801509
oracle_gate,0821.png,0eb14dfcb1d21cb5d3437dc5135c458154cd7fabed8147fbdc415d3ef671c14b,10.0,3,1892435547,0,0,4096.0,32,10,4138.0,0.021046956380208332,0.0002444039564579725,36.118919372558594,0.9858778715133667,0.11250639706850052,0.009136435503023677
oracle_gate,0821.png,0eb14dfcb1d21cb5d3437dc5135c458154cd7fabed8147fbdc415d3ef671c14b,10.0,3,1892435547,1,1,5120.0,64,12,5196.0,0.02642822265625,0.0002499809197615832,36.020931243896484,0.985365629196167,0.11082960665225983,0.009136435503023677
oracle_gate,0821.png,0eb14dfcb1d21cb5d3437dc5135c458154cd7fabed8147fbdc415d3ef671c14b,10.0,3,1892435547,2,1,5120.0,64,12,5196.0,0.02642822265625,0.00025364718749187887,35.95770263671875,0.9852930307388306,0.10994827747344971,0.009136435503023677
oracle_gate,0821.png,0eb14dfcb1d21cb5d3437dc5135c458154cd7fabed8147fbdc415d3ef671c14b,10.0,3,1892435547,3,2,6144.0,96,12,6252.0,0.03179931640625,0.00024971435777843,36.02556610107422,0.9854838252067566,0.11067155003547668,0.009136435503023677
oracle_gate,0821.png,0eb14dfcb1d21cb5d3437dc5135c458154cd7fabed8147fbdc415d3ef671c14b,10.0,3,1892435547,4,1,5120.0,64,12,5196.0,0.02642822265625,0.00024851318448781967,36.046504974365234,0.9854841232299805,0.10975561290979385,0.009477379513555206
oracle_gate,0821.png,0eb14dfcb1d21cb5d3437dc5135c458154cd7fabed8147fbdc415d3ef671c14b,10.0,3,1892435547,5,2,6144.0,96,12,6252.0,0.03179931640625,0.00024512031814083457,36.10620880126953,0.9856952428817749,0.11028409749269485,0.009477379513555206
oracle_gate,0821.png,0eb14dfcb1d21cb5d3437dc5135c458154cd7fabed8147fbdc415d3ef671c14b,10.0,3,1892435547,6,2,6144.0,96,12,6252.0,0.03179931640625,0.00024806393776088953,36.05436325073242,0.9856321811676025,0.10948099195957184,0.009477379513555206
oracle_gate,0821.png,0eb14dfcb1d21cb5d3437dc5135c458154cd7fabed8147fbdc415d3ef671c14b,10.0,3,1892435547,7,3,7168.0,128,12,7308.0,0.03717041015625,0.0002448878949508071,36.110328674316406,0.9857930541038513,0.11015453934669495,0.009477379513555206
oracle_gate,0821.png,0eb14dfcb1d21cb5d3437dc5135c458154cd7fabed8147fbdc415d3ef671c14b,10.0,3,1892435547,8,1,5120.0,64,12,5196.0,0.02642822265625,0.000254139507887885,35.94927978515625,0.9853212833404541,0.10959064960479736,0.009191386998281814
oracle_gate,0821.png,0eb14dfcb1d21cb5d3437dc5135c458154cd7fabed8147fbdc415d3ef671c14b,10.0,3,1892435547,9,2,6144.0,96,12,6252.0,0.03179931640625,0.0002500330447219312,36.02002716064453,0.9855510592460632,0.11020682007074356,0.009191386998281814
oracle_gate,0821.png,0eb14dfcb1d21cb5d3437dc5135c458154cd7fabed8147fbdc415d3ef671c14b,10.0,3,1892435547,10,2,6144.0,96,12,6252.0,0.03179931640625,0.0002537447726354003,35.956031799316406,0.9854702353477478,0.10927201062440872,0.009191386998281814
oracle_gate,0821.png,0eb14dfcb1d21cb5d3437dc5135c458154cd7fabed8147fbdc415d3ef671c14b,10.0,3,1892435547,11,3,7168.0,128,12,7308.0,0.03717041015625,0.000249873090069741,36.022804260253906,0.9856473207473755,0.1100686639547348,0.009191386998281814
oracle_gate,0821.png,0eb14dfcb1d21cb5d3437dc5135c458154cd7fabed8147fbdc415d3ef671c14b,10.0,3,1892435547,12,2,6144.0,96,12,6252.0,0.03179931640625,0.00024850081535987556,36.046722412109375,0.9856165647506714,0.10916392505168915,0.009138170746155083
oracle_gate,0821.png,0eb14dfcb1d21cb5d3437dc5135c458154cd7fabed8147fbdc415d3ef671c14b,10.0,3,1892435547,13,3,7168.0,128,12,7308.0,0.03717041015625,0.00024513754760846496,36.10590362548828,0.9858192801475525,0.10969670116901398,0.009138170746155083
oracle_gate,0821.png,0eb14dfcb1d21cb5d3437dc5135c458154cd7fabed8147fbdc415d3ef671c14b,10.0,3,1892435547,14,3,7168.0,128,12,7308.0,0.03717041015625,0.0002481552946846932,36.052764892578125,0.9857446551322937,0.10889971256256104,0.009138170746155083
oracle_gate,0821.png,0eb14dfcb1d21cb5d3437dc5135c458154cd7fabed8147fbdc415d3ef671c14b,10.0,3,1892435547,15,4,8192.0,160,12,8364.0,0.04254150390625,0.00024499811115674675,36.108375549316406,0.9858989715576172,0.1095690056681633,0.009138170746155083
oracle_gate,0822.png,a1d308fd62adecb1ea8b0fa8d0c687c92d3cf0d3358e598c8b97aca1b9cf8ad0,10.0,0,3081138898,0,0,4096.0,32,10,4138.0,0.021046956380208332,0.0013728502672165632,28.623769760131836,0.9363749027252197,0.2715209722518921,0.009131251499638893
oracle_gate,0822.png,a1d308fd62adecb1ea8b0fa8d0c687c92d3cf0d3358e598c8b97aca1b9cf8ad0,10.0,0,3081138898,1,1,5120.0,64,12,5196.0,0.02642822265625,0.0014028068399056792,28.53002166748047,0.934800386428833,0.2714264392852783,0.009131251499638893
oracle_gate,0822.png,a1d308fd62adecb1ea8b0fa8d0c687c92d3cf0d3358e598c8b97aca1b9cf8ad0,10.0,0,3081138898,2,1,5120.0,64,12,5196.0,0.02642822265625,0.0014060046523809433,28.52013397216797,0.9347565174102783,0.27202707529067993,0.009131251499638893
oracle_gate,0822.png,a1d308fd62adecb1ea8b0fa8d0c687c92d3cf0d3358e598c8b97aca1b9cf8ad0,10.0,0,3081138898,3,2,6144.0,96,12,6252.0,0.03179931640625,0.0013997785281389952,28.53940773010254,0.9350559711456299,0.2706564664840698,0.009131251499638893
oracle_gate,0822.png,a1d308fd62adecb1ea8b0fa8d0c687c92d3cf0d3358e598c8b97aca1b9cf8ad0,10.0,0,3081138898,4,1,5120.0,64,12,5196.0,0.02642822265625,0.001399249187670648,28.54104995727539,0.9350999593734741,0.27237552404403687,0.009195657505188137
oracle_gate,0822.png,a1d308fd62adecb1ea8b0fa8d0c687c92d3cf0d3358e598c8b97aca1b9cf8ad0,10.0,0,3081138898,5,2,6144.0,96,12,6252.0,0.03179931640625,0.0013928785920143127,28.560867309570312,0.9353971481323242,0.27094653248786926,0.009195657505188137
oracle_gate,0822.png,a1d308fd62adecb1ea8b0fa8d0c687c92d3cf0d3358e598c8b97aca1b9cf8ad0,10.0,0,3081138898,6,2,6144.0,96,12,6252.0,0.03179931640625,0.0013964155223220587,28.549854278564453,0.9353512525558472,0.27124932408332825,0.009195657505188137
oracle_gate,0822.png,a1d308fd62adecb1ea8b0fa8d0c687c92d3cf0d3358e598c8b97aca1b9cf8ad0,10.0,0,3081138898,7,3,7168.0,128,12,7308.0,0.03717041015625,0.001389928162097931,28.570077896118164,0.9356464743614197,0.27013474702835083,0.009195657505188137
oracle_gate,0822.png,a1d308fd62adecb1ea8b0fa8d0c687c92d3cf0d3358e598c8b97aca1b9cf8ad0,10.0,0,3081138898,8,1,5120.0,64,12,5196.0,0.02642822265625,0.0013987462734803557,28.542612075805664,0.9350460767745972,0.2727123200893402,0.009562174003804103
oracle_gate,0822.png,a1d308fd62adecb1ea8b0fa8d0c687c92d3cf0d3358e598c8b97aca1b9cf8ad0,10.0,0,3081138898,9,2,6144.0,96,12,6252.0,0.03179931640625,0.0013925365637987852,28.561933517456055,0.9353694915771484,0.2709987163543701,0.009562174003804103
oracle_gate,0822.png,a1d308fd62adecb1ea8b0fa8d0c687c92d3cf0d3358e598c8b97aca1b9cf8ad0,10.0,0,3081138898,10,2,6144.0,96,12,6252.0,0.03179931640625,0.001397730316966772,28.545764923095703,0.9352304935455322,0.27255865931510925,0.009562174003804103
oracle_gate,0822.png,a1d308fd62adecb1ea8b0fa8d0c687c92d3cf0d3358e598c8b97aca1b9cf8ad0,10.0,0,3081138898,11,3,7168.0,128,12,7308.0,0.03717041015625,0.0013917441247031093,28.564407348632812,0.9355462789535522,0.27122074365615845,0.009562174003804103
oracle_gate,0822.png,a1d308fd62adecb1ea8b0fa8d0c687c92d3cf0d3358e598c8b97aca1b9cf8ad0,10.0,0,3081138898,12,2,6144.0,96,12,6252.0,0.03179931640625,0.001389805693179369,28.570459365844727,0.9356001615524292,0.2717752456665039,0.009244985005352646
oracle_gate,0822.png,a1d308fd62adecb1ea8b0fa8d0c687c92d3cf0d3358e598c8b97aca1b9cf8ad0,10.0,0,3081138898,13,3,7168.0,128,12,7308.0,0.03717041015625,0.0013838971499353647,28.58896255493164,0.9358882904052734,0.2703161835670471,0.009244985005352646
oracle_gate,0822.png,a1d308fd62adecb1ea8b0fa8d0c687c92d3cf0d3358e598c8b97aca1b9cf8ad0,10.0,0,3081138898,14,3,7168.0,128,12,7308.0,0.03717041015625,0.0013890763511881232,28.57274055480957,0.9357643127441406,0.2716068923473358,0.009244985005352646
oracle_gate,0822.png,a1d308fd62adecb1ea8b0fa8d0c687c92d3cf0d3358e598c8b97aca1b9cf8ad0,10.0,0,3081138898,15,4,8192.0,160,12,8364.0,0.04254150390625,0.0013834623387083411,28.590328216552734,0.9360330104827881,0.27067068219184875,0.009244985005352646
oracle_gate,0822.png,a1d308fd62adecb1ea8b0fa8d0c687c92d3cf0d3358e598c8b97aca1b9cf8ad0,10.0,1,4065083178,0,0,4096.0,32,10,4138.0,0.021046956380208332,0.0013696476817131042,28.6339111328125,0.9375202059745789,0.27374112606048584,0.008911130003980361
oracle_gate,0822.png,a1d308fd62adecb1ea8b0fa8d0c687c92d3cf0d3358e598c8b97aca1b9cf8ad0,10.0,1,4065083178,1,1,5120.0,64,12,5196.0,0.02642822265625,0.0013953566085547209,28.553150177001953,0.936116099357605,0.27458369731903076,0.008911130003980361
oracle_gate,0822.png,a1d308fd62adecb1ea8b0fa8d0c687c92d3cf0d3358e598c8b97aca1b9cf8ad0,10.0,1,4065083178,2,1,5120.0,64,12,5196.0,0.02642822265625,0.0014057049993425608,28.521059036254883,0.9358193278312683,0.2770313024520874,0.008911130003980361
oracle_gate,0822.png,a1d308fd62adecb1ea8b0fa8d0c687c92d3cf0d3358e598c8b97aca1b9cf8ad0,10.0,1,4065083178,3,2,6144.0,96,12,6252.0,0.03179931640625,0.00139180151745677,28.564228057861328,0.9362675547599792,0.2753894329071045,0.008911130003980361
oracle_gate,0822.png,a1d308fd62adecb1ea8b0fa8d0c687c92d3cf0d3358e598c8b97aca1b9cf8ad0,10.0,1,4065083178,4,1,5120.0,64,12,5196.0,0.02642822265625,0.0014001158997416496,28.538360595703125,0.9359931349754333,0.27544790506362915,0.009265697750379331
oracle_gate,0822.png,a1d308fd62adecb1ea8b0fa8d0c687c92d3cf0d3358e598c8b97aca1b9cf8ad0,10.0,1,4065083178,5,2,6144.0,96,12,6252.0,0.03179931640625,0.0013869151007384062,28.57950210571289,0.9363850355148315,0.27413210272789,0.009265697750379331
oracle_gate,0822.png,a1d308fd62adecb1ea8b0fa8d0c687c92d3cf0d3358e598c8b97aca1b9cf8ad0,10.0,1,4065083178,6,2,6144.0,96,12,6252.0,0.03179931640625,0.0013958560302853584,28.55159568786621,0.9361394643783569,0.2763887643814087,0.009265697750379331
oracle_gate,0822.png,a1d308fd62adecb1ea8b0fa8d0c687c92d3cf0d3358e598c8b97aca1b9cf8ad0,10.0,1,4065083178,7,3,7168.0,128,12,7308.0,0.03717041015625,0.0013836313737556338,28.589797973632812,0.9365239143371582,0.2749108076095581,0.009265697750379331
oracle_gate,0822.png,a1d308fd62adecb1ea8b0fa8d0c687c92d3cf0d3358e598c8b97aca1b9cf8ad0,10.0,1,4065083178,8,1,5120.0,64,12,5196.0,0.02642822265625,0.0014020944945514202,28.532228469848633,0.9360911250114441,0.27560144662857056,0.009815714496653527
oracle_gate,0822.png,a1d308fd62adecb1ea8b0fa8d0c687c92d3cf0d3358e598c8b97aca1b9cf8ad0,10.0,1,4065083178,9,2,6144.0,96,12,6252.0,0.03179931640625,0.0013875325676053762,28.57756805419922,0.9365589618682861,0.2742393910884857,0.009815714496653527
oracle_gate,0822.png,a1d308fd62adecb1ea8b0fa8d0c687c92d3cf0d3358e598c8b97aca1b9cf8ad0,10.0,1,4065083178,10,2,6144.0,96,12,6252.0,0.03179931640625,0.0013970177387818694,28.547983169555664,0.9362141489982605,0.27692168951034546,0.009815714496653527
oracle_gate,0822.png,a1d308fd62adecb1ea8b0fa8d0c687c92d3cf0d3358e598c8b97aca1b9cf8ad0,10.0,1,4065083178,11,3,7168.0,128,12,7308.0,0.03717041015625,0.0013836603611707687,28.589706420898438,0.9366597533226013,0.27542704343795776,0.009815714496653527
oracle_gate,0822.png,a1d308fd62adecb1ea8b0fa8d0c687c92d3cf0d3358e598c8b97aca1b9cf8ad0,10.0,1,4065083178,12,2,6144.0,96,12,6252.0,0.03179931640625,0.0013941138749942183,28.557016372680664,0.936429500579834,0.2752293348312378,0.009438750508707017
oracle_gate,0822.png,a1d308fd62adecb1ea8b0fa8d0c687c92d3cf0d3358e598c8b97aca1b9cf8ad0,10.0,1,4065083178,13,3,7168.0,128,12,7308.0,0.03717041015625,0.0013813188998028636,28.59705924987793,0.9368100166320801,0.2739886939525604,0.009438750508707017
oracle_gate,0822.png,a1d308fd62adecb1ea8b0fa8d0c687c92d3cf0d3358e598c8b97aca1b9cf8ad0,10.0,1,4065083178,14,3,7168.0,128,12,7308.0,0.03717041015625,0.0013893631985411048,28.57184410095215,0.9365283846855164,0.2764904499053955,0.009438750508707017
oracle_gate,0822.png,a1d308fd62adecb1ea8b0fa8d0c687c92d3cf0d3358e598c8b97aca1b9cf8ad0,10.0,1,4065083178,15,4,8192.0,160,12,8364.0,0.04254150390625,0.0013780312146991491,28.607410430908203,0.9368734359741211,0.2751806080341339,0.009438750508707017
oracle_gate,0822.png,a1d308fd62adecb1ea8b0fa8d0c687c92d3cf0d3358e598c8b97aca1b9cf8ad0,10.0,2,2188803780,0,0,4096.0,32,10,4138.0,0.021046956380208332,0.0013785557821393013,28.605758666992188,0.9374547004699707,0.2676384150981903,0.009325558494310826
oracle_gate,0822.png,a1d308fd62adecb1ea8b0fa8d0c687c92d3cf0d3358e598c8b97aca1b9cf8ad0,10.0,2,2188803780,1,1,5120.0,64,12,5196.0,0.02642822265625,0.001405178802087903,28.52268409729004,0.9355629682540894,0.2685876488685608,0.009325558494310826
oracle_gate,0822.png,a1d308fd62adecb1ea8b0fa8d0c687c92d3cf0d3358e598c8b97aca1b9cf8ad0,10.0,2,2188803780,2,1,5120.0,64,12,5196.0,0.02642822265625,0.0014105786103755236,28.50602912902832,0.9355818629264832,0.26664766669273376,0.009325558494310826
oracle_gate,0822.png,a1d308fd62adecb1ea8b0fa8d0c687c92d3cf0d3358e598c8b97aca1b9cf8ad0,10.0,2,2188803780,3,2,6144.0,96,12,6252.0,0.03179931640625,0.0014047131408005953,28.524124145507812,0.9359955191612244,0.2668967545032501,0.009325558494310826
oracle_gate,0822.png,a1d308fd62adecb1ea8b0fa8d0c687c92d3cf0d3358e598c8b97aca1b9cf8ad0,10.0,2,2188803780,4,1,5120.0,64,12,5196.0,0.02642822265625,0.0014046570286154747,28.52429962158203,0.9357070922851562,0.26670804619789124,0.009422610746696591
oracle_gate,0822.png,a1d308fd62adecb1ea8b0fa8d0c687c92d3cf0d3358e598c8b97aca1b9cf8ad0,10.0,2,2188803780,5,2,6144.0,96,12,6252.0,0.03179931640625,0.0013985809637233615,28.54312515258789,0.9360523223876953,0.26700878143310547,0.009422610746696591
oracle_gate,0822.png,a1d308fd62adecb1ea8b0fa8d0c687c92d3cf0d3358e598c8b97aca1b9cf8ad0,10.0,2,2188803780,6,2,6144.0,96,12,6252.0,0.03179931640625,0.0014044540002942085,28.524925231933594,0.9360994100570679,0.2649935483932495,0.009422610746696591
oracle_gate,0822.png,a1d308fd62adecb1ea8b0fa8d0c687c92d3cf0d3358e598c8b97aca1b9cf8ad0,10.0,2,2188803780,7,3,7168.0,128,12,7308.0,0.03717041015625,0.0013981567462906241,28.54444122314453,0.9364539980888367,0.26524460315704346,0.009422610746696591
oracle_gate,0822.png,a1d308fd62adecb1ea8b0fa8d0c687c92d3cf0d3358e598c8b97aca1b9cf8ad0,10.0,2,2188803780,8,1,5120.0,64,12,5196.0,0.02642822265625,0.0014024279080331326,28.53119659423828,0.9357179403305054,0.26740825176239014,0.009016676995088346
oracle_gate,0822.png,a1d308fd62adecb1ea8b0fa8d0c687c92d3cf0d3358e598c8b97aca1b9cf8ad0,10.0,2,2188803780,9,2,6144.0,96,12,6252.0,0.03179931640625,0.0013970977161079645,28.547733306884766,0.9360827803611755,0.2676861882209778,0.009016676995088346
oracle_gate,0822.png,a1d308fd62adecb1ea8b0fa8d0c687c92d3cf0d3358e598c8b97aca1b9cf8ad0,10.0,2,2188803780,10,2,6144.0,96,12,6252.0,0.03179931640625,0.0014020003145560622,28.532520294189453,0.9359018206596375,0.2675560712814331,0.009016676995088346
oracle_gate,0822.png,a1d308fd62adecb1ea8b0fa8d0c687c92d3cf0d3358e598c8b97aca1b9cf8ad0,10.0,2,2188803780,11,3,7168.0,128,12,7308.0,0.03717041015625,0.0013966101687401533,28.54924774169922,0.9362931251525879,0.26779302954673767,0.009016676995088346
oracle_gate,0822.png,a1d308fd62adecb1ea8b0fa8d0c687c92d3cf0d3358e598c8b97aca1b9cf8ad0,10.0,2,2188803780,12,2,6144.0,96,12,6252.0,0.03179931640625,0.001399375032633543,28.540658950805664,0.9360549449920654,0.266112357378006,0.009252187752281316
oracle_gate,0822.png,a1d308fd62adecb1ea8b0fa8d0c687c92d3cf0d3358e598c8b97aca1b9cf8ad0,10.0,2,2188803780,13,3,7168.0,128,12,7308.0,0.03717041015625,0.001393559155985713,28.558748245239258,0.9363591074943542,0.26642394065856934,0.009252187752281316
oracle_gate,0822.png,a1d308fd62adecb1ea8b0fa8d0c687c92d3cf0d3358e598c8b97aca1b9cf8ad0,10.0,2,2188803780,14,3,7168.0,128,12,7308.0,0.03717041015625,0.0013989814324304461,28.541881561279297,0.9362313747406006,0.2662295997142792,0.009252187752281316
oracle_gate,0822.png,a1d308fd62adecb1ea8b0fa8d0c687c92d3cf0d3358e598c8b97aca1b9cf8ad0,10.0,2,2188803780,15,4,8192.0,160,12,8364.0,0.04254150390625,0.0013935670722275972,28.5587215423584,0.9365568161010742,0.2664767801761627,0.009252187752281316
oracle_gate,0822.png,a1d308fd62adecb1ea8b0fa8d0c687c92d3cf0d3358e598c8b97aca1b9cf8ad0,10.0,3,3923327210,0,0,4096.0,32,10,4138.0,0.021046956380208332,0.0013775223633274436,28.609012603759766,0.935694694519043,0.2688255310058594,0.009413166000740603
oracle_gate,0822.png,a1d308fd62adecb1ea8b0fa8d0c687c92d3cf0d3358e598c8b97aca1b9cf8ad0,10.0,3,3923327210,1,1,5120.0,64,12,5196.0,0.02642822265625,0.0014067034935578704,28.517974853515625,0.9342623949050903,0.2689441442489624,0.009413166000740603
oracle_gate,0822.png,a1d308fd62adecb1ea8b0fa8d0c687c92d3cf0d3358e598c8b97aca1b9cf8ad0,10.0,3,3923327210,2,1,5120.0,64,12,5196.0,0.02642822265625,0.001400952460244298,28.5357666015625,0.9343501329421997,0.2686954140663147,0.009413166000740603
oracle_gate,0822.png,a1d308fd62adecb1ea8b0fa8d0c687c92d3cf0d3358e598c8b97aca1b9cf8ad0,10.0,3,3923327210,3,2,6144.0,96,12,6252.0,0.03179931640625,0.0013997904025018215,28.539369583129883,0.934548556804657,0.2684116065502167,0.009413166000740603
oracle_gate,0822.png,a1d308fd62adecb1ea8b0fa8d0c687c92d3cf0d3358e598c8b97aca1b9cf8ad0,10.0,3,3923327210,4,1,5120.0,64,12,5196.0,0.02642822265625,0.0014051294419914484,28.522836685180664,0.9344562292098999,0.2695789933204651,0.009914320253301412
oracle_gate,0822.png,a1d308fd62adecb1ea8b0fa8d0c687c92d3cf0d3358e598c8b97aca1b9cf8ad0,10.0,3,3923327210,5,2,6144.0,96,12,6252.0,0.03179931640625,0.0014033302431926131,28.52840232849121,0.9346258044242859,0.26939263939857483,0.009914320253301412
oracle_gate,0822.png,a1d308fd62adecb1ea8b0fa8d0c687c92d3cf0d3358e598c8b97aca1b9cf8ad0,10.0,3,3923327210,6,2,6144.0,96,12,6252.0,0.03179931640625,0.0013980150688439608,28.54488182067871,0.9346944689750671,0.2686091661453247,0.009914320253301412
oracle_gate,0822.png,a1d308fd62adecb1ea8b0fa8d0c687c92d3cf0d3358e598c8b97aca1b9cf8ad0,10.0,3,3923327210,7,3,7168.0,128,12,7308.0,0.03717041015625,0.0013966737315058708,28.54905128479004,0.9348978400230408,0.26882579922676086,0.009914320253301412
oracle_gate,0822.png,a1d308fd62adecb1ea8b0fa8d0c687c92d3cf0d3358e598c8b97aca1b9cf8ad0,10.0,3,3923327210,8,1,5120.0,64,12,5196.0,0.02642822265625,0.0014017638750374317,28.53325080871582,0.9343948364257812,0.27075937390327454,0.009543735752231441
oracle_gate,0822.png,a1d308fd62adecb1ea8b0fa8d0c687c92d3cf0d3358e598c8b97aca1b9cf8ad0,10.0,3,3923327210,9,2,6144.0,96,12,6252.0,0.03179931640625,0.001400059787556529,28.53853416442871,0.9345707893371582,0.2700556218624115,0.009543735752231441
oracle_gate,0822.png,a1d308fd62adecb1ea8b0fa8d0c687c92d3cf0d3358e598c8b97aca1b9cf8ad0,10.0,3,3923327210,10,2,6144.0,96,12,6252.0,0.03179931640625,0.0013977102935314178,28.545827865600586,0.934567391872406,0.2705061137676239,0.009543735752231441
oracle_gate,0822.png,a1d308fd62adecb1ea8b0fa8d0c687c92d3cf0d3358e598c8b97aca1b9cf8ad0,10.0,3,3923327210,11,3,7168.0,128,12,7308.0,0.03717041015625,0.001396758365444839,28.548789978027344,0.9347829222679138,0.27020084857940674,0.009543735752231441
oracle_gate,0822.png,a1d308fd62adecb1ea8b0fa8d0c687c92d3cf0d3358e598c8b97aca1b9cf8ad0,10.0,3,3923327210,12,2,6144.0,96,12,6252.0,0.03179931640625,0.0013996546622365713,28.539791107177734,0.9347144961357117,0.2701590657234192,0.00952879099349957
oracle_gate,0822.png,a1d308fd62adecb1ea8b0fa8d0c687c92d3cf0d3358e598c8b97aca1b9cf8ad0,10.0,3,3923327210,13,3,7168.0,128,12,7308.0,0.03717041015625,0.0013982306700199842,28.544214248657227,0.93487548828125,0.2699584662914276,0.00952879099349957
oracle_gate,0822.png,a1d308fd62adecb1ea8b0fa8d0c687c92d3cf0d3358e598c8b97aca1b9cf8ad0,10.0,3,3923327210,14,3,7168.0,128,12,7308.0,0.03717041015625,0.0013960477663204074,28.550996780395508,0.9348591566085815,0.26989832520484924,0.00952879099349957
oracle_gate,0822.png,a1d308fd62adecb1ea8b0fa8d0c687c92d3cf0d3358e598c8b97aca1b9cf8ad0,10.0,3,3923327210,15,4,8192.0,160,12,8364.0,0.04254150390625,0.0013953391462564468,28.55320167541504,0.9350589513778687,0.27015554904937744,0.00952879099349957
oracle_gate,0823.png,8db26bddf2ac9975e5227be3eb1180f6377145eee5dca1e421100014cbd7ef6e,10.0,0,3467215527,0,0,4096.0,32,10,4138.0,0.021046956380208332,0.0032584224827587605,24.86992645263672,0.9484966993331909,0.22090868651866913,0.009963404503650963
oracle_gate,0823.png,8db26bddf2ac9975e5227be3eb1180f6377145eee5dca1e421100014cbd7ef6e,10.0,0,3467215527,1,1,5120.0,64,12,5196.0,0.02642822265625,0.003335959045216441,24.76779556274414,0.9469135999679565,0.22218361496925354,0.009963404503650963
oracle_gate,0823.png,8db26bddf2ac9975e5227be3eb1180f6377145eee5dca1e421100014cbd7ef6e,10.0,0,3467215527,2,1,5120.0,64,12,5196.0,0.02642822265625,0.0033483137376606464,24.751739501953125,0.9468241930007935,0.2232472449541092,0.009963404503650963
oracle_gate,0823.png,8db26bddf2ac9975e5227be3eb1180f6377145eee5dca1e421100014cbd7ef6e,10.0,0,3467215527,3,2,6144.0,96,12,6252.0,0.03179931640625,0.0033294465392827988,24.77627944946289,0.9467505216598511,0.2225683182477951,0.009963404503650963
oracle_gate,0823.png,8db26bddf2ac9975e5227be3eb1180f6377145eee5dca1e421100014cbd7ef6e,10.0,0,3467215527,4,1,5120.0,64,12,5196.0,0.02642822265625,0.003324235323816538,24.783084869384766,0.9476930499076843,0.2223259061574936,0.010237222260911949
oracle_gate,0823.png,8db26bddf2ac9975e5227be3eb1180f6377145eee5dca1e421100014cbd7ef6e,10.0,0,3467215527,5,2,6144.0,96,12,6252.0,0.03179931640625,0.0033007124438881874,24.813922882080078,0.9477592706680298,0.2211105078458786,0.010237222260911949
oracle_gate,0823.png,8db26bddf2ac9975e5227be3eb1180f6377145eee5dca1e421100014cbd7ef6e,10.0,0,3467215527,6,2,6144.0,96,12,6252.0,0.03179931640625,0.0033141549210995436,24.796274185180664,0.9475833773612976,0.22229468822479248,0.010237222260911949
oracle_gate,0823.png,8db26bddf2ac9975e5227be3eb1180f6377145eee5dca1e421100014cbd7ef6e,10.0,0,3467215527,7,3,7168.0,128,12,7308.0,0.03717041015625,0.003293911926448345,24.822879791259766,0.9476339221000671,0.22147294878959656,0.010237222260911949
oracle_gate,0823.png,8db26bddf2ac9975e5227be3eb1180f6377145eee5dca1e421100014cbd7ef6e,10.0,0,3467215527,8,1,5120.0,64,12,5196.0,0.02642822265625,0.003359708469361067,24.736984252929688,0.946919858455658,0.22256115078926086,0.009571314993081614
oracle_gate,0823.png,8db26bddf2ac9975e5227be3eb1180f6377145eee5dca1e421100014cbd7ef6e,10.0,0,3467215527,9,2,6144.0,96,12,6252.0,0.03179931640625,0.0033388573210686445,24.764020919799805,0.9468916654586792,0.2215053141117096,0.009571314993081614
oracle_gate,0823.png,8db26bddf2ac9975e5227be3eb1180f6377145eee5dca1e421100014cbd7ef6e,10.0,0,3467215527,10,2,6144.0,96,12,6252.0,0.03179931640625,0.0033505212049931288,24.748876571655273,0.9468201398849487,0.22230780124664307,0.009571314993081614
oracle_gate,0823.png,8db26bddf2ac9975e5227be3eb1180f6377145eee5dca1e421100014cbd7ef6e,10.0,0,3467215527,11,3,7168.0,128,12,7308.0,0.03717041015625,0.003332636784762144,24.772119522094727,0.9467765688896179,0.22163529694080353,0.009571314993081614
oracle_gate,0823.png,8db26bddf2ac9975e5227be3eb1180f6377145eee5dca1e421100014cbd7ef6e,10.0,0,3467215527,12,2,6144.0,96,12,6252.0,0.03179931640625,0.003346014302223921,24.754722595214844,0.9472284317016602,0.22176659107208252,0.009698604990262538
oracle_gate,0823.png,8db26bddf2ac9975e5227be3eb1180f6377145eee5dca1e421100014cbd7ef6e,10.0,0,3467215527,13,3,7168.0,128,12,7308.0,0.03717041015625,0.00332321273162961,24.784420013427734,0.9472925662994385,0.22055348753929138,0.009698604990262538
oracle_gate,0823.png,8db26bddf2ac9975e5227be3eb1180f6377145eee5dca1e421100014cbd7ef6e,10.0,0,3467215527,14,3,7168.0,128,12,7308.0,0.03717041015625,0.0033372673206031322,24.766090393066406,0.947154700756073,0.22153793275356293,0.009698604990262538
oracle_gate,0823.png,8db26bddf2ac9975e5227be3eb1180f6377145eee5dca1e421100014cbd7ef6e,10.0,0,3467215527,15,4,8192.0,160,12,8364.0,0.04254150390625,0.0033174664713442326,24.791934967041016,0.9471678733825684,0.2207118272781372,0.009698604990262538
oracle_gate,0823.png,8db26bddf2ac9975e5227be3eb1180f6377145eee5dca1e421100014cbd7ef6e,10.0,1,3575370091,0,0,4096.0,32,10,4138.0,0.021046956380208332,0.003176114521920681,24.98103904724121,0.9516065120697021,0.21732765436172485,0.009177704501780681
oracle_gate,0823.png,8db26bddf2ac9975e5227be3eb1180f6377145eee5dca1e421100014cbd7ef6e,10.0,1,3575370091,1,1,5120.0,64,12,5196.0,0.02642822265625,0.0032673056703060865,24.858102798461914,0.9497702121734619,0.22143618762493134,0.009177704501780681
oracle_gate,0823.png,8db26bddf2ac9975e5227be3eb1180f6377145eee5dca1e421100014cbd7ef6e,10.0,1,3575370091,2,1,5120.0,64,12,5196.0,0.02642822265625,0.0032785898074507713,24.843128204345703,0.9498428702354431,0.22254809737205505,0.009177704501780681
oracle_gate,0823.png,8db26bddf2ac9975e5227be3eb1180f6377145eee5dca1e421100014cbd7ef6e,10.0,1,3575370091,3,2,6144.0,96,12,6252.0,0.03179931640625,0.0032693638931959867,24.85536766052246,0.9498423933982849,0.22110070288181305,0.009177704501780681
oracle_gate,0823.png,8db26bddf2ac9975e5227be3eb1180f6377145eee5dca1e421100014cbd7ef6e,10.0,1,3575370091,4,1,5120.0,64,12,5196.0,0.02642822265625,0.0032665859907865524,24.85906219482422,0.9500664472579956,0.22084787487983704,0.009270374997868203
oracle_gate,0823.png,8db26bddf2ac9975e5227be3eb1180f6377145eee5dca1e421100014cbd7ef6e,10.0,1,3575370091,5,2,6144.0,96,12,6252.0,0.03179931640625,0.003252566559240222,24.87773895263672,0.9501529932022095,0.21975475549697876,0.009270374997868203
oracle_gate,0823.png,8db26bddf2ac9975e5227be3eb1180f6377145eee5dca1e421100014cbd7ef6e,10.0,1,3575370091,6,2,6144.0,96,12,6252.0,0.03179931640625,0.003264357801526785,24.862022399902344,0.9502272605895996,0.2206878662109375,0.009270374997868203
oracle_gate,0823.png,8db26bddf2ac9975e5227be3eb1180f6377145eee5dca1e421100014cbd7ef6e,10.0,1,3575370091,7,3,7168.0,128,12,7308.0,0.03717041015625,0.003255775896832347,24.873455047607422,0.950225293636322,0.2194536179304123,0.009270374997868203
oracle_gate,0823.png,8db26bddf2ac9975e5227be3eb1180f6377145eee5dca1e421100014cbd7ef6e,10.0,1,3575370091,8,1,5120.0,64,12,5196.0,0.02642822265625,0.003263770369812846,24.862804412841797,0.9501209259033203,0.22114549577236176,0.010101988751557656
oracle_gate,0823.png,8db26bddf2ac9975e5227be3eb1180f6377145eee5dca1e421100014cbd7ef6e,10.0,1,3575370091,9,2,6144.0,96,12,6252.0,0.03179931640625,0.0032492331229150295,24.882192611694336,0.950202465057373,0.2197837084531784,0.010101988751557656
oracle_gate,0823.png,8db26bddf2ac9975e5227be3eb1180f6377145eee5dca1e421100014cbd7ef6e,10.0,1,3575370091,10,2,6144.0,96,12,6252.0,0.03179931640625,0.0032607221510261297,24.866863250732422,0.9502703547477722,0.22107410430908203,0.010101988751557656
oracle_gate,0823.png,8db26bddf2ac9975e5227be3eb1180f6377145eee5dca1e421100014cbd7ef6e,10.0,1,3575370091,11,3,7168.0,128,12,7308.0,0.03717041015625,0.00325147807598114,24.879192352294922,0.950290858745575,0.219596728682518,0.010101988751557656
oracle_gate,0823.png,8db26bddf2ac9975e5227be3eb1180f6377145eee5dca1e421100014cbd7ef6e,10.0,1,3575370091,12,2,6144.0,96,12,6252.0,0.03179931640625,0.003253405913710594,24.876617431640625,0.9505176544189453,0.21926499903202057,0.007076954745571129
oracle_gate,0823.png,8db26bddf2ac9975e5227be3eb1180f6377145eee5dca1e421100014cbd7ef6e,10.0,1,3575370091,13,3,7168.0,128,12,7308.0,0.03717041015625,0.0032393471337854862,24.895427703857422,0.9505918025970459,0.21815645694732666,0.007076954745571129
oracle_gate,0823.png,8db26bddf2ac9975e5227be3eb1180f6377145eee5dca1e421100014cbd7ef6e,10.0,1,3575370091,14,3,7168.0,128,12,7308.0,0.03717041015625,0.003250762354582548,24.880146026611328,0.9506517648696899,0.21918871998786926,0.007076954745571129
oracle_gate,0823.png,8db26bddf2ac9975e5227be3eb1180f6377145eee5dca1e421100014cbd7ef6e,10.0,1,3575370091,15,4,8192.0,160,12,8364.0,0.04254150390625,0.003242123406380415,24.891704559326172,0.9506639242172241,0.21798324584960938,0.007076954745571129
oracle_gate,0823.png,8db26bddf2ac9975e5227be3eb1180f6377145eee5dca1e421100014cbd7ef6e,10.0,2,191749209,0,0,4096.0,32,10,4138.0,0.021046956380208332,0.0032121760305017233,24.9320068359375,0.9490159749984741,0.2138412892818451,0.008741844256292097
oracle_gate,0823.png,8db26bddf2ac9975e5227be3eb1180f6377145eee5dca1e421100014cbd7ef6e,10.0,2,191749209,1,1,5120.0,64,12,5196.0,0.02642822265625,0.003641229122877121,24.387521743774414,0.9368681907653809,0.22107793390750885,0.008741844256292097
oracle_gate,0823.png,8db26bddf2ac9975e5227be3eb1180f6377145eee5dca1e421100014cbd7ef6e,10.0,2,191749209,2,1,5120.0,64,12,5196.0,0.02642822265625,0.0036789930891245604,24.342710494995117,0.936813473701477,0.21851667761802673,0.008741844256292097
oracle_gate,0823.png,8db26bddf2ac9975e5227be3eb1180f6377145eee5dca1e421100014cbd7ef6e,10.0,2,191749209,3,2,6144.0,96,12,6252.0,0.03179931640625,0.003630331251770258,24.40053939819336,0.9369356036186218,0.22023668885231018,0.008741844256292097
oracle_gate,0823.png,8db26bddf2ac9975e5227be3eb1180f6377145eee5dca1e421100014cbd7ef6e,10.0,2,191749209,4,1,5120.0,64,12,5196.0,0.02642822265625,0.003672610968351364,24.350252151489258,0.9377519488334656,0.21681243181228638,0.009403586489497684
oracle_gate,0823.png,8db26bddf2ac9975e5227be3eb1180f6377145eee5dca1e421100014cbd7ef6e,10.0,2,191749209,5,2,6144.0,96,12,6252.0,0.03179931640625,0.003601266071200371,24.435447692871094,0.9384840726852417,0.21808692812919617,0.009403586489497684
oracle_gate,0823.png,8db26bddf2ac9975e5227be3eb1180f6377145eee5dca1e421100014cbd7ef6e,10.0,2,191749209,6,2,6144.0,96,12,6252.0,0.03179931640625,0.0036360386293381453,24.393714904785156,0.9385073184967041,0.21616433560848236,0.009403586489497684
oracle_gate,0823.png,8db26bddf2ac9975e5227be3eb1180f6377145eee5dca1e421100014cbd7ef6e,10.0,2,191749209,7,3,7168.0,128,12,7308.0,0.03717041015625,0.003586544655263424,24.45323944091797,0.9388241171836853,0.21718549728393555,0.009403586489497684
oracle_gate,0823.png,8db26bddf2ac9975e5227be3eb1180f6377145eee5dca1e421100014cbd7ef6e,10.0,2,191749209,8,1,5120.0,64,12,5196.0,0.02642822265625,0.003699884284287691,24.3181209564209,0.9365140199661255,0.21731343865394592,0.010060419750516303
oracle_gate,0823.png,8db26bddf2ac9975e5227be3eb1180f6377145eee5dca1e421100014cbd7ef6e,10.0,2,191749209,9,2,6144.0,96,12,6252.0,0.03179931640625,0.003628963138908148,24.402175903320312,0.9371218085289001,0.21920990943908691,0.010060419750516303
oracle_gate,0823.png,8db26bddf2ac9975e5227be3eb1180f6377145eee5dca1e421100014cbd7ef6e,10.0,2,191749209,10,2,6144.0,96,12,6252.0,0.03179931640625,0.003665997413918376,24.35807991027832,0.9372329115867615,0.21660596132278442,0.010060419750516303
oracle_gate,0823.png,8db26bddf2ac9975e5227be3eb1180f6377145eee5dca1e421100014cbd7ef6e,10.0,2,191749209,11,3,7168.0,128,12,7308.0,0.03717041015625,0.0036159257870167494,24.417804718017578,0.9374098181724548,0.2181621491909027,0.010060419750516303
oracle_gate,0823.png,8db26bddf2ac9975e5227be3eb1180f6377145eee5dca1e421100014cbd7ef6e,10.0,2,191749209,12,2,6144.0,96,12,6252.0,0.03179931640625,0.0036625778302550316,24.362133026123047,0.938073992729187,0.2152283638715744,0.0093308122450253
oracle_gate,0823.png,8db26bddf2ac9975e5227be3eb1180f6377145eee5dca1e421100014cbd7ef6e,10.0,2,191749209,13,3,7168.0,128,12,7308.0,0.03717041015625,0.0035910294391214848,24.447811126708984,0.9388265609741211,0.21635863184928894,0.0093308122450253
oracle_gate,0823.png,8db26bddf2ac9975e5227be3eb1180f6377145eee5dca1e421100014cbd7ef6e,10.0,2,191749209,14,3,7168.0,128,12,7308.0,0.03717041015625,0.0036274585872888565,24.403976440429688,0.9388729929924011,0.21446684002876282,0.0093308122450253
oracle_gate,0823.png,8db26bddf2ac9975e5227be3eb1180f6377145eee5dca1e421100014cbd7ef6e,10.0,2,191749209,15,4,8192.0,160,12,8364.0,0.04254150390625,0.0035778768360614777,24.463747024536133,0.939151406288147,0.21545767784118652,0.0093308122450253
oracle_gate,0823.png,8db26bddf2ac9975e5227be3eb1180f6377145eee5dca1e421100014cbd7ef6e,10.0,3,1426481979,0,0,4096.0,32,10,4138.0,0.021046956380208332,0.0032050858717411757,24.941604614257812,0.9507614374160767,0.21213066577911377,0.009076814749278128
oracle_gate,0823.png,8db26bddf2ac9975e5227be3eb1180f6377145eee5dca1e421100014cbd7ef6e,10.0,3,1426481979,1,1,5120.0,64,12,5196.0,0.02642822265625,0.003258451586589217,24.869888305664062,0.9495258331298828,0.215938001871109,0.009076814749278128
oracle_gate,0823.png,8db26bddf2ac9975e5227be3eb1180f6377145eee5dca1e421100014cbd7ef6e,10.0,3,1426481979,2,1,5120.0,64,12,5196.0,0.02642822265625,0.003275986760854721,24.846580505371094,0.9494392275810242,0.21559858322143555,0.009076814749278128
oracle_gate,0823.png,8db26bddf2ac9975e5227be3eb1180f6377145eee5dca1e421100014cbd7ef6e,10.0,3,1426481979,3,2,6144.0,96,12,6252.0,0.03179931640625,0.003257938427850604,24.87057113647461,0.9495910406112671,0.2161322981119156,0.009076814749278128
oracle_gate,0823.png,8db26bddf2ac9975e5227be3eb1180f6377145eee5dca1e421100014cbd7ef6e,10.0,3,1426481979,4,1,5120.0,64,12,5196.0,0.02642822265625,0.0032490468584001064,24.8824405670166,0.9497170448303223,0.21269318461418152,0.008939213745179586
oracle_gate,0823.png,8db26bddf2ac9975e5227be3eb1180f6377145eee5dca1e421100014cbd7ef6e,10.0,3,1426481979,5,2,6144.0,96,12,6252.0,0.03179931640625,0.0032347706146538258,24.90156364440918,0.9498834609985352,0.21303926408290863,0.008939213745179586
oracle_gate,0823.png,8db26bddf2ac9975e5227be3eb1180f6377145eee5dca1e421100014cbd7ef6e,10.0,3,1426481979,6,2,6144.0,96,12,6252.0,0.03179931640625,0.0032490617595613003,24.882421493530273,0.9498330950737,0.21291044354438782,0.008939213745179586
oracle_gate,0823.png,8db26bddf2ac9975e5227be3eb1180f6377145eee5dca1e421100014cbd7ef6e,10.0,3,1426481979,7,3,7168.0,128,12,7308.0,0.03717041015625,0.003235430456697941,24.900680541992188,0.949950098991394,0.21323274075984955,0.008939213745179586
oracle_gate,0823.png,8db26bddf2ac9975e5227be3eb1180f6377145eee5dca1e421100014cbd7ef6e,10.0,3,1426481979,8,1,5120.0,64,12,5196.0,0.02642822265625,0.003269893117249012,24.854663848876953,0.9495754241943359,0.21479637920856476,0.00905588451132644
oracle_gate,0823.png,8db26bddf2ac9975e5227be3eb1180f6377145eee5dca1e421100014cbd7ef6e,10.0,3,1426481979,9,2,6144.0,96,12,6252.0,0.03179931640625,0.0032512545585632324,24.879491806030273,0.9498161673545837,0.2153167873620987,0.00905588451132644
oracle_gate,0823.png,8db26bddf2ac9975e5227be3eb1180f6377145eee5dca1e421100014cbd7ef6e,10.0,3,1426481979,10,2,6144.0,96,12,6252.0,0.03179931640625,0.003271892201155424,24.85201072692871,0.9496394395828247,0.21502703428268433,0.00905588451132644
oracle_gate,0823.png,8db26bddf2ac9975e5227be3eb1180f6377145eee5dca1e421100014cbd7ef6e,10.0,3,1426481979,11,3,7168.0,128,12,7308.0,0.03717041015625,0.003253702074289322,24.876222610473633,0.949824333190918,0.2155495434999466,0.00905588451132644
oracle_gate,0823.png,8db26bddf2ac9975e5227be3eb1180f6377145eee5dca1e421100014cbd7ef6e,10.0,3,1426481979,12,2,6144.0,96,12,6252.0,0.03179931640625,0.0032442237716168165,24.888893127441406,0.9498428106307983,0.21241700649261475,0.009309875007602386
oracle_gate,0823.png,8db26bddf2ac9975e5227be3eb1180f6377145eee5dca1e421100014cbd7ef6e,10.0,3,1426481979,13,3,7168.0,128,12,7308.0,0.03717041015625,0.003230051835998893,24.90790557861328,0.9500405192375183,0.212716743350029,0.009309875007602386
oracle_gate,0823.png,8db26bddf2ac9975e5227be3eb1180f6377145eee5dca1e421100014cbd7ef6e,10.0,3,1426481979,14,3,7168.0,128,12,7308.0,0.03717041015625,0.003246803767979145,24.885440826416016,0.9499062895774841,0.21263837814331055,0.009309875007602386
oracle_gate,0823.png,8db26bddf2ac9975e5227be3eb1180f6377145eee5dca1e421100014cbd7ef6e,10.0,3,1426481979,15,4,8192.0,160,12,8364.0,0.04254150390625,0.0032331624533981085,24.903724670410156,0.9500255584716797,0.21296416223049164,0.009309875007602386
oracle_gate,0824.png,484316545f6b08655d30faa1bc5f29eb6821d049b62bb528319b504790c188e2,10.0,0,3236474393,0,0,4096.0,32,10,4138.0,0.021046956380208332,0.0044049909338355064,23.560550689697266,0.9541934728622437,0.21130941808223724,0.00924517199746333
oracle_gate,0824.png,484316545f6b08655d30faa1bc5f29eb6821d049b62bb528319b504790c188e2,10.0,0,3236474393,1,1,5120.0,64,12,5196.0,0.02642822265625,0.004487114027142525,23.480329513549805,0.9527411460876465,0.21016551554203033,0.00924517199746333
oracle_gate,0824.png,484316545f6b08655d30faa1bc5f29eb6821d049b62bb528319b504790c188e2,10.0,0,3236474393,2,1,5120.0,64,12,5196.0,0.02642822265625,0.004472703672945499,23.494300842285156,0.9528841376304626,0.2109135240316391,0.00924517199746333
oracle_gate,0824.png,484316545f6b08655d30faa1bc5f29eb6821d049b62bb528319b504790c188e2,10.0,0,3236474393,3,2,6144.0,96,12,6252.0,0.03179931640625,0.0044560739770531654,23.51047706604004,0.9531309604644775,0.21073457598686218,0.00924517199746333
oracle_gate,0824.png,484316545f6b08655d30faa1bc5f29eb6821d049b62bb528319b504790c188e2,10.0,0,3236474393,4,1,5120.0,64,12,5196.0,0.02642822265625,0.0044990163296461105,23.468822479248047,0.952734112739563,0.21093636751174927,0.009109593753237277
oracle_gate,0824.png,484316545f6b08655d30faa1bc5f29eb6821d049b62bb528319b504790c188e2,10.0,0,3236474393,5,2,6144.0,96,12,6252.0,0.03179931640625,0.004475318361073732,23.491762161254883,0.953071117401123,0.2102186679840088,0.009109593753237277
oracle_gate,0824.png,484316545f6b08655d30faa1bc5f29eb6821d049b62bb528319b504790c188e2,10.0,0,3236474393,6,2,6144.0,96,12,6252.0,0.03179931640625,0.004458569921553135,23.50804328918457,0.9531852006912231,0.2113199234008789,0.009109593753237277
oracle_gate,0824.png,484316545f6b08655d30faa1bc5f29eb6821d049b62bb528319b504790c188e2,10.0,0,3236474393,7,3,7168.0,128,12,7308.0,0.03717041015625,0.004445717670023441,23.52058219909668,0.953453540802002,0.21073530614376068,0.009109593753237277
oracle_gate,0824.png,484316545f6b08655d30faa1bc5f29eb6821d049b62bb528319b504790c188e2,10.0,0,3236474393,8,1,5120.0,64,12,5196.0,0.02642822265625,0.004493369720876217,23.47427749633789,0.9526903033256531,0.20975437760353088,0.009204959002090618
oracle_gate,0824.png,484316545f6b08655d30faa1bc5f29eb6821d049b62bb528319b504790c188e2,10.0,0,3236474393,9,2,6144.0,96,12,6252.0,0.03179931640625,0.004466933198273182,23.499906539916992,0.9530012607574463,0.20940729975700378,0.009204959002090618
oracle_gate,0824.png,484316545f6b08655d30faa1bc5f29eb6821d049b62bb528319b504790c188e2,10.0,0,3236474393,10,2,6144.0,96,12,6252.0,0.03179931640625,0.004455038346350193,23.511486053466797,0.9531100988388062,0.20989270508289337,0.009204959002090618
oracle_gate,0824.png,484316545f6b08655d30faa1bc5f29eb6821d049b62bb528319b504790c188e2,10.0,0,3236474393,11,3,7168.0,128,12,7308.0,0.03717041015625,0.004439149051904678,23.527002334594727,0.9533625841140747,0.20965592563152313,0.009204959002090618
oracle_gate,0824.png,484316545f6b08655d30faa1bc5f29eb6821d049b62bb528319b504790c188e2,10.0,0,3236474393,12,2,6144.0,96,12,6252.0,0.03179931640625,0.004480241797864437,23.48698616027832,0.9531113505363464,0.2099325954914093,0.00940819300012663
oracle_gate,0824.png,484316545f6b08655d30faa1bc5f29eb6821d049b62bb528319b504790c188e2,10.0,0,3236474393,13,3,7168.0,128,12,7308.0,0.03717041015625,0.004456555470824242,23.510007858276367,0.9534697532653809,0.20918163657188416,0.00940819300012663
oracle_gate,0824.png,484316545f6b08655d30faa1bc5f29eb6821d049b62bb528319b504790c188e2,10.0,0,3236474393,14,3,7168.0,128,12,7308.0,0.03717041015625,0.004442069213837385,23.52414894104004,0.9535595774650574,0.21003080904483795,0.00940819300012663
oracle_gate,0824.png,484316545f6b08655d30faa1bc5f29eb6821d049b62bb528319b504790c188e2,10.0,0,3236474393,15,4,8192.0,160,12,8364.0,0.04254150390625,0.004428794141858816,23.537147521972656,0.9538504481315613,0.2094353586435318,0.00940819300012663
oracle_gate,0824.png,484316545f6b08655d30faa1bc5f29eb6821d049b62bb528319b504790c188e2,10.0,1,4231453942,0,0,4096.0,32,10,4138.0,0.021046956380208332,0.004407605156302452,23.557971954345703,0.9540995359420776,0.21124374866485596,0.00896809650294017
oracle_gate,0824.png,484316545f6b08655d30faa1bc5f29eb6821d049b62bb528319b504790c188e2,10.0,1,4231453942,1,1,5120.0,64,12,5196.0,0.02642822265625,0.004476148169487715,23.490955352783203,0.9535500407218933,0.21131165325641632,0.00896809650294017
oracle_gate,0824.png,484316545f6b08655d30faa1bc5f29eb6821d049b62bb528319b504790c188e2,10.0,1,4231453942,2,1,5120.0,64,12,5196.0,0.02642822265625,0.00447889044880867,23.488296508789062,0.9535364508628845,0.2114589959383011,0.00896809650294017
oracle_gate,0824.png,484316545f6b08655d30faa1bc5f29eb6821d049b62bb528319b504790c188e2,10.0,1,4231453942,3,2,6144.0,96,12,6252.0,0.03179931640625,0.004458448383957148,23.508163452148438,0.9537379145622253,0.21091291308403015,0.00896809650294017
oracle_gate,0824.png,484316545f6b08655d30faa1bc5f29eb6821d049b62bb528319b504790c188e2,10.0,1,4231453942,4,1,5120.0,64,12,5196.0,0.02642822265625,0.004498899914324284,23.468936920166016,0.9529151320457458,0.21200482547283173,0.008955512996180914
oracle_gate,0824.png,484316545f6b08655d30faa1bc5f29eb6821d049b62bb528319b504790c188e2,10.0,1,4231453942,5,2,6144.0,96,12,6252.0,0.03179931640625,0.004474874120205641,23.492191314697266,0.9531553983688354,0.21146060526371002,0.008955512996180914
oracle_gate,0824.png,484316545f6b08655d30faa1bc5f29eb6821d049b62bb528319b504790c188e2,10.0,1,4231453942,6,2,6144.0,96,12,6252.0,0.03179931640625,0.004472901578992605,23.494108200073242,0.9531600475311279,0.21163444221019745,0.008955512996180914
oracle_gate,0824.png,484316545f6b08655d30faa1bc5f29eb6821d049b62bb528319b504790c188e2,10.0,1,4231453942,7,3,7168.0,128,12,7308.0,0.03717041015625,0.0044586495496332645,23.507966995239258,0.9533288478851318,0.21107351779937744,0.008955512996180914
oracle_gate,0824.png,484316545f6b08655d30faa1bc5f29eb6821d049b62bb528319b504790c188e2,10.0,1,4231453942,8,1,5120.0,64,12,5196.0,0.02642822265625,0.004490359220653772,23.477190017700195,0.9533969759941101,0.21206098794937134,0.009401244242326356
oracle_gate,0824.png,484316545f6b08655d30faa1bc5f29eb6821d049b62bb528319b504790c188e2,10.0,1,4231453942,9,2,6144.0,96,12,6252.0,0.03179931640625,0.004460567142814398,23.506099700927734,0.9536670446395874,0.21151259541511536,0.009401244242326356
oracle_gate,0824.png,484316545f6b08655d30faa1bc5f29eb6821d049b62bb528319b504790c188e2,10.0,1,4231453942,10,2,6144.0,96,12,6252.0,0.03179931640625,0.004464167170226574,23.502595901489258,0.9536155462265015,0.21187010407447815,0.009401244242326356
oracle_gate,0824.png,484316545f6b08655d30faa1bc5f29eb6821d049b62bb528319b504790c188e2,10.0,1,4231453942,11,3,7168.0,128,12,7308.0,0.03717041015625,0.0044439490884542465,23.522310256958008,0.953824520111084,0.21133415400981903,0.009401244242326356
oracle_gate,0824.png,484316545f6b08655d30faa1bc5f29eb6821d049b62bb528319b504790c188e2,10.0,1,4231453942,12,2,6144.0,96,12,6252.0,0.03179931640625,0.004484526813030243,23.482833862304688,0.9531800746917725,0.21195699274539948,0.009154224244412035
oracle_gate,0824.png,484316545f6b08655d30faa1bc5f29eb6821d049b62bb528319b504790c188e2,10.0,1,4231453942,13,3,7168.0,128,12,7308.0,0.03717041015625,0.0044605787843465805,23.506088256835938,0.9534143805503845,0.21143074333667755,0.009154224244412035
oracle_gate,0824.png,484316545f6b08655d30faa1bc5f29eb6821d049b62bb528319b504790c188e2,10.0,1,4231453942,14,3,7168.0,128,12,7308.0,0.03717041015625,0.004458859097212553,23.507762908935547,0.953396201133728,0.21183282136917114,0.009154224244412035
oracle_gate,0824.png,484316545f6b08655d30faa1bc5f29eb6821d049b62bb528319b504790c188e2,10.0,1,4231453942,15,4,8192.0,160,12,8364.0,0.04254150390625,0.0044439565390348434,23.522302627563477,0.9535703063011169,0.2113054394721985,0.009154224244412035
oracle_gate,0824.png,484316545f6b08655d30faa1bc5f29eb6821d049b62bb528319b504790c188e2,10.0,2,783953595,0,0,4096.0,32,10,4138.0,0.021046956380208332,0.0045152828097343445,23.45315170288086,0.9518992304801941,0.21467018127441406,0.009545471999444999
oracle_gate,0824.png,484316545f6b08655d30faa1bc5f29eb6821d049b62bb528319b504790c188e2,10.0,2,783953595,1,1,5120.0,64,12,5196.0,0.02642822265625,0.0046097347512841225,23.363239288330078,0.9505575895309448,0.21553437411785126,0.009545471999444999
oracle_gate,0824.png,484316545f6b08655d30faa1bc5f29eb6821d049b62bb528319b504790c188e2,10.0,2,783953595,2,1,5120.0,64,12,5196.0,0.02642822265625,0.004607511684298515,23.36533546447754,0.9507460594177246,0.21532133221626282,0.009545471999444999
oracle_gate,0824.png,484316545f6b08655d30faa1bc5f29eb6821d049b62bb528319b504790c188e2,10.0,2,783953595,3,2,6144.0,96,12,6252.0,0.03179931640625,0.004584686364978552,23.386905670166016,0.9510229825973511,0.2148175686597824,0.009545471999444999
oracle_gate,0824.png,484316545f6b08655d30faa1bc5f29eb6821d049b62bb528319b504790c188e2,10.0,2,783953595,4,1,5120.0,64,12,5196.0,0.02642822265625,0.004619404673576355,23.354141235351562,0.9500011801719666,0.21517840027809143,0.00996125275560189
oracle_gate,0824.png,484316545f6b08655d30faa1bc5f29eb6821d049b62bb528319b504790c188e2,10.0,2,783953595,5,2,6144.0,96,12,6252.0,0.03179931640625,0.004588375799357891,23.38340950012207,0.9503185749053955,0.21442654728889465,0.00996125275560189
oracle_gate,0824.png,484316545f6b08655d30faa1bc5f29eb6821d049b62bb528319b504790c188e2,10.0,2,783953595,6,2,6144.0,96,12,6252.0,0.03179931640625,0.004587286151945591,23.384441375732422,0.9505441188812256,0.21431344747543335,0.00996125275560189
oracle_gate,0824.png,484316545f6b08655d30faa1bc5f29eb6821d049b62bb528319b504790c188e2,10.0,2,783953595,7,3,7168.0,128,12,7308.0,0.03717041015625,0.004564541857689619,23.406028747558594,0.9507639408111572,0.21377673745155334,0.00996125275560189
oracle_gate,0824.png,484316545f6b08655d30faa1bc5f29eb6821d049b62bb528319b504790c188e2,10.0,2,783953595,8,1,5120.0,64,12,5196.0,0.02642822265625,0.004627644550055265,23.34640121459961,0.950230062007904,0.21629151701927185,0.008901194247300737
oracle_gate,0824.png,484316545f6b08655d30faa1bc5f29eb6821d049b62bb528319b504790c188e2,10.0,2,783953595,9,2,6144.0,96,12,6252.0,0.03179931640625,0.0045967064797878265,23.375532150268555,0.9505804777145386,0.21562063694000244,0.008901194247300737
oracle_gate,0824.png,484316545f6b08655d30faa1bc5f29eb6821d049b62bb528319b504790c188e2,10.0,2,783953595,10,2,6144.0,96,12,6252.0,0.03179931640625,0.004601559601724148,23.37095069885254,0.9506837725639343,0.21542632579803467,0.008901194247300737
oracle_gate,0824.png,484316545f6b08655d30faa1bc5f29eb6821d049b62bb528319b504790c188e2,10.0,2,783953595,11,3,7168.0,128,12,7308.0,0.03717041015625,0.004578748252242804,23.392532348632812,0.9509531855583191,0.21493342518806458,0.008901194247300737
oracle_gate,0824.png,484316545f6b08655d30faa1bc5f29eb6821d049b62bb528319b504790c188e2,10.0,2,783953595,12,2,6144.0,96,12,6252.0,0.03179931640625,0.004601689986884594,23.370826721191406,0.9504060745239258,0.21502485871315002,0.009130326245212927
oracle_gate,0824.png,484316545f6b08655d30faa1bc5f29eb6821d049b62bb528319b504790c188e2,10.0,2,783953595,13,3,7168.0,128,12,7308.0,0.03717041015625,0.004570629447698593,23.400239944458008,0.9507200121879578,0.21428439021110535,0.009130326245212927
oracle_gate,0824.png,484316545f6b08655d30faa1bc5f29eb6821d049b62bb528319b504790c188e2,10.0,2,783953595,14,3,7168.0,128,12,7308.0,0.03717041015625,0.004576041363179684,23.39510154724121,0.9508551359176636,0.21414868533611298,0.009130326245212927
oracle_gate,0824.png,484316545f6b08655d30faa1bc5f29eb6821d049b62bb528319b504790c188e2,10.0,2,783953595,15,4,8192.0,160,12,8364.0,0.04254150390625,0.0045526884496212006,23.417320251464844,0.9510844945907593,0.21362364292144775,0.009130326245212927
oracle_gate,0824.png,484316545f6b08655d30faa1bc5f29eb6821d049b62bb528319b504790c188e2,10.0,3,1616667141,0,0,4096.0,32,10,4138.0,0.021046956380208332,0.004442270845174789,23.523950576782227,0.9523612260818481,0.21201355755329132,0.009264899243135005
oracle_gate,0824.png,484316545f6b08655d30faa1bc5f29eb6821d049b62bb528319b504790c188e2,10.0,3,1616667141,1,1,5120.0,64,12,5196.0,0.02642822265625,0.0044752792455255985,23.491798400878906,0.9520450830459595,0.21114946901798248,0.009264899243135005
oracle_gate,0824.png,484316545f6b08655d30faa1bc5f29eb6821d049b62bb528319b504790c188e2,10.0,3,1616667141,2,1,5120.0,64,12,5196.0,0.02642822265625,0.004478438291698694,23.48873519897461,0.9519621729850769,0.2140868455171585,0.009264899243135005
oracle_gate,0824.png,484316545f6b08655d30faa1bc5f29eb6821d049b62bb528319b504790c188e2,10.0,3,1616667141,3,2,6144.0,96,12,6252.0,0.03179931640625,0.004456860013306141,23.50971221923828,0.9522029757499695,0.2125115692615509,0.009264899243135005
oracle_gate,0824.png,484316545f6b08655d30faa1bc5f29eb6821d049b62bb528319b504790c188e2,10.0,3,1616667141,4,1,5120.0,64,12,5196.0,0.02642822265625,0.00450019771233201,23.46768569946289,0.9515809416770935,0.21165324747562408,0.009376883259392343
oracle_gate,0824.png,484316545f6b08655d30faa1bc5f29eb6821d049b62bb528319b504790c188e2,10.0,3,1616667141,5,2,6144.0,96,12,6252.0,0.03179931640625,0.004471928346902132,23.495052337646484,0.9519785642623901,0.21015790104866028,0.009376883259392343
oracle_gate,0824.png,484316545f6b08655d30faa1bc5f29eb6821d049b62bb528319b504790c188e2,10.0,3,1616667141,6,2,6144.0,96,12,6252.0,0.03179931640625,0.004474243149161339,23.49280548095703,0.9518228769302368,0.21315570175647736,0.009376883259392343
oracle_gate,0824.png,484316545f6b08655d30faa1bc5f29eb6821d049b62bb528319b504790c188e2,10.0,3,1616667141,7,3,7168.0,128,12,7308.0,0.03717041015625,0.004453649744391441,23.512840270996094,0.9521262049674988,0.21147722005844116,0.009376883259392343
oracle_gate,0824.png,484316545f6b08655d30faa1bc5f29eb6821d049b62bb528319b504790c188e2,10.0,3,1616667141,8,1,5120.0,64,12,5196.0,0.02642822265625,0.004489691462367773,23.47783660888672,0.952061653137207,0.21287193894386292,0.009750952507602051
oracle_gate,0824.png,484316545f6b08655d30faa1bc5f29eb6821d049b62bb528319b504790c188e2,10.0,3,1616667141,9,2,6144.0,96,12,6252.0,0.03179931640625,0.004459930118173361,23.5067195892334,0.9523998498916626,0.21140334010124207,0.009750952507602051
oracle_gate,0824.png,484316545f6b08655d30faa1bc5f29eb6821d049b62bb528319b504790c188e2,10.0,3,1616667141,10,2,6144.0,96,12,6252.0,0.03179931640625,0.004461371339857578,23.50531768798828,0.952305793762207,0.21369227766990662,0.009750952507602051
oracle_gate,0824.png,484316545f6b08655d30faa1bc5f29eb6821d049b62bb528319b504790c188e2,10.0,3,1616667141,11,3,7168.0,128,12,7308.0,0.03717041015625,0.004439936485141516,23.52623176574707,0.952528178691864,0.21208974719047546,0.009750952507602051
oracle_gate,0824.png,484316545f6b08655d30faa1bc5f29eb6821d049b62bb528319b504790c188e2,10.0,3,1616667141,12,2,6144.0,96,12,6252.0,0.03179931640625,0.004487263970077038,23.48018455505371,0.9519524574279785,0.21184253692626953,0.009214035497279838
oracle_gate,0824.png,484316545f6b08655d30faa1bc5f29eb6821d049b62bb528319b504790c188e2,10.0,3,1616667141,13,3,7168.0,128,12,7308.0,0.03717041015625,0.004458786454051733,23.50783348083496,0.9523572325706482,0.21031667292118073,0.009214035497279838
oracle_gate,0824.png,484316545f6b08655d30faa1bc5f29eb6821d049b62bb528319b504790c188e2,10.0,3,1616667141,14,3,7168.0,128,12,7308.0,0.03717041015625,0.004459341522306204,23.507291793823242,0.9521903991699219,0.21268825232982635,0.009214035497279838
oracle_gate,0824.png,484316545f6b08655d30faa1bc5f29eb6821d049b62bb528319b504790c188e2,10.0,3,1616667141,15,4,8192.0,160,12,8364.0,0.04254150390625,0.004438985604792833,23.527162551879883,0.9524857997894287,0.21103115379810333,0.009214035497279838
oracle_gate,0825.png,0db87d6f7d6cf3a12fc384d8232c337fe0f509f2518845166c1033e22169115d,10.0,0,3119499181,0,0,4096.0,32,10,4138.0,0.021046956380208332,0.0031789219938218594,24.977203369140625,0.9602981805801392,0.14676260948181152,0.00933611675282009
oracle_gate,0825.png,0db87d6f7d6cf3a12fc384d8232c337fe0f509f2518845166c1033e22169115d,10.0,0,3119499181,1,1,5120.0,64,12,5196.0,0.02642822265625,0.0032673883251845837,24.857994079589844,0.9587386846542358,0.1462257355451584,0.00933611675282009
oracle_gate,0825.png,0db87d6f7d6cf3a12fc384d8232c337fe0f509f2518845166c1033e22169115d,10.0,0,3119499181,2,1,5120.0,64,12,5196.0,0.02642822265625,0.0032544746063649654,24.875192642211914,0.9589930772781372,0.1457933485507965,0.00933611675282009
oracle_gate,0825.png,0db87d6f7d6cf3a12fc384d8232c337fe0f509f2518845166c1033e22169115d,10.0,0,3119499181,3,2,6144.0,96,12,6252.0,0.03179931640625,0.0032524610869586468,24.877880096435547,0.9590030908584595,0.14573195576667786,0.00933611675282009
oracle_gate,0825.png,0db87d6f7d6cf3a12fc384d8232c337fe0f509f2518845166c1033e22169115d,10.0,0,3119499181,4,1,5120.0,64,12,5196.0,0.02642822265625,0.0032603321596980095,24.867382049560547,0.9589980840682983,0.1470429003238678,0.008950812756665982
oracle_gate,0825.png,0db87d6f7d6cf3a12fc384d8232c337fe0f509f2518845166c1033e22169115d,10.0,0,3119499181,5,2,6144.0,96,12,6252.0,0.03179931640625,0.003259209915995598,24.868879318237305,0.9589756727218628,0.14695356786251068,0.008950812756665982
oracle_gate,0825.png,0db87d6f7d6cf3a12fc384d8232c337fe0f509f2518845166c1033e22169115d,10.0,0,3119499181,6,2,6144.0,96,12,6252.0,0.03179931640625,0.0032405005767941475,24.893878936767578,0.9593173861503601,0.14635524153709412,0.008950812756665982
oracle_gate,0825.png,0db87d6f7d6cf3a12fc384d8232c337fe0f509f2518845166c1033e22169115d,10.0,0,3119499181,7,3,7168.0,128,12,7308.0,0.03717041015625,0.00324438139796257,24.888683319091797,0.9592180252075195,0.14650771021842957,0.008950812756665982
oracle_gate,0825.png,0db87d6f7d6cf3a12fc384d8232c337fe0f509f2518845166c1033e22169115d,10.0,0,3119499181,8,1,5120.0,64,12,5196.0,0.02642822265625,0.003248978406190872,24.882530212402344,0.9591378569602966,0.14549632370471954,0.009311819012509659
oracle_gate,0825.png,0db87d6f7d6cf3a12fc384d8232c337fe0f509f2518845166c1033e22169115d,10.0,0,3119499181,9,2,6144.0,96,12,6252.0,0.03179931640625,0.0032417536713182926,24.892200469970703,0.9591895341873169,0.14521929621696472,0.009311819012509659
oracle_gate,0825.png,0db87d6f7d6cf3a12fc384d8232c337fe0f509f2518845166c1033e22169115d,10.0,0,3119499181,10,2,6144.0,96,12,6252.0,0.03179931640625,0.003227283013984561,24.911630630493164,0.9594368934631348,0.14477691054344177,0.009311819012509659
oracle_gate,0825.png,0db87d6f7d6cf3a12fc384d8232c337fe0f509f2518845166c1033e22169115d,10.0,0,3119499181,11,3,7168.0,128,12,7308.0,0.03717041015625,0.0032252927776426077,24.914310455322266,0.9594430923461914,0.14478281140327454,0.009311819012509659
oracle_gate,0825.png,0db87d6f7d6cf3a12fc384d8232c337fe0f509f2518845166c1033e22169115d,10.0,0,3119499181,12,2,6144.0,96,12,6252.0,0.03179931640625,0.0032424493692815304,24.89126968383789,0.9593736529350281,0.14581608772277832,0.008903193491278216
oracle_gate,0825.png,0db87d6f7d6cf3a12fc384d8232c337fe0f509f2518845166c1033e22169115d,10.0,0,3119499181,13,3,7168.0,128,12,7308.0,0.03717041015625,0.003241442609578371,24.892616271972656,0.9593405723571777,0.14575588703155518,0.008903193491278216
oracle_gate,0825.png,0db87d6f7d6cf3a12fc384d8232c337fe0f509f2518845166c1033e22169115d,10.0,0,3119499181,14,3,7168.0,128,12,7308.0,0.03717041015625,0.0032217781990766525,24.919044494628906,0.9596868753433228,0.14521907269954681,0.008903193491278216
oracle_gate,0825.png,0db87d6f7d6cf3a12fc384d8232c337fe0f509f2518845166c1033e22169115d,10.0,0,3119499181,15,4,8192.0,160,12,8364.0,0.04254150390625,0.0032250508666038513,24.914634704589844,0.9595856070518494,0.14539654552936554,0.008903193491278216
oracle_gate,0825.png,0db87d6f7d6cf3a12fc384d8232c337fe0f509f2518845166c1033e22169115d,10.0,1,753194981,0,0,4096.0,32,10,4138.0,0.021046956380208332,0.002902993466705084,25.371540069580078,0.965756356716156,0.15323053300380707,0.010237192997010425
oracle_gate,0825.png,0db87d6f7d6cf3a12fc384d8232c337fe0f509f2518845166c1033e22169115d,10.0,1,753194981,1,1,5120.0,64,12,5196.0,0.02642822265625,0.0029991776682436466,25.229978561401367,0.9640293121337891,0.1510583460330963,0.010237192997010425
oracle_gate,0825.png,0db87d6f7d6cf3a12fc384d8232c337fe0f509f2518845166c1033e22169115d,10.0,1,753194981,2,1,5120.0,64,12,5196.0,0.02642822265625,0.0029992382042109966,25.229890823364258,0.9641618728637695,0.15133175253868103,0.010237192997010425
oracle_gate,0825.png,0db87d6f7d6cf3a12fc384d8232c337fe0f509f2518845166c1033e22169115d,10.0,1,753194981,3,2,6144.0,96,12,6252.0,0.03179931640625,0.0029701273888349533,25.27225112915039,0.9645349979400635,0.15216347575187683,0.010237192997010425
oracle_gate,0825.png,0db87d6f7d6cf3a12fc384d8232c337fe0f509f2518845166c1033e22169115d,10.0,1,753194981,4,1,5120.0,64,12,5196.0,0.02642822265625,0.003007236635312438,25.218324661254883,0.964301586151123,0.15096893906593323,0.008982141254818998
oracle_gate,0825.png,0db87d6f7d6cf3a12fc384d8232c337fe0f509f2518845166c1033e22169115d,10.0,1,753194981,5,2,6144.0,96,12,6252.0,0.03179931640625,0.002986874198541045,25.247831344604492,0.9644743800163269,0.15142017602920532,0.008982141254818998
oracle_gate,0825.png,0db87d6f7d6cf3a12fc384d8232c337fe0f509f2518845166c1033e22169115d,10.0,1,753194981,6,2,6144.0,96,12,6252.0,0.03179931640625,0.002978254808112979,25.2603816986084,0.9647897481918335,0.15192990005016327,0.008982141254818998
oracle_gate,0825.png,0db87d6f7d6cf3a12fc384d8232c337fe0f509f2518845166c1033e22169115d,10.0,1,753194981,7,3,7168.0,128,12,7308.0,0.03717041015625,0.0029583140276372433,25.28955841064453,0.9649831652641296,0.1525300145149231,0.008982141254818998
oracle_gate,0825.png,0db87d6f7d6cf3a12fc384d8232c337fe0f509f2518845166c1033e22169115d,10.0,1,753194981,8,1,5120.0,64,12,5196.0,0.02642822265625,0.003000835422426462,25.227581024169922,0.964167058467865,0.14966228604316711,0.009723085502628237
oracle_gate,0825.png,0db87d6f7d6cf3a12fc384d8232c337fe0f509f2518845166c1033e22169115d,10.0,1,753194981,9,2,6144.0,96,12,6252.0,0.03179931640625,0.0029695171397179365,25.273141860961914,0.9645696878433228,0.15019986033439636,0.009723085502628237
oracle_gate,0825.png,0db87d6f7d6cf3a12fc384d8232c337fe0f509f2518845166c1033e22169115d,10.0,1,753194981,10,2,6144.0,96,12,6252.0,0.03179931640625,0.0029715942218899727,25.27010726928711,0.9645891189575195,0.1505366861820221,0.009723085502628237
oracle_gate,0825.png,0db87d6f7d6cf3a12fc384d8232c337fe0f509f2518845166c1033e22169115d,10.0,1,753194981,11,3,7168.0,128,12,7308.0,0.03717041015625,0.0029423001687973738,25.31313133239746,0.9649572372436523,0.15135487914085388,0.009723085502628237
oracle_gate,0825.png,0db87d6f7d6cf3a12fc384d8232c337fe0f509f2518845166c1033e22169115d,10.0,1,753194981,12,2,6144.0,96,12,6252.0,0.03179931640625,0.0029833270236849785,25.252992630004883,0.9647235870361328,0.1500847488641739,0.00903174425184261
oracle_gate,0825.png,0db87d6f7d6cf3a12fc384d8232c337fe0f509f2518845166c1033e22169115d,10.0,1,753194981,13,3,7168.0,128,12,7308.0,0.03717041015625,0.0029630325734615326,25.282634735107422,0.9649066925048828,0.15044523775577545,0.00903174425184261
oracle_gate,0825.png,0db87d6f7d6cf3a12fc384d8232c337fe0f509f2518845166c1033e22169115d,10.0,1,753194981,14,3,7168.0,128,12,7308.0,0.03717041015625,0.0029557819943875074,25.293277740478516,0.9651052355766296,0.15102818608283997,0.00903174425184261
oracle_gate,0825.png,0db87d6f7d6cf3a12fc384d8232c337fe0f509f2518845166c1033e22169115d,10.0,1,753194981,15,4,8192.0,160,12,8364.0,0.04254150390625,0.0029354558791965246,25.323246002197266,0.965293824672699,0.15166015923023224,0.00903174425184261
oracle_gate,0825.png,0db87d6f7d6cf3a12fc384d8232c337fe0f509f2518845166c1033e22169115d,10.0,2,1906032757,0,0,4096.0,32,10,4138.0,0.021046956380208332,0.0028070337139070034,25.51752471923828,0.9664832949638367,0.14138926565647125,0.0093844117509434
oracle_gate,0825.png,0db87d6f7d6cf3a12fc384d8232c337fe0f509f2518845166c1033e22169115d,10.0,2,1906032757,1,1,5120.0,64,12,5196.0,0.02642822265625,0.002848018892109394,25.454570770263672,0.9649869799613953,0.14136232435703278,0.0093844117509434
oracle_gate,0825.png,0db87d6f7d6cf3a12fc384d8232c337fe0f509f2518845166c1033e22169115d,10.0,2,1906032757,2,1,5120.0,64,12,5196.0,0.02642822265625,0.0028594224713742733,25.437219619750977,0.9650391936302185,0.1405598521232605,0.0093844117509434
oracle_gate,0825.png,0db87d6f7d6cf3a12fc384d8232c337fe0f509f2518845166c1033e22169115d,10.0,2,1906032757,3,2,6144.0,96,12,6252.0,0.03179931640625,0.0028350274078547955,25.47442626953125,0.9656047821044922,0.14060235023498535,0.0093844117509434
oracle_gate,0825.png,0db87d6f7d6cf3a12fc384d8232c337fe0f509f2518845166c1033e22169115d,10.0,2,1906032757,4,1,5120.0,64,12,5196.0,0.02642822265625,0.0028460975736379623,25.457500457763672,0.9654587507247925,0.14008842408657074,0.009572234499501064
oracle_gate,0825.png,0db87d6f7d6cf3a12fc384d8232c337fe0f509f2518845166c1033e22169115d,10.0,2,1906032757,5,2,6144.0,96,12,6252.0,0.03179931640625,0.0028292553033679724,25.483280181884766,0.9657508134841919,0.14013122022151947,0.009572234499501064
oracle_gate,0825.png,0db87d6f7d6cf3a12fc384d8232c337fe0f509f2518845166c1033e22169115d,10.0,2,1906032757,6,2,6144.0,96,12,6252.0,0.03179931640625,0.0028367626946419477,25.471771240234375,0.9659091234207153,0.1391628086566925,0.009572234499501064
oracle_gate,0825.png,0db87d6f7d6cf3a12fc384d8232c337fe0f509f2518845166c1033e22169115d,10.0,2,1906032757,7,3,7168.0,128,12,7308.0,0.03717041015625,0.0028195399791002274,25.498218536376953,0.9662810564041138,0.13940268754959106,0.009572234499501064
oracle_gate,0825.png,0db87d6f7d6cf3a12fc384d8232c337fe0f509f2518845166c1033e22169115d,10.0,2,1906032757,8,1,5120.0,64,12,5196.0,0.02642822265625,0.0028372572269290686,25.471012115478516,0.9659498929977417,0.14000174403190613,0.009396230496349744
oracle_gate,0825.png,0db87d6f7d6cf3a12fc384d8232c337fe0f509f2518845166c1033e22169115d,10.0,2,1906032757,9,2,6144.0,96,12,6252.0,0.03179931640625,0.002815005835145712,25.505207061767578,0.966368556022644,0.13985589146614075,0.009396230496349744
oracle_gate,0825.png,0db87d6f7d6cf3a12fc384d8232c337fe0f509f2518845166c1033e22169115d,10.0,2,1906032757,10,2,6144.0,96,12,6252.0,0.03179931640625,0.002824972150847316,25.48986053466797,0.9661983251571655,0.1396871954202652,0.009396230496349744
oracle_gate,0825.png,0db87d6f7d6cf3a12fc384d8232c337fe0f509f2518845166c1033e22169115d,10.0,2,1906032757,11,3,7168.0,128,12,7308.0,0.03717041015625,0.0028023230843245983,25.524818420410156,0.966680645942688,0.13977183401584625,0.009396230496349744
oracle_gate,0825.png,0db87d6f7d6cf3a12fc384d8232c337fe0f509f2518845166c1033e22169115d,10.0,2,1906032757,12,2,6144.0,96,12,6252.0,0.03179931640625,0.0028404644690454006,25.466106414794922,0.9657562971115112,0.13926492631435394,0.00936463700782042
oracle_gate,0825.png,0db87d6f7d6cf3a12fc384d8232c337fe0f509f2518845166c1033e22169115d,10.0,2,1906032757,13,3,7168.0,128,12,7308.0,0.03717041015625,0.0028237570077180862,25.491729736328125,0.9660289287567139,0.1392715722322464,0.00936463700782042
oracle_gate,0825.png,0db87d6f7d6cf3a12fc384d8232c337fe0f509f2518845166c1033e22169115d,10.0,2,1906032757,14,3,7168.0,128,12,7308.0,0.03717041015625,0.002827598713338375,25.485822677612305,0.9660181999206543,0.1390024870634079,0.00936463700782042
oracle_gate,0825.png,0db87d6f7d6cf3a12fc384d8232c337fe0f509f2518845166c1033e22169115d,10.0,2,1906032757,15,4,8192.0,160,12,8364.0,0.04254150390625,0.0028101219795644283,25.51275062561035,0.9663904905319214,0.13922131061553955,0.00936463700782042
oracle_gate,0825.png,0db87d6f7d6cf3a12fc384d8232c337fe0f509f2518845166c1033e22169115d,10.0,3,323466576,0,0,4096.0,32,10,4138.0,0.021046956380208332,0.002874232828617096,25.41478157043457,0.9666975736618042,0.14443142712116241,0.009627368752262555
oracle_gate,0825.png,0db87d6f7d6cf3a12fc384d8232c337fe0f509f2518845166c1033e22169115d,10.0,3,323466576,1,1,5120.0,64,12,5196.0,0.02642822265625,0.0029749867971986532,25.26515007019043,0.9651951193809509,0.1420549750328064,0.009627368752262555
oracle_gate,0825.png,0db87d6f7d6cf3a12fc384d8232c337fe0f509f2518845166c1033e22169115d,10.0,3,323466576,2,1,5120.0,64,12,5196.0,0.02642822265625,0.002965187653899193,25.27947998046875,0.9655903577804565,0.14070084691047668,0.009627368752262555
oracle_gate,0825.png,0db87d6f7d6cf3a12fc384d8232c337fe0f509f2518845166c1033e22169115d,10.0,3,323466576,3,2,6144.0,96,12,6252.0,0.03179931640625,0.0029468375723809004,25.30643653869629,0.965589702129364,0.1420575976371765,0.009627368752262555
oracle_gate,0825.png,0db87d6f7d6cf3a12fc384d8232c337fe0f509f2518845166c1033e22169115d,10.0,3,323466576,4,1,5120.0,64,12,5196.0,0.02642822265625,0.002993256552144885,25.238561630249023,0.965244710445404,0.1417340487241745,0.008992334755021147
oracle_gate,0825.png,0db87d6f7d6cf3a12fc384d8232c337fe0f509f2518845166c1033e22169115d,10.0,3,323466576,5,2,6144.0,96,12,6252.0,0.03179931640625,0.0029814429581165314,25.255735397338867,0.9651349782943726,0.1426868438720703,0.008992334755021147
oracle_gate,0825.png,0db87d6f7d6cf3a12fc384d8232c337fe0f509f2518845166c1033e22169115d,10.0,3,323466576,6,2,6144.0,96,12,6252.0,0.03179931640625,0.002961433259770274,25.28498077392578,0.9656893014907837,0.14156010746955872,0.008992334755021147
oracle_gate,0825.png,0db87d6f7d6cf3a12fc384d8232c337fe0f509f2518845166c1033e22169115d,10.0,3,323466576,7,3,7168.0,128,12,7308.0,0.03717041015625,0.0029515475034713745,25.299503326416016,0.9655510187149048,0.1426897644996643,0.008992334755021147
oracle_gate,0825.png,0db87d6f7d6cf3a12fc384d8232c337fe0f509f2518845166c1033e22169115d,10.0,3,323466576,8,1,5120.0,64,12,5196.0,0.02642822265625,0.0029602679423987865,25.286691665649414,0.9656428694725037,0.14020366966724396,0.00942615325038787
oracle_gate,0825.png,0db87d6f7d6cf3a12fc384d8232c337fe0f509f2518845166c1033e22169115d,10.0,3,323466576,9,2,6144.0,96,12,6252.0,0.03179931640625,0.002939104801043868,25.31785011291504,0.9656850695610046,0.1414167881011963,0.00942615325038787
oracle_gate,0825.png,0db87d6f7d6cf3a12fc384d8232c337fe0f509f2518845166c1033e22169115d,10.0,3,323466576,10,2,6144.0,96,12,6252.0,0.03179931640625,0.0029313252307474613,25.329360961914062,0.9659743309020996,0.14034266769886017,0.00942615325038787
oracle_gate,0825.png,0db87d6f7d6cf3a12fc384d8232c337fe0f509f2518845166c1033e22169115d,10.0,3,323466576,11,3,7168.0,128,12,7308.0,0.03717041015625,0.0029120570980012417,25.358001708984375,0.9659771919250488,0.14170539379119873,0.00942615325038787
oracle_gate,0825.png,0db87d6f7d6cf3a12fc384d8232c337fe0f509f2518845166c1033e22169115d,10.0,3,323466576,12,2,6144.0,96,12,6252.0,0.03179931640625,0.0029616323299705982,25.28468894958496,0.965681791305542,0.14089767634868622,0.009395013490575366
oracle_gate,0825.png,0db87d6f7d6cf3a12fc384d8232c337fe0f509f2518845166c1033e22169115d,10.0,3,323466576,13,3,7168.0,128,12,7308.0,0.03717041015625,0.0029491472523659468,25.303035736083984,0.9655677676200867,0.14185738563537598,0.009395013490575366
oracle_gate,0825.png,0db87d6f7d6cf3a12fc384d8232c337fe0f509f2518845166c1033e22169115d,10.0,3,323466576,14,3,7168.0,128,12,7308.0,0.03717041015625,0.002932489849627018,25.327634811401367,0.9660018682479858,0.14102530479431152,0.009395013490575366
oracle_gate,0825.png,0db87d6f7d6cf3a12fc384d8232c337fe0f509f2518845166c1033e22169115d,10.0,3,323466576,15,4,8192.0,160,12,8364.0,0.04254150390625,0.00292150373570621,25.343935012817383,0.9658675193786621,0.14214511215686798,0.009395013490575366
oracle_gate,0826.png,b0f675a14e8fe9f2ec0b705bee98d75f8a22478eafdc1a0a0afc0f820bc5ab4d,10.0,0,1843869526,0,0,4096.0,32,10,4138.0,0.021046956380208332,0.009741785936057568,20.113616943359375,0.9172631502151489,0.2749113440513611,0.009156357002211735
oracle_gate,0826.png,b0f675a14e8fe9f2ec0b705bee98d75f8a22478eafdc1a0a0afc0f820bc5ab4d,10.0,0,1843869526,1,1,5120.0,64,12,5196.0,0.02642822265625,0.009979715570807457,20.008819580078125,0.9140399694442749,0.27492406964302063,0.009156357002211735
oracle_gate,0826.png,b0f675a14e8fe9f2ec0b705bee98d75f8a22478eafdc1a0a0afc0f820bc5ab4d,10.0,0,1843869526,2,1,5120.0,64,12,5196.0,0.02642822265625,0.010145052336156368,19.937458038330078,0.9119422435760498,0.27882179617881775,0.009156357002211735
oracle_gate,0826.png,b0f675a14e8fe9f2ec0b705bee98d75f8a22478eafdc1a0a0afc0f820bc5ab4d,10.0,0,1843869526,3,2,6144.0,96,12,6252.0,0.03179931640625,0.00985121913254261,20.065099716186523,0.9158458709716797,0.2752152681350708,0.009156357002211735
oracle_gate,0826.png,b0f675a14e8fe9f2ec0b705bee98d75f8a22478eafdc1a0a0afc0f820bc5ab4d,10.0,0,1843869526,4,1,5120.0,64,12,5196.0,0.02642822265625,0.0101409200578928,19.939228057861328,0.912024974822998,0.2761087417602539,0.009125863740337081
oracle_gate,0826.png,b0f675a14e8fe9f2ec0b705bee98d75f8a22478eafdc1a0a0afc0f820bc5ab4d,10.0,0,1843869526,5,2,6144.0,96,12,6252.0,0.03179931640625,0.009896175935864449,20.045326232910156,0.9156011343002319,0.2727470099925995,0.009125863740337081
oracle_gate,0826.png,b0f675a14e8fe9f2ec0b705bee98d75f8a22478eafdc1a0a0afc0f820bc5ab4d,10.0,0,1843869526,6,2,6144.0,96,12,6252.0,0.03179931640625,0.009925786405801773,20.032350540161133,0.9151894450187683,0.2756696343421936,0.009125863740337081
oracle_gate,0826.png,b0f675a14e8fe9f2ec0b705bee98d75f8a22478eafdc1a0a0afc0f820bc5ab4d,10.0,0,1843869526,7,3,7168.0,128,12,7308.0,0.03717041015625,0.009835999459028244,20.071813583374023,0.9165127277374268,0.2732188403606415,0.009125863740337081
oracle_gate,0826.png,b0f675a14e8fe9f2ec0b705bee98d75f8a22478eafdc1a0a0afc0f820bc5ab4d,10.0,0,1843869526,8,1,5120.0,64,12,5196.0,0.02642822265625,0.01025431975722313,19.890932083129883,0.910089910030365,0.2787739336490631,0.009262464751373045
oracle_gate,0826.png,b0f675a14e8fe9f2ec0b705bee98d75f8a22478eafdc1a0a0afc0f820bc5ab4d,10.0,0,1843869526,9,2,6144.0,96,12,6252.0,0.03179931640625,0.009884966537356377,20.050249099731445,0.9150568246841431,0.2748942971229553,0.009262464751373045
oracle_gate,0826.png,b0f675a14e8fe9f2ec0b705bee98d75f8a22478eafdc1a0a0afc0f820bc5ab4d,10.0,0,1843869526,10,2,6144.0,96,12,6252.0,0.03179931640625,0.010109269991517067,19.952804565429688,0.9123591184616089,0.27845051884651184,0.009262464751373045
oracle_gate,0826.png,b0f675a14e8fe9f2ec0b705bee98d75f8a22478eafdc1a0a0afc0f820bc5ab4d,10.0,0,1843869526,11,3,7168.0,128,12,7308.0,0.03717041015625,0.009877931326627731,20.053340911865234,0.9152603149414062,0.27560490369796753,0.009262464751373045
oracle_gate,0826.png,b0f675a14e8fe9f2ec0b705bee98d75f8a22478eafdc1a0a0afc0f820bc5ab4d,10.0,0,1843869526,12,2,6144.0,96,12,6252.0,0.03179931640625,0.010018193162977695,19.992107391357422,0.913510799407959,0.2764900326728821,0.009206526243360713
oracle_gate,0826.png,b0f675a14e8fe9f2ec0b705bee98d75f8a22478eafdc1a0a0afc0f820bc5ab4d,10.0,0,1843869526,13,3,7168.0,128,12,7308.0,0.03717041015625,0.00986441783607006,20.059284210205078,0.9157809615135193,0.2732253968715668,0.009206526243360713
oracle_gate,0826.png,b0f675a14e8fe9f2ec0b705bee98d75f8a22478eafdc1a0a0afc0f820bc5ab4d,10.0,0,1843869526,14,3,7168.0,128,12,7308.0,0.03717041015625,0.009946108795702457,20.023468017578125,0.9146935939788818,0.2763030230998993,0.009206526243360713
oracle_gate,0826.png,b0f675a14e8fe9f2ec0b705bee98d75f8a22478eafdc1a0a0afc0f820bc5ab4d,10.0,0,1843869526,15,4,8192.0,160,12,8364.0,0.04254150390625,0.009875284507870674,20.05450439453125,0.9157748222351074,0.27396726608276367,0.009206526243360713
oracle_gate,0826.png,b0f675a14e8fe9f2ec0b705bee98d75f8a22478eafdc1a0a0afc0f820bc5ab4d,10.0,1,1380461013,0,0,4096.0,32,10,4138.0,0.021046956380208332,0.009663190692663193,20.148794174194336,0.9179114103317261,0.2793594002723694,0.008702662511495873
oracle_gate,0826.png,b0f675a14e8fe9f2ec0b705bee98d75f8a22478eafdc1a0a0afc0f820bc5ab4d,10.0,1,1380461013,1,1,5120.0,64,12,5196.0,0.02642822265625,0.010426174849271774,19.81875228881836,0.9051651954650879,0.28727957606315613,0.008702662511495873
oracle_gate,0826.png,b0f675a14e8fe9f2ec0b705bee98d75f8a22478eafdc1a0a0afc0f820bc5ab4d,10.0,1,1380461013,2,1,5120.0,64,12,5196.0,0.02642822265625,0.009979244321584702,20.009023666381836,0.9135624170303345,0.2854933738708496,0.008702662511495873
oracle_gate,0826.png,b0f675a14e8fe9f2ec0b705bee98d75f8a22478eafdc1a0a0afc0f820bc5ab4d,10.0,1,1380461013,3,2,6144.0,96,12,6252.0,0.03179931640625,0.009755248203873634,20.107616424560547,0.9165362119674683,0.28074562549591064,0.008702662511495873
oracle_gate,0826.png,b0f675a14e8fe9f2ec0b705bee98d75f8a22478eafdc1a0a0afc0f820bc5ab4d,10.0,1,1380461013,4,1,5120.0,64,12,5196.0,0.02642822265625,0.010160301811993122,19.93093490600586,0.9102224111557007,0.28314149379730225,0.009582942991983145
oracle_gate,0826.png,b0f675a14e8fe9f2ec0b705bee98d75f8a22478eafdc1a0a0afc0f820bc5ab4d,10.0,1,1380461013,5,2,6144.0,96,12,6252.0,0.03179931640625,0.009897768497467041,20.044628143310547,0.9143352508544922,0.27873334288597107,0.009582942991983145
oracle_gate,0826.png,b0f675a14e8fe9f2ec0b705bee98d75f8a22478eafdc1a0a0afc0f820bc5ab4d,10.0,1,1380461013,6,2,6144.0,96,12,6252.0,0.03179931640625,0.009801449254155159,20.08709716796875,0.9157382249832153,0.28153979778289795,0.009582942991983145
oracle_gate,0826.png,b0f675a14e8fe9f2ec0b705bee98d75f8a22478eafdc1a0a0afc0f820bc5ab4d,10.0,1,1380461013,7,3,7168.0,128,12,7308.0,0.03717041015625,0.009743607603013515,20.112802505493164,0.9164955615997314,0.2797849476337433,0.009582942991983145
oracle_gate,0826.png,b0f675a14e8fe9f2ec0b705bee98d75f8a22478eafdc1a0a0afc0f820bc5ab4d,10.0,1,1380461013,8,1,5120.0,64,12,5196.0,0.02642822265625,0.010044669732451439,19.98064422607422,0.9121152758598328,0.2854589819908142,0.008810727507807314
oracle_gate,0826.png,b0f675a14e8fe9f2ec0b705bee98d75f8a22478eafdc1a0a0afc0f820bc5ab4d,10.0,1,1380461013,9,2,6144.0,96,12,6252.0,0.03179931640625,0.009768313728272915,20.101804733276367,0.9160382747650146,0.2807671129703522,0.008810727507807314
oracle_gate,0826.png,b0f675a14e8fe9f2ec0b705bee98d75f8a22478eafdc1a0a0afc0f820bc5ab4d,10.0,1,1380461013,10,2,6144.0,96,12,6252.0,0.03179931640625,0.009904804639518261,20.041540145874023,0.9147161841392517,0.28415557742118835,0.008810727507807314
oracle_gate,0826.png,b0f675a14e8fe9f2ec0b705bee98d75f8a22478eafdc1a0a0afc0f820bc5ab4d,10.0,1,1380461013,11,3,7168.0,128,12,7308.0,0.03717041015625,0.009746481664478779,20.111522674560547,0.9166498184204102,0.28034502267837524,0.008810727507807314
oracle_gate,0826.png,b0f675a14e8fe9f2ec0b705bee98d75f8a22478eafdc1a0a0afc0f820bc5ab4d,10.0,1,1380461013,12,2,6144.0,96,12,6252.0,0.03179931640625,0.00986632239073515,20.05844497680664,0.9143118262290955,0.28239279985427856,0.0091563057503663
oracle_gate,0826.png,b0f675a14e8fe9f2ec0b705bee98d75f8a22478eafdc1a0a0afc0f820bc5ab4d,10.0,1,1380461013,13,3,7168.0,128,12,7308.0,0.03717041015625,0.009758776985108852,20.106046676635742,0.9159130454063416,0.28032615780830383,0.0091563057503663
oracle_gate,0826.png,b0f675a14e8fe9f2ec0b705bee98d75f8a22478eafdc1a0a0afc0f820bc5ab4d,10.0,1,1380461013,14,3,7168.0,128,12,7308.0,0.03717041015625,0.009794601239264011,20.090133666992188,0.9157778024673462,0.2815455496311188,0.0091563057503663
oracle_gate,0826.png,b0f675a14e8fe9f2ec0b705bee98d75f8a22478eafdc1a0a0afc0f820bc5ab4d,10.0,1,1380461013,15,4,8192.0,160,12,8364.0,0.04254150390625,0.009757397696375847,20.106660842895508,0.916214644908905,0.28016331791877747,0.0091563057503663
oracle_gate,0826.png,b0f675a14e8fe9f2ec0b705bee98d75f8a22478eafdc1a0a0afc0f820bc5ab4d,10.0,2,3092998915,0,0,4096.0,32,10,4138.0,0.021046956380208332,0.009709823876619339,20.127887725830078,0.9163341522216797,0.28253957629203796,0.00935730324999895
oracle_gate,0826.png,b0f675a14e8fe9f2ec0b705bee98d75f8a22478eafdc1a0a0afc0f820bc5ab4d,10.0,2,3092998915,1,1,5120.0,64,12,5196.0,0.02642822265625,0.010026326403021812,19.988582611083984,0.9119119644165039,0.28379106521606445,0.00935730324999895
oracle_gate,0826.png,b0f675a14e8fe9f2ec0b705bee98d75f8a22478eafdc1a0a0afc0f820bc5ab4d,10.0,2,3092998915,2,1,5120.0,64,12,5196.0,0.02642822265625,0.010105198249220848,19.954551696777344,0.9107717275619507,0.2872830629348755,0.00935730324999895
oracle_gate,0826.png,b0f675a14e8fe9f2ec0b705bee98d75f8a22478eafdc1a0a0afc0f820bc5ab4d,10.0,2,3092998915,3,2,6144.0,96,12,6252.0,0.03179931640625,0.009815657511353493,20.080806732177734,0.9151424169540405,0.2825608253479004,0.00935730324999895
oracle_gate,0826.png,b0f675a14e8fe9f2ec0b705bee98d75f8a22478eafdc1a0a0afc0f820bc5ab4d,10.0,2,3092998915,4,1,5120.0,64,12,5196.0,0.02642822265625,0.010214444249868393,19.907852172851562,0.9088555574417114,0.28605014085769653,0.007637326503754593
oracle_gate,0826.png,b0f675a14e8fe9f2ec0b705bee98d75f8a22478eafdc1a0a0afc0f820bc5ab4d,10.0,2,3092998915,5,2,6144.0,96,12,6252.0,0.03179931640625,0.00993611104786396,20.027835845947266,0.9136382341384888,0.28146424889564514,0.007637326503754593
oracle_gate,0826.png,b0f675a14e8fe9f2ec0b705bee98d75f8a22478eafdc1a0a0afc0f820bc5ab4d,10.0,2,3092998915,6,2,6144.0,96,12,6252.0,0.03179931640625,0.009873680770397186,20.05521011352539,0.9142928123474121,0.2833530008792877,0.007637326503754593
oracle_gate,0826.png,b0f675a14e8fe9f2ec0b705bee98d75f8a22478eafdc1a0a0afc0f820bc5ab4d,10.0,2,3092998915,7,3,7168.0,128,12,7308.0,0.03717041015625,0.009793607518076897,20.090572357177734,0.9157599806785583,0.28125253319740295,0.007637326503754593
oracle_gate,0826.png,b0f675a14e8fe9f2ec0b705bee98d75f8a22478eafdc1a0a0afc0f820bc5ab4d,10.0,2,3092998915,8,1,5120.0,64,12,5196.0,0.02642822265625,0.010274115949869156,19.88255500793457,0.9073125123977661,0.28878477215766907,0.006736515002558008
oracle_gate,0826.png,b0f675a14e8fe9f2ec0b705bee98d75f8a22478eafdc1a0a0afc0f820bc5ab4d,10.0,2,3092998915,9,2,6144.0,96,12,6252.0,0.03179931640625,0.009869414381682873,20.057086944580078,0.9136349558830261,0.28334513306617737,0.006736515002558008
oracle_gate,0826.png,b0f675a14e8fe9f2ec0b705bee98d75f8a22478eafdc1a0a0afc0f820bc5ab4d,10.0,2,3092998915,10,2,6144.0,96,12,6252.0,0.03179931640625,0.010053110308945179,19.97699546813965,0.9111781120300293,0.2876587510108948,0.006736515002558008
oracle_gate,0826.png,b0f675a14e8fe9f2ec0b705bee98d75f8a22478eafdc1a0a0afc0f820bc5ab4d,10.0,2,3092998915,11,3,7168.0,128,12,7308.0,0.03717041015625,0.009819762781262398,20.078990936279297,0.9146458506584167,0.2837100327014923,0.006736515002558008
oracle_gate,0826.png,b0f675a14e8fe9f2ec0b705bee98d75f8a22478eafdc1a0a0afc0f820bc5ab4d,10.0,2,3092998915,12,2,6144.0,96,12,6252.0,0.03179931640625,0.010000323876738548,19.999858856201172,0.9113792181015015,0.28472429513931274,0.009119973008637317
oracle_gate,0826.png,b0f675a14e8fe9f2ec0b705bee98d75f8a22478eafdc1a0a0afc0f820bc5ab4d,10.0,2,3092998915,13,3,7168.0,128,12,7308.0,0.03717041015625,0.00983341783285141,20.072956085205078,0.9144891500473022,0.28174468874931335,0.009119973008637317
oracle_gate,0826.png,b0f675a14e8fe9f2ec0b705bee98d75f8a22478eafdc1a0a0afc0f820bc5ab4d,10.0,2,3092998915,14,3,7168.0,128,12,7308.0,0.03717041015625,0.009866563603281975,20.05834197998047,0.913956344127655,0.2843097150325775,0.009119973008637317
oracle_gate,0826.png,b0f675a14e8fe9f2ec0b705bee98d75f8a22478eafdc1a0a0afc0f820bc5ab4d,10.0,2,3092998915,15,4,8192.0,160,12,8364.0,0.04254150390625,0.009807232767343521,20.084535598754883,0.9150664806365967,0.28224867582321167,0.009119973008637317
oracle_gate,0826.png,b0f675a14e8fe9f2ec0b705bee98d75f8a22478eafdc1a0a0afc0f820bc5ab4d,10.0,3,4268238937,0,0,4096.0,32,10,4138.0,0.021046956380208332,0.009842757135629654,20.068832397460938,0.9143576622009277,0.2836255729198456,0.009703954245196655
oracle_gate,0826.png,b0f675a14e8fe9f2ec0b705bee98d75f8a22478eafdc1a0a0afc0f820bc5ab4d,10.0,3,4268238937,1,1,5120.0,64,12,5196.0,0.02642822265625,0.011084308847784996,19.552915573120117,0.8918127417564392,0.2974817156791687,0.009703954245196655
oracle_gate,0826.png,b0f675a14e8fe9f2ec0b705bee98d75f8a22478eafdc1a0a0afc0f820bc5ab4d,10.0,3,4268238937,2,1,5120.0,64,12,5196.0,0.02642822265625,0.01080432441085577,19.664024353027344,0.8986708521842957,0.29996922612190247,0.009703954245196655
oracle_gate,0826.png,b0f675a14e8fe9f2ec0b705bee98d75f8a22478eafdc1a0a0afc0f820bc5ab4d,10.0,3,4268238937,3,2,6144.0,96,12,6252.0,0.03179931640625,0.010101871564984322,19.955982208251953,0.9105814695358276,0.2865152359008789,0.009703954245196655
oracle_gate,0826.png,b0f675a14e8fe9f2ec0b705bee98d75f8a22478eafdc1a0a0afc0f820bc5ab4d,10.0,3,4268238937,4,1,5120.0,64,12,5196.0,0.02642822265625,0.011267918162047863,19.4815616607666,0.8896795511245728,0.3009328842163086,0.008939400489907712
oracle_gate,0826.png,b0f675a14e8fe9f2ec0b705bee98d75f8a22478eafdc1a0a0afc0f820bc5ab4d,10.0,3,4268238937,5,2,6144.0,96,12,6252.0,0.03179931640625,0.010176209732890129,19.92414093017578,0.909108579158783,0.28610068559646606,0.008939400489907712
oracle_gate,0826.png,b0f675a14e8fe9f2ec0b705bee98d75f8a22478eafdc1a0a0afc0f820bc5ab4d,10.0,3,4268238937,6,2,6144.0,96,12,6252.0,0.03179931640625,0.010530319064855576,19.775585174560547,0.9019112586975098,0.2933715283870697,0.008939400489907712
oracle_gate,0826.png,b0f675a14e8fe9f2ec0b705bee98d75f8a22478eafdc1a0a0afc0f820bc5ab4d,10.0,3,4268238937,7,3,7168.0,128,12,7308.0,0.03717041015625,0.010066397488117218,19.97125816345215,0.9109887480735779,0.2844352722167969,0.008939400489907712
oracle_gate,0826.png,b0f675a14e8fe9f2ec0b705bee98d75f8a22478eafdc1a0a0afc0f820bc5ab4d,10.0,3,4268238937,8,1,5120.0,64,12,5196.0,0.02642822265625,0.011190391145646572,19.511547088623047,0.8905706405639648,0.3006322383880615,0.009273781251977198
oracle_gate,0826.png,b0f675a14e8fe9f2ec0b705bee98d75f8a22478eafdc1a0a0afc0f820bc5ab4d,10.0,3,4268238937,9,2,6144.0,96,12,6252.0,0.03179931640625,0.010091330856084824,19.96051597595215,0.9099372625350952,0.2849135398864746,0.009273781251977198
oracle_gate,0826.png,b0f675a14e8fe9f2ec0b705bee98d75f8a22478eafdc1a0a0afc0f820bc5ab4d,10.0,3,4268238937,10,2,6144.0,96,12,6252.0,0.03179931640625,0.01070515625178814,19.704071044921875,0.8992047309875488,0.2965610921382904,0.009273781251977198
oracle_gate,0826.png,b0f675a14e8fe9f2ec0b705bee98d75f8a22478eafdc1a0a0afc0f820bc5ab4d,10.0,3,4268238937,11,3,7168.0,128,12,7308.0,0.03717041015625,0.010114825330674648,19.950416564941406,0.9100227355957031,0.28452590107917786,0.009273781251977198
oracle_gate,0826.png,b0f675a14e8fe9f2ec0b705bee98d75f8a22478eafdc1a0a0afc0f820bc5ab4d,10.0,3,4268238937,12,2,6144.0,96,12,6252.0,0.03179931640625,0.010903390124440193,19.6243839263916,0.8939661383628845,0.2946080267429352,0.009573065006406978
oracle_gate,0826.png,b0f675a14e8fe9f2ec0b705bee98d75f8a22478eafdc1a0a0afc0f820bc5ab4d,10.0,3,4268238937,13,3,7168.0,128,12,7308.0,0.03717041015625,0.010052351281046867,19.977325439453125,0.9102820754051208,0.28347694873809814,0.009573065006406978
oracle_gate,0826.png,b0f675a14e8fe9f2ec0b705bee98d75f8a22478eafdc1a0a0afc0f820bc5ab4d,10.0,3,4268238937,14,3,7168.0,128,12,7308.0,0.03717041015625,0.010531256906688213,19.775197982788086,0.9013559818267822,0.2913944125175476,0.009573065006406978
oracle_gate,0826.png,b0f675a14e8fe9f2ec0b705bee98d75f8a22478eafdc1a0a0afc0f820bc5ab4d,10.0,3,4268238937,15,4,8192.0,160,12,8364.0,0.04254150390625,0.010100284591317177,19.956663131713867,0.9100148677825928,0.2834392189979553,0.009573065006406978
oracle_gate,0827.png,e8cfa94ed77a021b63da63406940de3a830fe1217e752b5929d50602a1aaa407,10.0,0,3042706046,0,0,4096.0,32,10,4138.0,0.021046956380208332,0.00035005222889594734,34.55867004394531,0.9786807894706726,0.17152808606624603,0.009158506756648421
oracle_gate,0827.png,e8cfa94ed77a021b63da63406940de3a830fe1217e752b5929d50602a1aaa407,10.0,0,3042706046,1,1,5120.0,64,12,5196.0,0.02642822265625,0.00037630670703947544,34.24457931518555,0.9774941205978394,0.17090797424316406,0.009158506756648421
oracle_gate,0827.png,e8cfa94ed77a021b63da63406940de3a830fe1217e752b5929d50602a1aaa407,10.0,0,3042706046,2,1,5120.0,64,12,5196.0,0.02642822265625,0.0003712767211254686,34.30302429199219,0.9775770902633667,0.17187392711639404,0.009158506756648421
oracle_gate,0827.png,e8cfa94ed77a021b63da63406940de3a830fe1217e752b5929d50602a1aaa407,10.0,0,3042706046,3,2,6144.0,96,12,6252.0,0.03179931640625,0.00036975959665142,34.32080841064453,0.9775333404541016,0.17098763585090637,0.009158506756648421
oracle_gate,0827.png,e8cfa94ed77a021b63da63406940de3a830fe1217e752b5929d50602a1aaa407,10.0,0,3042706046,4,1,5120.0,64,12,5196.0,0.02642822265625,0.0003739855019375682,34.271453857421875,0.9778355360031128,0.17162340879440308,0.00917828174715396
oracle_gate,0827.png,e8cfa94ed77a021b63da63406940de3a830fe1217e752b5929d50602a1aaa407,10.0,0,3042706046,5,2,6144.0,96,12,6252.0,0.03179931640625,0.0003724295529536903,34.28955841064453,0.977731466293335,0.17053820192813873,0.00917828174715396
oracle_gate,0827.png,e8cfa94ed77a021b63da63406940de3a830fe1217e752b5929d50602a1aaa407,10.0,0,3042706046,6,2,6144.0,96,12,6252.0,0.03179931640625,0.00036730311694554985,34.349754333496094,0.9778916835784912,0.1716335117816925,0.00917828174715396
oracle_gate,0827.png,e8cfa94ed77a021b63da63406940de3a830fe1217e752b5929d50602a1aaa407,10.0,0,3042706046,7,3,7168.0,128,12,7308.0,0.03717041015625,0.00036641594488173723,34.36025619506836,0.9777474403381348,0.17074842751026154,0.00917828174715396
oracle_gate,0827.png,e8cfa94ed77a021b63da63406940de3a830fe1217e752b5929d50602a1aaa407,10.0,0,3042706046,8,1,5120.0,64,12,5196.0,0.02642822265625,0.0003735212958417833,34.27684783935547,0.9777461886405945,0.1732189953327179,0.009456907500862144
oracle_gate,0827.png,e8cfa94ed77a021b63da63406940de3a830fe1217e752b5929d50602a1aaa407,10.0,0,3042706046,9,2,6144.0,96,12,6252.0,0.03179931640625,0.0003720872336998582,34.29355239868164,0.9777134656906128,0.17230543494224548,0.009456907500862144
oracle_gate,0827.png,e8cfa94ed77a021b63da63406940de3a830fe1217e752b5929d50602a1aaa407,10.0,0,3042706046,10,2,6144.0,96,12,6252.0,0.03179931640625,0.00036575444391928613,34.36810302734375,0.9778345823287964,0.17280036211013794,0.009456907500862144
oracle_gate,0827.png,e8cfa94ed77a021b63da63406940de3a830fe1217e752b5929d50602a1aaa407,10.0,0,3042706046,11,3,7168.0,128,12,7308.0,0.03717041015625,0.0003647564444690943,34.37997055053711,0.9778074026107788,0.17210891842842102,0.009456907500862144
oracle_gate,0827.png,e8cfa94ed77a021b63da63406940de3a830fe1217e752b5929d50602a1aaa407,10.0,0,3042706046,12,2,6144.0,96,12,6252.0,0.03179931640625,0.0003670633304864168,34.35259246826172,0.9781154990196228,0.17258460819721222,0.009177697502309456
oracle_gate,0827.png,e8cfa94ed77a021b63da63406940de3a830fe1217e752b5929d50602a1aaa407,10.0,0,3042706046,13,3,7168.0,128,12,7308.0,0.03717041015625,0.0003665237163659185,34.35898208618164,0.9779818058013916,0.1716819852590561,0.009177697502309456
oracle_gate,0827.png,e8cfa94ed77a021b63da63406940de3a830fe1217e752b5929d50602a1aaa407,10.0,0,3042706046,14,3,7168.0,128,12,7308.0,0.03717041015625,0.0003597130998969078,34.44043731689453,0.9781987071037292,0.17227590084075928,0.009177697502309456
oracle_gate,0827.png,e8cfa94ed77a021b63da63406940de3a830fe1217e752b5929d50602a1aaa407,10.0,0,3042706046,15,4,8192.0,160,12,8364.0,0.04254150390625,0.0003593642613850534,34.44465255737305,0.9780585169792175,0.1715046912431717,0.009177697502309456
oracle_gate,0827.png,e8cfa94ed77a021b63da63406940de3a830fe1217e752b5929d50602a1aaa407,10.0,1,1719138144,0,0,4096.0,32,10,4138.0,0.021046956380208332,0.00034748014877550304,34.590702056884766,0.9786880016326904,0.1671828180551529,0.00915722174977418
oracle_gate,0827.png,e8cfa94ed77a021b63da63406940de3a830fe1217e752b5929d50602a1aaa407,10.0,1,1719138144,1,1,5120.0,64,12,5196.0,0.02642822265625,0.0003670891164802015,34.35228729248047,0.9772853851318359,0.16668199002742767,0.00915722174977418
oracle_gate,0827.png,e8cfa94ed77a021b63da63406940de3a830fe1217e752b5929d50602a1aaa407,10.0,1,1719138144,2,1,5120.0,64,12,5196.0,0.02642822265625,0.0003606933169066906,34.428619384765625,0.9771987795829773,0.16750793159008026,0.00915722174977418
oracle_gate,0827.png,e8cfa94ed77a021b63da63406940de3a830fe1217e752b5929d50602a1aaa407,10.0,1,1719138144,3,2,6144.0,96,12,6252.0,0.03179931640625,0.00036336129414848983,34.39661407470703,0.9773580431938171,0.16657641530036926,0.00915722174977418
oracle_gate,0827.png,e8cfa94ed77a021b63da63406940de3a830fe1217e752b5929d50602a1aaa407,10.0,1,1719138144,4,1,5120.0,64,12,5196.0,0.02642822265625,0.0003601001517381519,34.43576431274414,0.9774580001831055,0.16626349091529846,0.009369706240249798
oracle_gate,0827.png,e8cfa94ed77a021b63da63406940de3a830fe1217e752b5929d50602a1aaa407,10.0,1,1719138144,5,2,6144.0,96,12,6252.0,0.03179931640625,0.0003619390772655606,34.41364669799805,0.9774793982505798,0.16526249051094055,0.009369706240249798
oracle_gate,0827.png,e8cfa94ed77a021b63da63406940de3a830fe1217e752b5929d50602a1aaa407,10.0,1,1719138144,6,2,6144.0,96,12,6252.0,0.03179931640625,0.0003557401360012591,34.488670349121094,0.9775341749191284,0.16603389382362366,0.009369706240249798
oracle_gate,0827.png,e8cfa94ed77a021b63da63406940de3a830fe1217e752b5929d50602a1aaa407,10.0,1,1719138144,7,3,7168.0,128,12,7308.0,0.03717041015625,0.00035873203887604177,34.45229721069336,0.9775540828704834,0.16535839438438416,0.009369706240249798
oracle_gate,0827.png,e8cfa94ed77a021b63da63406940de3a830fe1217e752b5929d50602a1aaa407,10.0,1,1719138144,8,1,5120.0,64,12,5196.0,0.02642822265625,0.0003662100643850863,34.36269760131836,0.9773895144462585,0.16897377371788025,0.009254779506591149
oracle_gate,0827.png,e8cfa94ed77a021b63da63406940de3a830fe1217e752b5929d50602a1aaa407,10.0,1,1719138144,9,2,6144.0,96,12,6252.0,0.03179931640625,0.0003684159310068935,34.33661651611328,0.9775575399398804,0.16788560152053833,0.009254779506591149
oracle_gate,0827.png,e8cfa94ed77a021b63da63406940de3a830fe1217e752b5929d50602a1aaa407,10.0,1,1719138144,10,2,6144.0,96,12,6252.0,0.03179931640625,0.0003621920186560601,34.410614013671875,0.9774408340454102,0.1693321168422699,0.009254779506591149
oracle_gate,0827.png,e8cfa94ed77a021b63da63406940de3a830fe1217e752b5929d50602a1aaa407,10.0,1,1719138144,11,3,7168.0,128,12,7308.0,0.03717041015625,0.0003653469611890614,34.372947692871094,0.9776127338409424,0.16861805319786072,0.009254779506591149
oracle_gate,0827.png,e8cfa94ed77a021b63da63406940de3a830fe1217e752b5929d50602a1aaa407,10.0,1,1719138144,12,2,6144.0,96,12,6252.0,0.03179931640625,0.00035867071710526943,34.453041076660156,0.9777118563652039,0.16793282330036163,0.009660822004661895
oracle_gate,0827.png,e8cfa94ed77a021b63da63406940de3a830fe1217e752b5929d50602a1aaa407,10.0,1,1719138144,13,3,7168.0,128,12,7308.0,0.03717041015625,0.0003614779270719737,34.41918182373047,0.9777299165725708,0.16708621382713318,0.009660822004661895
oracle_gate,0827.png,e8cfa94ed77a021b63da63406940de3a830fe1217e752b5929d50602a1aaa407,10.0,1,1719138144,14,3,7168.0,128,12,7308.0,0.03717041015625,0.0003550541587173939,34.49705505371094,0.9777383208274841,0.1684396117925644,0.009660822004661895
oracle_gate,0827.png,e8cfa94ed77a021b63da63406940de3a830fe1217e752b5929d50602a1aaa407,10.0,1,1719138144,15,4,8192.0,160,12,8364.0,0.04254150390625,0.000358553952537477,34.4544563293457,0.9777478575706482,0.16788135468959808,0.009660822004661895
oracle_gate,0827.png,e8cfa94ed77a021b63da63406940de3a830fe1217e752b5929d50602a1aaa407,10.0,2,2754562083,0,0,4096.0,32,10,4138.0,0.021046956380208332,0.00034385541221126914,34.6362419128418,0.9789544343948364,0.17102983593940735,0.009516281745163724
oracle_gate,0827.png,e8cfa94ed77a021b63da63406940de3a830fe1217e752b5929d50602a1aaa407,10.0,2,2754562083,1,1,5120.0,64,12,5196.0,0.02642822265625,0.00037646916462108493,34.242706298828125,0.9773828983306885,0.17178606986999512,0.009516281745163724
oracle_gate,0827.png,e8cfa94ed77a021b63da63406940de3a830fe1217e752b5929d50602a1aaa407,10.0,2,2754562083,2,1,5120.0,64,12,5196.0,0.02642822265625,0.0003718315274454653,34.296539306640625,0.9774643778800964,0.17269782721996307,0.009516281745163724
oracle_gate,0827.png,e8cfa94ed77a021b63da63406940de3a830fe1217e752b5929d50602a1aaa407,10.0,2,2754562083,3,2,6144.0,96,12,6252.0,0.03179931640625,0.00037043364136479795,34.312896728515625,0.9775545001029968,0.17225012183189392,0.009516281745163724
oracle_gate,0827.png,e8cfa94ed77a021b63da63406940de3a830fe1217e752b5929d50602a1aaa407,10.0,2,2754562083,4,1,5120.0,64,12,5196.0,0.02642822265625,0.00037376288673840463,34.27404022216797,0.9776470065116882,0.17078837752342224,0.009141983493464068
oracle_gate,0827.png,e8cfa94ed77a021b63da63406940de3a830fe1217e752b5929d50602a1aaa407,10.0,2,2754562083,5,2,6144.0,96,12,6252.0,0.03179931640625,0.00037268735468387604,34.28655242919922,0.9776453375816345,0.17031478881835938,0.009141983493464068
oracle_gate,0827.png,e8cfa94ed77a021b63da63406940de3a830fe1217e752b5929d50602a1aaa407,10.0,2,2754562083,6,2,6144.0,96,12,6252.0,0.03179931640625,0.00036784750409424305,34.34332275390625,0.9777810573577881,0.17128291726112366,0.009141983493464068
oracle_gate,0827.png,e8cfa94ed77a021b63da63406940de3a830fe1217e752b5929d50602a1aaa407,10.0,2,2754562083,7,3,7168.0,128,12,7308.0,0.03717041015625,0.000367006374290213,34.35326385498047,0.9778019189834595,0.17095209658145905,0.009141983493464068
oracle_gate,0827.png,e8cfa94ed77a021b63da63406940de3a830fe1217e752b5929d50602a1aaa407,10.0,2,2754562083,8,1,5120.0,64,12,5196.0,0.02642822265625,0.0003697620122693479,34.320777893066406,0.9777010679244995,0.17353267967700958,0.009221196742146276
oracle_gate,0827.png,e8cfa94ed77a021b63da63406940de3a830fe1217e752b5929d50602a1aaa407,10.0,2,2754562083,9,2,6144.0,96,12,6252.0,0.03179931640625,0.00036872102646157146,34.33302307128906,0.9777755737304688,0.17306950688362122,0.009221196742146276
oracle_gate,0827.png,e8cfa94ed77a021b63da63406940de3a830fe1217e752b5929d50602a1aaa407,10.0,2,2754562083,10,2,6144.0,96,12,6252.0,0.03179931640625,0.00036303940578363836,34.40046310424805,0.9778351187705994,0.17382052540779114,0.009221196742146276
oracle_gate,0827.png,e8cfa94ed77a021b63da63406940de3a830fe1217e752b5929d50602a1aaa407,10.0,2,2754562083,11,3,7168.0,128,12,7308.0,0.03717041015625,0.00036217409069649875,34.41082763671875,0.9779545068740845,0.17357231676578522,0.009221196742146276
oracle_gate,0827.png,e8cfa94ed77a021b63da63406940de3a830fe1217e752b5929d50602a1aaa407,10.0,2,2754562083,12,2,6144.0,96,12,6252.0,0.03179931640625,0.00036420830292627215,34.386505126953125,0.9780523777008057,0.17204473912715912,0.009909143249387853
oracle_gate,0827.png,e8cfa94ed77a021b63da63406940de3a830fe1217e752b5929d50602a1aaa407,10.0,2,2754562083,13,3,7168.0,128,12,7308.0,0.03717041015625,0.0003640239010564983,34.388702392578125,0.9780413508415222,0.1716964840888977,0.009909143249387853
oracle_gate,0827.png,e8cfa94ed77a021b63da63406940de3a830fe1217e752b5929d50602a1aaa407,10.0,2,2754562083,14,3,7168.0,128,12,7308.0,0.03717041015625,0.00035784378997050226,34.46306610107422,0.9781805276870728,0.17246390879154205,0.009909143249387853
oracle_gate,0827.png,e8cfa94ed77a021b63da63406940de3a830fe1217e752b5929d50602a1aaa407,10.0,2,2754562083,15,4,8192.0,160,12,8364.0,0.04254150390625,0.0003576467279344797,34.465457916259766,0.9782042503356934,0.17223180830478668,0.009909143249387853
oracle_gate,0827.png,e8cfa94ed77a021b63da63406940de3a830fe1217e752b5929d50602a1aaa407,10.0,3,2554253847,0,0,4096.0,32,10,4138.0,0.021046956380208332,0.0003553016285877675,34.49402618408203,0.9785254001617432,0.16916486620903015,0.008778628500294872
oracle_gate,0827.png,e8cfa94ed77a021b63da63406940de3a830fe1217e752b5929d50602a1aaa407,10.0,3,2554253847,1,1,5120.0,64,12,5196.0,0.02642822265625,0.00038267852505669,34.171661376953125,0.9770435094833374,0.17014804482460022,0.008778628500294872
oracle_gate,0827.png,e8cfa94ed77a021b63da63406940de3a830fe1217e752b5929d50602a1aaa407,10.0,3,2554253847,2,1,5120.0,64,12,5196.0,0.02642822265625,0.0003789853071793914,34.213775634765625,0.977320671081543,0.1710532009601593,0.008778628500294872
oracle_gate,0827.png,e8cfa94ed77a021b63da63406940de3a830fe1217e752b5929d50602a1aaa407,10.0,3,2554253847,3,2,6144.0,96,12,6252.0,0.03179931640625,0.0003782734274864197,34.22194290161133,0.9770521521568298,0.17036661505699158,0.008778628500294872
oracle_gate,0827.png,e8cfa94ed77a021b63da63406940de3a830fe1217e752b5929d50602a1aaa407,10.0,3,2554253847,4,1,5120.0,64,12,5196.0,0.02642822265625,0.00038085097912698984,34.19245147705078,0.9775902628898621,0.1690380573272705,0.009421101756743155
oracle_gate,0827.png,e8cfa94ed77a021b63da63406940de3a830fe1217e752b5929d50602a1aaa407,10.0,3,2554253847,5,2,6144.0,96,12,6252.0,0.03179931640625,0.00038017454789951444,34.200172424316406,0.9774118661880493,0.16856113076210022,0.009421101756743155
oracle_gate,0827.png,e8cfa94ed77a021b63da63406940de3a830fe1217e752b5929d50602a1aaa407,10.0,3,2554253847,6,2,6144.0,96,12,6252.0,0.03179931640625,0.0003764017019420862,34.24348449707031,0.9776308536529541,0.16915453970432281,0.009421101756743155
oracle_gate,0827.png,e8cfa94ed77a021b63da63406940de3a830fe1217e752b5929d50602a1aaa407,10.0,3,2554253847,7,3,7168.0,128,12,7308.0,0.03717041015625,0.0003760044928640127,34.248069763183594,0.9774214625358582,0.16894307732582092,0.009421101756743155
oracle_gate,0827.png,e8cfa94ed77a021b63da63406940de3a830fe1217e752b5929d50602a1aaa407,10.0,3,2554253847,8,1,5120.0,64,12,5196.0,0.02642822265625,0.00037484648055396974,34.26146697998047,0.9775187373161316,0.17118434607982635,0.009225522240740247
oracle_gate,0827.png,e8cfa94ed77a021b63da63406940de3a830fe1217e752b5929d50602a1aaa407,10.0,3,2554253847,9,2,6144.0,96,12,6252.0,0.03179931640625,0.0003741058462765068,34.27005386352539,0.9773597121238708,0.1702483594417572,0.009225522240740247
oracle_gate,0827.png,e8cfa94ed77a021b63da63406940de3a830fe1217e752b5929d50602a1aaa407,10.0,3,2554253847,10,2,6144.0,96,12,6252.0,0.03179931640625,0.00036856374936178327,34.33487319946289,0.9776523113250732,0.17079736292362213,0.009225522240740247
oracle_gate,0827.png,e8cfa94ed77a021b63da63406940de3a830fe1217e752b5929d50602a1aaa407,10.0,3,2554253847,11,3,7168.0,128,12,7308.0,0.03717041015625,0.00036862626438960433,34.334136962890625,0.9773999452590942,0.17047978937625885,0.009225522240740247
oracle_gate,0827.png,e8cfa94ed77a021b63da63406940de3a830fe1217e752b5929d50602a1aaa407,10.0,3,2554253847,12,2,6144.0,96,12,6252.0,0.03179931640625,0.0003719323722179979,34.29536056518555,0.9777889251708984,0.1690133959054947,0.009371354492031969
oracle_gate,0827.png,e8cfa94ed77a021b63da63406940de3a830fe1217e752b5929d50602a1aaa407,10.0,3,2554253847,13,3,7168.0,128,12,7308.0,0.03717041015625,0.00037203621468506753,34.29414749145508,0.9776129722595215,0.168813094496727,0.009371354492031969
oracle_gate,0827.png,e8cfa94ed77a021b63da63406940de3a830fe1217e752b5929d50602a1aaa407,10.0,3,2554253847,14,3,7168.0,128,12,7308.0,0.03717041015625,0.00036640913458541036,34.36033630371094,0.9778347015380859,0.1691618710756302,0.009371354492031969
oracle_gate,0827.png,e8cfa94ed77a021b63da63406940de3a830fe1217e752b5929d50602a1aaa407,10.0,3,2554253847,15,4,8192.0,160,12,8364.0,0.04254150390625,0.00036682438803836703,34.35541915893555,0.9776160717010498,0.16907049715518951,0.009371354492031969
oracle_gate,0828.png,a62013e252fa503920f54b9b1eff9babd501c742d2c82c97d7c22394493ffa12,10.0,0,915214531,0,0,4096.0,32,10,4138.0,0.021046956380208332,0.0052637062035501,22.787084579467773,0.976172149181366,0.02194509282708168,0.009147207005298696
oracle_gate,0828.png,a62013e252fa503920f54b9b1eff9babd501c742d2c82c97d7c22394493ffa12,10.0,0,915214531,1,1,5120.0,64,12,5196.0,0.02642822265625,0.006225525867193937,22.058238983154297,0.9575015306472778,0.02304423227906227,0.009147207005298696
oracle_gate,0828.png,a62013e252fa503920f54b9b1eff9babd501c742d2c82c97d7c22394493ffa12,10.0,0,915214531,2,1,5120.0,64,12,5196.0,0.02642822265625,0.0062615154311060905,22.033206939697266,0.9557552337646484,0.02311071753501892,0.009147207005298696
oracle_gate,0828.png,a62013e252fa503920f54b9b1eff9babd501c742d2c82c97d7c22394493ffa12,10.0,0,915214531,3,2,6144.0,96,12,6252.0,0.03179931640625,0.00614826288074255,22.112476348876953,0.9578025341033936,0.022810528054833412,0.009147207005298696
oracle_gate,0828.png,a62013e252fa503920f54b9b1eff9babd501c742d2c82c97d7c22394493ffa12,10.0,0,915214531,4,1,5120.0,64,12,5196.0,0.02642822265625,0.0061211432330310345,22.13167381286621,0.9616057276725769,0.0233078021556139,0.009510397998383269
oracle_gate,0828.png,a62013e252fa503920f54b9b1eff9babd501c742d2c82c97d7c22394493ffa12,10.0,0,915214531,5,2,6144.0,96,12,6252.0,0.03179931640625,0.0060457494109869,22.18549919128418,0.9623035192489624,0.023129886016249657,0.009510397998383269
oracle_gate,0828.png,a62013e252fa503920f54b9b1eff9babd501c742d2c82c97d7c22394493ffa12,10.0,0,915214531,6,2,6144.0,96,12,6252.0,0.03179931640625,0.006055900361388922,22.178213119506836,0.9613544940948486,0.0230800062417984,0.009510397998383269
oracle_gate,0828.png,a62013e252fa503920f54b9b1eff9babd501c742d2c82c97d7c22394493ffa12,10.0,0,915214531,7,3,7168.0,128,12,7308.0,0.03717041015625,0.005981915630400181,22.231597900390625,0.96226966381073,0.02291739732027054,0.009510397998383269
oracle_gate,0828.png,a62013e252fa503920f54b9b1eff9babd501c742d2c82c97d7c22394493ffa12,10.0,0,915214531,8,1,5120.0,64,12,5196.0,0.02642822265625,0.005628115497529507,22.49637222290039,0.974193274974823,0.022493161261081696,0.00939544900029432
oracle_gate,0828.png,a62013e252fa503920f54b9b1eff9babd501c742d2c82c97d7c22394493ffa12,10.0,0,915214531,9,2,6144.0,96,12,6252.0,0.03179931640625,0.00555781926959753,22.55095672607422,0.9746419191360474,0.022222038358449936,0.00939544900029432
oracle_gate,0828.png,a62013e252fa503920f54b9b1eff9babd501c742d2c82c97d7c22394493ffa12,10.0,0,915214531,10,2,6144.0,96,12,6252.0,0.03179931640625,0.00553177809342742,22.571353912353516,0.9745838046073914,0.022244179621338844,0.00939544900029432
oracle_gate,0828.png,a62013e252fa503920f54b9b1eff9babd501c742d2c82c97d7c22394493ffa12,10.0,0,915214531,11,3,7168.0,128,12,7308.0,0.03717041015625,0.005469410680234432,22.620594024658203,0.9750493764877319,0.021993648260831833,0.00939544900029432
oracle_gate,0828.png,a62013e252fa503920f54b9b1eff9babd501c742d2c82c97d7c22394493ffa12,10.0,0,915214531,12,2,6144.0,96,12,6252.0,0.03179931640625,0.00558879878371954,22.52681541442871,0.9744636416435242,0.02274368330836296,0.009264433509088121
oracle_gate,0828.png,a62013e252fa503920f54b9b1eff9babd501c742d2c82c97d7c22394493ffa12,10.0,0,915214531,13,3,7168.0,128,12,7308.0,0.03717041015625,0.005529385060071945,22.573232650756836,0.9747766256332397,0.02259301394224167,0.009264433509088121
oracle_gate,0828.png,a62013e252fa503920f54b9b1eff9babd501c742d2c82c97d7c22394493ffa12,10.0,0,915214531,14,3,7168.0,128,12,7308.0,0.03717041015625,0.005496240220963955,22.59934425354004,0.974836528301239,0.022489942610263824,0.009264433509088121
oracle_gate,0828.png,a62013e252fa503920f54b9b1eff9babd501c742d2c82c97d7c22394493ffa12,10.0,0,915214531,15,4,8192.0,160,12,8364.0,0.04254150390625,0.005440603941679001,22.643529891967773,0.9751871824264526,0.022349290549755096,0.009264433509088121
oracle_gate,0828.png,a62013e252fa503920f54b9b1eff9babd501c742d2c82c97d7c22394493ffa12,10.0,1,2899181966,0,0,4096.0,32,10,4138.0,0.021046956380208332,0.005125418305397034,22.902708053588867,0.9745690822601318,0.022631216794252396,0.009358568000607193
oracle_gate,0828.png,a62013e252fa503920f54b9b1eff9babd501c742d2c82c97d7c22394493ffa12,10.0,1,2899181966,1,1,5120.0,64,12,5196.0,0.02642822265625,0.005404867231845856,22.672149658203125,0.9720723628997803,0.023319939151406288,0.009358568000607193
oracle_gate,0828.png,a62013e252fa503920f54b9b1eff9babd501c742d2c82c97d7c22394493ffa12,10.0,1,2899181966,2,1,5120.0,64,12,5196.0,0.02642822265625,0.005387899931520224,22.68580436706543,0.9717139005661011,0.022964894771575928,0.009358568000607193
oracle_gate,0828.png,a62013e252fa503920f54b9b1eff9babd501c742d2c82c97d7c22394493ffa12,10.0,1,2899181966,3,2,6144.0,96,12,6252.0,0.03179931640625,0.005336207803338766,22.727672576904297,0.9725820422172546,0.022815775126218796,0.009358568000607193
oracle_gate,0828.png,a62013e252fa503920f54b9b1eff9babd501c742d2c82c97d7c22394493ffa12,10.0,1,2899181966,4,1,5120.0,64,12,5196.0,0.02642822265625,0.005438409745693207,22.645282745361328,0.9714085459709167,0.023992318660020828,0.009251414987375028
oracle_gate,0828.png,a62013e252fa503920f54b9b1eff9babd501c742d2c82c97d7c22394493ffa12,10.0,1,2899181966,5,2,6144.0,96,12,6252.0,0.03179931640625,0.005378800444304943,22.693145751953125,0.9721912145614624,0.02375083602964878,0.009251414987375028
oracle_gate,0828.png,a62013e252fa503920f54b9b1eff9babd501c742d2c82c97d7c22394493ffa12,10.0,1,2899181966,6,2,6144.0,96,12,6252.0,0.03179931640625,0.005354130640625954,22.713109970092773,0.9719897508621216,0.023371193557977676,0.009251414987375028
oracle_gate,0828.png,a62013e252fa503920f54b9b1eff9babd501c742d2c82c97d7c22394493ffa12,10.0,1,2899181966,7,3,7168.0,128,12,7308.0,0.03717041015625,0.005311314947903156,22.747982025146484,0.9727225303649902,0.02324792370200157,0.009251414987375028
oracle_gate,0828.png,a62013e252fa503920f54b9b1eff9babd501c742d2c82c97d7c22394493ffa12,10.0,1,2899181966,8,1,5120.0,64,12,5196.0,0.02642822265625,0.005420010536909103,22.65999984741211,0.9718358516693115,0.023190762847661972,0.008972035750048235
oracle_gate,0828.png,a62013e252fa503920f54b9b1eff9babd501c742d2c82c97d7c22394493ffa12,10.0,1,2899181966,9,2,6144.0,96,12,6252.0,0.03179931640625,0.005350891035050154,22.715740203857422,0.9727766513824463,0.02291497029364109,0.008972035750048235
oracle_gate,0828.png,a62013e252fa503920f54b9b1eff9babd501c742d2c82c97d7c22394493ffa12,10.0,1,2899181966,10,2,6144.0,96,12,6252.0,0.03179931640625,0.005322655197232962,22.73871612548828,0.9724993109703064,0.022567883133888245,0.008972035750048235
oracle_gate,0828.png,a62013e252fa503920f54b9b1eff9babd501c742d2c82c97d7c22394493ffa12,10.0,1,2899181966,11,3,7168.0,128,12,7308.0,0.03717041015625,0.005274414084851742,22.77825927734375,0.9733537435531616,0.02241872251033783,0.008972035750048235
oracle_gate,0828.png,a62013e252fa503920f54b9b1eff9babd501c742d2c82c97d7c22394493ffa12,10.0,1,2899181966,12,2,6144.0,96,12,6252.0,0.03179931640625,0.005383835174143314,22.689083099365234,0.9721254110336304,0.0234963558614254,0.008961427258327603
oracle_gate,0828.png,a62013e252fa503920f54b9b1eff9babd501c742d2c82c97d7c22394493ffa12,10.0,1,2899181966,13,3,7168.0,128,12,7308.0,0.03717041015625,0.005326434969902039,22.735633850097656,0.972907304763794,0.023275453597307205,0.008961427258327603
oracle_gate,0828.png,a62013e252fa503920f54b9b1eff9babd501c742d2c82c97d7c22394493ffa12,10.0,1,2899181966,14,3,7168.0,128,12,7308.0,0.03717041015625,0.005291053559631109,22.764577865600586,0.9727824926376343,0.022903423756361008,0.008961427258327603
oracle_gate,0828.png,a62013e252fa503920f54b9b1eff9babd501c742d2c82c97d7c22394493ffa12,10.0,1,2899181966,15,4,8192.0,160,12,8364.0,0.04254150390625,0.005251268856227398,22.7973575592041,0.9735004901885986,0.022793103009462357,0.008961427258327603
oracle_gate,0828.png,a62013e252fa503920f54b9b1eff9babd501c742d2c82c97d7c22394493ffa12,10.0,2,2489433478,0,0,4096.0,32,10,4138.0,0.021046956380208332,0.005375442560762167,22.695858001708984,0.976189374923706,0.02252856269478798,0.009338691001175903
oracle_gate,0828.png,a62013e252fa503920f54b9b1eff9babd501c742d2c82c97d7c22394493ffa12,10.0,2,2489433478,1,1,5120.0,64,12,5196.0,0.02642822265625,0.005775228142738342,22.384309768676758,0.9725379347801208,0.023926667869091034,0.009338691001175903
oracle_gate,0828.png,a62013e252fa503920f54b9b1eff9babd501c742d2c82c97d7c22394493ffa12,10.0,2,2489433478,2,1,5120.0,64,12,5196.0,0.02642822265625,0.005785662215203047,22.376468658447266,0.9723495244979858,0.023903867229819298,0.009338691001175903
oracle_gate,0828.png,a62013e252fa503920f54b9b1eff9babd501c742d2c82c97d7c22394493ffa12,10.0,2,2489433478,3,2,6144.0,96,12,6252.0,0.03179931640625,0.005679633002728224,22.456798553466797,0.9732270240783691,0.023638583719730377,0.009338691001175903
oracle_gate,0828.png,a62013e252fa503920f54b9b1eff9babd501c742d2c82c97d7c22394493ffa12,10.0,2,2489433478,4,1,5120.0,64,12,5196.0,0.02642822265625,0.005845464766025543,22.331809997558594,0.9725002646446228,0.024426661431789398,0.008994576754048467
oracle_gate,0828.png,a62013e252fa503920f54b9b1eff9babd501c742d2c82c97d7c22394493ffa12,10.0,2,2489433478,5,2,6144.0,96,12,6252.0,0.03179931640625,0.005735774524509907,22.414081573486328,0.9731111526489258,0.024093903601169586,0.008994576754048467
oracle_gate,0828.png,a62013e252fa503920f54b9b1eff9babd501c742d2c82c97d7c22394493ffa12,10.0,2,2489433478,6,2,6144.0,96,12,6252.0,0.03179931640625,0.005741061642765999,22.410078048706055,0.9730388522148132,0.02412734180688858,0.008994576754048467
oracle_gate,0828.png,a62013e252fa503920f54b9b1eff9babd501c742d2c82c97d7c22394493ffa12,10.0,2,2489433478,7,3,7168.0,128,12,7308.0,0.03717041015625,0.005644358694553375,22.483854293823242,0.9737862348556519,0.0238048005849123,0.008994576754048467
oracle_gate,0828.png,a62013e252fa503920f54b9b1eff9babd501c742d2c82c97d7c22394493ffa12,10.0,2,2489433478,8,1,5120.0,64,12,5196.0,0.02642822265625,0.005819152109324932,22.351402282714844,0.9726544618606567,0.024312051013112068,0.009206276998156682
oracle_gate,0828.png,a62013e252fa503920f54b9b1eff9babd501c742d2c82c97d7c22394493ffa12,10.0,2,2489433478,9,2,6144.0,96,12,6252.0,0.03179931640625,0.005703662987798452,22.438461303710938,0.973383367061615,0.02401142567396164,0.009206276998156682
oracle_gate,0828.png,a62013e252fa503920f54b9b1eff9babd501c742d2c82c97d7c22394493ffa12,10.0,2,2489433478,10,2,6144.0,96,12,6252.0,0.03179931640625,0.0056994943879544735,22.44163703918457,0.9732221961021423,0.023828046396374702,0.009206276998156682
oracle_gate,0828.png,a62013e252fa503920f54b9b1eff9babd501c742d2c82c97d7c22394493ffa12,10.0,2,2489433478,11,3,7168.0,128,12,7308.0,0.03717041015625,0.005597101058810949,22.520368576049805,0.9740864634513855,0.02357046864926815,0.009206276998156682
oracle_gate,0828.png,a62013e252fa503920f54b9b1eff9babd501c742d2c82c97d7c22394493ffa12,10.0,2,2489433478,12,2,6144.0,96,12,6252.0,0.03179931640625,0.005775701254606247,22.383955001831055,0.9733256101608276,0.024400411173701286,0.009832671261392534
oracle_gate,0828.png,a62013e252fa503920f54b9b1eff9babd501c742d2c82c97d7c22394493ffa12,10.0,2,2489433478,13,3,7168.0,128,12,7308.0,0.03717041015625,0.005672437138855457,22.462303161621094,0.9739153385162354,0.02403843402862549,0.009832671261392534
oracle_gate,0828.png,a62013e252fa503920f54b9b1eff9babd501c742d2c82c97d7c22394493ffa12,10.0,2,2489433478,14,3,7168.0,128,12,7308.0,0.03717041015625,0.005660809110850096,22.471216201782227,0.9738788604736328,0.023919768631458282,0.009832671261392534
oracle_gate,0828.png,a62013e252fa503920f54b9b1eff9babd501c742d2c82c97d7c22394493ffa12,10.0,2,2489433478,15,4,8192.0,160,12,8364.0,0.04254150390625,0.005570768378674984,22.540847778320312,0.9746023416519165,0.02361290343105793,0.009832671261392534
oracle_gate,0828.png,a62013e252fa503920f54b9b1eff9babd501c742d2c82c97d7c22394493ffa12,10.0,3,3934960093,0,0,4096.0,32,10,4138.0,0.021046956380208332,0.005240841768682003,22.805992126464844,0.9759008288383484,0.021568816155195236,0.009845138993114233
oracle_gate,0828.png,a62013e252fa503920f54b9b1eff9babd501c742d2c82c97d7c22394493ffa12,10.0,3,3934960093,1,1,5120.0,64,12,5196.0,0.02642822265625,0.005591925233602524,22.52438735961914,0.9724213480949402,0.021557921543717384,0.009845138993114233
oracle_gate,0828.png,a62013e252fa503920f54b9b1eff9babd501c742d2c82c97d7c22394493ffa12,10.0,3,3934960093,2,1,5120.0,64,12,5196.0,0.02642822265625,0.00560373580083251,22.51522445678711,0.9719201922416687,0.021763410419225693,0.009845138993114233
oracle_gate,0828.png,a62013e252fa503920f54b9b1eff9babd501c742d2c82c97d7c22394493ffa12,10.0,3,3934960093,3,2,6144.0,96,12,6252.0,0.03179931640625,0.0055311075411736965,22.57187843322754,0.9727944135665894,0.021564409136772156,0.009845138993114233
oracle_gate,0828.png,a62013e252fa503920f54b9b1eff9babd501c742d2c82c97d7c22394493ffa12,10.0,3,3934960093,4,1,5120.0,64,12,5196.0,0.02642822265625,0.005607176572084427,22.51255989074707,0.9723801612854004,0.022066384553909302,0.009248755246517248
oracle_gate,0828.png,a62013e252fa503920f54b9b1eff9babd501c742d2c82c97d7c22394493ffa12,10.0,3,3934960093,5,2,6144.0,96,12,6252.0,0.03179931640625,0.00553653109818697,22.567623138427734,0.9729381799697876,0.02184992842376232,0.009248755246517248
oracle_gate,0828.png,a62013e252fa503920f54b9b1eff9babd501c742d2c82c97d7c22394493ffa12,10.0,3,3934960093,6,2,6144.0,96,12,6252.0,0.03179931640625,0.0055382102727890015,22.566307067871094,0.972737193107605,0.021994974464178085,0.009248755246517248
oracle_gate,0828.png,a62013e252fa503920f54b9b1eff9babd501c742d2c82c97d7c22394493ffa12,10.0,3,3934960093,7,3,7168.0,128,12,7308.0,0.03717041015625,0.005480059888213873,22.61214828491211,0.9733027815818787,0.021861091256141663,0.009248755246517248
oracle_gate,0828.png,a62013e252fa503920f54b9b1eff9babd501c742d2c82c97d7c22394493ffa12,10.0,3,3934960093,8,1,5120.0,64,12,5196.0,0.02642822265625,0.005538943689316511,22.565731048583984,0.9731836318969727,0.021533995866775513,0.009500153493718244
oracle_gate,0828.png,a62013e252fa503920f54b9b1eff9babd501c742d2c82c97d7c22394493ffa12,10.0,3,3934960093,9,2,6144.0,96,12,6252.0,0.03179931640625,0.005461457185447216,22.626914978027344,0.9740395545959473,0.021247100085020065,0.009500153493718244
oracle_gate,0828.png,a62013e252fa503920f54b9b1eff9babd501c742d2c82c97d7c22394493ffa12,10.0,3,3934960093,10,2,6144.0,96,12,6252.0,0.03179931640625,0.005468301475048065,22.621477127075195,0.9736374616622925,0.021378232166171074,0.009500153493718244
oracle_gate,0828.png,a62013e252fa503920f54b9b1eff9babd501c742d2c82c97d7c22394493ffa12,10.0,3,3934960093,11,3,7168.0,128,12,7308.0,0.03717041015625,0.005403404124081135,22.673324584960938,0.9744910001754761,0.02119538187980652,0.009500153493718244
oracle_gate,0828.png,a62013e252fa503920f54b9b1eff9babd501c742d2c82c97d7c22394493ffa12,10.0,3,3934960093,12,2,6144.0,96,12,6252.0,0.03179931640625,0.005490257404744625,22.604074478149414,0.9738959074020386,0.021739095449447632,0.00904628200805746
oracle_gate,0828.png,a62013e252fa503920f54b9b1eff9babd501c742d2c82c97d7c22394493ffa12,10.0,3,3934960093,13,3,7168.0,128,12,7308.0,0.03717041015625,0.0054245926439762115,22.656328201293945,0.9744398593902588,0.021535804495215416,0.00904628200805746
oracle_gate,0828.png,a62013e252fa503920f54b9b1eff9babd501c742d2c82c97d7c22394493ffa12,10.0,3,3934960093,14,3,7168.0,128,12,7308.0,0.03717041015625,0.005422509275376797,22.657997131347656,0.974338948726654,0.021621190011501312,0.00904628200805746
oracle_gate,0828.png,a62013e252fa503920f54b9b1eff9babd501c742d2c82c97d7c22394493ffa12,10.0,3,3934960093,15,4,8192.0,160,12,8364.0,0.04254150390625,0.005370929837226868,22.699506759643555,0.9748607873916626,0.02149595133960247,0.00904628200805746
oracle_gate,0829.png,de81c82e13d499226fd96505b6a72f59b6b8506c03ff0b6d06b6393d066f68a4,10.0,0,1579145761,0,0,4096.0,32,10,4138.0,0.021046956380208332,0.006608198396861553,21.799171447753906,0.8938518762588501,0.4472193717956543,0.009394927998073399
oracle_gate,0829.png,de81c82e13d499226fd96505b6a72f59b6b8506c03ff0b6d06b6393d066f68a4,10.0,0,1579145761,1,1,5120.0,64,12,5196.0,0.02642822265625,0.006686056032776833,21.74829864501953,0.891749382019043,0.44489097595214844,0.009394927998073399
oracle_gate,0829.png,de81c82e13d499226fd96505b6a72f59b6b8506c03ff0b6d06b6393d066f68a4,10.0,0,1579145761,2,1,5120.0,64,12,5196.0,0.02642822265625,0.006683698855340481,21.749832153320312,0.8916966915130615,0.4440899193286896,0.009394927998073399
oracle_gate,0829.png,de81c82e13d499226fd96505b6a72f59b6b8506c03ff0b6d06b6393d066f68a4,10.0,0,1579145761,3,2,6144.0,96,12,6252.0,0.03179931640625,0.0066774464212358,21.75389862060547,0.8919736742973328,0.4446658194065094,0.009394927998073399
oracle_gate,0829.png,de81c82e13d499226fd96505b6a72f59b6b8506c03ff0b6d06b6393d066f68a4,10.0,0,1579145761,4,1,5120.0,64,12,5196.0,0.02642822265625,0.00669328635558486,21.743606567382812,0.8916753530502319,0.44496193528175354,0.009740266497828998
oracle_gate,0829.png,de81c82e13d499226fd96505b6a72f59b6b8506c03ff0b6d06b6393d066f68a4,10.0,0,1579145761,5,2,6144.0,96,12,6252.0,0.03179931640625,0.006688152439892292,21.746938705444336,0.8918439149856567,0.4453299939632416,0.009740266497828998
oracle_gate,0829.png,de81c82e13d499226fd96505b6a72f59b6b8506c03ff0b6d06b6393d066f68a4,10.0,0,1579145761,6,2,6144.0,96,12,6252.0,0.03179931640625,0.006682648789137602,21.75051498413086,0.8919296264648438,0.4446033537387848,0.009740266497828998
oracle_gate,0829.png,de81c82e13d499226fd96505b6a72f59b6b8506c03ff0b6d06b6393d066f68a4,10.0,0,1579145761,7,3,7168.0,128,12,7308.0,0.03717041015625,0.006678714416921139,21.753070831298828,0.8921003341674805,0.44501200318336487,0.009740266497828998
oracle_gate,0829.png,de81c82e13d499226fd96505b6a72f59b6b8506c03ff0b6d06b6393d066f68a4,10.0,0,1579145761,8,1,5120.0,64,12,5196.0,0.02642822265625,0.006663552485406399,21.762943267822266,0.8927233219146729,0.4438976049423218,0.00903709874546621
oracle_gate,0829.png,de81c82e13d499226fd96505b6a72f59b6b8506c03ff0b6d06b6393d066f68a4,10.0,0,1579145761,9,2,6144.0,96,12,6252.0,0.03179931640625,0.006653487682342529,21.769506454467773,0.8930659294128418,0.4444575309753418,0.00903709874546621
oracle_gate,0829.png,de81c82e13d499226fd96505b6a72f59b6b8506c03ff0b6d06b6393d066f68a4,10.0,0,1579145761,10,2,6144.0,96,12,6252.0,0.03179931640625,0.006653124000877142,21.769742965698242,0.8928573131561279,0.44429293274879456,0.00903709874546621
oracle_gate,0829.png,de81c82e13d499226fd96505b6a72f59b6b8506c03ff0b6d06b6393d066f68a4,10.0,0,1579145761,11,3,7168.0,128,12,7308.0,0.03717041015625,0.00664548110216856,21.774734497070312,0.8931609988212585,0.444892555475235,0.00903709874546621
oracle_gate,0829.png,de81c82e13d499226fd96505b6a72f59b6b8506c03ff0b6d06b6393d066f68a4,10.0,0,1579145761,12,2,6144.0,96,12,6252.0,0.03179931640625,0.006660440005362034,21.764972686767578,0.893092155456543,0.4452677369117737,0.009297721742768772
oracle_gate,0829.png,de81c82e13d499226fd96505b6a72f59b6b8506c03ff0b6d06b6393d066f68a4,10.0,0,1579145761,13,3,7168.0,128,12,7308.0,0.03717041015625,0.006652780808508396,21.769969940185547,0.8933166861534119,0.4456592798233032,0.009297721742768772
oracle_gate,0829.png,de81c82e13d499226fd96505b6a72f59b6b8506c03ff0b6d06b6393d066f68a4,10.0,0,1579145761,14,3,7168.0,128,12,7308.0,0.03717041015625,0.006649921648204327,21.771835327148438,0.8932164907455444,0.4456283450126648,0.009297721742768772
oracle_gate,0829.png,de81c82e13d499226fd96505b6a72f59b6b8506c03ff0b6d06b6393d066f68a4,10.0,0,1579145761,15,4,8192.0,160,12,8364.0,0.04254150390625,0.006644643843173981,21.775283813476562,0.8934182524681091,0.44608497619628906,0.009297721742768772
oracle_gate,0829.png,de81c82e13d499226fd96505b6a72f59b6b8506c03ff0b6d06b6393d066f68a4,10.0,1,157433270,0,0,4096.0,32,10,4138.0,0.021046956380208332,0.006468862295150757,21.8917236328125,0.8966929316520691,0.44716402888298035,0.009684508491773158
oracle_gate,0829.png,de81c82e13d499226fd96505b6a72f59b6b8506c03ff0b6d06b6393d066f68a4,10.0,1,157433270,1,1,5120.0,64,12,5196.0,0.02642822265625,0.006557349115610123,21.83271598815918,0.8950017690658569,0.44524630904197693,0.009684508491773158
oracle_gate,0829.png,de81c82e13d499226fd96505b6a72f59b6b8506c03ff0b6d06b6393d066f68a4,10.0,1,157433270,2,1,5120.0,64,12,5196.0,0.02642822265625,0.006568240933120251,21.825511932373047,0.8950735330581665,0.44600534439086914,0.009684508491773158
oracle_gate,0829.png,de81c82e13d499226fd96505b6a72f59b6b8506c03ff0b6d06b6393d066f68a4,10.0,1,157433270,3,2,6144.0,96,12,6252.0,0.03179931640625,0.00654292106628418,21.84228515625,0.8955204486846924,0.445269376039505,0.009684508491773158
oracle_gate,0829.png,de81c82e13d499226fd96505b6a72f59b6b8506c03ff0b6d06b6393d066f68a4,10.0,1,157433270,4,1,5120.0,64,12,5196.0,0.02642822265625,0.006573822349309921,21.821821212768555,0.8949089050292969,0.44638264179229736,0.009429572251974605
oracle_gate,0829.png,de81c82e13d499226fd96505b6a72f59b6b8506c03ff0b6d06b6393d066f68a4,10.0,1,157433270,5,2,6144.0,96,12,6252.0,0.03179931640625,0.006545716430991888,21.840429306030273,0.8953220248222351,0.44569289684295654,0.009429572251974605
oracle_gate,0829.png,de81c82e13d499226fd96505b6a72f59b6b8506c03ff0b6d06b6393d066f68a4,10.0,1,157433270,6,2,6144.0,96,12,6252.0,0.03179931640625,0.006554814055562019,21.834396362304688,0.8954340219497681,0.4469929039478302,0.009429572251974605
oracle_gate,0829.png,de81c82e13d499226fd96505b6a72f59b6b8506c03ff0b6d06b6393d066f68a4,10.0,1,157433270,7,3,7168.0,128,12,7308.0,0.03717041015625,0.006531397812068462,21.849937438964844,0.8958379030227661,0.4457467198371887,0.009429572251974605
oracle_gate,0829.png,de81c82e13d499226fd96505b6a72f59b6b8506c03ff0b6d06b6393d066f68a4,10.0,1,157433270,8,1,5120.0,64,12,5196.0,0.02642822265625,0.006576081272214651,21.820327758789062,0.8948166370391846,0.44459056854248047,0.009192362238536589
oracle_gate,0829.png,de81c82e13d499226fd96505b6a72f59b6b8506c03ff0b6d06b6393d066f68a4,10.0,1,157433270,9,2,6144.0,96,12,6252.0,0.03179931640625,0.006545159965753555,21.840797424316406,0.8952914476394653,0.4443742632865906,0.009192362238536589
oracle_gate,0829.png,de81c82e13d499226fd96505b6a72f59b6b8506c03ff0b6d06b6393d066f68a4,10.0,1,157433270,10,2,6144.0,96,12,6252.0,0.03179931640625,0.006559283938258886,21.831436157226562,0.8953452110290527,0.44499289989471436,0.009192362238536589
oracle_gate,0829.png,de81c82e13d499226fd96505b6a72f59b6b8506c03ff0b6d06b6393d066f68a4,10.0,1,157433270,11,3,7168.0,128,12,7308.0,0.03717041015625,0.00653336476534605,21.848630905151367,0.8957972526550293,0.44419991970062256,0.009192362238536589
oracle_gate,0829.png,de81c82e13d499226fd96505b6a72f59b6b8506c03ff0b6d06b6393d066f68a4,10.0,1,157433270,12,2,6144.0,96,12,6252.0,0.03179931640625,0.0065684132277965546,21.825397491455078,0.8950490355491638,0.4458203911781311,0.009540879749692976
oracle_gate,0829.png,de81c82e13d499226fd96505b6a72f59b6b8506c03ff0b6d06b6393d066f68a4,10.0,1,157433270,13,3,7168.0,128,12,7308.0,0.03717041015625,0.006539873778820038,21.844308853149414,0.8954622149467468,0.44515275955200195,0.009540879749692976
oracle_gate,0829.png,de81c82e13d499226fd96505b6a72f59b6b8506c03ff0b6d06b6393d066f68a4,10.0,1,157433270,14,3,7168.0,128,12,7308.0,0.03717041015625,0.006551991682499647,21.836265563964844,0.895560622215271,0.44623130559921265,0.009540879749692976
oracle_gate,0829.png,de81c82e13d499226fd96505b6a72f59b6b8506c03ff0b6d06b6393d066f68a4,10.0,1,157433270,15,4,8192.0,160,12,8364.0,0.04254150390625,0.006528205703943968,21.85206413269043,0.8959633708000183,0.44491517543792725,0.009540879749692976
oracle_gate,0829.png,de81c82e13d499226fd96505b6a72f59b6b8506c03ff0b6d06b6393d066f68a4,10.0,2,3629037803,0,0,4096.0,32,10,4138.0,0.021046956380208332,0.0064669400453567505,21.89301300048828,0.8975399732589722,0.45121335983276367,0.009070777261513285
oracle_gate,0829.png,de81c82e13d499226fd96505b6a72f59b6b8506c03ff0b6d06b6393d066f68a4,10.0,2,3629037803,1,1,5120.0,64,12,5196.0,0.02642822265625,0.0065359435975551605,21.84691619873047,0.8958742022514343,0.4480964243412018,0.009070777261513285
oracle_gate,0829.png,de81c82e13d499226fd96505b6a72f59b6b8506c03ff0b6d06b6393d066f68a4,10.0,2,3629037803,2,1,5120.0,64,12,5196.0,0.02642822265625,0.006557456683367491,21.8326473236084,0.8956609964370728,0.4486873149871826,0.009070777261513285
oracle_gate,0829.png,de81c82e13d499226fd96505b6a72f59b6b8506c03ff0b6d06b6393d066f68a4,10.0,2,3629037803,3,2,6144.0,96,12,6252.0,0.03179931640625,0.006523920223116875,21.854915618896484,0.896246075630188,0.4480774700641632,0.009070777261513285
oracle_gate,0829.png,de81c82e13d499226fd96505b6a72f59b6b8506c03ff0b6d06b6393d066f68a4,10.0,2,3629037803,4,1,5120.0,64,12,5196.0,0.02642822265625,0.006553959101438522,21.834964752197266,0.8955783247947693,0.45044076442718506,0.009072346249013208
oracle_gate,0829.png,de81c82e13d499226fd96505b6a72f59b6b8506c03ff0b6d06b6393d066f68a4,10.0,2,3629037803,5,2,6144.0,96,12,6252.0,0.03179931640625,0.006520912982523441,21.856918334960938,0.8962051868438721,0.448899507522583,0.009072346249013208
oracle_gate,0829.png,de81c82e13d499226fd96505b6a72f59b6b8506c03ff0b6d06b6393d066f68a4,10.0,2,3629037803,6,2,6144.0,96,12,6252.0,0.03179931640625,0.006537383422255516,21.84596061706543,0.8960909247398376,0.45009732246398926,0.009072346249013208
oracle_gate,0829.png,de81c82e13d499226fd96505b6a72f59b6b8506c03ff0b6d06b6393d066f68a4,10.0,2,3629037803,7,3,7168.0,128,12,7308.0,0.03717041015625,0.006509158760309219,21.864749908447266,0.8965883255004883,0.44896379113197327,0.009072346249013208
oracle_gate,0829.png,de81c82e13d499226fd96505b6a72f59b6b8506c03ff0b6d06b6393d066f68a4,10.0,2,3629037803,8,1,5120.0,64,12,5196.0,0.02642822265625,0.006568815093487501,21.825130462646484,0.8952540159225464,0.44842228293418884,0.009074051748029888
oracle_gate,0829.png,de81c82e13d499226fd96505b6a72f59b6b8506c03ff0b6d06b6393d066f68a4,10.0,2,3629037803,9,2,6144.0,96,12,6252.0,0.03179931640625,0.006530269049108028,21.850690841674805,0.8959590792655945,0.44723156094551086,0.009074051748029888
oracle_gate,0829.png,de81c82e13d499226fd96505b6a72f59b6b8506c03ff0b6d06b6393d066f68a4,10.0,2,3629037803,10,2,6144.0,96,12,6252.0,0.03179931640625,0.00655157258734107,21.836545944213867,0.8957597613334656,0.44827717542648315,0.009074051748029888
oracle_gate,0829.png,de81c82e13d499226fd96505b6a72f59b6b8506c03ff0b6d06b6393d066f68a4,10.0,2,3629037803,11,3,7168.0,128,12,7308.0,0.03717041015625,0.006518049165606499,21.85882568359375,0.8963317275047302,0.4475597143173218,0.009074051748029888
oracle_gate,0829.png,de81c82e13d499226fd96505b6a72f59b6b8506c03ff0b6d06b6393d066f68a4,10.0,2,3629037803,12,2,6144.0,96,12,6252.0,0.03179931640625,0.006550436373800039,21.837299346923828,0.8956295847892761,0.45027345418930054,0.009399548755027354
oracle_gate,0829.png,de81c82e13d499226fd96505b6a72f59b6b8506c03ff0b6d06b6393d066f68a4,10.0,2,3629037803,13,3,7168.0,128,12,7308.0,0.03717041015625,0.006517132744193077,21.85943603515625,0.8962535858154297,0.4487229585647583,0.009399548755027354
oracle_gate,0829.png,de81c82e13d499226fd96505b6a72f59b6b8506c03ff0b6d06b6393d066f68a4,10.0,2,3629037803,14,3,7168.0,128,12,7308.0,0.03717041015625,0.006533612962812185,21.848466873168945,0.8961321115493774,0.45026129484176636,0.009399548755027354
oracle_gate,0829.png,de81c82e13d499226fd96505b6a72f59b6b8506c03ff0b6d06b6393d066f68a4,10.0,2,3629037803,15,4,8192.0,160,12,8364.0,0.04254150390625,0.006504781544208527,21.867673873901367,0.8966338634490967,0.44903719425201416,0.009399548755027354
oracle_gate,0829.png,de81c82e13d499226fd96505b6a72f59b6b8506c03ff0b6d06b6393d066f68a4,10.0,3,992087282,0,0,4096.0,32,10,4138.0,0.021046956380208332,0.006460091099143028,21.897613525390625,0.8968371748924255,0.46111270785331726,0.00875639874720946
oracle_gate,0829.png,de81c82e13d499226fd96505b6a72f59b6b8506c03ff0b6d06b6393d066f68a4,10.0,3,992087282,1,1,5120.0,64,12,5196.0,0.02642822265625,0.00656842952594161,21.82538604736328,0.8951272368431091,0.4584640860557556,0.00875639874720946
oracle_gate,0829.png,de81c82e13d499226fd96505b6a72f59b6b8506c03ff0b6d06b6393d066f68a4,10.0,3,992087282,2,1,5120.0,64,12,5196.0,0.02642822265625,0.006595763843506575,21.807348251342773,0.8947846293449402,0.4596303701400757,0.00875639874720946
oracle_gate,0829.png,de81c82e13d499226fd96505b6a72f59b6b8506c03ff0b6d06b6393d066f68a4,10.0,3,992087282,3,2,6144.0,96,12,6252.0,0.03179931640625,0.006558539345860481,21.83193016052246,0.8953684568405151,0.4592694044113159,0.00875639874720946
oracle_gate,0829.png,de81c82e13d499226fd96505b6a72f59b6b8506c03ff0b6d06b6393d066f68a4,10.0,3,992087282,4,1,5120.0,64,12,5196.0,0.02642822265625,0.006593734957277775,21.808685302734375,0.8950037956237793,0.4602891206741333,0.005524674750631675
oracle_gate,0829.png,de81c82e13d499226fd96505b6a72f59b6b8506c03ff0b6d06b6393d066f68a4,10.0,3,992087282,5,2,6144.0,96,12,6252.0,0.03179931640625,0.0065640974789857864,21.828250885009766,0.8953069448471069,0.45974013209342957,0.005524674750631675
oracle_gate,0829.png,de81c82e13d499226fd96505b6a72f59b6b8506c03ff0b6d06b6393d066f68a4,10.0,3,992087282,6,2,6144.0,96,12,6252.0,0.03179931640625,0.006586107891052961,21.81371307373047,0.8951787352561951,0.46142542362213135,0.005524674750631675
oracle_gate,0829.png,de81c82e13d499226fd96505b6a72f59b6b8506c03ff0b6d06b6393d066f68a4,10.0,3,992087282,7,3,7168.0,128,12,7308.0,0.03717041015625,0.006553666200488806,21.835155487060547,0.8955644369125366,0.46064701676368713,0.005524674750631675
oracle_gate,0829.png,de81c82e13d499226fd96505b6a72f59b6b8506c03ff0b6d06b6393d066f68a4,10.0,3,992087282,8,1,5120.0,64,12,5196.0,0.02642822265625,0.006579790264368057,21.81787872314453,0.8952592611312866,0.4580880403518677,0.009746593001182191
oracle_gate,0829.png,de81c82e13d499226fd96505b6a72f59b6b8506c03ff0b6d06b6393d066f68a4,10.0,3,992087282,9,2,6144.0,96,12,6252.0,0.03179931640625,0.006545437034219503,21.840612411499023,0.8957659602165222,0.4578835070133209,0.009746593001182191
oracle_gate,0829.png,de81c82e13d499226fd96505b6a72f59b6b8506c03ff0b6d06b6393d066f68a4,10.0,3,992087282,10,2,6144.0,96,12,6252.0,0.03179931640625,0.00657427404075861,21.821521759033203,0.8954521417617798,0.45836713910102844,0.009746593001182191
oracle_gate,0829.png,de81c82e13d499226fd96505b6a72f59b6b8506c03ff0b6d06b6393d066f68a4,10.0,3,992087282,11,3,7168.0,128,12,7308.0,0.03717041015625,0.006537237204611301,21.846057891845703,0.8960355520248413,0.4580620229244232,0.009746593001182191
oracle_gate,0829.png,de81c82e13d499226fd96505b6a72f59b6b8506c03ff0b6d06b6393d066f68a4,10.0,3,992087282,12,2,6144.0,96,12,6252.0,0.03179931640625,0.006572005804628134,21.823020935058594,0.8956453204154968,0.4593965411186218,0.008975452248705551
oracle_gate,0829.png,de81c82e13d499226fd96505b6a72f59b6b8506c03ff0b6d06b6393d066f68a4,10.0,3,992087282,13,3,7168.0,128,12,7308.0,0.03717041015625,0.006541924085468054,21.842945098876953,0.8959546089172363,0.45885390043258667,0.008975452248705551
oracle_gate,0829.png,de81c82e13d499226fd96505b6a72f59b6b8506c03ff0b6d06b6393d066f68a4,10.0,3,992087282,14,3,7168.0,128,12,7308.0,0.03717041015625,0.006566344760358334,21.826763153076172,0.8958382606506348,0.4598504900932312,0.008975452248705551
oracle_gate,0829.png,de81c82e13d499226fd96505b6a72f59b6b8506c03ff0b6d06b6393d066f68a4,10.0,3,992087282,15,4,8192.0,160,12,8364.0,0.04254150390625,0.006533652078360319,21.848440170288086,0.896226167678833,0.4590727984905243,0.008975452248705551
oracle_gate,0830.png,4eb18566ab01447a06daf0314a3711aa78cea5ca0eaa47cfedafbceeb6dd0a3e,10.0,0,1560562262,0,0,4096.0,32,10,4138.0,0.021046956380208332,0.0032747150398790836,24.8482666015625,0.9531124830245972,0.20414099097251892,0.010254581007757224
oracle_gate,0830.png,4eb18566ab01447a06daf0314a3711aa78cea5ca0eaa47cfedafbceeb6dd0a3e,10.0,0,1560562262,1,1,5120.0,64,12,5196.0,0.02642822265625,0.0032508671283721924,24.880008697509766,0.9520584344863892,0.20581680536270142,0.010254581007757224
oracle_gate,0830.png,4eb18566ab01447a06daf0314a3711aa78cea5ca0eaa47cfedafbceeb6dd0a3e,10.0,0,1560562262,2,1,5120.0,64,12,5196.0,0.02642822265625,0.0034657143987715244,24.60207176208496,0.9501456022262573,0.20628240704536438,0.010254581007757224
oracle_gate,0830.png,4eb18566ab01447a06daf0314a3711aa78cea5ca0eaa47cfedafbceeb6dd0a3e,10.0,0,1560562262,3,2,6144.0,96,12,6252.0,0.03179931640625,0.0033965236507356167,24.689653396606445,0.9510793685913086,0.20678120851516724,0.010254581007757224
oracle_gate,0830.png,4eb18566ab01447a06daf0314a3711aa78cea5ca0eaa47cfedafbceeb6dd0a3e,10.0,0,1560562262,4,1,5120.0,64,12,5196.0,0.02642822265625,0.003293189685791731,24.823833465576172,0.9513441920280457,0.20442627370357513,0.009199992244248278
oracle_gate,0830.png,4eb18566ab01447a06daf0314a3711aa78cea5ca0eaa47cfedafbceeb6dd0a3e,10.0,0,1560562262,5,2,6144.0,96,12,6252.0,0.03179931640625,0.0032349908724427223,24.90127182006836,0.9522838592529297,0.20472031831741333,0.009199992244248278
oracle_gate,0830.png,4eb18566ab01447a06daf0314a3711aa78cea5ca0eaa47cfedafbceeb6dd0a3e,10.0,0,1560562262,6,2,6144.0,96,12,6252.0,0.03179931640625,0.003431005170568824,24.64578628540039,0.9504703283309937,0.20527338981628418,0.009199992244248278
oracle_gate,0830.png,4eb18566ab01447a06daf0314a3711aa78cea5ca0eaa47cfedafbceeb6dd0a3e,10.0,0,1560562262,7,3,7168.0,128,12,7308.0,0.03717041015625,0.0033827524166554213,24.707298278808594,0.951266884803772,0.2056698203086853,0.009199992244248278
oracle_gate,0830.png,4eb18566ab01447a06daf0314a3711aa78cea5ca0eaa47cfedafbceeb6dd0a3e,10.0,0,1560562262,8,1,5120.0,64,12,5196.0,0.02642822265625,0.0033210813999176025,24.78720474243164,0.9514068365097046,0.20346719026565552,0.009567354994942434
oracle_gate,0830.png,4eb18566ab01447a06daf0314a3711aa78cea5ca0eaa47cfedafbceeb6dd0a3e,10.0,0,1560562262,9,2,6144.0,96,12,6252.0,0.03179931640625,0.0032406949903815985,24.893619537353516,0.9524819254875183,0.2038811892271042,0.009567354994942434
oracle_gate,0830.png,4eb18566ab01447a06daf0314a3711aa78cea5ca0eaa47cfedafbceeb6dd0a3e,10.0,0,1560562262,10,2,6144.0,96,12,6252.0,0.03179931640625,0.0034577669575810432,24.612043380737305,0.9505813121795654,0.2046108990907669,0.009567354994942434
oracle_gate,0830.png,4eb18566ab01447a06daf0314a3711aa78cea5ca0eaa47cfedafbceeb6dd0a3e,10.0,0,1560562262,11,3,7168.0,128,12,7308.0,0.03717041015625,0.0033900346606969833,24.697959899902344,0.951494574546814,0.20511311292648315,0.009567354994942434
oracle_gate,0830.png,4eb18566ab01447a06daf0314a3711aa78cea5ca0eaa47cfedafbceeb6dd0a3e,10.0,0,1560562262,12,2,6144.0,96,12,6252.0,0.03179931640625,0.003279772587120533,24.841564178466797,0.9518649578094482,0.20301415026187897,0.009530523500870913
oracle_gate,0830.png,4eb18566ab01447a06daf0314a3711aa78cea5ca0eaa47cfedafbceeb6dd0a3e,10.0,0,1560562262,13,3,7168.0,128,12,7308.0,0.03717041015625,0.0032221656292676926,24.918519973754883,0.9527923464775085,0.20331545174121857,0.009530523500870913
oracle_gate,0830.png,4eb18566ab01447a06daf0314a3711aa78cea5ca0eaa47cfedafbceeb6dd0a3e,10.0,0,1560562262,14,3,7168.0,128,12,7308.0,0.03717041015625,0.003419840708374977,24.659940719604492,0.951013445854187,0.20413151383399963,0.009530523500870913
oracle_gate,0830.png,4eb18566ab01447a06daf0314a3711aa78cea5ca0eaa47cfedafbceeb6dd0a3e,10.0,0,1560562262,15,4,8192.0,160,12,8364.0,0.04254150390625,0.0033725090324878693,24.720468521118164,0.951810359954834,0.20456838607788086,0.009530523500870913
oracle_gate,0830.png,4eb18566ab01447a06daf0314a3711aa78cea5ca0eaa47cfedafbceeb6dd0a3e,10.0,1,2450838457,0,0,4096.0,32,10,4138.0,0.021046956380208332,0.0032230913639068604,24.917274475097656,0.952590823173523,0.21572570502758026,0.009002031249110587
oracle_gate,0830.png,4eb18566ab01447a06daf0314a3711aa78cea5ca0eaa47cfedafbceeb6dd0a3e,10.0,1,2450838457,1,1,5120.0,64,12,5196.0,0.02642822265625,0.003273028414696455,24.85050392150879,0.9516512751579285,0.21743716299533844,0.009002031249110587
oracle_gate,0830.png,4eb18566ab01447a06daf0314a3711aa78cea5ca0eaa47cfedafbceeb6dd0a3e,10.0,1,2450838457,2,1,5120.0,64,12,5196.0,0.02642822265625,0.003322045784443617,24.78594207763672,0.951084554195404,0.21767622232437134,0.009002031249110587
oracle_gate,0830.png,4eb18566ab01447a06daf0314a3711aa78cea5ca0eaa47cfedafbceeb6dd0a3e,10.0,1,2450838457,3,2,6144.0,96,12,6252.0,0.03179931640625,0.0032641557045280933,24.86229133605957,0.9520130157470703,0.21739248931407928,0.009002031249110587
oracle_gate,0830.png,4eb18566ab01447a06daf0314a3711aa78cea5ca0eaa47cfedafbceeb6dd0a3e,10.0,1,2450838457,4,1,5120.0,64,12,5196.0,0.02642822265625,0.003324759192764759,24.782398223876953,0.9510008096694946,0.21654798090457916,0.008992480507004075
oracle_gate,0830.png,4eb18566ab01447a06daf0314a3711aa78cea5ca0eaa47cfedafbceeb6dd0a3e,10.0,1,2450838457,5,2,6144.0,96,12,6252.0,0.03179931640625,0.0032601780258119106,24.86758804321289,0.951938807964325,0.21634094417095184,0.008992480507004075
oracle_gate,0830.png,4eb18566ab01447a06daf0314a3711aa78cea5ca0eaa47cfedafbceeb6dd0a3e,10.0,1,2450838457,6,2,6144.0,96,12,6252.0,0.03179931640625,0.0032977182418107986,24.8178653717041,0.9514909982681274,0.2166035920381546,0.008992480507004075
oracle_gate,0830.png,4eb18566ab01447a06daf0314a3711aa78cea5ca0eaa47cfedafbceeb6dd0a3e,10.0,1,2450838457,7,3,7168.0,128,12,7308.0,0.03717041015625,0.003251343499869108,24.879371643066406,0.9522928595542908,0.21634168922901154,0.008992480507004075
oracle_gate,0830.png,4eb18566ab01447a06daf0314a3711aa78cea5ca0eaa47cfedafbceeb6dd0a3e,10.0,1,2450838457,8,1,5120.0,64,12,5196.0,0.02642822265625,0.0033475751988589764,24.752696990966797,0.9504214525222778,0.2161514312028885,0.009132960243732668
oracle_gate,0830.png,4eb18566ab01447a06daf0314a3711aa78cea5ca0eaa47cfedafbceeb6dd0a3e,10.0,1,2450838457,9,2,6144.0,96,12,6252.0,0.03179931640625,0.003269578330218792,24.855083465576172,0.9515030384063721,0.21589310467243195,0.009132960243732668
oracle_gate,0830.png,4eb18566ab01447a06daf0314a3711aa78cea5ca0eaa47cfedafbceeb6dd0a3e,10.0,1,2450838457,10,2,6144.0,96,12,6252.0,0.03179931640625,0.003317462280392647,24.791942596435547,0.9509458541870117,0.21608641743659973,0.009132960243732668
oracle_gate,0830.png,4eb18566ab01447a06daf0314a3711aa78cea5ca0eaa47cfedafbceeb6dd0a3e,10.0,1,2450838457,11,3,7168.0,128,12,7308.0,0.03717041015625,0.003260188503190875,24.867572784423828,0.9518849849700928,0.21582552790641785,0.009132960243732668
oracle_gate,0830.png,4eb18566ab01447a06daf0314a3711aa78cea5ca0eaa47cfedafbceeb6dd0a3e,10.0,1,2450838457,12,2,6144.0,96,12,6252.0,0.03179931640625,0.0033207039814442396,24.787700653076172,0.9509068727493286,0.21547558903694153,0.009200294749462046
oracle_gate,0830.png,4eb18566ab01447a06daf0314a3711aa78cea5ca0eaa47cfedafbceeb6dd0a3e,10.0,1,2450838457,13,3,7168.0,128,12,7308.0,0.03717041015625,0.0032569391187280416,24.871904373168945,0.9518253207206726,0.2153339684009552,0.009200294749462046
oracle_gate,0830.png,4eb18566ab01447a06daf0314a3711aa78cea5ca0eaa47cfedafbceeb6dd0a3e,10.0,1,2450838457,14,3,7168.0,128,12,7308.0,0.03717041015625,0.003293085377663374,24.823970794677734,0.9514216184616089,0.215458482503891,0.009200294749462046
oracle_gate,0830.png,4eb18566ab01447a06daf0314a3711aa78cea5ca0eaa47cfedafbceeb6dd0a3e,10.0,1,2450838457,15,4,8192.0,160,12,8364.0,0.04254150390625,0.0032472710590809584,24.884815216064453,0.9522161483764648,0.21526017785072327,0.009200294749462046
oracle_gate,0830.png,4eb18566ab01447a06daf0314a3711aa78cea5ca0eaa47cfedafbceeb6dd0a3e,10.0,2,3953821543,0,0,4096.0,32,10,4138.0,0.021046956380208332,0.003356431145220995,24.741222381591797,0.9504481554031372,0.20798200368881226,0.00934786000289023
oracle_gate,0830.png,4eb18566ab01447a06daf0314a3711aa78cea5ca0eaa47cfedafbceeb6dd0a3e,10.0,2,3953821543,1,1,5120.0,64,12,5196.0,0.02642822265625,0.0034631076268851757,24.6053409576416,0.9493209719657898,0.21023887395858765,0.00934786000289023
oracle_gate,0830.png,4eb18566ab01447a06daf0314a3711aa78cea5ca0eaa47cfedafbceeb6dd0a3e,10.0,2,3953821543,2,1,5120.0,64,12,5196.0,0.02642822265625,0.0035035773180425167,24.55488395690918,0.94871586561203,0.2084648460149765,0.00934786000289023
oracle_gate,0830.png,4eb18566ab01447a06daf0314a3711aa78cea5ca0eaa47cfedafbceeb6dd0a3e,10.0,2,3953821543,3,2,6144.0,96,12,6252.0,0.03179931640625,0.0034599320497363806,24.609325408935547,0.9493160247802734,0.20966945588588715,0.00934786000289023
oracle_gate,0830.png,4eb18566ab01447a06daf0314a3711aa78cea5ca0eaa47cfedafbceeb6dd0a3e,10.0,2,3953821543,4,1,5120.0,64,12,5196.0,0.02642822265625,0.0034731938503682613,24.592708587646484,0.9488809108734131,0.20914053916931152,0.009262591745937243
oracle_gate,0830.png,4eb18566ab01447a06daf0314a3711aa78cea5ca0eaa47cfedafbceeb6dd0a3e,10.0,2,3953821543,5,2,6144.0,96,12,6252.0,0.03179931640625,0.0034109828993678093,24.67120361328125,0.9497002959251404,0.21036675572395325,0.009262591745937243
oracle_gate,0830.png,4eb18566ab01447a06daf0314a3711aa78cea5ca0eaa47cfedafbceeb6dd0a3e,10.0,2,3953821543,6,2,6144.0,96,12,6252.0,0.03179931640625,0.0034437160938978195,24.62972640991211,0.9492104053497314,0.2088301181793213,0.009262591745937243
oracle_gate,0830.png,4eb18566ab01447a06daf0314a3711aa78cea5ca0eaa47cfedafbceeb6dd0a3e,10.0,2,3953821543,7,3,7168.0,128,12,7308.0,0.03717041015625,0.0034078857861459255,24.67514991760254,0.949680507183075,0.20978887379169464,0.009262591745937243
oracle_gate,0830.png,4eb18566ab01447a06daf0314a3711aa78cea5ca0eaa47cfedafbceeb6dd0a3e,10.0,2,3953821543,8,1,5120.0,64,12,5196.0,0.02642822265625,0.0035324441269040108,24.519248962402344,0.9484665393829346,0.2082211971282959,0.009092615742702037
oracle_gate,0830.png,4eb18566ab01447a06daf0314a3711aa78cea5ca0eaa47cfedafbceeb6dd0a3e,10.0,2,3953821543,9,2,6144.0,96,12,6252.0,0.03179931640625,0.0034615956246852875,24.607236862182617,0.9494249224662781,0.20961061120033264,0.009092615742702037
oracle_gate,0830.png,4eb18566ab01447a06daf0314a3711aa78cea5ca0eaa47cfedafbceeb6dd0a3e,10.0,2,3953821543,10,2,6144.0,96,12,6252.0,0.03179931640625,0.0035015761386603117,24.557363510131836,0.9488903880119324,0.20783139765262604,0.009092615742702037
oracle_gate,0830.png,4eb18566ab01447a06daf0314a3711aa78cea5ca0eaa47cfedafbceeb6dd0a3e,10.0,2,3953821543,11,3,7168.0,128,12,7308.0,0.03717041015625,0.003458228660747409,24.61146354675293,0.949519157409668,0.2089684009552002,0.009092615742702037
oracle_gate,0830.png,4eb18566ab01447a06daf0314a3711aa78cea5ca0eaa47cfedafbceeb6dd0a3e,10.0,2,3953821543,12,2,6144.0,96,12,6252.0,0.03179931640625,0.003477568505331874,24.587242126464844,0.9488900899887085,0.20898884534835815,0.009146981741650961
oracle_gate,0830.png,4eb18566ab01447a06daf0314a3711aa78cea5ca0eaa47cfedafbceeb6dd0a3e,10.0,2,3953821543,13,3,7168.0,128,12,7308.0,0.03717041015625,0.0034159072674810886,24.664939880371094,0.9496952891349792,0.21016566455364227,0.009146981741650961
oracle_gate,0830.png,4eb18566ab01447a06daf0314a3711aa78cea5ca0eaa47cfedafbceeb6dd0a3e,10.0,2,3953821543,14,3,7168.0,128,12,7308.0,0.03717041015625,0.003447718918323517,24.62468147277832,0.949312686920166,0.2086169421672821,0.009146981741650961
oracle_gate,0830.png,4eb18566ab01447a06daf0314a3711aa78cea5ca0eaa47cfedafbceeb6dd0a3e,10.0,2,3953821543,15,4,8192.0,160,12,8364.0,0.04254150390625,0.0034125614911317825,24.66919708251953,0.9497836828231812,0.2095424085855484,0.009146981741650961
oracle_gate,0830.png,4eb18566ab01447a06daf0314a3711aa78cea5ca0eaa47cfedafbceeb6dd0a3e,10.0,3,3375820023,0,0,4096.0,32,10,4138.0,0.021046956380208332,0.0031780670396983624,24.978370666503906,0.9516639113426208,0.2045135796070099,0.009480648499447852
oracle_gate,0830.png,4eb18566ab01447a06daf0314a3711aa78cea5ca0eaa47cfedafbceeb6dd0a3e,10.0,3,3375820023,1,1,5120.0,64,12,5196.0,0.02642822265625,0.003255543764680624,24.873764038085938,0.9503552317619324,0.2038150429725647,0.009480648499447852
oracle_gate,0830.png,4eb18566ab01447a06daf0314a3711aa78cea5ca0eaa47cfedafbceeb6dd0a3e,10.0,3,3375820023,2,1,5120.0,64,12,5196.0,0.02642822265625,0.0032838822808116674,24.836124420166016,0.9499949812889099,0.2037513107061386,0.009480648499447852
oracle_gate,0830.png,4eb18566ab01447a06daf0314a3711aa78cea5ca0eaa47cfedafbceeb6dd0a3e,10.0,3,3375820023,3,2,6144.0,96,12,6252.0,0.03179931640625,0.003245556727051735,24.887107849121094,0.9506794810295105,0.2042088359594345,0.009480648499447852
oracle_gate,0830.png,4eb18566ab01447a06daf0314a3711aa78cea5ca0eaa47cfedafbceeb6dd0a3e,10.0,3,3375820023,4,1,5120.0,64,12,5196.0,0.02642822265625,0.0032847635447978973,24.834959030151367,0.9496612548828125,0.2037523090839386,0.009255554003175348
oracle_gate,0830.png,4eb18566ab01447a06daf0314a3711aa78cea5ca0eaa47cfedafbceeb6dd0a3e,10.0,3,3375820023,5,2,6144.0,96,12,6252.0,0.03179931640625,0.003233585273846984,24.903156280517578,0.9506139159202576,0.20408011972904205,0.009255554003175348
oracle_gate,0830.png,4eb18566ab01447a06daf0314a3711aa78cea5ca0eaa47cfedafbceeb6dd0a3e,10.0,3,3375820023,6,2,6144.0,96,12,6252.0,0.03179931640625,0.003252842929214239,24.877368927001953,0.9503381252288818,0.20404943823814392,0.009255554003175348
oracle_gate,0830.png,4eb18566ab01447a06daf0314a3711aa78cea5ca0eaa47cfedafbceeb6dd0a3e,10.0,3,3375820023,7,3,7168.0,128,12,7308.0,0.03717041015625,0.003223960055038333,24.916105270385742,0.9509362578392029,0.20443595945835114,0.009255554003175348
oracle_gate,0830.png,4eb18566ab01447a06daf0314a3711aa78cea5ca0eaa47cfedafbceeb6dd0a3e,10.0,3,3375820023,8,1,5120.0,64,12,5196.0,0.02642822265625,0.0033050659112632275,24.808198928833008,0.9494904279708862,0.20297101140022278,0.009145780495600775
oracle_gate,0830.png,4eb18566ab01447a06daf0314a3711aa78cea5ca0eaa47cfedafbceeb6dd0a3e,10.0,3,3375820023,9,2,6144.0,96,12,6252.0,0.03179931640625,0.003243018640205264,24.890506744384766,0.9505624175071716,0.20323434472084045,0.009145780495600775
oracle_gate,0830.png,4eb18566ab01447a06daf0314a3711aa78cea5ca0eaa47cfedafbceeb6dd0a3e,10.0,3,3375820023,10,2,6144.0,96,12,6252.0,0.03179931640625,0.003272765316069126,24.850849151611328,0.9501916170120239,0.20307070016860962,0.009145780495600775
oracle_gate,0830.png,4eb18566ab01447a06daf0314a3711aa78cea5ca0eaa47cfedafbceeb6dd0a3e,10.0,3,3375820023,11,3,7168.0,128,12,7308.0,0.03717041015625,0.0032349105458706617,24.901378631591797,0.9508819580078125,0.20350603759288788,0.009145780495600775
oracle_gate,0830.png,4eb18566ab01447a06daf0314a3711aa78cea5ca0eaa47cfedafbceeb6dd0a3e,10.0,3,3375820023,12,2,6144.0,96,12,6252.0,0.03179931640625,0.0032749350648373365,24.84797477722168,0.949849545955658,0.2036381959915161,0.008784339006524533
oracle_gate,0830.png,4eb18566ab01447a06daf0314a3711aa78cea5ca0eaa47cfedafbceeb6dd0a3e,10.0,3,3375820023,13,3,7168.0,128,12,7308.0,0.03717041015625,0.003224782645702362,24.914997100830078,0.9508100748062134,0.20391786098480225,0.008784339006524533
oracle_gate,0830.png,4eb18566ab01447a06daf0314a3711aa78cea5ca0eaa47cfedafbceeb6dd0a3e,10.0,3,3375820023,14,3,7168.0,128,12,7308.0,0.03717041015625,0.0032449185382574797,24.887962341308594,0.950539767742157,0.20377272367477417,0.008784339006524533
oracle_gate,0830.png,4eb18566ab01447a06daf0314a3711aa78cea5ca0eaa47cfedafbceeb6dd0a3e,10.0,3,3375820023,15,4,8192.0,160,12,8364.0,0.04254150390625,0.0032167136669158936,24.925878524780273,0.9511440992355347,0.20410291850566864,0.008784339006524533
oracle_gate,0831.png,343c5d2665d9c5efd7a5444e72d383f63d96bac35902ed088c9a3ee88e0d4ed2,10.0,0,4276695984,0,0,4096.0,32,10,4138.0,0.021046956380208332,0.0006426478503271937,31.920270919799805,0.9769442081451416,0.08163078129291534,0.00941986775433179
oracle_gate,0831.png,343c5d2665d9c5efd7a5444e72d383f63d96bac35902ed088c9a3ee88e0d4ed2,10.0,0,4276695984,1,1,5120.0,64,12,5196.0,0.02642822265625,0.0006986940279603004,31.557130813598633,0.975479781627655,0.08162666857242584,0.00941986775433179
oracle_gate,0831.png,343c5d2665d9c5efd7a5444e72d383f63d96bac35902ed088c9a3ee88e0d4ed2,10.0,0,4276695984,2,1,5120.0,64,12,5196.0,0.02642822265625,0.0007048079278320074,31.519290924072266,0.9755579829216003,0.08168217539787292,0.00941986775433179
oracle_gate,0831.png,343c5d2665d9c5efd7a5444e72d383f63d96bac35902ed088c9a3ee88e0d4ed2,10.0,0,4276695984,3,2,6144.0,96,12,6252.0,0.03179931640625,0.0006898862193338573,31.612226486206055,0.9755386710166931,0.08125823736190796,0.00941986775433179
oracle_gate,0831.png,343c5d2665d9c5efd7a5444e72d383f63d96bac35902ed088c9a3ee88e0d4ed2,10.0,0,4276695984,4,1,5120.0,64,12,5196.0,0.02642822265625,0.0007159642409533262,31.451087951660156,0.975704550743103,0.08167420327663422,0.009004443752928637
oracle_gate,0831.png,343c5d2665d9c5efd7a5444e72d383f63d96bac35902ed088c9a3ee88e0d4ed2,10.0,0,4276695984,5,2,6144.0,96,12,6252.0,0.03179931640625,0.0006908042123541236,31.606449127197266,0.9758445620536804,0.08128531277179718,0.009004443752928637
oracle_gate,0831.png,343c5d2665d9c5efd7a5444e72d383f63d96bac35902ed088c9a3ee88e0d4ed2,10.0,0,4276695984,6,2,6144.0,96,12,6252.0,0.03179931640625,0.0006983347120694816,31.559362411499023,0.9758619070053101,0.08129508793354034,0.009004443752928637
oracle_gate,0831.png,343c5d2665d9c5efd7a5444e72d383f63d96bac35902ed088c9a3ee88e0d4ed2,10.0,0,4276695984,7,3,7168.0,128,12,7308.0,0.03717041015625,0.0006824198644608259,31.65948486328125,0.97591632604599,0.080937959253788,0.009004443752928637
oracle_gate,0831.png,343c5d2665d9c5efd7a5444e72d383f63d96bac35902ed088c9a3ee88e0d4ed2,10.0,0,4276695984,8,1,5120.0,64,12,5196.0,0.02642822265625,0.0007141278474591672,31.462242126464844,0.9756392240524292,0.08196934312582016,0.009173484999337234
oracle_gate,0831.png,343c5d2665d9c5efd7a5444e72d383f63d96bac35902ed088c9a3ee88e0d4ed2,10.0,0,4276695984,9,2,6144.0,96,12,6252.0,0.03179931640625,0.0006900733569636941,31.61104965209961,0.9757623672485352,0.08157306909561157,0.009173484999337234
oracle_gate,0831.png,343c5d2665d9c5efd7a5444e72d383f63d96bac35902ed088c9a3ee88e0d4ed2,10.0,0,4276695984,10,2,6144.0,96,12,6252.0,0.03179931640625,0.0006948845693841577,31.580875396728516,0.9758545756340027,0.08161730319261551,0.009173484999337234
oracle_gate,0831.png,343c5d2665d9c5efd7a5444e72d383f63d96bac35902ed088c9a3ee88e0d4ed2,10.0,0,4276695984,11,3,7168.0,128,12,7308.0,0.03717041015625,0.0006798235117457807,31.676040649414062,0.9758633971214294,0.08124684542417526,0.009173484999337234
oracle_gate,0831.png,343c5d2665d9c5efd7a5444e72d383f63d96bac35902ed088c9a3ee88e0d4ed2,10.0,0,4276695984,12,2,6144.0,96,12,6252.0,0.03179931640625,0.0007087929989211261,31.49480628967285,0.9758535623550415,0.0815010815858841,0.009602718011592515
oracle_gate,0831.png,343c5d2665d9c5efd7a5444e72d383f63d96bac35902ed088c9a3ee88e0d4ed2,10.0,0,4276695984,13,3,7168.0,128,12,7308.0,0.03717041015625,0.0006846770993433893,31.645143508911133,0.9759769439697266,0.08120018243789673,0.009602718011592515
oracle_gate,0831.png,343c5d2665d9c5efd7a5444e72d383f63d96bac35902ed088c9a3ee88e0d4ed2,10.0,0,4276695984,14,3,7168.0,128,12,7308.0,0.03717041015625,0.0006905923364683986,31.6077823638916,0.9760636687278748,0.0811893418431282,0.009602718011592515
oracle_gate,0831.png,343c5d2665d9c5efd7a5444e72d383f63d96bac35902ed088c9a3ee88e0d4ed2,10.0,0,4276695984,15,4,8192.0,160,12,8364.0,0.04254150390625,0.0006748404121026397,31.707990646362305,0.9761055707931519,0.08087185770273209,0.009602718011592515
oracle_gate,0831.png,343c5d2665d9c5efd7a5444e72d383f63d96bac35902ed088c9a3ee88e0d4ed2,10.0,1,3590842199,0,0,4096.0,32,10,4138.0,0.021046956380208332,0.0006024938775226474,32.20047378540039,0.9779229164123535,0.08407709747552872,0.00919983875064645
oracle_gate,0831.png,343c5d2665d9c5efd7a5444e72d383f63d96bac35902ed088c9a3ee88e0d4ed2,10.0,1,3590842199,1,1,5120.0,64,12,5196.0,0.02642822265625,0.0006413961527869105,31.92873764038086,0.9765660762786865,0.08409875631332397,0.00919983875064645
oracle_gate,0831.png,343c5d2665d9c5efd7a5444e72d383f63d96bac35902ed088c9a3ee88e0d4ed2,10.0,1,3590842199,2,1,5120.0,64,12,5196.0,0.02642822265625,0.0006377794197760522,31.953296661376953,0.9768525958061218,0.08410239964723587,0.00919983875064645
oracle_gate,0831.png,343c5d2665d9c5efd7a5444e72d383f63d96bac35902ed088c9a3ee88e0d4ed2,10.0,1,3590842199,3,2,6144.0,96,12,6252.0,0.03179931640625,0.0006354153738357127,31.969423294067383,0.9766992926597595,0.08385036140680313,0.00919983875064645
oracle_gate,0831.png,343c5d2665d9c5efd7a5444e72d383f63d96bac35902ed088c9a3ee88e0d4ed2,10.0,1,3590842199,4,1,5120.0,64,12,5196.0,0.02642822265625,0.0006390234339050949,31.94483184814453,0.9771036505699158,0.08359810709953308,0.00938754650996998
oracle_gate,0831.png,343c5d2665d9c5efd7a5444e72d383f63d96bac35902ed088c9a3ee88e0d4ed2,10.0,1,3590842199,5,2,6144.0,96,12,6252.0,0.03179931640625,0.0006347474991343915,31.97399139404297,0.9771486520767212,0.08316162973642349,0.00938754650996998
oracle_gate,0831.png,343c5d2665d9c5efd7a5444e72d383f63d96bac35902ed088c9a3ee88e0d4ed2,10.0,1,3590842199,6,2,6144.0,96,12,6252.0,0.03179931640625,0.0006292535690590739,32.01174545288086,0.9773304462432861,0.08314510434865952,0.00938754650996998
oracle_gate,0831.png,343c5d2665d9c5efd7a5444e72d383f63d96bac35902ed088c9a3ee88e0d4ed2,10.0,1,3590842199,7,3,7168.0,128,12,7308.0,0.03717041015625,0.0006285446579568088,32.016639709472656,0.9772757887840271,0.08296096324920654,0.00938754650996998
oracle_gate,0831.png,343c5d2665d9c5efd7a5444e72d383f63d96bac35902ed088c9a3ee88e0d4ed2,10.0,1,3590842199,8,1,5120.0,64,12,5196.0,0.02642822265625,0.0006433154339902103,31.915761947631836,0.9767877459526062,0.08404257148504257,0.00933605975296814
oracle_gate,0831.png,343c5d2665d9c5efd7a5444e72d383f63d96bac35902ed088c9a3ee88e0d4ed2,10.0,1,3590842199,9,2,6144.0,96,12,6252.0,0.03179931640625,0.0006369146285578609,31.95918846130371,0.9767746925354004,0.08358384668827057,0.00933605975296814
oracle_gate,0831.png,343c5d2665d9c5efd7a5444e72d383f63d96bac35902ed088c9a3ee88e0d4ed2,10.0,1,3590842199,10,2,6144.0,96,12,6252.0,0.03179931640625,0.0006302455440163612,32.00490188598633,0.9770486354827881,0.08355416357517242,0.00933605975296814
oracle_gate,0831.png,343c5d2665d9c5efd7a5444e72d383f63d96bac35902ed088c9a3ee88e0d4ed2,10.0,1,3590842199,11,3,7168.0,128,12,7308.0,0.03717041015625,0.0006272576283663511,32.02553939819336,0.9769443273544312,0.08333446830511093,0.00933605975296814
oracle_gate,0831.png,343c5d2665d9c5efd7a5444e72d383f63d96bac35902ed088c9a3ee88e0d4ed2,10.0,1,3590842199,12,2,6144.0,96,12,6252.0,0.03179931640625,0.0006347455200739205,31.97400665283203,0.9771878123283386,0.0831558108329773,0.008915999002056196
oracle_gate,0831.png,343c5d2665d9c5efd7a5444e72d383f63d96bac35902ed088c9a3ee88e0d4ed2,10.0,1,3590842199,13,3,7168.0,128,12,7308.0,0.03717041015625,0.0006310999160632491,31.9990177154541,0.9772371053695679,0.08282027393579483,0.008915999002056196
oracle_gate,0831.png,343c5d2665d9c5efd7a5444e72d383f63d96bac35902ed088c9a3ee88e0d4ed2,10.0,1,3590842199,14,3,7168.0,128,12,7308.0,0.03717041015625,0.0006222941447049379,32.06004333496094,0.9774452447891235,0.08276428282260895,0.008915999002056196
oracle_gate,0831.png,343c5d2665d9c5efd7a5444e72d383f63d96bac35902ed088c9a3ee88e0d4ed2,10.0,1,3590842199,15,4,8192.0,160,12,8364.0,0.04254150390625,0.0006216142210178077,32.06479263305664,0.9774100184440613,0.0825880914926529,0.008915999002056196
oracle_gate,0831.png,343c5d2665d9c5efd7a5444e72d383f63d96bac35902ed088c9a3ee88e0d4ed2,10.0,2,4063846936,0,0,4096.0,32,10,4138.0,0.021046956380208332,0.0006281506503000855,32.01936340332031,0.9779845476150513,0.08610489964485168,0.009178898762911558
oracle_gate,0831.png,343c5d2665d9c5efd7a5444e72d383f63d96bac35902ed088c9a3ee88e0d4ed2,10.0,2,4063846936,1,1,5120.0,64,12,5196.0,0.02642822265625,0.0006732555921189487,31.71820068359375,0.9762759208679199,0.08609004318714142,0.009178898762911558
oracle_gate,0831.png,343c5d2665d9c5efd7a5444e72d383f63d96bac35902ed088c9a3ee88e0d4ed2,10.0,2,4063846936,2,1,5120.0,64,12,5196.0,0.02642822265625,0.0006703961407765746,31.73668670654297,0.9764010906219482,0.08663122355937958,0.009178898762911558
oracle_gate,0831.png,343c5d2665d9c5efd7a5444e72d383f63d96bac35902ed088c9a3ee88e0d4ed2,10.0,2,4063846936,3,2,6144.0,96,12,6252.0,0.03179931640625,0.0006650208379141986,31.771650314331055,0.9764465689659119,0.08599910885095596,0.009178898762911558
oracle_gate,0831.png,343c5d2665d9c5efd7a5444e72d383f63d96bac35902ed088c9a3ee88e0d4ed2,10.0,2,4063846936,4,1,5120.0,64,12,5196.0,0.02642822265625,0.0006745035643689334,31.710159301757812,0.9767928123474121,0.08606992661952972,0.009391369996592402
oracle_gate,0831.png,343c5d2665d9c5efd7a5444e72d383f63d96bac35902ed088c9a3ee88e0d4ed2,10.0,2,4063846936,5,2,6144.0,96,12,6252.0,0.03179931640625,0.0006695992196910083,31.741849899291992,0.9769114255905151,0.08592844754457474,0.009391369996592402
oracle_gate,0831.png,343c5d2665d9c5efd7a5444e72d383f63d96bac35902ed088c9a3ee88e0d4ed2,10.0,2,4063846936,6,2,6144.0,96,12,6252.0,0.03179931640625,0.0006643617525696754,31.77595329284668,0.9770005941390991,0.08592826128005981,0.009391369996592402
oracle_gate,0831.png,343c5d2665d9c5efd7a5444e72d383f63d96bac35902ed088c9a3ee88e0d4ed2,10.0,2,4063846936,7,3,7168.0,128,12,7308.0,0.03717041015625,0.0006618949119001627,31.7921085357666,0.9770452976226807,0.08594240248203278,0.009391369996592402
oracle_gate,0831.png,343c5d2665d9c5efd7a5444e72d383f63d96bac35902ed088c9a3ee88e0d4ed2,10.0,2,4063846936,8,1,5120.0,64,12,5196.0,0.02642822265625,0.0006774993380531669,31.6909122467041,0.9766876101493835,0.08595023304224014,0.009264207998057827
oracle_gate,0831.png,343c5d2665d9c5efd7a5444e72d383f63d96bac35902ed088c9a3ee88e0d4ed2,10.0,2,4063846936,9,2,6144.0,96,12,6252.0,0.03179931640625,0.0006705116247758269,31.735937118530273,0.9767362475395203,0.08532078564167023,0.009264207998057827
oracle_gate,0831.png,343c5d2665d9c5efd7a5444e72d383f63d96bac35902ed088c9a3ee88e0d4ed2,10.0,2,4063846936,10,2,6144.0,96,12,6252.0,0.03179931640625,0.0006661773077212274,31.764102935791016,0.976878821849823,0.08571755141019821,0.009264207998057827
oracle_gate,0831.png,343c5d2665d9c5efd7a5444e72d383f63d96bac35902ed088c9a3ee88e0d4ed2,10.0,2,4063846936,11,3,7168.0,128,12,7308.0,0.03717041015625,0.0006610002601519227,31.797983169555664,0.9768766164779663,0.08528226613998413,0.009264207998057827
oracle_gate,0831.png,343c5d2665d9c5efd7a5444e72d383f63d96bac35902ed088c9a3ee88e0d4ed2,10.0,2,4063846936,12,2,6144.0,96,12,6252.0,0.03179931640625,0.000671262270770967,31.7310791015625,0.9770746231079102,0.08537093549966812,0.009452657992369495
oracle_gate,0831.png,343c5d2665d9c5efd7a5444e72d383f63d96bac35902ed088c9a3ee88e0d4ed2,10.0,2,4063846936,13,3,7168.0,128,12,7308.0,0.03717041015625,0.0006677039782516658,31.754159927368164,0.9771544337272644,0.08532676100730896,0.009452657992369495
oracle_gate,0831.png,343c5d2665d9c5efd7a5444e72d383f63d96bac35902ed088c9a3ee88e0d4ed2,10.0,2,4063846936,14,3,7168.0,128,12,7308.0,0.03717041015625,0.0006609228439629078,31.798494338989258,0.9772334098815918,0.08526518195867538,0.009452657992369495
oracle_gate,0831.png,343c5d2665d9c5efd7a5444e72d383f63d96bac35902ed088c9a3ee88e0d4ed2,10.0,2,4063846936,15,4,8192.0,160,12,8364.0,0.04254150390625,0.0006587380776181817,31.812875747680664,0.9772690534591675,0.08530964702367783,0.009452657992369495
oracle_gate,0831.png,343c5d2665d9c5efd7a5444e72d383f63d96bac35902ed088c9a3ee88e0d4ed2,10.0,3,4011004750,0,0,4096.0,32,10,4138.0,0.021046956380208332,0.0006255661137402058,32.037269592285156,0.9777180552482605,0.08519512414932251,0.00933804750093259
oracle_gate,0831.png,343c5d2665d9c5efd7a5444e72d383f63d96bac35902ed088c9a3ee88e0d4ed2,10.0,3,4011004750,1,1,5120.0,64,12,5196.0,0.02642822265625,0.0006495455163531005,31.873905181884766,0.9768404364585876,0.0826016366481781,0.00933804750093259
oracle_gate,0831.png,343c5d2665d9c5efd7a5444e72d383f63d96bac35902ed088c9a3ee88e0d4ed2,10.0,3,4011004750,2,1,5120.0,64,12,5196.0,0.02642822265625,0.0006451340741477907,31.903499603271484,0.9769431352615356,0.08300246298313141,0.00933804750093259
oracle_gate,0831.png,343c5d2665d9c5efd7a5444e72d383f63d96bac35902ed088c9a3ee88e0d4ed2,10.0,3,4011004750,3,2,6144.0,96,12,6252.0,0.03179931640625,0.0006401212303899229,31.937379837036133,0.9769357442855835,0.08231601119041443,0.00933804750093259
oracle_gate,0831.png,343c5d2665d9c5efd7a5444e72d383f63d96bac35902ed088c9a3ee88e0d4ed2,10.0,3,4011004750,4,1,5120.0,64,12,5196.0,0.02642822265625,0.0006582139758393168,31.816329956054688,0.976986289024353,0.08436810225248337,0.008930619253078476
oracle_gate,0831.png,343c5d2665d9c5efd7a5444e72d383f63d96bac35902ed088c9a3ee88e0d4ed2,10.0,3,4011004750,5,2,6144.0,96,12,6252.0,0.03179931640625,0.0006510966341011226,31.86354637145996,0.9770281314849854,0.08363450318574905,0.008930619253078476
oracle_gate,0831.png,343c5d2665d9c5efd7a5444e72d383f63d96bac35902ed088c9a3ee88e0d4ed2,10.0,3,4011004750,6,2,6144.0,96,12,6252.0,0.03179931640625,0.0006434012320823967,31.915180206298828,0.9771522283554077,0.08387738466262817,0.008930619253078476
oracle_gate,0831.png,343c5d2665d9c5efd7a5444e72d383f63d96bac35902ed088c9a3ee88e0d4ed2,10.0,3,4011004750,7,3,7168.0,128,12,7308.0,0.03717041015625,0.0006419224664568901,31.925174713134766,0.9771255254745483,0.08344825357198715,0.008930619253078476
oracle_gate,0831.png,343c5d2665d9c5efd7a5444e72d383f63d96bac35902ed088c9a3ee88e0d4ed2,10.0,3,4011004750,8,1,5120.0,64,12,5196.0,0.02642822265625,0.0006601456552743912,31.803604125976562,0.9767939448356628,0.0841955915093422,0.009724369258037768
oracle_gate,0831.png,343c5d2665d9c5efd7a5444e72d383f63d96bac35902ed088c9a3ee88e0d4ed2,10.0,3,4011004750,9,2,6144.0,96,12,6252.0,0.03179931640625,0.0006496512214653194,31.873199462890625,0.9768780469894409,0.08327403664588928,0.009724369258037768
oracle_gate,0831.png,343c5d2665d9c5efd7a5444e72d383f63d96bac35902ed088c9a3ee88e0d4ed2,10.0,3,4011004750,10,2,6144.0,96,12,6252.0,0.03179931640625,0.0006442659650929272,31.90934944152832,0.9770289659500122,0.08373618870973587,0.009724369258037768
oracle_gate,0831.png,343c5d2665d9c5efd7a5444e72d383f63d96bac35902ed088c9a3ee88e0d4ed2,10.0,3,4011004750,11,3,7168.0,128,12,7308.0,0.03717041015625,0.0006392986979335546,31.942962646484375,0.9770344495773315,0.0831356942653656,0.009724369258037768
oracle_gate,0831.png,343c5d2665d9c5efd7a5444e72d383f63d96bac35902ed088c9a3ee88e0d4ed2,10.0,3,4011004750,12,2,6144.0,96,12,6252.0,0.03179931640625,0.0006560846231877804,31.830402374267578,0.9769421815872192,0.08462461829185486,0.009347670260467567
oracle_gate,0831.png,343c5d2665d9c5efd7a5444e72d383f63d96bac35902ed088c9a3ee88e0d4ed2,10.0,3,4011004750,13,3,7168.0,128,12,7308.0,0.03717041015625,0.000650199013762176,31.869537353515625,0.9769887924194336,0.08395940065383911,0.009347670260467567
oracle_gate,0831.png,343c5d2665d9c5efd7a5444e72d383f63d96bac35902ed088c9a3ee88e0d4ed2,10.0,3,4011004750,14,3,7168.0,128,12,7308.0,0.03717041015625,0.0006413159426301718,31.92928123474121,0.9771715998649597,0.08422839641571045,0.009347670260467567
oracle_gate,0831.png,343c5d2665d9c5efd7a5444e72d383f63d96bac35902ed088c9a3ee88e0d4ed2,10.0,3,4011004750,15,4,8192.0,160,12,8364.0,0.04254150390625,0.0006402273429557681,31.936660766601562,0.9771698713302612,0.08379027992486954,0.009347670260467567
oracle_gate,0832.png,5c609d644b5924900e82dbecadfb85497b77d6cfad52a0c4c7e43a83f9868c33,10.0,0,2144357573,0,0,4096.0,32,10,4138.0,0.021046956380208332,0.0004046283138450235,33.92943572998047,0.9853546023368835,0.06933656334877014,0.008953948752605356
oracle_gate,0832.png,5c609d644b5924900e82dbecadfb85497b77d6cfad52a0c4c7e43a83f9868c33,10.0,0,2144357573,1,1,5120.0,64,12,5196.0,0.02642822265625,0.0004101409576833248,33.870670318603516,0.9849493503570557,0.07008248567581177,0.008953948752605356
oracle_gate,0832.png,5c609d644b5924900e82dbecadfb85497b77d6cfad52a0c4c7e43a83f9868c33,10.0,0,2144357573,2,1,5120.0,64,12,5196.0,0.02642822265625,0.000420092954300344,33.76654815673828,0.9847270846366882,0.07020209729671478,0.008953948752605356
oracle_gate,0832.png,5c609d644b5924900e82dbecadfb85497b77d6cfad52a0c4c7e43a83f9868c33,10.0,0,2144357573,3,2,6144.0,96,12,6252.0,0.03179931640625,0.0004163097473792732,33.80583572387695,0.9849821329116821,0.06990594416856766,0.008953948752605356
oracle_gate,0832.png,5c609d644b5924900e82dbecadfb85497b77d6cfad52a0c4c7e43a83f9868c33,10.0,0,2144357573,4,1,5120.0,64,12,5196.0,0.02642822265625,0.00041517551289871335,33.817684173583984,0.984783411026001,0.0703241229057312,0.00912213149422314
oracle_gate,0832.png,5c609d644b5924900e82dbecadfb85497b77d6cfad52a0c4c7e43a83f9868c33,10.0,0,2144357573,5,2,6144.0,96,12,6252.0,0.03179931640625,0.0004080327635165304,33.89305114746094,0.9850620627403259,0.06979043781757355,0.00912213149422314
oracle_gate,0832.png,5c609d644b5924900e82dbecadfb85497b77d6cfad52a0c4c7e43a83f9868c33,10.0,0,2144357573,6,2,6144.0,96,12,6252.0,0.03179931640625,0.0004192650958430022,33.77511215209961,0.984798789024353,0.0701572448015213,0.00912213149422314
oracle_gate,0832.png,5c609d644b5924900e82dbecadfb85497b77d6cfad52a0c4c7e43a83f9868c33,10.0,0,2144357573,7,3,7168.0,128,12,7308.0,0.03717041015625,0.00041402457281947136,33.82973861694336,0.985084056854248,0.06959516555070877,0.00912213149422314
oracle_gate,0832.png,5c609d644b5924900e82dbecadfb85497b77d6cfad52a0c4c7e43a83f9868c33,10.0,0,2144357573,8,1,5120.0,64,12,5196.0,0.02642822265625,0.00041531931492500007,33.81617736816406,0.9847347736358643,0.07051631808280945,0.009381489755469374
oracle_gate,0832.png,5c609d644b5924900e82dbecadfb85497b77d6cfad52a0c4c7e43a83f9868c33,10.0,0,2144357573,9,2,6144.0,96,12,6252.0,0.03179931640625,0.00040950224502012134,33.877437591552734,0.9849767684936523,0.07023026794195175,0.009381489755469374
oracle_gate,0832.png,5c609d644b5924900e82dbecadfb85497b77d6cfad52a0c4c7e43a83f9868c33,10.0,0,2144357573,10,2,6144.0,96,12,6252.0,0.03179931640625,0.00041904975660145283,33.777347564697266,0.9847735166549683,0.07023029029369354,0.009381489755469374
oracle_gate,0832.png,5c609d644b5924900e82dbecadfb85497b77d6cfad52a0c4c7e43a83f9868c33,10.0,0,2144357573,11,3,7168.0,128,12,7308.0,0.03717041015625,0.0004152802866883576,33.81658935546875,0.9850273132324219,0.06995052099227905,0.009381489755469374
oracle_gate,0832.png,5c609d644b5924900e82dbecadfb85497b77d6cfad52a0c4c7e43a83f9868c33,10.0,0,2144357573,12,2,6144.0,96,12,6252.0,0.03179931640625,0.00041504757246002555,33.81902313232422,0.9848060607910156,0.07029233872890472,0.009246049507055432
oracle_gate,0832.png,5c609d644b5924900e82dbecadfb85497b77d6cfad52a0c4c7e43a83f9868c33,10.0,0,2144357573,13,3,7168.0,128,12,7308.0,0.03717041015625,0.0004080030776094645,33.89336395263672,0.9850849509239197,0.06975124776363373,0.009246049507055432
oracle_gate,0832.png,5c609d644b5924900e82dbecadfb85497b77d6cfad52a0c4c7e43a83f9868c33,10.0,0,2144357573,14,3,7168.0,128,12,7308.0,0.03717041015625,0.0004186927108094096,33.78104782104492,0.9848475456237793,0.07001692056655884,0.009246049507055432
oracle_gate,0832.png,5c609d644b5924900e82dbecadfb85497b77d6cfad52a0c4c7e43a83f9868c33,10.0,0,2144357573,15,4,8192.0,160,12,8364.0,0.04254150390625,0.0004139147640671581,33.830894470214844,0.985121488571167,0.06948559731245041,0.009246049507055432
oracle_gate,0832.png,5c609d644b5924900e82dbecadfb85497b77d6cfad52a0c4c7e43a83f9868c33,10.0,1,1564053614,0,0,4096.0,32,10,4138.0,0.021046956380208332,0.00036540301516652107,34.37228012084961,0.9855952262878418,0.0663485899567604,0.009225764501024969
oracle_gate,0832.png,5c609d644b5924900e82dbecadfb85497b77d6cfad52a0c4c7e43a83f9868c33,10.0,1,1564053614,1,1,5120.0,64,12,5196.0,0.02642822265625,0.0003787609748542309,34.21635055541992,0.9850942492485046,0.06776393949985504,0.009225764501024969
oracle_gate,0832.png,5c609d644b5924900e82dbecadfb85497b77d6cfad52a0c4c7e43a83f9868c33,10.0,1,1564053614,2,1,5120.0,64,12,5196.0,0.02642822265625,0.00037830485962331295,34.221580505371094,0.9849739074707031,0.06830043345689774,0.009225764501024969
oracle_gate,0832.png,5c609d644b5924900e82dbecadfb85497b77d6cfad52a0c4c7e43a83f9868c33,10.0,1,1564053614,3,2,6144.0,96,12,6252.0,0.03179931640625,0.0003763713757507503,34.24383544921875,0.985242486000061,0.06709074974060059,0.009225764501024969
oracle_gate,0832.png,5c609d644b5924900e82dbecadfb85497b77d6cfad52a0c4c7e43a83f9868c33,10.0,1,1564053614,4,1,5120.0,64,12,5196.0,0.02642822265625,0.00037261805846355855,34.28736114501953,0.9850955009460449,0.06845755875110626,0.00960520924127195
oracle_gate,0832.png,5c609d644b5924900e82dbecadfb85497b77d6cfad52a0c4c7e43a83f9868c33,10.0,1,1564053614,5,2,6144.0,96,12,6252.0,0.03179931640625,0.0003700300585478544,34.317630767822266,0.9853588938713074,0.06687028706073761,0.00960520924127195
oracle_gate,0832.png,5c609d644b5924900e82dbecadfb85497b77d6cfad52a0c4c7e43a83f9868c33,10.0,1,1564053614,6,2,6144.0,96,12,6252.0,0.03179931640625,0.00036991824163123965,34.31894302368164,0.985244631767273,0.06761486828327179,0.00960520924127195
oracle_gate,0832.png,5c609d644b5924900e82dbecadfb85497b77d6cfad52a0c4c7e43a83f9868c33,10.0,1,1564053614,7,3,7168.0,128,12,7308.0,0.03717041015625,0.0003674171748571098,34.34840774536133,0.9855003356933594,0.06613342463970184,0.00960520924127195
oracle_gate,0832.png,5c609d644b5924900e82dbecadfb85497b77d6cfad52a0c4c7e43a83f9868c33,10.0,1,1564053614,8,1,5120.0,64,12,5196.0,0.02642822265625,0.000378756842110306,34.21639633178711,0.9848418235778809,0.06920277327299118,0.009257012003217824
oracle_gate,0832.png,5c609d644b5924900e82dbecadfb85497b77d6cfad52a0c4c7e43a83f9868c33,10.0,1,1564053614,9,2,6144.0,96,12,6252.0,0.03179931640625,0.0003767135494854301,34.23988723754883,0.9851207137107849,0.06780428439378738,0.009257012003217824
oracle_gate,0832.png,5c609d644b5924900e82dbecadfb85497b77d6cfad52a0c4c7e43a83f9868c33,10.0,1,1564053614,10,2,6144.0,96,12,6252.0,0.03179931640625,0.0003772690542973578,34.233489990234375,0.9850303530693054,0.06833662837743759,0.009257012003217824
oracle_gate,0832.png,5c609d644b5924900e82dbecadfb85497b77d6cfad52a0c4c7e43a83f9868c33,10.0,1,1564053614,11,3,7168.0,128,12,7308.0,0.03717041015625,0.00037570353015325963,34.251548767089844,0.9852951765060425,0.06715318560600281,0.009257012003217824
oracle_gate,0832.png,5c609d644b5924900e82dbecadfb85497b77d6cfad52a0c4c7e43a83f9868c33,10.0,1,1564053614,12,2,6144.0,96,12,6252.0,0.03179931640625,0.0003700441448017955,34.317466735839844,0.9851456880569458,0.06831205636262894,0.009224854497006163
oracle_gate,0832.png,5c609d644b5924900e82dbecadfb85497b77d6cfad52a0c4c7e43a83f9868c33,10.0,1,1564053614,13,3,7168.0,128,12,7308.0,0.03717041015625,0.00036747712874785066,34.34769821166992,0.9854130744934082,0.0666588619351387,0.009224854497006163
oracle_gate,0832.png,5c609d644b5924900e82dbecadfb85497b77d6cfad52a0c4c7e43a83f9868c33,10.0,1,1564053614,14,3,7168.0,128,12,7308.0,0.03717041015625,0.0003683397953864187,34.3375129699707,0.9853374361991882,0.06743685156106949,0.009224854497006163
oracle_gate,0832.png,5c609d644b5924900e82dbecadfb85497b77d6cfad52a0c4c7e43a83f9868c33,10.0,1,1564053614,15,4,8192.0,160,12,8364.0,0.04254150390625,0.00036649545654654503,34.35931396484375,0.9855731725692749,0.06601399928331375,0.009224854497006163
oracle_gate,0832.png,5c609d644b5924900e82dbecadfb85497b77d6cfad52a0c4c7e43a83f9868c33,10.0,2,1888359597,0,0,4096.0,32,10,4138.0,0.021046956380208332,0.00039511563954874873,34.03276062011719,0.9849175214767456,0.0659058466553688,0.009255973505787551
oracle_gate,0832.png,5c609d644b5924900e82dbecadfb85497b77d6cfad52a0c4c7e43a83f9868c33,10.0,2,1888359597,1,1,5120.0,64,12,5196.0,0.02642822265625,0.00040191784501075745,33.9586296081543,0.984451174736023,0.0662045106291771,0.009255973505787551
oracle_gate,0832.png,5c609d644b5924900e82dbecadfb85497b77d6cfad52a0c4c7e43a83f9868c33,10.0,2,1888359597,2,1,5120.0,64,12,5196.0,0.02642822265625,0.00040204753167927265,33.95722579956055,0.9844465255737305,0.0664403885602951,0.009255973505787551
oracle_gate,0832.png,5c609d644b5924900e82dbecadfb85497b77d6cfad52a0c4c7e43a83f9868c33,10.0,2,1888359597,3,2,6144.0,96,12,6252.0,0.03179931640625,0.0003972080012317747,34.009822845458984,0.9846881628036499,0.06552674621343613,0.009255973505787551
oracle_gate,0832.png,5c609d644b5924900e82dbecadfb85497b77d6cfad52a0c4c7e43a83f9868c33,10.0,2,1888359597,4,1,5120.0,64,12,5196.0,0.02642822265625,0.0004060769861098379,33.91391372680664,0.9843797087669373,0.06696183979511261,0.00883838749723509
oracle_gate,0832.png,5c609d644b5924900e82dbecadfb85497b77d6cfad52a0c4c7e43a83f9868c33,10.0,2,1888359597,5,2,6144.0,96,12,6252.0,0.03179931640625,0.0004018264589831233,33.95961380004883,0.9845563769340515,0.06619803607463837,0.00883838749723509
oracle_gate,0832.png,5c609d644b5924900e82dbecadfb85497b77d6cfad52a0c4c7e43a83f9868c33,10.0,2,1888359597,6,2,6144.0,96,12,6252.0,0.03179931640625,0.00040179124334827065,33.95999526977539,0.984554648399353,0.06638041138648987,0.00883838749723509
oracle_gate,0832.png,5c609d644b5924900e82dbecadfb85497b77d6cfad52a0c4c7e43a83f9868c33,10.0,2,1888359597,7,3,7168.0,128,12,7308.0,0.03717041015625,0.00039687484968453646,34.013465881347656,0.9847844839096069,0.06545405089855194,0.00883838749723509
oracle_gate,0832.png,5c609d644b5924900e82dbecadfb85497b77d6cfad52a0c4c7e43a83f9868c33,10.0,2,1888359597,8,1,5120.0,64,12,5196.0,0.02642822265625,0.00040960509795695543,33.876346588134766,0.984296977519989,0.0674087181687355,0.009325682243797928
oracle_gate,0832.png,5c609d644b5924900e82dbecadfb85497b77d6cfad52a0c4c7e43a83f9868c33,10.0,2,1888359597,9,2,6144.0,96,12,6252.0,0.03179931640625,0.0004050583520438522,33.92482376098633,0.9845234155654907,0.06656860560178757,0.009325682243797928
oracle_gate,0832.png,5c609d644b5924900e82dbecadfb85497b77d6cfad52a0c4c7e43a83f9868c33,10.0,2,1888359597,10,2,6144.0,96,12,6252.0,0.03179931640625,0.0004057363548781723,33.91756057739258,0.9844889640808105,0.06681669503450394,0.009325682243797928
oracle_gate,0832.png,5c609d644b5924900e82dbecadfb85497b77d6cfad52a0c4c7e43a83f9868c33,10.0,2,1888359597,11,3,7168.0,128,12,7308.0,0.03717041015625,0.0004008791293017566,33.96986770629883,0.9847419261932373,0.06587876379489899,0.009325682243797928
oracle_gate,0832.png,5c609d644b5924900e82dbecadfb85497b77d6cfad52a0c4c7e43a83f9868c33,10.0,2,1888359597,12,2,6144.0,96,12,6252.0,0.03179931640625,0.0004089482536073774,33.88331604003906,0.9844264984130859,0.06727293878793716,0.009413826002855785
oracle_gate,0832.png,5c609d644b5924900e82dbecadfb85497b77d6cfad52a0c4c7e43a83f9868c33,10.0,2,1888359597,13,3,7168.0,128,12,7308.0,0.03717041015625,0.0004045083187520504,33.93072509765625,0.9846243262290955,0.0664617121219635,0.009413826002855785
oracle_gate,0832.png,5c609d644b5924900e82dbecadfb85497b77d6cfad52a0c4c7e43a83f9868c33,10.0,2,1888359597,14,3,7168.0,128,12,7308.0,0.03717041015625,0.00040490267565473914,33.92649459838867,0.984609067440033,0.06668295711278915,0.009413826002855785
oracle_gate,0832.png,5c609d644b5924900e82dbecadfb85497b77d6cfad52a0c4c7e43a83f9868c33,10.0,2,1888359597,15,4,8192.0,160,12,8364.0,0.04254150390625,0.00040037307189777493,33.9753532409668,0.9848290681838989,0.06578342616558075,0.009413826002855785
oracle_gate,0832.png,5c609d644b5924900e82dbecadfb85497b77d6cfad52a0c4c7e43a83f9868c33,10.0,3,3551127621,0,0,4096.0,32,10,4138.0,0.021046956380208332,0.0003786159213632345,34.21800994873047,0.9855111837387085,0.06453201174736023,0.009456480256631039
oracle_gate,0832.png,5c609d644b5924900e82dbecadfb85497b77d6cfad52a0c4c7e43a83f9868c33,10.0,3,3551127621,1,1,5120.0,64,12,5196.0,0.02642822265625,0.0003880108124576509,34.1115608215332,0.9851008653640747,0.06681248545646667,0.009456480256631039
oracle_gate,0832.png,5c609d644b5924900e82dbecadfb85497b77d6cfad52a0c4c7e43a83f9868c33,10.0,3,3551127621,2,1,5120.0,64,12,5196.0,0.02642822265625,0.0003972351551055908,34.009521484375,0.9848235845565796,0.06785361468791962,0.009456480256631039
oracle_gate,0832.png,5c609d644b5924900e82dbecadfb85497b77d6cfad52a0c4c7e43a83f9868c33,10.0,3,3551127621,3,2,6144.0,96,12,6252.0,0.03179931640625,0.0003890569496434182,34.09986877441406,0.9851440191268921,0.06657138466835022,0.009456480256631039
oracle_gate,0832.png,5c609d644b5924900e82dbecadfb85497b77d6cfad52a0c4c7e43a83f9868c33,10.0,3,3551127621,4,1,5120.0,64,12,5196.0,0.02642822265625,0.0003946540819015354,34.03783416748047,0.9849456548690796,0.067288838326931,0.009104898752411827
oracle_gate,0832.png,5c609d644b5924900e82dbecadfb85497b77d6cfad52a0c4c7e43a83f9868c33,10.0,3,3551127621,5,2,6144.0,96,12,6252.0,0.03179931640625,0.0003858628333546221,34.13567352294922,0.9852989912033081,0.06584866344928741,0.009104898752411827
oracle_gate,0832.png,5c609d644b5924900e82dbecadfb85497b77d6cfad52a0c4c7e43a83f9868c33,10.0,3,3551127621,6,2,6144.0,96,12,6252.0,0.03179931640625,0.0003959710884373635,34.02336502075195,0.984992504119873,0.0671001598238945,0.009104898752411827
oracle_gate,0832.png,5c609d644b5924900e82dbecadfb85497b77d6cfad52a0c4c7e43a83f9868c33,10.0,3,3551127621,7,3,7168.0,128,12,7308.0,0.03717041015625,0.0003865514590870589,34.127925872802734,0.9853487014770508,0.06553684920072556,0.009104898752411827
oracle_gate,0832.png,5c609d644b5924900e82dbecadfb85497b77d6cfad52a0c4c7e43a83f9868c33,10.0,3,3551127621,8,1,5120.0,64,12,5196.0,0.02642822265625,0.0003947775694541633,34.036476135253906,0.9848936796188354,0.06770461052656174,0.009752121492056176
oracle_gate,0832.png,5c609d644b5924900e82dbecadfb85497b77d6cfad52a0c4c7e43a83f9868c33,10.0,3,3551127621,9,2,6144.0,96,12,6252.0,0.03179931640625,0.0003869974461849779,34.122920989990234,0.9852127432823181,0.06650465726852417,0.009752121492056176
oracle_gate,0832.png,5c609d644b5924900e82dbecadfb85497b77d6cfad52a0c4c7e43a83f9868c33,10.0,3,3551127621,10,2,6144.0,96,12,6252.0,0.03179931640625,0.00039531447691842914,34.030574798583984,0.9849730730056763,0.067388154566288,0.009752121492056176
oracle_gate,0832.png,5c609d644b5924900e82dbecadfb85497b77d6cfad52a0c4c7e43a83f9868c33,10.0,3,3551127621,11,3,7168.0,128,12,7308.0,0.03717041015625,0.00038711121305823326,34.12164306640625,0.9853014945983887,0.06608407199382782,0.009752121492056176
oracle_gate,0832.png,5c609d644b5924900e82dbecadfb85497b77d6cfad52a0c4c7e43a83f9868c33,10.0,3,3551127621,12,2,6144.0,96,12,6252.0,0.03179931640625,0.000393601949326694,34.0494270324707,0.9850336909294128,0.06675561517477036,0.009293659502873197
oracle_gate,0832.png,5c609d644b5924900e82dbecadfb85497b77d6cfad52a0c4c7e43a83f9868c33,10.0,3,3551127621,13,3,7168.0,128,12,7308.0,0.03717041015625,0.00038456276524811983,34.15032958984375,0.9853857755661011,0.06525171548128128,0.009293659502873197
oracle_gate,0832.png,5c609d644b5924900e82dbecadfb85497b77d6cfad52a0c4c7e43a83f9868c33,10.0,3,3551127621,14,3,7168.0,128,12,7308.0,0.03717041015625,0.0003937440342269838,34.04785919189453,0.9851228594779968,0.06638363003730774,0.009293659502873197
oracle_gate,0832.png,5c609d644b5924900e82dbecadfb85497b77d6cfad52a0c4c7e43a83f9868c33,10.0,3,3551127621,15,4,8192.0,160,12,8364.0,0.04254150390625,0.0003847125917673111,34.14863967895508,0.9854669570922852,0.06481847912073135,0.009293659502873197
oracle_gate,0833.png,2e9668b3a318284ec90c9bbdd940317ecd2f7b95314e68c48c94d2380fad679a,10.0,0,1077830254,0,0,4096.0,32,10,4138.0,0.021046956380208332,0.000521983893122524,32.823429107666016,0.9842366576194763,0.24927377700805664,0.009456491490709595
oracle_gate,0833.png,2e9668b3a318284ec90c9bbdd940317ecd2f7b95314e68c48c94d2380fad679a,10.0,0,1077830254,1,1,5120.0,64,12,5196.0,0.02642822265625,0.0005350616993382573,32.715965270996094,0.9838786125183105,0.25225380063056946,0.009456491490709595
oracle_gate,0833.png,2e9668b3a318284ec90c9bbdd940317ecd2f7b95314e68c48c94d2380fad679a,10.0,0,1077830254,2,1,5120.0,64,12,5196.0,0.02642822265625,0.0005413519102148712,32.66520690917969,0.9838831424713135,0.25218212604522705,0.009456491490709595
oracle_gate,0833.png,2e9668b3a318284ec90c9bbdd940317ecd2f7b95314e68c48c94d2380fad679a,10.0,0,1077830254,3,2,6144.0,96,12,6252.0,0.03179931640625,0.000529647630173713,32.7601318359375,0.9840099215507507,0.2521321177482605,0.009456491490709595
oracle_gate,0833.png,2e9668b3a318284ec90c9bbdd940317ecd2f7b95314e68c48c94d2380fad679a,10.0,0,1077830254,4,1,5120.0,64,12,5196.0,0.02642822265625,0.0005468430463224649,32.621376037597656,0.9837608337402344,0.25213703513145447,0.009027597989188507
oracle_gate,0833.png,2e9668b3a318284ec90c9bbdd940317ecd2f7b95314e68c48c94d2380fad679a,10.0,0,1077830254,5,2,6144.0,96,12,6252.0,0.03179931640625,0.0005342545919120312,32.72251892089844,0.9839191436767578,0.2518077492713928,0.009027597989188507
oracle_gate,0833.png,2e9668b3a318284ec90c9bbdd940317ecd2f7b95314e68c48c94d2380fad679a,10.0,0,1077830254,6,2,6144.0,96,12,6252.0,0.03179931640625,0.0005398282082751393,32.67744445800781,0.9839366674423218,0.2523565888404846,0.009027597989188507
oracle_gate,0833.png,2e9668b3a318284ec90c9bbdd940317ecd2f7b95314e68c48c94d2380fad679a,10.0,0,1077830254,7,3,7168.0,128,12,7308.0,0.03717041015625,0.0005286717205308378,32.76813888549805,0.984021782875061,0.25154703855514526,0.009027597989188507
oracle_gate,0833.png,2e9668b3a318284ec90c9bbdd940317ecd2f7b95314e68c48c94d2380fad679a,10.0,0,1077830254,8,1,5120.0,64,12,5196.0,0.02642822265625,0.0005451551987789571,32.63479995727539,0.9837687015533447,0.2520931363105774,0.009302153513999656
oracle_gate,0833.png,2e9668b3a318284ec90c9bbdd940317ecd2f7b95314e68c48c94d2380fad679a,10.0,0,1077830254,9,2,6144.0,96,12,6252.0,0.03179931640625,0.0005320491036400199,32.740482330322266,0.9839184284210205,0.2524363398551941,0.009302153513999656
oracle_gate,0833.png,2e9668b3a318284ec90c9bbdd940317ecd2f7b95314e68c48c94d2380fad679a,10.0,0,1077830254,10,2,6144.0,96,12,6252.0,0.03179931640625,0.0005373754538595676,32.69722366333008,0.9840058088302612,0.2510484457015991,0.009302153513999656
oracle_gate,0833.png,2e9668b3a318284ec90c9bbdd940317ecd2f7b95314e68c48c94d2380fad679a,10.0,0,1077830254,11,3,7168.0,128,12,7308.0,0.03717041015625,0.0005258435849100351,32.79143524169922,0.9841412305831909,0.2509545087814331,0.009302153513999656
oracle_gate,0833.png,2e9668b3a318284ec90c9bbdd940317ecd2f7b95314e68c48c94d2380fad679a,10.0,0,1077830254,12,2,6144.0,96,12,6252.0,0.03179931640625,0.0005451814504340291,32.63459014892578,0.983805775642395,0.2520882785320282,0.009286996486480348
oracle_gate,0833.png,2e9668b3a318284ec90c9bbdd940317ecd2f7b95314e68c48c94d2380fad679a,10.0,0,1077830254,13,3,7168.0,128,12,7308.0,0.03717041015625,0.0005327232065610588,32.7349853515625,0.9840112924575806,0.2517364025115967,0.009286996486480348
oracle_gate,0833.png,2e9668b3a318284ec90c9bbdd940317ecd2f7b95314e68c48c94d2380fad679a,10.0,0,1077830254,14,3,7168.0,128,12,7308.0,0.03717041015625,0.0005372094456106424,32.69856262207031,0.9840373396873474,0.25099632143974304,0.009286996486480348
oracle_gate,0833.png,2e9668b3a318284ec90c9bbdd940317ecd2f7b95314e68c48c94d2380fad679a,10.0,0,1077830254,15,4,8192.0,160,12,8364.0,0.04254150390625,0.000526816351339221,32.783409118652344,0.9841079711914062,0.25021442770957947,0.009286996486480348
oracle_gate,0833.png,2e9668b3a318284ec90c9bbdd940317ecd2f7b95314e68c48c94d2380fad679a,10.0,1,2788499704,0,0,4096.0,32,10,4138.0,0.021046956380208332,0.0005125761381350458,32.90241622924805,0.9842230677604675,0.24643957614898682,0.009103985998081043
oracle_gate,0833.png,2e9668b3a318284ec90c9bbdd940317ecd2f7b95314e68c48c94d2380fad679a,10.0,1,2788499704,1,1,5120.0,64,12,5196.0,0.02642822265625,0.0005237826844677329,32.80849075317383,0.9838799834251404,0.2496993988752365,0.009103985998081043
oracle_gate,0833.png,2e9668b3a318284ec90c9bbdd940317ecd2f7b95314e68c48c94d2380fad679a,10.0,1,2788499704,2,1,5120.0,64,12,5196.0,0.02642822265625,0.0005421718815341592,32.65863037109375,0.9836312532424927,0.25061240792274475,0.009103985998081043
oracle_gate,0833.png,2e9668b3a318284ec90c9bbdd940317ecd2f7b95314e68c48c94d2380fad679a,10.0,1,2788499704,3,2,6144.0,96,12,6252.0,0.03179931640625,0.0005228660302236676,32.81609344482422,0.9839029312133789,0.24931779503822327,0.009103985998081043
oracle_gate,0833.png,2e9668b3a318284ec90c9bbdd940317ecd2f7b95314e68c48c94d2380fad679a,10.0,1,2788499704,4,1,5120.0,64,12,5196.0,0.02642822265625,0.0005391060840338469,32.683258056640625,0.9836273193359375,0.2505498230457306,0.00892729549377691
oracle_gate,0833.png,2e9668b3a318284ec90c9bbdd940317ecd2f7b95314e68c48c94d2380fad679a,10.0,1,2788499704,5,2,6144.0,96,12,6252.0,0.03179931640625,0.0005217258585616946,32.82557678222656,0.9839288592338562,0.249187633395195,0.00892729549377691
oracle_gate,0833.png,2e9668b3a318284ec90c9bbdd940317ecd2f7b95314e68c48c94d2380fad679a,10.0,1,2788499704,6,2,6144.0,96,12,6252.0,0.03179931640625,0.000538523425348103,32.68795394897461,0.9837262630462646,0.2506256401538849,0.00892729549377691
oracle_gate,0833.png,2e9668b3a318284ec90c9bbdd940317ecd2f7b95314e68c48c94d2380fad679a,10.0,1,2788499704,7,3,7168.0,128,12,7308.0,0.03717041015625,0.0005208887159824371,32.832550048828125,0.9839887619018555,0.24872775375843048,0.00892729549377691
oracle_gate,0833.png,2e9668b3a318284ec90c9bbdd940317ecd2f7b95314e68c48c94d2380fad679a,10.0,1,2788499704,8,1,5120.0,64,12,5196.0,0.02642822265625,0.0005371818551793694,32.698787689208984,0.9835197329521179,0.2501380741596222,0.009248452246538363
oracle_gate,0833.png,2e9668b3a318284ec90c9bbdd940317ecd2f7b95314e68c48c94d2380fad679a,10.0,1,2788499704,9,2,6144.0,96,12,6252.0,0.03179931640625,0.0005184125038795173,32.85324478149414,0.9839271306991577,0.24929462373256683,0.009248452246538363
oracle_gate,0833.png,2e9668b3a318284ec90c9bbdd940317ecd2f7b95314e68c48c94d2380fad679a,10.0,1,2788499704,10,2,6144.0,96,12,6252.0,0.03179931640625,0.0005365015822462738,32.70429229736328,0.9836893081665039,0.24896438419818878,0.009248452246538363
oracle_gate,0833.png,2e9668b3a318284ec90c9bbdd940317ecd2f7b95314e68c48c94d2380fad679a,10.0,1,2788499704,11,3,7168.0,128,12,7308.0,0.03717041015625,0.0005174872931092978,32.86100387573242,0.9840123057365417,0.24761375784873962,0.009248452246538363
oracle_gate,0833.png,2e9668b3a318284ec90c9bbdd940317ecd2f7b95314e68c48c94d2380fad679a,10.0,1,2788499704,12,2,6144.0,96,12,6252.0,0.03179931640625,0.0005358520429581404,32.70954895019531,0.9835967421531677,0.24992635846138,0.009133799496339634
oracle_gate,0833.png,2e9668b3a318284ec90c9bbdd940317ecd2f7b95314e68c48c94d2380fad679a,10.0,1,2788499704,13,3,7168.0,128,12,7308.0,0.03717041015625,0.000518696615472436,32.850868225097656,0.9839390516281128,0.24847885966300964,0.009133799496339634
oracle_gate,0833.png,2e9668b3a318284ec90c9bbdd940317ecd2f7b95314e68c48c94d2380fad679a,10.0,1,2788499704,14,3,7168.0,128,12,7308.0,0.03717041015625,0.0005349896964617074,32.71654510498047,0.9838047027587891,0.24870151281356812,0.009133799496339634
oracle_gate,0833.png,2e9668b3a318284ec90c9bbdd940317ecd2f7b95314e68c48c94d2380fad679a,10.0,1,2788499704,15,4,8192.0,160,12,8364.0,0.04254150390625,0.0005180923617444932,32.85593032836914,0.9840124845504761,0.2468009889125824,0.009133799496339634
oracle_gate,0833.png,2e9668b3a318284ec90c9bbdd940317ecd2f7b95314e68c48c94d2380fad679a,10.0,2,3205741799,0,0,4096.0,32,10,4138.0,0.021046956380208332,0.0005304492078721523,32.753562927246094,0.9838589429855347,0.25292345881462097,0.009198177009238862
oracle_gate,0833.png,2e9668b3a318284ec90c9bbdd940317ecd2f7b95314e68c48c94d2380fad679a,10.0,2,3205741799,1,1,5120.0,64,12,5196.0,0.02642822265625,0.0005403063260018826,32.67360305786133,0.9836071729660034,0.2555505335330963,0.009198177009238862
oracle_gate,0833.png,2e9668b3a318284ec90c9bbdd940317ecd2f7b95314e68c48c94d2380fad679a,10.0,2,3205741799,2,1,5120.0,64,12,5196.0,0.02642822265625,0.0005470312898978591,32.61988067626953,0.9834520220756531,0.2554970383644104,0.009198177009238862
oracle_gate,0833.png,2e9668b3a318284ec90c9bbdd940317ecd2f7b95314e68c48c94d2380fad679a,10.0,2,3205741799,3,2,6144.0,96,12,6252.0,0.03179931640625,0.0005348351551219821,32.717803955078125,0.983684241771698,0.2555605471134186,0.009198177009238862
oracle_gate,0833.png,2e9668b3a318284ec90c9bbdd940317ecd2f7b95314e68c48c94d2380fad679a,10.0,2,3205741799,4,1,5120.0,64,12,5196.0,0.02642822265625,0.0005517137469723821,32.582862854003906,0.9833992719650269,0.2551623582839966,0.009609610249754041
oracle_gate,0833.png,2e9668b3a318284ec90c9bbdd940317ecd2f7b95314e68c48c94d2380fad679a,10.0,2,3205741799,5,2,6144.0,96,12,6252.0,0.03179931640625,0.0005387469427660108,32.686153411865234,0.983711838722229,0.25489410758018494,0.009609610249754041
oracle_gate,0833.png,2e9668b3a318284ec90c9bbdd940317ecd2f7b95314e68c48c94d2380fad679a,10.0,2,3205741799,6,2,6144.0,96,12,6252.0,0.03179931640625,0.0005438466905616224,32.64523696899414,0.9835266470909119,0.25536128878593445,0.009609610249754041
oracle_gate,0833.png,2e9668b3a318284ec90c9bbdd940317ecd2f7b95314e68c48c94d2380fad679a,10.0,2,3205741799,7,3,7168.0,128,12,7308.0,0.03717041015625,0.0005331965512596071,32.73112869262695,0.9837602972984314,0.25484150648117065,0.009609610249754041
oracle_gate,0833.png,2e9668b3a318284ec90c9bbdd940317ecd2f7b95314e68c48c94d2380fad679a,10.0,2,3205741799,8,1,5120.0,64,12,5196.0,0.02642822265625,0.0005521594430319965,32.57935333251953,0.98334801197052,0.2554568350315094,0.009145618008915335
oracle_gate,0833.png,2e9668b3a318284ec90c9bbdd940317ecd2f7b95314e68c48c94d2380fad679a,10.0,2,3205741799,9,2,6144.0,96,12,6252.0,0.03179931640625,0.0005378553178161383,32.6933479309082,0.9836606979370117,0.2557429075241089,0.009145618008915335
oracle_gate,0833.png,2e9668b3a318284ec90c9bbdd940317ecd2f7b95314e68c48c94d2380fad679a,10.0,2,3205741799,10,2,6144.0,96,12,6252.0,0.03179931640625,0.0005458880914375186,32.62896728515625,0.9834935069084167,0.25452715158462524,0.009145618008915335
oracle_gate,0833.png,2e9668b3a318284ec90c9bbdd940317ecd2f7b95314e68c48c94d2380fad679a,10.0,2,3205741799,11,3,7168.0,128,12,7308.0,0.03717041015625,0.0005338566843420267,32.72575378417969,0.9837301969528198,0.25454407930374146,0.009145618008915335
oracle_gate,0833.png,2e9668b3a318284ec90c9bbdd940317ecd2f7b95314e68c48c94d2380fad679a,10.0,2,3205741799,12,2,6144.0,96,12,6252.0,0.03179931640625,0.0005510103655979037,32.588401794433594,0.9834226369857788,0.25504475831985474,0.009272431751014665
oracle_gate,0833.png,2e9668b3a318284ec90c9bbdd940317ecd2f7b95314e68c48c94d2380fad679a,10.0,2,3205741799,13,3,7168.0,128,12,7308.0,0.03717041015625,0.0005382405943237245,32.69023513793945,0.9837188124656677,0.25478804111480713,0.009272431751014665
oracle_gate,0833.png,2e9668b3a318284ec90c9bbdd940317ecd2f7b95314e68c48c94d2380fad679a,10.0,2,3205741799,14,3,7168.0,128,12,7308.0,0.03717041015625,0.000544438255019486,32.6405143737793,0.9835666418075562,0.25406694412231445,0.009272431751014665
oracle_gate,0833.png,2e9668b3a318284ec90c9bbdd940317ecd2f7b95314e68c48c94d2380fad679a,10.0,2,3205741799,15,4,8192.0,160,12,8364.0,0.04254150390625,0.0005344454548321664,32.72096633911133,0.9837865829467773,0.2535952031612396,0.009272431751014665
oracle_gate,0833.png,2e9668b3a318284ec90c9bbdd940317ecd2f7b95314e68c48c94d2380fad679a,10.0,3,214965427,0,0,4096.0,32,10,4138.0,0.021046956380208332,0.0005258606397546828,32.79129409790039,0.9837579131126404,0.2527785003185272,0.009172391248284839
oracle_gate,0833.png,2e9668b3a318284ec90c9bbdd940317ecd2f7b95314e68c48c94d2380fad679a,10.0,3,214965427,1,1,5120.0,64,12,5196.0,0.02642822265625,0.0005323287332430482,32.73820114135742,0.9833275079727173,0.25598156452178955,0.009172391248284839
oracle_gate,0833.png,2e9668b3a318284ec90c9bbdd940317ecd2f7b95314e68c48c94d2380fad679a,10.0,3,214965427,2,1,5120.0,64,12,5196.0,0.02642822265625,0.0005457622464746237,32.629966735839844,0.9832570552825928,0.25651875138282776,0.009172391248284839
oracle_gate,0833.png,2e9668b3a318284ec90c9bbdd940317ecd2f7b95314e68c48c94d2380fad679a,10.0,3,214965427,3,2,6144.0,96,12,6252.0,0.03179931640625,0.0005322260549291968,32.739036560058594,0.9833784103393555,0.2559558153152466,0.009172391248284839
oracle_gate,0833.png,2e9668b3a318284ec90c9bbdd940317ecd2f7b95314e68c48c94d2380fad679a,10.0,3,214965427,4,1,5120.0,64,12,5196.0,0.02642822265625,0.0005452519981190562,32.634029388427734,0.9831452369689941,0.25561660528182983,0.00879814475774765
oracle_gate,0833.png,2e9668b3a318284ec90c9bbdd940317ecd2f7b95314e68c48c94d2380fad679a,10.0,3,214965427,5,2,6144.0,96,12,6252.0,0.03179931640625,0.0005313489236868918,32.7462043762207,0.9834047555923462,0.25462013483047485,0.00879814475774765
oracle_gate,0833.png,2e9668b3a318284ec90c9bbdd940317ecd2f7b95314e68c48c94d2380fad679a,10.0,3,214965427,6,2,6144.0,96,12,6252.0,0.03179931640625,0.0005433695623651147,32.6490478515625,0.9832870960235596,0.2556857466697693,0.00879814475774765
oracle_gate,0833.png,2e9668b3a318284ec90c9bbdd940317ecd2f7b95314e68c48c94d2380fad679a,10.0,3,214965427,7,3,7168.0,128,12,7308.0,0.03717041015625,0.0005312387365847826,32.747100830078125,0.9834535121917725,0.2545335292816162,0.00879814475774765
oracle_gate,0833.png,2e9668b3a318284ec90c9bbdd940317ecd2f7b95314e68c48c94d2380fad679a,10.0,3,214965427,8,1,5120.0,64,12,5196.0,0.02642822265625,0.0005442940164357424,32.64166259765625,0.9831134080886841,0.2566411793231964,0.009474466249230318
oracle_gate,0833.png,2e9668b3a318284ec90c9bbdd940317ecd2f7b95314e68c48c94d2380fad679a,10.0,3,214965427,9,2,6144.0,96,12,6252.0,0.03179931640625,0.0005292833084240556,32.763118743896484,0.9833496809005737,0.2562394440174103,0.009474466249230318
oracle_gate,0833.png,2e9668b3a318284ec90c9bbdd940317ecd2f7b95314e68c48c94d2380fad679a,10.0,3,214965427,10,2,6144.0,96,12,6252.0,0.03179931640625,0.000542150461114943,32.6588020324707,0.9832953214645386,0.25583648681640625,0.009474466249230318
oracle_gate,0833.png,2e9668b3a318284ec90c9bbdd940317ecd2f7b95314e68c48c94d2380fad679a,10.0,3,214965427,11,3,7168.0,128,12,7308.0,0.03717041015625,0.0005289495456963778,32.7658576965332,0.9834679365158081,0.2551456391811371,0.009474466249230318
oracle_gate,0833.png,2e9668b3a318284ec90c9bbdd940317ecd2f7b95314e68c48c94d2380fad679a,10.0,3,214965427,12,2,6144.0,96,12,6252.0,0.03179931640625,0.000543336383998394,32.64931106567383,0.9831645488739014,0.2555764615535736,0.009844326239544898
oracle_gate,0833.png,2e9668b3a318284ec90c9bbdd940317ecd2f7b95314e68c48c94d2380fad679a,10.0,3,214965427,13,3,7168.0,128,12,7308.0,0.03717041015625,0.0005297379102557898,32.75939178466797,0.983463704586029,0.25462350249290466,0.009844326239544898
oracle_gate,0833.png,2e9668b3a318284ec90c9bbdd940317ecd2f7b95314e68c48c94d2380fad679a,10.0,3,214965427,14,3,7168.0,128,12,7308.0,0.03717041015625,0.000541136076208204,32.666934967041016,0.9833652377128601,0.2547079622745514,0.009844326239544898
oracle_gate,0833.png,2e9668b3a318284ec90c9bbdd940317ecd2f7b95314e68c48c94d2380fad679a,10.0,3,214965427,15,4,8192.0,160,12,8364.0,0.04254150390625,0.0005296709714457393,32.75993728637695,0.9835234880447388,0.2536092698574066,0.009844326239544898
oracle_gate,0834.png,4d2621a246e4a771754aa0052b91d79dbebfe866d9dbd8200e3c68e038a3de88,10.0,0,82122002,0,0,4096.0,32,10,4138.0,0.021046956380208332,0.0009871609508991241,30.056121826171875,0.9538070559501648,0.23383527994155884,0.009495411242824048
oracle_gate,0834.png,4d2621a246e4a771754aa0052b91d79dbebfe866d9dbd8200e3c68e038a3de88,10.0,0,82122002,1,1,5120.0,64,12,5196.0,0.02642822265625,0.0010033113649114966,29.985645294189453,0.9527891874313354,0.23517334461212158,0.009495411242824048
oracle_gate,0834.png,4d2621a246e4a771754aa0052b91d79dbebfe866d9dbd8200e3c68e038a3de88,10.0,0,82122002,2,1,5120.0,64,12,5196.0,0.02642822265625,0.0010017701424658298,29.992321014404297,0.9528250694274902,0.2343883514404297,0.009495411242824048
oracle_gate,0834.png,4d2621a246e4a771754aa0052b91d79dbebfe866d9dbd8200e3c68e038a3de88,10.0,0,82122002,3,2,6144.0,96,12,6252.0,0.03179931640625,0.0009995575528591871,30.001924514770508,0.9530638456344604,0.2360549122095108,0.009495411242824048
oracle_gate,0834.png,4d2621a246e4a771754aa0052b91d79dbebfe866d9dbd8200e3c68e038a3de88,10.0,0,82122002,4,1,5120.0,64,12,5196.0,0.02642822265625,0.00099936593323946,30.002756118774414,0.9527458548545837,0.23299817740917206,0.009360978496260941
oracle_gate,0834.png,4d2621a246e4a771754aa0052b91d79dbebfe866d9dbd8200e3c68e038a3de88,10.0,0,82122002,5,2,6144.0,96,12,6252.0,0.03179931640625,0.0009967430960386992,30.01416778564453,0.953138530254364,0.23339998722076416,0.009360978496260941
oracle_gate,0834.png,4d2621a246e4a771754aa0052b91d79dbebfe866d9dbd8200e3c68e038a3de88,10.0,0,82122002,6,2,6144.0,96,12,6252.0,0.03179931640625,0.0009955813875421882,30.01923370361328,0.9530422687530518,0.23356473445892334,0.009360978496260941
oracle_gate,0834.png,4d2621a246e4a771754aa0052b91d79dbebfe866d9dbd8200e3c68e038a3de88,10.0,0,82122002,7,3,7168.0,128,12,7308.0,0.03717041015625,0.0009929281659424305,30.03082275390625,0.9534222483634949,0.2342974841594696,0.009360978496260941
oracle_gate,0834.png,4d2621a246e4a771754aa0052b91d79dbebfe866d9dbd8200e3c68e038a3de88,10.0,0,82122002,8,1,5120.0,64,12,5196.0,0.02642822265625,0.0010069867130368948,29.969764709472656,0.9526814222335815,0.23199450969696045,0.009134797990554944
oracle_gate,0834.png,4d2621a246e4a771754aa0052b91d79dbebfe866d9dbd8200e3c68e038a3de88,10.0,0,82122002,9,2,6144.0,96,12,6252.0,0.03179931640625,0.0010047456016764045,29.97943878173828,0.9529207944869995,0.2335318624973297,0.009134797990554944
oracle_gate,0834.png,4d2621a246e4a771754aa0052b91d79dbebfe866d9dbd8200e3c68e038a3de88,10.0,0,82122002,10,2,6144.0,96,12,6252.0,0.03179931640625,0.00100221810862422,29.99037742614746,0.9530059695243835,0.23334914445877075,0.009134797990554944
oracle_gate,0834.png,4d2621a246e4a771754aa0052b91d79dbebfe866d9dbd8200e3c68e038a3de88,10.0,0,82122002,11,3,7168.0,128,12,7308.0,0.03717041015625,0.001000124029815197,29.99946403503418,0.9532225131988525,0.2350580096244812,0.009134797990554944
oracle_gate,0834.png,4d2621a246e4a771754aa0052b91d79dbebfe866d9dbd8200e3c68e038a3de88,10.0,0,82122002,12,2,6144.0,96,12,6252.0,0.03179931640625,0.00100024975836277,29.99891471862793,0.9528692960739136,0.2315656691789627,0.009140904250671156
oracle_gate,0834.png,4d2621a246e4a771754aa0052b91d79dbebfe866d9dbd8200e3c68e038a3de88,10.0,0,82122002,13,3,7168.0,128,12,7308.0,0.03717041015625,0.0009977268055081367,30.009883880615234,0.9532641768455505,0.2320156991481781,0.009140904250671156
oracle_gate,0834.png,4d2621a246e4a771754aa0052b91d79dbebfe866d9dbd8200e3c68e038a3de88,10.0,0,82122002,14,3,7168.0,128,12,7308.0,0.03717041015625,0.0009954763809219003,30.019691467285156,0.9532064199447632,0.23280386626720428,0.009140904250671156
oracle_gate,0834.png,4d2621a246e4a771754aa0052b91d79dbebfe866d9dbd8200e3c68e038a3de88,10.0,0,82122002,15,4,8192.0,160,12,8364.0,0.04254150390625,0.0009930582018569112,30.030254364013672,0.9535739421844482,0.23360055685043335,0.009140904250671156
oracle_gate,0834.png,4d2621a246e4a771754aa0052b91d79dbebfe866d9dbd8200e3c68e038a3de88,10.0,1,297609768,0,0,4096.0,32,10,4138.0,0.021046956380208332,0.0009780419059097767,30.096426010131836,0.9530854225158691,0.2366986870765686,0.009663133503636345
oracle_gate,0834.png,4d2621a246e4a771754aa0052b91d79dbebfe866d9dbd8200e3c68e038a3de88,10.0,1,297609768,1,1,5120.0,64,12,5196.0,0.02642822265625,0.0009973710402846336,30.011432647705078,0.9519894123077393,0.23691099882125854,0.009663133503636345
oracle_gate,0834.png,4d2621a246e4a771754aa0052b91d79dbebfe866d9dbd8200e3c68e038a3de88,10.0,1,297609768,2,1,5120.0,64,12,5196.0,0.02642822265625,0.0009949292289093137,30.022077560424805,0.9520518779754639,0.2384694516658783,0.009663133503636345
oracle_gate,0834.png,4d2621a246e4a771754aa0052b91d79dbebfe866d9dbd8200e3c68e038a3de88,10.0,1,297609768,3,2,6144.0,96,12,6252.0,0.03179931640625,0.0009929718216881156,30.03063201904297,0.9521626234054565,0.23806138336658478,0.009663133503636345
oracle_gate,0834.png,4d2621a246e4a771754aa0052b91d79dbebfe866d9dbd8200e3c68e038a3de88,10.0,1,297609768,4,1,5120.0,64,12,5196.0,0.02642822265625,0.00099160335958004,30.03662109375,0.9521977305412292,0.2359994649887085,0.009146527998382226
oracle_gate,0834.png,4d2621a246e4a771754aa0052b91d79dbebfe866d9dbd8200e3c68e038a3de88,10.0,1,297609768,5,2,6144.0,96,12,6252.0,0.03179931640625,0.0009886290645226836,30.049667358398438,0.9524363875389099,0.23494169116020203,0.009146527998382226
oracle_gate,0834.png,4d2621a246e4a771754aa0052b91d79dbebfe866d9dbd8200e3c68e038a3de88,10.0,1,297609768,6,2,6144.0,96,12,6252.0,0.03179931640625,0.0009864872554317117,30.059085845947266,0.9524282217025757,0.2369554489850998,0.009146527998382226
oracle_gate,0834.png,4d2621a246e4a771754aa0052b91d79dbebfe866d9dbd8200e3c68e038a3de88,10.0,1,297609768,7,3,7168.0,128,12,7308.0,0.03717041015625,0.0009841332212090492,30.0694637298584,0.9526292681694031,0.23606804013252258,0.009146527998382226
oracle_gate,0834.png,4d2621a246e4a771754aa0052b91d79dbebfe866d9dbd8200e3c68e038a3de88,10.0,1,297609768,8,1,5120.0,64,12,5196.0,0.02642822265625,0.001000202726572752,29.999120712280273,0.9520734548568726,0.23610544204711914,0.009162990245386027
oracle_gate,0834.png,4d2621a246e4a771754aa0052b91d79dbebfe866d9dbd8200e3c68e038a3de88,10.0,1,297609768,9,2,6144.0,96,12,6252.0,0.03179931640625,0.0009974356507882476,30.011154174804688,0.9522349238395691,0.2355562448501587,0.009162990245386027
oracle_gate,0834.png,4d2621a246e4a771754aa0052b91d79dbebfe866d9dbd8200e3c68e038a3de88,10.0,1,297609768,10,2,6144.0,96,12,6252.0,0.03179931640625,0.000995432143099606,30.01988410949707,0.9522485733032227,0.23751498758792877,0.009162990245386027
oracle_gate,0834.png,4d2621a246e4a771754aa0052b91d79dbebfe866d9dbd8200e3c68e038a3de88,10.0,1,297609768,11,3,7168.0,128,12,7308.0,0.03717041015625,0.0009935576235875487,30.02806854248047,0.9523568153381348,0.2370690256357193,0.009162990245386027
oracle_gate,0834.png,4d2621a246e4a771754aa0052b91d79dbebfe866d9dbd8200e3c68e038a3de88,10.0,1,297609768,12,2,6144.0,96,12,6252.0,0.03179931640625,0.0009916613344103098,30.03636932373047,0.9524270296096802,0.2345212697982788,0.009056986251380295
oracle_gate,0834.png,4d2621a246e4a771754aa0052b91d79dbebfe866d9dbd8200e3c68e038a3de88,10.0,1,297609768,13,3,7168.0,128,12,7308.0,0.03717041015625,0.0009886990301311016,30.049360275268555,0.952664852142334,0.23354798555374146,0.009056986251380295
oracle_gate,0834.png,4d2621a246e4a771754aa0052b91d79dbebfe866d9dbd8200e3c68e038a3de88,10.0,1,297609768,14,3,7168.0,128,12,7308.0,0.03717041015625,0.0009869904024526477,30.056873321533203,0.9526078104972839,0.2359198033809662,0.009056986251380295
oracle_gate,0834.png,4d2621a246e4a771754aa0052b91d79dbebfe866d9dbd8200e3c68e038a3de88,10.0,1,297609768,15,4,8192.0,160,12,8364.0,0.04254150390625,0.0009848149493336678,30.06645393371582,0.9527859687805176,0.2350846230983734,0.009056986251380295
oracle_gate,0834.png,4d2621a246e4a771754aa0052b91d79dbebfe866d9dbd8200e3c68e038a3de88,10.0,2,4105624954,0,0,4096.0,32,10,4138.0,0.021046956380208332,0.0009886048501357436,30.049772262573242,0.95363849401474,0.23548223078250885,0.00913026524358429
oracle_gate,0834.png,4d2621a246e4a771754aa0052b91d79dbebfe866d9dbd8200e3c68e038a3de88,10.0,2,4105624954,1,1,5120.0,64,12,5196.0,0.02642822265625,0.0010075066238641739,29.96752166748047,0.9527643918991089,0.23676753044128418,0.00913026524358429
oracle_gate,0834.png,4d2621a246e4a771754aa0052b91d79dbebfe866d9dbd8200e3c68e038a3de88,10.0,2,4105624954,2,1,5120.0,64,12,5196.0,0.02642822265625,0.0010072409640997648,29.968666076660156,0.9527208805084229,0.23660492897033691,0.00913026524358429
oracle_gate,0834.png,4d2621a246e4a771754aa0052b91d79dbebfe866d9dbd8200e3c68e038a3de88,10.0,2,4105624954,3,2,6144.0,96,12,6252.0,0.03179931640625,0.0010064555099233985,29.972055435180664,0.9528214931488037,0.2374916821718216,0.00913026524358429
oracle_gate,0834.png,4d2621a246e4a771754aa0052b91d79dbebfe866d9dbd8200e3c68e038a3de88,10.0,2,4105624954,4,1,5120.0,64,12,5196.0,0.02642822265625,0.001002528122626245,29.98903465270996,0.9527467489242554,0.23586246371269226,0.009471900251810439
oracle_gate,0834.png,4d2621a246e4a771754aa0052b91d79dbebfe866d9dbd8200e3c68e038a3de88,10.0,2,4105624954,5,2,6144.0,96,12,6252.0,0.03179931640625,0.0010007539531216025,29.996726989746094,0.9530159831047058,0.2356604039669037,0.009471900251810439
oracle_gate,0834.png,4d2621a246e4a771754aa0052b91d79dbebfe866d9dbd8200e3c68e038a3de88,10.0,2,4105624954,6,2,6144.0,96,12,6252.0,0.03179931640625,0.0010011028498411179,29.99521255493164,0.9528366923332214,0.23626694083213806,0.009471900251810439
oracle_gate,0834.png,4d2621a246e4a771754aa0052b91d79dbebfe866d9dbd8200e3c68e038a3de88,10.0,2,4105624954,7,3,7168.0,128,12,7308.0,0.03717041015625,0.0009995915461331606,30.00177574157715,0.9530844688415527,0.23634520173072815,0.009471900251810439
oracle_gate,0834.png,4d2621a246e4a771754aa0052b91d79dbebfe866d9dbd8200e3c68e038a3de88,10.0,2,4105624954,8,1,5120.0,64,12,5196.0,0.02642822265625,0.0010078295599669218,29.966129302978516,0.9528917670249939,0.23474635183811188,0.009206063492456451
oracle_gate,0834.png,4d2621a246e4a771754aa0052b91d79dbebfe866d9dbd8200e3c68e038a3de88,10.0,2,4105624954,9,2,6144.0,96,12,6252.0,0.03179931640625,0.0010069531854242086,29.969905853271484,0.9530059099197388,0.2354692816734314,0.009206063492456451
oracle_gate,0834.png,4d2621a246e4a771754aa0052b91d79dbebfe866d9dbd8200e3c68e038a3de88,10.0,2,4105624954,10,2,6144.0,96,12,6252.0,0.03179931640625,0.0010056804167106748,29.975399017333984,0.9530301094055176,0.23577973246574402,0.009206063492456451
oracle_gate,0834.png,4d2621a246e4a771754aa0052b91d79dbebfe866d9dbd8200e3c68e038a3de88,10.0,2,4105624954,11,3,7168.0,128,12,7308.0,0.03717041015625,0.001005104510113597,29.977890014648438,0.9531236886978149,0.2366815060377121,0.009206063492456451
oracle_gate,0834.png,4d2621a246e4a771754aa0052b91d79dbebfe866d9dbd8200e3c68e038a3de88,10.0,2,4105624954,12,2,6144.0,96,12,6252.0,0.03179931640625,0.0010004508076235652,29.998044967651367,0.9529998302459717,0.23445089161396027,0.009243664739187807
oracle_gate,0834.png,4d2621a246e4a771754aa0052b91d79dbebfe866d9dbd8200e3c68e038a3de88,10.0,2,4105624954,13,3,7168.0,128,12,7308.0,0.03717041015625,0.000999014126136899,30.004283905029297,0.9532651901245117,0.2342558354139328,0.009243664739187807
oracle_gate,0834.png,4d2621a246e4a771754aa0052b91d79dbebfe866d9dbd8200e3c68e038a3de88,10.0,2,4105624954,14,3,7168.0,128,12,7308.0,0.03717041015625,0.0009982072515413165,30.007793426513672,0.9531517028808594,0.2353920340538025,0.009243664739187807
oracle_gate,0834.png,4d2621a246e4a771754aa0052b91d79dbebfe866d9dbd8200e3c68e038a3de88,10.0,2,4105624954,15,4,8192.0,160,12,8364.0,0.04254150390625,0.000997064053080976,30.01276969909668,0.9533892869949341,0.23547229170799255,0.009243664739187807
oracle_gate,0834.png,4d2621a246e4a771754aa0052b91d79dbebfe866d9dbd8200e3c68e038a3de88,10.0,3,2452911364,0,0,4096.0,32,10,4138.0,0.021046956380208332,0.000971713219769299,30.124622344970703,0.9542524218559265,0.23524470627307892,0.0101043537579244
oracle_gate,0834.png,4d2621a246e4a771754aa0052b91d79dbebfe866d9dbd8200e3c68e038a3de88,10.0,3,2452911364,1,1,5120.0,64,12,5196.0,0.02642822265625,0.000989583320915699,30.04547882080078,0.953301191329956,0.23660501837730408,0.0101043537579244
oracle_gate,0834.png,4d2621a246e4a771754aa0052b91d79dbebfe866d9dbd8200e3c68e038a3de88,10.0,3,2452911364,2,1,5120.0,64,12,5196.0,0.02642822265625,0.000986066646873951,30.06093978881836,0.9534338712692261,0.23681923747062683,0.0101043537579244
oracle_gate,0834.png,4d2621a246e4a771754aa0052b91d79dbebfe866d9dbd8200e3c68e038a3de88,10.0,3,2452911364,3,2,6144.0,96,12,6252.0,0.03179931640625,0.000985069782473147,30.065330505371094,0.9535695910453796,0.23642213642597198,0.0101043537579244
oracle_gate,0834.png,4d2621a246e4a771754aa0052b91d79dbebfe866d9dbd8200e3c68e038a3de88,10.0,3,2452911364,4,1,5120.0,64,12,5196.0,0.02642822265625,0.0009900975273922086,30.04322052001953,0.9530560374259949,0.2373671531677246,0.009198716492392123
oracle_gate,0834.png,4d2621a246e4a771754aa0052b91d79dbebfe866d9dbd8200e3c68e038a3de88,10.0,3,2452911364,5,2,6144.0,96,12,6252.0,0.03179931640625,0.00098787946626544,30.052963256835938,0.9533655643463135,0.23605851829051971,0.009198716492392123
oracle_gate,0834.png,4d2621a246e4a771754aa0052b91d79dbebfe866d9dbd8200e3c68e038a3de88,10.0,3,2452911364,6,2,6144.0,96,12,6252.0,0.03179931640625,0.0009845757158473134,30.0675106048584,0.9533898234367371,0.23684795200824738,0.009198716492392123
oracle_gate,0834.png,4d2621a246e4a771754aa0052b91d79dbebfe866d9dbd8200e3c68e038a3de88,10.0,3,2452911364,7,3,7168.0,128,12,7308.0,0.03717041015625,0.0009834067896008492,30.072668075561523,0.9536215662956238,0.23584452271461487,0.009198716492392123
oracle_gate,0834.png,4d2621a246e4a771754aa0052b91d79dbebfe866d9dbd8200e3c68e038a3de88,10.0,3,2452911364,8,1,5120.0,64,12,5196.0,0.02642822265625,0.0009913998655974865,30.037513732910156,0.953315258026123,0.2365233302116394,0.00899028249841649
oracle_gate,0834.png,4d2621a246e4a771754aa0052b91d79dbebfe866d9dbd8200e3c68e038a3de88,10.0,3,2452911364,9,2,6144.0,96,12,6252.0,0.03179931640625,0.0009896352421492338,30.045249938964844,0.9534916877746582,0.2359374612569809,0.00899028249841649
oracle_gate,0834.png,4d2621a246e4a771754aa0052b91d79dbebfe866d9dbd8200e3c68e038a3de88,10.0,3,2452911364,10,2,6144.0,96,12,6252.0,0.03179931640625,0.0009848680347204208,30.066219329833984,0.9536449313163757,0.23620754480361938,0.00899028249841649
oracle_gate,0834.png,4d2621a246e4a771754aa0052b91d79dbebfe866d9dbd8200e3c68e038a3de88,10.0,3,2452911364,11,3,7168.0,128,12,7308.0,0.03717041015625,0.0009842559229582548,30.068920135498047,0.9537481665611267,0.23581339418888092,0.00899028249841649
oracle_gate,0834.png,4d2621a246e4a771754aa0052b91d79dbebfe866d9dbd8200e3c68e038a3de88,10.0,3,2452911364,12,2,6144.0,96,12,6252.0,0.03179931640625,0.0009883069433271885,30.05108070373535,0.953365683555603,0.2363509237766266,0.009144272495177574
oracle_gate,0834.png,4d2621a246e4a771754aa0052b91d79dbebfe866d9dbd8200e3c68e038a3de88,10.0,3,2452911364,13,3,7168.0,128,12,7308.0,0.03717041015625,0.000986466882750392,30.059175491333008,0.9536581039428711,0.23510755598545074,0.009144272495177574
oracle_gate,0834.png,4d2621a246e4a771754aa0052b91d79dbebfe866d9dbd8200e3c68e038a3de88,10.0,3,2452911364,14,3,7168.0,128,12,7308.0,0.03717041015625,0.00098185776732862,30.07951545715332,0.95369553565979,0.23596617579460144,0.009144272495177574
oracle_gate,0834.png,4d2621a246e4a771754aa0052b91d79dbebfe866d9dbd8200e3c68e038a3de88,10.0,3,2452911364,15,4,8192.0,160,12,8364.0,0.04254150390625,0.0009810886112973094,30.08292007446289,0.9539065361022949,0.2349870651960373,0.009144272495177574
oracle_gate,0835.png,263cfd9c7d2eee15b29250e6d0dc366ed680feb222de3f8c2fb5c6bd304608e4,10.0,0,3939818673,0,0,4096.0,32,10,4138.0,0.021046956380208332,0.0014365729875862598,28.42672348022461,0.9619557857513428,0.2855181396007538,0.00967486875015311
oracle_gate,0835.png,263cfd9c7d2eee15b29250e6d0dc366ed680feb222de3f8c2fb5c6bd304608e4,10.0,0,3939818673,1,1,5120.0,64,12,5196.0,0.02642822265625,0.0014554965309798717,28.369888305664062,0.9611496925354004,0.28817740082740784,0.00967486875015311
oracle_gate,0835.png,263cfd9c7d2eee15b29250e6d0dc366ed680feb222de3f8c2fb5c6bd304608e4,10.0,0,3939818673,2,1,5120.0,64,12,5196.0,0.02642822265625,0.00145336939021945,28.376239776611328,0.9611288905143738,0.2855430543422699,0.00967486875015311
oracle_gate,0835.png,263cfd9c7d2eee15b29250e6d0dc366ed680feb222de3f8c2fb5c6bd304608e4,10.0,0,3939818673,3,2,6144.0,96,12,6252.0,0.03179931640625,0.001456770347431302,28.3660888671875,0.9612772464752197,0.28587064146995544,0.00967486875015311
oracle_gate,0835.png,263cfd9c7d2eee15b29250e6d0dc366ed680feb222de3f8c2fb5c6bd304608e4,10.0,0,3939818673,4,1,5120.0,64,12,5196.0,0.02642822265625,0.0014499879907816648,28.386356353759766,0.9610804915428162,0.2880360782146454,0.00980365498980973
oracle_gate,0835.png,263cfd9c7d2eee15b29250e6d0dc366ed680feb222de3f8c2fb5c6bd304608e4,10.0,0,3939818673,5,2,6144.0,96,12,6252.0,0.03179931640625,0.0014515294460579753,28.381744384765625,0.961121678352356,0.28857818245887756,0.00980365498980973
oracle_gate,0835.png,263cfd9c7d2eee15b29250e6d0dc366ed680feb222de3f8c2fb5c6bd304608e4,10.0,0,3939818673,6,2,6144.0,96,12,6252.0,0.03179931640625,0.001450645155273378,28.384389877319336,0.9611740112304688,0.28566235303878784,0.00980365498980973
oracle_gate,0835.png,263cfd9c7d2eee15b29250e6d0dc366ed680feb222de3f8c2fb5c6bd304608e4,10.0,0,3939818673,7,3,7168.0,128,12,7308.0,0.03717041015625,0.0014526878949254751,28.378278732299805,0.9612431526184082,0.28637585043907166,0.00980365498980973
oracle_gate,0835.png,263cfd9c7d2eee15b29250e6d0dc366ed680feb222de3f8c2fb5c6bd304608e4,10.0,0,3939818673,8,1,5120.0,64,12,5196.0,0.02642822265625,0.0014505477156490088,28.384681701660156,0.9611614942550659,0.28670480847358704,0.009385190249304287
oracle_gate,0835.png,263cfd9c7d2eee15b29250e6d0dc366ed680feb222de3f8c2fb5c6bd304608e4,10.0,0,3939818673,9,2,6144.0,96,12,6252.0,0.03179931640625,0.0014529945328831673,28.377361297607422,0.9612553119659424,0.28710153698921204,0.009385190249304287
oracle_gate,0835.png,263cfd9c7d2eee15b29250e6d0dc366ed680feb222de3f8c2fb5c6bd304608e4,10.0,0,3939818673,10,2,6144.0,96,12,6252.0,0.03179931640625,0.0014492891496047378,28.388450622558594,0.9613597393035889,0.28434932231903076,0.009385190249304287
oracle_gate,0835.png,263cfd9c7d2eee15b29250e6d0dc366ed680feb222de3f8c2fb5c6bd304608e4,10.0,0,3939818673,11,3,7168.0,128,12,7308.0,0.03717041015625,0.001452081254683435,28.38009262084961,0.9614982604980469,0.28480711579322815,0.009385190249304287
oracle_gate,0835.png,263cfd9c7d2eee15b29250e6d0dc366ed680feb222de3f8c2fb5c6bd304608e4,10.0,0,3939818673,12,2,6144.0,96,12,6252.0,0.03179931640625,0.0014473706251010299,28.394203186035156,0.961239218711853,0.28663891553878784,0.009065575010026805
oracle_gate,0835.png,263cfd9c7d2eee15b29250e6d0dc366ed680feb222de3f8c2fb5c6bd304608e4,10.0,0,3939818673,13,3,7168.0,128,12,7308.0,0.03717041015625,0.0014486229047179222,28.390445709228516,0.9612595438957214,0.2871909439563751,0.009065575010026805
oracle_gate,0835.png,263cfd9c7d2eee15b29250e6d0dc366ed680feb222de3f8c2fb5c6bd304608e4,10.0,0,3939818673,14,3,7168.0,128,12,7308.0,0.03717041015625,0.0014460196252912283,28.398258209228516,0.9614317417144775,0.28425249457359314,0.009065575010026805
oracle_gate,0835.png,263cfd9c7d2eee15b29250e6d0dc366ed680feb222de3f8c2fb5c6bd304608e4,10.0,0,3939818673,15,4,8192.0,160,12,8364.0,0.04254150390625,0.0014477234799414873,28.393144607543945,0.9615044593811035,0.2850460708141327,0.009065575010026805
oracle_gate,0835.png,263cfd9c7d2eee15b29250e6d0dc366ed680feb222de3f8c2fb5c6bd304608e4,10.0,1,3503933871,0,0,4096.0,32,10,4138.0,0.021046956380208332,0.001417804043740034,28.48383903503418,0.9616976976394653,0.2815406620502472,0.009409599748323672
oracle_gate,0835.png,263cfd9c7d2eee15b29250e6d0dc366ed680feb222de3f8c2fb5c6bd304608e4,10.0,1,3503933871,1,1,5120.0,64,12,5196.0,0.02642822265625,0.0014364197850227356,28.42718505859375,0.9606374502182007,0.28113290667533875,0.009409599748323672
oracle_gate,0835.png,263cfd9c7d2eee15b29250e6d0dc366ed680feb222de3f8c2fb5c6bd304608e4,10.0,1,3503933871,2,1,5120.0,64,12,5196.0,0.02642822265625,0.0014379139756783843,28.422672271728516,0.9605529308319092,0.2824558615684509,0.009409599748323672
oracle_gate,0835.png,263cfd9c7d2eee15b29250e6d0dc366ed680feb222de3f8c2fb5c6bd304608e4,10.0,1,3503933871,3,2,6144.0,96,12,6252.0,0.03179931640625,0.0014368969714269042,28.42574691772461,0.960580050945282,0.2819782793521881,0.009409599748323672
oracle_gate,0835.png,263cfd9c7d2eee15b29250e6d0dc366ed680feb222de3f8c2fb5c6bd304608e4,10.0,1,3503933871,4,1,5120.0,64,12,5196.0,0.02642822265625,0.001436479389667511,28.4270076751709,0.9606518149375916,0.28110983967781067,0.009112082509091124
oracle_gate,0835.png,263cfd9c7d2eee15b29250e6d0dc366ed680feb222de3f8c2fb5c6bd304608e4,10.0,1,3503933871,5,2,6144.0,96,12,6252.0,0.03179931640625,0.0014343041693791747,28.4335880279541,0.9607815742492676,0.2804887294769287,0.009112082509091124
oracle_gate,0835.png,263cfd9c7d2eee15b29250e6d0dc366ed680feb222de3f8c2fb5c6bd304608e4,10.0,1,3503933871,6,2,6144.0,96,12,6252.0,0.03179931640625,0.0014355595922097564,28.429790496826172,0.960730791091919,0.2820957899093628,0.009112082509091124
oracle_gate,0835.png,263cfd9c7d2eee15b29250e6d0dc366ed680feb222de3f8c2fb5c6bd304608e4,10.0,1,3503933871,7,3,7168.0,128,12,7308.0,0.03717041015625,0.0014350501587614417,28.43132972717285,0.9606977701187134,0.28134602308273315,0.009112082509091124
oracle_gate,0835.png,263cfd9c7d2eee15b29250e6d0dc366ed680feb222de3f8c2fb5c6bd304608e4,10.0,1,3503933871,8,1,5120.0,64,12,5196.0,0.02642822265625,0.0014345708768814802,28.43277931213379,0.9608038663864136,0.2797973155975342,0.00959544449870009
oracle_gate,0835.png,263cfd9c7d2eee15b29250e6d0dc366ed680feb222de3f8c2fb5c6bd304608e4,10.0,1,3503933871,9,2,6144.0,96,12,6252.0,0.03179931640625,0.0014315941371023655,28.441802978515625,0.9609897136688232,0.27946460247039795,0.00959544449870009
oracle_gate,0835.png,263cfd9c7d2eee15b29250e6d0dc366ed680feb222de3f8c2fb5c6bd304608e4,10.0,1,3503933871,10,2,6144.0,96,12,6252.0,0.03179931640625,0.0014318588655442,28.44099998474121,0.9609317779541016,0.28065499663352966,0.00959544449870009
oracle_gate,0835.png,263cfd9c7d2eee15b29250e6d0dc366ed680feb222de3f8c2fb5c6bd304608e4,10.0,1,3503933871,11,3,7168.0,128,12,7308.0,0.03717041015625,0.0014307548990473151,28.444347381591797,0.9609345197677612,0.2802163362503052,0.00959544449870009
oracle_gate,0835.png,263cfd9c7d2eee15b29250e6d0dc366ed680feb222de3f8c2fb5c6bd304608e4,10.0,1,3503933871,12,2,6144.0,96,12,6252.0,0.03179931640625,0.0014320255722850561,28.440494537353516,0.9609975218772888,0.2794991731643677,0.008996340751764365
oracle_gate,0835.png,263cfd9c7d2eee15b29250e6d0dc366ed680feb222de3f8c2fb5c6bd304608e4,10.0,1,3503933871,13,3,7168.0,128,12,7308.0,0.03717041015625,0.001429935684427619,28.446836471557617,0.9610980749130249,0.2788594961166382,0.008996340751764365
oracle_gate,0835.png,263cfd9c7d2eee15b29250e6d0dc366ed680feb222de3f8c2fb5c6bd304608e4,10.0,1,3503933871,14,3,7168.0,128,12,7308.0,0.03717041015625,0.0014298097230494022,28.44721794128418,0.9610773921012878,0.28032228350639343,0.008996340751764365
oracle_gate,0835.png,263cfd9c7d2eee15b29250e6d0dc366ed680feb222de3f8c2fb5c6bd304608e4,10.0,1,3503933871,15,4,8192.0,160,12,8364.0,0.04254150390625,0.0014292317209765315,28.448974609375,0.961037278175354,0.2796153426170349,0.008996340751764365
oracle_gate,0835.png,263cfd9c7d2eee15b29250e6d0dc366ed680feb222de3f8c2fb5c6bd304608e4,10.0,2,1064077088,0,0,4096.0,32,10,4138.0,0.021046956380208332,0.0014247646322473884,28.462570190429688,0.9621790647506714,0.28922414779663086,0.008994382238597609
oracle_gate,0835.png,263cfd9c7d2eee15b29250e6d0dc366ed680feb222de3f8c2fb5c6bd304608e4,10.0,2,1064077088,1,1,5120.0,64,12,5196.0,0.02642822265625,0.0014405520632863045,28.414710998535156,0.9615750312805176,0.290403813123703,0.008994382238597609
oracle_gate,0835.png,263cfd9c7d2eee15b29250e6d0dc366ed680feb222de3f8c2fb5c6bd304608e4,10.0,2,1064077088,2,1,5120.0,64,12,5196.0,0.02642822265625,0.0014482722617685795,28.391498565673828,0.9613627195358276,0.290231317281723,0.008994382238597609
oracle_gate,0835.png,263cfd9c7d2eee15b29250e6d0dc366ed680feb222de3f8c2fb5c6bd304608e4,10.0,2,1064077088,3,2,6144.0,96,12,6252.0,0.03179931640625,0.0014442711835727096,28.403512954711914,0.9616104364395142,0.28996968269348145,0.008994382238597609
oracle_gate,0835.png,263cfd9c7d2eee15b29250e6d0dc366ed680feb222de3f8c2fb5c6bd304608e4,10.0,2,1064077088,4,1,5120.0,64,12,5196.0,0.02642822265625,0.0014409997966140509,28.413360595703125,0.9614769220352173,0.28963029384613037,0.009046608247444965
oracle_gate,0835.png,263cfd9c7d2eee15b29250e6d0dc366ed680feb222de3f8c2fb5c6bd304608e4,10.0,2,1064077088,5,2,6144.0,96,12,6252.0,0.03179931640625,0.0014377979096025229,28.42302131652832,0.9616043567657471,0.28914910554885864,0.009046608247444965
oracle_gate,0835.png,263cfd9c7d2eee15b29250e6d0dc366ed680feb222de3f8c2fb5c6bd304608e4,10.0,2,1064077088,6,2,6144.0,96,12,6252.0,0.03179931640625,0.0014450361486524343,28.401212692260742,0.9614390730857849,0.2890467643737793,0.009046608247444965
oracle_gate,0835.png,263cfd9c7d2eee15b29250e6d0dc366ed680feb222de3f8c2fb5c6bd304608e4,10.0,2,1064077088,7,3,7168.0,128,12,7308.0,0.03717041015625,0.0014415471814572811,28.411712646484375,0.9616269469261169,0.2887651026248932,0.009046608247444965
oracle_gate,0835.png,263cfd9c7d2eee15b29250e6d0dc366ed680feb222de3f8c2fb5c6bd304608e4,10.0,2,1064077088,8,1,5120.0,64,12,5196.0,0.02642822265625,0.0014405064284801483,28.41484832763672,0.9615697860717773,0.28996628522872925,0.008870089746778831
oracle_gate,0835.png,263cfd9c7d2eee15b29250e6d0dc366ed680feb222de3f8c2fb5c6bd304608e4,10.0,2,1064077088,9,2,6144.0,96,12,6252.0,0.03179931640625,0.0014366920804604888,28.426362991333008,0.9617189168930054,0.28961649537086487,0.008870089746778831
oracle_gate,0835.png,263cfd9c7d2eee15b29250e6d0dc366ed680feb222de3f8c2fb5c6bd304608e4,10.0,2,1064077088,10,2,6144.0,96,12,6252.0,0.03179931640625,0.0014424253022298217,28.409069061279297,0.9616081118583679,0.2898663878440857,0.008870089746778831
oracle_gate,0835.png,263cfd9c7d2eee15b29250e6d0dc366ed680feb222de3f8c2fb5c6bd304608e4,10.0,2,1064077088,11,3,7168.0,128,12,7308.0,0.03717041015625,0.001438081730157137,28.422164916992188,0.9618410468101501,0.28964564204216003,0.008870089746778831
oracle_gate,0835.png,263cfd9c7d2eee15b29250e6d0dc366ed680feb222de3f8c2fb5c6bd304608e4,10.0,2,1064077088,12,2,6144.0,96,12,6252.0,0.03179931640625,0.0014376438921317458,28.42348861694336,0.9616408348083496,0.288850873708725,0.009687084253528155
oracle_gate,0835.png,263cfd9c7d2eee15b29250e6d0dc366ed680feb222de3f8c2fb5c6bd304608e4,10.0,2,1064077088,13,3,7168.0,128,12,7308.0,0.03717041015625,0.0014345085946843028,28.43297004699707,0.9617371559143066,0.2883610725402832,0.009687084253528155
oracle_gate,0835.png,263cfd9c7d2eee15b29250e6d0dc366ed680feb222de3f8c2fb5c6bd304608e4,10.0,2,1064077088,14,3,7168.0,128,12,7308.0,0.03717041015625,0.0014397029299288988,28.417272567749023,0.9616683721542358,0.2887185513973236,0.009687084253528155
oracle_gate,0835.png,263cfd9c7d2eee15b29250e6d0dc366ed680feb222de3f8c2fb5c6bd304608e4,10.0,2,1064077088,15,4,8192.0,160,12,8364.0,0.04254150390625,0.0014359208289533854,28.428695678710938,0.9618428945541382,0.28842997550964355,0.009687084253528155
oracle_gate,0835.png,263cfd9c7d2eee15b29250e6d0dc366ed680feb222de3f8c2fb5c6bd304608e4,10.0,3,2002811136,0,0,4096.0,32,10,4138.0,0.021046956380208332,0.0014455722412094474,28.399600982666016,0.9611818790435791,0.2780170142650604,0.009158713510259986
oracle_gate,0835.png,263cfd9c7d2eee15b29250e6d0dc366ed680feb222de3f8c2fb5c6bd304608e4,10.0,3,2002811136,1,1,5120.0,64,12,5196.0,0.02642822265625,0.001466242945753038,28.337940216064453,0.9603118896484375,0.2787855267524719,0.009158713510259986
oracle_gate,0835.png,263cfd9c7d2eee15b29250e6d0dc366ed680feb222de3f8c2fb5c6bd304608e4,10.0,3,2002811136,2,1,5120.0,64,12,5196.0,0.02642822265625,0.0014649173244833946,28.341869354248047,0.9603655338287354,0.278136670589447,0.009158713510259986
oracle_gate,0835.png,263cfd9c7d2eee15b29250e6d0dc366ed680feb222de3f8c2fb5c6bd304608e4,10.0,3,2002811136,3,2,6144.0,96,12,6252.0,0.03179931640625,0.0014641701709479094,28.344085693359375,0.9604923129081726,0.2772509753704071,0.009158713510259986
oracle_gate,0835.png,263cfd9c7d2eee15b29250e6d0dc366ed680feb222de3f8c2fb5c6bd304608e4,10.0,3,2002811136,4,1,5120.0,64,12,5196.0,0.02642822265625,0.0014662144239991903,28.338027954101562,0.9603815078735352,0.2779806852340698,0.008939330495195463
oracle_gate,0835.png,263cfd9c7d2eee15b29250e6d0dc366ed680feb222de3f8c2fb5c6bd304608e4,10.0,3,2002811136,5,2,6144.0,96,12,6252.0,0.03179931640625,0.0014648245414718986,28.342144012451172,0.9604167938232422,0.27838271856307983,0.008939330495195463
oracle_gate,0835.png,263cfd9c7d2eee15b29250e6d0dc366ed680feb222de3f8c2fb5c6bd304608e4,10.0,3,2002811136,6,2,6144.0,96,12,6252.0,0.03179931640625,0.0014641335001215339,28.344194412231445,0.9604889750480652,0.27727532386779785,0.008939330495195463
oracle_gate,0835.png,263cfd9c7d2eee15b29250e6d0dc366ed680feb222de3f8c2fb5c6bd304608e4,10.0,3,2002811136,7,3,7168.0,128,12,7308.0,0.03717041015625,0.001462610438466072,28.34871482849121,0.9605942964553833,0.2768687605857849,0.008939330495195463
oracle_gate,0835.png,263cfd9c7d2eee15b29250e6d0dc366ed680feb222de3f8c2fb5c6bd304608e4,10.0,3,2002811136,8,1,5120.0,64,12,5196.0,0.02642822265625,0.0014629437355324626,28.34772300720215,0.9604657888412476,0.27745988965034485,0.009156072992482223
oracle_gate,0835.png,263cfd9c7d2eee15b29250e6d0dc366ed680feb222de3f8c2fb5c6bd304608e4,10.0,3,2002811136,9,2,6144.0,96,12,6252.0,0.03179931640625,0.0014620901783928275,28.35025978088379,0.9604961276054382,0.2773943841457367,0.009156072992482223
oracle_gate,0835.png,263cfd9c7d2eee15b29250e6d0dc366ed680feb222de3f8c2fb5c6bd304608e4,10.0,3,2002811136,10,2,6144.0,96,12,6252.0,0.03179931640625,0.0014590031933039427,28.35943603515625,0.9606398940086365,0.2771608233451843,0.009156072992482223
oracle_gate,0835.png,263cfd9c7d2eee15b29250e6d0dc366ed680feb222de3f8c2fb5c6bd304608e4,10.0,3,2002811136,11,3,7168.0,128,12,7308.0,0.03717041015625,0.0014579703565686941,28.36251449584961,0.9607462882995605,0.2763082683086395,0.009156072992482223
oracle_gate,0835.png,263cfd9c7d2eee15b29250e6d0dc366ed680feb222de3f8c2fb5c6bd304608e4,10.0,3,2002811136,12,2,6144.0,96,12,6252.0,0.03179931640625,0.0014622861053794622,28.34967803955078,0.9605838656425476,0.2767600417137146,0.009286340762628242
oracle_gate,0835.png,263cfd9c7d2eee15b29250e6d0dc366ed680feb222de3f8c2fb5c6bd304608e4,10.0,3,2002811136,13,3,7168.0,128,12,7308.0,0.03717041015625,0.00146096246317029,28.35361099243164,0.9605934619903564,0.2771852910518646,0.009286340762628242
oracle_gate,0835.png,263cfd9c7d2eee15b29250e6d0dc366ed680feb222de3f8c2fb5c6bd304608e4,10.0,3,2002811136,14,3,7168.0,128,12,7308.0,0.03717041015625,0.0014583589509129524,28.361356735229492,0.9607406854629517,0.2765098810195923,0.009286340762628242
oracle_gate,0835.png,263cfd9c7d2eee15b29250e6d0dc366ed680feb222de3f8c2fb5c6bd304608e4,10.0,3,2002811136,15,4,8192.0,160,12,8364.0,0.04254150390625,0.0014566835016012192,28.366348266601562,0.960848331451416,0.27623656392097473,0.009286340762628242
oracle_gate,0836.png,d056c4afc22367640c8ec7a1b84c06eaa7405e29363f0e75ea824e15aec149d0,10.0,0,44878173,0,0,4096.0,32,10,4138.0,0.021046956380208332,0.002600383944809437,25.849626541137695,0.9418321847915649,0.17343977093696594,0.007478907762560993
oracle_gate,0836.png,d056c4afc22367640c8ec7a1b84c06eaa7405e29363f0e75ea824e15aec149d0,10.0,0,44878173,1,1,5120.0,64,12,5196.0,0.02642822265625,0.0027307551354169846,25.63717269897461,0.9397911429405212,0.17257869243621826,0.007478907762560993
oracle_gate,0836.png,d056c4afc22367640c8ec7a1b84c06eaa7405e29363f0e75ea824e15aec149d0,10.0,0,44878173,2,1,5120.0,64,12,5196.0,0.02642822265625,0.002714267000555992,25.663475036621094,0.9398026466369629,0.1728503704071045,0.007478907762560993
oracle_gate,0836.png,d056c4afc22367640c8ec7a1b84c06eaa7405e29363f0e75ea824e15aec149d0,10.0,0,44878173,3,2,6144.0,96,12,6252.0,0.03179931640625,0.002691542496904731,25.699987411499023,0.940294623374939,0.17205262184143066,0.007478907762560993
oracle_gate,0836.png,d056c4afc22367640c8ec7a1b84c06eaa7405e29363f0e75ea824e15aec149d0,10.0,0,44878173,4,1,5120.0,64,12,5196.0,0.02642822265625,0.0027239355258643627,25.648033142089844,0.939424455165863,0.17328453063964844,0.005840950005222112
oracle_gate,0836.png,d056c4afc22367640c8ec7a1b84c06eaa7405e29363f0e75ea824e15aec149d0,10.0,0,44878173,5,2,6144.0,96,12,6252.0,0.03179931640625,0.0027057109400629997,25.677186965942383,0.9400553703308105,0.17294465005397797,0.005840950005222112
oracle_gate,0836.png,d056c4afc22367640c8ec7a1b84c06eaa7405e29363f0e75ea824e15aec149d0,10.0,0,44878173,6,2,6144.0,96,12,6252.0,0.03179931640625,0.0026854758616536856,25.709789276123047,0.9400213956832886,0.1729433238506317,0.005840950005222112
oracle_gate,0836.png,d056c4afc22367640c8ec7a1b84c06eaa7405e29363f0e75ea824e15aec149d0,10.0,0,44878173,7,3,7168.0,128,12,7308.0,0.03717041015625,0.002667525317519903,25.738916397094727,0.9405792951583862,0.17233850061893463,0.005840950005222112
oracle_gate,0836.png,d056c4afc22367640c8ec7a1b84c06eaa7405e29363f0e75ea824e15aec149d0,10.0,0,44878173,8,1,5120.0,64,12,5196.0,0.02642822265625,0.0027303355745971203,25.637840270996094,0.939628541469574,0.17136001586914062,0.0089503905037418
oracle_gate,0836.png,d056c4afc22367640c8ec7a1b84c06eaa7405e29363f0e75ea824e15aec149d0,10.0,0,44878173,9,2,6144.0,96,12,6252.0,0.03179931640625,0.0027068518102169037,25.675355911254883,0.940192699432373,0.17072659730911255,0.0089503905037418
oracle_gate,0836.png,d056c4afc22367640c8ec7a1b84c06eaa7405e29363f0e75ea824e15aec149d0,10.0,0,44878173,10,2,6144.0,96,12,6252.0,0.03179931640625,0.002697381656616926,25.690576553344727,0.9401102066040039,0.1715126484632492,0.0089503905037418
oracle_gate,0836.png,d056c4afc22367640c8ec7a1b84c06eaa7405e29363f0e75ea824e15aec149d0,10.0,0,44878173,11,3,7168.0,128,12,7308.0,0.03717041015625,0.0026745889335870743,25.727432250976562,0.9406025409698486,0.17062006890773773,0.0089503905037418
oracle_gate,0836.png,d056c4afc22367640c8ec7a1b84c06eaa7405e29363f0e75ea824e15aec149d0,10.0,0,44878173,12,2,6144.0,96,12,6252.0,0.03179931640625,0.0027042028959840536,25.679607391357422,0.9398247003555298,0.17148584127426147,0.009049343250808306
oracle_gate,0836.png,d056c4afc22367640c8ec7a1b84c06eaa7405e29363f0e75ea824e15aec149d0,10.0,0,44878173,13,3,7168.0,128,12,7308.0,0.03717041015625,0.0026859287172555923,25.709056854248047,0.9404535293579102,0.17105019092559814,0.009049343250808306
oracle_gate,0836.png,d056c4afc22367640c8ec7a1b84c06eaa7405e29363f0e75ea824e15aec149d0,10.0,0,44878173,14,3,7168.0,128,12,7308.0,0.03717041015625,0.002672843635082245,25.730266571044922,0.9403024911880493,0.17160052061080933,0.009049343250808306
oracle_gate,0836.png,d056c4afc22367640c8ec7a1b84c06eaa7405e29363f0e75ea824e15aec149d0,10.0,0,44878173,15,4,8192.0,160,12,8364.0,0.04254150390625,0.0026543941348791122,25.760347366333008,0.940872073173523,0.17087849974632263,0.009049343250808306
oracle_gate,0836.png,d056c4afc22367640c8ec7a1b84c06eaa7405e29363f0e75ea824e15aec149d0,10.0,1,2799035710,0,0,4096.0,32,10,4138.0,0.021046956380208332,0.0026216674596071243,25.814226150512695,0.9423356056213379,0.1776210069656372,0.009187524497974664
oracle_gate,0836.png,d056c4afc22367640c8ec7a1b84c06eaa7405e29363f0e75ea824e15aec149d0,10.0,1,2799035710,1,1,5120.0,64,12,5196.0,0.02642822265625,0.002733527449890971,25.632766723632812,0.9406582713127136,0.17514349520206451,0.009187524497974664
oracle_gate,0836.png,d056c4afc22367640c8ec7a1b84c06eaa7405e29363f0e75ea824e15aec149d0,10.0,1,2799035710,2,1,5120.0,64,12,5196.0,0.02642822265625,0.0027027688920497894,25.68191146850586,0.9409059286117554,0.17514993250370026,0.009187524497974664
oracle_gate,0836.png,d056c4afc22367640c8ec7a1b84c06eaa7405e29363f0e75ea824e15aec149d0,10.0,1,2799035710,3,2,6144.0,96,12,6252.0,0.03179931640625,0.002684257458895445,25.71175765991211,0.941330075263977,0.17494603991508484,0.009187524497974664
oracle_gate,0836.png,d056c4afc22367640c8ec7a1b84c06eaa7405e29363f0e75ea824e15aec149d0,10.0,1,2799035710,4,1,5120.0,64,12,5196.0,0.02642822265625,0.00273792608641088,25.625783920288086,0.9404044151306152,0.17645367980003357,0.009476642255322076
oracle_gate,0836.png,d056c4afc22367640c8ec7a1b84c06eaa7405e29363f0e75ea824e15aec149d0,10.0,1,2799035710,5,2,6144.0,96,12,6252.0,0.03179931640625,0.0027226887177675962,25.650022506713867,0.9410108327865601,0.17647485435009003,0.009476642255322076
oracle_gate,0836.png,d056c4afc22367640c8ec7a1b84c06eaa7405e29363f0e75ea824e15aec149d0,10.0,1,2799035710,6,2,6144.0,96,12,6252.0,0.03179931640625,0.0026886812411248684,25.704608917236328,0.94111168384552,0.17606863379478455,0.009476642255322076
oracle_gate,0836.png,d056c4afc22367640c8ec7a1b84c06eaa7405e29363f0e75ea824e15aec149d0,10.0,1,2799035710,7,3,7168.0,128,12,7308.0,0.03717041015625,0.0026746834628283978,25.727275848388672,0.9416660070419312,0.17627543210983276,0.009476642255322076
oracle_gate,0836.png,d056c4afc22367640c8ec7a1b84c06eaa7405e29363f0e75ea824e15aec149d0,10.0,1,2799035710,8,1,5120.0,64,12,5196.0,0.02642822265625,0.002744839293882251,25.614831924438477,0.9403219223022461,0.17518219351768494,0.008877498243236914
oracle_gate,0836.png,d056c4afc22367640c8ec7a1b84c06eaa7405e29363f0e75ea824e15aec149d0,10.0,1,2799035710,9,2,6144.0,96,12,6252.0,0.03179931640625,0.0027245699893683195,25.64702033996582,0.9407968521118164,0.17479200661182404,0.008877498243236914
oracle_gate,0836.png,d056c4afc22367640c8ec7a1b84c06eaa7405e29363f0e75ea824e15aec149d0,10.0,1,2799035710,10,2,6144.0,96,12,6252.0,0.03179931640625,0.0026978810783475637,25.68977165222168,0.940972089767456,0.17484989762306213,0.008877498243236914
oracle_gate,0836.png,d056c4afc22367640c8ec7a1b84c06eaa7405e29363f0e75ea824e15aec149d0,10.0,1,2799035710,11,3,7168.0,128,12,7308.0,0.03717041015625,0.0026794979348778725,25.719467163085938,0.9414018988609314,0.1746930480003357,0.008877498243236914
oracle_gate,0836.png,d056c4afc22367640c8ec7a1b84c06eaa7405e29363f0e75ea824e15aec149d0,10.0,1,2799035710,12,2,6144.0,96,12,6252.0,0.03179931640625,0.0027356601785868406,25.629379272460938,0.9404383897781372,0.17620573937892914,0.009527082496788353
oracle_gate,0836.png,d056c4afc22367640c8ec7a1b84c06eaa7405e29363f0e75ea824e15aec149d0,10.0,1,2799035710,13,3,7168.0,128,12,7308.0,0.03717041015625,0.002720015123486519,25.654287338256836,0.9410473108291626,0.1761632114648819,0.009527082496788353
oracle_gate,0836.png,d056c4afc22367640c8ec7a1b84c06eaa7405e29363f0e75ea824e15aec149d0,10.0,1,2799035710,14,3,7168.0,128,12,7308.0,0.03717041015625,0.0026906304992735386,25.701461791992188,0.9410914182662964,0.17585283517837524,0.009527082496788353
oracle_gate,0836.png,d056c4afc22367640c8ec7a1b84c06eaa7405e29363f0e75ea824e15aec149d0,10.0,1,2799035710,15,4,8192.0,160,12,8364.0,0.04254150390625,0.002676005009561777,25.72513198852539,0.9416572451591492,0.17606361210346222,0.009527082496788353
oracle_gate,0836.png,d056c4afc22367640c8ec7a1b84c06eaa7405e29363f0e75ea824e15aec149d0,10.0,2,2641893258,0,0,4096.0,32,10,4138.0,0.021046956380208332,0.0025767707265913486,25.889244079589844,0.942818820476532,0.1754729449748993,0.009302851001848467
oracle_gate,0836.png,d056c4afc22367640c8ec7a1b84c06eaa7405e29363f0e75ea824e15aec149d0,10.0,2,2641893258,1,1,5120.0,64,12,5196.0,0.02642822265625,0.002726570703089237,25.64383316040039,0.9406120181083679,0.1766517609357834,0.009302851001848467
oracle_gate,0836.png,d056c4afc22367640c8ec7a1b84c06eaa7405e29363f0e75ea824e15aec149d0,10.0,2,2641893258,2,1,5120.0,64,12,5196.0,0.02642822265625,0.0026905816048383713,25.701539993286133,0.9411132335662842,0.17673826217651367,0.009302851001848467
oracle_gate,0836.png,d056c4afc22367640c8ec7a1b84c06eaa7405e29363f0e75ea824e15aec149d0,10.0,2,2641893258,3,2,6144.0,96,12,6252.0,0.03179931640625,0.0026872733142226934,25.70688247680664,0.9413115382194519,0.17534945905208588,0.009302851001848467
oracle_gate,0836.png,d056c4afc22367640c8ec7a1b84c06eaa7405e29363f0e75ea824e15aec149d0,10.0,2,2641893258,4,1,5120.0,64,12,5196.0,0.02642822265625,0.0026910915039479733,25.70071792602539,0.940504789352417,0.17742279171943665,0.009366273501655087
oracle_gate,0836.png,d056c4afc22367640c8ec7a1b84c06eaa7405e29363f0e75ea824e15aec149d0,10.0,2,2641893258,5,2,6144.0,96,12,6252.0,0.03179931640625,0.0026805333327502012,25.717788696289062,0.9410016536712646,0.17678077518939972,0.009366273501655087
oracle_gate,0836.png,d056c4afc22367640c8ec7a1b84c06eaa7405e29363f0e75ea824e15aec149d0,10.0,2,2641893258,6,2,6144.0,96,12,6252.0,0.03179931640625,0.002648349618539214,25.770248413085938,0.9413450956344604,0.17643599212169647,0.009366273501655087
oracle_gate,0836.png,d056c4afc22367640c8ec7a1b84c06eaa7405e29363f0e75ea824e15aec149d0,10.0,2,2641893258,7,3,7168.0,128,12,7308.0,0.03717041015625,0.0026427600532770157,25.779420852661133,0.9416985511779785,0.17550428211688995,0.009366273501655087
oracle_gate,0836.png,d056c4afc22367640c8ec7a1b84c06eaa7405e29363f0e75ea824e15aec149d0,10.0,2,2641893258,8,1,5120.0,64,12,5196.0,0.02642822265625,0.002729944884777069,25.63846206665039,0.9404999613761902,0.1753700077533722,0.009368906496092677
oracle_gate,0836.png,d056c4afc22367640c8ec7a1b84c06eaa7405e29363f0e75ea824e15aec149d0,10.0,2,2641893258,9,2,6144.0,96,12,6252.0,0.03179931640625,0.002721256110817194,25.652305603027344,0.9408321380615234,0.17434769868850708,0.009368906496092677
oracle_gate,0836.png,d056c4afc22367640c8ec7a1b84c06eaa7405e29363f0e75ea824e15aec149d0,10.0,2,2641893258,10,2,6144.0,96,12,6252.0,0.03179931640625,0.0026863813400268555,25.708324432373047,0.9413236379623413,0.17469468712806702,0.009368906496092677
oracle_gate,0836.png,d056c4afc22367640c8ec7a1b84c06eaa7405e29363f0e75ea824e15aec149d0,10.0,2,2641893258,11,3,7168.0,128,12,7308.0,0.03717041015625,0.002683265134692192,25.71336555480957,0.9415294528007507,0.1733250916004181,0.009368906496092677
oracle_gate,0836.png,d056c4afc22367640c8ec7a1b84c06eaa7405e29363f0e75ea824e15aec149d0,10.0,2,2641893258,12,2,6144.0,96,12,6252.0,0.03179931640625,0.002691628411412239,25.699848175048828,0.9406687021255493,0.1750028431415558,0.009388878752361052
oracle_gate,0836.png,d056c4afc22367640c8ec7a1b84c06eaa7405e29363f0e75ea824e15aec149d0,10.0,2,2641893258,13,3,7168.0,128,12,7308.0,0.03717041015625,0.0026807363610714674,25.717458724975586,0.9411672353744507,0.17433695495128632,0.009388878752361052
oracle_gate,0836.png,d056c4afc22367640c8ec7a1b84c06eaa7405e29363f0e75ea824e15aec149d0,10.0,2,2641893258,14,3,7168.0,128,12,7308.0,0.03717041015625,0.002650653477758169,25.766469955444336,0.9414920806884766,0.17426720261573792,0.009388878752361052
oracle_gate,0836.png,d056c4afc22367640c8ec7a1b84c06eaa7405e29363f0e75ea824e15aec149d0,10.0,2,2641893258,15,4,8192.0,160,12,8364.0,0.04254150390625,0.0026446364354342222,25.77634048461914,0.941879391670227,0.17327798902988434,0.009388878752361052
oracle_gate,0836.png,d056c4afc22367640c8ec7a1b84c06eaa7405e29363f0e75ea824e15aec149d0,10.0,3,2428045224,0,0,4096.0,32,10,4138.0,0.021046956380208332,0.002648049034178257,25.770740509033203,0.9420432448387146,0.1751052737236023,0.009710394500871189
oracle_gate,0836.png,d056c4afc22367640c8ec7a1b84c06eaa7405e29363f0e75ea824e15aec149d0,10.0,3,2428045224,1,1,5120.0,64,12,5196.0,0.02642822265625,0.002773247193545103,25.570114135742188,0.939452588558197,0.17497876286506653,0.009710394500871189
oracle_gate,0836.png,d056c4afc22367640c8ec7a1b84c06eaa7405e29363f0e75ea824e15aec149d0,10.0,3,2428045224,2,1,5120.0,64,12,5196.0,0.02642822265625,0.002758898539468646,25.59264373779297,0.9396666884422302,0.17615115642547607,0.009710394500871189
oracle_gate,0836.png,d056c4afc22367640c8ec7a1b84c06eaa7405e29363f0e75ea824e15aec149d0,10.0,3,2428045224,3,2,6144.0,96,12,6252.0,0.03179931640625,0.002740742638707161,25.621318817138672,0.9400798678398132,0.17516694962978363,0.009710394500871189
oracle_gate,0836.png,d056c4afc22367640c8ec7a1b84c06eaa7405e29363f0e75ea824e15aec149d0,10.0,3,2428045224,4,1,5120.0,64,12,5196.0,0.02642822265625,0.002756422385573387,25.596542358398438,0.9394394755363464,0.1756247729063034,0.00895267675514333
oracle_gate,0836.png,d056c4afc22367640c8ec7a1b84c06eaa7405e29363f0e75ea824e15aec149d0,10.0,3,2428045224,5,2,6144.0,96,12,6252.0,0.03179931640625,0.0027395556680858135,25.623199462890625,0.9399147033691406,0.1746872365474701,0.00895267675514333
oracle_gate,0836.png,d056c4afc22367640c8ec7a1b84c06eaa7405e29363f0e75ea824e15aec149d0,10.0,3,2428045224,6,2,6144.0,96,12,6252.0,0.03179931640625,0.0027281621005386114,25.641298294067383,0.9400634765625,0.175596684217453,0.00895267675514333
oracle_gate,0836.png,d056c4afc22367640c8ec7a1b84c06eaa7405e29363f0e75ea824e15aec149d0,10.0,3,2428045224,7,3,7168.0,128,12,7308.0,0.03717041015625,0.002710153814405203,25.670061111450195,0.9404972791671753,0.1749134510755539,0.00895267675514333
oracle_gate,0836.png,d056c4afc22367640c8ec7a1b84c06eaa7405e29363f0e75ea824e15aec149d0,10.0,3,2428045224,8,1,5120.0,64,12,5196.0,0.02642822265625,0.00276363268494606,25.585195541381836,0.9396407008171082,0.17476244270801544,0.009218726001563482
oracle_gate,0836.png,d056c4afc22367640c8ec7a1b84c06eaa7405e29363f0e75ea824e15aec149d0,10.0,3,2428045224,9,2,6144.0,96,12,6252.0,0.03179931640625,0.0027466746978461742,25.611927032470703,0.9400691390037537,0.17351171374320984,0.009218726001563482
oracle_gate,0836.png,d056c4afc22367640c8ec7a1b84c06eaa7405e29363f0e75ea824e15aec149d0,10.0,3,2428045224,10,2,6144.0,96,12,6252.0,0.03179931640625,0.0027410739567130804,25.620792388916016,0.9400532245635986,0.17506656050682068,0.009218726001563482
oracle_gate,0836.png,d056c4afc22367640c8ec7a1b84c06eaa7405e29363f0e75ea824e15aec149d0,10.0,3,2428045224,11,3,7168.0,128,12,7308.0,0.03717041015625,0.0027231674175709486,25.64925765991211,0.940436065196991,0.17408305406570435,0.009218726001563482
oracle_gate,0836.png,d056c4afc22367640c8ec7a1b84c06eaa7405e29363f0e75ea824e15aec149d0,10.0,3,2428045224,12,2,6144.0,96,12,6252.0,0.03179931640625,0.002741404576227069,25.620269775390625,0.9399003386497498,0.17463216185569763,0.008988088753540069
oracle_gate,0836.png,d056c4afc22367640c8ec7a1b84c06eaa7405e29363f0e75ea824e15aec149d0,10.0,3,2428045224,13,3,7168.0,128,12,7308.0,0.03717041015625,0.0027242458891123533,25.647537231445312,0.9403740763664246,0.17360681295394897,0.008988088753540069
oracle_gate,0836.png,d056c4afc22367640c8ec7a1b84c06eaa7405e29363f0e75ea824e15aec149d0,10.0,3,2428045224,14,3,7168.0,128,12,7308.0,0.03717041015625,0.0027208072133362293,25.65302085876465,0.9402788877487183,0.17487278580665588,0.008988088753540069
oracle_gate,0836.png,d056c4afc22367640c8ec7a1b84c06eaa7405e29363f0e75ea824e15aec149d0,10.0,3,2428045224,15,4,8192.0,160,12,8364.0,0.04254150390625,0.0027020894922316074,25.68300437927246,0.9407264590263367,0.1740911602973938,0.008988088753540069
oracle_gate,0837.png,4618bd32e1d1a2ef0f4ad3f6b941e3745a97371fd300dad3c5c4c9013caec8db,10.0,0,986482546,0,0,4096.0,32,10,4138.0,0.021046956380208332,0.002451108768582344,26.106374740600586,0.962431788444519,0.14638756215572357,0.0095156949973898
oracle_gate,0837.png,4618bd32e1d1a2ef0f4ad3f6b941e3745a97371fd300dad3c5c4c9013caec8db,10.0,0,986482546,1,1,5120.0,64,12,5196.0,0.02642822265625,0.002502742223441601,26.015838623046875,0.9613575339317322,0.14691103994846344,0.0095156949973898
oracle_gate,0837.png,4618bd32e1d1a2ef0f4ad3f6b941e3745a97371fd300dad3c5c4c9013caec8db,10.0,0,986482546,2,1,5120.0,64,12,5196.0,0.02642822265625,0.002493083942681551,26.032634735107422,0.9614610075950623,0.14803610742092133,0.0095156949973898
oracle_gate,0837.png,4618bd32e1d1a2ef0f4ad3f6b941e3745a97371fd300dad3c5c4c9013caec8db,10.0,0,986482546,3,2,6144.0,96,12,6252.0,0.03179931640625,0.002492251107469201,26.03408432006836,0.9617764353752136,0.14554846286773682,0.0095156949973898
oracle_gate,0837.png,4618bd32e1d1a2ef0f4ad3f6b941e3745a97371fd300dad3c5c4c9013caec8db,10.0,0,986482546,4,1,5120.0,64,12,5196.0,0.02642822265625,0.0024839872494339943,26.048507690429688,0.9612409472465515,0.14711898565292358,0.009028927495819516
oracle_gate,0837.png,4618bd32e1d1a2ef0f4ad3f6b941e3745a97371fd300dad3c5c4c9013caec8db,10.0,0,986482546,5,2,6144.0,96,12,6252.0,0.03179931640625,0.0024904643651098013,26.03719711303711,0.9615349173545837,0.1453709900379181,0.009028927495819516
oracle_gate,0837.png,4618bd32e1d1a2ef0f4ad3f6b941e3745a97371fd300dad3c5c4c9013caec8db,10.0,0,986482546,6,2,6144.0,96,12,6252.0,0.03179931640625,0.002477276138961315,26.060256958007812,0.9618643522262573,0.1457885503768921,0.009028927495819516
oracle_gate,0837.png,4618bd32e1d1a2ef0f4ad3f6b941e3745a97371fd300dad3c5c4c9013caec8db,10.0,0,986482546,7,3,7168.0,128,12,7308.0,0.03717041015625,0.0024792118929326534,26.05686378479004,0.961931586265564,0.14405857026576996,0.009028927495819516
oracle_gate,0837.png,4618bd32e1d1a2ef0f4ad3f6b941e3745a97371fd300dad3c5c4c9013caec8db,10.0,0,986482546,8,1,5120.0,64,12,5196.0,0.02642822265625,0.002496779430657625,26.026199340820312,0.9609898328781128,0.14937999844551086,0.009628812491428107
oracle_gate,0837.png,4618bd32e1d1a2ef0f4ad3f6b941e3745a97371fd300dad3c5c4c9013caec8db,10.0,0,986482546,9,2,6144.0,96,12,6252.0,0.03179931640625,0.0024997214786708355,26.02108383178711,0.9615826606750488,0.14685125648975372,0.009628812491428107
oracle_gate,0837.png,4618bd32e1d1a2ef0f4ad3f6b941e3745a97371fd300dad3c5c4c9013caec8db,10.0,0,986482546,10,2,6144.0,96,12,6252.0,0.03179931640625,0.0025159656070172787,25.99295425415039,0.9613632559776306,0.148095965385437,0.009628812491428107
oracle_gate,0837.png,4618bd32e1d1a2ef0f4ad3f6b941e3745a97371fd300dad3c5c4c9013caec8db,10.0,0,986482546,11,3,7168.0,128,12,7308.0,0.03717041015625,0.0025130892172455788,25.997920989990234,0.9616889953613281,0.14564812183380127,0.009628812491428107
oracle_gate,0837.png,4618bd32e1d1a2ef0f4ad3f6b941e3745a97371fd300dad3c5c4c9013caec8db,10.0,0,986482546,12,2,6144.0,96,12,6252.0,0.03179931640625,0.0024854044895619154,26.04602813720703,0.9614338874816895,0.14797669649124146,0.009507527502137236
oracle_gate,0837.png,4618bd32e1d1a2ef0f4ad3f6b941e3745a97371fd300dad3c5c4c9013caec8db,10.0,0,986482546,13,3,7168.0,128,12,7308.0,0.03717041015625,0.002492092316970229,26.034358978271484,0.9617190361022949,0.14624953269958496,0.009507527502137236
oracle_gate,0837.png,4618bd32e1d1a2ef0f4ad3f6b941e3745a97371fd300dad3c5c4c9013caec8db,10.0,0,986482546,14,3,7168.0,128,12,7308.0,0.03717041015625,0.0025050619151443243,26.01181411743164,0.9617322683334351,0.14679265022277832,0.009507527502137236
oracle_gate,0837.png,4618bd32e1d1a2ef0f4ad3f6b941e3745a97371fd300dad3c5c4c9013caec8db,10.0,0,986482546,15,4,8192.0,160,12,8364.0,0.04254150390625,0.002505489159375429,26.01107406616211,0.9618020057678223,0.1450929194688797,0.009507527502137236
oracle_gate,0837.png,4618bd32e1d1a2ef0f4ad3f6b941e3745a97371fd300dad3c5c4c9013caec8db,10.0,1,3696085414,0,0,4096.0,32,10,4138.0,0.021046956380208332,0.002434288850054145,26.136280059814453,0.9620885848999023,0.15303881466388702,0.009418012006790377
oracle_gate,0837.png,4618bd32e1d1a2ef0f4ad3f6b941e3745a97371fd300dad3c5c4c9013caec8db,10.0,1,3696085414,1,1,5120.0,64,12,5196.0,0.02642822265625,0.002481024479493499,26.053688049316406,0.9609478712081909,0.15286536514759064,0.009418012006790377
oracle_gate,0837.png,4618bd32e1d1a2ef0f4ad3f6b941e3745a97371fd300dad3c5c4c9013caec8db,10.0,1,3696085414,2,1,5120.0,64,12,5196.0,0.02642822265625,0.0024675943423062563,26.077260971069336,0.9609521627426147,0.15387332439422607,0.009418012006790377
oracle_gate,0837.png,4618bd32e1d1a2ef0f4ad3f6b941e3745a97371fd300dad3c5c4c9013caec8db,10.0,1,3696085414,3,2,6144.0,96,12,6252.0,0.03179931640625,0.002464966382831335,26.081890106201172,0.9613251686096191,0.15243054926395416,0.009418012006790377
oracle_gate,0837.png,4618bd32e1d1a2ef0f4ad3f6b941e3745a97371fd300dad3c5c4c9013caec8db,10.0,1,3696085414,4,1,5120.0,64,12,5196.0,0.02642822265625,0.0024780563544481993,26.058887481689453,0.9607095718383789,0.15367653965950012,0.0093267787451623
oracle_gate,0837.png,4618bd32e1d1a2ef0f4ad3f6b941e3745a97371fd300dad3c5c4c9013caec8db,10.0,1,3696085414,5,2,6144.0,96,12,6252.0,0.03179931640625,0.002478061243891716,26.058881759643555,0.9610613584518433,0.15210220217704773,0.0093267787451623
oracle_gate,0837.png,4618bd32e1d1a2ef0f4ad3f6b941e3745a97371fd300dad3c5c4c9013caec8db,10.0,1,3696085414,6,2,6144.0,96,12,6252.0,0.03179931640625,0.002464958466589451,26.081905364990234,0.9610648155212402,0.15287284553050995,0.0093267787451623
oracle_gate,0837.png,4618bd32e1d1a2ef0f4ad3f6b941e3745a97371fd300dad3c5c4c9013caec8db,10.0,1,3696085414,7,3,7168.0,128,12,7308.0,0.03717041015625,0.0024618227034807205,26.087432861328125,0.9614428877830505,0.1516568809747696,0.0093267787451623
oracle_gate,0837.png,4618bd32e1d1a2ef0f4ad3f6b941e3745a97371fd300dad3c5c4c9013caec8db,10.0,1,3696085414,8,1,5120.0,64,12,5196.0,0.02642822265625,0.0024679761845618486,26.07659149169922,0.9607547521591187,0.15374566614627838,0.009455562743823975
oracle_gate,0837.png,4618bd32e1d1a2ef0f4ad3f6b941e3745a97371fd300dad3c5c4c9013caec8db,10.0,1,3696085414,9,2,6144.0,96,12,6252.0,0.03179931640625,0.0024684742093086243,26.075716018676758,0.9610958099365234,0.15200205147266388,0.009455562743823975
oracle_gate,0837.png,4618bd32e1d1a2ef0f4ad3f6b941e3745a97371fd300dad3c5c4c9013caec8db,10.0,1,3696085414,10,2,6144.0,96,12,6252.0,0.03179931640625,0.002457389608025551,26.095258712768555,0.961018443107605,0.15334419906139374,0.009455562743823975
oracle_gate,0837.png,4618bd32e1d1a2ef0f4ad3f6b941e3745a97371fd300dad3c5c4c9013caec8db,10.0,1,3696085414,11,3,7168.0,128,12,7308.0,0.03717041015625,0.002454746514558792,26.099933624267578,0.9613626003265381,0.15196192264556885,0.009455562743823975
oracle_gate,0837.png,4618bd32e1d1a2ef0f4ad3f6b941e3745a97371fd300dad3c5c4c9013caec8db,10.0,1,3696085414,12,2,6144.0,96,12,6252.0,0.03179931640625,0.002466511679813266,26.07916831970215,0.9608973264694214,0.1530064195394516,0.009069747742614709
oracle_gate,0837.png,4618bd32e1d1a2ef0f4ad3f6b941e3745a97371fd300dad3c5c4c9013caec8db,10.0,1,3696085414,13,3,7168.0,128,12,7308.0,0.03717041015625,0.0024667324032634497,26.078779220581055,0.9612506628036499,0.15150287747383118,0.009069747742614709
oracle_gate,0837.png,4618bd32e1d1a2ef0f4ad3f6b941e3745a97371fd300dad3c5c4c9013caec8db,10.0,1,3696085414,14,3,7168.0,128,12,7308.0,0.03717041015625,0.002455875976011157,26.097936630249023,0.9611508250236511,0.15262509882450104,0.009069747742614709
oracle_gate,0837.png,4618bd32e1d1a2ef0f4ad3f6b941e3745a97371fd300dad3c5c4c9013caec8db,10.0,1,3696085414,15,4,8192.0,160,12,8364.0,0.04254150390625,0.0024532254319638014,26.10262680053711,0.9615297317504883,0.15145090222358704,0.009069747742614709
oracle_gate,0837.png,4618bd32e1d1a2ef0f4ad3f6b941e3745a97371fd300dad3c5c4c9013caec8db,10.0,2,686490195,0,0,4096.0,32,10,4138.0,0.021046956380208332,0.002426781691610813,26.14969253540039,0.9619873762130737,0.1520988941192627,0.008837733999826014
oracle_gate,0837.png,4618bd32e1d1a2ef0f4ad3f6b941e3745a97371fd300dad3c5c4c9013caec8db,10.0,2,686490195,1,1,5120.0,64,12,5196.0,0.02642822265625,0.0024770894087851048,26.060583114624023,0.9614402651786804,0.15334248542785645,0.008837733999826014
oracle_gate,0837.png,4618bd32e1d1a2ef0f4ad3f6b941e3745a97371fd300dad3c5c4c9013caec8db,10.0,2,686490195,2,1,5120.0,64,12,5196.0,0.02642822265625,0.0024731848388910294,26.06743621826172,0.9606781005859375,0.15743312239646912,0.008837733999826014
oracle_gate,0837.png,4618bd32e1d1a2ef0f4ad3f6b941e3745a97371fd300dad3c5c4c9013caec8db,10.0,2,686490195,3,2,6144.0,96,12,6252.0,0.03179931640625,0.0024633416905999184,26.084754943847656,0.961466908454895,0.15337127447128296,0.008837733999826014
oracle_gate,0837.png,4618bd32e1d1a2ef0f4ad3f6b941e3745a97371fd300dad3c5c4c9013caec8db,10.0,2,686490195,4,1,5120.0,64,12,5196.0,0.02642822265625,0.002479781396687031,26.055866241455078,0.9608182907104492,0.15542574226856232,0.009023883249028586
oracle_gate,0837.png,4618bd32e1d1a2ef0f4ad3f6b941e3745a97371fd300dad3c5c4c9013caec8db,10.0,2,686490195,5,2,6144.0,96,12,6252.0,0.03179931640625,0.0024675228632986546,26.0773868560791,0.9615830779075623,0.1514902561903,0.009023883249028586
oracle_gate,0837.png,4618bd32e1d1a2ef0f4ad3f6b941e3745a97371fd300dad3c5c4c9013caec8db,10.0,2,686490195,6,2,6144.0,96,12,6252.0,0.03179931640625,0.002465764991939068,26.08048439025879,0.9608290195465088,0.1557002067565918,0.009023883249028586
oracle_gate,0837.png,4618bd32e1d1a2ef0f4ad3f6b941e3745a97371fd300dad3c5c4c9013caec8db,10.0,2,686490195,7,3,7168.0,128,12,7308.0,0.03717041015625,0.0024532272946089506,26.10262107849121,0.9616400003433228,0.15154902637004852,0.009023883249028586
oracle_gate,0837.png,4618bd32e1d1a2ef0f4ad3f6b941e3745a97371fd300dad3c5c4c9013caec8db,10.0,2,686490195,8,1,5120.0,64,12,5196.0,0.02642822265625,0.0024672020226716995,26.07795524597168,0.9608334302902222,0.15591971576213837,0.009431281752767973
oracle_gate,0837.png,4618bd32e1d1a2ef0f4ad3f6b941e3745a97371fd300dad3c5c4c9013caec8db,10.0,2,686490195,9,2,6144.0,96,12,6252.0,0.03179931640625,0.002457468770444393,26.095121383666992,0.9616259932518005,0.15222495794296265,0.009431281752767973
oracle_gate,0837.png,4618bd32e1d1a2ef0f4ad3f6b941e3745a97371fd300dad3c5c4c9013caec8db,10.0,2,686490195,10,2,6144.0,96,12,6252.0,0.03179931640625,0.0024534123949706554,26.102294921875,0.9608207941055298,0.1563228964805603,0.009431281752767973
oracle_gate,0837.png,4618bd32e1d1a2ef0f4ad3f6b941e3745a97371fd300dad3c5c4c9013caec8db,10.0,2,686490195,11,3,7168.0,128,12,7308.0,0.03717041015625,0.002443513832986355,26.11985206604004,0.961620032787323,0.15230198204517365,0.009431281752767973
oracle_gate,0837.png,4618bd32e1d1a2ef0f4ad3f6b941e3745a97371fd300dad3c5c4c9013caec8db,10.0,2,686490195,12,2,6144.0,96,12,6252.0,0.03179931640625,0.0024604969657957554,26.089773178100586,0.9610082507133484,0.15433800220489502,0.009864149003988132
oracle_gate,0837.png,4618bd32e1d1a2ef0f4ad3f6b941e3745a97371fd300dad3c5c4c9013caec8db,10.0,2,686490195,13,3,7168.0,128,12,7308.0,0.03717041015625,0.0024479341227561235,26.112003326416016,0.9617855548858643,0.15049636363983154,0.009864149003988132
oracle_gate,0837.png,4618bd32e1d1a2ef0f4ad3f6b941e3745a97371fd300dad3c5c4c9013caec8db,10.0,2,686490195,14,3,7168.0,128,12,7308.0,0.03717041015625,0.002446040976792574,26.11536407470703,0.9609877467155457,0.15465764701366425,0.009864149003988132
oracle_gate,0837.png,4618bd32e1d1a2ef0f4ad3f6b941e3745a97371fd300dad3c5c4c9013caec8db,10.0,2,686490195,15,4,8192.0,160,12,8364.0,0.04254150390625,0.0024335109628736973,26.137666702270508,0.9617976546287537,0.1505383849143982,0.009864149003988132
oracle_gate,0837.png,4618bd32e1d1a2ef0f4ad3f6b941e3745a97371fd300dad3c5c4c9013caec8db,10.0,3,2419909355,0,0,4096.0,32,10,4138.0,0.021046956380208332,0.002393670380115509,26.2093563079834,0.9630107283592224,0.1441625952720642,0.009422990508028306
oracle_gate,0837.png,4618bd32e1d1a2ef0f4ad3f6b941e3745a97371fd300dad3c5c4c9013caec8db,10.0,3,2419909355,1,1,5120.0,64,12,5196.0,0.02642822265625,0.002455669455230236,26.09830093383789,0.9618255496025085,0.14534422755241394,0.009422990508028306
oracle_gate,0837.png,4618bd32e1d1a2ef0f4ad3f6b941e3745a97371fd300dad3c5c4c9013caec8db,10.0,3,2419909355,2,1,5120.0,64,12,5196.0,0.02642822265625,0.0024331524036824703,26.138307571411133,0.9619117975234985,0.1455809324979782,0.009422990508028306
oracle_gate,0837.png,4618bd32e1d1a2ef0f4ad3f6b941e3745a97371fd300dad3c5c4c9013caec8db,10.0,3,2419909355,3,2,6144.0,96,12,6252.0,0.03179931640625,0.002440596232190728,26.125041961669922,0.9621577262878418,0.14510615170001984,0.009422990508028306
oracle_gate,0837.png,4618bd32e1d1a2ef0f4ad3f6b941e3745a97371fd300dad3c5c4c9013caec8db,10.0,3,2419909355,4,1,5120.0,64,12,5196.0,0.02642822265625,0.002439234172925353,26.12746810913086,0.9618549346923828,0.1440349817276001,0.009568806999595836
oracle_gate,0837.png,4618bd32e1d1a2ef0f4ad3f6b941e3745a97371fd300dad3c5c4c9013caec8db,10.0,3,2419909355,5,2,6144.0,96,12,6252.0,0.03179931640625,0.002449188381433487,26.109779357910156,0.9619667530059814,0.14390522241592407,0.009568806999595836
oracle_gate,0837.png,4618bd32e1d1a2ef0f4ad3f6b941e3745a97371fd300dad3c5c4c9013caec8db,10.0,3,2419909355,6,2,6144.0,96,12,6252.0,0.03179931640625,0.0024278336204588413,26.147811889648438,0.9621195793151855,0.14399859309196472,0.009568806999595836
oracle_gate,0837.png,4618bd32e1d1a2ef0f4ad3f6b941e3745a97371fd300dad3c5c4c9013caec8db,10.0,3,2419909355,7,3,7168.0,128,12,7308.0,0.03717041015625,0.0024338187649846077,26.13711929321289,0.9623274803161621,0.1436595767736435,0.009568806999595836
oracle_gate,0837.png,4618bd32e1d1a2ef0f4ad3f6b941e3745a97371fd300dad3c5c4c9013caec8db,10.0,3,2419909355,8,1,5120.0,64,12,5196.0,0.02642822265625,0.0024269516579806805,26.149389266967773,0.9618722796440125,0.14527466893196106,0.009554228992783464
oracle_gate,0837.png,4618bd32e1d1a2ef0f4ad3f6b941e3745a97371fd300dad3c5c4c9013caec8db,10.0,3,2419909355,9,2,6144.0,96,12,6252.0,0.03179931640625,0.002438363153487444,26.129016876220703,0.9620484113693237,0.1450212001800537,0.009554228992783464
oracle_gate,0837.png,4618bd32e1d1a2ef0f4ad3f6b941e3745a97371fd300dad3c5c4c9013caec8db,10.0,3,2419909355,10,2,6144.0,96,12,6252.0,0.03179931640625,0.002416355535387993,26.168394088745117,0.9620934724807739,0.14528939127922058,0.009554228992783464
oracle_gate,0837.png,4618bd32e1d1a2ef0f4ad3f6b941e3745a97371fd300dad3c5c4c9013caec8db,10.0,3,2419909355,11,3,7168.0,128,12,7308.0,0.03717041015625,0.00242433650419116,26.154069900512695,0.9623510837554932,0.1448465883731842,0.009554228992783464
oracle_gate,0837.png,4618bd32e1d1a2ef0f4ad3f6b941e3745a97371fd300dad3c5c4c9013caec8db,10.0,3,2419909355,12,2,6144.0,96,12,6252.0,0.03179931640625,0.002419964410364628,26.161911010742188,0.9621236324310303,0.14381712675094604,0.009689584490843117
oracle_gate,0837.png,4618bd32e1d1a2ef0f4ad3f6b941e3745a97371fd300dad3c5c4c9013caec8db,10.0,3,2419909355,13,3,7168.0,128,12,7308.0,0.03717041015625,0.002429923741146922,26.144075393676758,0.9622406959533691,0.14372852444648743,0.009689584490843117
oracle_gate,0837.png,4618bd32e1d1a2ef0f4ad3f6b941e3745a97371fd300dad3c5c4c9013caec8db,10.0,3,2419909355,14,3,7168.0,128,12,7308.0,0.03717041015625,0.0024095000699162483,26.18073272705078,0.9623657464981079,0.14389045536518097,0.009689584490843117
oracle_gate,0837.png,4618bd32e1d1a2ef0f4ad3f6b941e3745a97371fd300dad3c5c4c9013caec8db,10.0,3,2419909355,15,4,8192.0,160,12,8364.0,0.04254150390625,0.0024155406281352043,26.169857025146484,0.9625530242919922,0.1435636579990387,0.009689584490843117
oracle_gate,0838.png,01e42bb5efb35d97a9931fc421f793e3c12d0922a3df288bbfd148b6a82a145b,10.0,0,2837883439,0,0,4096.0,32,10,4138.0,0.021046956380208332,0.00019890539988409728,37.01353454589844,0.9815644025802612,0.376919686794281,0.009327213498181663
oracle_gate,0838.png,01e42bb5efb35d97a9931fc421f793e3c12d0922a3df288bbfd148b6a82a145b,10.0,0,2837883439,1,1,5120.0,64,12,5196.0,0.02642822265625,0.00020495036733336747,36.883514404296875,0.9809858202934265,0.3748783767223358,0.009327213498181663
oracle_gate,0838.png,01e42bb5efb35d97a9931fc421f793e3c12d0922a3df288bbfd148b6a82a145b,10.0,0,2837883439,2,1,5120.0,64,12,5196.0,0.02642822265625,0.0002079209516523406,36.82101821899414,0.9808757305145264,0.3758949041366577,0.009327213498181663
oracle_gate,0838.png,01e42bb5efb35d97a9931fc421f793e3c12d0922a3df288bbfd148b6a82a145b,10.0,0,2837883439,3,2,6144.0,96,12,6252.0,0.03179931640625,0.0002057056117337197,36.86753845214844,0.9810338020324707,0.3747996687889099,0.009327213498181663
oracle_gate,0838.png,01e42bb5efb35d97a9931fc421f793e3c12d0922a3df288bbfd148b6a82a145b,10.0,0,2837883439,4,1,5120.0,64,12,5196.0,0.02642822265625,0.00020627156482078135,36.85560607910156,0.980857253074646,0.3771023154258728,0.009379417257150635
oracle_gate,0838.png,01e42bb5efb35d97a9931fc421f793e3c12d0922a3df288bbfd148b6a82a145b,10.0,0,2837883439,5,2,6144.0,96,12,6252.0,0.03179931640625,0.00020365987438708544,36.91094970703125,0.9810191988945007,0.3752061724662781,0.009379417257150635
oracle_gate,0838.png,01e42bb5efb35d97a9931fc421f793e3c12d0922a3df288bbfd148b6a82a145b,10.0,0,2837883439,6,2,6144.0,96,12,6252.0,0.03179931640625,0.0002072765346383676,36.83449935913086,0.9809263944625854,0.37688034772872925,0.009379417257150635
oracle_gate,0838.png,01e42bb5efb35d97a9931fc421f793e3c12d0922a3df288bbfd148b6a82a145b,10.0,0,2837883439,7,3,7168.0,128,12,7308.0,0.03717041015625,0.0002042523119598627,36.89833068847656,0.9810928106307983,0.3749806582927704,0.009379417257150635
oracle_gate,0838.png,01e42bb5efb35d97a9931fc421f793e3c12d0922a3df288bbfd148b6a82a145b,10.0,0,2837883439,8,1,5120.0,64,12,5196.0,0.02642822265625,0.0002046253066509962,36.89040756225586,0.9810406565666199,0.37879467010498047,0.00990214325429406
oracle_gate,0838.png,01e42bb5efb35d97a9931fc421f793e3c12d0922a3df288bbfd148b6a82a145b,10.0,0,2837883439,9,2,6144.0,96,12,6252.0,0.03179931640625,0.00020275497809052467,36.9302864074707,0.9811965823173523,0.37756776809692383,0.00990214325429406
oracle_gate,0838.png,01e42bb5efb35d97a9931fc421f793e3c12d0922a3df288bbfd148b6a82a145b,10.0,0,2837883439,10,2,6144.0,96,12,6252.0,0.03179931640625,0.0002063550491584465,36.853851318359375,0.9811045527458191,0.3784129023551941,0.00990214325429406
oracle_gate,0838.png,01e42bb5efb35d97a9931fc421f793e3c12d0922a3df288bbfd148b6a82a145b,10.0,0,2837883439,11,3,7168.0,128,12,7308.0,0.03717041015625,0.000203791176318191,36.908145904541016,0.9812497496604919,0.3771677017211914,0.00990214325429406
oracle_gate,0838.png,01e42bb5efb35d97a9931fc421f793e3c12d0922a3df288bbfd148b6a82a145b,10.0,0,2837883439,12,2,6144.0,96,12,6252.0,0.03179931640625,0.0002039239916484803,36.90531921386719,0.981103777885437,0.37915322184562683,0.009296966236433946
oracle_gate,0838.png,01e42bb5efb35d97a9931fc421f793e3c12d0922a3df288bbfd148b6a82a145b,10.0,0,2837883439,13,3,7168.0,128,12,7308.0,0.03717041015625,0.00020098387903999537,36.96839141845703,0.9812752604484558,0.3770846426486969,0.009296966236433946
oracle_gate,0838.png,01e42bb5efb35d97a9931fc421f793e3c12d0922a3df288bbfd148b6a82a145b,10.0,0,2837883439,14,3,7168.0,128,12,7308.0,0.03717041015625,0.00020533805945888162,36.875308990478516,0.9811700582504272,0.3786439597606659,0.009296966236433946
oracle_gate,0838.png,01e42bb5efb35d97a9931fc421f793e3c12d0922a3df288bbfd148b6a82a145b,10.0,0,2837883439,15,4,8192.0,160,12,8364.0,0.04254150390625,0.00020208470232319087,36.944664001464844,0.9813107252120972,0.3765594959259033,0.009296966236433946
oracle_gate,0838.png,01e42bb5efb35d97a9931fc421f793e3c12d0922a3df288bbfd148b6a82a145b,10.0,1,1066514858,0,0,4096.0,32,10,4138.0,0.021046956380208332,0.00019105439423583448,37.18843078613281,0.9816789627075195,0.38006868958473206,0.0091423280100571
oracle_gate,0838.png,01e42bb5efb35d97a9931fc421f793e3c12d0922a3df288bbfd148b6a82a145b,10.0,1,1066514858,1,1,5120.0,64,12,5196.0,0.02642822265625,0.0001951610902324319,37.0960693359375,0.9812228679656982,0.3768935203552246,0.0091423280100571
oracle_gate,0838.png,01e42bb5efb35d97a9931fc421f793e3c12d0922a3df288bbfd148b6a82a145b,10.0,1,1066514858,2,1,5120.0,64,12,5196.0,0.02642822265625,0.00019553146557882428,37.087833404541016,0.981149435043335,0.3777572512626648,0.0091423280100571
oracle_gate,0838.png,01e42bb5efb35d97a9931fc421f793e3c12d0922a3df288bbfd148b6a82a145b,10.0,1,1066514858,3,2,6144.0,96,12,6252.0,0.03179931640625,0.0001950837904587388,37.0977897644043,0.9812984466552734,0.377560555934906,0.0091423280100571
oracle_gate,0838.png,01e42bb5efb35d97a9931fc421f793e3c12d0922a3df288bbfd148b6a82a145b,10.0,1,1066514858,4,1,5120.0,64,12,5196.0,0.02642822265625,0.00019662250997498631,37.06366729736328,0.9810481071472168,0.37790167331695557,0.009364219746203162
oracle_gate,0838.png,01e42bb5efb35d97a9931fc421f793e3c12d0922a3df288bbfd148b6a82a145b,10.0,1,1066514858,5,2,6144.0,96,12,6252.0,0.03179931640625,0.00019545605755411088,37.08951187133789,0.9812427759170532,0.3772093653678894,0.009364219746203162
oracle_gate,0838.png,01e42bb5efb35d97a9931fc421f793e3c12d0922a3df288bbfd148b6a82a145b,10.0,1,1066514858,6,2,6144.0,96,12,6252.0,0.03179931640625,0.0001968091237358749,37.05955123901367,0.9811241626739502,0.378129243850708,0.009364219746203162
oracle_gate,0838.png,01e42bb5efb35d97a9931fc421f793e3c12d0922a3df288bbfd148b6a82a145b,10.0,1,1066514858,7,3,7168.0,128,12,7308.0,0.03717041015625,0.00019533323938958347,37.09223937988281,0.9813575148582458,0.37783515453338623,0.009364219746203162
oracle_gate,0838.png,01e42bb5efb35d97a9931fc421f793e3c12d0922a3df288bbfd148b6a82a145b,10.0,1,1066514858,8,1,5120.0,64,12,5196.0,0.02642822265625,0.000193828804185614,37.12582015991211,0.9812034964561462,0.37931376695632935,0.009175847997539677
oracle_gate,0838.png,01e42bb5efb35d97a9931fc421f793e3c12d0922a3df288bbfd148b6a82a145b,10.0,1,1066514858,9,2,6144.0,96,12,6252.0,0.03179931640625,0.00019373322720639408,37.127960205078125,0.981318473815918,0.37862610816955566,0.009175847997539677
oracle_gate,0838.png,01e42bb5efb35d97a9931fc421f793e3c12d0922a3df288bbfd148b6a82a145b,10.0,1,1066514858,10,2,6144.0,96,12,6252.0,0.03179931640625,0.00019493597210384905,37.10108184814453,0.9812396764755249,0.37973880767822266,0.009175847997539677
oracle_gate,0838.png,01e42bb5efb35d97a9931fc421f793e3c12d0922a3df288bbfd148b6a82a145b,10.0,1,1066514858,11,3,7168.0,128,12,7308.0,0.03717041015625,0.0001943816605489701,37.11344909667969,0.9813659191131592,0.37939557433128357,0.009175847997539677
oracle_gate,0838.png,01e42bb5efb35d97a9931fc421f793e3c12d0922a3df288bbfd148b6a82a145b,10.0,1,1066514858,12,2,6144.0,96,12,6252.0,0.03179931640625,0.00019490395789034665,37.1017951965332,0.9811763763427734,0.37942957878112793,0.0090763602493098
oracle_gate,0838.png,01e42bb5efb35d97a9931fc421f793e3c12d0922a3df288bbfd148b6a82a145b,10.0,1,1066514858,13,3,7168.0,128,12,7308.0,0.03717041015625,0.0001936038606800139,37.130863189697266,0.981374204158783,0.37866905331611633,0.0090763602493098
oracle_gate,0838.png,01e42bb5efb35d97a9931fc421f793e3c12d0922a3df288bbfd148b6a82a145b,10.0,1,1066514858,14,3,7168.0,128,12,7308.0,0.03717041015625,0.0001957830972969532,37.08224868774414,0.9812287092208862,0.37976616621017456,0.0090763602493098
oracle_gate,0838.png,01e42bb5efb35d97a9931fc421f793e3c12d0922a3df288bbfd148b6a82a145b,10.0,1,1066514858,15,4,8192.0,160,12,8364.0,0.04254150390625,0.00019427468942012638,37.115840911865234,0.9814270734786987,0.37945061922073364,0.0090763602493098
oracle_gate,0838.png,01e42bb5efb35d97a9931fc421f793e3c12d0922a3df288bbfd148b6a82a145b,10.0,2,2712520052,0,0,4096.0,32,10,4138.0,0.021046956380208332,0.0001972947211470455,37.04884719848633,0.9816045165061951,0.3725964426994324,0.009062193756108172
oracle_gate,0838.png,01e42bb5efb35d97a9931fc421f793e3c12d0922a3df288bbfd148b6a82a145b,10.0,2,2712520052,1,1,5120.0,64,12,5196.0,0.02642822265625,0.000198664260096848,37.01880645751953,0.9809944033622742,0.3707355260848999,0.009062193756108172
oracle_gate,0838.png,01e42bb5efb35d97a9931fc421f793e3c12d0922a3df288bbfd148b6a82a145b,10.0,2,2712520052,2,1,5120.0,64,12,5196.0,0.02642822265625,0.00020103526185266674,36.967281341552734,0.9809579849243164,0.3721744418144226,0.009062193756108172
oracle_gate,0838.png,01e42bb5efb35d97a9931fc421f793e3c12d0922a3df288bbfd148b6a82a145b,10.0,2,2712520052,3,2,6144.0,96,12,6252.0,0.03179931640625,0.00019934552256017923,37.00393295288086,0.9810893535614014,0.37111252546310425,0.009062193756108172
oracle_gate,0838.png,01e42bb5efb35d97a9931fc421f793e3c12d0922a3df288bbfd148b6a82a145b,10.0,2,2712520052,4,1,5120.0,64,12,5196.0,0.02642822265625,0.00020140914421062917,36.959205627441406,0.9808902740478516,0.37190598249435425,0.009579051999025978
oracle_gate,0838.png,01e42bb5efb35d97a9931fc421f793e3c12d0922a3df288bbfd148b6a82a145b,10.0,2,2712520052,5,2,6144.0,96,12,6252.0,0.03179931640625,0.00019910010450985283,37.00928497314453,0.9810636043548584,0.3706957697868347,0.009579051999025978
oracle_gate,0838.png,01e42bb5efb35d97a9931fc421f793e3c12d0922a3df288bbfd148b6a82a145b,10.0,2,2712520052,6,2,6144.0,96,12,6252.0,0.03179931640625,0.00020275333372410387,36.93031692504883,0.9809587001800537,0.3724101185798645,0.009579051999025978
oracle_gate,0838.png,01e42bb5efb35d97a9931fc421f793e3c12d0922a3df288bbfd148b6a82a145b,10.0,2,2712520052,7,3,7168.0,128,12,7308.0,0.03717041015625,0.00019958041957579553,36.99882125854492,0.9811359643936157,0.3709900975227356,0.009579051999025978
oracle_gate,0838.png,01e42bb5efb35d97a9931fc421f793e3c12d0922a3df288bbfd148b6a82a145b,10.0,2,2712520052,8,1,5120.0,64,12,5196.0,0.02642822265625,0.0002007859293371439,36.9726676940918,0.981031596660614,0.3737623691558838,0.00893965874274727
oracle_gate,0838.png,01e42bb5efb35d97a9931fc421f793e3c12d0922a3df288bbfd148b6a82a145b,10.0,2,2712520052,9,2,6144.0,96,12,6252.0,0.03179931640625,0.00019978906493633986,36.99428176879883,0.98114413022995,0.3729114234447479,0.00893965874274727
oracle_gate,0838.png,01e42bb5efb35d97a9931fc421f793e3c12d0922a3df288bbfd148b6a82a145b,10.0,2,2712520052,10,2,6144.0,96,12,6252.0,0.03179931640625,0.00020231147937010974,36.939796447753906,0.9811150431632996,0.37403178215026855,0.00893965874274727
oracle_gate,0838.png,01e42bb5efb35d97a9931fc421f793e3c12d0922a3df288bbfd148b6a82a145b,10.0,2,2712520052,11,3,7168.0,128,12,7308.0,0.03717041015625,0.00020046764984726906,36.979557037353516,0.9812347292900085,0.3728359043598175,0.00893965874274727
oracle_gate,0838.png,01e42bb5efb35d97a9931fc421f793e3c12d0922a3df288bbfd148b6a82a145b,10.0,2,2712520052,12,2,6144.0,96,12,6252.0,0.03179931640625,0.00020129946642555296,36.961570739746094,0.9810599684715271,0.37351730465888977,0.009450158002437092
oracle_gate,0838.png,01e42bb5efb35d97a9931fc421f793e3c12d0922a3df288bbfd148b6a82a145b,10.0,2,2712520052,13,3,7168.0,128,12,7308.0,0.03717041015625,0.00019880002946592867,37.015838623046875,0.9812153577804565,0.37222373485565186,0.009450158002437092
oracle_gate,0838.png,01e42bb5efb35d97a9931fc421f793e3c12d0922a3df288bbfd148b6a82a145b,10.0,2,2712520052,14,3,7168.0,128,12,7308.0,0.03717041015625,0.00020260298333596438,36.93354034423828,0.9811357259750366,0.37364375591278076,0.009450158002437092
oracle_gate,0838.png,01e42bb5efb35d97a9931fc421f793e3c12d0922a3df288bbfd148b6a82a145b,10.0,2,2712520052,15,4,8192.0,160,12,8364.0,0.04254150390625,0.0001995482889469713,36.99951934814453,0.9812862277030945,0.37212130427360535,0.009450158002437092
oracle_gate,0838.png,01e42bb5efb35d97a9931fc421f793e3c12d0922a3df288bbfd148b6a82a145b,10.0,3,773531404,0,0,4096.0,32,10,4138.0,0.021046956380208332,0.0001927891280502081,37.149173736572266,0.9817543029785156,0.3709043264389038,0.0093079910002416
oracle_gate,0838.png,01e42bb5efb35d97a9931fc421f793e3c12d0922a3df288bbfd148b6a82a145b,10.0,3,773531404,1,1,5120.0,64,12,5196.0,0.02642822265625,0.00019951041031163186,37.000343322753906,0.9811713695526123,0.36873939633369446,0.0093079910002416
oracle_gate,0838.png,01e42bb5efb35d97a9931fc421f793e3c12d0922a3df288bbfd148b6a82a145b,10.0,3,773531404,2,1,5120.0,64,12,5196.0,0.02642822265625,0.00019959721248596907,36.99845504760742,0.9811262488365173,0.3700675666332245,0.0093079910002416
oracle_gate,0838.png,01e42bb5efb35d97a9931fc421f793e3c12d0922a3df288bbfd148b6a82a145b,10.0,3,773531404,3,2,6144.0,96,12,6252.0,0.03179931640625,0.00019907088426407427,37.00992202758789,0.9812642335891724,0.36923453211784363,0.0093079910002416
oracle_gate,0838.png,01e42bb5efb35d97a9931fc421f793e3c12d0922a3df288bbfd148b6a82a145b,10.0,3,773531404,4,1,5120.0,64,12,5196.0,0.02642822265625,0.00020221102749928832,36.941951751708984,0.9811109900474548,0.37016189098358154,0.009270863505662419
oracle_gate,0838.png,01e42bb5efb35d97a9931fc421f793e3c12d0922a3df288bbfd148b6a82a145b,10.0,3,773531404,5,2,6144.0,96,12,6252.0,0.03179931640625,0.00020218771533109248,36.94245147705078,0.9812254309654236,0.36882007122039795,0.009270863505662419
oracle_gate,0838.png,01e42bb5efb35d97a9931fc421f793e3c12d0922a3df288bbfd148b6a82a145b,10.0,3,773531404,6,2,6144.0,96,12,6252.0,0.03179931640625,0.00020152247452642769,36.956764221191406,0.9811496734619141,0.3706209659576416,0.009270863505662419
oracle_gate,0838.png,01e42bb5efb35d97a9931fc421f793e3c12d0922a3df288bbfd148b6a82a145b,10.0,3,773531404,7,3,7168.0,128,12,7308.0,0.03717041015625,0.00020149475312791765,36.95736312866211,0.9813108444213867,0.3692609667778015,0.009270863505662419
oracle_gate,0838.png,01e42bb5efb35d97a9931fc421f793e3c12d0922a3df288bbfd148b6a82a145b,10.0,3,773531404,8,1,5120.0,64,12,5196.0,0.02642822265625,0.0001971439633052796,37.05216598510742,0.9812482595443726,0.3706379532814026,0.009354321504360996
oracle_gate,0838.png,01e42bb5efb35d97a9931fc421f793e3c12d0922a3df288bbfd148b6a82a145b,10.0,3,773531404,9,2,6144.0,96,12,6252.0,0.03179931640625,0.00019652582705020905,37.06580352783203,0.9813475608825684,0.36984363198280334,0.009354321504360996
oracle_gate,0838.png,01e42bb5efb35d97a9931fc421f793e3c12d0922a3df288bbfd148b6a82a145b,10.0,3,773531404,10,2,6144.0,96,12,6252.0,0.03179931640625,0.000196374166989699,37.06916046142578,0.981306254863739,0.37106597423553467,0.009354321504360996
oracle_gate,0838.png,01e42bb5efb35d97a9931fc421f793e3c12d0922a3df288bbfd148b6a82a145b,10.0,3,773531404,11,3,7168.0,128,12,7308.0,0.03717041015625,0.00019588108989410102,37.080074310302734,0.981454074382782,0.3702086806297302,0.009354321504360996
oracle_gate,0838.png,01e42bb5efb35d97a9931fc421f793e3c12d0922a3df288bbfd148b6a82a145b,10.0,3,773531404,12,2,6144.0,96,12,6252.0,0.03179931640625,0.00019750736828427762,37.044166564941406,0.9812878370285034,0.37083593010902405,0.009066533006262034
oracle_gate,0838.png,01e42bb5efb35d97a9931fc421f793e3c12d0922a3df288bbfd148b6a82a145b,10.0,3,773531404,13,3,7168.0,128,12,7308.0,0.03717041015625,0.0001971503224922344,37.052024841308594,0.9813994765281677,0.3694348633289337,0.009066533006262034
oracle_gate,0838.png,01e42bb5efb35d97a9931fc421f793e3c12d0922a3df288bbfd148b6a82a145b,10.0,3,773531404,14,3,7168.0,128,12,7308.0,0.03717041015625,0.00019649608293548226,37.066463470458984,0.9813699722290039,0.37120068073272705,0.009066533006262034
oracle_gate,0838.png,01e42bb5efb35d97a9931fc421f793e3c12d0922a3df288bbfd148b6a82a145b,10.0,3,773531404,15,4,8192.0,160,12,8364.0,0.04254150390625,0.00019658124074339867,37.06458282470703,0.9814976453781128,0.36972588300704956,0.009066533006262034
oracle_gate,0839.png,818abf16ba0aacc3fb6737c5ddd7c2188ca7321b6b28b7f4ba1898627387dee7,10.0,0,1661181029,0,0,4096.0,32,10,4138.0,0.021046956380208332,0.0005259661702439189,32.79042434692383,0.9781736135482788,0.34777048230171204,0.009468675256357528
oracle_gate,0839.png,818abf16ba0aacc3fb6737c5ddd7c2188ca7321b6b28b7f4ba1898627387dee7,10.0,0,1661181029,1,1,5120.0,64,12,5196.0,0.02642822265625,0.0005319727351889014,32.74110794067383,0.9777894020080566,0.3504440188407898,0.009468675256357528
oracle_gate,0839.png,818abf16ba0aacc3fb6737c5ddd7c2188ca7321b6b28b7f4ba1898627387dee7,10.0,0,1661181029,2,1,5120.0,64,12,5196.0,0.02642822265625,0.000535755418241024,32.71033477783203,0.9776210784912109,0.3490790128707886,0.009468675256357528
oracle_gate,0839.png,818abf16ba0aacc3fb6737c5ddd7c2188ca7321b6b28b7f4ba1898627387dee7,10.0,0,1661181029,3,2,6144.0,96,12,6252.0,0.03179931640625,0.0005334314191713929,32.729217529296875,0.9777915477752686,0.3478826582431793,0.009468675256357528
oracle_gate,0839.png,818abf16ba0aacc3fb6737c5ddd7c2188ca7321b6b28b7f4ba1898627387dee7,10.0,0,1661181029,4,1,5120.0,64,12,5196.0,0.02642822265625,0.0005288842367008328,32.766395568847656,0.9778541922569275,0.3520950675010681,0.009327287261839956
oracle_gate,0839.png,818abf16ba0aacc3fb6737c5ddd7c2188ca7321b6b28b7f4ba1898627387dee7,10.0,0,1661181029,5,2,6144.0,96,12,6252.0,0.03179931640625,0.0005273776478134096,32.77878189086914,0.9779837131500244,0.3478998839855194,0.009327287261839956
oracle_gate,0839.png,818abf16ba0aacc3fb6737c5ddd7c2188ca7321b6b28b7f4ba1898627387dee7,10.0,0,1661181029,6,2,6144.0,96,12,6252.0,0.03179931640625,0.000531510915607214,32.74488067626953,0.9777979254722595,0.34803229570388794,0.009327287261839956
oracle_gate,0839.png,818abf16ba0aacc3fb6737c5ddd7c2188ca7321b6b28b7f4ba1898627387dee7,10.0,0,1661181029,7,3,7168.0,128,12,7308.0,0.03717041015625,0.0005284537328407168,32.76993179321289,0.9779826998710632,0.3451199531555176,0.009327287261839956
oracle_gate,0839.png,818abf16ba0aacc3fb6737c5ddd7c2188ca7321b6b28b7f4ba1898627387dee7,10.0,0,1661181029,8,1,5120.0,64,12,5196.0,0.02642822265625,0.0005334269953891635,32.729248046875,0.9775567054748535,0.35359707474708557,0.009558021498378366
oracle_gate,0839.png,818abf16ba0aacc3fb6737c5ddd7c2188ca7321b6b28b7f4ba1898627387dee7,10.0,0,1661181029,9,2,6144.0,96,12,6252.0,0.03179931640625,0.0005325062084011734,32.73675537109375,0.9776846170425415,0.3510529696941376,0.009558021498378366
oracle_gate,0839.png,818abf16ba0aacc3fb6737c5ddd7c2188ca7321b6b28b7f4ba1898627387dee7,10.0,0,1661181029,10,2,6144.0,96,12,6252.0,0.03179931640625,0.0005342471413314342,32.72257995605469,0.9776109457015991,0.34868061542510986,0.009558021498378366
oracle_gate,0839.png,818abf16ba0aacc3fb6737c5ddd7c2188ca7321b6b28b7f4ba1898627387dee7,10.0,0,1661181029,11,3,7168.0,128,12,7308.0,0.03717041015625,0.0005315487505868077,32.74456787109375,0.9777973890304565,0.34720945358276367,0.009558021498378366
oracle_gate,0839.png,818abf16ba0aacc3fb6737c5ddd7c2188ca7321b6b28b7f4ba1898627387dee7,10.0,0,1661181029,12,2,6144.0,96,12,6252.0,0.03179931640625,0.00052896689157933,32.765716552734375,0.977761447429657,0.352907657623291,0.008996835997095332
oracle_gate,0839.png,818abf16ba0aacc3fb6737c5ddd7c2188ca7321b6b28b7f4ba1898627387dee7,10.0,0,1661181029,13,3,7168.0,128,12,7308.0,0.03717041015625,0.0005275743897072971,32.777164459228516,0.9778817892074585,0.34873631596565247,0.008996835997095332
oracle_gate,0839.png,818abf16ba0aacc3fb6737c5ddd7c2188ca7321b6b28b7f4ba1898627387dee7,10.0,0,1661181029,14,3,7168.0,128,12,7308.0,0.03717041015625,0.0005296437302604318,32.760162353515625,0.9778052568435669,0.34776753187179565,0.008996835997095332
oracle_gate,0839.png,818abf16ba0aacc3fb6737c5ddd7c2188ca7321b6b28b7f4ba1898627387dee7,10.0,0,1661181029,15,4,8192.0,160,12,8364.0,0.04254150390625,0.0005268297391012311,32.78329849243164,0.9779790639877319,0.34463247656822205,0.008996835997095332
oracle_gate,0839.png,818abf16ba0aacc3fb6737c5ddd7c2188ca7321b6b28b7f4ba1898627387dee7,10.0,1,137850102,0,0,4096.0,32,10,4138.0,0.021046956380208332,0.0005220219027251005,32.82311248779297,0.9782872200012207,0.3622898757457733,0.009022831509355456
oracle_gate,0839.png,818abf16ba0aacc3fb6737c5ddd7c2188ca7321b6b28b7f4ba1898627387dee7,10.0,1,137850102,1,1,5120.0,64,12,5196.0,0.02642822265625,0.000526313902810216,32.78755569458008,0.9780076742172241,0.36384105682373047,0.009022831509355456
oracle_gate,0839.png,818abf16ba0aacc3fb6737c5ddd7c2188ca7321b6b28b7f4ba1898627387dee7,10.0,1,137850102,2,1,5120.0,64,12,5196.0,0.02642822265625,0.0005277821910567582,32.77545166015625,0.97789466381073,0.3627292513847351,0.009022831509355456
oracle_gate,0839.png,818abf16ba0aacc3fb6737c5ddd7c2188ca7321b6b28b7f4ba1898627387dee7,10.0,1,137850102,3,2,6144.0,96,12,6252.0,0.03179931640625,0.0005266631487756968,32.784671783447266,0.9779981374740601,0.3618248403072357,0.009022831509355456
oracle_gate,0839.png,818abf16ba0aacc3fb6737c5ddd7c2188ca7321b6b28b7f4ba1898627387dee7,10.0,1,137850102,4,1,5120.0,64,12,5196.0,0.02642822265625,0.0005252043483778834,32.796714782714844,0.9780621528625488,0.3643622100353241,0.005506607238203287
oracle_gate,0839.png,818abf16ba0aacc3fb6737c5ddd7c2188ca7321b6b28b7f4ba1898627387dee7,10.0,1,137850102,5,2,6144.0,96,12,6252.0,0.03179931640625,0.0005238872254267335,32.807621002197266,0.9781628847122192,0.36292749643325806,0.005506607238203287
oracle_gate,0839.png,818abf16ba0aacc3fb6737c5ddd7c2188ca7321b6b28b7f4ba1898627387dee7,10.0,1,137850102,6,2,6144.0,96,12,6252.0,0.03179931640625,0.0005254140705801547,32.79498291015625,0.9779943227767944,0.3619743585586548,0.005506607238203287
oracle_gate,0839.png,818abf16ba0aacc3fb6737c5ddd7c2188ca7321b6b28b7f4ba1898627387dee7,10.0,1,137850102,7,3,7168.0,128,12,7308.0,0.03717041015625,0.0005239609163254499,32.807010650634766,0.9781515002250671,0.3606891334056854,0.005506607238203287
oracle_gate,0839.png,818abf16ba0aacc3fb6737c5ddd7c2188ca7321b6b28b7f4ba1898627387dee7,10.0,1,137850102,8,1,5120.0,64,12,5196.0,0.02642822265625,0.000528351403772831,32.77077102661133,0.9779167175292969,0.36521387100219727,0.005717978507163934
oracle_gate,0839.png,818abf16ba0aacc3fb6737c5ddd7c2188ca7321b6b28b7f4ba1898627387dee7,10.0,1,137850102,9,2,6144.0,96,12,6252.0,0.03179931640625,0.0005275437142699957,32.77741622924805,0.9779626131057739,0.3641898036003113,0.005717978507163934
oracle_gate,0839.png,818abf16ba0aacc3fb6737c5ddd7c2188ca7321b6b28b7f4ba1898627387dee7,10.0,1,137850102,10,2,6144.0,96,12,6252.0,0.03179931640625,0.0005279723554849625,32.77389144897461,0.977996826171875,0.3618165850639343,0.005717978507163934
oracle_gate,0839.png,818abf16ba0aacc3fb6737c5ddd7c2188ca7321b6b28b7f4ba1898627387dee7,10.0,1,137850102,11,3,7168.0,128,12,7308.0,0.03717041015625,0.0005266682710498571,32.784629821777344,0.9781147837638855,0.3608356714248657,0.005717978507163934
oracle_gate,0839.png,818abf16ba0aacc3fb6737c5ddd7c2188ca7321b6b28b7f4ba1898627387dee7,10.0,1,137850102,12,2,6144.0,96,12,6252.0,0.03179931640625,0.0005263735074549913,32.78705978393555,0.9779983758926392,0.3640161454677582,0.009095911751501262
oracle_gate,0839.png,818abf16ba0aacc3fb6737c5ddd7c2188ca7321b6b28b7f4ba1898627387dee7,10.0,1,137850102,13,3,7168.0,128,12,7308.0,0.03717041015625,0.0005253648851066828,32.795387268066406,0.9780827760696411,0.36267420649528503,0.009095911751501262
oracle_gate,0839.png,818abf16ba0aacc3fb6737c5ddd7c2188ca7321b6b28b7f4ba1898627387dee7,10.0,1,137850102,14,3,7168.0,128,12,7308.0,0.03717041015625,0.0005258943419903517,32.791015625,0.9780756235122681,0.3604663908481598,0.009095911751501262
oracle_gate,0839.png,818abf16ba0aacc3fb6737c5ddd7c2188ca7321b6b28b7f4ba1898627387dee7,10.0,1,137850102,15,4,8192.0,160,12,8364.0,0.04254150390625,0.0005247124354355037,32.800785064697266,0.9782196879386902,0.3592132329940796,0.009095911751501262
oracle_gate,0839.png,818abf16ba0aacc3fb6737c5ddd7c2188ca7321b6b28b7f4ba1898627387dee7,10.0,2,2990170746,0,0,4096.0,32,10,4138.0,0.021046956380208332,0.0005248389206826687,32.799739837646484,0.9776008129119873,0.3578528165817261,0.008882203008397482
oracle_gate,0839.png,818abf16ba0aacc3fb6737c5ddd7c2188ca7321b6b28b7f4ba1898627387dee7,10.0,2,2990170746,1,1,5120.0,64,12,5196.0,0.02642822265625,0.0005321201169863343,32.73990249633789,0.9772028923034668,0.3595084846019745,0.008882203008397482
oracle_gate,0839.png,818abf16ba0aacc3fb6737c5ddd7c2188ca7321b6b28b7f4ba1898627387dee7,10.0,2,2990170746,2,1,5120.0,64,12,5196.0,0.02642822265625,0.0005357860354706645,32.7100830078125,0.9769977331161499,0.35766512155532837,0.008882203008397482
oracle_gate,0839.png,818abf16ba0aacc3fb6737c5ddd7c2188ca7321b6b28b7f4ba1898627387dee7,10.0,2,2990170746,3,2,6144.0,96,12,6252.0,0.03179931640625,0.000531502824742347,32.74494552612305,0.9772465229034424,0.35616832971572876,0.008882203008397482
oracle_gate,0839.png,818abf16ba0aacc3fb6737c5ddd7c2188ca7321b6b28b7f4ba1898627387dee7,10.0,2,2990170746,4,1,5120.0,64,12,5196.0,0.02642822265625,0.0005289630498737097,32.7657470703125,0.9773039221763611,0.36189141869544983,0.009512160759186372
oracle_gate,0839.png,818abf16ba0aacc3fb6737c5ddd7c2188ca7321b6b28b7f4ba1898627387dee7,10.0,2,2990170746,5,2,6144.0,96,12,6252.0,0.03179931640625,0.000526671763509512,32.78459930419922,0.9774319529533386,0.3591609597206116,0.009512160759186372
oracle_gate,0839.png,818abf16ba0aacc3fb6737c5ddd7c2188ca7321b6b28b7f4ba1898627387dee7,10.0,2,2990170746,6,2,6144.0,96,12,6252.0,0.03179931640625,0.0005298276664689183,32.75865173339844,0.9772330522537231,0.35792839527130127,0.009512160759186372
oracle_gate,0839.png,818abf16ba0aacc3fb6737c5ddd7c2188ca7321b6b28b7f4ba1898627387dee7,10.0,2,2990170746,7,3,7168.0,128,12,7308.0,0.03717041015625,0.000526243937201798,32.78812789916992,0.9774615168571472,0.35592254996299744,0.009512160759186372
oracle_gate,0839.png,818abf16ba0aacc3fb6737c5ddd7c2188ca7321b6b28b7f4ba1898627387dee7,10.0,2,2990170746,8,1,5120.0,64,12,5196.0,0.02642822265625,0.0005331101128831506,32.731834411621094,0.9771590232849121,0.36159053444862366,0.008805770994513296
oracle_gate,0839.png,818abf16ba0aacc3fb6737c5ddd7c2188ca7321b6b28b7f4ba1898627387dee7,10.0,2,2990170746,9,2,6144.0,96,12,6252.0,0.03179931640625,0.0005304259248077869,32.753753662109375,0.9773000478744507,0.35942742228507996,0.008805770994513296
oracle_gate,0839.png,818abf16ba0aacc3fb6737c5ddd7c2188ca7321b6b28b7f4ba1898627387dee7,10.0,2,2990170746,10,2,6144.0,96,12,6252.0,0.03179931640625,0.000533359416294843,32.729801177978516,0.9771571159362793,0.3581106662750244,0.008805770994513296
oracle_gate,0839.png,818abf16ba0aacc3fb6737c5ddd7c2188ca7321b6b28b7f4ba1898627387dee7,10.0,2,2990170746,11,3,7168.0,128,12,7308.0,0.03717041015625,0.0005289354594424367,32.76597595214844,0.9774100184440613,0.35665905475616455,0.008805770994513296
oracle_gate,0839.png,818abf16ba0aacc3fb6737c5ddd7c2188ca7321b6b28b7f4ba1898627387dee7,10.0,2,2990170746,12,2,6144.0,96,12,6252.0,0.03179931640625,0.0005289401742629707,32.765933990478516,0.9772776961326599,0.36202365159988403,0.00960501900408417
oracle_gate,0839.png,818abf16ba0aacc3fb6737c5ddd7c2188ca7321b6b28b7f4ba1898627387dee7,10.0,2,2990170746,13,3,7168.0,128,12,7308.0,0.03717041015625,0.0005267496453598142,32.783958435058594,0.9773958921432495,0.3592943549156189,0.00960501900408417
oracle_gate,0839.png,818abf16ba0aacc3fb6737c5ddd7c2188ca7321b6b28b7f4ba1898627387dee7,10.0,2,2990170746,14,3,7168.0,128,12,7308.0,0.03717041015625,0.0005291632260195911,32.76410675048828,0.9772757887840271,0.35848045349121094,0.00960501900408417
oracle_gate,0839.png,818abf16ba0aacc3fb6737c5ddd7c2188ca7321b6b28b7f4ba1898627387dee7,10.0,2,2990170746,15,4,8192.0,160,12,8364.0,0.04254150390625,0.0005257845623418689,32.79192352294922,0.9774885177612305,0.35643279552459717,0.00960501900408417
oracle_gate,0839.png,818abf16ba0aacc3fb6737c5ddd7c2188ca7321b6b28b7f4ba1898627387dee7,10.0,3,2834404519,0,0,4096.0,32,10,4138.0,0.021046956380208332,0.0005270520923659205,32.781463623046875,0.9777344465255737,0.3673135042190552,0.009043464495334774
oracle_gate,0839.png,818abf16ba0aacc3fb6737c5ddd7c2188ca7321b6b28b7f4ba1898627387dee7,10.0,3,2834404519,1,1,5120.0,64,12,5196.0,0.02642822265625,0.0005301730707287788,32.755821228027344,0.9774373769760132,0.3659745752811432,0.009043464495334774
oracle_gate,0839.png,818abf16ba0aacc3fb6737c5ddd7c2188ca7321b6b28b7f4ba1898627387dee7,10.0,3,2834404519,2,1,5120.0,64,12,5196.0,0.02642822265625,0.0005327224498614669,32.734989166259766,0.977245032787323,0.3671132028102875,0.009043464495334774
oracle_gate,0839.png,818abf16ba0aacc3fb6737c5ddd7c2188ca7321b6b28b7f4ba1898627387dee7,10.0,3,2834404519,3,2,6144.0,96,12,6252.0,0.03179931640625,0.0005306515377014875,32.75190734863281,0.9774258136749268,0.365501344203949,0.009043464495334774
oracle_gate,0839.png,818abf16ba0aacc3fb6737c5ddd7c2188ca7321b6b28b7f4ba1898627387dee7,10.0,3,2834404519,4,1,5120.0,64,12,5196.0,0.02642822265625,0.0005301122437231243,32.75632095336914,0.9775627851486206,0.3678283393383026,0.009213661498506553
oracle_gate,0839.png,818abf16ba0aacc3fb6737c5ddd7c2188ca7321b6b28b7f4ba1898627387dee7,10.0,3,2834404519,5,2,6144.0,96,12,6252.0,0.03179931640625,0.0005282228230498731,32.771827697753906,0.9776901602745056,0.3650352954864502,0.009213661498506553
oracle_gate,0839.png,818abf16ba0aacc3fb6737c5ddd7c2188ca7321b6b28b7f4ba1898627387dee7,10.0,3,2834404519,6,2,6144.0,96,12,6252.0,0.03179931640625,0.0005305276135914028,32.7529182434082,0.9775084853172302,0.36723288893699646,0.009213661498506553
oracle_gate,0839.png,818abf16ba0aacc3fb6737c5ddd7c2188ca7321b6b28b7f4ba1898627387dee7,10.0,3,2834404519,7,3,7168.0,128,12,7308.0,0.03717041015625,0.0005285398219712079,32.76922607421875,0.9776744246482849,0.3644460439682007,0.009213661498506553
oracle_gate,0839.png,818abf16ba0aacc3fb6737c5ddd7c2188ca7321b6b28b7f4ba1898627387dee7,10.0,3,2834404519,8,1,5120.0,64,12,5196.0,0.02642822265625,0.000532106845639646,32.740013122558594,0.9772999286651611,0.3687599301338196,0.008992531991680153
oracle_gate,0839.png,818abf16ba0aacc3fb6737c5ddd7c2188ca7321b6b28b7f4ba1898627387dee7,10.0,3,2834404519,9,2,6144.0,96,12,6252.0,0.03179931640625,0.0005302508361637592,32.75518798828125,0.9774570465087891,0.3671284317970276,0.008992531991680153
oracle_gate,0839.png,818abf16ba0aacc3fb6737c5ddd7c2188ca7321b6b28b7f4ba1898627387dee7,10.0,3,2834404519,10,2,6144.0,96,12,6252.0,0.03179931640625,0.0005324851954355836,32.73692321777344,0.9772815108299255,0.36665934324264526,0.008992531991680153
oracle_gate,0839.png,818abf16ba0aacc3fb6737c5ddd7c2188ca7321b6b28b7f4ba1898627387dee7,10.0,3,2834404519,11,3,7168.0,128,12,7308.0,0.03717041015625,0.0005302940844558179,32.75483322143555,0.9774760603904724,0.364955335855484,0.008992531991680153
oracle_gate,0839.png,818abf16ba0aacc3fb6737c5ddd7c2188ca7321b6b28b7f4ba1898627387dee7,10.0,3,2834404519,12,2,6144.0,96,12,6252.0,0.03179931640625,0.0005303566576912999,32.75432205200195,0.9775530695915222,0.36854323744773865,0.009624082507798448
oracle_gate,0839.png,818abf16ba0aacc3fb6737c5ddd7c2188ca7321b6b28b7f4ba1898627387dee7,10.0,3,2834404519,13,3,7168.0,128,12,7308.0,0.03717041015625,0.0005286702653393149,32.768150329589844,0.9776610136032104,0.36590611934661865,0.009624082507798448
oracle_gate,0839.png,818abf16ba0aacc3fb6737c5ddd7c2188ca7321b6b28b7f4ba1898627387dee7,10.0,3,2834404519,14,3,7168.0,128,12,7308.0,0.03717041015625,0.0005307486862875521,32.75111389160156,0.9775246977806091,0.36645573377609253,0.009624082507798448
oracle_gate,0839.png,818abf16ba0aacc3fb6737c5ddd7c2188ca7321b6b28b7f4ba1898627387dee7,10.0,3,2834404519,15,4,8192.0,160,12,8364.0,0.04254150390625,0.0005290774861350656,32.764808654785156,0.9776729345321655,0.36356279253959656,0.009624082507798448
oracle_gate,0840.png,e023c2b2628b7d897d69150baa40be6ceda9fe0e45a0d51348011c6a47b44d86,10.0,0,2491272560,0,0,4096.0,32,10,4138.0,0.021046956380208332,0.000851938035339117,30.6959228515625,0.9709750413894653,0.18685416877269745,0.009161999754724093
oracle_gate,0840.png,e023c2b2628b7d897d69150baa40be6ceda9fe0e45a0d51348011c6a47b44d86,10.0,0,2491272560,1,1,5120.0,64,12,5196.0,0.02642822265625,0.0008719679317437112,30.594995498657227,0.9701516032218933,0.1880563199520111,0.009161999754724093
oracle_gate,0840.png,e023c2b2628b7d897d69150baa40be6ceda9fe0e45a0d51348011c6a47b44d86,10.0,0,2491272560,2,1,5120.0,64,12,5196.0,0.02642822265625,0.0008682534098625183,30.613536834716797,0.9702169895172119,0.18806353211402893,0.009161999754724093
oracle_gate,0840.png,e023c2b2628b7d897d69150baa40be6ceda9fe0e45a0d51348011c6a47b44d86,10.0,0,2491272560,3,2,6144.0,96,12,6252.0,0.03179931640625,0.0008694698917679489,30.607454299926758,0.9702666997909546,0.1878443956375122,0.009161999754724093
oracle_gate,0840.png,e023c2b2628b7d897d69150baa40be6ceda9fe0e45a0d51348011c6a47b44d86,10.0,0,2491272560,4,1,5120.0,64,12,5196.0,0.02642822265625,0.0008653797558508813,30.627933502197266,0.9703361392021179,0.18789035081863403,0.009279961261199787
oracle_gate,0840.png,e023c2b2628b7d897d69150baa40be6ceda9fe0e45a0d51348011c6a47b44d86,10.0,0,2491272560,5,2,6144.0,96,12,6252.0,0.03179931640625,0.0008670433307997882,30.619592666625977,0.9703139066696167,0.18752074241638184,0.009279961261199787
oracle_gate,0840.png,e023c2b2628b7d897d69150baa40be6ceda9fe0e45a0d51348011c6a47b44d86,10.0,0,2491272560,6,2,6144.0,96,12,6252.0,0.03179931640625,0.0008626936469227076,30.641433715820312,0.9704350829124451,0.18779104948043823,0.009279961261199787
oracle_gate,0840.png,e023c2b2628b7d897d69150baa40be6ceda9fe0e45a0d51348011c6a47b44d86,10.0,0,2491272560,7,3,7168.0,128,12,7308.0,0.03717041015625,0.0008644870831631124,30.632417678833008,0.9704223871231079,0.18731659650802612,0.009279961261199787
oracle_gate,0840.png,e023c2b2628b7d897d69150baa40be6ceda9fe0e45a0d51348011c6a47b44d86,10.0,0,2491272560,8,1,5120.0,64,12,5196.0,0.02642822265625,0.0008680172613821924,30.614717483520508,0.9701312780380249,0.1879272162914276,0.009141290254774503
oracle_gate,0840.png,e023c2b2628b7d897d69150baa40be6ceda9fe0e45a0d51348011c6a47b44d86,10.0,0,2491272560,9,2,6144.0,96,12,6252.0,0.03179931640625,0.0008690531831234694,30.609535217285156,0.9701690673828125,0.18776702880859375,0.009141290254774503
oracle_gate,0840.png,e023c2b2628b7d897d69150baa40be6ceda9fe0e45a0d51348011c6a47b44d86,10.0,0,2491272560,10,2,6144.0,96,12,6252.0,0.03179931640625,0.0008657341822981834,30.626155853271484,0.9702696204185486,0.18803638219833374,0.009141290254774503
oracle_gate,0840.png,e023c2b2628b7d897d69150baa40be6ceda9fe0e45a0d51348011c6a47b44d86,10.0,0,2491272560,11,3,7168.0,128,12,7308.0,0.03717041015625,0.0008669444359838963,30.620088577270508,0.9703142046928406,0.18775996565818787,0.009141290254774503
oracle_gate,0840.png,e023c2b2628b7d897d69150baa40be6ceda9fe0e45a0d51348011c6a47b44d86,10.0,0,2491272560,12,2,6144.0,96,12,6252.0,0.03179931640625,0.0008624286274425685,30.64276885986328,0.970426082611084,0.18740001320838928,0.009080756251933053
oracle_gate,0840.png,e023c2b2628b7d897d69150baa40be6ceda9fe0e45a0d51348011c6a47b44d86,10.0,0,2491272560,13,3,7168.0,128,12,7308.0,0.03717041015625,0.0008639195002615452,30.635269165039062,0.9704127311706543,0.18702206015586853,0.009080756251933053
oracle_gate,0840.png,e023c2b2628b7d897d69150baa40be6ceda9fe0e45a0d51348011c6a47b44d86,10.0,0,2491272560,14,3,7168.0,128,12,7308.0,0.03717041015625,0.0008600308792665601,30.65485954284668,0.9705619215965271,0.18753743171691895,0.009080756251933053
oracle_gate,0840.png,e023c2b2628b7d897d69150baa40be6ceda9fe0e45a0d51348011c6a47b44d86,10.0,0,2491272560,15,4,8192.0,160,12,8364.0,0.04254150390625,0.0008618010906502604,30.645931243896484,0.9705495238304138,0.1870165318250656,0.009080756251933053
oracle_gate,0840.png,e023c2b2628b7d897d69150baa40be6ceda9fe0e45a0d51348011c6a47b44d86,10.0,1,1469445965,0,0,4096.0,32,10,4138.0,0.021046956380208332,0.0008724061772227287,30.59281349182129,0.969741940498352,0.18161475658416748,0.009277801247662865
oracle_gate,0840.png,e023c2b2628b7d897d69150baa40be6ceda9fe0e45a0d51348011c6a47b44d86,10.0,1,1469445965,1,1,5120.0,64,12,5196.0,0.02642822265625,0.0008881818503141403,30.514982223510742,0.9690982699394226,0.183075949549675,0.009277801247662865
oracle_gate,0840.png,e023c2b2628b7d897d69150baa40be6ceda9fe0e45a0d51348011c6a47b44d86,10.0,1,1469445965,2,1,5120.0,64,12,5196.0,0.02642822265625,0.0008901892579160631,30.505178451538086,0.9690555930137634,0.1833202838897705,0.009277801247662865
oracle_gate,0840.png,e023c2b2628b7d897d69150baa40be6ceda9fe0e45a0d51348011c6a47b44d86,10.0,1,1469445965,3,2,6144.0,96,12,6252.0,0.03179931640625,0.0008895063656382263,30.508508682250977,0.9691071510314941,0.18300877511501312,0.009277801247662865
oracle_gate,0840.png,e023c2b2628b7d897d69150baa40be6ceda9fe0e45a0d51348011c6a47b44d86,10.0,1,1469445965,4,1,5120.0,64,12,5196.0,0.02642822265625,0.0008883960545063019,30.513935089111328,0.9690533876419067,0.18370410799980164,0.009001212994917296
oracle_gate,0840.png,e023c2b2628b7d897d69150baa40be6ceda9fe0e45a0d51348011c6a47b44d86,10.0,1,1469445965,5,2,6144.0,96,12,6252.0,0.03179931640625,0.0008867800934240222,30.521841049194336,0.9690991640090942,0.18284209072589874,0.009001212994917296
oracle_gate,0840.png,e023c2b2628b7d897d69150baa40be6ceda9fe0e45a0d51348011c6a47b44d86,10.0,1,1469445965,6,2,6144.0,96,12,6252.0,0.03179931640625,0.0008894983911886811,30.508548736572266,0.9690461158752441,0.18327020108699799,0.009001212994917296
oracle_gate,0840.png,e023c2b2628b7d897d69150baa40be6ceda9fe0e45a0d51348011c6a47b44d86,10.0,1,1469445965,7,3,7168.0,128,12,7308.0,0.03717041015625,0.0008882477413862944,30.514659881591797,0.9690980911254883,0.18279454112052917,0.009001212994917296
oracle_gate,0840.png,e023c2b2628b7d897d69150baa40be6ceda9fe0e45a0d51348011c6a47b44d86,10.0,1,1469445965,8,1,5120.0,64,12,5196.0,0.02642822265625,0.0008868479053489864,30.521509170532227,0.9691445231437683,0.18343403935432434,0.008938158745877445
oracle_gate,0840.png,e023c2b2628b7d897d69150baa40be6ceda9fe0e45a0d51348011c6a47b44d86,10.0,1,1469445965,9,2,6144.0,96,12,6252.0,0.03179931640625,0.0008857400971464813,30.526939392089844,0.9691752791404724,0.1827082484960556,0.008938158745877445
oracle_gate,0840.png,e023c2b2628b7d897d69150baa40be6ceda9fe0e45a0d51348011c6a47b44d86,10.0,1,1469445965,10,2,6144.0,96,12,6252.0,0.03179931640625,0.0008874343475326896,30.51863670349121,0.9691876173019409,0.1829606145620346,0.008938158745877445
oracle_gate,0840.png,e023c2b2628b7d897d69150baa40be6ceda9fe0e45a0d51348011c6a47b44d86,10.0,1,1469445965,11,3,7168.0,128,12,7308.0,0.03717041015625,0.000886664493009448,30.52240562438965,0.9692313075065613,0.18259310722351074,0.008938158745877445
oracle_gate,0840.png,e023c2b2628b7d897d69150baa40be6ceda9fe0e45a0d51348011c6a47b44d86,10.0,1,1469445965,12,2,6144.0,96,12,6252.0,0.03179931640625,0.0008858891087584198,30.526206970214844,0.9691870212554932,0.18307828903198242,0.00905178950051777
oracle_gate,0840.png,e023c2b2628b7d897d69150baa40be6ceda9fe0e45a0d51348011c6a47b44d86,10.0,1,1469445965,13,3,7168.0,128,12,7308.0,0.03717041015625,0.0008839759975671768,30.535594940185547,0.9692435264587402,0.1822032928466797,0.00905178950051777
oracle_gate,0840.png,e023c2b2628b7d897d69150baa40be6ceda9fe0e45a0d51348011c6a47b44d86,10.0,1,1469445965,14,3,7168.0,128,12,7308.0,0.03717041015625,0.000886350404471159,30.52394676208496,0.9692392349243164,0.18262262642383575,0.00905178950051777
oracle_gate,0840.png,e023c2b2628b7d897d69150baa40be6ceda9fe0e45a0d51348011c6a47b44d86,10.0,1,1469445965,15,4,8192.0,160,12,8364.0,0.04254150390625,0.0008850349113345146,30.5303955078125,0.9692977666854858,0.18212343752384186,0.00905178950051777
oracle_gate,0840.png,e023c2b2628b7d897d69150baa40be6ceda9fe0e45a0d51348011c6a47b44d86,10.0,2,2251784888,0,0,4096.0,32,10,4138.0,0.021046956380208332,0.0008677965961396694,30.61582374572754,0.9700338840484619,0.18498121201992035,0.00959053925180342
oracle_gate,0840.png,e023c2b2628b7d897d69150baa40be6ceda9fe0e45a0d51348011c6a47b44d86,10.0,2,2251784888,1,1,5120.0,64,12,5196.0,0.02642822265625,0.0008828490390442312,30.541135787963867,0.9695367217063904,0.18531273305416107,0.00959053925180342
oracle_gate,0840.png,e023c2b2628b7d897d69150baa40be6ceda9fe0e45a0d51348011c6a47b44d86,10.0,2,2251784888,2,1,5120.0,64,12,5196.0,0.02642822265625,0.0008814471657387912,30.548038482666016,0.9694656133651733,0.18675386905670166,0.00959053925180342
oracle_gate,0840.png,e023c2b2628b7d897d69150baa40be6ceda9fe0e45a0d51348011c6a47b44d86,10.0,2,2251784888,3,2,6144.0,96,12,6252.0,0.03179931640625,0.0008816465269774199,30.547056198120117,0.9695128202438354,0.18539613485336304,0.00959053925180342
oracle_gate,0840.png,e023c2b2628b7d897d69150baa40be6ceda9fe0e45a0d51348011c6a47b44d86,10.0,2,2251784888,4,1,5120.0,64,12,5196.0,0.02642822265625,0.0008814713801257312,30.547916412353516,0.9695956110954285,0.18587064743041992,0.00929744349559769
oracle_gate,0840.png,e023c2b2628b7d897d69150baa40be6ceda9fe0e45a0d51348011c6a47b44d86,10.0,2,2251784888,5,2,6144.0,96,12,6252.0,0.03179931640625,0.0008815444889478385,30.547557830810547,0.9696299433708191,0.18478043377399445,0.00929744349559769
oracle_gate,0840.png,e023c2b2628b7d897d69150baa40be6ceda9fe0e45a0d51348011c6a47b44d86,10.0,2,2251784888,6,2,6144.0,96,12,6252.0,0.03179931640625,0.0008799317292869091,30.555513381958008,0.9696030616760254,0.18617385625839233,0.00929744349559769
oracle_gate,0840.png,e023c2b2628b7d897d69150baa40be6ceda9fe0e45a0d51348011c6a47b44d86,10.0,2,2251784888,7,3,7168.0,128,12,7308.0,0.03717041015625,0.0008804262615740299,30.553071975708008,0.9696027040481567,0.18487146496772766,0.00929744349559769
oracle_gate,0840.png,e023c2b2628b7d897d69150baa40be6ceda9fe0e45a0d51348011c6a47b44d86,10.0,2,2251784888,8,1,5120.0,64,12,5196.0,0.02642822265625,0.0008807810372672975,30.551321029663086,0.9695009589195251,0.18628844618797302,0.009521699001197703
oracle_gate,0840.png,e023c2b2628b7d897d69150baa40be6ceda9fe0e45a0d51348011c6a47b44d86,10.0,2,2251784888,9,2,6144.0,96,12,6252.0,0.03179931640625,0.0008806686382740736,30.5518741607666,0.9695696234703064,0.18520575761795044,0.009521699001197703
oracle_gate,0840.png,e023c2b2628b7d897d69150baa40be6ceda9fe0e45a0d51348011c6a47b44d86,10.0,2,2251784888,10,2,6144.0,96,12,6252.0,0.03179931640625,0.0008797923801466823,30.55620002746582,0.9695281982421875,0.186496302485466,0.009521699001197703
oracle_gate,0840.png,e023c2b2628b7d897d69150baa40be6ceda9fe0e45a0d51348011c6a47b44d86,10.0,2,2251784888,11,3,7168.0,128,12,7308.0,0.03717041015625,0.0008800180512480438,30.555086135864258,0.9695698022842407,0.18519341945648193,0.009521699001197703
oracle_gate,0840.png,e023c2b2628b7d897d69150baa40be6ceda9fe0e45a0d51348011c6a47b44d86,10.0,2,2251784888,12,2,6144.0,96,12,6252.0,0.03179931640625,0.0008792162407189608,30.559043884277344,0.9696974754333496,0.18565000593662262,0.00911377475131303
oracle_gate,0840.png,e023c2b2628b7d897d69150baa40be6ceda9fe0e45a0d51348011c6a47b44d86,10.0,2,2251784888,13,3,7168.0,128,12,7308.0,0.03717041015625,0.000879212690051645,30.55906105041504,0.9697363376617432,0.1845562756061554,0.00911377475131303
oracle_gate,0840.png,e023c2b2628b7d897d69150baa40be6ceda9fe0e45a0d51348011c6a47b44d86,10.0,2,2251784888,14,3,7168.0,128,12,7308.0,0.03717041015625,0.0008781468495726585,30.564329147338867,0.9697381854057312,0.18586218357086182,0.00911377475131303
oracle_gate,0840.png,e023c2b2628b7d897d69150baa40be6ceda9fe0e45a0d51348011c6a47b44d86,10.0,2,2251784888,15,4,8192.0,160,12,8364.0,0.04254150390625,0.0008786601247265935,30.561790466308594,0.9697358012199402,0.18457946181297302,0.00911377475131303
oracle_gate,0840.png,e023c2b2628b7d897d69150baa40be6ceda9fe0e45a0d51348011c6a47b44d86,10.0,3,2377769656,0,0,4096.0,32,10,4138.0,0.021046956380208332,0.0008609495125710964,30.650224685668945,0.97032231092453,0.18898946046829224,0.008965922010247596
oracle_gate,0840.png,e023c2b2628b7d897d69150baa40be6ceda9fe0e45a0d51348011c6a47b44d86,10.0,3,2377769656,1,1,5120.0,64,12,5196.0,0.02642822265625,0.000884711742401123,30.531982421875,0.9693793058395386,0.19008177518844604,0.008965922010247596
oracle_gate,0840.png,e023c2b2628b7d897d69150baa40be6ceda9fe0e45a0d51348011c6a47b44d86,10.0,3,2377769656,2,1,5120.0,64,12,5196.0,0.02642822265625,0.000881977379322052,30.545427322387695,0.9695509672164917,0.19100019335746765,0.008965922010247596
oracle_gate,0840.png,e023c2b2628b7d897d69150baa40be6ceda9fe0e45a0d51348011c6a47b44d86,10.0,3,2377769656,3,2,6144.0,96,12,6252.0,0.03179931640625,0.0008802262018434703,30.554058074951172,0.9696499109268188,0.18904204666614532,0.008965922010247596
oracle_gate,0840.png,e023c2b2628b7d897d69150baa40be6ceda9fe0e45a0d51348011c6a47b44d86,10.0,3,2377769656,4,1,5120.0,64,12,5196.0,0.02642822265625,0.000883441127371043,30.538225173950195,0.9693794250488281,0.1921117901802063,0.009039614000357687
oracle_gate,0840.png,e023c2b2628b7d897d69150baa40be6ceda9fe0e45a0d51348011c6a47b44d86,10.0,3,2377769656,5,2,6144.0,96,12,6252.0,0.03179931640625,0.0008835039334371686,30.537914276123047,0.9693809747695923,0.1899707317352295,0.009039614000357687
oracle_gate,0840.png,e023c2b2628b7d897d69150baa40be6ceda9fe0e45a0d51348011c6a47b44d86,10.0,3,2377769656,6,2,6144.0,96,12,6252.0,0.03179931640625,0.0008802054799161851,30.55415916442871,0.9696071147918701,0.19118037819862366,0.009039614000357687
oracle_gate,0840.png,e023c2b2628b7d897d69150baa40be6ceda9fe0e45a0d51348011c6a47b44d86,10.0,3,2377769656,7,3,7168.0,128,12,7308.0,0.03717041015625,0.0008790287538431585,30.55997085571289,0.9696500301361084,0.1888795793056488,0.009039614000357687
oracle_gate,0840.png,e023c2b2628b7d897d69150baa40be6ceda9fe0e45a0d51348011c6a47b44d86,10.0,3,2377769656,8,1,5120.0,64,12,5196.0,0.02642822265625,0.000881136569660157,30.54956817626953,0.9694169759750366,0.19251088798046112,0.009155012739938684
oracle_gate,0840.png,e023c2b2628b7d897d69150baa40be6ceda9fe0e45a0d51348011c6a47b44d86,10.0,3,2377769656,9,2,6144.0,96,12,6252.0,0.03179931640625,0.0008806136320345104,30.552146911621094,0.9694708585739136,0.19066396355628967,0.009155012739938684
oracle_gate,0840.png,e023c2b2628b7d897d69150baa40be6ceda9fe0e45a0d51348011c6a47b44d86,10.0,3,2377769656,10,2,6144.0,96,12,6252.0,0.03179931640625,0.0008775398600846529,30.567331314086914,0.9697239398956299,0.1915963590145111,0.009155012739938684
oracle_gate,0840.png,e023c2b2628b7d897d69150baa40be6ceda9fe0e45a0d51348011c6a47b44d86,10.0,3,2377769656,11,3,7168.0,128,12,7308.0,0.03717041015625,0.0008757704636082053,30.57609748840332,0.9698276519775391,0.18946275115013123,0.009155012739938684
oracle_gate,0840.png,e023c2b2628b7d897d69150baa40be6ceda9fe0e45a0d51348011c6a47b44d86,10.0,3,2377769656,12,2,6144.0,96,12,6252.0,0.03179931640625,0.0008785193203948438,30.56248664855957,0.969598650932312,0.19193780422210693,0.008980852493550628
oracle_gate,0840.png,e023c2b2628b7d897d69150baa40be6ceda9fe0e45a0d51348011c6a47b44d86,10.0,3,2377769656,13,3,7168.0,128,12,7308.0,0.03717041015625,0.0008784643723629415,30.562761306762695,0.9696012735366821,0.18977347016334534,0.008980852493550628
oracle_gate,0840.png,e023c2b2628b7d897d69150baa40be6ceda9fe0e45a0d51348011c6a47b44d86,10.0,3,2377769656,14,3,7168.0,128,12,7308.0,0.03717041015625,0.0008748086402192712,30.580867767333984,0.9699141979217529,0.1909094601869583,0.008980852493550628
oracle_gate,0840.png,e023c2b2628b7d897d69150baa40be6ceda9fe0e45a0d51348011c6a47b44d86,10.0,3,2377769656,15,4,8192.0,160,12,8364.0,0.04254150390625,0.0008736904710531235,30.586423873901367,0.9699513912200928,0.18858249485492706,0.008980852493550628
oracle_gate,0841.png,0f46093cd84e7ee037d1ded8680f2f39583af5dadac0da580a3911ed482de285,10.0,0,239271241,0,0,4096.0,32,10,4138.0,0.021046956380208332,0.003042373340576887,25.167875289916992,0.946717381477356,0.2358303666114807,0.009095399247598834
oracle_gate,0841.png,0f46093cd84e7ee037d1ded8680f2f39583af5dadac0da580a3911ed482de285,10.0,0,239271241,1,1,5120.0,64,12,5196.0,0.02642822265625,0.0031069889664649963,25.076602935791016,0.9452720880508423,0.2406168282032013,0.009095399247598834
oracle_gate,0841.png,0f46093cd84e7ee037d1ded8680f2f39583af5dadac0da580a3911ed482de285,10.0,0,239271241,2,1,5120.0,64,12,5196.0,0.02642822265625,0.003093930659815669,25.094894409179688,0.9454385638237,0.23981256783008575,0.009095399247598834
oracle_gate,0841.png,0f46093cd84e7ee037d1ded8680f2f39583af5dadac0da580a3911ed482de285,10.0,0,239271241,3,2,6144.0,96,12,6252.0,0.03179931640625,0.0030885159503668547,25.102502822875977,0.9455088376998901,0.24010397493839264,0.009095399247598834
oracle_gate,0841.png,0f46093cd84e7ee037d1ded8680f2f39583af5dadac0da580a3911ed482de285,10.0,0,239271241,4,1,5120.0,64,12,5196.0,0.02642822265625,0.003108906326815486,25.073925018310547,0.9452407360076904,0.239894300699234,0.009400388749781996
oracle_gate,0841.png,0f46093cd84e7ee037d1ded8680f2f39583af5dadac0da580a3911ed482de285,10.0,0,239271241,5,2,6144.0,96,12,6252.0,0.03179931640625,0.003101848531514406,25.08379364013672,0.9455470442771912,0.23920753598213196,0.009400388749781996
oracle_gate,0841.png,0f46093cd84e7ee037d1ded8680f2f39583af5dadac0da580a3911ed482de285,10.0,0,239271241,6,2,6144.0,96,12,6252.0,0.03179931640625,0.003089364618062973,25.101308822631836,0.945591926574707,0.2397352010011673,0.009400388749781996
oracle_gate,0841.png,0f46093cd84e7ee037d1ded8680f2f39583af5dadac0da580a3911ed482de285,10.0,0,239271241,7,3,7168.0,128,12,7308.0,0.03717041015625,0.003083818359300494,25.109111785888672,0.9457651376724243,0.2385353446006775,0.009400388749781996
oracle_gate,0841.png,0f46093cd84e7ee037d1ded8680f2f39583af5dadac0da580a3911ed482de285,10.0,0,239271241,8,1,5120.0,64,12,5196.0,0.02642822265625,0.003099971916526556,25.086423873901367,0.9455205202102661,0.23940478265285492,0.00899561049300246
oracle_gate,0841.png,0f46093cd84e7ee037d1ded8680f2f39583af5dadac0da580a3911ed482de285,10.0,0,239271241,9,2,6144.0,96,12,6252.0,0.03179931640625,0.003093557432293892,25.095420837402344,0.9457195997238159,0.24004584550857544,0.00899561049300246
oracle_gate,0841.png,0f46093cd84e7ee037d1ded8680f2f39583af5dadac0da580a3911ed482de285,10.0,0,239271241,10,2,6144.0,96,12,6252.0,0.03179931640625,0.0030851855408400297,25.107189178466797,0.9457473754882812,0.2393036037683487,0.00899561049300246
oracle_gate,0841.png,0f46093cd84e7ee037d1ded8680f2f39583af5dadac0da580a3911ed482de285,10.0,0,239271241,11,3,7168.0,128,12,7308.0,0.03717041015625,0.0030800430104136467,25.114431381225586,0.9458127021789551,0.23946036398410797,0.00899561049300246
oracle_gate,0841.png,0f46093cd84e7ee037d1ded8680f2f39583af5dadac0da580a3911ed482de285,10.0,0,239271241,12,2,6144.0,96,12,6252.0,0.03179931640625,0.0031001712195575237,25.086145401000977,0.9454862475395203,0.2384989857673645,0.008757643503486179
oracle_gate,0841.png,0f46093cd84e7ee037d1ded8680f2f39583af5dadac0da580a3911ed482de285,10.0,0,239271241,13,3,7168.0,128,12,7308.0,0.03717041015625,0.0030934035312384367,25.09563446044922,0.94578617811203,0.2375316619873047,0.008757643503486179
oracle_gate,0841.png,0f46093cd84e7ee037d1ded8680f2f39583af5dadac0da580a3911ed482de285,10.0,0,239271241,14,3,7168.0,128,12,7308.0,0.03717041015625,0.0030855925288051367,25.106616973876953,0.9457084536552429,0.2381596714258194,0.008757643503486179
oracle_gate,0841.png,0f46093cd84e7ee037d1ded8680f2f39583af5dadac0da580a3911ed482de285,10.0,0,239271241,15,4,8192.0,160,12,8364.0,0.04254150390625,0.003080276772379875,25.11410140991211,0.9458751082420349,0.23685453832149506,0.008757643503486179
oracle_gate,0841.png,0f46093cd84e7ee037d1ded8680f2f39583af5dadac0da580a3911ed482de285,10.0,1,2118745829,0,0,4096.0,32,10,4138.0,0.021046956380208332,0.003102624323219061,25.08271026611328,0.9452414512634277,0.24004516005516052,0.009164112736470997
oracle_gate,0841.png,0f46093cd84e7ee037d1ded8680f2f39583af5dadac0da580a3911ed482de285,10.0,1,2118745829,1,1,5120.0,64,12,5196.0,0.02642822265625,0.0031383950263261795,25.03292465209961,0.9440237879753113,0.2441786378622055,0.009164112736470997
oracle_gate,0841.png,0f46093cd84e7ee037d1ded8680f2f39583af5dadac0da580a3911ed482de285,10.0,1,2118745829,2,1,5120.0,64,12,5196.0,0.02642822265625,0.00312390411272645,25.053024291992188,0.944307267665863,0.24412572383880615,0.009164112736470997
oracle_gate,0841.png,0f46093cd84e7ee037d1ded8680f2f39583af5dadac0da580a3911ed482de285,10.0,1,2118745829,3,2,6144.0,96,12,6252.0,0.03179931640625,0.003121335990726948,25.056594848632812,0.9443908929824829,0.24423500895500183,0.009164112736470997
oracle_gate,0841.png,0f46093cd84e7ee037d1ded8680f2f39583af5dadac0da580a3911ed482de285,10.0,1,2118745829,4,1,5120.0,64,12,5196.0,0.02642822265625,0.0031412679236382246,25.02895164489746,0.9440971612930298,0.24350206553936005,0.009512565506156534
oracle_gate,0841.png,0f46093cd84e7ee037d1ded8680f2f39583af5dadac0da580a3911ed482de285,10.0,1,2118745829,5,2,6144.0,96,12,6252.0,0.03179931640625,0.0031356383115053177,25.036739349365234,0.944330096244812,0.24248827993869781,0.009512565506156534
oracle_gate,0841.png,0f46093cd84e7ee037d1ded8680f2f39583af5dadac0da580a3911ed482de285,10.0,1,2118745829,6,2,6144.0,96,12,6252.0,0.03179931640625,0.003122687339782715,25.054718017578125,0.944436252117157,0.2437456250190735,0.009512565506156534
oracle_gate,0841.png,0f46093cd84e7ee037d1ded8680f2f39583af5dadac0da580a3911ed482de285,10.0,1,2118745829,7,3,7168.0,128,12,7308.0,0.03717041015625,0.003119180677458644,25.059595108032227,0.9446415901184082,0.24241676926612854,0.009512565506156534
oracle_gate,0841.png,0f46093cd84e7ee037d1ded8680f2f39583af5dadac0da580a3911ed482de285,10.0,1,2118745829,8,1,5120.0,64,12,5196.0,0.02642822265625,0.0031309244222939014,25.043275833129883,0.9443272352218628,0.24335454404354095,0.009151763253612444
oracle_gate,0841.png,0f46093cd84e7ee037d1ded8680f2f39583af5dadac0da580a3911ed482de285,10.0,1,2118745829,9,2,6144.0,96,12,6252.0,0.03179931640625,0.0031277737580239773,25.047645568847656,0.9444007277488708,0.24369898438453674,0.009151763253612444
oracle_gate,0841.png,0f46093cd84e7ee037d1ded8680f2f39583af5dadac0da580a3911ed482de285,10.0,1,2118745829,10,2,6144.0,96,12,6252.0,0.03179931640625,0.003115173429250717,25.06517791748047,0.9445962905883789,0.24324437975883484,0.009151763253612444
oracle_gate,0841.png,0f46093cd84e7ee037d1ded8680f2f39583af5dadac0da580a3911ed482de285,10.0,1,2118745829,11,3,7168.0,128,12,7308.0,0.03717041015625,0.003113773185759783,25.06713104248047,0.9446462392807007,0.2432205080986023,0.009151763253612444
oracle_gate,0841.png,0f46093cd84e7ee037d1ded8680f2f39583af5dadac0da580a3911ed482de285,10.0,1,2118745829,12,2,6144.0,96,12,6252.0,0.03179931640625,0.003133326768875122,25.039941787719727,0.944403886795044,0.24153608083724976,0.009466172501561232
oracle_gate,0841.png,0f46093cd84e7ee037d1ded8680f2f39583af5dadac0da580a3911ed482de285,10.0,1,2118745829,13,3,7168.0,128,12,7308.0,0.03717041015625,0.003128552343696356,25.046566009521484,0.9446260929107666,0.24033795297145844,0.009466172501561232
oracle_gate,0841.png,0f46093cd84e7ee037d1ded8680f2f39583af5dadac0da580a3911ed482de285,10.0,1,2118745829,14,3,7168.0,128,12,7308.0,0.03717041015625,0.0031177476048469543,25.06159210205078,0.9446721076965332,0.24108639359474182,0.009466172501561232
oracle_gate,0841.png,0f46093cd84e7ee037d1ded8680f2f39583af5dadac0da580a3911ed482de285,10.0,1,2118745829,15,4,8192.0,160,12,8364.0,0.04254150390625,0.0031148409470915794,25.065641403198242,0.9448635578155518,0.23976916074752808,0.009466172501561232
oracle_gate,0841.png,0f46093cd84e7ee037d1ded8680f2f39583af5dadac0da580a3911ed482de285,10.0,2,1904965592,0,0,4096.0,32,10,4138.0,0.021046956380208332,0.0030521838925778866,25.153892517089844,0.9462487697601318,0.24243667721748352,0.009376886737300083
oracle_gate,0841.png,0f46093cd84e7ee037d1ded8680f2f39583af5dadac0da580a3911ed482de285,10.0,2,1904965592,1,1,5120.0,64,12,5196.0,0.02642822265625,0.0031256130896508694,25.050649642944336,0.9450080394744873,0.2445806860923767,0.009376886737300083
oracle_gate,0841.png,0f46093cd84e7ee037d1ded8680f2f39583af5dadac0da580a3911ed482de285,10.0,2,1904965592,2,1,5120.0,64,12,5196.0,0.02642822265625,0.0031025982461869717,25.082744598388672,0.94549560546875,0.24613766372203827,0.009376886737300083
oracle_gate,0841.png,0f46093cd84e7ee037d1ded8680f2f39583af5dadac0da580a3911ed482de285,10.0,2,1904965592,3,2,6144.0,96,12,6252.0,0.03179931640625,0.0030864726286381483,25.105377197265625,0.9454439878463745,0.24608823657035828,0.009376886737300083
oracle_gate,0841.png,0f46093cd84e7ee037d1ded8680f2f39583af5dadac0da580a3911ed482de285,10.0,2,1904965592,4,1,5120.0,64,12,5196.0,0.02642822265625,0.0031609651632606983,25.001802444458008,0.9448897242546082,0.24450954794883728,0.009259393511456437
oracle_gate,0841.png,0f46093cd84e7ee037d1ded8680f2f39583af5dadac0da580a3911ed482de285,10.0,2,1904965592,5,2,6144.0,96,12,6252.0,0.03179931640625,0.0031219355296343565,25.055761337280273,0.9452967643737793,0.24311211705207825,0.009259393511456437
oracle_gate,0841.png,0f46093cd84e7ee037d1ded8680f2f39583af5dadac0da580a3911ed482de285,10.0,2,1904965592,6,2,6144.0,96,12,6252.0,0.03179931640625,0.0031030941754579544,25.082050323486328,0.9455059766769409,0.2460426241159439,0.009259393511456437
oracle_gate,0841.png,0f46093cd84e7ee037d1ded8680f2f39583af5dadac0da580a3911ed482de285,10.0,2,1904965592,7,3,7168.0,128,12,7308.0,0.03717041015625,0.003083053044974804,25.110191345214844,0.945701003074646,0.24456006288528442,0.009259393511456437
oracle_gate,0841.png,0f46093cd84e7ee037d1ded8680f2f39583af5dadac0da580a3911ed482de285,10.0,2,1904965592,8,1,5120.0,64,12,5196.0,0.02642822265625,0.003146722447127104,25.02141761779785,0.9449725151062012,0.24294689297676086,0.00940751600137446
oracle_gate,0841.png,0f46093cd84e7ee037d1ded8680f2f39583af5dadac0da580a3911ed482de285,10.0,2,1904965592,9,2,6144.0,96,12,6252.0,0.03179931640625,0.003112340811640024,25.069129943847656,0.9451157450675964,0.24303174018859863,0.00940751600137446
oracle_gate,0841.png,0f46093cd84e7ee037d1ded8680f2f39583af5dadac0da580a3911ed482de285,10.0,2,1904965592,10,2,6144.0,96,12,6252.0,0.03179931640625,0.003096814965829253,25.09084701538086,0.945445716381073,0.24534344673156738,0.00940751600137446
oracle_gate,0841.png,0f46093cd84e7ee037d1ded8680f2f39583af5dadac0da580a3911ed482de285,10.0,2,1904965592,11,3,7168.0,128,12,7308.0,0.03717041015625,0.0030812767799943686,25.112693786621094,0.9453762769699097,0.24535298347473145,0.00940751600137446
oracle_gate,0841.png,0f46093cd84e7ee037d1ded8680f2f39583af5dadac0da580a3911ed482de285,10.0,2,1904965592,12,2,6144.0,96,12,6252.0,0.03179931640625,0.0031510163098573685,25.01549530029297,0.9448921084403992,0.2426353245973587,0.009009194749523886
oracle_gate,0841.png,0f46093cd84e7ee037d1ded8680f2f39583af5dadac0da580a3911ed482de285,10.0,2,1904965592,13,3,7168.0,128,12,7308.0,0.03717041015625,0.0031129345297813416,25.068302154541016,0.9452656507492065,0.2412896603345871,0.009009194749523886
oracle_gate,0841.png,0f46093cd84e7ee037d1ded8680f2f39583af5dadac0da580a3911ed482de285,10.0,2,1904965592,14,3,7168.0,128,12,7308.0,0.03717041015625,0.0031016231514513493,25.0841121673584,0.9453445672988892,0.2450261116027832,0.009009194749523886
oracle_gate,0841.png,0f46093cd84e7ee037d1ded8680f2f39583af5dadac0da580a3911ed482de285,10.0,2,1904965592,15,4,8192.0,160,12,8364.0,0.04254150390625,0.0030819454696029425,25.111751556396484,0.9455245733261108,0.24356751143932343,0.009009194749523886
oracle_gate,0841.png,0f46093cd84e7ee037d1ded8680f2f39583af5dadac0da580a3911ed482de285,10.0,3,2556863872,0,0,4096.0,32,10,4138.0,0.021046956380208332,0.003082187846302986,25.111408233642578,0.9467540979385376,0.2311391830444336,0.009146703756414354
oracle_gate,0841.png,0f46093cd84e7ee037d1ded8680f2f39583af5dadac0da580a3911ed482de285,10.0,3,2556863872,1,1,5120.0,64,12,5196.0,0.02642822265625,0.0031431633979082108,25.026330947875977,0.9452009201049805,0.23424489796161652,0.009146703756414354
oracle_gate,0841.png,0f46093cd84e7ee037d1ded8680f2f39583af5dadac0da580a3911ed482de285,10.0,3,2556863872,2,1,5120.0,64,12,5196.0,0.02642822265625,0.0031352867372334003,25.037229537963867,0.9452610015869141,0.23195485770702362,0.009146703756414354
oracle_gate,0841.png,0f46093cd84e7ee037d1ded8680f2f39583af5dadac0da580a3911ed482de285,10.0,3,2556863872,3,2,6144.0,96,12,6252.0,0.03179931640625,0.0031244950369000435,25.052202224731445,0.9453636407852173,0.23353737592697144,0.009146703756414354
oracle_gate,0841.png,0f46093cd84e7ee037d1ded8680f2f39583af5dadac0da580a3911ed482de285,10.0,3,2556863872,4,1,5120.0,64,12,5196.0,0.02642822265625,0.00314840255305171,25.01909637451172,0.9451271295547485,0.2341299206018448,0.008921968503273092
oracle_gate,0841.png,0f46093cd84e7ee037d1ded8680f2f39583af5dadac0da580a3911ed482de285,10.0,3,2556863872,5,2,6144.0,96,12,6252.0,0.03179931640625,0.003135968465358019,25.036285400390625,0.9454726576805115,0.2346617877483368,0.008921968503273092
oracle_gate,0841.png,0f46093cd84e7ee037d1ded8680f2f39583af5dadac0da580a3911ed482de285,10.0,3,2556863872,6,2,6144.0,96,12,6252.0,0.03179931640625,0.003127221716567874,25.048416137695312,0.9453743696212769,0.2334875464439392,0.008921968503273092
oracle_gate,0841.png,0f46093cd84e7ee037d1ded8680f2f39583af5dadac0da580a3911ed482de285,10.0,3,2556863872,7,3,7168.0,128,12,7308.0,0.03717041015625,0.0031179008074104786,25.061378479003906,0.9456169009208679,0.23395666480064392,0.008921968503273092
oracle_gate,0841.png,0f46093cd84e7ee037d1ded8680f2f39583af5dadac0da580a3911ed482de285,10.0,3,2556863872,8,1,5120.0,64,12,5196.0,0.02642822265625,0.0031480835750699043,25.01953887939453,0.9449052810668945,0.23180188238620758,0.009008541004732251
oracle_gate,0841.png,0f46093cd84e7ee037d1ded8680f2f39583af5dadac0da580a3911ed482de285,10.0,3,2556863872,9,2,6144.0,96,12,6252.0,0.03179931640625,0.003134664846584201,25.038089752197266,0.9450868368148804,0.23362500965595245,0.009008541004732251
oracle_gate,0841.png,0f46093cd84e7ee037d1ded8680f2f39583af5dadac0da580a3911ed482de285,10.0,3,2556863872,10,2,6144.0,96,12,6252.0,0.03179931640625,0.003127520903944969,25.047998428344727,0.9452382922172546,0.23121869564056396,0.009008541004732251
oracle_gate,0841.png,0f46093cd84e7ee037d1ded8680f2f39583af5dadac0da580a3911ed482de285,10.0,3,2556863872,11,3,7168.0,128,12,7308.0,0.03717041015625,0.003117591142654419,25.061809539794922,0.9452852606773376,0.2329009771347046,0.009008541004732251
oracle_gate,0841.png,0f46093cd84e7ee037d1ded8680f2f39583af5dadac0da580a3911ed482de285,10.0,3,2556863872,12,2,6144.0,96,12,6252.0,0.03179931640625,0.0031433291733264923,25.02610206604004,0.944983184337616,0.23241513967514038,0.00960077199852094
oracle_gate,0841.png,0f46093cd84e7ee037d1ded8680f2f39583af5dadac0da580a3911ed482de285,10.0,3,2556863872,13,3,7168.0,128,12,7308.0,0.03717041015625,0.003131762845441699,25.042112350463867,0.9453088641166687,0.2329917550086975,0.00960077199852094
oracle_gate,0841.png,0f46093cd84e7ee037d1ded8680f2f39583af5dadac0da580a3911ed482de285,10.0,3,2556863872,14,3,7168.0,128,12,7308.0,0.03717041015625,0.003123996779322624,25.052892684936523,0.9452676177024841,0.23178397119045258,0.00960077199852094
oracle_gate,0841.png,0f46093cd84e7ee037d1ded8680f2f39583af5dadac0da580a3911ed482de285,10.0,3,2556863872,15,4,8192.0,160,12,8364.0,0.04254150390625,0.0031150325667113066,25.06537437438965,0.9454964399337769,0.2323039025068283,0.00960077199852094
oracle_gate,0842.png,c6ec845abfd696fcf5f39beadb8632ecc56ac8416318a9dbb27c4c4d294aa592,10.0,0,1863200646,0,0,4096.0,32,10,4138.0,0.021046956380208332,0.0005530448979698122,32.5723991394043,0.9748661518096924,0.2832832634449005,0.009370494255563244
oracle_gate,0842.png,c6ec845abfd696fcf5f39beadb8632ecc56ac8416318a9dbb27c4c4d294aa592,10.0,0,1863200646,1,1,5120.0,64,12,5196.0,0.02642822265625,0.0005669830134138465,32.464298248291016,0.9736737012863159,0.27856945991516113,0.009370494255563244
oracle_gate,0842.png,c6ec845abfd696fcf5f39beadb8632ecc56ac8416318a9dbb27c4c4d294aa592,10.0,0,1863200646,2,1,5120.0,64,12,5196.0,0.02642822265625,0.0005688493838533759,32.45002746582031,0.9734269380569458,0.281660795211792,0.009370494255563244
oracle_gate,0842.png,c6ec845abfd696fcf5f39beadb8632ecc56ac8416318a9dbb27c4c4d294aa592,10.0,0,1863200646,3,2,6144.0,96,12,6252.0,0.03179931640625,0.0005630230298265815,32.4947395324707,0.9739134311676025,0.281130313873291,0.009370494255563244
oracle_gate,0842.png,c6ec845abfd696fcf5f39beadb8632ecc56ac8416318a9dbb27c4c4d294aa592,10.0,0,1863200646,4,1,5120.0,64,12,5196.0,0.02642822265625,0.0005689378594979644,32.4493522644043,0.9734897613525391,0.2836292088031769,0.009005709493067116
oracle_gate,0842.png,c6ec845abfd696fcf5f39beadb8632ecc56ac8416318a9dbb27c4c4d294aa592,10.0,0,1863200646,5,2,6144.0,96,12,6252.0,0.03179931640625,0.0005630883388221264,32.49423599243164,0.9739639163017273,0.28026533126831055,0.009005709493067116
oracle_gate,0842.png,c6ec845abfd696fcf5f39beadb8632ecc56ac8416318a9dbb27c4c4d294aa592,10.0,0,1863200646,6,2,6144.0,96,12,6252.0,0.03179931640625,0.000565524329431355,32.475486755371094,0.9737434387207031,0.28446274995803833,0.009005709493067116
oracle_gate,0842.png,c6ec845abfd696fcf5f39beadb8632ecc56ac8416318a9dbb27c4c4d294aa592,10.0,0,1863200646,7,3,7168.0,128,12,7308.0,0.03717041015625,0.0005589687498286366,32.526126861572266,0.974273145198822,0.2827686667442322,0.009005709493067116
oracle_gate,0842.png,c6ec845abfd696fcf5f39beadb8632ecc56ac8416318a9dbb27c4c4d294aa592,10.0,0,1863200646,8,1,5120.0,64,12,5196.0,0.02642822265625,0.0005673488485626876,32.46150207519531,0.9735435247421265,0.2819375693798065,0.009339162992546335
oracle_gate,0842.png,c6ec845abfd696fcf5f39beadb8632ecc56ac8416318a9dbb27c4c4d294aa592,10.0,0,1863200646,9,2,6144.0,96,12,6252.0,0.03179931640625,0.0005622694734483957,32.50055694580078,0.9739686846733093,0.2796042263507843,0.009339162992546335
oracle_gate,0842.png,c6ec845abfd696fcf5f39beadb8632ecc56ac8416318a9dbb27c4c4d294aa592,10.0,0,1863200646,10,2,6144.0,96,12,6252.0,0.03179931640625,0.0005648897495120764,32.48036193847656,0.9737672805786133,0.2822244167327881,0.009339162992546335
oracle_gate,0842.png,c6ec845abfd696fcf5f39beadb8632ecc56ac8416318a9dbb27c4c4d294aa592,10.0,0,1863200646,11,3,7168.0,128,12,7308.0,0.03717041015625,0.0005591600202023983,32.52463912963867,0.97422194480896,0.28158432245254517,0.009339162992546335
oracle_gate,0842.png,c6ec845abfd696fcf5f39beadb8632ecc56ac8416318a9dbb27c4c4d294aa592,10.0,0,1863200646,12,2,6144.0,96,12,6252.0,0.03179931640625,0.0005646045319736004,32.48255920410156,0.9738065600395203,0.28428882360458374,0.00924999249400571
oracle_gate,0842.png,c6ec845abfd696fcf5f39beadb8632ecc56ac8416318a9dbb27c4c4d294aa592,10.0,0,1863200646,13,3,7168.0,128,12,7308.0,0.03717041015625,0.0005588429048657417,32.527103424072266,0.9742685556411743,0.2809651792049408,0.00924999249400571
oracle_gate,0842.png,c6ec845abfd696fcf5f39beadb8632ecc56ac8416318a9dbb27c4c4d294aa592,10.0,0,1863200646,14,3,7168.0,128,12,7308.0,0.03717041015625,0.0005620423471555114,32.50231170654297,0.9740127325057983,0.28464895486831665,0.00924999249400571
oracle_gate,0842.png,c6ec845abfd696fcf5f39beadb8632ecc56ac8416318a9dbb27c4c4d294aa592,10.0,0,1863200646,15,4,8192.0,160,12,8364.0,0.04254150390625,0.0005556032992899418,32.55235290527344,0.9745278358459473,0.2828153669834137,0.00924999249400571
oracle_gate,0842.png,c6ec845abfd696fcf5f39beadb8632ecc56ac8416318a9dbb27c4c4d294aa592,10.0,1,2237339271,0,0,4096.0,32,10,4138.0,0.021046956380208332,0.0005569783388637006,32.54161834716797,0.9746561050415039,0.27495163679122925,0.009072440501768142
oracle_gate,0842.png,c6ec845abfd696fcf5f39beadb8632ecc56ac8416318a9dbb27c4c4d294aa592,10.0,1,2237339271,1,1,5120.0,64,12,5196.0,0.02642822265625,0.0005680433241650462,32.45618438720703,0.973691463470459,0.2690833806991577,0.009072440501768142
oracle_gate,0842.png,c6ec845abfd696fcf5f39beadb8632ecc56ac8416318a9dbb27c4c4d294aa592,10.0,1,2237339271,2,1,5120.0,64,12,5196.0,0.02642822265625,0.0005681962938979268,32.45501708984375,0.9735540151596069,0.2704647183418274,0.009072440501768142
oracle_gate,0842.png,c6ec845abfd696fcf5f39beadb8632ecc56ac8416318a9dbb27c4c4d294aa592,10.0,1,2237339271,3,2,6144.0,96,12,6252.0,0.03179931640625,0.0005639800219796598,32.48736572265625,0.9740233421325684,0.2702985405921936,0.009072440501768142
oracle_gate,0842.png,c6ec845abfd696fcf5f39beadb8632ecc56ac8416318a9dbb27c4c4d294aa592,10.0,1,2237339271,4,1,5120.0,64,12,5196.0,0.02642822265625,0.0005691652768291533,32.44761657714844,0.9734692573547363,0.271986186504364,0.008951983749284409
oracle_gate,0842.png,c6ec845abfd696fcf5f39beadb8632ecc56ac8416318a9dbb27c4c4d294aa592,10.0,1,2237339271,5,2,6144.0,96,12,6252.0,0.03179931640625,0.0005661165341734886,32.470943450927734,0.9738526344299316,0.2705371677875519,0.008951983749284409
oracle_gate,0842.png,c6ec845abfd696fcf5f39beadb8632ecc56ac8416318a9dbb27c4c4d294aa592,10.0,1,2237339271,6,2,6144.0,96,12,6252.0,0.03179931640625,0.0005665172357112169,32.467872619628906,0.9737390279769897,0.27221381664276123,0.008951983749284409
oracle_gate,0842.png,c6ec845abfd696fcf5f39beadb8632ecc56ac8416318a9dbb27c4c4d294aa592,10.0,1,2237339271,7,3,7168.0,128,12,7308.0,0.03717041015625,0.000561968598049134,32.50288009643555,0.974153995513916,0.2718369662761688,0.008951983749284409
oracle_gate,0842.png,c6ec845abfd696fcf5f39beadb8632ecc56ac8416318a9dbb27c4c4d294aa592,10.0,1,2237339271,8,1,5120.0,64,12,5196.0,0.02642822265625,0.000567504670470953,32.46030807495117,0.9735035300254822,0.2736063599586487,0.009258051490178332
oracle_gate,0842.png,c6ec845abfd696fcf5f39beadb8632ecc56ac8416318a9dbb27c4c4d294aa592,10.0,1,2237339271,9,2,6144.0,96,12,6252.0,0.03179931640625,0.0005647499347105622,32.48143768310547,0.9739059209823608,0.272258460521698,0.009258051490178332
oracle_gate,0842.png,c6ec845abfd696fcf5f39beadb8632ecc56ac8416318a9dbb27c4c4d294aa592,10.0,1,2237339271,10,2,6144.0,96,12,6252.0,0.03179931640625,0.0005660182214342058,32.47169876098633,0.9737059473991394,0.27303168177604675,0.009258051490178332
oracle_gate,0842.png,c6ec845abfd696fcf5f39beadb8632ecc56ac8416318a9dbb27c4c4d294aa592,10.0,1,2237339271,11,3,7168.0,128,12,7308.0,0.03717041015625,0.0005618853028863668,32.50352478027344,0.9741365313529968,0.272743821144104,0.009258051490178332
oracle_gate,0842.png,c6ec845abfd696fcf5f39beadb8632ecc56ac8416318a9dbb27c4c4d294aa592,10.0,1,2237339271,12,2,6144.0,96,12,6252.0,0.03179931640625,0.0005668382509611547,32.46540832519531,0.9736754298210144,0.2746311128139496,0.009372679502121173
oracle_gate,0842.png,c6ec845abfd696fcf5f39beadb8632ecc56ac8416318a9dbb27c4c4d294aa592,10.0,1,2237339271,13,3,7168.0,128,12,7308.0,0.03717041015625,0.0005638664588332176,32.48823928833008,0.9740523099899292,0.273100882768631,0.009372679502121173
oracle_gate,0842.png,c6ec845abfd696fcf5f39beadb8632ecc56ac8416318a9dbb27c4c4d294aa592,10.0,1,2237339271,14,3,7168.0,128,12,7308.0,0.03717041015625,0.0005653150728903711,32.47709655761719,0.9738959670066833,0.27410024404525757,0.009372679502121173
oracle_gate,0842.png,c6ec845abfd696fcf5f39beadb8632ecc56ac8416318a9dbb27c4c4d294aa592,10.0,1,2237339271,15,4,8192.0,160,12,8364.0,0.04254150390625,0.0005608852370642126,32.511260986328125,0.9742920398712158,0.27368083596229553,0.009372679502121173
oracle_gate,0842.png,c6ec845abfd696fcf5f39beadb8632ecc56ac8416318a9dbb27c4c4d294aa592,10.0,2,2791214586,0,0,4096.0,32,10,4138.0,0.021046956380208332,0.0005512739298865199,32.586326599121094,0.9749011993408203,0.27979886531829834,0.008500052252202295
oracle_gate,0842.png,c6ec845abfd696fcf5f39beadb8632ecc56ac8416318a9dbb27c4c4d294aa592,10.0,2,2791214586,1,1,5120.0,64,12,5196.0,0.02642822265625,0.0005668461672030389,32.46535110473633,0.973819375038147,0.27509334683418274,0.008500052252202295
oracle_gate,0842.png,c6ec845abfd696fcf5f39beadb8632ecc56ac8416318a9dbb27c4c4d294aa592,10.0,2,2791214586,2,1,5120.0,64,12,5196.0,0.02642822265625,0.0005679640453308821,32.45679473876953,0.9737481474876404,0.2774747908115387,0.008500052252202295
oracle_gate,0842.png,c6ec845abfd696fcf5f39beadb8632ecc56ac8416318a9dbb27c4c4d294aa592,10.0,2,2791214586,3,2,6144.0,96,12,6252.0,0.03179931640625,0.0005630766972899437,32.49432373046875,0.9741201400756836,0.27623647451400757,0.008500052252202295
oracle_gate,0842.png,c6ec845abfd696fcf5f39beadb8632ecc56ac8416318a9dbb27c4c4d294aa592,10.0,2,2791214586,4,1,5120.0,64,12,5196.0,0.02642822265625,0.0005682130577042699,32.45488739013672,0.9737659692764282,0.278680682182312,0.005566321997321211
oracle_gate,0842.png,c6ec845abfd696fcf5f39beadb8632ecc56ac8416318a9dbb27c4c4d294aa592,10.0,2,2791214586,5,2,6144.0,96,12,6252.0,0.03179931640625,0.0005637907888740301,32.48881912231445,0.9741126894950867,0.27663975954055786,0.005566321997321211
oracle_gate,0842.png,c6ec845abfd696fcf5f39beadb8632ecc56ac8416318a9dbb27c4c4d294aa592,10.0,2,2791214586,6,2,6144.0,96,12,6252.0,0.03179931640625,0.0005650357343256474,32.47924041748047,0.9740354418754578,0.2797718346118927,0.005566321997321211
oracle_gate,0842.png,c6ec845abfd696fcf5f39beadb8632ecc56ac8416318a9dbb27c4c4d294aa592,10.0,2,2791214586,7,3,7168.0,128,12,7308.0,0.03717041015625,0.0005598852294497192,32.519012451171875,0.974393367767334,0.2776997983455658,0.005566321997321211
oracle_gate,0842.png,c6ec845abfd696fcf5f39beadb8632ecc56ac8416318a9dbb27c4c4d294aa592,10.0,2,2791214586,8,1,5120.0,64,12,5196.0,0.02642822265625,0.0005693339044228196,32.44633102416992,0.9738401770591736,0.27859705686569214,0.009609433749574237
oracle_gate,0842.png,c6ec845abfd696fcf5f39beadb8632ecc56ac8416318a9dbb27c4c4d294aa592,10.0,2,2791214586,9,2,6144.0,96,12,6252.0,0.03179931640625,0.000565214257221669,32.47787094116211,0.9741072654724121,0.2771326005458832,0.009609433749574237
oracle_gate,0842.png,c6ec845abfd696fcf5f39beadb8632ecc56ac8416318a9dbb27c4c4d294aa592,10.0,2,2791214586,10,2,6144.0,96,12,6252.0,0.03179931640625,0.0005662463372573256,32.469947814941406,0.9739583730697632,0.2790040075778961,0.009609433749574237
oracle_gate,0842.png,c6ec845abfd696fcf5f39beadb8632ecc56ac8416318a9dbb27c4c4d294aa592,10.0,2,2791214586,11,3,7168.0,128,12,7308.0,0.03717041015625,0.0005615022964775562,32.50648498535156,0.9743267893791199,0.2776040732860565,0.009609433749574237
oracle_gate,0842.png,c6ec845abfd696fcf5f39beadb8632ecc56ac8416318a9dbb27c4c4d294aa592,10.0,2,2791214586,12,2,6144.0,96,12,6252.0,0.03179931640625,0.0005649237427860498,32.4801025390625,0.9740502238273621,0.2801925837993622,0.009107689751544967
oracle_gate,0842.png,c6ec845abfd696fcf5f39beadb8632ecc56ac8416318a9dbb27c4c4d294aa592,10.0,2,2791214586,13,3,7168.0,128,12,7308.0,0.03717041015625,0.0005605760379694402,32.51365280151367,0.9743461608886719,0.27804121375083923,0.009107689751544967
oracle_gate,0842.png,c6ec845abfd696fcf5f39beadb8632ecc56ac8416318a9dbb27c4c4d294aa592,10.0,2,2791214586,14,3,7168.0,128,12,7308.0,0.03717041015625,0.0005617971182800829,32.50420379638672,0.9742287397384644,0.2805154621601105,0.009107689751544967
oracle_gate,0842.png,c6ec845abfd696fcf5f39beadb8632ecc56ac8416318a9dbb27c4c4d294aa592,10.0,2,2791214586,15,4,8192.0,160,12,8364.0,0.04254150390625,0.0005567963235080242,32.54303741455078,0.9745831489562988,0.2785206139087677,0.009107689751544967
oracle_gate,0842.png,c6ec845abfd696fcf5f39beadb8632ecc56ac8416318a9dbb27c4c4d294aa592,10.0,3,2161303700,0,0,4096.0,32,10,4138.0,0.021046956380208332,0.0005549683119170368,32.55731964111328,0.9747611284255981,0.2715110778808594,0.009533671996905468
oracle_gate,0842.png,c6ec845abfd696fcf5f39beadb8632ecc56ac8416318a9dbb27c4c4d294aa592,10.0,3,2161303700,1,1,5120.0,64,12,5196.0,0.02642822265625,0.0005699526518583298,32.441612243652344,0.9737595915794373,0.26963549852371216,0.009533671996905468
oracle_gate,0842.png,c6ec845abfd696fcf5f39beadb8632ecc56ac8416318a9dbb27c4c4d294aa592,10.0,3,2161303700,2,1,5120.0,64,12,5196.0,0.02642822265625,0.0005727988318540156,32.419979095458984,0.9735731482505798,0.2699566185474396,0.009533671996905468
oracle_gate,0842.png,c6ec845abfd696fcf5f39beadb8632ecc56ac8416318a9dbb27c4c4d294aa592,10.0,3,2161303700,3,2,6144.0,96,12,6252.0,0.03179931640625,0.0005670620012097061,32.46369552612305,0.973953902721405,0.2696042060852051,0.009533671996905468
oracle_gate,0842.png,c6ec845abfd696fcf5f39beadb8632ecc56ac8416318a9dbb27c4c4d294aa592,10.0,3,2161303700,4,1,5120.0,64,12,5196.0,0.02642822265625,0.0005724243237636983,32.422821044921875,0.9735435843467712,0.27412843704223633,0.009170835750410333
oracle_gate,0842.png,c6ec845abfd696fcf5f39beadb8632ecc56ac8416318a9dbb27c4c4d294aa592,10.0,3,2161303700,5,2,6144.0,96,12,6252.0,0.03179931640625,0.000566701521165669,32.46645736694336,0.9739992022514343,0.2714248299598694,0.009170835750410333
oracle_gate,0842.png,c6ec845abfd696fcf5f39beadb8632ecc56ac8416318a9dbb27c4c4d294aa592,10.0,3,2161303700,6,2,6144.0,96,12,6252.0,0.03179931640625,0.0005700667970813811,32.44074249267578,0.9737541079521179,0.27236226201057434,0.009170835750410333
oracle_gate,0842.png,c6ec845abfd696fcf5f39beadb8632ecc56ac8416318a9dbb27c4c4d294aa592,10.0,3,2161303700,7,3,7168.0,128,12,7308.0,0.03717041015625,0.0005636678542941809,32.489768981933594,0.9741772413253784,0.2712368965148926,0.009170835750410333
oracle_gate,0842.png,c6ec845abfd696fcf5f39beadb8632ecc56ac8416318a9dbb27c4c4d294aa592,10.0,3,2161303700,8,1,5120.0,64,12,5196.0,0.02642822265625,0.0005745268426835537,32.406898498535156,0.973556399345398,0.27343305945396423,0.00945782000781037
oracle_gate,0842.png,c6ec845abfd696fcf5f39beadb8632ecc56ac8416318a9dbb27c4c4d294aa592,10.0,3,2161303700,9,2,6144.0,96,12,6252.0,0.03179931640625,0.0005694228457286954,32.44565200805664,0.9739035367965698,0.2711886167526245,0.00945782000781037
oracle_gate,0842.png,c6ec845abfd696fcf5f39beadb8632ecc56ac8416318a9dbb27c4c4d294aa592,10.0,3,2161303700,10,2,6144.0,96,12,6252.0,0.03179931640625,0.0005725044757127762,32.422210693359375,0.9737447500228882,0.2712264657020569,0.00945782000781037
oracle_gate,0842.png,c6ec845abfd696fcf5f39beadb8632ecc56ac8416318a9dbb27c4c4d294aa592,10.0,3,2161303700,11,3,7168.0,128,12,7308.0,0.03717041015625,0.0005667760269716382,32.46588897705078,0.9740971326828003,0.2707328498363495,0.00945782000781037
oracle_gate,0842.png,c6ec845abfd696fcf5f39beadb8632ecc56ac8416318a9dbb27c4c4d294aa592,10.0,3,2161303700,12,2,6144.0,96,12,6252.0,0.03179931640625,0.0005708057433366776,32.435115814208984,0.9737473726272583,0.27528053522109985,0.00914364650088828
oracle_gate,0842.png,c6ec845abfd696fcf5f39beadb8632ecc56ac8416318a9dbb27c4c4d294aa592,10.0,3,2161303700,13,3,7168.0,128,12,7308.0,0.03717041015625,0.0005651405081152916,32.47843551635742,0.9741112589836121,0.2724461257457733,0.00914364650088828
oracle_gate,0842.png,c6ec845abfd696fcf5f39beadb8632ecc56ac8416318a9dbb27c4c4d294aa592,10.0,3,2161303700,14,3,7168.0,128,12,7308.0,0.03717041015625,0.0005687003722414374,32.451168060302734,0.973897397518158,0.27307283878326416,0.00914364650088828
oracle_gate,0842.png,c6ec845abfd696fcf5f39beadb8632ecc56ac8416318a9dbb27c4c4d294aa592,10.0,3,2161303700,15,4,8192.0,160,12,8364.0,0.04254150390625,0.0005623703473247588,32.49977493286133,0.9743110537528992,0.2718961238861084,0.00914364650088828
oracle_gate,0843.png,3ef88e17c711156a52ef8c7385f01b364ade64bb0d90938debfc4b454e0d1e06,10.0,0,4155319217,0,0,4096.0,32,10,4138.0,0.021046956380208332,0.0006523987976834178,31.854869842529297,0.9868759512901306,0.08355256915092468,0.009728315257234499
oracle_gate,0843.png,3ef88e17c711156a52ef8c7385f01b364ade64bb0d90938debfc4b454e0d1e06,10.0,0,4155319217,1,1,5120.0,64,12,5196.0,0.02642822265625,0.0006706906715407968,31.73477554321289,0.9865041971206665,0.08398141711950302,0.009728315257234499
oracle_gate,0843.png,3ef88e17c711156a52ef8c7385f01b364ade64bb0d90938debfc4b454e0d1e06,10.0,0,4155319217,2,1,5120.0,64,12,5196.0,0.02642822265625,0.000671369198244065,31.73038673400879,0.9865073561668396,0.08382692188024521,0.009728315257234499
oracle_gate,0843.png,3ef88e17c711156a52ef8c7385f01b364ade64bb0d90938debfc4b454e0d1e06,10.0,0,4155319217,3,2,6144.0,96,12,6252.0,0.03179931640625,0.0006702195387333632,31.737831115722656,0.9864527583122253,0.08350969851016998,0.009728315257234499
oracle_gate,0843.png,3ef88e17c711156a52ef8c7385f01b364ade64bb0d90938debfc4b454e0d1e06,10.0,0,4155319217,4,1,5120.0,64,12,5196.0,0.02642822265625,0.0006637242622673512,31.78012466430664,0.9867462515830994,0.08390691131353378,0.008872667996911332
oracle_gate,0843.png,3ef88e17c711156a52ef8c7385f01b364ade64bb0d90938debfc4b454e0d1e06,10.0,0,4155319217,5,2,6144.0,96,12,6252.0,0.03179931640625,0.0006602121866308153,31.80316734313965,0.9867163896560669,0.0836363136768341,0.008872667996911332
oracle_gate,0843.png,3ef88e17c711156a52ef8c7385f01b364ade64bb0d90938debfc4b454e0d1e06,10.0,0,4155319217,6,2,6144.0,96,12,6252.0,0.03179931640625,0.000663071172311902,31.784399032592773,0.9866757392883301,0.08357971161603928,0.008872667996911332
oracle_gate,0843.png,3ef88e17c711156a52ef8c7385f01b364ade64bb0d90938debfc4b454e0d1e06,10.0,0,4155319217,7,3,7168.0,128,12,7308.0,0.03717041015625,0.0006596104940399528,31.807125091552734,0.9866796731948853,0.08316954225301743,0.008872667996911332
oracle_gate,0843.png,3ef88e17c711156a52ef8c7385f01b364ade64bb0d90938debfc4b454e0d1e06,10.0,0,4155319217,8,1,5120.0,64,12,5196.0,0.02642822265625,0.0006662292289547622,31.763763427734375,0.9866845607757568,0.08420023322105408,0.009743383750901558
oracle_gate,0843.png,3ef88e17c711156a52ef8c7385f01b364ade64bb0d90938debfc4b454e0d1e06,10.0,0,4155319217,9,2,6144.0,96,12,6252.0,0.03179931640625,0.0006642213556915522,31.776870727539062,0.9866176843643188,0.08400827646255493,0.009743383750901558
oracle_gate,0843.png,3ef88e17c711156a52ef8c7385f01b364ade64bb0d90938debfc4b454e0d1e06,10.0,0,4155319217,10,2,6144.0,96,12,6252.0,0.03179931640625,0.0006652219453826547,31.770334243774414,0.986629843711853,0.08389445394277573,0.009743383750901558
oracle_gate,0843.png,3ef88e17c711156a52ef8c7385f01b364ade64bb0d90938debfc4b454e0d1e06,10.0,0,4155319217,11,3,7168.0,128,12,7308.0,0.03717041015625,0.0006632815930061042,31.78302001953125,0.9865962862968445,0.08356133103370667,0.009743383750901558
oracle_gate,0843.png,3ef88e17c711156a52ef8c7385f01b364ade64bb0d90938debfc4b454e0d1e06,10.0,0,4155319217,12,2,6144.0,96,12,6252.0,0.03179931640625,0.0006620205822400749,31.79128646850586,0.9867643117904663,0.0840255469083786,0.00873653699818533
oracle_gate,0843.png,3ef88e17c711156a52ef8c7385f01b364ade64bb0d90938debfc4b454e0d1e06,10.0,0,4155319217,13,3,7168.0,128,12,7308.0,0.03717041015625,0.000658149947412312,31.81675148010254,0.9867464900016785,0.0837627723813057,0.00873653699818533
oracle_gate,0843.png,3ef88e17c711156a52ef8c7385f01b364ade64bb0d90938debfc4b454e0d1e06,10.0,0,4155319217,14,3,7168.0,128,12,7308.0,0.03717041015625,0.0006608557887375355,31.798933029174805,0.9867138266563416,0.0837256908416748,0.00873653699818533
oracle_gate,0843.png,3ef88e17c711156a52ef8c7385f01b364ade64bb0d90938debfc4b454e0d1e06,10.0,0,4155319217,15,4,8192.0,160,12,8364.0,0.04254150390625,0.000657383119687438,31.821815490722656,0.9867228269577026,0.08332410454750061,0.00873653699818533
oracle_gate,0843.png,3ef88e17c711156a52ef8c7385f01b364ade64bb0d90938debfc4b454e0d1e06,10.0,1,2316047004,0,0,4096.0,32,10,4138.0,0.021046956380208332,0.0006503419717773795,31.868581771850586,0.9870493412017822,0.08818890154361725,0.009886465006275102
oracle_gate,0843.png,3ef88e17c711156a52ef8c7385f01b364ade64bb0d90938debfc4b454e0d1e06,10.0,1,2316047004,1,1,5120.0,64,12,5196.0,0.02642822265625,0.0006747836014255881,31.708354949951172,0.986546516418457,0.08876293897628784,0.009886465006275102
oracle_gate,0843.png,3ef88e17c711156a52ef8c7385f01b364ade64bb0d90938debfc4b454e0d1e06,10.0,1,2316047004,2,1,5120.0,64,12,5196.0,0.02642822265625,0.0006743822013959289,31.710939407348633,0.9866733551025391,0.08905785530805588,0.009886465006275102
oracle_gate,0843.png,3ef88e17c711156a52ef8c7385f01b364ade64bb0d90938debfc4b454e0d1e06,10.0,1,2316047004,3,2,6144.0,96,12,6252.0,0.03179931640625,0.0006740636890754104,31.71299171447754,0.9866163730621338,0.08837109059095383,0.009886465006275102
oracle_gate,0843.png,3ef88e17c711156a52ef8c7385f01b364ade64bb0d90938debfc4b454e0d1e06,10.0,1,2316047004,4,1,5120.0,64,12,5196.0,0.02642822265625,0.0006657292833551764,31.767024993896484,0.9868049621582031,0.08880668878555298,0.008889538745279424
oracle_gate,0843.png,3ef88e17c711156a52ef8c7385f01b364ade64bb0d90938debfc4b454e0d1e06,10.0,1,2316047004,5,2,6144.0,96,12,6252.0,0.03179931640625,0.0006633005104959011,31.78289794921875,0.9868053197860718,0.08832069486379623,0.008889538745279424
oracle_gate,0843.png,3ef88e17c711156a52ef8c7385f01b364ade64bb0d90938debfc4b454e0d1e06,10.0,1,2316047004,6,2,6144.0,96,12,6252.0,0.03179931640625,0.0006650054128840566,31.771747589111328,0.9868780970573425,0.0886373519897461,0.008889538745279424
oracle_gate,0843.png,3ef88e17c711156a52ef8c7385f01b364ade64bb0d90938debfc4b454e0d1e06,10.0,1,2316047004,7,3,7168.0,128,12,7308.0,0.03717041015625,0.0006627360126003623,31.78659439086914,0.9868712425231934,0.08795453608036041,0.008889538745279424
oracle_gate,0843.png,3ef88e17c711156a52ef8c7385f01b364ade64bb0d90938debfc4b454e0d1e06,10.0,1,2316047004,8,1,5120.0,64,12,5196.0,0.02642822265625,0.0006681418744847178,31.751312255859375,0.986727237701416,0.0892084538936615,0.009312965252320282
oracle_gate,0843.png,3ef88e17c711156a52ef8c7385f01b364ade64bb0d90938debfc4b454e0d1e06,10.0,1,2316047004,9,2,6144.0,96,12,6252.0,0.03179931640625,0.0006674813339486718,31.7556095123291,0.9866899251937866,0.08872897177934647,0.009312965252320282
oracle_gate,0843.png,3ef88e17c711156a52ef8c7385f01b364ade64bb0d90938debfc4b454e0d1e06,10.0,1,2316047004,10,2,6144.0,96,12,6252.0,0.03179931640625,0.0006667029811069369,31.760677337646484,0.98684161901474,0.08907061070203781,0.009312965252320282
oracle_gate,0843.png,3ef88e17c711156a52ef8c7385f01b364ade64bb0d90938debfc4b454e0d1e06,10.0,1,2316047004,11,3,7168.0,128,12,7308.0,0.03717041015625,0.0006660395301878452,31.76500129699707,0.986797034740448,0.08839868009090424,0.009312965252320282
oracle_gate,0843.png,3ef88e17c711156a52ef8c7385f01b364ade64bb0d90938debfc4b454e0d1e06,10.0,1,2316047004,12,2,6144.0,96,12,6252.0,0.03179931640625,0.0006616897881031036,31.79345703125,0.9868766665458679,0.0888093039393425,0.009191207500407472
oracle_gate,0843.png,3ef88e17c711156a52ef8c7385f01b364ade64bb0d90938debfc4b454e0d1e06,10.0,1,2316047004,13,3,7168.0,128,12,7308.0,0.03717041015625,0.0006593816797249019,31.80863380432129,0.9868731498718262,0.08833732455968857,0.009191207500407472
oracle_gate,0843.png,3ef88e17c711156a52ef8c7385f01b364ade64bb0d90938debfc4b454e0d1e06,10.0,1,2316047004,14,3,7168.0,128,12,7308.0,0.03717041015625,0.000660295132547617,31.8026180267334,0.9869846701622009,0.08865872025489807,0.009191207500407472
oracle_gate,0843.png,3ef88e17c711156a52ef8c7385f01b364ade64bb0d90938debfc4b454e0d1e06,10.0,1,2316047004,15,4,8192.0,160,12,8364.0,0.04254150390625,0.0006580720655620098,31.8172664642334,0.9869793653488159,0.08799637854099274,0.009191207500407472
oracle_gate,0843.png,3ef88e17c711156a52ef8c7385f01b364ade64bb0d90938debfc4b454e0d1e06,10.0,2,1992064348,0,0,4096.0,32,10,4138.0,0.021046956380208332,0.0006314050988294184,31.996919631958008,0.9872764945030212,0.08264739066362381,0.00928883274900727
oracle_gate,0843.png,3ef88e17c711156a52ef8c7385f01b364ade64bb0d90938debfc4b454e0d1e06,10.0,2,1992064348,1,1,5120.0,64,12,5196.0,0.02642822265625,0.0006558272871188819,31.83210563659668,0.9868046045303345,0.08331713080406189,0.00928883274900727
oracle_gate,0843.png,3ef88e17c711156a52ef8c7385f01b364ade64bb0d90938debfc4b454e0d1e06,10.0,2,1992064348,2,1,5120.0,64,12,5196.0,0.02642822265625,0.0006521671894006431,31.856412887573242,0.9869290590286255,0.08353668451309204,0.00928883274900727
oracle_gate,0843.png,3ef88e17c711156a52ef8c7385f01b364ade64bb0d90938debfc4b454e0d1e06,10.0,2,1992064348,3,2,6144.0,96,12,6252.0,0.03179931640625,0.0006542489863932133,31.842571258544922,0.9868444204330444,0.08292511850595474,0.00928883274900727
oracle_gate,0843.png,3ef88e17c711156a52ef8c7385f01b364ade64bb0d90938debfc4b454e0d1e06,10.0,2,1992064348,4,1,5120.0,64,12,5196.0,0.02642822265625,0.0006465686019510031,31.89385414123535,0.9870206713676453,0.08366437256336212,0.009106931494898163
oracle_gate,0843.png,3ef88e17c711156a52ef8c7385f01b364ade64bb0d90938debfc4b454e0d1e06,10.0,2,1992064348,5,2,6144.0,96,12,6252.0,0.03179931640625,0.0006463141180574894,31.89556312561035,0.9869649410247803,0.08311032503843307,0.009106931494898163
oracle_gate,0843.png,3ef88e17c711156a52ef8c7385f01b364ade64bb0d90938debfc4b454e0d1e06,10.0,2,1992064348,6,2,6144.0,96,12,6252.0,0.03179931640625,0.0006452315719798207,31.90284538269043,0.9870571494102478,0.08339525014162064,0.009106931494898163
oracle_gate,0843.png,3ef88e17c711156a52ef8c7385f01b364ade64bb0d90938debfc4b454e0d1e06,10.0,2,1992064348,7,3,7168.0,128,12,7308.0,0.03717041015625,0.0006450723158195615,31.903915405273438,0.9869992136955261,0.08273434638977051,0.009106931494898163
oracle_gate,0843.png,3ef88e17c711156a52ef8c7385f01b364ade64bb0d90938debfc4b454e0d1e06,10.0,2,1992064348,8,1,5120.0,64,12,5196.0,0.02642822265625,0.0006465995102189481,31.893646240234375,0.9869793653488159,0.08364243060350418,0.009272641254938208
oracle_gate,0843.png,3ef88e17c711156a52ef8c7385f01b364ade64bb0d90938debfc4b454e0d1e06,10.0,2,1992064348,9,2,6144.0,96,12,6252.0,0.03179931640625,0.0006484686164185405,31.88111114501953,0.9869062900543213,0.08318612724542618,0.009272641254938208
oracle_gate,0843.png,3ef88e17c711156a52ef8c7385f01b364ade64bb0d90938debfc4b454e0d1e06,10.0,2,1992064348,10,2,6144.0,96,12,6252.0,0.03179931640625,0.0006452118395827711,31.902978897094727,0.9870121479034424,0.08345187455415726,0.009272641254938208
oracle_gate,0843.png,3ef88e17c711156a52ef8c7385f01b364ade64bb0d90938debfc4b454e0d1e06,10.0,2,1992064348,11,3,7168.0,128,12,7308.0,0.03717041015625,0.0006471803644672036,31.889745712280273,0.9869329929351807,0.08287262916564941,0.009272641254938208
oracle_gate,0843.png,3ef88e17c711156a52ef8c7385f01b364ade64bb0d90938debfc4b454e0d1e06,10.0,2,1992064348,12,2,6144.0,96,12,6252.0,0.03179931640625,0.0006419697892852128,31.924856185913086,0.9870754480361938,0.08340790867805481,0.009405169257661328
oracle_gate,0843.png,3ef88e17c711156a52ef8c7385f01b364ade64bb0d90938debfc4b454e0d1e06,10.0,2,1992064348,13,3,7168.0,128,12,7308.0,0.03717041015625,0.0006418264820240438,31.925823211669922,0.987015426158905,0.08287636935710907,0.009405169257661328
oracle_gate,0843.png,3ef88e17c711156a52ef8c7385f01b364ade64bb0d90938debfc4b454e0d1e06,10.0,2,1992064348,14,3,7168.0,128,12,7308.0,0.03717041015625,0.0006407646578736603,31.93301773071289,0.9870978593826294,0.0832134410738945,0.009405169257661328
oracle_gate,0843.png,3ef88e17c711156a52ef8c7385f01b364ade64bb0d90938debfc4b454e0d1e06,10.0,2,1992064348,15,4,8192.0,160,12,8364.0,0.04254150390625,0.0006407113978639245,31.93337631225586,0.987038254737854,0.08257278054952621,0.009405169257661328
oracle_gate,0843.png,3ef88e17c711156a52ef8c7385f01b364ade64bb0d90938debfc4b454e0d1e06,10.0,3,2656692836,0,0,4096.0,32,10,4138.0,0.021046956380208332,0.0006532829720526934,31.848987579345703,0.9869221448898315,0.08504866063594818,0.009728460747282952
oracle_gate,0843.png,3ef88e17c711156a52ef8c7385f01b364ade64bb0d90938debfc4b454e0d1e06,10.0,3,2656692836,1,1,5120.0,64,12,5196.0,0.02642822265625,0.0006796197849325836,31.67734146118164,0.9863943457603455,0.08513395488262177,0.009728460747282952
oracle_gate,0843.png,3ef88e17c711156a52ef8c7385f01b364ade64bb0d90938debfc4b454e0d1e06,10.0,3,2656692836,2,1,5120.0,64,12,5196.0,0.02642822265625,0.0006775121437385678,31.690828323364258,0.9864394664764404,0.08564460277557373,0.009728460747282952
oracle_gate,0843.png,3ef88e17c711156a52ef8c7385f01b364ade64bb0d90938debfc4b454e0d1e06,10.0,3,2656692836,3,2,6144.0,96,12,6252.0,0.03179931640625,0.0006768183084204793,31.695280075073242,0.986484944820404,0.08517622202634811,0.009728460747282952
oracle_gate,0843.png,3ef88e17c711156a52ef8c7385f01b364ade64bb0d90938debfc4b454e0d1e06,10.0,3,2656692836,4,1,5120.0,64,12,5196.0,0.02642822265625,0.0006692322785966098,31.744232177734375,0.986542820930481,0.08533331751823425,0.009076167247258127
oracle_gate,0843.png,3ef88e17c711156a52ef8c7385f01b364ade64bb0d90938debfc4b454e0d1e06,10.0,3,2656692836,5,2,6144.0,96,12,6252.0,0.03179931640625,0.0006653957534581423,31.769201278686523,0.9866111278533936,0.08499935269355774,0.009076167247258127
oracle_gate,0843.png,3ef88e17c711156a52ef8c7385f01b364ade64bb0d90938debfc4b454e0d1e06,10.0,3,2656692836,6,2,6144.0,96,12,6252.0,0.03179931640625,0.0006664781831204891,31.762142181396484,0.9865943789482117,0.08558066189289093,0.009076167247258127
oracle_gate,0843.png,3ef88e17c711156a52ef8c7385f01b364ade64bb0d90938debfc4b454e0d1e06,10.0,3,2656692836,7,3,7168.0,128,12,7308.0,0.03717041015625,0.0006628060946241021,31.786134719848633,0.986698567867279,0.0850425511598587,0.009076167247258127
oracle_gate,0843.png,3ef88e17c711156a52ef8c7385f01b364ade64bb0d90938debfc4b454e0d1e06,10.0,3,2656692836,8,1,5120.0,64,12,5196.0,0.02642822265625,0.000674352515488863,31.711132049560547,0.9864984750747681,0.08586715906858444,0.009466253759455867
oracle_gate,0843.png,3ef88e17c711156a52ef8c7385f01b364ade64bb0d90938debfc4b454e0d1e06,10.0,3,2656692836,9,2,6144.0,96,12,6252.0,0.03179931640625,0.0006733397021889687,31.717660903930664,0.986506462097168,0.0855845957994461,0.009466253759455867
oracle_gate,0843.png,3ef88e17c711156a52ef8c7385f01b364ade64bb0d90938debfc4b454e0d1e06,10.0,3,2656692836,10,2,6144.0,96,12,6252.0,0.03179931640625,0.0006725943530909717,31.72246742248535,0.9865338206291199,0.08609569072723389,0.009466253759455867
oracle_gate,0843.png,3ef88e17c711156a52ef8c7385f01b364ade64bb0d90938debfc4b454e0d1e06,10.0,3,2656692836,11,3,7168.0,128,12,7308.0,0.03717041015625,0.0006716037169098854,31.72886848449707,0.9865877032279968,0.08559359610080719,0.009466253759455867
oracle_gate,0843.png,3ef88e17c711156a52ef8c7385f01b364ade64bb0d90938debfc4b454e0d1e06,10.0,3,2656692836,12,2,6144.0,96,12,6252.0,0.03179931640625,0.0006663714302703738,31.76283836364746,0.9866040945053101,0.08574789762496948,0.009103531250730157
oracle_gate,0843.png,3ef88e17c711156a52ef8c7385f01b364ade64bb0d90938debfc4b454e0d1e06,10.0,3,2656692836,13,3,7168.0,128,12,7308.0,0.03717041015625,0.0006626396207138896,31.7872257232666,0.9866684675216675,0.0853891596198082,0.009103531250730157
oracle_gate,0843.png,3ef88e17c711156a52ef8c7385f01b364ade64bb0d90938debfc4b454e0d1e06,10.0,3,2656692836,14,3,7168.0,128,12,7308.0,0.03717041015625,0.000664669438265264,31.773944854736328,0.9866435527801514,0.08595169335603714,0.009103531250730157
oracle_gate,0843.png,3ef88e17c711156a52ef8c7385f01b364ade64bb0d90938debfc4b454e0d1e06,10.0,3,2656692836,15,4,8192.0,160,12,8364.0,0.04254150390625,0.0006611493299715221,31.797006607055664,0.986743688583374,0.08541365712881088,0.009103531250730157
oracle_gate,0844.png,93da0f98885573c518891c5eb6004818436ae36cf1ed894cfef853e131d9d86d,10.0,0,1189934178,0,0,4096.0,32,10,4138.0,0.021046956380208332,7.297351839952171e-05,41.36834716796875,0.9995474815368652,0.026036042720079422,0.009146372249233536
oracle_gate,0844.png,93da0f98885573c518891c5eb6004818436ae36cf1ed894cfef853e131d9d86d,10.0,0,1189934178,1,1,5120.0,64,12,5196.0,0.02642822265625,7.36771326046437e-05,41.3266716003418,0.9984755516052246,0.029229234904050827,0.009146372249233536
oracle_gate,0844.png,93da0f98885573c518891c5eb6004818436ae36cf1ed894cfef853e131d9d86d,10.0,0,1189934178,2,1,5120.0,64,12,5196.0,0.02642822265625,7.487894617952406e-05,41.256404876708984,0.9986039400100708,0.030341582372784615,0.009146372249233536
oracle_gate,0844.png,93da0f98885573c518891c5eb6004818436ae36cf1ed894cfef853e131d9d86d,10.0,0,1189934178,3,2,6144.0,96,12,6252.0,0.03179931640625,7.306655606953427e-05,41.362815856933594,0.9987936019897461,0.028981322422623634,0.009146372249233536
oracle_gate,0844.png,93da0f98885573c518891c5eb6004818436ae36cf1ed894cfef853e131d9d86d,10.0,0,1189934178,4,1,5120.0,64,12,5196.0,0.02642822265625,7.386170909740031e-05,41.3158073425293,0.9986283183097839,0.02893294021487236,0.008772062006755732
oracle_gate,0844.png,93da0f98885573c518891c5eb6004818436ae36cf1ed894cfef853e131d9d86d,10.0,0,1189934178,5,2,6144.0,96,12,6252.0,0.03179931640625,7.238605758175254e-05,41.40345001220703,0.998857855796814,0.027489103376865387,0.008772062006755732
oracle_gate,0844.png,93da0f98885573c518891c5eb6004818436ae36cf1ed894cfef853e131d9d86d,10.0,0,1189934178,6,2,6144.0,96,12,6252.0,0.03179931640625,7.291684596566483e-05,41.37172317504883,0.9988722205162048,0.029164064675569534,0.008772062006755732
oracle_gate,0844.png,93da0f98885573c518891c5eb6004818436ae36cf1ed894cfef853e131d9d86d,10.0,0,1189934178,7,3,7168.0,128,12,7308.0,0.03717041015625,7.265021849889308e-05,41.387630462646484,0.9991573691368103,0.02737172320485115,0.008772062006755732
oracle_gate,0844.png,93da0f98885573c518891c5eb6004818436ae36cf1ed894cfef853e131d9d86d,10.0,0,1189934178,8,1,5120.0,64,12,5196.0,0.02642822265625,7.416890002787113e-05,41.29778289794922,0.9984846115112305,0.029541604220867157,0.00968430150533095
oracle_gate,0844.png,93da0f98885573c518891c5eb6004818436ae36cf1ed894cfef853e131d9d86d,10.0,0,1189934178,9,2,6144.0,96,12,6252.0,0.03179931640625,7.220170664368197e-05,41.414527893066406,0.9986385107040405,0.028649691492319107,0.00968430150533095
oracle_gate,0844.png,93da0f98885573c518891c5eb6004818436ae36cf1ed894cfef853e131d9d86d,10.0,0,1189934178,10,2,6144.0,96,12,6252.0,0.03179931640625,7.372336403932422e-05,41.323951721191406,0.9987761378288269,0.029589282348752022,0.00968430150533095
oracle_gate,0844.png,93da0f98885573c518891c5eb6004818436ae36cf1ed894cfef853e131d9d86d,10.0,0,1189934178,11,3,7168.0,128,12,7308.0,0.03717041015625,7.295288378372788e-05,41.36957550048828,0.9989387392997742,0.028317280113697052,0.00968430150533095
oracle_gate,0844.png,93da0f98885573c518891c5eb6004818436ae36cf1ed894cfef853e131d9d86d,10.0,0,1189934178,12,2,6144.0,96,12,6252.0,0.03179931640625,7.211581396404654e-05,41.41969680786133,0.998815655708313,0.028285831212997437,0.009189387754304335
oracle_gate,0844.png,93da0f98885573c518891c5eb6004818436ae36cf1ed894cfef853e131d9d86d,10.0,0,1189934178,13,3,7168.0,128,12,7308.0,0.03717041015625,7.153156184358522e-05,41.45502471923828,0.9990658760070801,0.026927392929792404,0.009189387754304335
oracle_gate,0844.png,93da0f98885573c518891c5eb6004818436ae36cf1ed894cfef853e131d9d86d,10.0,0,1189934178,14,3,7168.0,128,12,7308.0,0.03717041015625,7.246270251926035e-05,41.39885330200195,0.9990536570549011,0.02837025374174118,0.009189387754304335
oracle_gate,0844.png,93da0f98885573c518891c5eb6004818436ae36cf1ed894cfef853e131d9d86d,10.0,0,1189934178,15,4,8192.0,160,12,8364.0,0.04254150390625,7.320019358303398e-05,41.35487365722656,0.9993462562561035,0.02675054594874382,0.009189387754304335
oracle_gate,0844.png,93da0f98885573c518891c5eb6004818436ae36cf1ed894cfef853e131d9d86d,10.0,1,2959117183,0,0,4096.0,32,10,4138.0,0.021046956380208332,6.85426639392972e-05,41.6403923034668,0.9994863271713257,0.029403723776340485,0.009029235749039799
oracle_gate,0844.png,93da0f98885573c518891c5eb6004818436ae36cf1ed894cfef853e131d9d86d,10.0,1,2959117183,1,1,5120.0,64,12,5196.0,0.02642822265625,7.62602940085344e-05,41.17702102661133,0.9982317686080933,0.03297248110175133,0.009029235749039799
oracle_gate,0844.png,93da0f98885573c518891c5eb6004818436ae36cf1ed894cfef853e131d9d86d,10.0,1,2959117183,2,1,5120.0,64,12,5196.0,0.02642822265625,7.927090337034315e-05,41.00886535644531,0.998131275177002,0.0349949486553669,0.009029235749039799
oracle_gate,0844.png,93da0f98885573c518891c5eb6004818436ae36cf1ed894cfef853e131d9d86d,10.0,1,2959117183,3,2,6144.0,96,12,6252.0,0.03179931640625,7.423349597956985e-05,41.294002532958984,0.9985267519950867,0.03287613391876221,0.009029235749039799
oracle_gate,0844.png,93da0f98885573c518891c5eb6004818436ae36cf1ed894cfef853e131d9d86d,10.0,1,2959117183,4,1,5120.0,64,12,5196.0,0.02642822265625,7.817381992936134e-05,41.06938934326172,0.9982870817184448,0.033183809369802475,0.008922120250645094
oracle_gate,0844.png,93da0f98885573c518891c5eb6004818436ae36cf1ed894cfef853e131d9d86d,10.0,1,2959117183,5,2,6144.0,96,12,6252.0,0.03179931640625,7.294306851690635e-05,41.37015914916992,0.9987058639526367,0.03101814165711403,0.008922120250645094
oracle_gate,0844.png,93da0f98885573c518891c5eb6004818436ae36cf1ed894cfef853e131d9d86d,10.0,1,2959117183,6,2,6144.0,96,12,6252.0,0.03179931640625,7.54149368731305e-05,41.22542953491211,0.9985542297363281,0.03364010155200958,0.008922120250645094
oracle_gate,0844.png,93da0f98885573c518891c5eb6004818436ae36cf1ed894cfef853e131d9d86d,10.0,1,2959117183,7,3,7168.0,128,12,7308.0,0.03717041015625,7.159524102462456e-05,41.45115661621094,0.9989670515060425,0.030982550233602524,0.008922120250645094
oracle_gate,0844.png,93da0f98885573c518891c5eb6004818436ae36cf1ed894cfef853e131d9d86d,10.0,1,2959117183,8,1,5120.0,64,12,5196.0,0.02642822265625,7.963529060361907e-05,40.98894500732422,0.9980801939964294,0.03364800661802292,0.009092070744372904
oracle_gate,0844.png,93da0f98885573c518891c5eb6004818436ae36cf1ed894cfef853e131d9d86d,10.0,1,2959117183,9,2,6144.0,96,12,6252.0,0.03179931640625,7.407739758491516e-05,41.30314254760742,0.998435378074646,0.03205984830856323,0.009092070744372904
oracle_gate,0844.png,93da0f98885573c518891c5eb6004818436ae36cf1ed894cfef853e131d9d86d,10.0,1,2959117183,10,2,6144.0,96,12,6252.0,0.03179931640625,7.699646812397987e-05,41.135292053222656,0.9983794689178467,0.03397177532315254,0.009092070744372904
oracle_gate,0844.png,93da0f98885573c518891c5eb6004818436ae36cf1ed894cfef853e131d9d86d,10.0,1,2959117183,11,3,7168.0,128,12,7308.0,0.03717041015625,7.288619963219389e-05,41.37355041503906,0.9987024068832397,0.03192531317472458,0.009092070744372904
oracle_gate,0844.png,93da0f98885573c518891c5eb6004818436ae36cf1ed894cfef853e131d9d86d,10.0,1,2959117183,12,2,6144.0,96,12,6252.0,0.03179931640625,7.552363240392879e-05,41.219173431396484,0.9985243678092957,0.032215505838394165,0.009234470242518
oracle_gate,0844.png,93da0f98885573c518891c5eb6004818436ae36cf1ed894cfef853e131d9d86d,10.0,1,2959117183,13,3,7168.0,128,12,7308.0,0.03717041015625,7.114114123396575e-05,41.478797912597656,0.9990026354789734,0.0301130972802639,0.009234470242518
oracle_gate,0844.png,93da0f98885573c518891c5eb6004818436ae36cf1ed894cfef853e131d9d86d,10.0,1,2959117183,14,3,7168.0,128,12,7308.0,0.03717041015625,7.365329656749964e-05,41.32808303833008,0.9987772703170776,0.03262899070978165,0.009234470242518
oracle_gate,0844.png,93da0f98885573c518891c5eb6004818436ae36cf1ed894cfef853e131d9d86d,10.0,1,2959117183,15,4,8192.0,160,12,8364.0,0.04254150390625,7.074695895425975e-05,41.50292205810547,0.9992713928222656,0.029949259012937546,0.009234470242518
oracle_gate,0844.png,93da0f98885573c518891c5eb6004818436ae36cf1ed894cfef853e131d9d86d,10.0,2,2366493768,0,0,4096.0,32,10,4138.0,0.021046956380208332,6.673742609564215e-05,41.756309509277344,0.9995248317718506,0.025988783687353134,0.009891294495901093
oracle_gate,0844.png,93da0f98885573c518891c5eb6004818436ae36cf1ed894cfef853e131d9d86d,10.0,2,2366493768,1,1,5120.0,64,12,5196.0,0.02642822265625,7.658313552383333e-05,41.15867233276367,0.9985982775688171,0.029448702931404114,0.009891294495901093
oracle_gate,0844.png,93da0f98885573c518891c5eb6004818436ae36cf1ed894cfef853e131d9d86d,10.0,2,2366493768,2,1,5120.0,64,12,5196.0,0.02642822265625,7.660478877369314e-05,41.157440185546875,0.9985156059265137,0.030218593776226044,0.009891294495901093
oracle_gate,0844.png,93da0f98885573c518891c5eb6004818436ae36cf1ed894cfef853e131d9d86d,10.0,2,2366493768,3,2,6144.0,96,12,6252.0,0.03179931640625,7.266912143677473e-05,41.386505126953125,0.9988561868667603,0.02882157266139984,0.009891294495901093
oracle_gate,0844.png,93da0f98885573c518891c5eb6004818436ae36cf1ed894cfef853e131d9d86d,10.0,2,2366493768,4,1,5120.0,64,12,5196.0,0.02642822265625,7.946243567857891e-05,40.998382568359375,0.9985349178314209,0.02958095446228981,0.009095737506868318
oracle_gate,0844.png,93da0f98885573c518891c5eb6004818436ae36cf1ed894cfef853e131d9d86d,10.0,2,2366493768,5,2,6144.0,96,12,6252.0,0.03179931640625,7.508878479711711e-05,41.24424743652344,0.998866081237793,0.028116198256611824,0.009095737506868318
oracle_gate,0844.png,93da0f98885573c518891c5eb6004818436ae36cf1ed894cfef853e131d9d86d,10.0,2,2366493768,6,2,6144.0,96,12,6252.0,0.03179931640625,7.485663809347898e-05,41.2577018737793,0.998775839805603,0.029210321605205536,0.009095737506868318
oracle_gate,0844.png,93da0f98885573c518891c5eb6004818436ae36cf1ed894cfef853e131d9d86d,10.0,2,2366493768,7,3,7168.0,128,12,7308.0,0.03717041015625,7.170033495640382e-05,41.444793701171875,0.9991068840026855,0.027491502463817596,0.009095737506868318
oracle_gate,0844.png,93da0f98885573c518891c5eb6004818436ae36cf1ed894cfef853e131d9d86d,10.0,2,2366493768,8,1,5120.0,64,12,5196.0,0.02642822265625,7.677324902033433e-05,41.14789962768555,0.9984544515609741,0.030047819018363953,0.0090618364920374
oracle_gate,0844.png,93da0f98885573c518891c5eb6004818436ae36cf1ed894cfef853e131d9d86d,10.0,2,2366493768,9,2,6144.0,96,12,6252.0,0.03179931640625,7.227963942568749e-05,41.40983963012695,0.9987289309501648,0.028927303850650787,0.0090618364920374
oracle_gate,0844.png,93da0f98885573c518891c5eb6004818436ae36cf1ed894cfef853e131d9d86d,10.0,2,2366493768,10,2,6144.0,96,12,6252.0,0.03179931640625,7.25429126759991e-05,41.394046783447266,0.9987097978591919,0.029470253735780716,0.0090618364920374
oracle_gate,0844.png,93da0f98885573c518891c5eb6004818436ae36cf1ed894cfef853e131d9d86d,10.0,2,2366493768,11,3,7168.0,128,12,7308.0,0.03717041015625,6.937444413779303e-05,41.58800506591797,0.9989859461784363,0.02806605026125908,0.0090618364920374
oracle_gate,0844.png,93da0f98885573c518891c5eb6004818436ae36cf1ed894cfef853e131d9d86d,10.0,2,2366493768,12,2,6144.0,96,12,6252.0,0.03179931640625,7.469027332263067e-05,41.26736068725586,0.9987295866012573,0.028953809291124344,0.008842697250656784
oracle_gate,0844.png,93da0f98885573c518891c5eb6004818436ae36cf1ed894cfef853e131d9d86d,10.0,2,2366493768,13,3,7168.0,128,12,7308.0,0.03717041015625,7.095692126313224e-05,41.49005126953125,0.9990299940109253,0.027494113892316818,0.008842697250656784
oracle_gate,0844.png,93da0f98885573c518891c5eb6004818436ae36cf1ed894cfef853e131d9d86d,10.0,2,2366493768,14,3,7168.0,128,12,7308.0,0.03717041015625,7.108171848813072e-05,41.482425689697266,0.9989427328109741,0.02838003635406494,0.008842697250656784
oracle_gate,0844.png,93da0f98885573c518891c5eb6004818436ae36cf1ed894cfef853e131d9d86d,10.0,2,2366493768,15,4,8192.0,160,12,8364.0,0.04254150390625,6.878319982206449e-05,41.62517547607422,0.9992516040802002,0.026727883145213127,0.008842697250656784
oracle_gate,0844.png,93da0f98885573c518891c5eb6004818436ae36cf1ed894cfef853e131d9d86d,10.0,3,3291790482,0,0,4096.0,32,10,4138.0,0.021046956380208332,6.45933105261065e-05,41.89812469482422,0.9993836283683777,0.02666737139225006,0.00923996749042999
oracle_gate,0844.png,93da0f98885573c518891c5eb6004818436ae36cf1ed894cfef853e131d9d86d,10.0,3,3291790482,1,1,5120.0,64,12,5196.0,0.02642822265625,7.900405762484297e-05,41.02350616455078,0.9982213973999023,0.031186819076538086,0.00923996749042999
oracle_gate,0844.png,93da0f98885573c518891c5eb6004818436ae36cf1ed894cfef853e131d9d86d,10.0,3,3291790482,2,1,5120.0,64,12,5196.0,0.02642822265625,7.809948874637485e-05,41.073516845703125,0.9983817934989929,0.032267842441797256,0.00923996749042999
oracle_gate,0844.png,93da0f98885573c518891c5eb6004818436ae36cf1ed894cfef853e131d9d86d,10.0,3,3291790482,3,2,6144.0,96,12,6252.0,0.03179931640625,7.388938684016466e-05,41.31418228149414,0.9986140131950378,0.030300524085760117,0.00923996749042999
oracle_gate,0844.png,93da0f98885573c518891c5eb6004818436ae36cf1ed894cfef853e131d9d86d,10.0,3,3291790482,4,1,5120.0,64,12,5196.0,0.02642822265625,8.122083090711385e-05,40.903324127197266,0.9981646537780762,0.031478073447942734,0.009413231993676163
oracle_gate,0844.png,93da0f98885573c518891c5eb6004818436ae36cf1ed894cfef853e131d9d86d,10.0,3,3291790482,5,2,6144.0,96,12,6252.0,0.03179931640625,7.631089101778343e-05,41.17413330078125,0.9985566139221191,0.029649866744875908,0.009413231993676163
oracle_gate,0844.png,93da0f98885573c518891c5eb6004818436ae36cf1ed894cfef853e131d9d86d,10.0,3,3291790482,6,2,6144.0,96,12,6252.0,0.03179931640625,7.492772419936955e-05,41.253578186035156,0.9985744953155518,0.031142357736825943,0.009413231993676163
oracle_gate,0844.png,93da0f98885573c518891c5eb6004818436ae36cf1ed894cfef853e131d9d86d,10.0,3,3291790482,7,3,7168.0,128,12,7308.0,0.03717041015625,7.178216037573293e-05,41.43983840942383,0.998978853225708,0.028838805854320526,0.009413231993676163
oracle_gate,0844.png,93da0f98885573c518891c5eb6004818436ae36cf1ed894cfef853e131d9d86d,10.0,3,3291790482,8,1,5120.0,64,12,5196.0,0.02642822265625,8.025873830774799e-05,40.955078125,0.9981054067611694,0.031944066286087036,0.009181291999993846
oracle_gate,0844.png,93da0f98885573c518891c5eb6004818436ae36cf1ed894cfef853e131d9d86d,10.0,3,3291790482,9,2,6144.0,96,12,6252.0,0.03179931640625,7.493828888982534e-05,41.252967834472656,0.9983816146850586,0.030436299741268158,0.009181291999993846
oracle_gate,0844.png,93da0f98885573c518891c5eb6004818436ae36cf1ed894cfef853e131d9d86d,10.0,3,3291790482,10,2,6144.0,96,12,6252.0,0.03179931640625,7.436575106112286e-05,41.28627395629883,0.9985181093215942,0.031176265329122543,0.009181291999993846
oracle_gate,0844.png,93da0f98885573c518891c5eb6004818436ae36cf1ed894cfef853e131d9d86d,10.0,3,3291790482,11,3,7168.0,128,12,7308.0,0.03717041015625,7.10148669895716e-05,41.486507415771484,0.9987034797668457,0.029207883402705193,0.009181291999993846
oracle_gate,0844.png,93da0f98885573c518891c5eb6004818436ae36cf1ed894cfef853e131d9d86d,10.0,3,3291790482,12,2,6144.0,96,12,6252.0,0.03179931640625,7.703524170210585e-05,41.13311004638672,0.9983958005905151,0.030638379976153374,0.00914875275339
oracle_gate,0844.png,93da0f98885573c518891c5eb6004818436ae36cf1ed894cfef853e131d9d86d,10.0,3,3291790482,13,3,7168.0,128,12,7308.0,0.03717041015625,7.274561357917264e-05,41.38193130493164,0.9987651705741882,0.028848394751548767,0.00914875275339
oracle_gate,0844.png,93da0f98885573c518891c5eb6004818436ae36cf1ed894cfef853e131d9d86d,10.0,3,3291790482,14,3,7168.0,128,12,7308.0,0.03717041015625,7.183787238318473e-05,41.436466217041016,0.9987730979919434,0.029959194362163544,0.00914875275339
oracle_gate,0844.png,93da0f98885573c518891c5eb6004818436ae36cf1ed894cfef853e131d9d86d,10.0,3,3291790482,15,4,8192.0,160,12,8364.0,0.04254150390625,6.954892887733877e-05,41.57709503173828,0.9991272687911987,0.02772834338247776,0.00914875275339
oracle_gate,0845.png,35416e153d4ffd1f83df1502dca371db2059e818b72c1e3a95fb9a9266b59172,10.0,0,2501478600,0,0,4096.0,32,10,4138.0,0.021046956380208332,0.00014646317868027836,38.34271240234375,0.9862236976623535,0.34582802653312683,0.009712858241982758
oracle_gate,0845.png,35416e153d4ffd1f83df1502dca371db2059e818b72c1e3a95fb9a9266b59172,10.0,0,2501478600,1,1,5120.0,64,12,5196.0,0.02642822265625,0.00011703313793987036,39.31691360473633,0.9860409498214722,0.3454207479953766,0.009712858241982758
oracle_gate,0845.png,35416e153d4ffd1f83df1502dca371db2059e818b72c1e3a95fb9a9266b59172,10.0,0,2501478600,2,1,5120.0,64,12,5196.0,0.02642822265625,0.00011706380610121414,39.315773010253906,0.9859888553619385,0.3457701504230499,0.009712858241982758
oracle_gate,0845.png,35416e153d4ffd1f83df1502dca371db2059e818b72c1e3a95fb9a9266b59172,10.0,0,2501478600,3,2,6144.0,96,12,6252.0,0.03179931640625,0.00011727125092875212,39.308082580566406,0.9859471321105957,0.34593847393989563,0.009712858241982758
oracle_gate,0845.png,35416e153d4ffd1f83df1502dca371db2059e818b72c1e3a95fb9a9266b59172,10.0,0,2501478600,4,1,5120.0,64,12,5196.0,0.02642822265625,0.00011591505608521402,39.35860061645508,0.9859356880187988,0.34543144702911377,0.009139807007159106
oracle_gate,0845.png,35416e153d4ffd1f83df1502dca371db2059e818b72c1e3a95fb9a9266b59172,10.0,0,2501478600,5,2,6144.0,96,12,6252.0,0.03179931640625,0.00011505708971526474,39.390865325927734,0.9860998392105103,0.3451199233531952,0.009139807007159106
oracle_gate,0845.png,35416e153d4ffd1f83df1502dca371db2059e818b72c1e3a95fb9a9266b59172,10.0,0,2501478600,6,2,6144.0,96,12,6252.0,0.03179931640625,0.00011510297190397978,39.38913345336914,0.9861030578613281,0.3456287980079651,0.009139807007159106
oracle_gate,0845.png,35416e153d4ffd1f83df1502dca371db2059e818b72c1e3a95fb9a9266b59172,10.0,0,2501478600,7,3,7168.0,128,12,7308.0,0.03717041015625,0.00011955806985497475,39.224212646484375,0.9860042333602905,0.3456222414970398,0.009139807007159106
oracle_gate,0845.png,35416e153d4ffd1f83df1502dca371db2059e818b72c1e3a95fb9a9266b59172,10.0,0,2501478600,8,1,5120.0,64,12,5196.0,0.02642822265625,0.00011621458543231711,39.34739303588867,0.9859759211540222,0.34569841623306274,0.009152205500868149
oracle_gate,0845.png,35416e153d4ffd1f83df1502dca371db2059e818b72c1e3a95fb9a9266b59172,10.0,0,2501478600,9,2,6144.0,96,12,6252.0,0.03179931640625,0.00011501903645694256,39.392303466796875,0.9860796928405762,0.34551239013671875,0.009152205500868149
oracle_gate,0845.png,35416e153d4ffd1f83df1502dca371db2059e818b72c1e3a95fb9a9266b59172,10.0,0,2501478600,10,2,6144.0,96,12,6252.0,0.03179931640625,0.00011573128722375259,39.36549377441406,0.9860309362411499,0.34613627195358276,0.009152205500868149
oracle_gate,0845.png,35416e153d4ffd1f83df1502dca371db2059e818b72c1e3a95fb9a9266b59172,10.0,0,2501478600,11,3,7168.0,128,12,7308.0,0.03717041015625,0.00011955600348301232,39.22428894042969,0.9859697222709656,0.34622621536254883,0.009152205500868149
oracle_gate,0845.png,35416e153d4ffd1f83df1502dca371db2059e818b72c1e3a95fb9a9266b59172,10.0,0,2501478600,12,2,6144.0,96,12,6252.0,0.03179931640625,0.00011527228343766183,39.38275146484375,0.9859575033187866,0.345590740442276,0.009199912761687301
oracle_gate,0845.png,35416e153d4ffd1f83df1502dca371db2059e818b72c1e3a95fb9a9266b59172,10.0,0,2501478600,13,3,7168.0,128,12,7308.0,0.03717041015625,0.00011786329559981823,39.286216735839844,0.9860299825668335,0.3453902304172516,0.009199912761687301
oracle_gate,0845.png,35416e153d4ffd1f83df1502dca371db2059e818b72c1e3a95fb9a9266b59172,10.0,0,2501478600,14,3,7168.0,128,12,7308.0,0.03717041015625,0.00011850861483253539,39.26250076293945,0.9860297441482544,0.3459879159927368,0.009199912761687301
oracle_gate,0845.png,35416e153d4ffd1f83df1502dca371db2059e818b72c1e3a95fb9a9266b59172,10.0,0,2501478600,15,4,8192.0,160,12,8364.0,0.04254150390625,0.00012784861610271037,38.93303680419922,0.9860038757324219,0.3457629382610321,0.009199912761687301
oracle_gate,0845.png,35416e153d4ffd1f83df1502dca371db2059e818b72c1e3a95fb9a9266b59172,10.0,1,26726056,0,0,4096.0,32,10,4138.0,0.021046956380208332,0.00014629217912442982,38.3477897644043,0.9861692786216736,0.3458426296710968,0.00937421599519439
oracle_gate,0845.png,35416e153d4ffd1f83df1502dca371db2059e818b72c1e3a95fb9a9266b59172,10.0,1,26726056,1,1,5120.0,64,12,5196.0,0.02642822265625,0.0001160629908554256,39.35306167602539,0.985914945602417,0.34549036622047424,0.00937421599519439
oracle_gate,0845.png,35416e153d4ffd1f83df1502dca371db2059e818b72c1e3a95fb9a9266b59172,10.0,1,26726056,2,1,5120.0,64,12,5196.0,0.02642822265625,0.00011638754949672148,39.340938568115234,0.9859632849693298,0.3457520604133606,0.00937421599519439
oracle_gate,0845.png,35416e153d4ffd1f83df1502dca371db2059e818b72c1e3a95fb9a9266b59172,10.0,1,26726056,3,2,6144.0,96,12,6252.0,0.03179931640625,0.00011605743202380836,39.353271484375,0.9859675168991089,0.3459857702255249,0.00937421599519439
oracle_gate,0845.png,35416e153d4ffd1f83df1502dca371db2059e818b72c1e3a95fb9a9266b59172,10.0,1,26726056,4,1,5120.0,64,12,5196.0,0.02642822265625,0.00011583384912228212,39.36164474487305,0.9859154224395752,0.3455120623111725,0.009122810995904729
oracle_gate,0845.png,35416e153d4ffd1f83df1502dca371db2059e818b72c1e3a95fb9a9266b59172,10.0,1,26726056,5,2,6144.0,96,12,6252.0,0.03179931640625,0.00011564257874852046,39.36882400512695,0.9860081672668457,0.3452468514442444,0.009122810995904729
oracle_gate,0845.png,35416e153d4ffd1f83df1502dca371db2059e818b72c1e3a95fb9a9266b59172,10.0,1,26726056,6,2,6144.0,96,12,6252.0,0.03179931640625,0.00011535736848600209,39.379547119140625,0.9860221147537231,0.34560272097587585,0.009122810995904729
oracle_gate,0845.png,35416e153d4ffd1f83df1502dca371db2059e818b72c1e3a95fb9a9266b59172,10.0,1,26726056,7,3,7168.0,128,12,7308.0,0.03717041015625,0.0001192958588944748,39.23374938964844,0.9859355688095093,0.3456730246543884,0.009122810995904729
oracle_gate,0845.png,35416e153d4ffd1f83df1502dca371db2059e818b72c1e3a95fb9a9266b59172,10.0,1,26726056,8,1,5120.0,64,12,5196.0,0.02642822265625,0.00011648071085801348,39.337459564208984,0.9859344363212585,0.34567907452583313,0.008987742738099769
oracle_gate,0845.png,35416e153d4ffd1f83df1502dca371db2059e818b72c1e3a95fb9a9266b59172,10.0,1,26726056,9,2,6144.0,96,12,6252.0,0.03179931640625,0.00011558886035345495,39.3708381652832,0.9860162734985352,0.3455294966697693,0.008987742738099769
oracle_gate,0845.png,35416e153d4ffd1f83df1502dca371db2059e818b72c1e3a95fb9a9266b59172,10.0,1,26726056,10,2,6144.0,96,12,6252.0,0.03179931640625,0.00011585005995584652,39.36103439331055,0.985996425151825,0.3460904359817505,0.008987742738099769
oracle_gate,0845.png,35416e153d4ffd1f83df1502dca371db2059e818b72c1e3a95fb9a9266b59172,10.0,1,26726056,11,3,7168.0,128,12,7308.0,0.03717041015625,0.00011896093928953633,39.24595642089844,0.9860018491744995,0.34626859426498413,0.008987742738099769
oracle_gate,0845.png,35416e153d4ffd1f83df1502dca371db2059e818b72c1e3a95fb9a9266b59172,10.0,1,26726056,12,2,6144.0,96,12,6252.0,0.03179931640625,0.00011663499026326463,39.33171081542969,0.9858972430229187,0.34562715888023376,0.00935534450400155
oracle_gate,0845.png,35416e153d4ffd1f83df1502dca371db2059e818b72c1e3a95fb9a9266b59172,10.0,1,26726056,13,3,7168.0,128,12,7308.0,0.03717041015625,0.00011958809773204848,39.223121643066406,0.9859219789505005,0.3453248143196106,0.00935534450400155
oracle_gate,0845.png,35416e153d4ffd1f83df1502dca371db2059e818b72c1e3a95fb9a9266b59172,10.0,1,26726056,14,3,7168.0,128,12,7308.0,0.03717041015625,0.000119517368148081,39.22569274902344,0.9859480857849121,0.345955491065979,0.00935534450400155
oracle_gate,0845.png,35416e153d4ffd1f83df1502dca371db2059e818b72c1e3a95fb9a9266b59172,10.0,1,26726056,15,4,8192.0,160,12,8364.0,0.04254150390625,0.00012798147508874536,38.928531646728516,0.9860245585441589,0.3458191752433777,0.00935534450400155
oracle_gate,0845.png,35416e153d4ffd1f83df1502dca371db2059e818b72c1e3a95fb9a9266b59172,10.0,2,2689822933,0,0,4096.0,32,10,4138.0,0.021046956380208332,0.00014907617878634483,38.26591873168945,0.9862033724784851,0.34570151567459106,0.009185182250803337
oracle_gate,0845.png,35416e153d4ffd1f83df1502dca371db2059e818b72c1e3a95fb9a9266b59172,10.0,2,2689822933,1,1,5120.0,64,12,5196.0,0.02642822265625,0.00011619443830568343,39.348148345947266,0.9860236644744873,0.3452536463737488,0.009185182250803337
oracle_gate,0845.png,35416e153d4ffd1f83df1502dca371db2059e818b72c1e3a95fb9a9266b59172,10.0,2,2689822933,2,1,5120.0,64,12,5196.0,0.02642822265625,0.00011620372970355675,39.34779739379883,0.9859573245048523,0.34572508931159973,0.009185182250803337
oracle_gate,0845.png,35416e153d4ffd1f83df1502dca371db2059e818b72c1e3a95fb9a9266b59172,10.0,2,2689822933,3,2,6144.0,96,12,6252.0,0.03179931640625,0.00011699392780428752,39.31836700439453,0.9859559535980225,0.3458692729473114,0.009185182250803337
oracle_gate,0845.png,35416e153d4ffd1f83df1502dca371db2059e818b72c1e3a95fb9a9266b59172,10.0,2,2689822933,4,1,5120.0,64,12,5196.0,0.02642822265625,0.00011540311243152246,39.37782669067383,0.9859458804130554,0.34529560804367065,0.009362165495986119
oracle_gate,0845.png,35416e153d4ffd1f83df1502dca371db2059e818b72c1e3a95fb9a9266b59172,10.0,2,2689822933,5,2,6144.0,96,12,6252.0,0.03179931640625,0.00011620065197348595,39.34791564941406,0.9859880208969116,0.344944030046463,0.009362165495986119
oracle_gate,0845.png,35416e153d4ffd1f83df1502dca371db2059e818b72c1e3a95fb9a9266b59172,10.0,2,2689822933,6,2,6144.0,96,12,6252.0,0.03179931640625,0.00011552170326467603,39.37336730957031,0.9860843420028687,0.34556683897972107,0.009362165495986119
oracle_gate,0845.png,35416e153d4ffd1f83df1502dca371db2059e818b72c1e3a95fb9a9266b59172,10.0,2,2689822933,7,3,7168.0,128,12,7308.0,0.03717041015625,0.00012105375935789198,39.17021942138672,0.9859411120414734,0.34551510214805603,0.009362165495986119
oracle_gate,0845.png,35416e153d4ffd1f83df1502dca371db2059e818b72c1e3a95fb9a9266b59172,10.0,2,2689822933,8,1,5120.0,64,12,5196.0,0.02642822265625,0.00011581336002564058,39.3624153137207,0.985968291759491,0.345575213432312,0.009195979248033836
oracle_gate,0845.png,35416e153d4ffd1f83df1502dca371db2059e818b72c1e3a95fb9a9266b59172,10.0,2,2689822933,9,2,6144.0,96,12,6252.0,0.03179931640625,0.00011565037129912525,39.3685302734375,0.9860517382621765,0.34538745880126953,0.009195979248033836
oracle_gate,0845.png,35416e153d4ffd1f83df1502dca371db2059e818b72c1e3a95fb9a9266b59172,10.0,2,2689822933,10,2,6144.0,96,12,6252.0,0.03179931640625,0.00011565283057279885,39.368438720703125,0.9859681129455566,0.3461497724056244,0.009195979248033836
oracle_gate,0845.png,35416e153d4ffd1f83df1502dca371db2059e818b72c1e3a95fb9a9266b59172,10.0,2,2689822933,11,3,7168.0,128,12,7308.0,0.03717041015625,0.0001198993413709104,39.21183395385742,0.9860180616378784,0.3461753726005554,0.009195979248033836
oracle_gate,0845.png,35416e153d4ffd1f83df1502dca371db2059e818b72c1e3a95fb9a9266b59172,10.0,2,2689822933,12,2,6144.0,96,12,6252.0,0.03179931640625,0.0001164032073575072,39.340354919433594,0.985923171043396,0.3453998863697052,0.008934982499340549
oracle_gate,0845.png,35416e153d4ffd1f83df1502dca371db2059e818b72c1e3a95fb9a9266b59172,10.0,2,2689822933,13,3,7168.0,128,12,7308.0,0.03717041015625,0.00012041215086355805,39.19329833984375,0.9859516620635986,0.34507155418395996,0.008934982499340549
oracle_gate,0845.png,35416e153d4ffd1f83df1502dca371db2059e818b72c1e3a95fb9a9266b59172,10.0,2,2689822933,14,3,7168.0,128,12,7308.0,0.03717041015625,0.00011986272875219584,39.213157653808594,0.9859819412231445,0.34585168957710266,0.008934982499340549
oracle_gate,0845.png,35416e153d4ffd1f83df1502dca371db2059e818b72c1e3a95fb9a9266b59172,10.0,2,2689822933,15,4,8192.0,160,12,8364.0,0.04254150390625,0.00013016255979891866,38.855140686035156,0.9860137701034546,0.34564757347106934,0.008934982499340549
oracle_gate,0845.png,35416e153d4ffd1f83df1502dca371db2059e818b72c1e3a95fb9a9266b59172,10.0,3,3689530569,0,0,4096.0,32,10,4138.0,0.021046956380208332,0.00015441524737980217,38.113101959228516,0.9862076044082642,0.3456956744194031,0.007623355500982143
oracle_gate,0845.png,35416e153d4ffd1f83df1502dca371db2059e818b72c1e3a95fb9a9266b59172,10.0,3,3689530569,1,1,5120.0,64,12,5196.0,0.02642822265625,0.00011500991240609437,39.39264678955078,0.9860146045684814,0.345585435628891,0.007623355500982143
oracle_gate,0845.png,35416e153d4ffd1f83df1502dca371db2059e818b72c1e3a95fb9a9266b59172,10.0,3,3689530569,2,1,5120.0,64,12,5196.0,0.02642822265625,0.00011509752221172675,39.389339447021484,0.9859368205070496,0.3459169864654541,0.007623355500982143
oracle_gate,0845.png,35416e153d4ffd1f83df1502dca371db2059e818b72c1e3a95fb9a9266b59172,10.0,3,3689530569,3,2,6144.0,96,12,6252.0,0.03179931640625,0.00011671317042782903,39.328800201416016,0.9859651923179626,0.34605899453163147,0.007623355500982143
oracle_gate,0845.png,35416e153d4ffd1f83df1502dca371db2059e818b72c1e3a95fb9a9266b59172,10.0,3,3689530569,4,1,5120.0,64,12,5196.0,0.02642822265625,0.00011507338786032051,39.39025115966797,0.9858925342559814,0.34552472829818726,0.005477023994899355
oracle_gate,0845.png,35416e153d4ffd1f83df1502dca371db2059e818b72c1e3a95fb9a9266b59172,10.0,3,3689530569,5,2,6144.0,96,12,6252.0,0.03179931640625,0.0001163632987299934,39.34183883666992,0.9860337972640991,0.34524044394493103,0.005477023994899355
oracle_gate,0845.png,35416e153d4ffd1f83df1502dca371db2059e818b72c1e3a95fb9a9266b59172,10.0,3,3689530569,6,2,6144.0,96,12,6252.0,0.03179931640625,0.00011572843504836783,39.3656005859375,0.9860497713088989,0.3457551896572113,0.005477023994899355
oracle_gate,0845.png,35416e153d4ffd1f83df1502dca371db2059e818b72c1e3a95fb9a9266b59172,10.0,3,3689530569,7,3,7168.0,128,12,7308.0,0.03717041015625,0.000122027428005822,39.13542938232422,0.9860143065452576,0.34568071365356445,0.005477023994899355
oracle_gate,0845.png,35416e153d4ffd1f83df1502dca371db2059e818b72c1e3a95fb9a9266b59172,10.0,3,3689530569,8,1,5120.0,64,12,5196.0,0.02642822265625,0.0001153410630649887,39.380165100097656,0.9859380722045898,0.345819890499115,0.009467867261264473
oracle_gate,0845.png,35416e153d4ffd1f83df1502dca371db2059e818b72c1e3a95fb9a9266b59172,10.0,3,3689530569,9,2,6144.0,96,12,6252.0,0.03179931640625,0.00011546411406015977,39.37553024291992,0.9860730171203613,0.34563377499580383,0.009467867261264473
oracle_gate,0845.png,35416e153d4ffd1f83df1502dca371db2059e818b72c1e3a95fb9a9266b59172,10.0,3,3689530569,10,2,6144.0,96,12,6252.0,0.03179931640625,0.00011686352081596851,39.323211669921875,0.9859678149223328,0.3461853861808777,0.009467867261264473
oracle_gate,0845.png,35416e153d4ffd1f83df1502dca371db2059e818b72c1e3a95fb9a9266b59172,10.0,3,3689530569,11,3,7168.0,128,12,7308.0,0.03717041015625,0.00012178374163340777,39.144107818603516,0.9859908819198608,0.3462495505809784,0.009467867261264473
oracle_gate,0845.png,35416e153d4ffd1f83df1502dca371db2059e818b72c1e3a95fb9a9266b59172,10.0,3,3689530569,12,2,6144.0,96,12,6252.0,0.03179931640625,0.00011765617819037288,39.293853759765625,0.9858741164207458,0.34561869502067566,0.009051100758370012
oracle_gate,0845.png,35416e153d4ffd1f83df1502dca371db2059e818b72c1e3a95fb9a9266b59172,10.0,3,3689530569,13,3,7168.0,128,12,7308.0,0.03717041015625,0.00012225501995999366,39.12733459472656,0.9859330654144287,0.3453097343444824,0.009051100758370012
oracle_gate,0845.png,35416e153d4ffd1f83df1502dca371db2059e818b72c1e3a95fb9a9266b59172,10.0,3,3689530569,14,3,7168.0,128,12,7308.0,0.03717041015625,0.00012291216989979148,39.10405349731445,0.9859118461608887,0.3459869623184204,0.009051100758370012
oracle_gate,0845.png,35416e153d4ffd1f83df1502dca371db2059e818b72c1e3a95fb9a9266b59172,10.0,3,3689530569,15,4,8192.0,160,12,8364.0,0.04254150390625,0.00013391584798227996,38.73168182373047,0.9860299825668335,0.3457469046115875,0.009051100758370012
oracle_gate,0846.png,eaef63b3b0889ea99559e1e959240393505d9f6d4d5cb7f6a90729b024b4ffb4,10.0,0,1016526667,0,0,4096.0,32,10,4138.0,0.021046956380208332,0.002369753085076809,26.252971649169922,0.9724031686782837,0.042864810675382614,0.009191385746817105
oracle_gate,0846.png,eaef63b3b0889ea99559e1e959240393505d9f6d4d5cb7f6a90729b024b4ffb4,10.0,0,1016526667,1,1,5120.0,64,12,5196.0,0.02642822265625,0.002501612063497305,26.01780128479004,0.970700204372406,0.042703188955783844,0.009191385746817105
oracle_gate,0846.png,eaef63b3b0889ea99559e1e959240393505d9f6d4d5cb7f6a90729b024b4ffb4,10.0,0,1016526667,2,1,5120.0,64,12,5196.0,0.02642822265625,0.0025918285828083754,25.863937377929688,0.9691073894500732,0.043364252895116806,0.009191385746817105
oracle_gate,0846.png,eaef63b3b0889ea99559e1e959240393505d9f6d4d5cb7f6a90729b024b4ffb4,10.0,0,1016526667,3,2,6144.0,96,12,6252.0,0.03179931640625,0.0024625661317259073,26.08612060546875,0.9710759520530701,0.042337916791439056,0.009191385746817105
oracle_gate,0846.png,eaef63b3b0889ea99559e1e959240393505d9f6d4d5cb7f6a90729b024b4ffb4,10.0,0,1016526667,4,1,5120.0,64,12,5196.0,0.02642822265625,0.002655172720551491,25.759075164794922,0.9682278037071228,0.043577082455158234,0.009251017996575683
oracle_gate,0846.png,eaef63b3b0889ea99559e1e959240393505d9f6d4d5cb7f6a90729b024b4ffb4,10.0,0,1016526667,5,2,6144.0,96,12,6252.0,0.03179931640625,0.0025241279508918524,25.9788875579834,0.9700448513031006,0.04282630234956741,0.009251017996575683
oracle_gate,0846.png,eaef63b3b0889ea99559e1e959240393505d9f6d4d5cb7f6a90729b024b4ffb4,10.0,0,1016526667,6,2,6144.0,96,12,6252.0,0.03179931640625,0.0026028056163340807,25.845582962036133,0.9687463641166687,0.04322652518749237,0.009251017996575683
oracle_gate,0846.png,eaef63b3b0889ea99559e1e959240393505d9f6d4d5cb7f6a90729b024b4ffb4,10.0,0,1016526667,7,3,7168.0,128,12,7308.0,0.03717041015625,0.0024856694508343935,26.045568466186523,0.9703897833824158,0.042481936514377594,0.009251017996575683
oracle_gate,0846.png,eaef63b3b0889ea99559e1e959240393505d9f6d4d5cb7f6a90729b024b4ffb4,10.0,0,1016526667,8,1,5120.0,64,12,5196.0,0.02642822265625,0.002622039522975683,25.813608169555664,0.9691505432128906,0.044080693274736404,0.009118871748796664
oracle_gate,0846.png,eaef63b3b0889ea99559e1e959240393505d9f6d4d5cb7f6a90729b024b4ffb4,10.0,0,1016526667,9,2,6144.0,96,12,6252.0,0.03179931640625,0.002477130154147744,26.06051254272461,0.9712846279144287,0.043027378618717194,0.009118871748796664
oracle_gate,0846.png,eaef63b3b0889ea99559e1e959240393505d9f6d4d5cb7f6a90729b024b4ffb4,10.0,0,1016526667,10,2,6144.0,96,12,6252.0,0.03179931640625,0.0025691804476082325,25.902053833007812,0.969550371170044,0.04353705793619156,0.009118871748796664
oracle_gate,0846.png,eaef63b3b0889ea99559e1e959240393505d9f6d4d5cb7f6a90729b024b4ffb4,10.0,0,1016526667,11,3,7168.0,128,12,7308.0,0.03717041015625,0.002440251875668764,26.125656127929688,0.9714903831481934,0.04252374917268753,0.009118871748796664
oracle_gate,0846.png,eaef63b3b0889ea99559e1e959240393505d9f6d4d5cb7f6a90729b024b4ffb4,10.0,0,1016526667,12,2,6144.0,96,12,6252.0,0.03179931640625,0.0026336952578276396,25.794343948364258,0.9687285423278809,0.04375569149851799,0.008975118500529788
oracle_gate,0846.png,eaef63b3b0889ea99559e1e959240393505d9f6d4d5cb7f6a90729b024b4ffb4,10.0,0,1016526667,13,3,7168.0,128,12,7308.0,0.03717041015625,0.0025026733055710793,26.015958786010742,0.9705459475517273,0.042986657470464706,0.008975118500529788
oracle_gate,0846.png,eaef63b3b0889ea99559e1e959240393505d9f6d4d5cb7f6a90729b024b4ffb4,10.0,0,1016526667,14,3,7168.0,128,12,7308.0,0.03717041015625,0.002583625726401806,25.877704620361328,0.9690874814987183,0.04323573410511017,0.008975118500529788
oracle_gate,0846.png,eaef63b3b0889ea99559e1e959240393505d9f6d4d5cb7f6a90729b024b4ffb4,10.0,0,1016526667,15,4,8192.0,160,12,8364.0,0.04254150390625,0.002467028796672821,26.078258514404297,0.9707212448120117,0.04248613864183426,0.008975118500529788
oracle_gate,0846.png,eaef63b3b0889ea99559e1e959240393505d9f6d4d5cb7f6a90729b024b4ffb4,10.0,1,1057172851,0,0,4096.0,32,10,4138.0,0.021046956380208332,0.0023926205467432737,26.211261749267578,0.9704750776290894,0.046016812324523926,0.008971535760792904
oracle_gate,0846.png,eaef63b3b0889ea99559e1e959240393505d9f6d4d5cb7f6a90729b024b4ffb4,10.0,1,1057172851,1,1,5120.0,64,12,5196.0,0.02642822265625,0.0025505470111966133,25.93366813659668,0.9683912992477417,0.047180503606796265,0.008971535760792904
oracle_gate,0846.png,eaef63b3b0889ea99559e1e959240393505d9f6d4d5cb7f6a90729b024b4ffb4,10.0,1,1057172851,2,1,5120.0,64,12,5196.0,0.02642822265625,0.002585808979347348,25.874034881591797,0.9677245020866394,0.04597456008195877,0.008971535760792904
oracle_gate,0846.png,eaef63b3b0889ea99559e1e959240393505d9f6d4d5cb7f6a90729b024b4ffb4,10.0,1,1057172851,3,2,6144.0,96,12,6252.0,0.03179931640625,0.0024962429888546467,26.02713394165039,0.9687333106994629,0.0461803674697876,0.008971535760792904
oracle_gate,0846.png,eaef63b3b0889ea99559e1e959240393505d9f6d4d5cb7f6a90729b024b4ffb4,10.0,1,1057172851,4,1,5120.0,64,12,5196.0,0.02642822265625,0.0026394613087177277,25.784847259521484,0.9674774408340454,0.046891823410987854,0.009073351000552066
oracle_gate,0846.png,eaef63b3b0889ea99559e1e959240393505d9f6d4d5cb7f6a90729b024b4ffb4,10.0,1,1057172851,5,2,6144.0,96,12,6252.0,0.03179931640625,0.0025457581505179405,25.941829681396484,0.9684445858001709,0.047046173363924026,0.009073351000552066
oracle_gate,0846.png,eaef63b3b0889ea99559e1e959240393505d9f6d4d5cb7f6a90729b024b4ffb4,10.0,1,1057172851,6,2,6144.0,96,12,6252.0,0.03179931640625,0.002574489451944828,25.893089294433594,0.9679112434387207,0.04588143154978752,0.009073351000552066
oracle_gate,0846.png,eaef63b3b0889ea99559e1e959240393505d9f6d4d5cb7f6a90729b024b4ffb4,10.0,1,1057172851,7,3,7168.0,128,12,7308.0,0.03717041015625,0.002492743544280529,26.033226013183594,0.9687755107879639,0.04607629403471947,0.009073351000552066
oracle_gate,0846.png,eaef63b3b0889ea99559e1e959240393505d9f6d4d5cb7f6a90729b024b4ffb4,10.0,1,1057172851,8,1,5120.0,64,12,5196.0,0.02642822265625,0.0026382438372820616,25.786849975585938,0.967592716217041,0.04698021709918976,0.00892933999421075
oracle_gate,0846.png,eaef63b3b0889ea99559e1e959240393505d9f6d4d5cb7f6a90729b024b4ffb4,10.0,1,1057172851,9,2,6144.0,96,12,6252.0,0.03179931640625,0.0025373888202011585,25.956130981445312,0.9686689376831055,0.04716300219297409,0.00892933999421075
oracle_gate,0846.png,eaef63b3b0889ea99559e1e959240393505d9f6d4d5cb7f6a90729b024b4ffb4,10.0,1,1057172851,10,2,6144.0,96,12,6252.0,0.03179931640625,0.0025752305518835783,25.8918399810791,0.9680694937705994,0.046190403401851654,0.00892933999421075
oracle_gate,0846.png,eaef63b3b0889ea99559e1e959240393505d9f6d4d5cb7f6a90729b024b4ffb4,10.0,1,1057172851,11,3,7168.0,128,12,7308.0,0.03717041015625,0.0024867807514965534,26.043624877929688,0.9690412282943726,0.046403877437114716,0.00892933999421075
oracle_gate,0846.png,eaef63b3b0889ea99559e1e959240393505d9f6d4d5cb7f6a90729b024b4ffb4,10.0,1,1057172851,12,2,6144.0,96,12,6252.0,0.03179931640625,0.0026304670609533787,25.799671173095703,0.9677466154098511,0.04676585644483566,0.00933584624726791
oracle_gate,0846.png,eaef63b3b0889ea99559e1e959240393505d9f6d4d5cb7f6a90729b024b4ffb4,10.0,1,1057172851,13,3,7168.0,128,12,7308.0,0.03717041015625,0.002536989748477936,25.95681381225586,0.9687175750732422,0.04691219702363014,0.00933584624726791
oracle_gate,0846.png,eaef63b3b0889ea99559e1e959240393505d9f6d4d5cb7f6a90729b024b4ffb4,10.0,1,1057172851,14,3,7168.0,128,12,7308.0,0.03717041015625,0.0025685783475637436,25.903072357177734,0.9681815505027771,0.04598415642976761,0.00933584624726791
oracle_gate,0846.png,eaef63b3b0889ea99559e1e959240393505d9f6d4d5cb7f6a90729b024b4ffb4,10.0,1,1057172851,15,4,8192.0,160,12,8364.0,0.04254150390625,0.0024875281378626823,26.042320251464844,0.9690441489219666,0.046178679913282394,0.00933584624726791
oracle_gate,0846.png,eaef63b3b0889ea99559e1e959240393505d9f6d4d5cb7f6a90729b024b4ffb4,10.0,2,1929975026,0,0,4096.0,32,10,4138.0,0.021046956380208332,0.0022712971549481153,26.4372615814209,0.9726676940917969,0.0461052730679512,0.009258182253688574
oracle_gate,0846.png,eaef63b3b0889ea99559e1e959240393505d9f6d4d5cb7f6a90729b024b4ffb4,10.0,2,1929975026,1,1,5120.0,64,12,5196.0,0.02642822265625,0.0024043871089816093,26.189956665039062,0.9707655906677246,0.045916203409433365,0.009258182253688574
oracle_gate,0846.png,eaef63b3b0889ea99559e1e959240393505d9f6d4d5cb7f6a90729b024b4ffb4,10.0,2,1929975026,2,1,5120.0,64,12,5196.0,0.02642822265625,0.0024423084687441587,26.12199592590332,0.9701824188232422,0.046128809452056885,0.009258182253688574
oracle_gate,0846.png,eaef63b3b0889ea99559e1e959240393505d9f6d4d5cb7f6a90729b024b4ffb4,10.0,2,1929975026,3,2,6144.0,96,12,6252.0,0.03179931640625,0.0023567485623061657,26.276866912841797,0.9714483022689819,0.04619412124156952,0.009258182253688574
oracle_gate,0846.png,eaef63b3b0889ea99559e1e959240393505d9f6d4d5cb7f6a90729b024b4ffb4,10.0,2,1929975026,4,1,5120.0,64,12,5196.0,0.02642822265625,0.0024759704247117043,26.062545776367188,0.9698426723480225,0.04560348764061928,0.009229550996678881
oracle_gate,0846.png,eaef63b3b0889ea99559e1e959240393505d9f6d4d5cb7f6a90729b024b4ffb4,10.0,2,1929975026,5,2,6144.0,96,12,6252.0,0.03179931640625,0.002378795063123107,26.23642921447754,0.9712011218070984,0.04542241245508194,0.009229550996678881
oracle_gate,0846.png,eaef63b3b0889ea99559e1e959240393505d9f6d4d5cb7f6a90729b024b4ffb4,10.0,2,1929975026,6,2,6144.0,96,12,6252.0,0.03179931640625,0.0024129566736519337,26.17450714111328,0.9707225561141968,0.045759767293930054,0.009229550996678881
oracle_gate,0846.png,eaef63b3b0889ea99559e1e959240393505d9f6d4d5cb7f6a90729b024b4ffb4,10.0,2,1929975026,7,3,7168.0,128,12,7308.0,0.03717041015625,0.0023327013477683067,26.3214111328125,0.9718315601348877,0.04570089280605316,0.009229550996678881
oracle_gate,0846.png,eaef63b3b0889ea99559e1e959240393505d9f6d4d5cb7f6a90729b024b4ffb4,10.0,2,1929975026,8,1,5120.0,64,12,5196.0,0.02642822265625,0.0024905602913349867,26.037029266357422,0.9694024920463562,0.04608292505145073,0.009017109987325966
oracle_gate,0846.png,eaef63b3b0889ea99559e1e959240393505d9f6d4d5cb7f6a90729b024b4ffb4,10.0,2,1929975026,9,2,6144.0,96,12,6252.0,0.03179931640625,0.002388522494584322,26.218708038330078,0.9708794355392456,0.0459994375705719,0.009017109987325966
oracle_gate,0846.png,eaef63b3b0889ea99559e1e959240393505d9f6d4d5cb7f6a90729b024b4ffb4,10.0,2,1929975026,10,2,6144.0,96,12,6252.0,0.03179931640625,0.0024308552965521812,26.14240837097168,0.9703048467636108,0.046116892248392105,0.009017109987325966
oracle_gate,0846.png,eaef63b3b0889ea99559e1e959240393505d9f6d4d5cb7f6a90729b024b4ffb4,10.0,2,1929975026,11,3,7168.0,128,12,7308.0,0.03717041015625,0.002346219029277563,26.296314239501953,0.9715284109115601,0.046163592487573624,0.009017109987325966
oracle_gate,0846.png,eaef63b3b0889ea99559e1e959240393505d9f6d4d5cb7f6a90729b024b4ffb4,10.0,2,1929975026,12,2,6144.0,96,12,6252.0,0.03179931640625,0.0024656294845044613,26.08072280883789,0.9699141979217529,0.04581201821565628,0.0091229082463542
oracle_gate,0846.png,eaef63b3b0889ea99559e1e959240393505d9f6d4d5cb7f6a90729b024b4ffb4,10.0,2,1929975026,13,3,7168.0,128,12,7308.0,0.03717041015625,0.00236959639005363,26.253257751464844,0.971230149269104,0.045623160898685455,0.0091229082463542
oracle_gate,0846.png,eaef63b3b0889ea99559e1e959240393505d9f6d4d5cb7f6a90729b024b4ffb4,10.0,2,1929975026,14,3,7168.0,128,12,7308.0,0.03717041015625,0.0024073226377367973,26.184656143188477,0.9707767367362976,0.045845333486795425,0.0091229082463542
oracle_gate,0846.png,eaef63b3b0889ea99559e1e959240393505d9f6d4d5cb7f6a90729b024b4ffb4,10.0,2,1929975026,15,4,8192.0,160,12,8364.0,0.04254150390625,0.002327793976292014,26.330554962158203,0.971869170665741,0.045787543058395386,0.0091229082463542
oracle_gate,0846.png,eaef63b3b0889ea99559e1e959240393505d9f6d4d5cb7f6a90729b024b4ffb4,10.0,3,2415881359,0,0,4096.0,32,10,4138.0,0.021046956380208332,0.002381624188274145,26.23126983642578,0.9697403907775879,0.049070343375205994,0.009587340246071108
oracle_gate,0846.png,eaef63b3b0889ea99559e1e959240393505d9f6d4d5cb7f6a90729b024b4ffb4,10.0,3,2415881359,1,1,5120.0,64,12,5196.0,0.02642822265625,0.0024906194303184748,26.036928176879883,0.9684194922447205,0.0490633063018322,0.009587340246071108
oracle_gate,0846.png,eaef63b3b0889ea99559e1e959240393505d9f6d4d5cb7f6a90729b024b4ffb4,10.0,3,2415881359,2,1,5120.0,64,12,5196.0,0.02642822265625,0.002534513594582677,25.961055755615234,0.9681417346000671,0.04944981262087822,0.009587340246071108
oracle_gate,0846.png,eaef63b3b0889ea99559e1e959240393505d9f6d4d5cb7f6a90729b024b4ffb4,10.0,3,2415881359,3,2,6144.0,96,12,6252.0,0.03179931640625,0.0024482114240527153,26.11151123046875,0.9690751433372498,0.04918525367975235,0.009587340246071108
oracle_gate,0846.png,eaef63b3b0889ea99559e1e959240393505d9f6d4d5cb7f6a90729b024b4ffb4,10.0,3,2415881359,4,1,5120.0,64,12,5196.0,0.02642822265625,0.0025742589496076107,25.893478393554688,0.9674742221832275,0.048958055675029755,0.009338611751445569
oracle_gate,0846.png,eaef63b3b0889ea99559e1e959240393505d9f6d4d5cb7f6a90729b024b4ffb4,10.0,3,2415881359,5,2,6144.0,96,12,6252.0,0.03179931640625,0.0024789466988295317,26.057327270507812,0.9683785438537598,0.049051959067583084,0.009338611751445569
oracle_gate,0846.png,eaef63b3b0889ea99559e1e959240393505d9f6d4d5cb7f6a90729b024b4ffb4,10.0,3,2415881359,6,2,6144.0,96,12,6252.0,0.03179931640625,0.00251998333260417,25.98602294921875,0.9682018160820007,0.049177706241607666,0.009338611751445569
oracle_gate,0846.png,eaef63b3b0889ea99559e1e959240393505d9f6d4d5cb7f6a90729b024b4ffb4,10.0,3,2415881359,7,3,7168.0,128,12,7308.0,0.03717041015625,0.002438087947666645,26.129505157470703,0.9690064191818237,0.04922926425933838,0.009338611751445569
oracle_gate,0846.png,eaef63b3b0889ea99559e1e959240393505d9f6d4d5cb7f6a90729b024b4ffb4,10.0,3,2415881359,8,1,5120.0,64,12,5196.0,0.02642822265625,0.002566204871982336,25.907087326049805,0.9677897691726685,0.04941752925515175,0.009176606006803922
oracle_gate,0846.png,eaef63b3b0889ea99559e1e959240393505d9f6d4d5cb7f6a90729b024b4ffb4,10.0,3,2415881359,9,2,6144.0,96,12,6252.0,0.03179931640625,0.002467791549861431,26.076915740966797,0.9687902331352234,0.04923045635223389,0.009176606006803922
oracle_gate,0846.png,eaef63b3b0889ea99559e1e959240393505d9f6d4d5cb7f6a90729b024b4ffb4,10.0,3,2415881359,10,2,6144.0,96,12,6252.0,0.03179931640625,0.0025116736069321632,26.000368118286133,0.9684883952140808,0.04947613924741745,0.009176606006803922
oracle_gate,0846.png,eaef63b3b0889ea99559e1e959240393505d9f6d4d5cb7f6a90729b024b4ffb4,10.0,3,2415881359,11,3,7168.0,128,12,7308.0,0.03717041015625,0.0024272422306239605,26.14887046813965,0.9693590402603149,0.049287099391222,0.009176606006803922
oracle_gate,0846.png,eaef63b3b0889ea99559e1e959240393505d9f6d4d5cb7f6a90729b024b4ffb4,10.0,3,2415881359,12,2,6144.0,96,12,6252.0,0.03179931640625,0.0025567193515598774,25.923171997070312,0.9677683115005493,0.049370355904102325,0.008836392007651739
oracle_gate,0846.png,eaef63b3b0889ea99559e1e959240393505d9f6d4d5cb7f6a90729b024b4ffb4,10.0,3,2415881359,13,3,7168.0,128,12,7308.0,0.03717041015625,0.0024629912804812193,26.085372924804688,0.9686614274978638,0.04948822408914566,0.008836392007651739
oracle_gate,0846.png,eaef63b3b0889ea99559e1e959240393505d9f6d4d5cb7f6a90729b024b4ffb4,10.0,3,2415881359,14,3,7168.0,128,12,7308.0,0.03717041015625,0.002504286589100957,26.013160705566406,0.9684252142906189,0.049478575587272644,0.008836392007651739
oracle_gate,0846.png,eaef63b3b0889ea99559e1e959240393505d9f6d4d5cb7f6a90729b024b4ffb4,10.0,3,2415881359,15,4,8192.0,160,12,8364.0,0.04254150390625,0.0024236971512436867,26.155216217041016,0.9692056179046631,0.04954195022583008,0.008836392007651739
oracle_gate,0847.png,ce39eab49b45fc08177556f7c9ae0d0e928e283fb3cd471bddf0fbf17db8ca73,10.0,0,1381475703,0,0,4096.0,32,10,4138.0,0.021046956380208332,0.0023752041161060333,26.242992401123047,0.9664871692657471,0.12114635109901428,0.009280558006139472
oracle_gate,0847.png,ce39eab49b45fc08177556f7c9ae0d0e928e283fb3cd471bddf0fbf17db8ca73,10.0,0,1381475703,1,1,5120.0,64,12,5196.0,0.02642822265625,0.002556199673563242,25.924053192138672,0.9652249217033386,0.12176615744829178,0.009280558006139472
oracle_gate,0847.png,ce39eab49b45fc08177556f7c9ae0d0e928e283fb3cd471bddf0fbf17db8ca73,10.0,0,1381475703,2,1,5120.0,64,12,5196.0,0.02642822265625,0.0025581743102520704,25.920698165893555,0.965232253074646,0.12179135531187057,0.009280558006139472
oracle_gate,0847.png,ce39eab49b45fc08177556f7c9ae0d0e928e283fb3cd471bddf0fbf17db8ca73,10.0,0,1381475703,3,2,6144.0,96,12,6252.0,0.03179931640625,0.002544008195400238,25.944814682006836,0.9652979373931885,0.12128913402557373,0.009280558006139472
oracle_gate,0847.png,ce39eab49b45fc08177556f7c9ae0d0e928e283fb3cd471bddf0fbf17db8ca73,10.0,0,1381475703,4,1,5120.0,64,12,5196.0,0.02642822265625,0.0025324642192572355,25.964567184448242,0.9653134346008301,0.12173549830913544,0.009265312997740693
oracle_gate,0847.png,ce39eab49b45fc08177556f7c9ae0d0e928e283fb3cd471bddf0fbf17db8ca73,10.0,0,1381475703,5,2,6144.0,96,12,6252.0,0.03179931640625,0.0025265307631343603,25.974754333496094,0.9653300046920776,0.121708445250988,0.009265312997740693
oracle_gate,0847.png,ce39eab49b45fc08177556f7c9ae0d0e928e283fb3cd471bddf0fbf17db8ca73,10.0,0,1381475703,6,2,6144.0,96,12,6252.0,0.03179931640625,0.0025184836704283953,25.988609313964844,0.9654200077056885,0.12108856439590454,0.009265312997740693
oracle_gate,0847.png,ce39eab49b45fc08177556f7c9ae0d0e928e283fb3cd471bddf0fbf17db8ca73,10.0,0,1381475703,7,3,7168.0,128,12,7308.0,0.03717041015625,0.0025148065760731697,25.994953155517578,0.9653910398483276,0.12115354090929031,0.009265312997740693
oracle_gate,0847.png,ce39eab49b45fc08177556f7c9ae0d0e928e283fb3cd471bddf0fbf17db8ca73,10.0,0,1381475703,8,1,5120.0,64,12,5196.0,0.02642822265625,0.0024468875490128994,26.113861083984375,0.9660577774047852,0.12043139338493347,0.009206645001540892
oracle_gate,0847.png,ce39eab49b45fc08177556f7c9ae0d0e928e283fb3cd471bddf0fbf17db8ca73,10.0,0,1381475703,9,2,6144.0,96,12,6252.0,0.03179931640625,0.002431738656014204,26.140832901000977,0.9661427736282349,0.11986391991376877,0.009206645001540892
oracle_gate,0847.png,ce39eab49b45fc08177556f7c9ae0d0e928e283fb3cd471bddf0fbf17db8ca73,10.0,0,1381475703,10,2,6144.0,96,12,6252.0,0.03179931640625,0.002435557311400771,26.134016036987305,0.9661518931388855,0.11999306082725525,0.009206645001540892
oracle_gate,0847.png,ce39eab49b45fc08177556f7c9ae0d0e928e283fb3cd471bddf0fbf17db8ca73,10.0,0,1381475703,11,3,7168.0,128,12,7308.0,0.03717041015625,0.002423010766506195,26.15644645690918,0.9661848545074463,0.11951491981744766,0.009206645001540892
oracle_gate,0847.png,ce39eab49b45fc08177556f7c9ae0d0e928e283fb3cd471bddf0fbf17db8ca73,10.0,0,1381475703,12,2,6144.0,96,12,6252.0,0.03179931640625,0.0024261458311229944,26.150833129882812,0.9660717248916626,0.11993224173784256,0.009379824492498301
oracle_gate,0847.png,ce39eab49b45fc08177556f7c9ae0d0e928e283fb3cd471bddf0fbf17db8ca73,10.0,0,1381475703,13,3,7168.0,128,12,7308.0,0.03717041015625,0.002420707605779171,26.160579681396484,0.9660815000534058,0.11990098655223846,0.009379824492498301
oracle_gate,0847.png,ce39eab49b45fc08177556f7c9ae0d0e928e283fb3cd471bddf0fbf17db8ca73,10.0,0,1381475703,14,3,7168.0,128,12,7308.0,0.03717041015625,0.002415482187643647,26.169963836669922,0.9661588072776794,0.11950436234474182,0.009379824492498301
oracle_gate,0847.png,ce39eab49b45fc08177556f7c9ae0d0e928e283fb3cd471bddf0fbf17db8ca73,10.0,0,1381475703,15,4,8192.0,160,12,8364.0,0.04254150390625,0.0024123089388012886,26.17567253112793,0.9661197066307068,0.11958245187997818,0.009379824492498301
oracle_gate,0847.png,ce39eab49b45fc08177556f7c9ae0d0e928e283fb3cd471bddf0fbf17db8ca73,10.0,1,3128434018,0,0,4096.0,32,10,4138.0,0.021046956380208332,0.0024417415261268616,26.123004913330078,0.9656454920768738,0.12256026268005371,0.009589423003490083
oracle_gate,0847.png,ce39eab49b45fc08177556f7c9ae0d0e928e283fb3cd471bddf0fbf17db8ca73,10.0,1,3128434018,1,1,5120.0,64,12,5196.0,0.02642822265625,0.002485456643626094,26.045936584472656,0.9651715755462646,0.12312851846218109,0.009589423003490083
oracle_gate,0847.png,ce39eab49b45fc08177556f7c9ae0d0e928e283fb3cd471bddf0fbf17db8ca73,10.0,1,3128434018,2,1,5120.0,64,12,5196.0,0.02642822265625,0.002472583670169115,26.06848907470703,0.9654672145843506,0.1224173903465271,0.009589423003490083
oracle_gate,0847.png,ce39eab49b45fc08177556f7c9ae0d0e928e283fb3cd471bddf0fbf17db8ca73,10.0,1,3128434018,3,2,6144.0,96,12,6252.0,0.03179931640625,0.0024664350785315037,26.079303741455078,0.9654864072799683,0.12179714441299438,0.009589423003490083
oracle_gate,0847.png,ce39eab49b45fc08177556f7c9ae0d0e928e283fb3cd471bddf0fbf17db8ca73,10.0,1,3128434018,4,1,5120.0,64,12,5196.0,0.02642822265625,0.002472948282957077,26.06785011291504,0.9652646780014038,0.12373186647891998,0.009102559241000563
oracle_gate,0847.png,ce39eab49b45fc08177556f7c9ae0d0e928e283fb3cd471bddf0fbf17db8ca73,10.0,1,3128434018,5,2,6144.0,96,12,6252.0,0.03179931640625,0.002470291219651699,26.072519302368164,0.965293288230896,0.12286657094955444,0.009102559241000563
oracle_gate,0847.png,ce39eab49b45fc08177556f7c9ae0d0e928e283fb3cd471bddf0fbf17db8ca73,10.0,1,3128434018,6,2,6144.0,96,12,6252.0,0.03179931640625,0.0024516782723367214,26.105365753173828,0.9656266570091248,0.12208934128284454,0.009102559241000563
oracle_gate,0847.png,ce39eab49b45fc08177556f7c9ae0d0e928e283fb3cd471bddf0fbf17db8ca73,10.0,1,3128434018,7,3,7168.0,128,12,7308.0,0.03717041015625,0.0024507008492946625,26.107097625732422,0.9656214714050293,0.12158115208148956,0.009102559241000563
oracle_gate,0847.png,ce39eab49b45fc08177556f7c9ae0d0e928e283fb3cd471bddf0fbf17db8ca73,10.0,1,3128434018,8,1,5120.0,64,12,5196.0,0.02642822265625,0.0024970185477286577,26.025781631469727,0.9649076461791992,0.1237688735127449,0.009237384496373124
oracle_gate,0847.png,ce39eab49b45fc08177556f7c9ae0d0e928e283fb3cd471bddf0fbf17db8ca73,10.0,1,3128434018,9,2,6144.0,96,12,6252.0,0.03179931640625,0.0024893623776733875,26.039119720458984,0.9649826288223267,0.12285567075014114,0.009237384496373124
oracle_gate,0847.png,ce39eab49b45fc08177556f7c9ae0d0e928e283fb3cd471bddf0fbf17db8ca73,10.0,1,3128434018,10,2,6144.0,96,12,6252.0,0.03179931640625,0.002478713169693947,26.057737350463867,0.9652308821678162,0.122172050178051,0.009237384496373124
oracle_gate,0847.png,ce39eab49b45fc08177556f7c9ae0d0e928e283fb3cd471bddf0fbf17db8ca73,10.0,1,3128434018,11,3,7168.0,128,12,7308.0,0.03717041015625,0.0024732027668505907,26.067401885986328,0.9652605056762695,0.1215648502111435,0.009237384496373124
oracle_gate,0847.png,ce39eab49b45fc08177556f7c9ae0d0e928e283fb3cd471bddf0fbf17db8ca73,10.0,1,3128434018,12,2,6144.0,96,12,6252.0,0.03179931640625,0.0024776156060397625,26.059661865234375,0.9650775194168091,0.1235421821475029,0.009089318249607459
oracle_gate,0847.png,ce39eab49b45fc08177556f7c9ae0d0e928e283fb3cd471bddf0fbf17db8ca73,10.0,1,3128434018,13,3,7168.0,128,12,7308.0,0.03717041015625,0.0024748644791543484,26.06448745727539,0.9651024341583252,0.12272017449140549,0.009089318249607459
oracle_gate,0847.png,ce39eab49b45fc08177556f7c9ae0d0e928e283fb3cd471bddf0fbf17db8ca73,10.0,1,3128434018,14,3,7168.0,128,12,7308.0,0.03717041015625,0.0024594562128186226,26.091609954833984,0.9653962850570679,0.12195131182670593,0.009089318249607459
oracle_gate,0847.png,ce39eab49b45fc08177556f7c9ae0d0e928e283fb3cd471bddf0fbf17db8ca73,10.0,1,3128434018,15,4,8192.0,160,12,8364.0,0.04254150390625,0.0024588806554675102,26.092626571655273,0.9653868675231934,0.12142933905124664,0.009089318249607459
oracle_gate,0847.png,ce39eab49b45fc08177556f7c9ae0d0e928e283fb3cd471bddf0fbf17db8ca73,10.0,2,2003330763,0,0,4096.0,32,10,4138.0,0.021046956380208332,0.0023444683756679296,26.2995548248291,0.966110110282898,0.1255454123020172,0.009437166998395696
oracle_gate,0847.png,ce39eab49b45fc08177556f7c9ae0d0e928e283fb3cd471bddf0fbf17db8ca73,10.0,2,2003330763,1,1,5120.0,64,12,5196.0,0.02642822265625,0.0024340027011930943,26.136789321899414,0.9647733569145203,0.12589173018932343,0.009437166998395696
oracle_gate,0847.png,ce39eab49b45fc08177556f7c9ae0d0e928e283fb3cd471bddf0fbf17db8ca73,10.0,2,2003330763,2,1,5120.0,64,12,5196.0,0.02642822265625,0.002414580201730132,26.171585083007812,0.9652056694030762,0.1255369633436203,0.009437166998395696
oracle_gate,0847.png,ce39eab49b45fc08177556f7c9ae0d0e928e283fb3cd471bddf0fbf17db8ca73,10.0,2,2003330763,3,2,6144.0,96,12,6252.0,0.03179931640625,0.002408077009022236,26.183298110961914,0.9653949737548828,0.12562346458435059,0.009437166998395696
oracle_gate,0847.png,ce39eab49b45fc08177556f7c9ae0d0e928e283fb3cd471bddf0fbf17db8ca73,10.0,2,2003330763,4,1,5120.0,64,12,5196.0,0.02642822265625,0.002428545383736491,26.14653778076172,0.9644654989242554,0.12599873542785645,0.00911697099218145
oracle_gate,0847.png,ce39eab49b45fc08177556f7c9ae0d0e928e283fb3cd471bddf0fbf17db8ca73,10.0,2,2003330763,5,2,6144.0,96,12,6252.0,0.03179931640625,0.002419972326606512,26.161897659301758,0.964758574962616,0.1258728951215744,0.00911697099218145
oracle_gate,0847.png,ce39eab49b45fc08177556f7c9ae0d0e928e283fb3cd471bddf0fbf17db8ca73,10.0,2,2003330763,6,2,6144.0,96,12,6252.0,0.03179931640625,0.002393411472439766,26.209827423095703,0.9653099775314331,0.12533153593540192,0.00911697099218145
oracle_gate,0847.png,ce39eab49b45fc08177556f7c9ae0d0e928e283fb3cd471bddf0fbf17db8ca73,10.0,2,2003330763,7,3,7168.0,128,12,7308.0,0.03717041015625,0.002393200993537903,26.210208892822266,0.9654025435447693,0.12560512125492096,0.00911697099218145
oracle_gate,0847.png,ce39eab49b45fc08177556f7c9ae0d0e928e283fb3cd471bddf0fbf17db8ca73,10.0,2,2003330763,8,1,5120.0,64,12,5196.0,0.02642822265625,0.0024486978072673082,26.11064910888672,0.964321494102478,0.12608419358730316,0.009100531504373066
oracle_gate,0847.png,ce39eab49b45fc08177556f7c9ae0d0e928e283fb3cd471bddf0fbf17db8ca73,10.0,2,2003330763,9,2,6144.0,96,12,6252.0,0.03179931640625,0.0024335673078894615,26.137569427490234,0.9647278189659119,0.12573951482772827,0.009100531504373066
oracle_gate,0847.png,ce39eab49b45fc08177556f7c9ae0d0e928e283fb3cd471bddf0fbf17db8ca73,10.0,2,2003330763,10,2,6144.0,96,12,6252.0,0.03179931640625,0.002414102666079998,26.17244529724121,0.9651827812194824,0.12534382939338684,0.009100531504373066
oracle_gate,0847.png,ce39eab49b45fc08177556f7c9ae0d0e928e283fb3cd471bddf0fbf17db8ca73,10.0,2,2003330763,11,3,7168.0,128,12,7308.0,0.03717041015625,0.0024080188013613224,26.18340301513672,0.9653689861297607,0.12542155385017395,0.009100531504373066
oracle_gate,0847.png,ce39eab49b45fc08177556f7c9ae0d0e928e283fb3cd471bddf0fbf17db8ca73,10.0,2,2003330763,12,2,6144.0,96,12,6252.0,0.03179931640625,0.0024299300275743008,26.14406394958496,0.9644380807876587,0.12571759521961212,0.00905644751037471
oracle_gate,0847.png,ce39eab49b45fc08177556f7c9ae0d0e928e283fb3cd471bddf0fbf17db8ca73,10.0,2,2003330763,13,3,7168.0,128,12,7308.0,0.03717041015625,0.002421481069177389,26.159191131591797,0.9647345542907715,0.12558196485042572,0.00905644751037471
oracle_gate,0847.png,ce39eab49b45fc08177556f7c9ae0d0e928e283fb3cd471bddf0fbf17db8ca73,10.0,2,2003330763,14,3,7168.0,128,12,7308.0,0.03717041015625,0.002395185176283121,26.20660972595215,0.9653105735778809,0.12497618794441223,0.00905644751037471
oracle_gate,0847.png,ce39eab49b45fc08177556f7c9ae0d0e928e283fb3cd471bddf0fbf17db8ca73,10.0,2,2003330763,15,4,8192.0,160,12,8364.0,0.04254150390625,0.0023956233635544777,26.2058162689209,0.9653935432434082,0.12528330087661743,0.00905644751037471
oracle_gate,0847.png,ce39eab49b45fc08177556f7c9ae0d0e928e283fb3cd471bddf0fbf17db8ca73,10.0,3,1701903771,0,0,4096.0,32,10,4138.0,0.021046956380208332,0.0023530093021690845,26.283763885498047,0.965435266494751,0.12254728376865387,0.009067846753168851
oracle_gate,0847.png,ce39eab49b45fc08177556f7c9ae0d0e928e283fb3cd471bddf0fbf17db8ca73,10.0,3,1701903771,1,1,5120.0,64,12,5196.0,0.02642822265625,0.0028829947113990784,25.401561737060547,0.9615496397018433,0.12544295191764832,0.009067846753168851
oracle_gate,0847.png,ce39eab49b45fc08177556f7c9ae0d0e928e283fb3cd471bddf0fbf17db8ca73,10.0,3,1701903771,2,1,5120.0,64,12,5196.0,0.02642822265625,0.0028790608048439026,25.407493591308594,0.9615974426269531,0.12506665289402008,0.009067846753168851
oracle_gate,0847.png,ce39eab49b45fc08177556f7c9ae0d0e928e283fb3cd471bddf0fbf17db8ca73,10.0,3,1701903771,3,2,6144.0,96,12,6252.0,0.03179931640625,0.002877331105992198,25.41010093688965,0.9617370963096619,0.12446152418851852,0.009067846753168851
oracle_gate,0847.png,ce39eab49b45fc08177556f7c9ae0d0e928e283fb3cd471bddf0fbf17db8ca73,10.0,3,1701903771,4,1,5120.0,64,12,5196.0,0.02642822265625,0.002863718895241618,25.430696487426758,0.961430549621582,0.1264100968837738,0.009412135012098588
oracle_gate,0847.png,ce39eab49b45fc08177556f7c9ae0d0e928e283fb3cd471bddf0fbf17db8ca73,10.0,3,1701903771,5,2,6144.0,96,12,6252.0,0.03179931640625,0.0028663843404501677,25.42665672302246,0.9614591598510742,0.12596534192562103,0.009412135012098588
oracle_gate,0847.png,ce39eab49b45fc08177556f7c9ae0d0e928e283fb3cd471bddf0fbf17db8ca73,10.0,3,1701903771,6,2,6144.0,96,12,6252.0,0.03179931640625,0.0028589749708771706,25.437896728515625,0.9615944623947144,0.12550142407417297,0.009412135012098588
oracle_gate,0847.png,ce39eab49b45fc08177556f7c9ae0d0e928e283fb3cd471bddf0fbf17db8ca73,10.0,3,1701903771,7,3,7168.0,128,12,7308.0,0.03717041015625,0.002861259039491415,25.434429168701172,0.9616321921348572,0.12499160319566727,0.009412135012098588
oracle_gate,0847.png,ce39eab49b45fc08177556f7c9ae0d0e928e283fb3cd471bddf0fbf17db8ca73,10.0,3,1701903771,8,1,5120.0,64,12,5196.0,0.02642822265625,0.0024472984950989485,26.113130569458008,0.9645125269889832,0.12340156733989716,0.009106015757424757
oracle_gate,0847.png,ce39eab49b45fc08177556f7c9ae0d0e928e283fb3cd471bddf0fbf17db8ca73,10.0,3,1701903771,9,2,6144.0,96,12,6252.0,0.03179931640625,0.0024462298024445772,26.115028381347656,0.964618444442749,0.12282456457614899,0.009106015757424757
oracle_gate,0847.png,ce39eab49b45fc08177556f7c9ae0d0e928e283fb3cd471bddf0fbf17db8ca73,10.0,3,1701903771,10,2,6144.0,96,12,6252.0,0.03179931640625,0.0024435962550342083,26.119707107543945,0.9646469354629517,0.12278345227241516,0.009106015757424757
oracle_gate,0847.png,ce39eab49b45fc08177556f7c9ae0d0e928e283fb3cd471bddf0fbf17db8ca73,10.0,3,1701903771,11,3,7168.0,128,12,7308.0,0.03717041015625,0.0024420609697699547,26.1224365234375,0.9647769927978516,0.12214958667755127,0.009106015757424757
oracle_gate,0847.png,ce39eab49b45fc08177556f7c9ae0d0e928e283fb3cd471bddf0fbf17db8ca73,10.0,3,1701903771,12,2,6144.0,96,12,6252.0,0.03179931640625,0.0024283025413751602,26.14697265625,0.9645293951034546,0.12367786467075348,0.008923834742745385
oracle_gate,0847.png,ce39eab49b45fc08177556f7c9ae0d0e928e283fb3cd471bddf0fbf17db8ca73,10.0,3,1701903771,13,3,7168.0,128,12,7308.0,0.03717041015625,0.002431700937449932,26.140897750854492,0.9645476341247559,0.1232057437300682,0.008923834742745385
oracle_gate,0847.png,ce39eab49b45fc08177556f7c9ae0d0e928e283fb3cd471bddf0fbf17db8ca73,10.0,3,1701903771,14,3,7168.0,128,12,7308.0,0.03717041015625,0.0024249914567917585,26.15289878845215,0.9646679759025574,0.12304343283176422,0.008923834742745385
oracle_gate,0847.png,ce39eab49b45fc08177556f7c9ae0d0e928e283fb3cd471bddf0fbf17db8ca73,10.0,3,1701903771,15,4,8192.0,160,12,8364.0,0.04254150390625,0.002427768660709262,26.147926330566406,0.9647061228752136,0.12254723906517029,0.008923834742745385
oracle_gate,0848.png,4a8f2f4eee348242b17eb7ee72aad9c1c1fe870a1d414db4704819fede40b660,10.0,0,3977824128,0,0,4096.0,32,10,4138.0,0.021046956380208332,0.003762711538001895,24.244991302490234,0.9484448432922363,0.13414493203163147,0.009316985509940423
oracle_gate,0848.png,4a8f2f4eee348242b17eb7ee72aad9c1c1fe870a1d414db4704819fede40b660,10.0,0,3977824128,1,1,5120.0,64,12,5196.0,0.02642822265625,0.0038240221329033375,24.17479705810547,0.9471782445907593,0.13298504054546356,0.009316985509940423
oracle_gate,0848.png,4a8f2f4eee348242b17eb7ee72aad9c1c1fe870a1d414db4704819fede40b660,10.0,0,3977824128,2,1,5120.0,64,12,5196.0,0.02642822265625,0.003814375726506114,24.185768127441406,0.9472559690475464,0.1333475261926651,0.009316985509940423
oracle_gate,0848.png,4a8f2f4eee348242b17eb7ee72aad9c1c1fe870a1d414db4704819fede40b660,10.0,0,3977824128,3,2,6144.0,96,12,6252.0,0.03179931640625,0.0038118704687803984,24.188617706298828,0.9475118517875671,0.13337670266628265,0.009316985509940423
oracle_gate,0848.png,4a8f2f4eee348242b17eb7ee72aad9c1c1fe870a1d414db4704819fede40b660,10.0,0,3977824128,4,1,5120.0,64,12,5196.0,0.02642822265625,0.003816269338130951,24.183609008789062,0.9470884203910828,0.13301387429237366,0.009131407248787582
oracle_gate,0848.png,4a8f2f4eee348242b17eb7ee72aad9c1c1fe870a1d414db4704819fede40b660,10.0,0,3977824128,5,2,6144.0,96,12,6252.0,0.03179931640625,0.0038141857367008924,24.18598175048828,0.9473473429679871,0.13300782442092896,0.009131407248787582
oracle_gate,0848.png,4a8f2f4eee348242b17eb7ee72aad9c1c1fe870a1d414db4704819fede40b660,10.0,0,3977824128,6,2,6144.0,96,12,6252.0,0.03179931640625,0.0038040445651859045,24.19754409790039,0.9474657773971558,0.133420929312706,0.009131407248787582
oracle_gate,0848.png,4a8f2f4eee348242b17eb7ee72aad9c1c1fe870a1d414db4704819fede40b660,10.0,0,3977824128,7,3,7168.0,128,12,7308.0,0.03717041015625,0.003802447346970439,24.19936752319336,0.9476529955863953,0.13341598212718964,0.009131407248787582
oracle_gate,0848.png,4a8f2f4eee348242b17eb7ee72aad9c1c1fe870a1d414db4704819fede40b660,10.0,0,3977824128,8,1,5120.0,64,12,5196.0,0.02642822265625,0.0038256223779171705,24.17298126220703,0.9469157457351685,0.13295623660087585,0.009161107504041865
oracle_gate,0848.png,4a8f2f4eee348242b17eb7ee72aad9c1c1fe870a1d414db4704819fede40b660,10.0,0,3977824128,9,2,6144.0,96,12,6252.0,0.03179931640625,0.003822526428848505,24.176494598388672,0.947232186794281,0.13302761316299438,0.009161107504041865
oracle_gate,0848.png,4a8f2f4eee348242b17eb7ee72aad9c1c1fe870a1d414db4704819fede40b660,10.0,0,3977824128,10,2,6144.0,96,12,6252.0,0.03179931640625,0.0038136066868901253,24.186641693115234,0.9473086595535278,0.13344550132751465,0.009161107504041865
oracle_gate,0848.png,4a8f2f4eee348242b17eb7ee72aad9c1c1fe870a1d414db4704819fede40b660,10.0,0,3977824128,11,3,7168.0,128,12,7308.0,0.03717041015625,0.003811540547758341,24.188995361328125,0.9475234746932983,0.13347186148166656,0.009161107504041865
oracle_gate,0848.png,4a8f2f4eee348242b17eb7ee72aad9c1c1fe870a1d414db4704819fede40b660,10.0,0,3977824128,12,2,6144.0,96,12,6252.0,0.03179931640625,0.0038103058468550444,24.19040298461914,0.9472094774246216,0.1329546868801117,0.009571780494297855
oracle_gate,0848.png,4a8f2f4eee348242b17eb7ee72aad9c1c1fe870a1d414db4704819fede40b660,10.0,0,3977824128,13,3,7168.0,128,12,7308.0,0.03717041015625,0.0038081107195466757,24.19290542602539,0.9474549293518066,0.13297592103481293,0.009571780494297855
oracle_gate,0848.png,4a8f2f4eee348242b17eb7ee72aad9c1c1fe870a1d414db4704819fede40b660,10.0,0,3977824128,14,3,7168.0,128,12,7308.0,0.03717041015625,0.00379866361618042,24.203691482543945,0.9475674629211426,0.1334209144115448,0.009571780494297855
oracle_gate,0848.png,4a8f2f4eee348242b17eb7ee72aad9c1c1fe870a1d414db4704819fede40b660,10.0,0,3977824128,15,4,8192.0,160,12,8364.0,0.04254150390625,0.0037972505670040846,24.205307006835938,0.9477438926696777,0.13341455161571503,0.009571780494297855
oracle_gate,0848.png,4a8f2f4eee348242b17eb7ee72aad9c1c1fe870a1d414db4704819fede40b660,10.0,1,1081465224,0,0,4096.0,32,10,4138.0,0.021046956380208332,0.00375358946621418,24.25553321838379,0.9476045370101929,0.1326407492160797,0.00914844275393989
oracle_gate,0848.png,4a8f2f4eee348242b17eb7ee72aad9c1c1fe870a1d414db4704819fede40b660,10.0,1,1081465224,1,1,5120.0,64,12,5196.0,0.02642822265625,0.003797060577198863,24.205528259277344,0.9465733766555786,0.13135558366775513,0.00914844275393989
oracle_gate,0848.png,4a8f2f4eee348242b17eb7ee72aad9c1c1fe870a1d414db4704819fede40b660,10.0,1,1081465224,2,1,5120.0,64,12,5196.0,0.02642822265625,0.003792466362938285,24.21078109741211,0.9464243650436401,0.1322447955608368,0.00914844275393989
oracle_gate,0848.png,4a8f2f4eee348242b17eb7ee72aad9c1c1fe870a1d414db4704819fede40b660,10.0,1,1081465224,3,2,6144.0,96,12,6252.0,0.03179931640625,0.003788464469835162,24.215370178222656,0.9466334581375122,0.13212531805038452,0.00914844275393989
oracle_gate,0848.png,4a8f2f4eee348242b17eb7ee72aad9c1c1fe870a1d414db4704819fede40b660,10.0,1,1081465224,4,1,5120.0,64,12,5196.0,0.02642822265625,0.0037900141905993223,24.213592529296875,0.9467282295227051,0.13144859671592712,0.009488312498433515
oracle_gate,0848.png,4a8f2f4eee348242b17eb7ee72aad9c1c1fe870a1d414db4704819fede40b660,10.0,1,1081465224,5,2,6144.0,96,12,6252.0,0.03179931640625,0.003786987392231822,24.21706199645996,0.9469330310821533,0.13142520189285278,0.009488312498433515
oracle_gate,0848.png,4a8f2f4eee348242b17eb7ee72aad9c1c1fe870a1d414db4704819fede40b660,10.0,1,1081465224,6,2,6144.0,96,12,6252.0,0.03179931640625,0.003782611805945635,24.222084045410156,0.9467793703079224,0.13214007019996643,0.009488312498433515
oracle_gate,0848.png,4a8f2f4eee348242b17eb7ee72aad9c1c1fe870a1d414db4704819fede40b660,10.0,1,1081465224,7,3,7168.0,128,12,7308.0,0.03717041015625,0.0037781610153615475,24.227197647094727,0.9469918608665466,0.13216353952884674,0.009488312498433515
oracle_gate,0848.png,4a8f2f4eee348242b17eb7ee72aad9c1c1fe870a1d414db4704819fede40b660,10.0,1,1081465224,8,1,5120.0,64,12,5196.0,0.02642822265625,0.0037998012267053127,24.202392578125,0.9464377164840698,0.13157959282398224,0.009270459500839934
oracle_gate,0848.png,4a8f2f4eee348242b17eb7ee72aad9c1c1fe870a1d414db4704819fede40b660,10.0,1,1081465224,9,2,6144.0,96,12,6252.0,0.03179931640625,0.00379654997959733,24.206111907958984,0.9466536045074463,0.13139258325099945,0.009270459500839934
oracle_gate,0848.png,4a8f2f4eee348242b17eb7ee72aad9c1c1fe870a1d414db4704819fede40b660,10.0,1,1081465224,10,2,6144.0,96,12,6252.0,0.03179931640625,0.0037932349368929863,24.209903717041016,0.9465072154998779,0.1322220414876938,0.009270459500839934
oracle_gate,0848.png,4a8f2f4eee348242b17eb7ee72aad9c1c1fe870a1d414db4704819fede40b660,10.0,1,1081465224,11,3,7168.0,128,12,7308.0,0.03717041015625,0.0037892679683864117,24.214447021484375,0.9467189311981201,0.13207542896270752,0.009270459500839934
oracle_gate,0848.png,4a8f2f4eee348242b17eb7ee72aad9c1c1fe870a1d414db4704819fede40b660,10.0,1,1081465224,12,2,6144.0,96,12,6252.0,0.03179931640625,0.003792989067733288,24.21018409729004,0.9467761516571045,0.13154935836791992,0.009485549249802716
oracle_gate,0848.png,4a8f2f4eee348242b17eb7ee72aad9c1c1fe870a1d414db4704819fede40b660,10.0,1,1081465224,13,3,7168.0,128,12,7308.0,0.03717041015625,0.0037892661057412624,24.214448928833008,0.9469809532165527,0.1314871609210968,0.009485549249802716
oracle_gate,0848.png,4a8f2f4eee348242b17eb7ee72aad9c1c1fe870a1d414db4704819fede40b660,10.0,1,1081465224,14,3,7168.0,128,12,7308.0,0.03717041015625,0.0037863776087760925,24.21776008605957,0.9468202590942383,0.13214707374572754,0.009485549249802716
oracle_gate,0848.png,4a8f2f4eee348242b17eb7ee72aad9c1c1fe870a1d414db4704819fede40b660,10.0,1,1081465224,15,4,8192.0,160,12,8364.0,0.04254150390625,0.0037819016724824905,24.222898483276367,0.9470264911651611,0.13214434683322906,0.009485549249802716
oracle_gate,0848.png,4a8f2f4eee348242b17eb7ee72aad9c1c1fe870a1d414db4704819fede40b660,10.0,2,2866347542,0,0,4096.0,32,10,4138.0,0.021046956380208332,0.0037836171686649323,24.220928192138672,0.9491178393363953,0.13425898551940918,0.009341156750451773
oracle_gate,0848.png,4a8f2f4eee348242b17eb7ee72aad9c1c1fe870a1d414db4704819fede40b660,10.0,2,2866347542,1,1,5120.0,64,12,5196.0,0.02642822265625,0.003859611926600337,24.134563446044922,0.9478122591972351,0.1337594985961914,0.009341156750451773
oracle_gate,0848.png,4a8f2f4eee348242b17eb7ee72aad9c1c1fe870a1d414db4704819fede40b660,10.0,2,2866347542,2,1,5120.0,64,12,5196.0,0.02642822265625,0.003878183662891388,24.11371612548828,0.9474577903747559,0.13493598997592926,0.009341156750451773
oracle_gate,0848.png,4a8f2f4eee348242b17eb7ee72aad9c1c1fe870a1d414db4704819fede40b660,10.0,2,2866347542,3,2,6144.0,96,12,6252.0,0.03179931640625,0.00385088543407619,24.144393920898438,0.9477927684783936,0.13390590250492096,0.009341156750451773
oracle_gate,0848.png,4a8f2f4eee348242b17eb7ee72aad9c1c1fe870a1d414db4704819fede40b660,10.0,2,2866347542,4,1,5120.0,64,12,5196.0,0.02642822265625,0.003860109020024538,24.134004592895508,0.9479641914367676,0.13506032526493073,0.009271858754800633
oracle_gate,0848.png,4a8f2f4eee348242b17eb7ee72aad9c1c1fe870a1d414db4704819fede40b660,10.0,2,2866347542,5,2,6144.0,96,12,6252.0,0.03179931640625,0.003835822455585003,24.16141700744629,0.9482161402702332,0.13420143723487854,0.009271858754800633
oracle_gate,0848.png,4a8f2f4eee348242b17eb7ee72aad9c1c1fe870a1d414db4704819fede40b660,10.0,2,2866347542,6,2,6144.0,96,12,6252.0,0.03179931640625,0.003850857261568308,24.144428253173828,0.94794100522995,0.13515856862068176,0.009271858754800633
oracle_gate,0848.png,4a8f2f4eee348242b17eb7ee72aad9c1c1fe870a1d414db4704819fede40b660,10.0,2,2866347542,7,3,7168.0,128,12,7308.0,0.03717041015625,0.0038269914221018553,24.17142677307129,0.9482123255729675,0.13431328535079956,0.009271858754800633
oracle_gate,0848.png,4a8f2f4eee348242b17eb7ee72aad9c1c1fe870a1d414db4704819fede40b660,10.0,2,2866347542,8,1,5120.0,64,12,5196.0,0.02642822265625,0.0038631174247711897,24.1306209564209,0.9477483034133911,0.13337492942810059,0.009388496502651833
oracle_gate,0848.png,4a8f2f4eee348242b17eb7ee72aad9c1c1fe870a1d414db4704819fede40b660,10.0,2,2866347542,9,2,6144.0,96,12,6252.0,0.03179931640625,0.0038346489891409874,24.162742614746094,0.9480901956558228,0.13232950866222382,0.009388496502651833
oracle_gate,0848.png,4a8f2f4eee348242b17eb7ee72aad9c1c1fe870a1d414db4704819fede40b660,10.0,2,2866347542,10,2,6144.0,96,12,6252.0,0.03179931640625,0.0038571516051888466,24.1373348236084,0.9476706385612488,0.13370029628276825,0.009388496502651833
oracle_gate,0848.png,4a8f2f4eee348242b17eb7ee72aad9c1c1fe870a1d414db4704819fede40b660,10.0,2,2866347542,11,3,7168.0,128,12,7308.0,0.03717041015625,0.0038296773564070463,24.168378829956055,0.9480020403862,0.13268110156059265,0.009388496502651833
oracle_gate,0848.png,4a8f2f4eee348242b17eb7ee72aad9c1c1fe870a1d414db4704819fede40b660,10.0,2,2866347542,12,2,6144.0,96,12,6252.0,0.03179931640625,0.0038438632618635893,24.152320861816406,0.9481440782546997,0.1336689293384552,0.008743294500163756
oracle_gate,0848.png,4a8f2f4eee348242b17eb7ee72aad9c1c1fe870a1d414db4704819fede40b660,10.0,2,2866347542,13,3,7168.0,128,12,7308.0,0.03717041015625,0.0038186032325029373,24.18095588684082,0.948429524898529,0.13278770446777344,0.008743294500163756
oracle_gate,0848.png,4a8f2f4eee348242b17eb7ee72aad9c1c1fe870a1d414db4704819fede40b660,10.0,2,2866347542,14,3,7168.0,128,12,7308.0,0.03717041015625,0.0038375165313482285,24.15949821472168,0.9480719566345215,0.1339620053768158,0.008743294500163756
oracle_gate,0848.png,4a8f2f4eee348242b17eb7ee72aad9c1c1fe870a1d414db4704819fede40b660,10.0,2,2866347542,15,4,8192.0,160,12,8364.0,0.04254150390625,0.0038133966736495495,24.186880111694336,0.9483447074890137,0.13312432169914246,0.008743294500163756
oracle_gate,0848.png,4a8f2f4eee348242b17eb7ee72aad9c1c1fe870a1d414db4704819fede40b660,10.0,3,2724353438,0,0,4096.0,32,10,4138.0,0.021046956380208332,0.0037609683349728584,24.247005462646484,0.9471856951713562,0.136276513338089,0.009014951749122702
oracle_gate,0848.png,4a8f2f4eee348242b17eb7ee72aad9c1c1fe870a1d414db4704819fede40b660,10.0,3,2724353438,1,1,5120.0,64,12,5196.0,0.02642822265625,0.0038250794168561697,24.173595428466797,0.945814847946167,0.1353951394557953,0.009014951749122702
oracle_gate,0848.png,4a8f2f4eee348242b17eb7ee72aad9c1c1fe870a1d414db4704819fede40b660,10.0,3,2724353438,2,1,5120.0,64,12,5196.0,0.02642822265625,0.0038124420680105686,24.18796730041504,0.9458850622177124,0.13606302440166473,0.009014951749122702
oracle_gate,0848.png,4a8f2f4eee348242b17eb7ee72aad9c1c1fe870a1d414db4704819fede40b660,10.0,3,2724353438,3,2,6144.0,96,12,6252.0,0.03179931640625,0.0038081780076026917,24.192827224731445,0.9459266662597656,0.13541212677955627,0.009014951749122702
oracle_gate,0848.png,4a8f2f4eee348242b17eb7ee72aad9c1c1fe870a1d414db4704819fede40b660,10.0,3,2724353438,4,1,5120.0,64,12,5196.0,0.02642822265625,0.003810107707977295,24.190628051757812,0.9464153051376343,0.1355629563331604,0.00924555299570784
oracle_gate,0848.png,4a8f2f4eee348242b17eb7ee72aad9c1c1fe870a1d414db4704819fede40b660,10.0,3,2724353438,5,2,6144.0,96,12,6252.0,0.03179931640625,0.003811206202954054,24.189374923706055,0.9463626742362976,0.13510873913764954,0.00924555299570784
oracle_gate,0848.png,4a8f2f4eee348242b17eb7ee72aad9c1c1fe870a1d414db4704819fede40b660,10.0,3,2724353438,6,2,6144.0,96,12,6252.0,0.03179931640625,0.0037963520735502243,24.206335067749023,0.9464874267578125,0.1356259286403656,0.00924555299570784
oracle_gate,0848.png,4a8f2f4eee348242b17eb7ee72aad9c1c1fe870a1d414db4704819fede40b660,10.0,3,2724353438,7,3,7168.0,128,12,7308.0,0.03717041015625,0.0037941131740808487,24.208898544311523,0.9464490413665771,0.13509832322597504,0.00924555299570784
oracle_gate,0848.png,4a8f2f4eee348242b17eb7ee72aad9c1c1fe870a1d414db4704819fede40b660,10.0,3,2724353438,8,1,5120.0,64,12,5196.0,0.02642822265625,0.0038089598529040813,24.191936492919922,0.9463176727294922,0.1361994594335556,0.009547865760396235
oracle_gate,0848.png,4a8f2f4eee348242b17eb7ee72aad9c1c1fe870a1d414db4704819fede40b660,10.0,3,2724353438,9,2,6144.0,96,12,6252.0,0.03179931640625,0.0038077374920248985,24.193328857421875,0.946323812007904,0.13559314608573914,0.009547865760396235
oracle_gate,0848.png,4a8f2f4eee348242b17eb7ee72aad9c1c1fe870a1d414db4704819fede40b660,10.0,3,2724353438,10,2,6144.0,96,12,6252.0,0.03179931640625,0.0037938719615340233,24.20917320251465,0.9463633298873901,0.13619959354400635,0.009547865760396235
oracle_gate,0848.png,4a8f2f4eee348242b17eb7ee72aad9c1c1fe870a1d414db4704819fede40b660,10.0,3,2724353438,11,3,7168.0,128,12,7308.0,0.03717041015625,0.0037897839210927486,24.213855743408203,0.946375846862793,0.135529026389122,0.009547865760396235
oracle_gate,0848.png,4a8f2f4eee348242b17eb7ee72aad9c1c1fe870a1d414db4704819fede40b660,10.0,3,2724353438,12,2,6144.0,96,12,6252.0,0.03179931640625,0.003793723415583372,24.20934295654297,0.9468490481376648,0.13590271770954132,0.008811040504951961
oracle_gate,0848.png,4a8f2f4eee348242b17eb7ee72aad9c1c1fe870a1d414db4704819fede40b660,10.0,3,2724353438,13,3,7168.0,128,12,7308.0,0.03717041015625,0.0037947583477944136,24.208160400390625,0.9467647075653076,0.1353885978460312,0.008811040504951961
oracle_gate,0848.png,4a8f2f4eee348242b17eb7ee72aad9c1c1fe870a1d414db4704819fede40b660,10.0,3,2724353438,14,3,7168.0,128,12,7308.0,0.03717041015625,0.003778696758672595,24.226581573486328,0.9468730688095093,0.1358475685119629,0.008811040504951961
oracle_gate,0848.png,4a8f2f4eee348242b17eb7ee72aad9c1c1fe870a1d414db4704819fede40b660,10.0,3,2724353438,15,4,8192.0,160,12,8364.0,0.04254150390625,0.003776676021516323,24.228900909423828,0.946800708770752,0.1353118121623993,0.008811040504951961
oracle_gate,0849.png,1d576e20f4720050d0b7af5295b323c342a5284ed75a8ce3bae6e0cb46c89eb6,10.0,0,2533724064,0,0,4096.0,32,10,4138.0,0.021046956380208332,0.003837285563349724,24.159759521484375,0.958159327507019,0.14796872437000275,0.009134349005762488
oracle_gate,0849.png,1d576e20f4720050d0b7af5295b323c342a5284ed75a8ce3bae6e0cb46c89eb6,10.0,0,2533724064,1,1,5120.0,64,12,5196.0,0.02642822265625,0.003930165432393551,24.055892944335938,0.9556854963302612,0.15063948929309845,0.009134349005762488
oracle_gate,0849.png,1d576e20f4720050d0b7af5295b323c342a5284ed75a8ce3bae6e0cb46c89eb6,10.0,0,2533724064,2,1,5120.0,64,12,5196.0,0.02642822265625,0.003924428950995207,24.06223487854004,0.956041693687439,0.1519056260585785,0.009134349005762488
oracle_gate,0849.png,1d576e20f4720050d0b7af5295b323c342a5284ed75a8ce3bae6e0cb46c89eb6,10.0,0,2533724064,3,2,6144.0,96,12,6252.0,0.03179931640625,0.0039001356344670057,24.089202880859375,0.9564380645751953,0.15181869268417358,0.009134349005762488
oracle_gate,0849.png,1d576e20f4720050d0b7af5295b323c342a5284ed75a8ce3bae6e0cb46c89eb6,10.0,0,2533724064,4,1,5120.0,64,12,5196.0,0.02642822265625,0.0039482093416154385,24.03599739074707,0.9555937647819519,0.15024055540561676,0.009759055741596967
oracle_gate,0849.png,1d576e20f4720050d0b7af5295b323c342a5284ed75a8ce3bae6e0cb46c89eb6,10.0,0,2533724064,5,2,6144.0,96,12,6252.0,0.03179931640625,0.003923643380403519,24.063106536865234,0.9559935927391052,0.15004128217697144,0.009759055741596967
oracle_gate,0849.png,1d576e20f4720050d0b7af5295b323c342a5284ed75a8ce3bae6e0cb46c89eb6,10.0,0,2533724064,6,2,6144.0,96,12,6252.0,0.03179931640625,0.003916801884770393,24.0706844329834,0.9564650058746338,0.15117187798023224,0.009759055741596967
oracle_gate,0849.png,1d576e20f4720050d0b7af5295b323c342a5284ed75a8ce3bae6e0cb46c89eb6,10.0,0,2533724064,7,3,7168.0,128,12,7308.0,0.03717041015625,0.0038943407125771046,24.095661163330078,0.956718921661377,0.1512288749217987,0.009759055741596967
oracle_gate,0849.png,1d576e20f4720050d0b7af5295b323c342a5284ed75a8ce3bae6e0cb46c89eb6,10.0,0,2533724064,8,1,5120.0,64,12,5196.0,0.02642822265625,0.00390573195181787,24.082975387573242,0.9559651613235474,0.14845821261405945,0.009213156998157501
oracle_gate,0849.png,1d576e20f4720050d0b7af5295b323c342a5284ed75a8ce3bae6e0cb46c89eb6,10.0,0,2533724064,9,2,6144.0,96,12,6252.0,0.03179931640625,0.0038797701708972454,24.111940383911133,0.9564854502677917,0.14808239042758942,0.009213156998157501
oracle_gate,0849.png,1d576e20f4720050d0b7af5295b323c342a5284ed75a8ce3bae6e0cb46c89eb6,10.0,0,2533724064,10,2,6144.0,96,12,6252.0,0.03179931640625,0.0038754751440137625,24.11675262451172,0.9567503929138184,0.14920754730701447,0.009213156998157501
oracle_gate,0849.png,1d576e20f4720050d0b7af5295b323c342a5284ed75a8ce3bae6e0cb46c89eb6,10.0,0,2533724064,11,3,7168.0,128,12,7308.0,0.03717041015625,0.003851488931104541,24.143714904785156,0.9571229815483093,0.14911696314811707,0.009213156998157501
oracle_gate,0849.png,1d576e20f4720050d0b7af5295b323c342a5284ed75a8ce3bae6e0cb46c89eb6,10.0,0,2533724064,12,2,6144.0,96,12,6252.0,0.03179931640625,0.0038978324737399817,24.091768264770508,0.9564661979675293,0.14764955639839172,0.009747618256369606
oracle_gate,0849.png,1d576e20f4720050d0b7af5295b323c342a5284ed75a8ce3bae6e0cb46c89eb6,10.0,0,2533724064,13,3,7168.0,128,12,7308.0,0.03717041015625,0.003873396199196577,24.119081497192383,0.9568547010421753,0.14743174612522125,0.009747618256369606
oracle_gate,0849.png,1d576e20f4720050d0b7af5295b323c342a5284ed75a8ce3bae6e0cb46c89eb6,10.0,0,2533724064,14,3,7168.0,128,12,7308.0,0.03717041015625,0.003868130734190345,24.124988555908203,0.9572159051895142,0.14841312170028687,0.009747618256369606
oracle_gate,0849.png,1d576e20f4720050d0b7af5295b323c342a5284ed75a8ce3bae6e0cb46c89eb6,10.0,0,2533724064,15,4,8192.0,160,12,8364.0,0.04254150390625,0.003845703788101673,24.15024185180664,0.9574614763259888,0.1484527587890625,0.009747618256369606
oracle_gate,0849.png,1d576e20f4720050d0b7af5295b323c342a5284ed75a8ce3bae6e0cb46c89eb6,10.0,1,3014679638,0,0,4096.0,32,10,4138.0,0.021046956380208332,0.0039056744426488876,24.083040237426758,0.9591967463493347,0.14955756068229675,0.00953509499959182
oracle_gate,0849.png,1d576e20f4720050d0b7af5295b323c342a5284ed75a8ce3bae6e0cb46c89eb6,10.0,1,3014679638,1,1,5120.0,64,12,5196.0,0.02642822265625,0.0040108333341777325,23.967655181884766,0.957542896270752,0.15116307139396667,0.00953509499959182
oracle_gate,0849.png,1d576e20f4720050d0b7af5295b323c342a5284ed75a8ce3bae6e0cb46c89eb6,10.0,1,3014679638,2,1,5120.0,64,12,5196.0,0.02642822265625,0.003979952540248632,24.001220703125,0.9577244520187378,0.15118446946144104,0.00953509499959182
oracle_gate,0849.png,1d576e20f4720050d0b7af5295b323c342a5284ed75a8ce3bae6e0cb46c89eb6,10.0,1,3014679638,3,2,6144.0,96,12,6252.0,0.03179931640625,0.003955553751438856,24.02792739868164,0.9582885503768921,0.1499386429786682,0.00953509499959182
oracle_gate,0849.png,1d576e20f4720050d0b7af5295b323c342a5284ed75a8ce3bae6e0cb46c89eb6,10.0,1,3014679638,4,1,5120.0,64,12,5196.0,0.02642822265625,0.004012071527540684,23.966312408447266,0.9573978185653687,0.15259157121181488,0.008854512241669
oracle_gate,0849.png,1d576e20f4720050d0b7af5295b323c342a5284ed75a8ce3bae6e0cb46c89eb6,10.0,1,3014679638,5,2,6144.0,96,12,6252.0,0.03179931640625,0.003988304175436497,23.99211883544922,0.9579290151596069,0.15082627534866333,0.008854512241669
oracle_gate,0849.png,1d576e20f4720050d0b7af5295b323c342a5284ed75a8ce3bae6e0cb46c89eb6,10.0,1,3014679638,6,2,6144.0,96,12,6252.0,0.03179931640625,0.003956615924835205,24.02676010131836,0.9582309126853943,0.15105637907981873,0.008854512241669
oracle_gate,0849.png,1d576e20f4720050d0b7af5295b323c342a5284ed75a8ce3bae6e0cb46c89eb6,10.0,1,3014679638,7,3,7168.0,128,12,7308.0,0.03717041015625,0.003933422267436981,24.052295684814453,0.9586701393127441,0.14958491921424866,0.008854512241669
oracle_gate,0849.png,1d576e20f4720050d0b7af5295b323c342a5284ed75a8ce3bae6e0cb46c89eb6,10.0,1,3014679638,8,1,5120.0,64,12,5196.0,0.02642822265625,0.004000264219939709,23.97911262512207,0.9574069976806641,0.15193650126457214,0.009001211758004501
oracle_gate,0849.png,1d576e20f4720050d0b7af5295b323c342a5284ed75a8ce3bae6e0cb46c89eb6,10.0,1,3014679638,9,2,6144.0,96,12,6252.0,0.03179931640625,0.0039749653078615665,24.006668090820312,0.9580790996551514,0.15041008591651917,0.009001211758004501
oracle_gate,0849.png,1d576e20f4720050d0b7af5295b323c342a5284ed75a8ce3bae6e0cb46c89eb6,10.0,1,3014679638,10,2,6144.0,96,12,6252.0,0.03179931640625,0.003946113400161266,24.038305282592773,0.9582271575927734,0.15046729147434235,0.009001211758004501
oracle_gate,0849.png,1d576e20f4720050d0b7af5295b323c342a5284ed75a8ce3bae6e0cb46c89eb6,10.0,1,3014679638,11,3,7168.0,128,12,7308.0,0.03717041015625,0.003921842202544212,24.065101623535156,0.9587771892547607,0.14919357001781464,0.009001211758004501
oracle_gate,0849.png,1d576e20f4720050d0b7af5295b323c342a5284ed75a8ce3bae6e0cb46c89eb6,10.0,1,3014679638,12,2,6144.0,96,12,6252.0,0.03179931640625,0.003977801185101271,24.003570556640625,0.9578418731689453,0.15170684456825256,0.009219850006047636
oracle_gate,0849.png,1d576e20f4720050d0b7af5295b323c342a5284ed75a8ce3bae6e0cb46c89eb6,10.0,1,3014679638,13,3,7168.0,128,12,7308.0,0.03717041015625,0.003953401930630207,24.030288696289062,0.9584068059921265,0.14991259574890137,0.009219850006047636
oracle_gate,0849.png,1d576e20f4720050d0b7af5295b323c342a5284ed75a8ce3bae6e0cb46c89eb6,10.0,1,3014679638,14,3,7168.0,128,12,7308.0,0.03717041015625,0.003923504613339901,24.06325912475586,0.958675742149353,0.15016070008277893,0.009219850006047636
oracle_gate,0849.png,1d576e20f4720050d0b7af5295b323c342a5284ed75a8ce3bae6e0cb46c89eb6,10.0,1,3014679638,15,4,8192.0,160,12,8364.0,0.04254150390625,0.0039005279541015625,24.08876609802246,0.9591009020805359,0.14868660271167755,0.009219850006047636
oracle_gate,0849.png,1d576e20f4720050d0b7af5295b323c342a5284ed75a8ce3bae6e0cb46c89eb6,10.0,2,2228815902,0,0,4096.0,32,10,4138.0,0.021046956380208332,0.004012870602309704,23.965450286865234,0.9586326479911804,0.15182547271251678,0.009130411999649368
oracle_gate,0849.png,1d576e20f4720050d0b7af5295b323c342a5284ed75a8ce3bae6e0cb46c89eb6,10.0,2,2228815902,1,1,5120.0,64,12,5196.0,0.02642822265625,0.004118104465305805,23.85302734375,0.9576636552810669,0.15158796310424805,0.009130411999649368
oracle_gate,0849.png,1d576e20f4720050d0b7af5295b323c342a5284ed75a8ce3bae6e0cb46c89eb6,10.0,2,2228815902,2,1,5120.0,64,12,5196.0,0.02642822265625,0.00410053413361311,23.87159538269043,0.9575671553611755,0.15173840522766113,0.009130411999649368
oracle_gate,0849.png,1d576e20f4720050d0b7af5295b323c342a5284ed75a8ce3bae6e0cb46c89eb6,10.0,2,2228815902,3,2,6144.0,96,12,6252.0,0.03179931640625,0.004094546660780907,23.87794303894043,0.9578937292098999,0.1519656777381897,0.009130411999649368
oracle_gate,0849.png,1d576e20f4720050d0b7af5295b323c342a5284ed75a8ce3bae6e0cb46c89eb6,10.0,2,2228815902,4,1,5120.0,64,12,5196.0,0.02642822265625,0.0041185468435287476,23.85256004333496,0.9574930667877197,0.15225762128829956,0.008777713752351701
oracle_gate,0849.png,1d576e20f4720050d0b7af5295b323c342a5284ed75a8ce3bae6e0cb46c89eb6,10.0,2,2228815902,5,2,6144.0,96,12,6252.0,0.03179931640625,0.004105711355805397,23.86611557006836,0.957746684551239,0.15173634886741638,0.008777713752351701
oracle_gate,0849.png,1d576e20f4720050d0b7af5295b323c342a5284ed75a8ce3bae6e0cb46c89eb6,10.0,2,2228815902,6,2,6144.0,96,12,6252.0,0.03179931640625,0.004089399240911007,23.883403778076172,0.9577776789665222,0.15257315337657928,0.008777713752351701
oracle_gate,0849.png,1d576e20f4720050d0b7af5295b323c342a5284ed75a8ce3bae6e0cb46c89eb6,10.0,2,2228815902,7,3,7168.0,128,12,7308.0,0.03717041015625,0.004082066938281059,23.89120101928711,0.9579890966415405,0.15210425853729248,0.008777713752351701
oracle_gate,0849.png,1d576e20f4720050d0b7af5295b323c342a5284ed75a8ce3bae6e0cb46c89eb6,10.0,2,2228815902,8,1,5120.0,64,12,5196.0,0.02642822265625,0.004099633544683456,23.872549057006836,0.9575197100639343,0.15143629908561707,0.009737804502947256
oracle_gate,0849.png,1d576e20f4720050d0b7af5295b323c342a5284ed75a8ce3bae6e0cb46c89eb6,10.0,2,2228815902,9,2,6144.0,96,12,6252.0,0.03179931640625,0.004088516812771559,23.88434410095215,0.9578601717948914,0.1515991985797882,0.009737804502947256
oracle_gate,0849.png,1d576e20f4720050d0b7af5295b323c342a5284ed75a8ce3bae6e0cb46c89eb6,10.0,2,2228815902,10,2,6144.0,96,12,6252.0,0.03179931640625,0.004075813107192516,23.897857666015625,0.9576982259750366,0.15149176120758057,0.009737804502947256
oracle_gate,0849.png,1d576e20f4720050d0b7af5295b323c342a5284ed75a8ce3bae6e0cb46c89eb6,10.0,2,2228815902,11,3,7168.0,128,12,7308.0,0.03717041015625,0.004069990012794733,23.90406608581543,0.9580198526382446,0.1517276018857956,0.009737804502947256
oracle_gate,0849.png,1d576e20f4720050d0b7af5295b323c342a5284ed75a8ce3bae6e0cb46c89eb6,10.0,2,2228815902,12,2,6144.0,96,12,6252.0,0.03179931640625,0.004087488166987896,23.88543701171875,0.9576328992843628,0.15208905935287476,0.00914657449175138
oracle_gate,0849.png,1d576e20f4720050d0b7af5295b323c342a5284ed75a8ce3bae6e0cb46c89eb6,10.0,2,2228815902,13,3,7168.0,128,12,7308.0,0.03717041015625,0.00407434394583106,23.899423599243164,0.9579030275344849,0.15157827734947205,0.00914657449175138
oracle_gate,0849.png,1d576e20f4720050d0b7af5295b323c342a5284ed75a8ce3bae6e0cb46c89eb6,10.0,2,2228815902,14,3,7168.0,128,12,7308.0,0.03717041015625,0.004062975756824017,23.91156005859375,0.9578704833984375,0.15214857459068298,0.00914657449175138
oracle_gate,0849.png,1d576e20f4720050d0b7af5295b323c342a5284ed75a8ce3bae6e0cb46c89eb6,10.0,2,2228815902,15,4,8192.0,160,12,8364.0,0.04254150390625,0.004055747762322426,23.919292449951172,0.958077073097229,0.15168409049510956,0.00914657449175138
oracle_gate,0849.png,1d576e20f4720050d0b7af5295b323c342a5284ed75a8ce3bae6e0cb46c89eb6,10.0,3,2558856851,0,0,4096.0,32,10,4138.0,0.021046956380208332,0.0039315964095294476,24.054309844970703,0.9589964747428894,0.14423435926437378,0.009173457743600011
oracle_gate,0849.png,1d576e20f4720050d0b7af5295b323c342a5284ed75a8ce3bae6e0cb46c89eb6,10.0,3,2558856851,1,1,5120.0,64,12,5196.0,0.02642822265625,0.004016312304884195,23.96172523498535,0.957807719707489,0.1449945569038391,0.009173457743600011
oracle_gate,0849.png,1d576e20f4720050d0b7af5295b323c342a5284ed75a8ce3bae6e0cb46c89eb6,10.0,3,2558856851,2,1,5120.0,64,12,5196.0,0.02642822265625,0.004041045904159546,23.935062408447266,0.9574968218803406,0.14472946524620056,0.009173457743600011
oracle_gate,0849.png,1d576e20f4720050d0b7af5295b323c342a5284ed75a8ce3bae6e0cb46c89eb6,10.0,3,2558856851,3,2,6144.0,96,12,6252.0,0.03179931640625,0.0040110270492732525,23.967445373535156,0.9579283595085144,0.14433637261390686,0.009173457743600011
oracle_gate,0849.png,1d576e20f4720050d0b7af5295b323c342a5284ed75a8ce3bae6e0cb46c89eb6,10.0,3,2558856851,4,1,5120.0,64,12,5196.0,0.02642822265625,0.004031449090689421,23.945388793945312,0.9576775431632996,0.14569473266601562,0.009146205251454376
oracle_gate,0849.png,1d576e20f4720050d0b7af5295b323c342a5284ed75a8ce3bae6e0cb46c89eb6,10.0,3,2558856851,5,2,6144.0,96,12,6252.0,0.03179931640625,0.003994920756667852,23.984920501708984,0.9582424163818359,0.1443215161561966,0.009146205251454376
oracle_gate,0849.png,1d576e20f4720050d0b7af5295b323c342a5284ed75a8ce3bae6e0cb46c89eb6,10.0,3,2558856851,6,2,6144.0,96,12,6252.0,0.03179931640625,0.004017701838165522,23.960224151611328,0.9579800963401794,0.14438177645206451,0.009146205251454376
oracle_gate,0849.png,1d576e20f4720050d0b7af5295b323c342a5284ed75a8ce3bae6e0cb46c89eb6,10.0,3,2558856851,7,3,7168.0,128,12,7308.0,0.03717041015625,0.003989159129559994,23.991186141967773,0.9583992958068848,0.14364652335643768,0.009146205251454376
oracle_gate,0849.png,1d576e20f4720050d0b7af5295b323c342a5284ed75a8ce3bae6e0cb46c89eb6,10.0,3,2558856851,8,1,5120.0,64,12,5196.0,0.02642822265625,0.0040236967615783215,23.953750610351562,0.957695484161377,0.14653879404067993,0.00952888723986689
oracle_gate,0849.png,1d576e20f4720050d0b7af5295b323c342a5284ed75a8ce3bae6e0cb46c89eb6,10.0,3,2558856851,9,2,6144.0,96,12,6252.0,0.03179931640625,0.003985649906098843,23.99500846862793,0.9582605361938477,0.14549735188484192,0.00952888723986689
oracle_gate,0849.png,1d576e20f4720050d0b7af5295b323c342a5284ed75a8ce3bae6e0cb46c89eb6,10.0,3,2558856851,10,2,6144.0,96,12,6252.0,0.03179931640625,0.004013321828097105,23.9649600982666,0.9579352736473083,0.1448637843132019,0.00952888723986689
oracle_gate,0849.png,1d576e20f4720050d0b7af5295b323c342a5284ed75a8ce3bae6e0cb46c89eb6,10.0,3,2558856851,11,3,7168.0,128,12,7308.0,0.03717041015625,0.003982945811003447,23.997955322265625,0.9583660960197449,0.14447371661663055,0.00952888723986689
oracle_gate,0849.png,1d576e20f4720050d0b7af5295b323c342a5284ed75a8ce3bae6e0cb46c89eb6,10.0,3,2558856851,12,2,6144.0,96,12,6252.0,0.03179931640625,0.004007882438600063,23.970849990844727,0.9579086303710938,0.14630736410617828,0.009188481999444775
oracle_gate,0849.png,1d576e20f4720050d0b7af5295b323c342a5284ed75a8ce3bae6e0cb46c89eb6,10.0,3,2558856851,13,3,7168.0,128,12,7308.0,0.03717041015625,0.003971118479967117,24.01087188720703,0.9584897756576538,0.14492706954479218,0.009188481999444775
oracle_gate,0849.png,1d576e20f4720050d0b7af5295b323c342a5284ed75a8ce3bae6e0cb46c89eb6,10.0,3,2558856851,14,3,7168.0,128,12,7308.0,0.03717041015625,0.0039969393983483315,23.982725143432617,0.9581842422485352,0.14461489021778107,0.009188481999444775
oracle_gate,0849.png,1d576e20f4720050d0b7af5295b323c342a5284ed75a8ce3bae6e0cb46c89eb6,10.0,3,2558856851,15,4,8192.0,160,12,8364.0,0.04254150390625,0.003968134988099337,24.014137268066406,0.9586111903190613,0.14391261339187622,0.009188481999444775
oracle_gate,0850.png,1d026bda033ce6fa0db97aa3ec120f3609663f4d0aaf2f9d8e677fdbe235ab03,10.0,0,1048620672,0,0,4096.0,32,10,4138.0,0.021046956380208332,0.0010847498197108507,29.646703720092773,0.9764735102653503,0.08000621199607849,0.009031594745465554
oracle_gate,0850.png,1d026bda033ce6fa0db97aa3ec120f3609663f4d0aaf2f9d8e677fdbe235ab03,10.0,0,1048620672,1,1,5120.0,64,12,5196.0,0.02642822265625,0.0011143452720716596,29.529802322387695,0.9752901792526245,0.07947289198637009,0.009031594745465554
oracle_gate,0850.png,1d026bda033ce6fa0db97aa3ec120f3609663f4d0aaf2f9d8e677fdbe235ab03,10.0,0,1048620672,2,1,5120.0,64,12,5196.0,0.02642822265625,0.0011123851872980595,29.53744888305664,0.9754046201705933,0.07999654114246368,0.009031594745465554
oracle_gate,0850.png,1d026bda033ce6fa0db97aa3ec120f3609663f4d0aaf2f9d8e677fdbe235ab03,10.0,0,1048620672,3,2,6144.0,96,12,6252.0,0.03179931640625,0.0010973529424518347,29.596538543701172,0.9757577776908875,0.07974023371934891,0.009031594745465554
oracle_gate,0850.png,1d026bda033ce6fa0db97aa3ec120f3609663f4d0aaf2f9d8e677fdbe235ab03,10.0,0,1048620672,4,1,5120.0,64,12,5196.0,0.02642822265625,0.001132784178480506,29.45853042602539,0.9748865365982056,0.0797845870256424,0.008948494010837749
oracle_gate,0850.png,1d026bda033ce6fa0db97aa3ec120f3609663f4d0aaf2f9d8e677fdbe235ab03,10.0,0,1048620672,5,2,6144.0,96,12,6252.0,0.03179931640625,0.0011149888159707189,29.527297973632812,0.9753779768943787,0.07918325066566467,0.008948494010837749
oracle_gate,0850.png,1d026bda033ce6fa0db97aa3ec120f3609663f4d0aaf2f9d8e677fdbe235ab03,10.0,0,1048620672,6,2,6144.0,96,12,6252.0,0.03179931640625,0.0011147698387503624,29.52815055847168,0.9754711985588074,0.07965975999832153,0.008948494010837749
oracle_gate,0850.png,1d026bda033ce6fa0db97aa3ec120f3609663f4d0aaf2f9d8e677fdbe235ab03,10.0,0,1048620672,7,3,7168.0,128,12,7308.0,0.03717041015625,0.0010987153509631753,29.591150283813477,0.975817084312439,0.07946423441171646,0.008948494010837749
oracle_gate,0850.png,1d026bda033ce6fa0db97aa3ec120f3609663f4d0aaf2f9d8e677fdbe235ab03,10.0,0,1048620672,8,1,5120.0,64,12,5196.0,0.02642822265625,0.0011297613382339478,29.470134735107422,0.9750136733055115,0.08007745444774628,0.009105535747949034
oracle_gate,0850.png,1d026bda033ce6fa0db97aa3ec120f3609663f4d0aaf2f9d8e677fdbe235ab03,10.0,0,1048620672,9,2,6144.0,96,12,6252.0,0.03179931640625,0.001112072728574276,29.53866958618164,0.9755082130432129,0.07942662388086319,0.009105535747949034
oracle_gate,0850.png,1d026bda033ce6fa0db97aa3ec120f3609663f4d0aaf2f9d8e677fdbe235ab03,10.0,0,1048620672,10,2,6144.0,96,12,6252.0,0.03179931640625,0.0011107014724984765,29.54402732849121,0.9755403399467468,0.07987241446971893,0.009105535747949034
oracle_gate,0850.png,1d026bda033ce6fa0db97aa3ec120f3609663f4d0aaf2f9d8e677fdbe235ab03,10.0,0,1048620672,11,3,7168.0,128,12,7308.0,0.03717041015625,0.0010954237077385187,29.60417938232422,0.9759013056755066,0.07961671054363251,0.009105535747949034
oracle_gate,0850.png,1d026bda033ce6fa0db97aa3ec120f3609663f4d0aaf2f9d8e677fdbe235ab03,10.0,0,1048620672,12,2,6144.0,96,12,6252.0,0.03179931640625,0.001130510587245226,29.467254638671875,0.9751266241073608,0.0799439549446106,0.00956169274286367
oracle_gate,0850.png,1d026bda033ce6fa0db97aa3ec120f3609663f4d0aaf2f9d8e677fdbe235ab03,10.0,0,1048620672,13,3,7168.0,128,12,7308.0,0.03717041015625,0.0011126783210784197,29.536304473876953,0.9756201505661011,0.0793444812297821,0.00956169274286367
oracle_gate,0850.png,1d026bda033ce6fa0db97aa3ec120f3609663f4d0aaf2f9d8e677fdbe235ab03,10.0,0,1048620672,14,3,7168.0,128,12,7308.0,0.03717041015625,0.0011125311721116304,29.53687858581543,0.9756492376327515,0.07974810153245926,0.00956169274286367
oracle_gate,0850.png,1d026bda033ce6fa0db97aa3ec120f3609663f4d0aaf2f9d8e677fdbe235ab03,10.0,0,1048620672,15,4,8192.0,160,12,8364.0,0.04254150390625,0.0010963445529341698,29.60053253173828,0.9759830236434937,0.07955711334943771,0.00956169274286367
oracle_gate,0850.png,1d026bda033ce6fa0db97aa3ec120f3609663f4d0aaf2f9d8e677fdbe235ab03,10.0,1,1805540014,0,0,4096.0,32,10,4138.0,0.021046956380208332,0.001050801482051611,29.784793853759766,0.97697913646698,0.0760887861251831,0.009084450008231215
oracle_gate,0850.png,1d026bda033ce6fa0db97aa3ec120f3609663f4d0aaf2f9d8e677fdbe235ab03,10.0,1,1805540014,1,1,5120.0,64,12,5196.0,0.02642822265625,0.0010726780164986849,29.69530487060547,0.9758042097091675,0.0761764869093895,0.009084450008231215
oracle_gate,0850.png,1d026bda033ce6fa0db97aa3ec120f3609663f4d0aaf2f9d8e677fdbe235ab03,10.0,1,1805540014,2,1,5120.0,64,12,5196.0,0.02642822265625,0.0010728058405220509,29.694787979125977,0.9762546420097351,0.07647967338562012,0.009084450008231215
oracle_gate,0850.png,1d026bda033ce6fa0db97aa3ec120f3609663f4d0aaf2f9d8e677fdbe235ab03,10.0,1,1805540014,3,2,6144.0,96,12,6252.0,0.03179931640625,0.0010662015993148088,29.72160530090332,0.9762551784515381,0.07619693875312805,0.009084450008231215
oracle_gate,0850.png,1d026bda033ce6fa0db97aa3ec120f3609663f4d0aaf2f9d8e677fdbe235ab03,10.0,1,1805540014,4,1,5120.0,64,12,5196.0,0.02642822265625,0.001071147620677948,29.701507568359375,0.9759296774864197,0.07651717960834503,0.009177987507428043
oracle_gate,0850.png,1d026bda033ce6fa0db97aa3ec120f3609663f4d0aaf2f9d8e677fdbe235ab03,10.0,1,1805540014,5,2,6144.0,96,12,6252.0,0.03179931640625,0.0010666678426787257,29.719707489013672,0.9759465456008911,0.0760267823934555,0.009177987507428043
oracle_gate,0850.png,1d026bda033ce6fa0db97aa3ec120f3609663f4d0aaf2f9d8e677fdbe235ab03,10.0,1,1805540014,6,2,6144.0,96,12,6252.0,0.03179931640625,0.0010646437294781208,29.727956771850586,0.9764347076416016,0.0763697549700737,0.009177987507428043
oracle_gate,0850.png,1d026bda033ce6fa0db97aa3ec120f3609663f4d0aaf2f9d8e677fdbe235ab03,10.0,1,1805540014,7,3,7168.0,128,12,7308.0,0.03717041015625,0.001061894465237856,29.739187240600586,0.9763611555099487,0.07601243257522583,0.009177987507428043
oracle_gate,0850.png,1d026bda033ce6fa0db97aa3ec120f3609663f4d0aaf2f9d8e677fdbe235ab03,10.0,1,1805540014,8,1,5120.0,64,12,5196.0,0.02642822265625,0.0010827637743204832,29.6546630859375,0.9758318662643433,0.07705676555633545,0.0093968027504161
oracle_gate,0850.png,1d026bda033ce6fa0db97aa3ec120f3609663f4d0aaf2f9d8e677fdbe235ab03,10.0,1,1805540014,9,2,6144.0,96,12,6252.0,0.03179931640625,0.0010744903702288866,29.687976837158203,0.9758976697921753,0.07660410553216934,0.0093968027504161
oracle_gate,0850.png,1d026bda033ce6fa0db97aa3ec120f3609663f4d0aaf2f9d8e677fdbe235ab03,10.0,1,1805540014,10,2,6144.0,96,12,6252.0,0.03179931640625,0.0010769699001684785,29.67796516418457,0.9762696623802185,0.07693110406398773,0.0093968027504161
oracle_gate,0850.png,1d026bda033ce6fa0db97aa3ec120f3609663f4d0aaf2f9d8e677fdbe235ab03,10.0,1,1805540014,11,3,7168.0,128,12,7308.0,0.03717041015625,0.0010710472706705332,29.701915740966797,0.9762541055679321,0.07660765945911407,0.0093968027504161
oracle_gate,0850.png,1d026bda033ce6fa0db97aa3ec120f3609663f4d0aaf2f9d8e677fdbe235ab03,10.0,1,1805540014,12,2,6144.0,96,12,6252.0,0.03179931640625,0.0010713126976042986,29.700836181640625,0.9760845899581909,0.07683293521404266,0.009282127502956428
oracle_gate,0850.png,1d026bda033ce6fa0db97aa3ec120f3609663f4d0aaf2f9d8e677fdbe235ab03,10.0,1,1805540014,13,3,7168.0,128,12,7308.0,0.03717041015625,0.0010673640063032508,29.716875076293945,0.976087749004364,0.07632854580879211,0.009282127502956428
oracle_gate,0850.png,1d026bda033ce6fa0db97aa3ec120f3609663f4d0aaf2f9d8e677fdbe235ab03,10.0,1,1805540014,14,3,7168.0,128,12,7308.0,0.03717041015625,0.0010668167378753424,29.71910285949707,0.9765143394470215,0.07670313119888306,0.009282127502956428
oracle_gate,0850.png,1d026bda033ce6fa0db97aa3ec120f3609663f4d0aaf2f9d8e677fdbe235ab03,10.0,1,1805540014,15,4,8192.0,160,12,8364.0,0.04254150390625,0.001064116950146854,29.7301082611084,0.976442277431488,0.07632719725370407,0.009282127502956428
oracle_gate,0850.png,1d026bda033ce6fa0db97aa3ec120f3609663f4d0aaf2f9d8e677fdbe235ab03,10.0,2,1707641028,0,0,4096.0,32,10,4138.0,0.021046956380208332,0.0011143650626763701,29.529726028442383,0.9760779738426208,0.07681772857904434,0.009703635500045493
oracle_gate,0850.png,1d026bda033ce6fa0db97aa3ec120f3609663f4d0aaf2f9d8e677fdbe235ab03,10.0,2,1707641028,1,1,5120.0,64,12,5196.0,0.02642822265625,0.0011266437359154224,29.482135772705078,0.9754034876823425,0.07766757905483246,0.009703635500045493
oracle_gate,0850.png,1d026bda033ce6fa0db97aa3ec120f3609663f4d0aaf2f9d8e677fdbe235ab03,10.0,2,1707641028,2,1,5120.0,64,12,5196.0,0.02642822265625,0.0011283777421340346,29.47545623779297,0.9753403067588806,0.07781878113746643,0.009703635500045493
oracle_gate,0850.png,1d026bda033ce6fa0db97aa3ec120f3609663f4d0aaf2f9d8e677fdbe235ab03,10.0,2,1707641028,3,2,6144.0,96,12,6252.0,0.03179931640625,0.0011294473661109805,29.47134017944336,0.9753729104995728,0.0777030885219574,0.009703635500045493
oracle_gate,0850.png,1d026bda033ce6fa0db97aa3ec120f3609663f4d0aaf2f9d8e677fdbe235ab03,10.0,2,1707641028,4,1,5120.0,64,12,5196.0,0.02642822265625,0.0011301427148282528,29.46866798400879,0.9752016067504883,0.07780960202217102,0.00929411301331129
oracle_gate,0850.png,1d026bda033ce6fa0db97aa3ec120f3609663f4d0aaf2f9d8e677fdbe235ab03,10.0,2,1707641028,5,2,6144.0,96,12,6252.0,0.03179931640625,0.0011313180439174175,29.464153289794922,0.9752844572067261,0.07757608592510223,0.00929411301331129
oracle_gate,0850.png,1d026bda033ce6fa0db97aa3ec120f3609663f4d0aaf2f9d8e677fdbe235ab03,10.0,2,1707641028,6,2,6144.0,96,12,6252.0,0.03179931640625,0.0011332129361107945,29.456886291503906,0.9751760959625244,0.07769440114498138,0.00929411301331129
oracle_gate,0850.png,1d026bda033ce6fa0db97aa3ec120f3609663f4d0aaf2f9d8e677fdbe235ab03,10.0,2,1707641028,7,3,7168.0,128,12,7308.0,0.03717041015625,0.0011339796474203467,29.453947067260742,0.9752518534660339,0.07757475227117538,0.00929411301331129
oracle_gate,0850.png,1d026bda033ce6fa0db97aa3ec120f3609663f4d0aaf2f9d8e677fdbe235ab03,10.0,2,1707641028,8,1,5120.0,64,12,5196.0,0.02642822265625,0.0011215904960408807,29.501657485961914,0.9755815267562866,0.07707580178976059,0.009265497996238992
oracle_gate,0850.png,1d026bda033ce6fa0db97aa3ec120f3609663f4d0aaf2f9d8e677fdbe235ab03,10.0,2,1707641028,9,2,6144.0,96,12,6252.0,0.03179931640625,0.0011214426485821605,29.502229690551758,0.9756580591201782,0.07681208848953247,0.009265497996238992
oracle_gate,0850.png,1d026bda033ce6fa0db97aa3ec120f3609663f4d0aaf2f9d8e677fdbe235ab03,10.0,2,1707641028,10,2,6144.0,96,12,6252.0,0.03179931640625,0.0011222913162782788,29.498943328857422,0.9756001234054565,0.07674375176429749,0.009265497996238992
oracle_gate,0850.png,1d026bda033ce6fa0db97aa3ec120f3609663f4d0aaf2f9d8e677fdbe235ab03,10.0,2,1707641028,11,3,7168.0,128,12,7308.0,0.03717041015625,0.00112246279604733,29.498281478881836,0.9756612181663513,0.07658172398805618,0.009265497996238992
oracle_gate,0850.png,1d026bda033ce6fa0db97aa3ec120f3609663f4d0aaf2f9d8e677fdbe235ab03,10.0,2,1707641028,12,2,6144.0,96,12,6252.0,0.03179931640625,0.0011242080945521593,29.491535186767578,0.9754576683044434,0.07692450284957886,0.009332666508271359
oracle_gate,0850.png,1d026bda033ce6fa0db97aa3ec120f3609663f4d0aaf2f9d8e677fdbe235ab03,10.0,2,1707641028,13,3,7168.0,128,12,7308.0,0.03717041015625,0.001124769914895296,29.489364624023438,0.975557267665863,0.0766819640994072,0.009332666508271359
oracle_gate,0850.png,1d026bda033ce6fa0db97aa3ec120f3609663f4d0aaf2f9d8e677fdbe235ab03,10.0,2,1707641028,14,3,7168.0,128,12,7308.0,0.03717041015625,0.0011252409312874079,29.487545013427734,0.9754868745803833,0.0765693262219429,0.009332666508271359
oracle_gate,0850.png,1d026bda033ce6fa0db97aa3ec120f3609663f4d0aaf2f9d8e677fdbe235ab03,10.0,2,1707641028,15,4,8192.0,160,12,8364.0,0.04254150390625,0.001125911483541131,29.484956741333008,0.9755659103393555,0.07645963877439499,0.009332666508271359
oracle_gate,0850.png,1d026bda033ce6fa0db97aa3ec120f3609663f4d0aaf2f9d8e677fdbe235ab03,10.0,3,4155493862,0,0,4096.0,32,10,4138.0,0.021046956380208332,0.0010843310737982392,29.64838218688965,0.9757851958274841,0.07955145835876465,0.009330973494797945
oracle_gate,0850.png,1d026bda033ce6fa0db97aa3ec120f3609663f4d0aaf2f9d8e677fdbe235ab03,10.0,3,4155493862,1,1,5120.0,64,12,5196.0,0.02642822265625,0.0011087434832006693,29.55168914794922,0.9748425483703613,0.07955610752105713,0.009330973494797945
oracle_gate,0850.png,1d026bda033ce6fa0db97aa3ec120f3609663f4d0aaf2f9d8e677fdbe235ab03,10.0,3,4155493862,2,1,5120.0,64,12,5196.0,0.02642822265625,0.0011104054283350706,29.545185089111328,0.974791407585144,0.07961996644735336,0.009330973494797945
oracle_gate,0850.png,1d026bda033ce6fa0db97aa3ec120f3609663f4d0aaf2f9d8e677fdbe235ab03,10.0,3,4155493862,3,2,6144.0,96,12,6252.0,0.03179931640625,0.0011066182050853968,29.560022354125977,0.9749221801757812,0.07989660650491714,0.009330973494797945
oracle_gate,0850.png,1d026bda033ce6fa0db97aa3ec120f3609663f4d0aaf2f9d8e677fdbe235ab03,10.0,3,4155493862,4,1,5120.0,64,12,5196.0,0.02642822265625,0.0011178957065567374,29.515987396240234,0.9746279716491699,0.07946613430976868,0.009240812258212827
oracle_gate,0850.png,1d026bda033ce6fa0db97aa3ec120f3609663f4d0aaf2f9d8e677fdbe235ab03,10.0,3,4155493862,5,2,6144.0,96,12,6252.0,0.03179931640625,0.0011115153320133686,29.54084587097168,0.9748659133911133,0.07938704639673233,0.009240812258212827
oracle_gate,0850.png,1d026bda033ce6fa0db97aa3ec120f3609663f4d0aaf2f9d8e677fdbe235ab03,10.0,3,4155493862,6,2,6144.0,96,12,6252.0,0.03179931640625,0.0011176312109455466,29.517017364501953,0.9747151136398315,0.07963216304779053,0.009240812258212827
oracle_gate,0850.png,1d026bda033ce6fa0db97aa3ec120f3609663f4d0aaf2f9d8e677fdbe235ab03,10.0,3,4155493862,7,3,7168.0,128,12,7308.0,0.03717041015625,0.0011092779459431767,29.549598693847656,0.9749438762664795,0.07968467473983765,0.009240812258212827
oracle_gate,0850.png,1d026bda033ce6fa0db97aa3ec120f3609663f4d0aaf2f9d8e677fdbe235ab03,10.0,3,4155493862,8,1,5120.0,64,12,5196.0,0.02642822265625,0.0011080841068178415,29.55427360534668,0.974980354309082,0.07881473004817963,0.00929857324808836
oracle_gate,0850.png,1d026bda033ce6fa0db97aa3ec120f3609663f4d0aaf2f9d8e677fdbe235ab03,10.0,3,4155493862,9,2,6144.0,96,12,6252.0,0.03179931640625,0.00110440026037395,29.568737030029297,0.9751657843589783,0.0788741335272789,0.00929857324808836
oracle_gate,0850.png,1d026bda033ce6fa0db97aa3ec120f3609663f4d0aaf2f9d8e677fdbe235ab03,10.0,3,4155493862,10,2,6144.0,96,12,6252.0,0.03179931640625,0.0011046164436265826,29.567886352539062,0.9751049280166626,0.07897867262363434,0.00929857324808836
oracle_gate,0850.png,1d026bda033ce6fa0db97aa3ec120f3609663f4d0aaf2f9d8e677fdbe235ab03,10.0,3,4155493862,11,3,7168.0,128,12,7308.0,0.03717041015625,0.0010999590158462524,29.58623695373535,0.9752538204193115,0.07918626070022583,0.00929857324808836
oracle_gate,0850.png,1d026bda033ce6fa0db97aa3ec120f3609663f4d0aaf2f9d8e677fdbe235ab03,10.0,3,4155493862,12,2,6144.0,96,12,6252.0,0.03179931640625,0.001112716505303979,29.536155700683594,0.9749741554260254,0.07927083969116211,0.009195510254357941
oracle_gate,0850.png,1d026bda033ce6fa0db97aa3ec120f3609663f4d0aaf2f9d8e677fdbe235ab03,10.0,3,4155493862,13,3,7168.0,128,12,7308.0,0.03717041015625,0.0011056567309424281,29.563796997070312,0.975237250328064,0.07917089015245438,0.009195510254357941
oracle_gate,0850.png,1d026bda033ce6fa0db97aa3ec120f3609663f4d0aaf2f9d8e677fdbe235ab03,10.0,3,4155493862,14,3,7168.0,128,12,7308.0,0.03717041015625,0.0011097935494035482,29.547578811645508,0.9750816822052002,0.0794508084654808,0.009195510254357941
oracle_gate,0850.png,1d026bda033ce6fa0db97aa3ec120f3609663f4d0aaf2f9d8e677fdbe235ab03,10.0,3,4155493862,15,4,8192.0,160,12,8364.0,0.04254150390625,0.0011012288741767406,29.58122444152832,0.9753111600875854,0.07949351519346237,0.009195510254357941
oracle_gate,0851.png,1c4bc95887a3c06f9690fec153d5548ec52039c8ba83da749f2b5f6e0d2ecf33,10.0,0,2310521328,0,0,4096.0,32,10,4138.0,0.021046956380208332,0.0011986081954091787,29.213228225708008,0.9645663499832153,0.20799309015274048,0.00912980099383276
oracle_gate,0851.png,1c4bc95887a3c06f9690fec153d5548ec52039c8ba83da749f2b5f6e0d2ecf33,10.0,0,2310521328,1,1,5120.0,64,12,5196.0,0.02642822265625,0.0012281998060643673,29.107311248779297,0.9638478755950928,0.2040625363588333,0.00912980099383276
oracle_gate,0851.png,1c4bc95887a3c06f9690fec153d5548ec52039c8ba83da749f2b5f6e0d2ecf33,10.0,0,2310521328,2,1,5120.0,64,12,5196.0,0.02642822265625,0.0012382001150399446,29.072092056274414,0.9637085199356079,0.20357370376586914,0.00912980099383276
oracle_gate,0851.png,1c4bc95887a3c06f9690fec153d5548ec52039c8ba83da749f2b5f6e0d2ecf33,10.0,0,2310521328,3,2,6144.0,96,12,6252.0,0.03179931640625,0.0012237437767907977,29.123096466064453,0.9638751745223999,0.2054208517074585,0.00912980099383276
oracle_gate,0851.png,1c4bc95887a3c06f9690fec153d5548ec52039c8ba83da749f2b5f6e0d2ecf33,10.0,0,2310521328,4,1,5120.0,64,12,5196.0,0.02642822265625,0.0012448187917470932,29.048940658569336,0.9634389877319336,0.20128627121448517,0.0090146352595184
oracle_gate,0851.png,1c4bc95887a3c06f9690fec153d5548ec52039c8ba83da749f2b5f6e0d2ecf33,10.0,0,2310521328,5,2,6144.0,96,12,6252.0,0.03179931640625,0.0012287222780287266,29.1054630279541,0.9637140035629272,0.2039528489112854,0.0090146352595184
oracle_gate,0851.png,1c4bc95887a3c06f9690fec153d5548ec52039c8ba83da749f2b5f6e0d2ecf33,10.0,0,2310521328,6,2,6144.0,96,12,6252.0,0.03179931640625,0.0012403697473928332,29.06448745727539,0.96342533826828,0.20290829241275787,0.0090146352595184
oracle_gate,0851.png,1c4bc95887a3c06f9690fec153d5548ec52039c8ba83da749f2b5f6e0d2ecf33,10.0,0,2310521328,7,3,7168.0,128,12,7308.0,0.03717041015625,0.0012248060666024685,29.119327545166016,0.9637252688407898,0.2054750621318817,0.0090146352595184
oracle_gate,0851.png,1c4bc95887a3c06f9690fec153d5548ec52039c8ba83da749f2b5f6e0d2ecf33,10.0,0,2310521328,8,1,5120.0,64,12,5196.0,0.02642822265625,0.0012444768799468875,29.050132751464844,0.9636248350143433,0.20277002453804016,0.009039021242642775
oracle_gate,0851.png,1c4bc95887a3c06f9690fec153d5548ec52039c8ba83da749f2b5f6e0d2ecf33,10.0,0,2310521328,9,2,6144.0,96,12,6252.0,0.03179931640625,0.0012297327630221844,29.101890563964844,0.9637644290924072,0.2047102004289627,0.009039021242642775
oracle_gate,0851.png,1c4bc95887a3c06f9690fec153d5548ec52039c8ba83da749f2b5f6e0d2ecf33,10.0,0,2310521328,10,2,6144.0,96,12,6252.0,0.03179931640625,0.001238748780451715,29.07016944885254,0.9636101722717285,0.20384953916072845,0.009039021242642775
oracle_gate,0851.png,1c4bc95887a3c06f9690fec153d5548ec52039c8ba83da749f2b5f6e0d2ecf33,10.0,0,2310521328,11,3,7168.0,128,12,7308.0,0.03717041015625,0.0012242638040333986,29.12125015258789,0.9637936353683472,0.20584753155708313,0.009039021242642775
oracle_gate,0851.png,1c4bc95887a3c06f9690fec153d5548ec52039c8ba83da749f2b5f6e0d2ecf33,10.0,0,2310521328,12,2,6144.0,96,12,6252.0,0.03179931640625,0.0012453959789127111,29.046924591064453,0.9634010195732117,0.20188897848129272,0.009471086013945751
oracle_gate,0851.png,1c4bc95887a3c06f9690fec153d5548ec52039c8ba83da749f2b5f6e0d2ecf33,10.0,0,2310521328,13,3,7168.0,128,12,7308.0,0.03717041015625,0.001229690620675683,29.102041244506836,0.9636613726615906,0.20460903644561768,0.009471086013945751
oracle_gate,0851.png,1c4bc95887a3c06f9690fec153d5548ec52039c8ba83da749f2b5f6e0d2ecf33,10.0,0,2310521328,14,3,7168.0,128,12,7308.0,0.03717041015625,0.001240238081663847,29.064950942993164,0.9633840322494507,0.20315170288085938,0.009471086013945751
oracle_gate,0851.png,1c4bc95887a3c06f9690fec153d5548ec52039c8ba83da749f2b5f6e0d2ecf33,10.0,0,2310521328,15,4,8192.0,160,12,8364.0,0.04254150390625,0.001224503736011684,29.120399475097656,0.9636828303337097,0.20578445494174957,0.009471086013945751
oracle_gate,0851.png,1c4bc95887a3c06f9690fec153d5548ec52039c8ba83da749f2b5f6e0d2ecf33,10.0,1,3484691531,0,0,4096.0,32,10,4138.0,0.021046956380208332,0.001162353320978582,29.34661865234375,0.9662096500396729,0.20658458769321442,0.009356237002066337
oracle_gate,0851.png,1c4bc95887a3c06f9690fec153d5548ec52039c8ba83da749f2b5f6e0d2ecf33,10.0,1,3484691531,1,1,5120.0,64,12,5196.0,0.02642822265625,0.0011862674728035927,29.258174896240234,0.9656176567077637,0.20293600857257843,0.009356237002066337
oracle_gate,0851.png,1c4bc95887a3c06f9690fec153d5548ec52039c8ba83da749f2b5f6e0d2ecf33,10.0,1,3484691531,2,1,5120.0,64,12,5196.0,0.02642822265625,0.001193144009448588,29.23307228088379,0.9656105041503906,0.20288637280464172,0.009356237002066337
oracle_gate,0851.png,1c4bc95887a3c06f9690fec153d5548ec52039c8ba83da749f2b5f6e0d2ecf33,10.0,1,3484691531,3,2,6144.0,96,12,6252.0,0.03179931640625,0.0011789379641413689,29.28508949279785,0.9657152891159058,0.20426659286022186,0.009356237002066337
oracle_gate,0851.png,1c4bc95887a3c06f9690fec153d5548ec52039c8ba83da749f2b5f6e0d2ecf33,10.0,1,3484691531,4,1,5120.0,64,12,5196.0,0.02642822265625,0.0012026887852698565,29.198467254638672,0.965543270111084,0.20206250250339508,0.009287411492550746
oracle_gate,0851.png,1c4bc95887a3c06f9690fec153d5548ec52039c8ba83da749f2b5f6e0d2ecf33,10.0,1,3484691531,5,2,6144.0,96,12,6252.0,0.03179931640625,0.0011868284782394767,29.256122589111328,0.9657114744186401,0.20289573073387146,0.009287411492550746
oracle_gate,0851.png,1c4bc95887a3c06f9690fec153d5548ec52039c8ba83da749f2b5f6e0d2ecf33,10.0,1,3484691531,6,2,6144.0,96,12,6252.0,0.03179931640625,0.0011924299178645015,29.23567008972168,0.9656707644462585,0.20330683887004852,0.009287411492550746
oracle_gate,0851.png,1c4bc95887a3c06f9690fec153d5548ec52039c8ba83da749f2b5f6e0d2ecf33,10.0,1,3484691531,7,3,7168.0,128,12,7308.0,0.03717041015625,0.0011800173670053482,29.281116485595703,0.9657915830612183,0.20417265594005585,0.009287411492550746
oracle_gate,0851.png,1c4bc95887a3c06f9690fec153d5548ec52039c8ba83da749f2b5f6e0d2ecf33,10.0,1,3484691531,8,1,5120.0,64,12,5196.0,0.02642822265625,0.001203101477585733,29.196979522705078,0.9654724597930908,0.201715886592865,0.009065682752407156
oracle_gate,0851.png,1c4bc95887a3c06f9690fec153d5548ec52039c8ba83da749f2b5f6e0d2ecf33,10.0,1,3484691531,9,2,6144.0,96,12,6252.0,0.03179931640625,0.0011854666518047452,29.2611083984375,0.9656116366386414,0.2030075192451477,0.009065682752407156
oracle_gate,0851.png,1c4bc95887a3c06f9690fec153d5548ec52039c8ba83da749f2b5f6e0d2ecf33,10.0,1,3484691531,10,2,6144.0,96,12,6252.0,0.03179931640625,0.001192567404359579,29.235172271728516,0.9656090140342712,0.20271103084087372,0.009065682752407156
oracle_gate,0851.png,1c4bc95887a3c06f9690fec153d5548ec52039c8ba83da749f2b5f6e0d2ecf33,10.0,1,3484691531,11,3,7168.0,128,12,7308.0,0.03717041015625,0.0011784516973420978,29.286882400512695,0.9657154083251953,0.20403826236724854,0.009065682752407156
oracle_gate,0851.png,1c4bc95887a3c06f9690fec153d5548ec52039c8ba83da749f2b5f6e0d2ecf33,10.0,1,3484691531,12,2,6144.0,96,12,6252.0,0.03179931640625,0.0012015857500955462,29.202451705932617,0.9655665159225464,0.2021179050207138,0.009150733996648341
oracle_gate,0851.png,1c4bc95887a3c06f9690fec153d5548ec52039c8ba83da749f2b5f6e0d2ecf33,10.0,1,3484691531,13,3,7168.0,128,12,7308.0,0.03717041015625,0.0011858220677822828,29.25980567932129,0.9657227993011475,0.20291078090667725,0.009150733996648341
oracle_gate,0851.png,1c4bc95887a3c06f9690fec153d5548ec52039c8ba83da749f2b5f6e0d2ecf33,10.0,1,3484691531,14,3,7168.0,128,12,7308.0,0.03717041015625,0.0011915112845599651,29.23902130126953,0.9657003283500671,0.20312140882015228,0.009150733996648341
oracle_gate,0851.png,1c4bc95887a3c06f9690fec153d5548ec52039c8ba83da749f2b5f6e0d2ecf33,10.0,1,3484691531,15,4,8192.0,160,12,8364.0,0.04254150390625,0.0011791399447247386,29.284345626831055,0.9658229351043701,0.20392835140228271,0.009150733996648341
oracle_gate,0851.png,1c4bc95887a3c06f9690fec153d5548ec52039c8ba83da749f2b5f6e0d2ecf33,10.0,2,2980396749,0,0,4096.0,32,10,4138.0,0.021046956380208332,0.001202321145683527,29.19979476928711,0.966023325920105,0.2033700793981552,0.009172852005576715
oracle_gate,0851.png,1c4bc95887a3c06f9690fec153d5548ec52039c8ba83da749f2b5f6e0d2ecf33,10.0,2,2980396749,1,1,5120.0,64,12,5196.0,0.02642822265625,0.0012369302567094564,29.076549530029297,0.9652503728866577,0.19898191094398499,0.009172852005576715
oracle_gate,0851.png,1c4bc95887a3c06f9690fec153d5548ec52039c8ba83da749f2b5f6e0d2ecf33,10.0,2,2980396749,2,1,5120.0,64,12,5196.0,0.02642822265625,0.0012414901284500957,29.060569763183594,0.9650905132293701,0.19965174794197083,0.009172852005576715
oracle_gate,0851.png,1c4bc95887a3c06f9690fec153d5548ec52039c8ba83da749f2b5f6e0d2ecf33,10.0,2,2980396749,3,2,6144.0,96,12,6252.0,0.03179931640625,0.0012203938094899058,29.135000228881836,0.9654000997543335,0.20033904910087585,0.009172852005576715
oracle_gate,0851.png,1c4bc95887a3c06f9690fec153d5548ec52039c8ba83da749f2b5f6e0d2ecf33,10.0,2,2980396749,4,1,5120.0,64,12,5196.0,0.02642822265625,0.0012591060949489474,28.999378204345703,0.9650203585624695,0.19903185963630676,0.009264832508051768
oracle_gate,0851.png,1c4bc95887a3c06f9690fec153d5548ec52039c8ba83da749f2b5f6e0d2ecf33,10.0,2,2980396749,5,2,6144.0,96,12,6252.0,0.03179931640625,0.001235815230756998,29.08046531677246,0.9654075503349304,0.19934654235839844,0.009264832508051768
oracle_gate,0851.png,1c4bc95887a3c06f9690fec153d5548ec52039c8ba83da749f2b5f6e0d2ecf33,10.0,2,2980396749,6,2,6144.0,96,12,6252.0,0.03179931640625,0.001240781508386135,29.063045501708984,0.9651572704315186,0.20015688240528107,0.009264832508051768
oracle_gate,0851.png,1c4bc95887a3c06f9690fec153d5548ec52039c8ba83da749f2b5f6e0d2ecf33,10.0,2,2980396749,7,3,7168.0,128,12,7308.0,0.03717041015625,0.001219661207869649,29.137609481811523,0.965553879737854,0.20062321424484253,0.009264832508051768
oracle_gate,0851.png,1c4bc95887a3c06f9690fec153d5548ec52039c8ba83da749f2b5f6e0d2ecf33,10.0,2,2980396749,8,1,5120.0,64,12,5196.0,0.02642822265625,0.0012597092427313328,28.997297286987305,0.9649531245231628,0.19904471933841705,0.00940318674838636
oracle_gate,0851.png,1c4bc95887a3c06f9690fec153d5548ec52039c8ba83da749f2b5f6e0d2ecf33,10.0,2,2980396749,9,2,6144.0,96,12,6252.0,0.03179931640625,0.0012364345602691174,29.078289031982422,0.9652420282363892,0.19959834218025208,0.00940318674838636
oracle_gate,0851.png,1c4bc95887a3c06f9690fec153d5548ec52039c8ba83da749f2b5f6e0d2ecf33,10.0,2,2980396749,10,2,6144.0,96,12,6252.0,0.03179931640625,0.0012408473994582891,29.062816619873047,0.965106189250946,0.19964784383773804,0.00940318674838636
oracle_gate,0851.png,1c4bc95887a3c06f9690fec153d5548ec52039c8ba83da749f2b5f6e0d2ecf33,10.0,2,2980396749,11,3,7168.0,128,12,7308.0,0.03717041015625,0.0012198202311992645,29.137041091918945,0.9654056429862976,0.2002207338809967,0.00940318674838636
oracle_gate,0851.png,1c4bc95887a3c06f9690fec153d5548ec52039c8ba83da749f2b5f6e0d2ecf33,10.0,2,2980396749,12,2,6144.0,96,12,6252.0,0.03179931640625,0.001258239964954555,29.002365112304688,0.9650368094444275,0.199508398771286,0.009358793991850689
oracle_gate,0851.png,1c4bc95887a3c06f9690fec153d5548ec52039c8ba83da749f2b5f6e0d2ecf33,10.0,2,2980396749,13,3,7168.0,128,12,7308.0,0.03717041015625,0.0012351649347692728,29.082752227783203,0.9654176235198975,0.19985494017601013,0.009358793991850689
oracle_gate,0851.png,1c4bc95887a3c06f9690fec153d5548ec52039c8ba83da749f2b5f6e0d2ecf33,10.0,2,2980396749,14,3,7168.0,128,12,7308.0,0.03717041015625,0.001239917241036892,29.06607437133789,0.965186357498169,0.20000949501991272,0.009358793991850689
oracle_gate,0851.png,1c4bc95887a3c06f9690fec153d5548ec52039c8ba83da749f2b5f6e0d2ecf33,10.0,2,2980396749,15,4,8192.0,160,12,8364.0,0.04254150390625,0.0012188708642497659,29.140422821044922,0.9655727744102478,0.20041468739509583,0.009358793991850689
oracle_gate,0851.png,1c4bc95887a3c06f9690fec153d5548ec52039c8ba83da749f2b5f6e0d2ecf33,10.0,3,2526435939,0,0,4096.0,32,10,4138.0,0.021046956380208332,0.0011891815811395645,29.247516632080078,0.9654623866081238,0.2044457346200943,0.009359883493743837
oracle_gate,0851.png,1c4bc95887a3c06f9690fec153d5548ec52039c8ba83da749f2b5f6e0d2ecf33,10.0,3,2526435939,1,1,5120.0,64,12,5196.0,0.02642822265625,0.0012110696407034993,29.168310165405273,0.9648716449737549,0.1975736767053604,0.009359883493743837
oracle_gate,0851.png,1c4bc95887a3c06f9690fec153d5548ec52039c8ba83da749f2b5f6e0d2ecf33,10.0,3,2526435939,2,1,5120.0,64,12,5196.0,0.02642822265625,0.0012172714341431856,29.146127700805664,0.9647180438041687,0.198117196559906,0.009359883493743837
oracle_gate,0851.png,1c4bc95887a3c06f9690fec153d5548ec52039c8ba83da749f2b5f6e0d2ecf33,10.0,3,2526435939,3,2,6144.0,96,12,6252.0,0.03179931640625,0.001203818479552865,29.19439125061035,0.9648528099060059,0.1994253695011139,0.009359883493743837
oracle_gate,0851.png,1c4bc95887a3c06f9690fec153d5548ec52039c8ba83da749f2b5f6e0d2ecf33,10.0,3,2526435939,4,1,5120.0,64,12,5196.0,0.02642822265625,0.001222584629431367,29.127212524414062,0.9647061228752136,0.1970515251159668,0.009624899990740232
oracle_gate,0851.png,1c4bc95887a3c06f9690fec153d5548ec52039c8ba83da749f2b5f6e0d2ecf33,10.0,3,2526435939,5,2,6144.0,96,12,6252.0,0.03179931640625,0.0012083977926522493,29.177902221679688,0.964934229850769,0.19791994988918304,0.009624899990740232
oracle_gate,0851.png,1c4bc95887a3c06f9690fec153d5548ec52039c8ba83da749f2b5f6e0d2ecf33,10.0,3,2526435939,6,2,6144.0,96,12,6252.0,0.03179931640625,0.001215183176100254,29.153583526611328,0.9646720290184021,0.19880570471286774,0.009624899990740232
oracle_gate,0851.png,1c4bc95887a3c06f9690fec153d5548ec52039c8ba83da749f2b5f6e0d2ecf33,10.0,3,2526435939,7,3,7168.0,128,12,7308.0,0.03717041015625,0.0012020028661936522,29.200944900512695,0.9649249911308289,0.19971588253974915,0.009624899990740232
oracle_gate,0851.png,1c4bc95887a3c06f9690fec153d5548ec52039c8ba83da749f2b5f6e0d2ecf33,10.0,3,2526435939,8,1,5120.0,64,12,5196.0,0.02642822265625,0.0012220469070598483,29.12912368774414,0.964863657951355,0.19704893231391907,0.009582743994542398
oracle_gate,0851.png,1c4bc95887a3c06f9690fec153d5548ec52039c8ba83da749f2b5f6e0d2ecf33,10.0,3,2526435939,9,2,6144.0,96,12,6252.0,0.03179931640625,0.0012079875450581312,29.179378509521484,0.9649609923362732,0.19824519753456116,0.009582743994542398
oracle_gate,0851.png,1c4bc95887a3c06f9690fec153d5548ec52039c8ba83da749f2b5f6e0d2ecf33,10.0,3,2526435939,10,2,6144.0,96,12,6252.0,0.03179931640625,0.001215855940245092,29.151180267333984,0.9647924900054932,0.1984053999185562,0.009582743994542398
oracle_gate,0851.png,1c4bc95887a3c06f9690fec153d5548ec52039c8ba83da749f2b5f6e0d2ecf33,10.0,3,2526435939,11,3,7168.0,128,12,7308.0,0.03717041015625,0.0012027031043544412,29.198415756225586,0.9649326205253601,0.19970856606960297,0.009582743994542398
oracle_gate,0851.png,1c4bc95887a3c06f9690fec153d5548ec52039c8ba83da749f2b5f6e0d2ecf33,10.0,3,2526435939,12,2,6144.0,96,12,6252.0,0.03179931640625,0.0012189403641968966,29.14017677307129,0.9648343324661255,0.19763129949569702,0.00918888500018511
oracle_gate,0851.png,1c4bc95887a3c06f9690fec153d5548ec52039c8ba83da749f2b5f6e0d2ecf33,10.0,3,2526435939,13,3,7168.0,128,12,7308.0,0.03717041015625,0.001205559354275465,29.1881160736084,0.9650555849075317,0.1985282003879547,0.00918888500018511
oracle_gate,0851.png,1c4bc95887a3c06f9690fec153d5548ec52039c8ba83da749f2b5f6e0d2ecf33,10.0,3,2526435939,14,3,7168.0,128,12,7308.0,0.03717041015625,0.0012139079626649618,29.158143997192383,0.9647735357284546,0.19914700090885162,0.00918888500018511
oracle_gate,0851.png,1c4bc95887a3c06f9690fec153d5548ec52039c8ba83da749f2b5f6e0d2ecf33,10.0,3,2526435939,15,4,8192.0,160,12,8364.0,0.04254150390625,0.0012008646735921502,29.205059051513672,0.9650300741195679,0.20004306733608246,0.00918888500018511
oracle_gate,0852.png,47f4db4100055a954606d789dfe183612ea7e196a06b2e7bc4bd39c3522628ee,10.0,0,2562484001,0,0,4096.0,32,10,4138.0,0.021046956380208332,0.0014051520265638828,28.522768020629883,0.960922122001648,0.21363691985607147,0.0077339852578006685
oracle_gate,0852.png,47f4db4100055a954606d789dfe183612ea7e196a06b2e7bc4bd39c3522628ee,10.0,0,2562484001,1,1,5120.0,64,12,5196.0,0.02642822265625,0.0014297043671831489,28.447540283203125,0.9601263403892517,0.20807954668998718,0.0077339852578006685
oracle_gate,0852.png,47f4db4100055a954606d789dfe183612ea7e196a06b2e7bc4bd39c3522628ee,10.0,0,2562484001,2,1,5120.0,64,12,5196.0,0.02642822265625,0.0014359302585944533,28.428667068481445,0.9601826667785645,0.2084067016839981,0.0077339852578006685
oracle_gate,0852.png,47f4db4100055a954606d789dfe183612ea7e196a06b2e7bc4bd39c3522628ee,10.0,0,2562484001,3,2,6144.0,96,12,6252.0,0.03179931640625,0.0014283666387200356,28.45160484313965,0.9603087902069092,0.20846101641654968,0.0077339852578006685
oracle_gate,0852.png,47f4db4100055a954606d789dfe183612ea7e196a06b2e7bc4bd39c3522628ee,10.0,0,2562484001,4,1,5120.0,64,12,5196.0,0.02642822265625,0.0014369128039106727,28.425697326660156,0.9599055647850037,0.2079411745071411,0.005661314746248536
oracle_gate,0852.png,47f4db4100055a954606d789dfe183612ea7e196a06b2e7bc4bd39c3522628ee,10.0,0,2562484001,5,2,6144.0,96,12,6252.0,0.03179931640625,0.001427027746103704,28.455677032470703,0.9601916074752808,0.20793850719928741,0.005661314746248536
oracle_gate,0852.png,47f4db4100055a954606d789dfe183612ea7e196a06b2e7bc4bd39c3522628ee,10.0,0,2562484001,6,2,6144.0,96,12,6252.0,0.03179931640625,0.0014347363030537963,28.432281494140625,0.9601917266845703,0.20864558219909668,0.005661314746248536
oracle_gate,0852.png,47f4db4100055a954606d789dfe183612ea7e196a06b2e7bc4bd39c3522628ee,10.0,0,2562484001,7,3,7168.0,128,12,7308.0,0.03717041015625,0.0014255874557420611,28.46006202697754,0.9603809714317322,0.20843544602394104,0.005661314746248536
oracle_gate,0852.png,47f4db4100055a954606d789dfe183612ea7e196a06b2e7bc4bd39c3522628ee,10.0,0,2562484001,8,1,5120.0,64,12,5196.0,0.02642822265625,0.0014413458993658423,28.41231918334961,0.9598294496536255,0.20843257009983063,0.009238534257747233
oracle_gate,0852.png,47f4db4100055a954606d789dfe183612ea7e196a06b2e7bc4bd39c3522628ee,10.0,0,2562484001,9,2,6144.0,96,12,6252.0,0.03179931640625,0.00143255980219692,28.438873291015625,0.9600811004638672,0.20881980657577515,0.009238534257747233
oracle_gate,0852.png,47f4db4100055a954606d789dfe183612ea7e196a06b2e7bc4bd39c3522628ee,10.0,0,2562484001,10,2,6144.0,96,12,6252.0,0.03179931640625,0.0014381981454789639,28.42181396484375,0.9601384401321411,0.20870815217494965,0.009238534257747233
oracle_gate,0852.png,47f4db4100055a954606d789dfe183612ea7e196a06b2e7bc4bd39c3522628ee,10.0,0,2562484001,11,3,7168.0,128,12,7308.0,0.03717041015625,0.0014304176438599825,28.44537353515625,0.9602745771408081,0.20897731184959412,0.009238534257747233
oracle_gate,0852.png,47f4db4100055a954606d789dfe183612ea7e196a06b2e7bc4bd39c3522628ee,10.0,0,2562484001,12,2,6144.0,96,12,6252.0,0.03179931640625,0.0014388938434422016,28.41971206665039,0.9598600268363953,0.209013432264328,0.009082051503355615
oracle_gate,0852.png,47f4db4100055a954606d789dfe183612ea7e196a06b2e7bc4bd39c3522628ee,10.0,0,2562484001,13,3,7168.0,128,12,7308.0,0.03717041015625,0.0014285973738878965,28.45090103149414,0.9601597785949707,0.20903751254081726,0.009082051503355615
oracle_gate,0852.png,47f4db4100055a954606d789dfe183612ea7e196a06b2e7bc4bd39c3522628ee,10.0,0,2562484001,14,3,7168.0,128,12,7308.0,0.03717041015625,0.0014355513267219067,28.429813385009766,0.9601635932922363,0.2094559371471405,0.009082051503355615
oracle_gate,0852.png,47f4db4100055a954606d789dfe183612ea7e196a06b2e7bc4bd39c3522628ee,10.0,0,2562484001,15,4,8192.0,160,12,8364.0,0.04254150390625,0.0014262432232499123,28.458065032958984,0.9603526592254639,0.2093324512243271,0.009082051503355615
oracle_gate,0852.png,47f4db4100055a954606d789dfe183612ea7e196a06b2e7bc4bd39c3522628ee,10.0,1,202605990,0,0,4096.0,32,10,4138.0,0.021046956380208332,0.0014034447958692908,28.52804946899414,0.9617165923118591,0.20854884386062622,0.009130325255682692
oracle_gate,0852.png,47f4db4100055a954606d789dfe183612ea7e196a06b2e7bc4bd39c3522628ee,10.0,1,202605990,1,1,5120.0,64,12,5196.0,0.02642822265625,0.0014241121243685484,28.464561462402344,0.9607881307601929,0.2058209925889969,0.009130325255682692
oracle_gate,0852.png,47f4db4100055a954606d789dfe183612ea7e196a06b2e7bc4bd39c3522628ee,10.0,1,202605990,2,1,5120.0,64,12,5196.0,0.02642822265625,0.0014312129933387041,28.442956924438477,0.9607810378074646,0.20543907582759857,0.009130325255682692
oracle_gate,0852.png,47f4db4100055a954606d789dfe183612ea7e196a06b2e7bc4bd39c3522628ee,10.0,1,202605990,3,2,6144.0,96,12,6252.0,0.03179931640625,0.0014224204933270812,28.46971893310547,0.9609392881393433,0.20525316894054413,0.009130325255682692
oracle_gate,0852.png,47f4db4100055a954606d789dfe183612ea7e196a06b2e7bc4bd39c3522628ee,10.0,1,202605990,4,1,5120.0,64,12,5196.0,0.02642822265625,0.0014284250792115927,28.451425552368164,0.9607933759689331,0.2058696746826172,0.009434894760488532
oracle_gate,0852.png,47f4db4100055a954606d789dfe183612ea7e196a06b2e7bc4bd39c3522628ee,10.0,1,202605990,5,2,6144.0,96,12,6252.0,0.03179931640625,0.001418565632775426,28.48150634765625,0.9611007571220398,0.2054721713066101,0.009434894760488532
oracle_gate,0852.png,47f4db4100055a954606d789dfe183612ea7e196a06b2e7bc4bd39c3522628ee,10.0,1,202605990,6,2,6144.0,96,12,6252.0,0.03179931640625,0.001426102826371789,28.458492279052734,0.9609975814819336,0.20530252158641815,0.009434894760488532
oracle_gate,0852.png,47f4db4100055a954606d789dfe183612ea7e196a06b2e7bc4bd39c3522628ee,10.0,1,202605990,7,3,7168.0,128,12,7308.0,0.03717041015625,0.0014166909968480468,28.48725128173828,0.9612593650817871,0.20490333437919617,0.009434894760488532
oracle_gate,0852.png,47f4db4100055a954606d789dfe183612ea7e196a06b2e7bc4bd39c3522628ee,10.0,1,202605990,8,1,5120.0,64,12,5196.0,0.02642822265625,0.0014325818046927452,28.438806533813477,0.9606100916862488,0.20612052083015442,0.008969699003500864
oracle_gate,0852.png,47f4db4100055a954606d789dfe183612ea7e196a06b2e7bc4bd39c3522628ee,10.0,1,202605990,9,2,6144.0,96,12,6252.0,0.03179931640625,0.0014227362116798759,28.46875762939453,0.9608536958694458,0.20598481595516205,0.008969699003500864
oracle_gate,0852.png,47f4db4100055a954606d789dfe183612ea7e196a06b2e7bc4bd39c3522628ee,10.0,1,202605990,10,2,6144.0,96,12,6252.0,0.03179931640625,0.001430618460290134,28.44476318359375,0.960801362991333,0.20543469488620758,0.008969699003500864
oracle_gate,0852.png,47f4db4100055a954606d789dfe183612ea7e196a06b2e7bc4bd39c3522628ee,10.0,1,202605990,11,3,7168.0,128,12,7308.0,0.03717041015625,0.0014215416740626097,28.47240447998047,0.9609755277633667,0.20527422428131104,0.008969699003500864
oracle_gate,0852.png,47f4db4100055a954606d789dfe183612ea7e196a06b2e7bc4bd39c3522628ee,10.0,1,202605990,12,2,6144.0,96,12,6252.0,0.03179931640625,0.0014289835235103965,28.44972801208496,0.9608134031295776,0.20663923025131226,0.00923928125121165
oracle_gate,0852.png,47f4db4100055a954606d789dfe183612ea7e196a06b2e7bc4bd39c3522628ee,10.0,1,202605990,13,3,7168.0,128,12,7308.0,0.03717041015625,0.0014187362976372242,28.48098373413086,0.961138904094696,0.20621803402900696,0.00923928125121165
oracle_gate,0852.png,47f4db4100055a954606d789dfe183612ea7e196a06b2e7bc4bd39c3522628ee,10.0,1,202605990,14,3,7168.0,128,12,7308.0,0.03717041015625,0.0014270686078816652,28.45555305480957,0.9609966278076172,0.20595161616802216,0.00923928125121165
oracle_gate,0852.png,47f4db4100055a954606d789dfe183612ea7e196a06b2e7bc4bd39c3522628ee,10.0,1,202605990,15,4,8192.0,160,12,8364.0,0.04254150390625,0.0014175897231325507,28.484495162963867,0.9612544775009155,0.20568358898162842,0.00923928125121165
oracle_gate,0852.png,47f4db4100055a954606d789dfe183612ea7e196a06b2e7bc4bd39c3522628ee,10.0,2,4035260115,0,0,4096.0,32,10,4138.0,0.021046956380208332,0.0013997841160744429,28.539390563964844,0.9610592722892761,0.21103376150131226,0.009410248501808383
oracle_gate,0852.png,47f4db4100055a954606d789dfe183612ea7e196a06b2e7bc4bd39c3522628ee,10.0,2,4035260115,1,1,5120.0,64,12,5196.0,0.02642822265625,0.0014323832001537085,28.439407348632812,0.9600800275802612,0.20679858326911926,0.009410248501808383
oracle_gate,0852.png,47f4db4100055a954606d789dfe183612ea7e196a06b2e7bc4bd39c3522628ee,10.0,2,4035260115,2,1,5120.0,64,12,5196.0,0.02642822265625,0.001445453381165862,28.399961471557617,0.9600541591644287,0.20576904714107513,0.009410248501808383
oracle_gate,0852.png,47f4db4100055a954606d789dfe183612ea7e196a06b2e7bc4bd39c3522628ee,10.0,2,4035260115,3,2,6144.0,96,12,6252.0,0.03179931640625,0.0014307633973658085,28.444324493408203,0.9602972269058228,0.20600631833076477,0.009410248501808383
oracle_gate,0852.png,47f4db4100055a954606d789dfe183612ea7e196a06b2e7bc4bd39c3522628ee,10.0,2,4035260115,4,1,5120.0,64,12,5196.0,0.02642822265625,0.001439219224266708,28.418731689453125,0.9600763320922852,0.205816388130188,0.009081007243366912
oracle_gate,0852.png,47f4db4100055a954606d789dfe183612ea7e196a06b2e7bc4bd39c3522628ee,10.0,2,4035260115,5,2,6144.0,96,12,6252.0,0.03179931640625,0.0014243831392377615,28.463733673095703,0.9603254795074463,0.20606732368469238,0.009081007243366912
oracle_gate,0852.png,47f4db4100055a954606d789dfe183612ea7e196a06b2e7bc4bd39c3522628ee,10.0,2,4035260115,6,2,6144.0,96,12,6252.0,0.03179931640625,0.0014367559924721718,28.426170349121094,0.9603189826011658,0.20542484521865845,0.009081007243366912
oracle_gate,0852.png,47f4db4100055a954606d789dfe183612ea7e196a06b2e7bc4bd39c3522628ee,10.0,2,4035260115,7,3,7168.0,128,12,7308.0,0.03717041015625,0.0014225816121324897,28.469228744506836,0.9605481028556824,0.20526544749736786,0.009081007243366912
oracle_gate,0852.png,47f4db4100055a954606d789dfe183612ea7e196a06b2e7bc4bd39c3522628ee,10.0,2,4035260115,8,1,5120.0,64,12,5196.0,0.02642822265625,0.0014397483319044113,28.417133331298828,0.959863543510437,0.2057769000530243,0.009285995256504975
oracle_gate,0852.png,47f4db4100055a954606d789dfe183612ea7e196a06b2e7bc4bd39c3522628ee,10.0,2,4035260115,9,2,6144.0,96,12,6252.0,0.03179931640625,0.0014240031596273184,28.464889526367188,0.9601423144340515,0.20641133189201355,0.009285995256504975
oracle_gate,0852.png,47f4db4100055a954606d789dfe183612ea7e196a06b2e7bc4bd39c3522628ee,10.0,2,4035260115,10,2,6144.0,96,12,6252.0,0.03179931640625,0.0014360150089487433,28.428409576416016,0.9601407051086426,0.20560476183891296,0.009285995256504975
oracle_gate,0852.png,47f4db4100055a954606d789dfe183612ea7e196a06b2e7bc4bd39c3522628ee,10.0,2,4035260115,11,3,7168.0,128,12,7308.0,0.03717041015625,0.0014210797380656004,28.47381591796875,0.9603869318962097,0.20590944588184357,0.009285995256504975
oracle_gate,0852.png,47f4db4100055a954606d789dfe183612ea7e196a06b2e7bc4bd39c3522628ee,10.0,2,4035260115,12,2,6144.0,96,12,6252.0,0.03179931640625,0.0014334357110783458,28.436220169067383,0.9601026773452759,0.20595397055149078,0.009247388748917729
oracle_gate,0852.png,47f4db4100055a954606d789dfe183612ea7e196a06b2e7bc4bd39c3522628ee,10.0,2,4035260115,13,3,7168.0,128,12,7308.0,0.03717041015625,0.001418302534148097,28.482311248779297,0.9603592157363892,0.2062506526708603,0.009247388748917729
oracle_gate,0852.png,47f4db4100055a954606d789dfe183612ea7e196a06b2e7bc4bd39c3522628ee,10.0,2,4035260115,14,3,7168.0,128,12,7308.0,0.03717041015625,0.0014295651344582438,28.447961807250977,0.9603754878044128,0.20594197511672974,0.009247388748917729
oracle_gate,0852.png,47f4db4100055a954606d789dfe183612ea7e196a06b2e7bc4bd39c3522628ee,10.0,2,4035260115,15,4,8192.0,160,12,8364.0,0.04254150390625,0.0014153190422803164,28.491458892822266,0.9605929851531982,0.20588542520999908,0.009247388748917729
oracle_gate,0852.png,47f4db4100055a954606d789dfe183612ea7e196a06b2e7bc4bd39c3522628ee,10.0,3,1728920627,0,0,4096.0,32,10,4138.0,0.021046956380208332,0.001422079629264772,28.470762252807617,0.9617263674736023,0.2295387089252472,0.009257677753339522
oracle_gate,0852.png,47f4db4100055a954606d789dfe183612ea7e196a06b2e7bc4bd39c3522628ee,10.0,3,1728920627,1,1,5120.0,64,12,5196.0,0.02642822265625,0.001449646195396781,28.387378692626953,0.9606828689575195,0.22510161995887756,0.009257677753339522
oracle_gate,0852.png,47f4db4100055a954606d789dfe183612ea7e196a06b2e7bc4bd39c3522628ee,10.0,3,1728920627,2,1,5120.0,64,12,5196.0,0.02642822265625,0.0014609316131100059,28.353700637817383,0.9605059027671814,0.2256982922554016,0.009257677753339522
oracle_gate,0852.png,47f4db4100055a954606d789dfe183612ea7e196a06b2e7bc4bd39c3522628ee,10.0,3,1728920627,3,2,6144.0,96,12,6252.0,0.03179931640625,0.0014493780909106135,28.38818359375,0.9607975482940674,0.22525864839553833,0.009257677753339522
oracle_gate,0852.png,47f4db4100055a954606d789dfe183612ea7e196a06b2e7bc4bd39c3522628ee,10.0,3,1728920627,4,1,5120.0,64,12,5196.0,0.02642822265625,0.0014516407391056418,28.38140869140625,0.9607862830162048,0.22438082098960876,0.009076673988602124
oracle_gate,0852.png,47f4db4100055a954606d789dfe183612ea7e196a06b2e7bc4bd39c3522628ee,10.0,3,1728920627,5,2,6144.0,96,12,6252.0,0.03179931640625,0.0014408426359295845,28.413833618164062,0.9610824584960938,0.2245340645313263,0.009076673988602124
oracle_gate,0852.png,47f4db4100055a954606d789dfe183612ea7e196a06b2e7bc4bd39c3522628ee,10.0,3,1728920627,6,2,6144.0,96,12,6252.0,0.03179931640625,0.0014506196603178978,28.38446617126465,0.9609553813934326,0.22524863481521606,0.009076673988602124
oracle_gate,0852.png,47f4db4100055a954606d789dfe183612ea7e196a06b2e7bc4bd39c3522628ee,10.0,3,1728920627,7,3,7168.0,128,12,7308.0,0.03717041015625,0.00144052947871387,28.414779663085938,0.9611980319023132,0.22468599677085876,0.009076673988602124
oracle_gate,0852.png,47f4db4100055a954606d789dfe183612ea7e196a06b2e7bc4bd39c3522628ee,10.0,3,1728920627,8,1,5120.0,64,12,5196.0,0.02642822265625,0.0014576306566596031,28.363525390625,0.9604500532150269,0.22534388303756714,0.009021386489621364
oracle_gate,0852.png,47f4db4100055a954606d789dfe183612ea7e196a06b2e7bc4bd39c3522628ee,10.0,3,1728920627,9,2,6144.0,96,12,6252.0,0.03179931640625,0.00144503777846694,28.40121078491211,0.9608141779899597,0.22567781805992126,0.009021386489621364
oracle_gate,0852.png,47f4db4100055a954606d789dfe183612ea7e196a06b2e7bc4bd39c3522628ee,10.0,3,1728920627,10,2,6144.0,96,12,6252.0,0.03179931640625,0.0014564761659130454,28.366966247558594,0.9606150388717651,0.22630265355110168,0.009021386489621364
oracle_gate,0852.png,47f4db4100055a954606d789dfe183612ea7e196a06b2e7bc4bd39c3522628ee,10.0,3,1728920627,11,3,7168.0,128,12,7308.0,0.03717041015625,0.0014447651337832212,28.402027130126953,0.9609074592590332,0.2260269969701767,0.009021386489621364
oracle_gate,0852.png,47f4db4100055a954606d789dfe183612ea7e196a06b2e7bc4bd39c3522628ee,10.0,3,1728920627,12,2,6144.0,96,12,6252.0,0.03179931640625,0.0014492337359115481,28.38861656188965,0.9608681201934814,0.22553464770317078,0.008916100749047473
oracle_gate,0852.png,47f4db4100055a954606d789dfe183612ea7e196a06b2e7bc4bd39c3522628ee,10.0,3,1728920627,13,3,7168.0,128,12,7308.0,0.03717041015625,0.0014382470399141312,28.42166519165039,0.9611634612083435,0.22576262056827545,0.008916100749047473
oracle_gate,0852.png,47f4db4100055a954606d789dfe183612ea7e196a06b2e7bc4bd39c3522628ee,10.0,3,1728920627,14,3,7168.0,128,12,7308.0,0.03717041015625,0.0014480105601251125,28.392284393310547,0.9610228538513184,0.22661644220352173,0.008916100749047473
oracle_gate,0852.png,47f4db4100055a954606d789dfe183612ea7e196a06b2e7bc4bd39c3522628ee,10.0,3,1728920627,15,4,8192.0,160,12,8364.0,0.04254150390625,0.0014378821942955256,28.422767639160156,0.961254358291626,0.2262016385793686,0.008916100749047473
oracle_gate,0853.png,854189ea5c2a325324500c6cf7168e0b78d30b09606eb5a59f938a5ae69139fe,10.0,0,2897893284,0,0,4096.0,32,10,4138.0,0.021046956380208332,0.0011694200802594423,29.320295333862305,0.9682092070579529,0.0654587373137474,0.009285148000344634
oracle_gate,0853.png,854189ea5c2a325324500c6cf7168e0b78d30b09606eb5a59f938a5ae69139fe,10.0,0,2897893284,1,1,5120.0,64,12,5196.0,0.02642822265625,0.0012508563231676817,29.02792739868164,0.9666730761528015,0.06698819249868393,0.009285148000344634
oracle_gate,0853.png,854189ea5c2a325324500c6cf7168e0b78d30b09606eb5a59f938a5ae69139fe,10.0,0,2897893284,2,1,5120.0,64,12,5196.0,0.02642822265625,0.0012513616820797324,29.026172637939453,0.9666250944137573,0.06723751872777939,0.009285148000344634
oracle_gate,0853.png,854189ea5c2a325324500c6cf7168e0b78d30b09606eb5a59f938a5ae69139fe,10.0,0,2897893284,3,2,6144.0,96,12,6252.0,0.03179931640625,0.0012475006515160203,29.039592742919922,0.966658353805542,0.06698819994926453,0.009285148000344634
oracle_gate,0853.png,854189ea5c2a325324500c6cf7168e0b78d30b09606eb5a59f938a5ae69139fe,10.0,0,2897893284,4,1,5120.0,64,12,5196.0,0.02642822265625,0.0012432050425559282,29.05457305908203,0.966920018196106,0.06674070656299591,0.00920745125040412
oracle_gate,0853.png,854189ea5c2a325324500c6cf7168e0b78d30b09606eb5a59f938a5ae69139fe,10.0,0,2897893284,5,2,6144.0,96,12,6252.0,0.03179931640625,0.0012348177842795849,29.083972930908203,0.9668790102005005,0.06652369350194931,0.00920745125040412
oracle_gate,0853.png,854189ea5c2a325324500c6cf7168e0b78d30b09606eb5a59f938a5ae69139fe,10.0,0,2897893284,6,2,6144.0,96,12,6252.0,0.03179931640625,0.001234223134815693,29.0860652923584,0.9669014811515808,0.0667819157242775,0.00920745125040412
oracle_gate,0853.png,854189ea5c2a325324500c6cf7168e0b78d30b09606eb5a59f938a5ae69139fe,10.0,0,2897893284,7,3,7168.0,128,12,7308.0,0.03717041015625,0.0012327799340710044,29.091144561767578,0.9668400287628174,0.06659763306379318,0.00920745125040412
oracle_gate,0853.png,854189ea5c2a325324500c6cf7168e0b78d30b09606eb5a59f938a5ae69139fe,10.0,0,2897893284,8,1,5120.0,64,12,5196.0,0.02642822265625,0.0012318090302869678,29.094566345214844,0.967436671257019,0.06667737662792206,0.00920950724685099
oracle_gate,0853.png,854189ea5c2a325324500c6cf7168e0b78d30b09606eb5a59f938a5ae69139fe,10.0,0,2897893284,9,2,6144.0,96,12,6252.0,0.03179931640625,0.001222244231030345,29.128419876098633,0.9674696326255798,0.06641121208667755,0.00920950724685099
oracle_gate,0853.png,854189ea5c2a325324500c6cf7168e0b78d30b09606eb5a59f938a5ae69139fe,10.0,0,2897893284,10,2,6144.0,96,12,6252.0,0.03179931640625,0.0012237564660608768,29.123050689697266,0.967436671257019,0.06675704568624496,0.00920950724685099
oracle_gate,0853.png,854189ea5c2a325324500c6cf7168e0b78d30b09606eb5a59f938a5ae69139fe,10.0,0,2897893284,11,3,7168.0,128,12,7308.0,0.03717041015625,0.0012206720421090722,29.134008407592773,0.9674496650695801,0.06654158234596252,0.00920950724685099
oracle_gate,0853.png,854189ea5c2a325324500c6cf7168e0b78d30b09606eb5a59f938a5ae69139fe,10.0,0,2897893284,12,2,6144.0,96,12,6252.0,0.03179931640625,0.0012106362264603376,29.169864654541016,0.9677485227584839,0.06624449044466019,0.009351510496344417
oracle_gate,0853.png,854189ea5c2a325324500c6cf7168e0b78d30b09606eb5a59f938a5ae69139fe,10.0,0,2897893284,13,3,7168.0,128,12,7308.0,0.03717041015625,0.0012030561920255423,29.197141647338867,0.9676992297172546,0.06607197970151901,0.009351510496344417
oracle_gate,0853.png,854189ea5c2a325324500c6cf7168e0b78d30b09606eb5a59f938a5ae69139fe,10.0,0,2897893284,14,3,7168.0,128,12,7308.0,0.03717041015625,0.001203784137032926,29.194515228271484,0.9677373766899109,0.06642145663499832,0.009351510496344417
oracle_gate,0853.png,854189ea5c2a325324500c6cf7168e0b78d30b09606eb5a59f938a5ae69139fe,10.0,0,2897893284,15,4,8192.0,160,12,8364.0,0.04254150390625,0.0012030759826302528,29.197071075439453,0.9676460027694702,0.06627421826124191,0.009351510496344417
oracle_gate,0853.png,854189ea5c2a325324500c6cf7168e0b78d30b09606eb5a59f938a5ae69139fe,10.0,1,2431114200,0,0,4096.0,32,10,4138.0,0.021046956380208332,0.0011177097912877798,29.516712188720703,0.9690756797790527,0.06764431297779083,0.009362588505609892
oracle_gate,0853.png,854189ea5c2a325324500c6cf7168e0b78d30b09606eb5a59f938a5ae69139fe,10.0,1,2431114200,1,1,5120.0,64,12,5196.0,0.02642822265625,0.001186199369840324,29.2584228515625,0.9675670862197876,0.06766154617071152,0.009362588505609892
oracle_gate,0853.png,854189ea5c2a325324500c6cf7168e0b78d30b09606eb5a59f938a5ae69139fe,10.0,1,2431114200,2,1,5120.0,64,12,5196.0,0.02642822265625,0.0011916557559743524,29.23849105834961,0.9675629138946533,0.06807083636522293,0.009362588505609892
oracle_gate,0853.png,854189ea5c2a325324500c6cf7168e0b78d30b09606eb5a59f938a5ae69139fe,10.0,1,2431114200,3,2,6144.0,96,12,6252.0,0.03179931640625,0.0011846027337014675,29.26427459716797,0.9676299095153809,0.06787291169166565,0.009362588505609892
oracle_gate,0853.png,854189ea5c2a325324500c6cf7168e0b78d30b09606eb5a59f938a5ae69139fe,10.0,1,2431114200,4,1,5120.0,64,12,5196.0,0.02642822265625,0.0011749750701710582,29.299715042114258,0.9680088758468628,0.06729721277952194,0.0090042687515961
oracle_gate,0853.png,854189ea5c2a325324500c6cf7168e0b78d30b09606eb5a59f938a5ae69139fe,10.0,1,2431114200,5,2,6144.0,96,12,6252.0,0.03179931640625,0.001162189757451415,29.34722900390625,0.9681007266044617,0.0672563761472702,0.0090042687515961
oracle_gate,0853.png,854189ea5c2a325324500c6cf7168e0b78d30b09606eb5a59f938a5ae69139fe,10.0,1,2431114200,6,2,6144.0,96,12,6252.0,0.03179931640625,0.0011686987709254026,29.322975158691406,0.9680954813957214,0.06751535832881927,0.0090042687515961
oracle_gate,0853.png,854189ea5c2a325324500c6cf7168e0b78d30b09606eb5a59f938a5ae69139fe,10.0,1,2431114200,7,3,7168.0,128,12,7308.0,0.03717041015625,0.0011617523850873113,29.348865509033203,0.9681411981582642,0.06749453395605087,0.0090042687515961
oracle_gate,0853.png,854189ea5c2a325324500c6cf7168e0b78d30b09606eb5a59f938a5ae69139fe,10.0,1,2431114200,8,1,5120.0,64,12,5196.0,0.02642822265625,0.0011848832946270704,29.263246536254883,0.9677878618240356,0.06824960559606552,0.009498573999735527
oracle_gate,0853.png,854189ea5c2a325324500c6cf7168e0b78d30b09606eb5a59f938a5ae69139fe,10.0,1,2431114200,9,2,6144.0,96,12,6252.0,0.03179931640625,0.0011740594636648893,29.3031005859375,0.9678632020950317,0.06811422109603882,0.009498573999735527
oracle_gate,0853.png,854189ea5c2a325324500c6cf7168e0b78d30b09606eb5a59f938a5ae69139fe,10.0,1,2431114200,10,2,6144.0,96,12,6252.0,0.03179931640625,0.0011794900055974722,29.283056259155273,0.9678585529327393,0.06855656206607819,0.009498573999735527
oracle_gate,0853.png,854189ea5c2a325324500c6cf7168e0b78d30b09606eb5a59f938a5ae69139fe,10.0,1,2431114200,11,3,7168.0,128,12,7308.0,0.03717041015625,0.0011737386230379343,29.30428695678711,0.9679128527641296,0.06842996180057526,0.009498573999735527
oracle_gate,0853.png,854189ea5c2a325324500c6cf7168e0b78d30b09606eb5a59f938a5ae69139fe,10.0,1,2431114200,12,2,6144.0,96,12,6252.0,0.03179931640625,0.0011624668259173632,29.346195220947266,0.9683722257614136,0.06783613562583923,0.008827213750919327
oracle_gate,0853.png,854189ea5c2a325324500c6cf7168e0b78d30b09606eb5a59f938a5ae69139fe,10.0,1,2431114200,13,3,7168.0,128,12,7308.0,0.03717041015625,0.0011507298331707716,29.39026641845703,0.9684510231018066,0.0678582563996315,0.008827213750919327
oracle_gate,0853.png,854189ea5c2a325324500c6cf7168e0b78d30b09606eb5a59f938a5ae69139fe,10.0,1,2431114200,14,3,7168.0,128,12,7308.0,0.03717041015625,0.0011583666782826185,29.36153793334961,0.968432605266571,0.06818868964910507,0.008827213750919327
oracle_gate,0853.png,854189ea5c2a325324500c6cf7168e0b78d30b09606eb5a59f938a5ae69139fe,10.0,1,2431114200,15,4,8192.0,160,12,8364.0,0.04254150390625,0.0011524888686835766,29.38363265991211,0.9684640765190125,0.06819268316030502,0.008827213750919327
oracle_gate,0853.png,854189ea5c2a325324500c6cf7168e0b78d30b09606eb5a59f938a5ae69139fe,10.0,2,3966046821,0,0,4096.0,32,10,4138.0,0.021046956380208332,0.001101427711546421,29.580440521240234,0.9690071940422058,0.06442304700613022,0.009185560746118426
oracle_gate,0853.png,854189ea5c2a325324500c6cf7168e0b78d30b09606eb5a59f938a5ae69139fe,10.0,2,3966046821,1,1,5120.0,64,12,5196.0,0.02642822265625,0.001174679258838296,29.30080795288086,0.9675912857055664,0.06551514565944672,0.009185560746118426
oracle_gate,0853.png,854189ea5c2a325324500c6cf7168e0b78d30b09606eb5a59f938a5ae69139fe,10.0,2,3966046821,2,1,5120.0,64,12,5196.0,0.02642822265625,0.0011567597975954413,29.367568969726562,0.9676738977432251,0.06544162333011627,0.009185560746118426
oracle_gate,0853.png,854189ea5c2a325324500c6cf7168e0b78d30b09606eb5a59f938a5ae69139fe,10.0,2,3966046821,3,2,6144.0,96,12,6252.0,0.03179931640625,0.0011707706144079566,29.31528091430664,0.967599093914032,0.06557365506887436,0.009185560746118426
oracle_gate,0853.png,854189ea5c2a325324500c6cf7168e0b78d30b09606eb5a59f938a5ae69139fe,10.0,2,3966046821,4,1,5120.0,64,12,5196.0,0.02642822265625,0.001141108339652419,29.42673110961914,0.9681411981582642,0.06477098912000656,0.00913645925174933
oracle_gate,0853.png,854189ea5c2a325324500c6cf7168e0b78d30b09606eb5a59f938a5ae69139fe,10.0,2,3966046821,5,2,6144.0,96,12,6252.0,0.03179931640625,0.0011483334237709641,29.399320602416992,0.9680919051170349,0.06475237756967545,0.00913645925174933
oracle_gate,0853.png,854189ea5c2a325324500c6cf7168e0b78d30b09606eb5a59f938a5ae69139fe,10.0,2,3966046821,6,2,6144.0,96,12,6252.0,0.03179931640625,0.0011326491367071867,29.459047317504883,0.9681534767150879,0.06477820128202438,0.00913645925174933
oracle_gate,0853.png,854189ea5c2a325324500c6cf7168e0b78d30b09606eb5a59f938a5ae69139fe,10.0,2,3966046821,7,3,7168.0,128,12,7308.0,0.03717041015625,0.001145832473412156,29.408790588378906,0.9680745005607605,0.06485311686992645,0.00913645925174933
oracle_gate,0853.png,854189ea5c2a325324500c6cf7168e0b78d30b09606eb5a59f938a5ae69139fe,10.0,2,3966046821,8,1,5120.0,64,12,5196.0,0.02642822265625,0.0011541112326085567,29.377525329589844,0.9680614471435547,0.06513696908950806,0.00924102999852039
oracle_gate,0853.png,854189ea5c2a325324500c6cf7168e0b78d30b09606eb5a59f938a5ae69139fe,10.0,2,3966046821,9,2,6144.0,96,12,6252.0,0.03179931640625,0.0011635611299425364,29.34210777282715,0.9679962396621704,0.0652148649096489,0.00924102999852039
oracle_gate,0853.png,854189ea5c2a325324500c6cf7168e0b78d30b09606eb5a59f938a5ae69139fe,10.0,2,3966046821,10,2,6144.0,96,12,6252.0,0.03179931640625,0.0011469939490780234,29.404390335083008,0.9680812358856201,0.06522311270236969,0.00924102999852039
oracle_gate,0853.png,854189ea5c2a325324500c6cf7168e0b78d30b09606eb5a59f938a5ae69139fe,10.0,2,3966046821,11,3,7168.0,128,12,7308.0,0.03717041015625,0.0011620535515248775,29.347740173339844,0.9679840803146362,0.06540405750274658,0.00924102999852039
oracle_gate,0853.png,854189ea5c2a325324500c6cf7168e0b78d30b09606eb5a59f938a5ae69139fe,10.0,2,3966046821,12,2,6144.0,96,12,6252.0,0.03179931640625,0.0011246568756178021,29.48980140686035,0.9686615467071533,0.06464413553476334,0.009168939752271399
oracle_gate,0853.png,854189ea5c2a325324500c6cf7168e0b78d30b09606eb5a59f938a5ae69139fe,10.0,2,3966046821,13,3,7168.0,128,12,7308.0,0.03717041015625,0.0011328731197863817,29.458187103271484,0.9685972929000854,0.06466822326183319,0.009168939752271399
oracle_gate,0853.png,854189ea5c2a325324500c6cf7168e0b78d30b09606eb5a59f938a5ae69139fe,10.0,2,3966046821,14,3,7168.0,128,12,7308.0,0.03717041015625,0.0011189451906830072,29.511911392211914,0.9686567783355713,0.06475882977247238,0.009168939752271399
oracle_gate,0853.png,854189ea5c2a325324500c6cf7168e0b78d30b09606eb5a59f938a5ae69139fe,10.0,2,3966046821,15,4,8192.0,160,12,8364.0,0.04254150390625,0.0011332107242196798,29.456893920898438,0.9685580134391785,0.06487230211496353,0.009168939752271399
oracle_gate,0853.png,854189ea5c2a325324500c6cf7168e0b78d30b09606eb5a59f938a5ae69139fe,10.0,3,2639514596,0,0,4096.0,32,10,4138.0,0.021046956380208332,0.0010962390806525946,29.6009464263916,0.9696495532989502,0.06579507887363434,0.009357289003673941
oracle_gate,0853.png,854189ea5c2a325324500c6cf7168e0b78d30b09606eb5a59f938a5ae69139fe,10.0,3,2639514596,1,1,5120.0,64,12,5196.0,0.02642822265625,0.001163804903626442,29.34119987487793,0.968359649181366,0.06535903364419937,0.009357289003673941
oracle_gate,0853.png,854189ea5c2a325324500c6cf7168e0b78d30b09606eb5a59f938a5ae69139fe,10.0,3,2639514596,2,1,5120.0,64,12,5196.0,0.02642822265625,0.0011653972323983908,29.335262298583984,0.9681999087333679,0.06553766876459122,0.009357289003673941
oracle_gate,0853.png,854189ea5c2a325324500c6cf7168e0b78d30b09606eb5a59f938a5ae69139fe,10.0,3,2639514596,3,2,6144.0,96,12,6252.0,0.03179931640625,0.0011637588031589985,29.341371536254883,0.9682859778404236,0.06535980105400085,0.009357289003673941
oracle_gate,0853.png,854189ea5c2a325324500c6cf7168e0b78d30b09606eb5a59f938a5ae69139fe,10.0,3,2639514596,4,1,5120.0,64,12,5196.0,0.02642822265625,0.0011493342462927103,29.395538330078125,0.968681812286377,0.06460197269916534,0.00943736798944883
oracle_gate,0853.png,854189ea5c2a325324500c6cf7168e0b78d30b09606eb5a59f938a5ae69139fe,10.0,3,2639514596,5,2,6144.0,96,12,6252.0,0.03179931640625,0.0011444382835179567,29.414077758789062,0.9687880873680115,0.06455066800117493,0.00943736798944883
oracle_gate,0853.png,854189ea5c2a325324500c6cf7168e0b78d30b09606eb5a59f938a5ae69139fe,10.0,3,2639514596,6,2,6144.0,96,12,6252.0,0.03179931640625,0.001145739108324051,29.409141540527344,0.9686471819877625,0.06472605466842651,0.00943736798944883
oracle_gate,0853.png,854189ea5c2a325324500c6cf7168e0b78d30b09606eb5a59f938a5ae69139fe,10.0,3,2639514596,7,3,7168.0,128,12,7308.0,0.03717041015625,0.0011453315382823348,29.410688400268555,0.9686965346336365,0.0645802766084671,0.00943736798944883
oracle_gate,0853.png,854189ea5c2a325324500c6cf7168e0b78d30b09606eb5a59f938a5ae69139fe,10.0,3,2639514596,8,1,5120.0,64,12,5196.0,0.02642822265625,0.0011567542096599936,29.367589950561523,0.9687877893447876,0.06697210669517517,0.009334143498563208
oracle_gate,0853.png,854189ea5c2a325324500c6cf7168e0b78d30b09606eb5a59f938a5ae69139fe,10.0,3,2639514596,9,2,6144.0,96,12,6252.0,0.03179931640625,0.0011532206553965807,29.380876541137695,0.968907356262207,0.06692857295274734,0.009334143498563208
oracle_gate,0853.png,854189ea5c2a325324500c6cf7168e0b78d30b09606eb5a59f938a5ae69139fe,10.0,3,2639514596,10,2,6144.0,96,12,6252.0,0.03179931640625,0.0011529276380315423,29.381980895996094,0.9687309265136719,0.06707726418972015,0.009334143498563208
oracle_gate,0853.png,854189ea5c2a325324500c6cf7168e0b78d30b09606eb5a59f938a5ae69139fe,10.0,3,2639514596,11,3,7168.0,128,12,7308.0,0.03717041015625,0.0011530413758009672,29.38155174255371,0.9687981605529785,0.06696321815252304,0.009334143498563208
oracle_gate,0853.png,854189ea5c2a325324500c6cf7168e0b78d30b09606eb5a59f938a5ae69139fe,10.0,3,2639514596,12,2,6144.0,96,12,6252.0,0.03179931640625,0.0011338189942762256,29.45456314086914,0.9692625999450684,0.06634243577718735,0.008899491251213476
oracle_gate,0853.png,854189ea5c2a325324500c6cf7168e0b78d30b09606eb5a59f938a5ae69139fe,10.0,3,2639514596,13,3,7168.0,128,12,7308.0,0.03717041015625,0.0011302742641419172,29.468162536621094,0.9693546295166016,0.06633531302213669,0.008899491251213476
oracle_gate,0853.png,854189ea5c2a325324500c6cf7168e0b78d30b09606eb5a59f938a5ae69139fe,10.0,3,2639514596,14,3,7168.0,128,12,7308.0,0.03717041015625,0.0011309795081615448,29.4654541015625,0.969200611114502,0.06653320789337158,0.008899491251213476
oracle_gate,0853.png,854189ea5c2a325324500c6cf7168e0b78d30b09606eb5a59f938a5ae69139fe,10.0,3,2639514596,15,4,8192.0,160,12,8364.0,0.04254150390625,0.0011322677601128817,29.460508346557617,0.9692224860191345,0.06646548211574554,0.008899491251213476
oracle_gate,0854.png,f77817c7a5d940baf174efa61d2fbf40354a08ade7a151e155ce62bd2481eca8,10.0,0,1404092131,0,0,4096.0,32,10,4138.0,0.021046956380208332,0.004125052131712437,23.845706939697266,0.9488029479980469,0.24664902687072754,0.009249693248420954
oracle_gate,0854.png,f77817c7a5d940baf174efa61d2fbf40354a08ade7a151e155ce62bd2481eca8,10.0,0,1404092131,1,1,5120.0,64,12,5196.0,0.02642822265625,0.004243364557623863,23.722898483276367,0.9459299445152283,0.2475474327802658,0.009249693248420954
oracle_gate,0854.png,f77817c7a5d940baf174efa61d2fbf40354a08ade7a151e155ce62bd2481eca8,10.0,0,1404092131,2,1,5120.0,64,12,5196.0,0.02642822265625,0.0042122844606637955,23.754825592041016,0.946784257888794,0.24790775775909424,0.009249693248420954
oracle_gate,0854.png,f77817c7a5d940baf174efa61d2fbf40354a08ade7a151e155ce62bd2481eca8,10.0,0,1404092131,3,2,6144.0,96,12,6252.0,0.03179931640625,0.004210393410176039,23.756772994995117,0.9468688368797302,0.2458598017692566,0.009249693248420954
oracle_gate,0854.png,f77817c7a5d940baf174efa61d2fbf40354a08ade7a151e155ce62bd2481eca8,10.0,0,1404092131,4,1,5120.0,64,12,5196.0,0.02642822265625,0.0042132725939154625,23.75380516052246,0.9470266103744507,0.24946092069149017,0.009126577991992235
oracle_gate,0854.png,f77817c7a5d940baf174efa61d2fbf40354a08ade7a151e155ce62bd2481eca8,10.0,0,1404092131,5,2,6144.0,96,12,6252.0,0.03179931640625,0.004187672398984432,23.7802734375,0.9476060271263123,0.2472093403339386,0.009126577991992235
oracle_gate,0854.png,f77817c7a5d940baf174efa61d2fbf40354a08ade7a151e155ce62bd2481eca8,10.0,0,1404092131,6,2,6144.0,96,12,6252.0,0.03179931640625,0.004172300919890404,23.79624366760254,0.9480254054069519,0.24748943746089935,0.009126577991992235
oracle_gate,0854.png,f77817c7a5d940baf174efa61d2fbf40354a08ade7a151e155ce62bd2481eca8,10.0,0,1404092131,7,3,7168.0,128,12,7308.0,0.03717041015625,0.004164401441812515,23.804473876953125,0.9482865333557129,0.2455941140651703,0.009126577991992235
oracle_gate,0854.png,f77817c7a5d940baf174efa61d2fbf40354a08ade7a151e155ce62bd2481eca8,10.0,0,1404092131,8,1,5120.0,64,12,5196.0,0.02642822265625,0.004216515924781561,23.75046157836914,0.9466056227684021,0.24934010207653046,0.009372984000947326
oracle_gate,0854.png,f77817c7a5d940baf174efa61d2fbf40354a08ade7a151e155ce62bd2481eca8,10.0,0,1404092131,9,2,6144.0,96,12,6252.0,0.03179931640625,0.0041985660791397095,23.768993377685547,0.9469927549362183,0.24710553884506226,0.009372984000947326
oracle_gate,0854.png,f77817c7a5d940baf174efa61d2fbf40354a08ade7a151e155ce62bd2481eca8,10.0,0,1404092131,10,2,6144.0,96,12,6252.0,0.03179931640625,0.004180483520030975,23.787734985351562,0.9475080966949463,0.24758517742156982,0.009372984000947326
oracle_gate,0854.png,f77817c7a5d940baf174efa61d2fbf40354a08ade7a151e155ce62bd2481eca8,10.0,0,1404092131,11,3,7168.0,128,12,7308.0,0.03717041015625,0.004178744740784168,23.78954315185547,0.947594165802002,0.2455967366695404,0.009372984000947326
oracle_gate,0854.png,f77817c7a5d940baf174efa61d2fbf40354a08ade7a151e155ce62bd2481eca8,10.0,0,1404092131,12,2,6144.0,96,12,6252.0,0.03179931640625,0.004196318797767162,23.77131462097168,0.9473265409469604,0.2494446188211441,0.009302095757448114
oracle_gate,0854.png,f77817c7a5d940baf174efa61d2fbf40354a08ade7a151e155ce62bd2481eca8,10.0,0,1404092131,13,3,7168.0,128,12,7308.0,0.03717041015625,0.004174763336777687,23.793682098388672,0.9478168487548828,0.24728308618068695,0.009302095757448114
oracle_gate,0854.png,f77817c7a5d940baf174efa61d2fbf40354a08ade7a151e155ce62bd2481eca8,10.0,0,1404092131,14,3,7168.0,128,12,7308.0,0.03717041015625,0.004164931830018759,23.80392074584961,0.9481339454650879,0.24767979979515076,0.009302095757448114
oracle_gate,0854.png,f77817c7a5d940baf174efa61d2fbf40354a08ade7a151e155ce62bd2481eca8,10.0,0,1404092131,15,4,8192.0,160,12,8364.0,0.04254150390625,0.004157957620918751,23.811199188232422,0.9483680725097656,0.2458183318376541,0.009302095757448114
oracle_gate,0854.png,f77817c7a5d940baf174efa61d2fbf40354a08ade7a151e155ce62bd2481eca8,10.0,1,1590224221,0,0,4096.0,32,10,4138.0,0.021046956380208332,0.004238218069076538,23.728168487548828,0.9472674131393433,0.2455483227968216,0.00973231224634219
oracle_gate,0854.png,f77817c7a5d940baf174efa61d2fbf40354a08ade7a151e155ce62bd2481eca8,10.0,1,1590224221,1,1,5120.0,64,12,5196.0,0.02642822265625,0.004339729901403189,23.62537384033203,0.9446918368339539,0.24784205853939056,0.00973231224634219
oracle_gate,0854.png,f77817c7a5d940baf174efa61d2fbf40354a08ade7a151e155ce62bd2481eca8,10.0,1,1590224221,2,1,5120.0,64,12,5196.0,0.02642822265625,0.00427616760134697,23.689453125,0.94600909948349,0.2468169778585434,0.00973231224634219
oracle_gate,0854.png,f77817c7a5d940baf174efa61d2fbf40354a08ade7a151e155ce62bd2481eca8,10.0,1,1590224221,3,2,6144.0,96,12,6252.0,0.03179931640625,0.004299545660614967,23.665773391723633,0.9460458755493164,0.2469426393508911,0.00973231224634219
oracle_gate,0854.png,f77817c7a5d940baf174efa61d2fbf40354a08ade7a151e155ce62bd2481eca8,10.0,1,1590224221,4,1,5120.0,64,12,5196.0,0.02642822265625,0.004327832721173763,23.637296676635742,0.9446923732757568,0.24674615263938904,0.009253511248971336
oracle_gate,0854.png,f77817c7a5d940baf174efa61d2fbf40354a08ade7a151e155ce62bd2481eca8,10.0,1,1590224221,5,2,6144.0,96,12,6252.0,0.03179931640625,0.00434651505202055,23.618587493896484,0.9451826810836792,0.24685899913311005,0.009253511248971336
oracle_gate,0854.png,f77817c7a5d940baf174efa61d2fbf40354a08ade7a151e155ce62bd2481eca8,10.0,1,1590224221,6,2,6144.0,96,12,6252.0,0.03179931640625,0.004279973916709423,23.685588836669922,0.9464797973632812,0.2462993562221527,0.009253511248971336
oracle_gate,0854.png,f77817c7a5d940baf174efa61d2fbf40354a08ade7a151e155ce62bd2481eca8,10.0,1,1590224221,7,3,7168.0,128,12,7308.0,0.03717041015625,0.0043071238324046135,23.658126831054688,0.9465326070785522,0.24598252773284912,0.009253511248971336
oracle_gate,0854.png,f77817c7a5d940baf174efa61d2fbf40354a08ade7a151e155ce62bd2481eca8,10.0,1,1590224221,8,1,5120.0,64,12,5196.0,0.02642822265625,0.004312840756028891,23.65236473083496,0.9445387721061707,0.24673929810523987,0.009125311742536724
oracle_gate,0854.png,f77817c7a5d940baf174efa61d2fbf40354a08ade7a151e155ce62bd2481eca8,10.0,1,1590224221,9,2,6144.0,96,12,6252.0,0.03179931640625,0.004327541217207909,23.637588500976562,0.9449967741966248,0.2472480833530426,0.009125311742536724
oracle_gate,0854.png,f77817c7a5d940baf174efa61d2fbf40354a08ade7a151e155ce62bd2481eca8,10.0,1,1590224221,10,2,6144.0,96,12,6252.0,0.03179931640625,0.004265880212187767,23.699913024902344,0.9462208151817322,0.2463037520647049,0.009125311742536724
oracle_gate,0854.png,f77817c7a5d940baf174efa61d2fbf40354a08ade7a151e155ce62bd2481eca8,10.0,1,1590224221,11,3,7168.0,128,12,7308.0,0.03717041015625,0.004288511350750923,23.67693328857422,0.9462591409683228,0.2464030534029007,0.009125311742536724
oracle_gate,0854.png,f77817c7a5d940baf174efa61d2fbf40354a08ade7a151e155ce62bd2481eca8,10.0,1,1590224221,12,2,6144.0,96,12,6252.0,0.03179931640625,0.004316295031458139,23.648889541625977,0.9450318217277527,0.246159166097641,0.009146464741206728
oracle_gate,0854.png,f77817c7a5d940baf174efa61d2fbf40354a08ade7a151e155ce62bd2481eca8,10.0,1,1590224221,13,3,7168.0,128,12,7308.0,0.03717041015625,0.004335231613367796,23.6298770904541,0.9455174803733826,0.24624912440776825,0.009146464741206728
oracle_gate,0854.png,f77817c7a5d940baf174efa61d2fbf40354a08ade7a151e155ce62bd2481eca8,10.0,1,1590224221,14,3,7168.0,128,12,7308.0,0.03717041015625,0.004269854165613651,23.695871353149414,0.9467265605926514,0.24570097029209137,0.009146464741206728
oracle_gate,0854.png,f77817c7a5d940baf174efa61d2fbf40354a08ade7a151e155ce62bd2481eca8,10.0,1,1590224221,15,4,8192.0,160,12,8364.0,0.04254150390625,0.004296144936233759,23.669208526611328,0.9467942714691162,0.245333731174469,0.009146464741206728
oracle_gate,0854.png,f77817c7a5d940baf174efa61d2fbf40354a08ade7a151e155ce62bd2481eca8,10.0,2,3078422948,0,0,4096.0,32,10,4138.0,0.021046956380208332,0.004068590700626373,23.905559539794922,0.9483062624931335,0.23922428488731384,0.009417250010301359
oracle_gate,0854.png,f77817c7a5d940baf174efa61d2fbf40354a08ade7a151e155ce62bd2481eca8,10.0,2,3078422948,1,1,5120.0,64,12,5196.0,0.02642822265625,0.004168480634689331,23.800222396850586,0.9468538165092468,0.23939287662506104,0.009417250010301359
oracle_gate,0854.png,f77817c7a5d940baf174efa61d2fbf40354a08ade7a151e155ce62bd2481eca8,10.0,2,3078422948,2,1,5120.0,64,12,5196.0,0.02642822265625,0.004122450016438961,23.848447799682617,0.9474594593048096,0.23934149742126465,0.009417250010301359
oracle_gate,0854.png,f77817c7a5d940baf174efa61d2fbf40354a08ade7a151e155ce62bd2481eca8,10.0,2,3078422948,3,2,6144.0,96,12,6252.0,0.03179931640625,0.004153575282543898,23.815780639648438,0.9470338225364685,0.238974928855896,0.009417250010301359
oracle_gate,0854.png,f77817c7a5d940baf174efa61d2fbf40354a08ade7a151e155ce62bd2481eca8,10.0,2,3078422948,4,1,5120.0,64,12,5196.0,0.02642822265625,0.004152220673859119,23.817195892333984,0.9468702077865601,0.23882043361663818,0.008846700744470581
oracle_gate,0854.png,f77817c7a5d940baf174efa61d2fbf40354a08ade7a151e155ce62bd2481eca8,10.0,2,3078422948,5,2,6144.0,96,12,6252.0,0.03179931640625,0.00415047537535429,23.81902313232422,0.9470505118370056,0.23818828165531158,0.008846700744470581
oracle_gate,0854.png,f77817c7a5d940baf174efa61d2fbf40354a08ade7a151e155ce62bd2481eca8,10.0,2,3078422948,6,2,6144.0,96,12,6252.0,0.03179931640625,0.004107305314391851,23.864429473876953,0.9476432204246521,0.23813921213150024,0.008846700744470581
oracle_gate,0854.png,f77817c7a5d940baf174efa61d2fbf40354a08ade7a151e155ce62bd2481eca8,10.0,2,3078422948,7,3,7168.0,128,12,7308.0,0.03717041015625,0.004137576557695866,23.83254051208496,0.9471968412399292,0.23780138790607452,0.008846700744470581
oracle_gate,0854.png,f77817c7a5d940baf174efa61d2fbf40354a08ade7a151e155ce62bd2481eca8,10.0,2,3078422948,8,1,5120.0,64,12,5196.0,0.02642822265625,0.0041574593633413315,23.81171989440918,0.9468358755111694,0.2395138144493103,0.009141038739471696
oracle_gate,0854.png,f77817c7a5d940baf174efa61d2fbf40354a08ade7a151e155ce62bd2481eca8,10.0,2,3078422948,9,2,6144.0,96,12,6252.0,0.03179931640625,0.004156411625444889,23.812816619873047,0.9470524787902832,0.23894158005714417,0.009141038739471696
oracle_gate,0854.png,f77817c7a5d940baf174efa61d2fbf40354a08ade7a151e155ce62bd2481eca8,10.0,2,3078422948,10,2,6144.0,96,12,6252.0,0.03179931640625,0.004112339578568935,23.85910987854004,0.9476042985916138,0.2391289472579956,0.009141038739471696
oracle_gate,0854.png,f77817c7a5d940baf174efa61d2fbf40354a08ade7a151e155ce62bd2481eca8,10.0,2,3078422948,11,3,7168.0,128,12,7308.0,0.03717041015625,0.004144166596233845,23.82562828063965,0.9471524953842163,0.23880687355995178,0.009141038739471696
oracle_gate,0854.png,f77817c7a5d940baf174efa61d2fbf40354a08ade7a151e155ce62bd2481eca8,10.0,2,3078422948,12,2,6144.0,96,12,6252.0,0.03179931640625,0.004147776402533054,23.821847915649414,0.9469783306121826,0.2388022094964981,0.009154743747785687
oracle_gate,0854.png,f77817c7a5d940baf174efa61d2fbf40354a08ade7a151e155ce62bd2481eca8,10.0,2,3078422948,13,3,7168.0,128,12,7308.0,0.03717041015625,0.004145685117691755,23.824039459228516,0.9471702575683594,0.23817571997642517,0.009154743747785687
oracle_gate,0854.png,f77817c7a5d940baf174efa61d2fbf40354a08ade7a151e155ce62bd2481eca8,10.0,2,3078422948,14,3,7168.0,128,12,7308.0,0.03717041015625,0.004104336723685265,23.867570877075195,0.9477144479751587,0.23832766711711884,0.009154743747785687
oracle_gate,0854.png,f77817c7a5d940baf174efa61d2fbf40354a08ade7a151e155ce62bd2481eca8,10.0,2,3078422948,15,4,8192.0,160,12,8364.0,0.04254150390625,0.004134473390877247,23.835796356201172,0.9472641348838806,0.23803086578845978,0.009154743747785687
oracle_gate,0854.png,f77817c7a5d940baf174efa61d2fbf40354a08ade7a151e155ce62bd2481eca8,10.0,3,3846469593,0,0,4096.0,32,10,4138.0,0.021046956380208332,0.0040758452378213406,23.8978214263916,0.947952389717102,0.24869155883789062,0.009186946248519234
oracle_gate,0854.png,f77817c7a5d940baf174efa61d2fbf40354a08ade7a151e155ce62bd2481eca8,10.0,3,3846469593,1,1,5120.0,64,12,5196.0,0.02642822265625,0.004159357398748398,23.809738159179688,0.9468811750411987,0.25116032361984253,0.009186946248519234
oracle_gate,0854.png,f77817c7a5d940baf174efa61d2fbf40354a08ade7a151e155ce62bd2481eca8,10.0,3,3846469593,2,1,5120.0,64,12,5196.0,0.02642822265625,0.004151402972638607,23.818052291870117,0.9469441771507263,0.25064975023269653,0.009186946248519234
oracle_gate,0854.png,f77817c7a5d940baf174efa61d2fbf40354a08ade7a151e155ce62bd2481eca8,10.0,3,3846469593,3,2,6144.0,96,12,6252.0,0.03179931640625,0.004147564060986042,23.82206916809082,0.947144627571106,0.25039491057395935,0.009186946248519234
oracle_gate,0854.png,f77817c7a5d940baf174efa61d2fbf40354a08ade7a151e155ce62bd2481eca8,10.0,3,3846469593,4,1,5120.0,64,12,5196.0,0.02642822265625,0.004154164344072342,23.81516456604004,0.9471011161804199,0.2502707540988922,0.009254686010535806
oracle_gate,0854.png,f77817c7a5d940baf174efa61d2fbf40354a08ade7a151e155ce62bd2481eca8,10.0,3,3846469593,5,2,6144.0,96,12,6252.0,0.03179931640625,0.004143649246543646,23.826169967651367,0.9473638534545898,0.24997812509536743,0.009254686010535806
oracle_gate,0854.png,f77817c7a5d940baf174efa61d2fbf40354a08ade7a151e155ce62bd2481eca8,10.0,3,3846469593,6,2,6144.0,96,12,6252.0,0.03179931640625,0.0041397325694561005,23.830278396606445,0.9473909139633179,0.2497672736644745,0.009254686010535806
oracle_gate,0854.png,f77817c7a5d940baf174efa61d2fbf40354a08ade7a151e155ce62bd2481eca8,10.0,3,3846469593,7,3,7168.0,128,12,7308.0,0.03717041015625,0.00413377583026886,23.836532592773438,0.9475979208946228,0.24933184683322906,0.009254686010535806
oracle_gate,0854.png,f77817c7a5d940baf174efa61d2fbf40354a08ade7a151e155ce62bd2481eca8,10.0,3,3846469593,8,1,5120.0,64,12,5196.0,0.02642822265625,0.004140873905271292,23.82908058166504,0.9468271136283875,0.25080737471580505,0.009466524003073573
oracle_gate,0854.png,f77817c7a5d940baf174efa61d2fbf40354a08ade7a151e155ce62bd2481eca8,10.0,3,3846469593,9,2,6144.0,96,12,6252.0,0.03179931640625,0.004133292473852634,23.837039947509766,0.9470805525779724,0.25068286061286926,0.009466524003073573
oracle_gate,0854.png,f77817c7a5d940baf174efa61d2fbf40354a08ade7a151e155ce62bd2481eca8,10.0,3,3846469593,10,2,6144.0,96,12,6252.0,0.03179931640625,0.004125208128243685,23.84554100036621,0.9471300840377808,0.2507339119911194,0.009466524003073573
oracle_gate,0854.png,f77817c7a5d940baf174efa61d2fbf40354a08ade7a151e155ce62bd2481eca8,10.0,3,3846469593,11,3,7168.0,128,12,7308.0,0.03717041015625,0.004121878184378147,23.849048614501953,0.947330892086029,0.25050780177116394,0.009466524003073573
oracle_gate,0854.png,f77817c7a5d940baf174efa61d2fbf40354a08ade7a151e155ce62bd2481eca8,10.0,3,3846469593,12,2,6144.0,96,12,6252.0,0.03179931640625,0.004132282920181751,23.83810043334961,0.9472780227661133,0.24978592991828918,0.009974733489798382
oracle_gate,0854.png,f77817c7a5d940baf174efa61d2fbf40354a08ade7a151e155ce62bd2481eca8,10.0,3,3846469593,13,3,7168.0,128,12,7308.0,0.03717041015625,0.004122074693441391,23.84884262084961,0.9475326538085938,0.24951358139514923,0.009974733489798382
oracle_gate,0854.png,f77817c7a5d940baf174efa61d2fbf40354a08ade7a151e155ce62bd2481eca8,10.0,3,3846469593,14,3,7168.0,128,12,7308.0,0.03717041015625,0.004117121454328299,23.854063034057617,0.9475833177566528,0.2497359663248062,0.009974733489798382
oracle_gate,0854.png,f77817c7a5d940baf174efa61d2fbf40354a08ade7a151e155ce62bd2481eca8,10.0,3,3846469593,15,4,8192.0,160,12,8364.0,0.04254150390625,0.00411154655739665,23.859949111938477,0.9477826952934265,0.24933362007141113,0.009974733489798382
oracle_gate,0855.png,86001004f1eb6a1e182bb2ed3c23093d2656690a61091b2822af1c9124a40141,10.0,0,2827734421,0,0,4096.0,32,10,4138.0,0.021046956380208332,0.0006538424640893936,31.84526824951172,0.952013373374939,0.47563520073890686,0.009097429501707666
oracle_gate,0855.png,86001004f1eb6a1e182bb2ed3c23093d2656690a61091b2822af1c9124a40141,10.0,0,2827734421,1,1,5120.0,64,12,5196.0,0.02642822265625,0.0006605586968362331,31.800884246826172,0.95135498046875,0.47119125723838806,0.009097429501707666
oracle_gate,0855.png,86001004f1eb6a1e182bb2ed3c23093d2656690a61091b2822af1c9124a40141,10.0,0,2827734421,2,1,5120.0,64,12,5196.0,0.02642822265625,0.0006589936092495918,31.811189651489258,0.9513635039329529,0.47291040420532227,0.009097429501707666
oracle_gate,0855.png,86001004f1eb6a1e182bb2ed3c23093d2656690a61091b2822af1c9124a40141,10.0,0,2827734421,3,2,6144.0,96,12,6252.0,0.03179931640625,0.0006584309739992023,31.814897537231445,0.9515292048454285,0.4715915024280548,0.009097429501707666
oracle_gate,0855.png,86001004f1eb6a1e182bb2ed3c23093d2656690a61091b2822af1c9124a40141,10.0,0,2827734421,4,1,5120.0,64,12,5196.0,0.02642822265625,0.0006606487440876663,31.800296783447266,0.9511536359786987,0.47178444266319275,0.009294448493164964
oracle_gate,0855.png,86001004f1eb6a1e182bb2ed3c23093d2656690a61091b2822af1c9124a40141,10.0,0,2827734421,5,2,6144.0,96,12,6252.0,0.03179931640625,0.0006600554916076362,31.804197311401367,0.9514080882072449,0.4691322445869446,0.009294448493164964
oracle_gate,0855.png,86001004f1eb6a1e182bb2ed3c23093d2656690a61091b2822af1c9124a40141,10.0,0,2827734421,6,2,6144.0,96,12,6252.0,0.03179931640625,0.0006586328381672502,31.813568115234375,0.9514478445053101,0.47128981351852417,0.009294448493164964
oracle_gate,0855.png,86001004f1eb6a1e182bb2ed3c23093d2656690a61091b2822af1c9124a40141,10.0,0,2827734421,7,3,7168.0,128,12,7308.0,0.03717041015625,0.0006580705521628261,31.817276000976562,0.9516152143478394,0.4695420265197754,0.009294448493164964
oracle_gate,0855.png,86001004f1eb6a1e182bb2ed3c23093d2656690a61091b2822af1c9124a40141,10.0,0,2827734421,8,1,5120.0,64,12,5196.0,0.02642822265625,0.0006594485021196306,31.80819320678711,0.9511849880218506,0.47275876998901367,0.009673666252638213
oracle_gate,0855.png,86001004f1eb6a1e182bb2ed3c23093d2656690a61091b2822af1c9124a40141,10.0,0,2827734421,9,2,6144.0,96,12,6252.0,0.03179931640625,0.0006592072895728052,31.80978012084961,0.9514398574829102,0.47066327929496765,0.009673666252638213
oracle_gate,0855.png,86001004f1eb6a1e182bb2ed3c23093d2656690a61091b2822af1c9124a40141,10.0,0,2827734421,10,2,6144.0,96,12,6252.0,0.03179931640625,0.0006573465070687234,31.82205581665039,0.9514166712760925,0.4723030626773834,0.009673666252638213
oracle_gate,0855.png,86001004f1eb6a1e182bb2ed3c23093d2656690a61091b2822af1c9124a40141,10.0,0,2827734421,11,3,7168.0,128,12,7308.0,0.03717041015625,0.0006570148980244994,31.824249267578125,0.9515959620475769,0.4710378348827362,0.009673666252638213
oracle_gate,0855.png,86001004f1eb6a1e182bb2ed3c23093d2656690a61091b2822af1c9124a40141,10.0,0,2827734421,12,2,6144.0,96,12,6252.0,0.03179931640625,0.0006600667256861925,31.804122924804688,0.9512758255004883,0.47018134593963623,0.008749728251132183
oracle_gate,0855.png,86001004f1eb6a1e182bb2ed3c23093d2656690a61091b2822af1c9124a40141,10.0,0,2827734421,13,3,7168.0,128,12,7308.0,0.03717041015625,0.0006598293548449874,31.80568504333496,0.9515178203582764,0.46772342920303345,0.008749728251132183
oracle_gate,0855.png,86001004f1eb6a1e182bb2ed3c23093d2656690a61091b2822af1c9124a40141,10.0,0,2827734421,14,3,7168.0,128,12,7308.0,0.03717041015625,0.0006581447087228298,31.81678581237793,0.9515165686607361,0.46992364525794983,0.008749728251132183
oracle_gate,0855.png,86001004f1eb6a1e182bb2ed3c23093d2656690a61091b2822af1c9124a40141,10.0,0,2827734421,15,4,8192.0,160,12,8364.0,0.04254150390625,0.0006578426109626889,31.81878089904785,0.9516482353210449,0.4681026339530945,0.008749728251132183
oracle_gate,0855.png,86001004f1eb6a1e182bb2ed3c23093d2656690a61091b2822af1c9124a40141,10.0,1,2856075513,0,0,4096.0,32,10,4138.0,0.021046956380208332,0.0006540549802593887,31.843856811523438,0.9517876505851746,0.4832988381385803,0.005640329749439843
oracle_gate,0855.png,86001004f1eb6a1e182bb2ed3c23093d2656690a61091b2822af1c9124a40141,10.0,1,2856075513,1,1,5120.0,64,12,5196.0,0.02642822265625,0.0006621844950132072,31.790210723876953,0.9511522650718689,0.48219120502471924,0.005640329749439843
oracle_gate,0855.png,86001004f1eb6a1e182bb2ed3c23093d2656690a61091b2822af1c9124a40141,10.0,1,2856075513,2,1,5120.0,64,12,5196.0,0.02642822265625,0.0006625060923397541,31.788101196289062,0.9511148929595947,0.47979679703712463,0.005640329749439843
oracle_gate,0855.png,86001004f1eb6a1e182bb2ed3c23093d2656690a61091b2822af1c9124a40141,10.0,1,2856075513,3,2,6144.0,96,12,6252.0,0.03179931640625,0.0006604361115023494,31.801692962646484,0.9513444304466248,0.48180603981018066,0.005640329749439843
oracle_gate,0855.png,86001004f1eb6a1e182bb2ed3c23093d2656690a61091b2822af1c9124a40141,10.0,1,2856075513,4,1,5120.0,64,12,5196.0,0.02642822265625,0.0006644910899922252,31.775110244750977,0.9509098529815674,0.4792499542236328,0.008922973749577068
oracle_gate,0855.png,86001004f1eb6a1e182bb2ed3c23093d2656690a61091b2822af1c9124a40141,10.0,1,2856075513,5,2,6144.0,96,12,6252.0,0.03179931640625,0.0006625800160691142,31.787616729736328,0.9510444402694702,0.4803650677204132,0.008922973749577068
oracle_gate,0855.png,86001004f1eb6a1e182bb2ed3c23093d2656690a61091b2822af1c9124a40141,10.0,1,2856075513,6,2,6144.0,96,12,6252.0,0.03179931640625,0.0006621778011322021,31.790254592895508,0.9510554075241089,0.4792318344116211,0.008922973749577068
oracle_gate,0855.png,86001004f1eb6a1e182bb2ed3c23093d2656690a61091b2822af1c9124a40141,10.0,1,2856075513,7,3,7168.0,128,12,7308.0,0.03717041015625,0.0006610252894461155,31.797821044921875,0.951176643371582,0.47975999116897583,0.008922973749577068
oracle_gate,0855.png,86001004f1eb6a1e182bb2ed3c23093d2656690a61091b2822af1c9124a40141,10.0,1,2856075513,8,1,5120.0,64,12,5196.0,0.02642822265625,0.0006626261747442186,31.787315368652344,0.9510414600372314,0.4796092212200165,0.009212418750394136
oracle_gate,0855.png,86001004f1eb6a1e182bb2ed3c23093d2656690a61091b2822af1c9124a40141,10.0,1,2856075513,9,2,6144.0,96,12,6252.0,0.03179931640625,0.0006600673077628016,31.804119110107422,0.9512559175491333,0.4820612668991089,0.009212418750394136
oracle_gate,0855.png,86001004f1eb6a1e182bb2ed3c23093d2656690a61091b2822af1c9124a40141,10.0,1,2856075513,10,2,6144.0,96,12,6252.0,0.03179931640625,0.0006597042083740234,31.806509017944336,0.9512600302696228,0.47876840829849243,0.009212418750394136
oracle_gate,0855.png,86001004f1eb6a1e182bb2ed3c23093d2656690a61091b2822af1c9124a40141,10.0,1,2856075513,11,3,7168.0,128,12,7308.0,0.03717041015625,0.0006580221233889461,31.817596435546875,0.9514562487602234,0.4807857275009155,0.009212418750394136
oracle_gate,0855.png,86001004f1eb6a1e182bb2ed3c23093d2656690a61091b2822af1c9124a40141,10.0,1,2856075513,12,2,6144.0,96,12,6252.0,0.03179931640625,0.000663032871671021,31.784650802612305,0.9510153532028198,0.4785139262676239,0.00977675974718295
oracle_gate,0855.png,86001004f1eb6a1e182bb2ed3c23093d2656690a61091b2822af1c9124a40141,10.0,1,2856075513,13,3,7168.0,128,12,7308.0,0.03717041015625,0.0006614560261368752,31.79498863220215,0.951116681098938,0.4794396460056305,0.00977675974718295
oracle_gate,0855.png,86001004f1eb6a1e182bb2ed3c23093d2656690a61091b2822af1c9124a40141,10.0,1,2856075513,14,3,7168.0,128,12,7308.0,0.03717041015625,0.0006604623049497604,31.8015193939209,0.951180636882782,0.4777083396911621,0.00977675974718295
oracle_gate,0855.png,86001004f1eb6a1e182bb2ed3c23093d2656690a61091b2822af1c9124a40141,10.0,1,2856075513,15,4,8192.0,160,12,8364.0,0.04254150390625,0.0006596030434593558,31.807174682617188,0.9512986540794373,0.478033185005188,0.00977675974718295
oracle_gate,0855.png,86001004f1eb6a1e182bb2ed3c23093d2656690a61091b2822af1c9124a40141,10.0,2,2606918113,0,0,4096.0,32,10,4138.0,0.021046956380208332,0.0006517473957501352,31.859207153320312,0.9524337649345398,0.46955475211143494,0.009104711993131787
oracle_gate,0855.png,86001004f1eb6a1e182bb2ed3c23093d2656690a61091b2822af1c9124a40141,10.0,2,2606918113,1,1,5120.0,64,12,5196.0,0.02642822265625,0.0006575979059562087,31.82039451599121,0.9518534541130066,0.4676152467727661,0.009104711993131787
oracle_gate,0855.png,86001004f1eb6a1e182bb2ed3c23093d2656690a61091b2822af1c9124a40141,10.0,2,2606918113,2,1,5120.0,64,12,5196.0,0.02642822265625,0.0006589418044313788,31.81153106689453,0.9517321586608887,0.46809059381484985,0.009104711993131787
oracle_gate,0855.png,86001004f1eb6a1e182bb2ed3c23093d2656690a61091b2822af1c9124a40141,10.0,2,2606918113,3,2,6144.0,96,12,6252.0,0.03179931640625,0.0006560626206919551,31.830547332763672,0.9520556330680847,0.4659872353076935,0.009104711993131787
oracle_gate,0855.png,86001004f1eb6a1e182bb2ed3c23093d2656690a61091b2822af1c9124a40141,10.0,2,2606918113,4,1,5120.0,64,12,5196.0,0.02642822265625,0.0006602305802516639,31.803043365478516,0.9514719843864441,0.4673580527305603,0.009222479493473656
oracle_gate,0855.png,86001004f1eb6a1e182bb2ed3c23093d2656690a61091b2822af1c9124a40141,10.0,2,2606918113,5,2,6144.0,96,12,6252.0,0.03179931640625,0.0006572888232767582,31.822437286376953,0.9518162608146667,0.4655887484550476,0.009222479493473656
oracle_gate,0855.png,86001004f1eb6a1e182bb2ed3c23093d2656690a61091b2822af1c9124a40141,10.0,2,2606918113,6,2,6144.0,96,12,6252.0,0.03179931640625,0.0006580399349331856,31.817476272583008,0.9517943859100342,0.4659583568572998,0.009222479493473656
oracle_gate,0855.png,86001004f1eb6a1e182bb2ed3c23093d2656690a61091b2822af1c9124a40141,10.0,2,2606918113,7,3,7168.0,128,12,7308.0,0.03717041015625,0.0006559264729730785,31.831451416015625,0.9520097970962524,0.46380341053009033,0.009222479493473656
oracle_gate,0855.png,86001004f1eb6a1e182bb2ed3c23093d2656690a61091b2822af1c9124a40141,10.0,2,2606918113,8,1,5120.0,64,12,5196.0,0.02642822265625,0.0006596443126909435,31.806903839111328,0.9515239000320435,0.46909165382385254,0.009450275494600646
oracle_gate,0855.png,86001004f1eb6a1e182bb2ed3c23093d2656690a61091b2822af1c9124a40141,10.0,2,2606918113,9,2,6144.0,96,12,6252.0,0.03179931640625,0.0006559140747413039,31.831531524658203,0.9519538879394531,0.46745577454566956,0.009450275494600646
oracle_gate,0855.png,86001004f1eb6a1e182bb2ed3c23093d2656690a61091b2822af1c9124a40141,10.0,2,2606918113,10,2,6144.0,96,12,6252.0,0.03179931640625,0.0006567848613485694,31.825769424438477,0.9518059492111206,0.4673146903514862,0.009450275494600646
oracle_gate,0855.png,86001004f1eb6a1e182bb2ed3c23093d2656690a61091b2822af1c9124a40141,10.0,2,2606918113,11,3,7168.0,128,12,7308.0,0.03717041015625,0.0006540245376527309,31.84406089782715,0.9521288275718689,0.4652339816093445,0.009450275494600646
oracle_gate,0855.png,86001004f1eb6a1e182bb2ed3c23093d2656690a61091b2822af1c9124a40141,10.0,2,2606918113,12,2,6144.0,96,12,6252.0,0.03179931640625,0.0006586278323084116,31.813600540161133,0.9516017436981201,0.4663658142089844,0.00916680574300699
oracle_gate,0855.png,86001004f1eb6a1e182bb2ed3c23093d2656690a61091b2822af1c9124a40141,10.0,2,2606918113,13,3,7168.0,128,12,7308.0,0.03717041015625,0.0006559113971889019,31.8315486907959,0.9519006609916687,0.4645605683326721,0.00916680574300699
oracle_gate,0855.png,86001004f1eb6a1e182bb2ed3c23093d2656690a61091b2822af1c9124a40141,10.0,2,2606918113,14,3,7168.0,128,12,7308.0,0.03717041015625,0.0006560577894560993,31.83057975769043,0.9518733024597168,0.46445393562316895,0.00916680574300699
oracle_gate,0855.png,86001004f1eb6a1e182bb2ed3c23093d2656690a61091b2822af1c9124a40141,10.0,2,2606918113,15,4,8192.0,160,12,8364.0,0.04254150390625,0.0006542308256030083,31.842689514160156,0.9520394802093506,0.4621865451335907,0.00916680574300699
oracle_gate,0855.png,86001004f1eb6a1e182bb2ed3c23093d2656690a61091b2822af1c9124a40141,10.0,3,2611823379,0,0,4096.0,32,10,4138.0,0.021046956380208332,0.0006615899037569761,31.794111251831055,0.951776921749115,0.47707393765449524,0.009185792499920353
oracle_gate,0855.png,86001004f1eb6a1e182bb2ed3c23093d2656690a61091b2822af1c9124a40141,10.0,3,2611823379,1,1,5120.0,64,12,5196.0,0.02642822265625,0.0006678280187770724,31.753353118896484,0.9509872198104858,0.4783460199832916,0.009185792499920353
oracle_gate,0855.png,86001004f1eb6a1e182bb2ed3c23093d2656690a61091b2822af1c9124a40141,10.0,3,2611823379,2,1,5120.0,64,12,5196.0,0.02642822265625,0.0006698120851069689,31.74047088623047,0.9509173631668091,0.47818493843078613,0.009185792499920353
oracle_gate,0855.png,86001004f1eb6a1e182bb2ed3c23093d2656690a61091b2822af1c9124a40141,10.0,3,2611823379,3,2,6144.0,96,12,6252.0,0.03179931640625,0.0006666000699624419,31.76134490966797,0.9512016177177429,0.47826385498046875,0.009185792499920353
oracle_gate,0855.png,86001004f1eb6a1e182bb2ed3c23093d2656690a61091b2822af1c9124a40141,10.0,3,2611823379,4,1,5120.0,64,12,5196.0,0.02642822265625,0.0006722641992382705,31.72460174560547,0.9506315588951111,0.4756268858909607,0.009253215495846234
oracle_gate,0855.png,86001004f1eb6a1e182bb2ed3c23093d2656690a61091b2822af1c9124a40141,10.0,3,2611823379,5,2,6144.0,96,12,6252.0,0.03179931640625,0.0006678733043372631,31.75305938720703,0.9510068893432617,0.47490614652633667,0.009253215495846234
oracle_gate,0855.png,86001004f1eb6a1e182bb2ed3c23093d2656690a61091b2822af1c9124a40141,10.0,3,2611823379,6,2,6144.0,96,12,6252.0,0.03179931640625,0.0006700806552544236,31.73872947692871,0.951011061668396,0.4751478135585785,0.009253215495846234
oracle_gate,0855.png,86001004f1eb6a1e182bb2ed3c23093d2656690a61091b2822af1c9124a40141,10.0,3,2611823379,7,3,7168.0,128,12,7308.0,0.03717041015625,0.0006668606074526906,31.75965118408203,0.9512102007865906,0.4746473729610443,0.009253215495846234
oracle_gate,0855.png,86001004f1eb6a1e182bb2ed3c23093d2656690a61091b2822af1c9124a40141,10.0,3,2611823379,8,1,5120.0,64,12,5196.0,0.02642822265625,0.0006699919467791915,31.739303588867188,0.9506678581237793,0.47833168506622314,0.009009612243971787
oracle_gate,0855.png,86001004f1eb6a1e182bb2ed3c23093d2656690a61091b2822af1c9124a40141,10.0,3,2611823379,9,2,6144.0,96,12,6252.0,0.03179931640625,0.000665597035549581,31.767885208129883,0.9510732889175415,0.478130966424942,0.009009612243971787
oracle_gate,0855.png,86001004f1eb6a1e182bb2ed3c23093d2656690a61091b2822af1c9124a40141,10.0,3,2611823379,10,2,6144.0,96,12,6252.0,0.03179931640625,0.0006667900597676635,31.76011085510254,0.9510772228240967,0.4767531752586365,0.009009612243971787
oracle_gate,0855.png,86001004f1eb6a1e182bb2ed3c23093d2656690a61091b2822af1c9124a40141,10.0,3,2611823379,11,3,7168.0,128,12,7308.0,0.03717041015625,0.000663691374938935,31.780338287353516,0.9513728022575378,0.47686049342155457,0.009009612243971787
oracle_gate,0855.png,86001004f1eb6a1e182bb2ed3c23093d2656690a61091b2822af1c9124a40141,10.0,3,2611823379,12,2,6144.0,96,12,6252.0,0.03179931640625,0.0006704513798467815,31.736328125,0.9507766962051392,0.4745040535926819,0.009398954745847732
oracle_gate,0855.png,86001004f1eb6a1e182bb2ed3c23093d2656690a61091b2822af1c9124a40141,10.0,3,2611823379,13,3,7168.0,128,12,7308.0,0.03717041015625,0.0006662007654085755,31.76395034790039,0.951092004776001,0.47369855642318726,0.009398954745847732
oracle_gate,0855.png,86001004f1eb6a1e182bb2ed3c23093d2656690a61091b2822af1c9124a40141,10.0,3,2611823379,14,3,7168.0,128,12,7308.0,0.03717041015625,0.0006675382610410452,31.755239486694336,0.9511584043502808,0.4729323089122772,0.009398954745847732
oracle_gate,0855.png,86001004f1eb6a1e182bb2ed3c23093d2656690a61091b2822af1c9124a40141,10.0,3,2611823379,15,4,8192.0,160,12,8364.0,0.04254150390625,0.0006645777029916644,31.7745418548584,0.9513770341873169,0.47237202525138855,0.009398954745847732
oracle_gate,0856.png,cf845f85d9f65570938a15f56fe9de749619f9bee35533944f46bba94f0ff77b,10.0,0,3096007278,0,0,4096.0,32,10,4138.0,0.021046956380208332,0.0042680115438997746,23.69774627685547,0.9029900431632996,0.4393479824066162,0.009665960242273286
oracle_gate,0856.png,cf845f85d9f65570938a15f56fe9de749619f9bee35533944f46bba94f0ff77b,10.0,0,3096007278,1,1,5120.0,64,12,5196.0,0.02642822265625,0.0043243179097771645,23.640825271606445,0.9010652303695679,0.4413606822490692,0.009665960242273286
oracle_gate,0856.png,cf845f85d9f65570938a15f56fe9de749619f9bee35533944f46bba94f0ff77b,10.0,0,3096007278,2,1,5120.0,64,12,5196.0,0.02642822265625,0.004334717057645321,23.630393981933594,0.900047779083252,0.4400136470794678,0.009665960242273286
oracle_gate,0856.png,cf845f85d9f65570938a15f56fe9de749619f9bee35533944f46bba94f0ff77b,10.0,0,3096007278,3,2,6144.0,96,12,6252.0,0.03179931640625,0.004321811720728874,23.643342971801758,0.9000935554504395,0.4401407539844513,0.009665960242273286
oracle_gate,0856.png,cf845f85d9f65570938a15f56fe9de749619f9bee35533944f46bba94f0ff77b,10.0,0,3096007278,4,1,5120.0,64,12,5196.0,0.02642822265625,0.004337728954851627,23.627376556396484,0.9008005857467651,0.4399355947971344,0.009263406245736405
oracle_gate,0856.png,cf845f85d9f65570938a15f56fe9de749619f9bee35533944f46bba94f0ff77b,10.0,0,3096007278,5,2,6144.0,96,12,6252.0,0.03179931640625,0.004323230125010014,23.64191436767578,0.9010528326034546,0.4393649101257324,0.009263406245736405
oracle_gate,0856.png,cf845f85d9f65570938a15f56fe9de749619f9bee35533944f46bba94f0ff77b,10.0,0,3096007278,6,2,6144.0,96,12,6252.0,0.03179931640625,0.004332245327532291,23.632869720458984,0.9001997709274292,0.4384572207927704,0.009263406245736405
oracle_gate,0856.png,cf845f85d9f65570938a15f56fe9de749619f9bee35533944f46bba94f0ff77b,10.0,0,3096007278,7,3,7168.0,128,12,7308.0,0.03717041015625,0.0043179988861083984,23.64717674255371,0.900432288646698,0.4380602240562439,0.009263406245736405
oracle_gate,0856.png,cf845f85d9f65570938a15f56fe9de749619f9bee35533944f46bba94f0ff77b,10.0,0,3096007278,8,1,5120.0,64,12,5196.0,0.02642822265625,0.004333240445703268,23.631874084472656,0.9010320901870728,0.4398443400859833,0.009244709741324186
oracle_gate,0856.png,cf845f85d9f65570938a15f56fe9de749619f9bee35533944f46bba94f0ff77b,10.0,0,3096007278,9,2,6144.0,96,12,6252.0,0.03179931640625,0.004317005164921284,23.648174285888672,0.9014806747436523,0.4397624731063843,0.009244709741324186
oracle_gate,0856.png,cf845f85d9f65570938a15f56fe9de749619f9bee35533944f46bba94f0ff77b,10.0,0,3096007278,10,2,6144.0,96,12,6252.0,0.03179931640625,0.004327517934143543,23.637611389160156,0.900547444820404,0.4377068877220154,0.009244709741324186
oracle_gate,0856.png,cf845f85d9f65570938a15f56fe9de749619f9bee35533944f46bba94f0ff77b,10.0,0,3096007278,11,3,7168.0,128,12,7308.0,0.03717041015625,0.004311905242502689,23.653308868408203,0.900942325592041,0.43772104382514954,0.009244709741324186
oracle_gate,0856.png,cf845f85d9f65570938a15f56fe9de749619f9bee35533944f46bba94f0ff77b,10.0,0,3096007278,12,2,6144.0,96,12,6252.0,0.03179931640625,0.004326111637055874,23.639022827148438,0.9016809463500977,0.43881064653396606,0.009216742750140838
oracle_gate,0856.png,cf845f85d9f65570938a15f56fe9de749619f9bee35533944f46bba94f0ff77b,10.0,0,3096007278,13,3,7168.0,128,12,7308.0,0.03717041015625,0.0043098293244838715,23.655399322509766,0.9021646976470947,0.4380812346935272,0.009216742750140838
oracle_gate,0856.png,cf845f85d9f65570938a15f56fe9de749619f9bee35533944f46bba94f0ff77b,10.0,0,3096007278,14,3,7168.0,128,12,7308.0,0.03717041015625,0.0043190764263272285,23.64609146118164,0.9014357924461365,0.43652111291885376,0.009216742750140838
oracle_gate,0856.png,cf845f85d9f65570938a15f56fe9de749619f9bee35533944f46bba94f0ff77b,10.0,0,3096007278,15,4,8192.0,160,12,8364.0,0.04254150390625,0.0043046968057751656,23.660573959350586,0.9017273187637329,0.4360613524913788,0.009216742750140838
oracle_gate,0856.png,cf845f85d9f65570938a15f56fe9de749619f9bee35533944f46bba94f0ff77b,10.0,1,8294005,0,0,4096.0,32,10,4138.0,0.021046956380208332,0.004303343128412962,23.661941528320312,0.9003207087516785,0.43553170561790466,0.009171448007691652
oracle_gate,0856.png,cf845f85d9f65570938a15f56fe9de749619f9bee35533944f46bba94f0ff77b,10.0,1,8294005,1,1,5120.0,64,12,5196.0,0.02642822265625,0.004364197142422199,23.6009578704834,0.8988677263259888,0.4380224943161011,0.009171448007691652
oracle_gate,0856.png,cf845f85d9f65570938a15f56fe9de749619f9bee35533944f46bba94f0ff77b,10.0,1,8294005,2,1,5120.0,64,12,5196.0,0.02642822265625,0.004362337291240692,23.602807998657227,0.8984575271606445,0.4378204643726349,0.009171448007691652
oracle_gate,0856.png,cf845f85d9f65570938a15f56fe9de749619f9bee35533944f46bba94f0ff77b,10.0,1,8294005,3,2,6144.0,96,12,6252.0,0.03179931640625,0.004351030569523573,23.61408042907715,0.8986538648605347,0.43843644857406616,0.009171448007691652
oracle_gate,0856.png,cf845f85d9f65570938a15f56fe9de749619f9bee35533944f46bba94f0ff77b,10.0,1,8294005,4,1,5120.0,64,12,5196.0,0.02642822265625,0.004365127999335527,23.60002899169922,0.8991178274154663,0.43624335527420044,0.009878723503788933
oracle_gate,0856.png,cf845f85d9f65570938a15f56fe9de749619f9bee35533944f46bba94f0ff77b,10.0,1,8294005,5,2,6144.0,96,12,6252.0,0.03179931640625,0.004357535392045975,23.607593536376953,0.8989114165306091,0.4365411698818207,0.009878723503788933
oracle_gate,0856.png,cf845f85d9f65570938a15f56fe9de749619f9bee35533944f46bba94f0ff77b,10.0,1,8294005,6,2,6144.0,96,12,6252.0,0.03179931640625,0.004352339543402195,23.612773895263672,0.8987426161766052,0.43642401695251465,0.009878723503788933
oracle_gate,0856.png,cf845f85d9f65570938a15f56fe9de749619f9bee35533944f46bba94f0ff77b,10.0,1,8294005,7,3,7168.0,128,12,7308.0,0.03717041015625,0.004346031695604324,23.61907196044922,0.8985768556594849,0.4369705021381378,0.009878723503788933
oracle_gate,0856.png,cf845f85d9f65570938a15f56fe9de749619f9bee35533944f46bba94f0ff77b,10.0,1,8294005,8,1,5120.0,64,12,5196.0,0.02642822265625,0.004347905982285738,23.617198944091797,0.8994415998458862,0.43493759632110596,0.009257823243387975
oracle_gate,0856.png,cf845f85d9f65570938a15f56fe9de749619f9bee35533944f46bba94f0ff77b,10.0,1,8294005,9,2,6144.0,96,12,6252.0,0.03179931640625,0.004337347578257322,23.627758026123047,0.8995005488395691,0.43536296486854553,0.009257823243387975
oracle_gate,0856.png,cf845f85d9f65570938a15f56fe9de749619f9bee35533944f46bba94f0ff77b,10.0,1,8294005,10,2,6144.0,96,12,6252.0,0.03179931640625,0.004340626299381256,23.62447738647461,0.8987518548965454,0.4347204267978668,0.009257823243387975
oracle_gate,0856.png,cf845f85d9f65570938a15f56fe9de749619f9bee35533944f46bba94f0ff77b,10.0,1,8294005,11,3,7168.0,128,12,7308.0,0.03717041015625,0.004330657422542572,23.634462356567383,0.8988887667655945,0.4353274405002594,0.009257823243387975
oracle_gate,0856.png,cf845f85d9f65570938a15f56fe9de749619f9bee35533944f46bba94f0ff77b,10.0,1,8294005,12,2,6144.0,96,12,6252.0,0.03179931640625,0.004345359746366739,23.61974334716797,0.8995449542999268,0.4343119263648987,0.009064210491487756
oracle_gate,0856.png,cf845f85d9f65570938a15f56fe9de749619f9bee35533944f46bba94f0ff77b,10.0,1,8294005,13,3,7168.0,128,12,7308.0,0.03717041015625,0.0043388246558606625,23.626279830932617,0.8992886543273926,0.43454593420028687,0.009064210491487756
oracle_gate,0856.png,cf845f85d9f65570938a15f56fe9de749619f9bee35533944f46bba94f0ff77b,10.0,1,8294005,14,3,7168.0,128,12,7308.0,0.03717041015625,0.00433852756395936,23.626577377319336,0.8988463282585144,0.4339431822299957,0.009064210491487756
oracle_gate,0856.png,cf845f85d9f65570938a15f56fe9de749619f9bee35533944f46bba94f0ff77b,10.0,1,8294005,15,4,8192.0,160,12,8364.0,0.04254150390625,0.0043332078494131565,23.631906509399414,0.8986247777938843,0.4344590902328491,0.009064210491487756
oracle_gate,0856.png,cf845f85d9f65570938a15f56fe9de749619f9bee35533944f46bba94f0ff77b,10.0,2,1661892451,0,0,4096.0,32,10,4138.0,0.021046956380208332,0.004252650775015354,23.713401794433594,0.903349757194519,0.43218761682510376,0.009034734495799057
oracle_gate,0856.png,cf845f85d9f65570938a15f56fe9de749619f9bee35533944f46bba94f0ff77b,10.0,2,1661892451,1,1,5120.0,64,12,5196.0,0.02642822265625,0.004280138295143843,23.6854248046875,0.9024672508239746,0.4336412250995636,0.009034734495799057
oracle_gate,0856.png,cf845f85d9f65570938a15f56fe9de749619f9bee35533944f46bba94f0ff77b,10.0,2,1661892451,2,1,5120.0,64,12,5196.0,0.02642822265625,0.004273997154086828,23.69165802001953,0.9022036790847778,0.4303357005119324,0.009034734495799057
oracle_gate,0856.png,cf845f85d9f65570938a15f56fe9de749619f9bee35533944f46bba94f0ff77b,10.0,2,1661892451,3,2,6144.0,96,12,6252.0,0.03179931640625,0.004267684184014797,23.69808006286621,0.9020818471908569,0.43126222491264343,0.009034734495799057
oracle_gate,0856.png,cf845f85d9f65570938a15f56fe9de749619f9bee35533944f46bba94f0ff77b,10.0,2,1661892451,4,1,5120.0,64,12,5196.0,0.02642822265625,0.004283975809812546,23.681529998779297,0.9024211764335632,0.43348658084869385,0.0096718665008666
oracle_gate,0856.png,cf845f85d9f65570938a15f56fe9de749619f9bee35533944f46bba94f0ff77b,10.0,2,1661892451,5,2,6144.0,96,12,6252.0,0.03179931640625,0.004272867925465107,23.692806243896484,0.9028722047805786,0.4333380460739136,0.0096718665008666
oracle_gate,0856.png,cf845f85d9f65570938a15f56fe9de749619f9bee35533944f46bba94f0ff77b,10.0,2,1661892451,6,2,6144.0,96,12,6252.0,0.03179931640625,0.0042653763666749,23.700428009033203,0.9026151895523071,0.4306489825248718,0.0096718665008666
oracle_gate,0856.png,cf845f85d9f65570938a15f56fe9de749619f9bee35533944f46bba94f0ff77b,10.0,2,1661892451,7,3,7168.0,128,12,7308.0,0.03717041015625,0.004261244088411331,23.704635620117188,0.9023991823196411,0.4309346675872803,0.0096718665008666
oracle_gate,0856.png,cf845f85d9f65570938a15f56fe9de749619f9bee35533944f46bba94f0ff77b,10.0,2,1661892451,8,1,5120.0,64,12,5196.0,0.02642822265625,0.0042840875685215,23.681415557861328,0.9026592969894409,0.43024104833602905,0.009077628492377698
oracle_gate,0856.png,cf845f85d9f65570938a15f56fe9de749619f9bee35533944f46bba94f0ff77b,10.0,2,1661892451,9,2,6144.0,96,12,6252.0,0.03179931640625,0.004272506572306156,23.693172454833984,0.9030138254165649,0.4308299422264099,0.009077628492377698
oracle_gate,0856.png,cf845f85d9f65570938a15f56fe9de749619f9bee35533944f46bba94f0ff77b,10.0,2,1661892451,10,2,6144.0,96,12,6252.0,0.03179931640625,0.004267934709787369,23.697824478149414,0.9024490118026733,0.4275292456150055,0.009077628492377698
oracle_gate,0856.png,cf845f85d9f65570938a15f56fe9de749619f9bee35533944f46bba94f0ff77b,10.0,2,1661892451,11,3,7168.0,128,12,7308.0,0.03717041015625,0.004261545836925507,23.704328536987305,0.9023342132568359,0.428424596786499,0.009077628492377698
oracle_gate,0856.png,cf845f85d9f65570938a15f56fe9de749619f9bee35533944f46bba94f0ff77b,10.0,2,1661892451,12,2,6144.0,96,12,6252.0,0.03179931640625,0.004277385305613279,23.688217163085938,0.9029542803764343,0.4312528967857361,0.009245856999768876
oracle_gate,0856.png,cf845f85d9f65570938a15f56fe9de749619f9bee35533944f46bba94f0ff77b,10.0,2,1661892451,13,3,7168.0,128,12,7308.0,0.03717041015625,0.00426773726940155,23.69802474975586,0.9032148718833923,0.43111947178840637,0.009245856999768876
oracle_gate,0856.png,cf845f85d9f65570938a15f56fe9de749619f9bee35533944f46bba94f0ff77b,10.0,2,1661892451,14,3,7168.0,128,12,7308.0,0.03717041015625,0.004262157715857029,23.703706741333008,0.902622401714325,0.42845073342323303,0.009245856999768876
oracle_gate,0856.png,cf845f85d9f65570938a15f56fe9de749619f9bee35533944f46bba94f0ff77b,10.0,2,1661892451,15,4,8192.0,160,12,8364.0,0.04254150390625,0.004257301799952984,23.708656311035156,0.9024972915649414,0.428638756275177,0.009245856999768876
oracle_gate,0856.png,cf845f85d9f65570938a15f56fe9de749619f9bee35533944f46bba94f0ff77b,10.0,3,1393738201,0,0,4096.0,32,10,4138.0,0.021046956380208332,0.004300108179450035,23.665206909179688,0.9035532474517822,0.43240591883659363,0.008972816256573424
oracle_gate,0856.png,cf845f85d9f65570938a15f56fe9de749619f9bee35533944f46bba94f0ff77b,10.0,3,1393738201,1,1,5120.0,64,12,5196.0,0.02642822265625,0.004370753187686205,23.594436645507812,0.9021837115287781,0.4373442530632019,0.008972816256573424
oracle_gate,0856.png,cf845f85d9f65570938a15f56fe9de749619f9bee35533944f46bba94f0ff77b,10.0,3,1393738201,2,1,5120.0,64,12,5196.0,0.02642822265625,0.004358016885817051,23.60711097717285,0.9020787477493286,0.4349871873855591,0.008972816256573424
oracle_gate,0856.png,cf845f85d9f65570938a15f56fe9de749619f9bee35533944f46bba94f0ff77b,10.0,3,1393738201,3,2,6144.0,96,12,6252.0,0.03179931640625,0.004345358349382877,23.6197452545166,0.9022299647331238,0.43561238050460815,0.008972816256573424
oracle_gate,0856.png,cf845f85d9f65570938a15f56fe9de749619f9bee35533944f46bba94f0ff77b,10.0,3,1393738201,4,1,5120.0,64,12,5196.0,0.02642822265625,0.004382126033306122,23.583148956298828,0.9021016359329224,0.43629154562950134,0.009144777999608777
oracle_gate,0856.png,cf845f85d9f65570938a15f56fe9de749619f9bee35533944f46bba94f0ff77b,10.0,3,1393738201,5,2,6144.0,96,12,6252.0,0.03179931640625,0.004365143366158009,23.60001564025879,0.902458906173706,0.4362908601760864,0.009144777999608777
oracle_gate,0856.png,cf845f85d9f65570938a15f56fe9de749619f9bee35533944f46bba94f0ff77b,10.0,3,1393738201,6,2,6144.0,96,12,6252.0,0.03179931640625,0.004354429896920919,23.610687255859375,0.9022777080535889,0.43427756428718567,0.009144777999608777
oracle_gate,0856.png,cf845f85d9f65570938a15f56fe9de749619f9bee35533944f46bba94f0ff77b,10.0,3,1393738201,7,3,7168.0,128,12,7308.0,0.03717041015625,0.004339500330388546,23.6256046295166,0.902521014213562,0.4343695640563965,0.009144777999608777
oracle_gate,0856.png,cf845f85d9f65570938a15f56fe9de749619f9bee35533944f46bba94f0ff77b,10.0,3,1393738201,8,1,5120.0,64,12,5196.0,0.02642822265625,0.004367838613688946,23.597333908081055,0.902155876159668,0.4327922761440277,0.009225055749993771
oracle_gate,0856.png,cf845f85d9f65570938a15f56fe9de749619f9bee35533944f46bba94f0ff77b,10.0,3,1393738201,9,2,6144.0,96,12,6252.0,0.03179931640625,0.004352772142738104,23.612342834472656,0.9024367332458496,0.43309855461120605,0.009225055749993771
oracle_gate,0856.png,cf845f85d9f65570938a15f56fe9de749619f9bee35533944f46bba94f0ff77b,10.0,3,1393738201,10,2,6144.0,96,12,6252.0,0.03179931640625,0.004342949483543634,23.62215232849121,0.9021695852279663,0.43091392517089844,0.009225055749993771
oracle_gate,0856.png,cf845f85d9f65570938a15f56fe9de749619f9bee35533944f46bba94f0ff77b,10.0,3,1393738201,11,3,7168.0,128,12,7308.0,0.03717041015625,0.0043301633559167385,23.634958267211914,0.9023260474205017,0.4313375651836395,0.009225055749993771
oracle_gate,0856.png,cf845f85d9f65570938a15f56fe9de749619f9bee35533944f46bba94f0ff77b,10.0,3,1393738201,12,2,6144.0,96,12,6252.0,0.03179931640625,0.004363038577139378,23.602108001708984,0.9024102687835693,0.4323212206363678,0.00901899000746198
oracle_gate,0856.png,cf845f85d9f65570938a15f56fe9de749619f9bee35533944f46bba94f0ff77b,10.0,3,1393738201,13,3,7168.0,128,12,7308.0,0.03717041015625,0.004346001893281937,23.61910057067871,0.9027684926986694,0.432204008102417,0.00901899000746198
oracle_gate,0856.png,cf845f85d9f65570938a15f56fe9de749619f9bee35533944f46bba94f0ff77b,10.0,3,1393738201,14,3,7168.0,128,12,7308.0,0.03717041015625,0.004338280763477087,23.62682342529297,0.9024264216423035,0.4303206503391266,0.00901899000746198
oracle_gate,0856.png,cf845f85d9f65570938a15f56fe9de749619f9bee35533944f46bba94f0ff77b,10.0,3,1393738201,15,4,8192.0,160,12,8364.0,0.04254150390625,0.00432354211807251,23.641603469848633,0.902664303779602,0.4303794503211975,0.00901899000746198
oracle_gate,0857.png,4fafd48e2926f530129290c9f843490dcbf7809c8505c123a5f18ec2a5005611,10.0,0,1416052418,0,0,4096.0,32,10,4138.0,0.021046956380208332,0.0004735593101941049,33.24625778198242,0.9878635406494141,0.18947984278202057,0.009473492507822812
oracle_gate,0857.png,4fafd48e2926f530129290c9f843490dcbf7809c8505c123a5f18ec2a5005611,10.0,0,1416052418,1,1,5120.0,64,12,5196.0,0.02642822265625,0.0004798815934918821,33.18865966796875,0.9876247644424438,0.1884324550628662,0.009473492507822812
oracle_gate,0857.png,4fafd48e2926f530129290c9f843490dcbf7809c8505c123a5f18ec2a5005611,10.0,0,1416052418,2,1,5120.0,64,12,5196.0,0.02642822265625,0.0004824729112442583,33.1652717590332,0.9875921607017517,0.1892518848180771,0.009473492507822812
oracle_gate,0857.png,4fafd48e2926f530129290c9f843490dcbf7809c8505c123a5f18ec2a5005611,10.0,0,1416052418,3,2,6144.0,96,12,6252.0,0.03179931640625,0.0004794430860783905,33.192630767822266,0.9876334071159363,0.18892285227775574,0.009473492507822812
oracle_gate,0857.png,4fafd48e2926f530129290c9f843490dcbf7809c8505c123a5f18ec2a5005611,10.0,0,1416052418,4,1,5120.0,64,12,5196.0,0.02642822265625,0.0004843964707106352,33.14799118041992,0.9875039458274841,0.18837383389472961,0.00925273024768103
oracle_gate,0857.png,4fafd48e2926f530129290c9f843490dcbf7809c8505c123a5f18ec2a5005611,10.0,0,1416052418,5,2,6144.0,96,12,6252.0,0.03179931640625,0.0004810230457223952,33.178340911865234,0.9876545667648315,0.18814846873283386,0.00925273024768103
oracle_gate,0857.png,4fafd48e2926f530129290c9f843490dcbf7809c8505c123a5f18ec2a5005611,10.0,0,1416052418,6,2,6144.0,96,12,6252.0,0.03179931640625,0.00048347353003919125,33.156272888183594,0.9876025915145874,0.18894673883914948,0.00925273024768103
oracle_gate,0857.png,4fafd48e2926f530129290c9f843490dcbf7809c8505c123a5f18ec2a5005611,10.0,0,1416052418,7,3,7168.0,128,12,7308.0,0.03717041015625,0.00048072636127471924,33.18102264404297,0.9876998662948608,0.18859660625457764,0.00925273024768103
oracle_gate,0857.png,4fafd48e2926f530129290c9f843490dcbf7809c8505c123a5f18ec2a5005611,10.0,0,1416052418,8,1,5120.0,64,12,5196.0,0.02642822265625,0.00048236065777018666,33.166282653808594,0.9875348806381226,0.18902379274368286,0.009236637502908707
oracle_gate,0857.png,4fafd48e2926f530129290c9f843490dcbf7809c8505c123a5f18ec2a5005611,10.0,0,1416052418,9,2,6144.0,96,12,6252.0,0.03179931640625,0.00047877684119157493,33.19866943359375,0.9876412153244019,0.18883663415908813,0.009236637502908707
oracle_gate,0857.png,4fafd48e2926f530129290c9f843490dcbf7809c8505c123a5f18ec2a5005611,10.0,0,1416052418,10,2,6144.0,96,12,6252.0,0.03179931640625,0.0004807619843631983,33.18069839477539,0.9876050353050232,0.1894456148147583,0.009236637502908707
oracle_gate,0857.png,4fafd48e2926f530129290c9f843490dcbf7809c8505c123a5f18ec2a5005611,10.0,0,1416052418,11,3,7168.0,128,12,7308.0,0.03717041015625,0.0004779465962201357,33.206207275390625,0.9877219200134277,0.18914735317230225,0.009236637502908707
oracle_gate,0857.png,4fafd48e2926f530129290c9f843490dcbf7809c8505c123a5f18ec2a5005611,10.0,0,1416052418,12,2,6144.0,96,12,6252.0,0.03179931640625,0.00048128142952919006,33.17601013183594,0.987579345703125,0.1886999011039734,0.00888728050631471
oracle_gate,0857.png,4fafd48e2926f530129290c9f843490dcbf7809c8505c123a5f18ec2a5005611,10.0,0,1416052418,13,3,7168.0,128,12,7308.0,0.03717041015625,0.00047796790022403,33.206016540527344,0.9876943826675415,0.18847759068012238,0.00888728050631471
oracle_gate,0857.png,4fafd48e2926f530129290c9f843490dcbf7809c8505c123a5f18ec2a5005611,10.0,0,1416052418,14,3,7168.0,128,12,7308.0,0.03717041015625,0.00047981785610318184,33.18923568725586,0.9876541495323181,0.1891283541917801,0.00888728050631471
oracle_gate,0857.png,4fafd48e2926f530129290c9f843490dcbf7809c8505c123a5f18ec2a5005611,10.0,0,1416052418,15,4,8192.0,160,12,8364.0,0.04254150390625,0.0004772753454744816,33.212310791015625,0.987747848033905,0.1888190060853958,0.00888728050631471
oracle_gate,0857.png,4fafd48e2926f530129290c9f843490dcbf7809c8505c123a5f18ec2a5005611,10.0,1,2581031641,0,0,4096.0,32,10,4138.0,0.021046956380208332,0.00046661365195177495,33.310428619384766,0.9879741668701172,0.18362729251384735,0.009833117001107894
oracle_gate,0857.png,4fafd48e2926f530129290c9f843490dcbf7809c8505c123a5f18ec2a5005611,10.0,1,2581031641,1,1,5120.0,64,12,5196.0,0.02642822265625,0.0004785633063875139,33.20060729980469,0.987564742565155,0.1837034821510315,0.009833117001107894
oracle_gate,0857.png,4fafd48e2926f530129290c9f843490dcbf7809c8505c123a5f18ec2a5005611,10.0,1,2581031641,2,1,5120.0,64,12,5196.0,0.02642822265625,0.00047555495984852314,33.22799301147461,0.9876541495323181,0.18400484323501587,0.009833117001107894
oracle_gate,0857.png,4fafd48e2926f530129290c9f843490dcbf7809c8505c123a5f18ec2a5005611,10.0,1,2581031641,3,2,6144.0,96,12,6252.0,0.03179931640625,0.00047520524822175503,33.2311897277832,0.9876502752304077,0.18364228308200836,0.009833117001107894
oracle_gate,0857.png,4fafd48e2926f530129290c9f843490dcbf7809c8505c123a5f18ec2a5005611,10.0,1,2581031641,4,1,5120.0,64,12,5196.0,0.02642822265625,0.00048130302457138896,33.17581558227539,0.9874598383903503,0.183641716837883,0.009212164746713825
oracle_gate,0857.png,4fafd48e2926f530129290c9f843490dcbf7809c8505c123a5f18ec2a5005611,10.0,1,2581031641,5,2,6144.0,96,12,6252.0,0.03179931640625,0.0004796145367436111,33.191078186035156,0.9875532388687134,0.18312089145183563,0.009212164746713825
oracle_gate,0857.png,4fafd48e2926f530129290c9f843490dcbf7809c8505c123a5f18ec2a5005611,10.0,1,2581031641,6,2,6144.0,96,12,6252.0,0.03179931640625,0.00047747534699738026,33.21049118041992,0.9875921010971069,0.18344497680664062,0.009212164746713825
oracle_gate,0857.png,4fafd48e2926f530129290c9f843490dcbf7809c8505c123a5f18ec2a5005611,10.0,1,2581031641,7,3,7168.0,128,12,7308.0,0.03717041015625,0.000476171204354614,33.22237014770508,0.9876222610473633,0.18305914103984833,0.009212164746713825
oracle_gate,0857.png,4fafd48e2926f530129290c9f843490dcbf7809c8505c123a5f18ec2a5005611,10.0,1,2581031641,8,1,5120.0,64,12,5196.0,0.02642822265625,0.00047591174370609224,33.224735260009766,0.9875583648681641,0.18405982851982117,0.009247662746929564
oracle_gate,0857.png,4fafd48e2926f530129290c9f843490dcbf7809c8505c123a5f18ec2a5005611,10.0,1,2581031641,9,2,6144.0,96,12,6252.0,0.03179931640625,0.00047514212201349437,33.23176574707031,0.9876088500022888,0.18358354270458221,0.009247662746929564
oracle_gate,0857.png,4fafd48e2926f530129290c9f843490dcbf7809c8505c123a5f18ec2a5005611,10.0,1,2581031641,10,2,6144.0,96,12,6252.0,0.03179931640625,0.00047195347724482417,33.261009216308594,0.987706184387207,0.18394389748573303,0.009247662746929564
oracle_gate,0857.png,4fafd48e2926f530129290c9f843490dcbf7809c8505c123a5f18ec2a5005611,10.0,1,2581031641,11,3,7168.0,128,12,7308.0,0.03717041015625,0.000471755163744092,33.26283264160156,0.9876745939254761,0.1836291253566742,0.009247662746929564
oracle_gate,0857.png,4fafd48e2926f530129290c9f843490dcbf7809c8505c123a5f18ec2a5005611,10.0,1,2581031641,12,2,6144.0,96,12,6252.0,0.03179931640625,0.00047545955749228597,33.22886657714844,0.9875347018241882,0.18371208012104034,0.009172758247586899
oracle_gate,0857.png,4fafd48e2926f530129290c9f843490dcbf7809c8505c123a5f18ec2a5005611,10.0,1,2581031641,13,3,7168.0,128,12,7308.0,0.03717041015625,0.0004737430717796087,33.244571685791016,0.987663209438324,0.18319161236286163,0.009172758247586899
oracle_gate,0857.png,4fafd48e2926f530129290c9f843490dcbf7809c8505c123a5f18ec2a5005611,10.0,1,2581031641,14,3,7168.0,128,12,7308.0,0.03717041015625,0.00047144884592853487,33.265655517578125,0.9877138137817383,0.1835973858833313,0.009172758247586899
oracle_gate,0857.png,4fafd48e2926f530129290c9f843490dcbf7809c8505c123a5f18ec2a5005611,10.0,1,2581031641,15,4,8192.0,160,12,8364.0,0.04254150390625,0.00047057500341907144,33.273712158203125,0.9877600073814392,0.183283269405365,0.009172758247586899
oracle_gate,0857.png,4fafd48e2926f530129290c9f843490dcbf7809c8505c123a5f18ec2a5005611,10.0,2,1636738084,0,0,4096.0,32,10,4138.0,0.021046956380208332,0.00045183309703134,33.450218200683594,0.9881412386894226,0.18829479813575745,0.009026214494952
oracle_gate,0857.png,4fafd48e2926f530129290c9f843490dcbf7809c8505c123a5f18ec2a5005611,10.0,2,1636738084,1,1,5120.0,64,12,5196.0,0.02642822265625,0.0004624600405804813,33.34925842285156,0.9876939058303833,0.18760459125041962,0.009026214494952
oracle_gate,0857.png,4fafd48e2926f530129290c9f843490dcbf7809c8505c123a5f18ec2a5005611,10.0,2,1636738084,2,1,5120.0,64,12,5196.0,0.02642822265625,0.00045782269444316626,33.393028259277344,0.9878891706466675,0.18840757012367249,0.009026214494952
oracle_gate,0857.png,4fafd48e2926f530129290c9f843490dcbf7809c8505c123a5f18ec2a5005611,10.0,2,1636738084,3,2,6144.0,96,12,6252.0,0.03179931640625,0.00045755784958601,33.39554214477539,0.9878856539726257,0.18810607492923737,0.009026214494952
oracle_gate,0857.png,4fafd48e2926f530129290c9f843490dcbf7809c8505c123a5f18ec2a5005611,10.0,2,1636738084,4,1,5120.0,64,12,5196.0,0.02642822265625,0.00046229173312895,33.35083770751953,0.987775981426239,0.18803150951862335,0.00952371874882374
oracle_gate,0857.png,4fafd48e2926f530129290c9f843490dcbf7809c8505c123a5f18ec2a5005611,10.0,2,1636738084,5,2,6144.0,96,12,6252.0,0.03179931640625,0.00046203131205402315,33.35328674316406,0.9878105521202087,0.18779292702674866,0.00952371874882374
oracle_gate,0857.png,4fafd48e2926f530129290c9f843490dcbf7809c8505c123a5f18ec2a5005611,10.0,2,1636738084,6,2,6144.0,96,12,6252.0,0.03179931640625,0.0004575834609568119,33.39529800415039,0.9879759550094604,0.18859654664993286,0.00952371874882374
oracle_gate,0857.png,4fafd48e2926f530129290c9f843490dcbf7809c8505c123a5f18ec2a5005611,10.0,2,1636738084,7,3,7168.0,128,12,7308.0,0.03717041015625,0.0004571195167955011,33.39970397949219,0.988021731376648,0.18827320635318756,0.00952371874882374
oracle_gate,0857.png,4fafd48e2926f530129290c9f843490dcbf7809c8505c123a5f18ec2a5005611,10.0,2,1636738084,8,1,5120.0,64,12,5196.0,0.02642822265625,0.00046131887938827276,33.359989166259766,0.987712562084198,0.18748457729816437,0.009407300007296726
oracle_gate,0857.png,4fafd48e2926f530129290c9f843490dcbf7809c8505c123a5f18ec2a5005611,10.0,2,1636738084,9,2,6144.0,96,12,6252.0,0.03179931640625,0.000461445190012455,33.35879898071289,0.9876827001571655,0.18725301325321198,0.009407300007296726
oracle_gate,0857.png,4fafd48e2926f530129290c9f843490dcbf7809c8505c123a5f18ec2a5005611,10.0,2,1636738084,10,2,6144.0,96,12,6252.0,0.03179931640625,0.00045686180237680674,33.40215301513672,0.9879034757614136,0.18798410892486572,0.009407300007296726
oracle_gate,0857.png,4fafd48e2926f530129290c9f843490dcbf7809c8505c123a5f18ec2a5005611,10.0,2,1636738084,11,3,7168.0,128,12,7308.0,0.03717041015625,0.000456799753010273,33.40274429321289,0.9878929853439331,0.1877015382051468,0.009407300007296726
oracle_gate,0857.png,4fafd48e2926f530129290c9f843490dcbf7809c8505c123a5f18ec2a5005611,10.0,2,1636738084,12,2,6144.0,96,12,6252.0,0.03179931640625,0.0004585397837217897,33.386234283447266,0.9878377914428711,0.1877717822790146,0.009030522749526426
oracle_gate,0857.png,4fafd48e2926f530129290c9f843490dcbf7809c8505c123a5f18ec2a5005611,10.0,2,1636738084,13,3,7168.0,128,12,7308.0,0.03717041015625,0.0004584330599755049,33.38724136352539,0.9878603219985962,0.18750163912773132,0.009030522749526426
oracle_gate,0857.png,4fafd48e2926f530129290c9f843490dcbf7809c8505c123a5f18ec2a5005611,10.0,2,1636738084,14,3,7168.0,128,12,7308.0,0.03717041015625,0.00045414798660203815,33.42802429199219,0.9880247116088867,0.18825525045394897,0.009030522749526426
oracle_gate,0857.png,4fafd48e2926f530129290c9f843490dcbf7809c8505c123a5f18ec2a5005611,10.0,2,1636738084,15,4,8192.0,160,12,8364.0,0.04254150390625,0.00045402717660181224,33.42918014526367,0.9880511164665222,0.18797577917575836,0.009030522749526426
oracle_gate,0857.png,4fafd48e2926f530129290c9f843490dcbf7809c8505c123a5f18ec2a5005611,10.0,3,795844019,0,0,4096.0,32,10,4138.0,0.021046956380208332,0.0004682426224462688,33.295291900634766,0.9878588914871216,0.18919803202152252,0.008954406759585254
oracle_gate,0857.png,4fafd48e2926f530129290c9f843490dcbf7809c8505c123a5f18ec2a5005611,10.0,3,795844019,1,1,5120.0,64,12,5196.0,0.02642822265625,0.00048066512681543827,33.181575775146484,0.9873733520507812,0.18827570974826813,0.008954406759585254
oracle_gate,0857.png,4fafd48e2926f530129290c9f843490dcbf7809c8505c123a5f18ec2a5005611,10.0,3,795844019,2,1,5120.0,64,12,5196.0,0.02642822265625,0.000478514441056177,33.2010498046875,0.9875228404998779,0.18911957740783691,0.008954406759585254
oracle_gate,0857.png,4fafd48e2926f530129290c9f843490dcbf7809c8505c123a5f18ec2a5005611,10.0,3,795844019,3,2,6144.0,96,12,6252.0,0.03179931640625,0.0004764865734614432,33.2194938659668,0.9874633550643921,0.18890699744224548,0.008954406759585254
oracle_gate,0857.png,4fafd48e2926f530129290c9f843490dcbf7809c8505c123a5f18ec2a5005611,10.0,3,795844019,4,1,5120.0,64,12,5196.0,0.02642822265625,0.0004814571875613183,33.17442321777344,0.9875164031982422,0.18854939937591553,0.009410282742464915
oracle_gate,0857.png,4fafd48e2926f530129290c9f843490dcbf7809c8505c123a5f18ec2a5005611,10.0,3,795844019,5,2,6144.0,96,12,6252.0,0.03179931640625,0.0004802627954632044,33.185211181640625,0.9874458312988281,0.1884990632534027,0.009410282742464915
oracle_gate,0857.png,4fafd48e2926f530129290c9f843490dcbf7809c8505c123a5f18ec2a5005611,10.0,3,795844019,6,2,6144.0,96,12,6252.0,0.03179931640625,0.00047754470142535865,33.209861755371094,0.9876279234886169,0.18934519588947296,0.009410282742464915
oracle_gate,0857.png,4fafd48e2926f530129290c9f843490dcbf7809c8505c123a5f18ec2a5005611,10.0,3,795844019,7,3,7168.0,128,12,7308.0,0.03717041015625,0.00047601788537576795,33.2237663269043,0.9874855875968933,0.18908876180648804,0.009410282742464915
oracle_gate,0857.png,4fafd48e2926f530129290c9f843490dcbf7809c8505c123a5f18ec2a5005611,10.0,3,795844019,8,1,5120.0,64,12,5196.0,0.02642822265625,0.00048277154564857483,33.16258239746094,0.9874820709228516,0.18833473324775696,0.009476405248278752
oracle_gate,0857.png,4fafd48e2926f530129290c9f843490dcbf7809c8505c123a5f18ec2a5005611,10.0,3,795844019,9,2,6144.0,96,12,6252.0,0.03179931640625,0.0004811423714272678,33.17726516723633,0.987419605255127,0.18828807771205902,0.009476405248278752
oracle_gate,0857.png,4fafd48e2926f530129290c9f843490dcbf7809c8505c123a5f18ec2a5005611,10.0,3,795844019,10,2,6144.0,96,12,6252.0,0.03179931640625,0.0004779086448252201,33.20655059814453,0.9875898361206055,0.1890273243188858,0.009476405248278752
oracle_gate,0857.png,4fafd48e2926f530129290c9f843490dcbf7809c8505c123a5f18ec2a5005611,10.0,3,795844019,11,3,7168.0,128,12,7308.0,0.03717041015625,0.00047610560432076454,33.22296905517578,0.9874803423881531,0.18882131576538086,0.009476405248278752
oracle_gate,0857.png,4fafd48e2926f530129290c9f843490dcbf7809c8505c123a5f18ec2a5005611,10.0,3,795844019,12,2,6144.0,96,12,6252.0,0.03179931640625,0.0004799962625838816,33.1876220703125,0.9875762462615967,0.1886785477399826,0.009638638497563079
oracle_gate,0857.png,4fafd48e2926f530129290c9f843490dcbf7809c8505c123a5f18ec2a5005611,10.0,3,795844019,13,3,7168.0,128,12,7308.0,0.03717041015625,0.00047872806317172945,33.19911193847656,0.9875199198722839,0.18856610357761383,0.009638638497563079
oracle_gate,0857.png,4fafd48e2926f530129290c9f843490dcbf7809c8505c123a5f18ec2a5005611,10.0,3,795844019,14,3,7168.0,128,12,7308.0,0.03717041015625,0.0004750786756630987,33.23234558105469,0.9877078533172607,0.18935418128967285,0.009638638497563079
oracle_gate,0857.png,4fafd48e2926f530129290c9f843490dcbf7809c8505c123a5f18ec2a5005611,10.0,3,795844019,15,4,8192.0,160,12,8364.0,0.04254150390625,0.00047386903315782547,33.24341583251953,0.9875842928886414,0.18914178013801575,0.009638638497563079
oracle_gate,0858.png,428049494acf4dadf08c5bd62c8711ac258af5fa0f008b5fb389a4fffca96c58,10.0,0,230673085,0,0,4096.0,32,10,4138.0,0.021046956380208332,0.0036241698544472456,24.407917022705078,0.9223394393920898,0.3182518482208252,0.009066935497685336
oracle_gate,0858.png,428049494acf4dadf08c5bd62c8711ac258af5fa0f008b5fb389a4fffca96c58,10.0,0,230673085,1,1,5120.0,64,12,5196.0,0.02642822265625,0.0036691296845674515,24.3543701171875,0.9233438968658447,0.31950169801712036,0.009066935497685336
oracle_gate,0858.png,428049494acf4dadf08c5bd62c8711ac258af5fa0f008b5fb389a4fffca96c58,10.0,0,230673085,2,1,5120.0,64,12,5196.0,0.02642822265625,0.003659480717033148,24.365806579589844,0.9237381815910339,0.3193435072898865,0.009066935497685336
oracle_gate,0858.png,428049494acf4dadf08c5bd62c8711ac258af5fa0f008b5fb389a4fffca96c58,10.0,0,230673085,3,2,6144.0,96,12,6252.0,0.03179931640625,0.0036596450954675674,24.365612030029297,0.9235712885856628,0.3195538818836212,0.009066935497685336
oracle_gate,0858.png,428049494acf4dadf08c5bd62c8711ac258af5fa0f008b5fb389a4fffca96c58,10.0,0,230673085,4,1,5120.0,64,12,5196.0,0.02642822265625,0.0036632900591939688,24.36128807067871,0.924026608467102,0.3177366256713867,0.009099227259866893
oracle_gate,0858.png,428049494acf4dadf08c5bd62c8711ac258af5fa0f008b5fb389a4fffca96c58,10.0,0,230673085,5,2,6144.0,96,12,6252.0,0.03179931640625,0.003663686802610755,24.360816955566406,0.9233897924423218,0.3181587755680084,0.009099227259866893
oracle_gate,0858.png,428049494acf4dadf08c5bd62c8711ac258af5fa0f008b5fb389a4fffca96c58,10.0,0,230673085,6,2,6144.0,96,12,6252.0,0.03179931640625,0.0036546760238707066,24.371511459350586,0.9240867495536804,0.31759247183799744,0.009099227259866893
oracle_gate,0858.png,428049494acf4dadf08c5bd62c8711ac258af5fa0f008b5fb389a4fffca96c58,10.0,0,230673085,7,3,7168.0,128,12,7308.0,0.03717041015625,0.0036547943018376827,24.37137222290039,0.9234951734542847,0.3183877766132355,0.009099227259866893
oracle_gate,0858.png,428049494acf4dadf08c5bd62c8711ac258af5fa0f008b5fb389a4fffca96c58,10.0,0,230673085,8,1,5120.0,64,12,5196.0,0.02642822265625,0.003660559421405196,24.364526748657227,0.9236595630645752,0.3188977837562561,0.009258536243578419
oracle_gate,0858.png,428049494acf4dadf08c5bd62c8711ac258af5fa0f008b5fb389a4fffca96c58,10.0,0,230673085,9,2,6144.0,96,12,6252.0,0.03179931640625,0.003663641167804599,24.360870361328125,0.9230605363845825,0.31912848353385925,0.009258536243578419
oracle_gate,0858.png,428049494acf4dadf08c5bd62c8711ac258af5fa0f008b5fb389a4fffca96c58,10.0,0,230673085,10,2,6144.0,96,12,6252.0,0.03179931640625,0.0036518387496471405,24.37488555908203,0.9237210750579834,0.3188290297985077,0.009258536243578419
oracle_gate,0858.png,428049494acf4dadf08c5bd62c8711ac258af5fa0f008b5fb389a4fffca96c58,10.0,0,230673085,11,3,7168.0,128,12,7308.0,0.03717041015625,0.0036536878906190395,24.372684478759766,0.9232950210571289,0.31926244497299194,0.009258536243578419
oracle_gate,0858.png,428049494acf4dadf08c5bd62c8711ac258af5fa0f008b5fb389a4fffca96c58,10.0,0,230673085,12,2,6144.0,96,12,6252.0,0.03179931640625,0.0036506718024611473,24.37627410888672,0.9238609671592712,0.31684356927871704,0.009381461000884883
oracle_gate,0858.png,428049494acf4dadf08c5bd62c8711ac258af5fa0f008b5fb389a4fffca96c58,10.0,0,230673085,13,3,7168.0,128,12,7308.0,0.03717041015625,0.003652674611657858,24.373891830444336,0.9230298399925232,0.31746917963027954,0.009381461000884883
oracle_gate,0858.png,428049494acf4dadf08c5bd62c8711ac258af5fa0f008b5fb389a4fffca96c58,10.0,0,230673085,14,3,7168.0,128,12,7308.0,0.03717041015625,0.003642061725258827,24.38652801513672,0.9238924384117126,0.31676626205444336,0.009381461000884883
oracle_gate,0858.png,428049494acf4dadf08c5bd62c8711ac258af5fa0f008b5fb389a4fffca96c58,10.0,0,230673085,15,4,8192.0,160,12,8364.0,0.04254150390625,0.0036431141197681427,24.385272979736328,0.9232360124588013,0.31753677129745483,0.009381461000884883
oracle_gate,0858.png,428049494acf4dadf08c5bd62c8711ac258af5fa0f008b5fb389a4fffca96c58,10.0,1,2549053527,0,0,4096.0,32,10,4138.0,0.021046956380208332,0.00362312700599432,24.409162521362305,0.9249107241630554,0.32066109776496887,0.009500973756075837
oracle_gate,0858.png,428049494acf4dadf08c5bd62c8711ac258af5fa0f008b5fb389a4fffca96c58,10.0,1,2549053527,1,1,5120.0,64,12,5196.0,0.02642822265625,0.003686186857521534,24.334228515625,0.923090934753418,0.3214631974697113,0.009500973756075837
oracle_gate,0858.png,428049494acf4dadf08c5bd62c8711ac258af5fa0f008b5fb389a4fffca96c58,10.0,1,2549053527,2,1,5120.0,64,12,5196.0,0.02642822265625,0.003689658595249057,24.33013916015625,0.9228243231773376,0.3211019039154053,0.009500973756075837
oracle_gate,0858.png,428049494acf4dadf08c5bd62c8711ac258af5fa0f008b5fb389a4fffca96c58,10.0,1,2549053527,3,2,6144.0,96,12,6252.0,0.03179931640625,0.0036781278904527426,24.343734741210938,0.9232437610626221,0.32151252031326294,0.009500973756075837
oracle_gate,0858.png,428049494acf4dadf08c5bd62c8711ac258af5fa0f008b5fb389a4fffca96c58,10.0,1,2549053527,4,1,5120.0,64,12,5196.0,0.02642822265625,0.00368212116882205,24.339019775390625,0.9231952428817749,0.3215111792087555,0.008894958751625381
oracle_gate,0858.png,428049494acf4dadf08c5bd62c8711ac258af5fa0f008b5fb389a4fffca96c58,10.0,1,2549053527,5,2,6144.0,96,12,6252.0,0.03179931640625,0.003673060331493616,24.349720001220703,0.9234269857406616,0.32197508215904236,0.008894958751625381
oracle_gate,0858.png,428049494acf4dadf08c5bd62c8711ac258af5fa0f008b5fb389a4fffca96c58,10.0,1,2549053527,6,2,6144.0,96,12,6252.0,0.03179931640625,0.003679069224745035,24.342620849609375,0.9231889247894287,0.32162344455718994,0.008894958751625381
oracle_gate,0858.png,428049494acf4dadf08c5bd62c8711ac258af5fa0f008b5fb389a4fffca96c58,10.0,1,2549053527,7,3,7168.0,128,12,7308.0,0.03717041015625,0.0036656889133155346,24.358444213867188,0.9235710501670837,0.32191529870033264,0.008894958751625381
oracle_gate,0858.png,428049494acf4dadf08c5bd62c8711ac258af5fa0f008b5fb389a4fffca96c58,10.0,1,2549053527,8,1,5120.0,64,12,5196.0,0.02642822265625,0.00368448905646801,24.336227416992188,0.922939658164978,0.3201383352279663,0.009232591997715645
oracle_gate,0858.png,428049494acf4dadf08c5bd62c8711ac258af5fa0f008b5fb389a4fffca96c58,10.0,1,2549053527,9,2,6144.0,96,12,6252.0,0.03179931640625,0.0036784193944185972,24.343387603759766,0.9231832027435303,0.3205741345882416,0.009232591997715645
oracle_gate,0858.png,428049494acf4dadf08c5bd62c8711ac258af5fa0f008b5fb389a4fffca96c58,10.0,1,2549053527,10,2,6144.0,96,12,6252.0,0.03179931640625,0.0036798068322241306,24.341751098632812,0.9229605197906494,0.3200709819793701,0.009232591997715645
oracle_gate,0858.png,428049494acf4dadf08c5bd62c8711ac258af5fa0f008b5fb389a4fffca96c58,10.0,1,2549053527,11,3,7168.0,128,12,7308.0,0.03717041015625,0.003668901277706027,24.354639053344727,0.9233514070510864,0.3203903138637543,0.009232591997715645
oracle_gate,0858.png,428049494acf4dadf08c5bd62c8711ac258af5fa0f008b5fb389a4fffca96c58,10.0,1,2549053527,12,2,6144.0,96,12,6252.0,0.03179931640625,0.0036754892207682133,24.34684944152832,0.9232191443443298,0.3209422528743744,0.008440981502644718
oracle_gate,0858.png,428049494acf4dadf08c5bd62c8711ac258af5fa0f008b5fb389a4fffca96c58,10.0,1,2549053527,13,3,7168.0,128,12,7308.0,0.03717041015625,0.003666626987978816,24.35733413696289,0.9234538078308105,0.3213852345943451,0.008440981502644718
oracle_gate,0858.png,428049494acf4dadf08c5bd62c8711ac258af5fa0f008b5fb389a4fffca96c58,10.0,1,2549053527,14,3,7168.0,128,12,7308.0,0.03717041015625,0.0036706626415252686,24.352558135986328,0.9232548475265503,0.3209370970726013,0.008440981502644718
oracle_gate,0858.png,428049494acf4dadf08c5bd62c8711ac258af5fa0f008b5fb389a4fffca96c58,10.0,1,2549053527,15,4,8192.0,160,12,8364.0,0.04254150390625,0.0036571957170963287,24.368518829345703,0.9236547350883484,0.32114267349243164,0.008440981502644718
oracle_gate,0858.png,428049494acf4dadf08c5bd62c8711ac258af5fa0f008b5fb389a4fffca96c58,10.0,2,3108195437,0,0,4096.0,32,10,4138.0,0.021046956380208332,0.0036011794582009315,24.43555450439453,0.9260177612304688,0.3108159005641937,0.0086261554970406
oracle_gate,0858.png,428049494acf4dadf08c5bd62c8711ac258af5fa0f008b5fb389a4fffca96c58,10.0,2,3108195437,1,1,5120.0,64,12,5196.0,0.02642822265625,0.003683805000036955,24.337034225463867,0.9240227937698364,0.3113993704319,0.0086261554970406
oracle_gate,0858.png,428049494acf4dadf08c5bd62c8711ac258af5fa0f008b5fb389a4fffca96c58,10.0,2,3108195437,2,1,5120.0,64,12,5196.0,0.02642822265625,0.0036699697375297546,24.353378295898438,0.9241353273391724,0.31267035007476807,0.0086261554970406
oracle_gate,0858.png,428049494acf4dadf08c5bd62c8711ac258af5fa0f008b5fb389a4fffca96c58,10.0,2,3108195437,3,2,6144.0,96,12,6252.0,0.03179931640625,0.003665466792881489,24.358707427978516,0.9245297908782959,0.3113383948802948,0.0086261554970406
oracle_gate,0858.png,428049494acf4dadf08c5bd62c8711ac258af5fa0f008b5fb389a4fffca96c58,10.0,2,3108195437,4,1,5120.0,64,12,5196.0,0.02642822265625,0.0036764952819794416,24.345661163330078,0.9244054555892944,0.31111055612564087,0.009152907252428122
oracle_gate,0858.png,428049494acf4dadf08c5bd62c8711ac258af5fa0f008b5fb389a4fffca96c58,10.0,2,3108195437,5,2,6144.0,96,12,6252.0,0.03179931640625,0.0036717073526233435,24.351320266723633,0.9247039556503296,0.3098416030406952,0.009152907252428122
oracle_gate,0858.png,428049494acf4dadf08c5bd62c8711ac258af5fa0f008b5fb389a4fffca96c58,10.0,2,3108195437,6,2,6144.0,96,12,6252.0,0.03179931640625,0.00366160343401134,24.36328887939453,0.9247561693191528,0.3110385537147522,0.009152907252428122
oracle_gate,0858.png,428049494acf4dadf08c5bd62c8711ac258af5fa0f008b5fb389a4fffca96c58,10.0,2,3108195437,7,3,7168.0,128,12,7308.0,0.03717041015625,0.003654546570032835,24.37166404724121,0.9250804781913757,0.3099795877933502,0.009152907252428122
oracle_gate,0858.png,428049494acf4dadf08c5bd62c8711ac258af5fa0f008b5fb389a4fffca96c58,10.0,2,3108195437,8,1,5120.0,64,12,5196.0,0.02642822265625,0.003666370175778866,24.357635498046875,0.9244287014007568,0.31219932436943054,0.009340552001958713
oracle_gate,0858.png,428049494acf4dadf08c5bd62c8711ac258af5fa0f008b5fb389a4fffca96c58,10.0,2,3108195437,9,2,6144.0,96,12,6252.0,0.03179931640625,0.0036658947356045246,24.358198165893555,0.9246823787689209,0.3109278976917267,0.009340552001958713
oracle_gate,0858.png,428049494acf4dadf08c5bd62c8711ac258af5fa0f008b5fb389a4fffca96c58,10.0,2,3108195437,10,2,6144.0,96,12,6252.0,0.03179931640625,0.0036502177827060223,24.376811981201172,0.9247744083404541,0.3120080828666687,0.009340552001958713
oracle_gate,0858.png,428049494acf4dadf08c5bd62c8711ac258af5fa0f008b5fb389a4fffca96c58,10.0,2,3108195437,11,3,7168.0,128,12,7308.0,0.03717041015625,0.003646909724920988,24.38075065612793,0.9250527620315552,0.31086596846580505,0.009340552001958713
oracle_gate,0858.png,428049494acf4dadf08c5bd62c8711ac258af5fa0f008b5fb389a4fffca96c58,10.0,2,3108195437,12,2,6144.0,96,12,6252.0,0.03179931640625,0.003661610884591937,24.363279342651367,0.9247174263000488,0.3105222284793854,0.009166297750198282
oracle_gate,0858.png,428049494acf4dadf08c5bd62c8711ac258af5fa0f008b5fb389a4fffca96c58,10.0,2,3108195437,13,3,7168.0,128,12,7308.0,0.03717041015625,0.0036567540373653173,24.369041442871094,0.924991250038147,0.30935388803482056,0.009166297750198282
oracle_gate,0858.png,428049494acf4dadf08c5bd62c8711ac258af5fa0f008b5fb389a4fffca96c58,10.0,2,3108195437,14,3,7168.0,128,12,7308.0,0.03717041015625,0.0036448088940232992,24.383255004882812,0.9250262975692749,0.3104267716407776,0.009166297750198282
oracle_gate,0858.png,428049494acf4dadf08c5bd62c8711ac258af5fa0f008b5fb389a4fffca96c58,10.0,2,3108195437,15,4,8192.0,160,12,8364.0,0.04254150390625,0.003637951333075762,24.39143180847168,0.9253578186035156,0.3094072937965393,0.009166297750198282
oracle_gate,0858.png,428049494acf4dadf08c5bd62c8711ac258af5fa0f008b5fb389a4fffca96c58,10.0,3,100301543,0,0,4096.0,32,10,4138.0,0.021046956380208332,0.0037962496280670166,24.206451416015625,0.9197399020195007,0.3247511684894562,0.009519553248537704
oracle_gate,0858.png,428049494acf4dadf08c5bd62c8711ac258af5fa0f008b5fb389a4fffca96c58,10.0,3,100301543,1,1,5120.0,64,12,5196.0,0.02642822265625,0.0038137286901474,24.186504364013672,0.9209043383598328,0.3277411162853241,0.009519553248537704
oracle_gate,0858.png,428049494acf4dadf08c5bd62c8711ac258af5fa0f008b5fb389a4fffca96c58,10.0,3,100301543,2,1,5120.0,64,12,5196.0,0.02642822265625,0.0038234328385442495,24.175464630126953,0.9201907515525818,0.327667236328125,0.009519553248537704
oracle_gate,0858.png,428049494acf4dadf08c5bd62c8711ac258af5fa0f008b5fb389a4fffca96c58,10.0,3,100301543,3,2,6144.0,96,12,6252.0,0.03179931640625,0.0038049942813813686,24.196460723876953,0.9209744334220886,0.32805705070495605,0.009519553248537704
oracle_gate,0858.png,428049494acf4dadf08c5bd62c8711ac258af5fa0f008b5fb389a4fffca96c58,10.0,3,100301543,4,1,5120.0,64,12,5196.0,0.02642822265625,0.0038281555753201246,24.170103073120117,0.9201547503471375,0.3283216953277588,0.009451837511733174
oracle_gate,0858.png,428049494acf4dadf08c5bd62c8711ac258af5fa0f008b5fb389a4fffca96c58,10.0,3,100301543,5,2,6144.0,96,12,6252.0,0.03179931640625,0.0038090385496616364,24.19184684753418,0.9209201335906982,0.3278391361236572,0.009451837511733174
oracle_gate,0858.png,428049494acf4dadf08c5bd62c8711ac258af5fa0f008b5fb389a4fffca96c58,10.0,3,100301543,6,2,6144.0,96,12,6252.0,0.03179931640625,0.0038174367509782314,24.182283401489258,0.9203478693962097,0.3285791277885437,0.009451837511733174
oracle_gate,0858.png,428049494acf4dadf08c5bd62c8711ac258af5fa0f008b5fb389a4fffca96c58,10.0,3,100301543,7,3,7168.0,128,12,7308.0,0.03717041015625,0.0038001439534127712,24.20199966430664,0.9210391044616699,0.32819369435310364,0.009451837511733174
oracle_gate,0858.png,428049494acf4dadf08c5bd62c8711ac258af5fa0f008b5fb389a4fffca96c58,10.0,3,100301543,8,1,5120.0,64,12,5196.0,0.02642822265625,0.0038218889385461807,24.17721939086914,0.9203221201896667,0.32550036907196045,0.009800706742680632
oracle_gate,0858.png,428049494acf4dadf08c5bd62c8711ac258af5fa0f008b5fb389a4fffca96c58,10.0,3,100301543,9,2,6144.0,96,12,6252.0,0.03179931640625,0.003800727427005768,24.20133399963379,0.9212803840637207,0.32565945386886597,0.009800706742680632
oracle_gate,0858.png,428049494acf4dadf08c5bd62c8711ac258af5fa0f008b5fb389a4fffca96c58,10.0,3,100301543,10,2,6144.0,96,12,6252.0,0.03179931640625,0.00381140667013824,24.18914794921875,0.9204679727554321,0.32589197158813477,0.009800706742680632
oracle_gate,0858.png,428049494acf4dadf08c5bd62c8711ac258af5fa0f008b5fb389a4fffca96c58,10.0,3,100301543,11,3,7168.0,128,12,7308.0,0.03717041015625,0.0037927511148154736,24.21045684814453,0.9212786555290222,0.3262408971786499,0.009800706742680632
oracle_gate,0858.png,428049494acf4dadf08c5bd62c8711ac258af5fa0f008b5fb389a4fffca96c58,10.0,3,100301543,12,2,6144.0,96,12,6252.0,0.03179931640625,0.003816317766904831,24.183555603027344,0.9205023050308228,0.32637178897857666,0.0092540547484532
oracle_gate,0858.png,428049494acf4dadf08c5bd62c8711ac258af5fa0f008b5fb389a4fffca96c58,10.0,3,100301543,13,3,7168.0,128,12,7308.0,0.03717041015625,0.003797174198552966,24.20539665222168,0.9213253855705261,0.3260214328765869,0.0092540547484532
oracle_gate,0858.png,428049494acf4dadf08c5bd62c8711ac258af5fa0f008b5fb389a4fffca96c58,10.0,3,100301543,14,3,7168.0,128,12,7308.0,0.03717041015625,0.0038061649538576603,24.195125579833984,0.9206638336181641,0.32706719636917114,0.0092540547484532
oracle_gate,0858.png,428049494acf4dadf08c5bd62c8711ac258af5fa0f008b5fb389a4fffca96c58,10.0,3,100301543,15,4,8192.0,160,12,8364.0,0.04254150390625,0.0037892586551606655,24.214458465576172,0.9213184118270874,0.32659712433815,0.0092540547484532
oracle_gate,0859.png,3ada872de7c5def1d408920385db278b1ff3a5a0cfcab83105a789ff540a1827,10.0,0,3616218162,0,0,4096.0,32,10,4138.0,0.021046956380208332,0.00404256721958518,23.933427810668945,0.9379841685295105,0.2208593487739563,0.009810332252527587
oracle_gate,0859.png,3ada872de7c5def1d408920385db278b1ff3a5a0cfcab83105a789ff540a1827,10.0,0,3616218162,1,1,5120.0,64,12,5196.0,0.02642822265625,0.00410236231982708,23.86966323852539,0.9355186223983765,0.2259371429681778,0.009810332252527587
oracle_gate,0859.png,3ada872de7c5def1d408920385db278b1ff3a5a0cfcab83105a789ff540a1827,10.0,0,3616218162,2,1,5120.0,64,12,5196.0,0.02642822265625,0.004129287786781788,23.84124755859375,0.9350069761276245,0.22688716650009155,0.009810332252527587
oracle_gate,0859.png,3ada872de7c5def1d408920385db278b1ff3a5a0cfcab83105a789ff540a1827,10.0,0,3616218162,3,2,6144.0,96,12,6252.0,0.03179931640625,0.004101634956896305,23.870431900024414,0.9357249736785889,0.2264157235622406,0.009810332252527587
oracle_gate,0859.png,3ada872de7c5def1d408920385db278b1ff3a5a0cfcab83105a789ff540a1827,10.0,0,3616218162,4,1,5120.0,64,12,5196.0,0.02642822265625,0.004108459688723087,23.863210678100586,0.9355041980743408,0.2264356017112732,0.00972781825112179
oracle_gate,0859.png,3ada872de7c5def1d408920385db278b1ff3a5a0cfcab83105a789ff540a1827,10.0,0,3616218162,5,2,6144.0,96,12,6252.0,0.03179931640625,0.004083616193383932,23.889551162719727,0.9359208941459656,0.22547489404678345,0.00972781825112179
oracle_gate,0859.png,3ada872de7c5def1d408920385db278b1ff3a5a0cfcab83105a789ff540a1827,10.0,0,3616218162,6,2,6144.0,96,12,6252.0,0.03179931640625,0.004102897830307484,23.869094848632812,0.9357733726501465,0.22620514035224915,0.00972781825112179
oracle_gate,0859.png,3ada872de7c5def1d408920385db278b1ff3a5a0cfcab83105a789ff540a1827,10.0,0,3616218162,7,3,7168.0,128,12,7308.0,0.03717041015625,0.0040826047770679,23.890626907348633,0.936233639717102,0.2257440686225891,0.00972781825112179
oracle_gate,0859.png,3ada872de7c5def1d408920385db278b1ff3a5a0cfcab83105a789ff540a1827,10.0,0,3616218162,8,1,5120.0,64,12,5196.0,0.02642822265625,0.0041334121488034725,23.836915969848633,0.9355813264846802,0.22533944249153137,0.009230559749994427
oracle_gate,0859.png,3ada872de7c5def1d408920385db278b1ff3a5a0cfcab83105a789ff540a1827,10.0,0,3616218162,9,2,6144.0,96,12,6252.0,0.03179931640625,0.004102295730262995,23.869731903076172,0.9361485242843628,0.22436590492725372,0.009230559749994427
oracle_gate,0859.png,3ada872de7c5def1d408920385db278b1ff3a5a0cfcab83105a789ff540a1827,10.0,0,3616218162,10,2,6144.0,96,12,6252.0,0.03179931640625,0.004129985347390175,23.84051513671875,0.9356275796890259,0.22439871728420258,0.009230559749994427
oracle_gate,0859.png,3ada872de7c5def1d408920385db278b1ff3a5a0cfcab83105a789ff540a1827,10.0,0,3616218162,11,3,7168.0,128,12,7308.0,0.03717041015625,0.00410300400108099,23.868982315063477,0.936267614364624,0.22389432787895203,0.009230559749994427
oracle_gate,0859.png,3ada872de7c5def1d408920385db278b1ff3a5a0cfcab83105a789ff540a1827,10.0,0,3616218162,12,2,6144.0,96,12,6252.0,0.03179931640625,0.004108130466192961,23.86355972290039,0.936132550239563,0.22481387853622437,0.009084315999643877
oracle_gate,0859.png,3ada872de7c5def1d408920385db278b1ff3a5a0cfcab83105a789ff540a1827,10.0,0,3616218162,13,3,7168.0,128,12,7308.0,0.03717041015625,0.004083606880158186,23.889562606811523,0.9365407228469849,0.2237490713596344,0.009084315999643877
oracle_gate,0859.png,3ada872de7c5def1d408920385db278b1ff3a5a0cfcab83105a789ff540a1827,10.0,0,3616218162,14,3,7168.0,128,12,7308.0,0.03717041015625,0.004104515537619591,23.867380142211914,0.9362244606018066,0.22382104396820068,0.009084315999643877
oracle_gate,0859.png,3ada872de7c5def1d408920385db278b1ff3a5a0cfcab83105a789ff540a1827,10.0,0,3616218162,15,4,8192.0,160,12,8364.0,0.04254150390625,0.004084523301571608,23.888587951660156,0.9366568326950073,0.22337554395198822,0.009084315999643877
oracle_gate,0859.png,3ada872de7c5def1d408920385db278b1ff3a5a0cfcab83105a789ff540a1827,10.0,1,936806039,0,0,4096.0,32,10,4138.0,0.021046956380208332,0.004106862470507622,23.864898681640625,0.939302921295166,0.2285095453262329,0.009777828003279865
oracle_gate,0859.png,3ada872de7c5def1d408920385db278b1ff3a5a0cfcab83105a789ff540a1827,10.0,1,936806039,1,1,5120.0,64,12,5196.0,0.02642822265625,0.00441771512851119,23.548023223876953,0.9343721270561218,0.23434728384017944,0.009777828003279865
oracle_gate,0859.png,3ada872de7c5def1d408920385db278b1ff3a5a0cfcab83105a789ff540a1827,10.0,1,936806039,2,1,5120.0,64,12,5196.0,0.02642822265625,0.004464339464902878,23.50242805480957,0.9328600168228149,0.23792429268360138,0.009777828003279865
oracle_gate,0859.png,3ada872de7c5def1d408920385db278b1ff3a5a0cfcab83105a789ff540a1827,10.0,1,936806039,3,2,6144.0,96,12,6252.0,0.03179931640625,0.00442872429266572,23.537214279174805,0.933745265007019,0.23666618764400482,0.009777828003279865
oracle_gate,0859.png,3ada872de7c5def1d408920385db278b1ff3a5a0cfcab83105a789ff540a1827,10.0,1,936806039,4,1,5120.0,64,12,5196.0,0.02642822265625,0.004432159475982189,23.53384780883789,0.934124231338501,0.23495212197303772,0.00933797549805604
oracle_gate,0859.png,3ada872de7c5def1d408920385db278b1ff3a5a0cfcab83105a789ff540a1827,10.0,1,936806039,5,2,6144.0,96,12,6252.0,0.03179931640625,0.004401546902954578,23.563947677612305,0.934790313243866,0.233867809176445,0.00933797549805604
oracle_gate,0859.png,3ada872de7c5def1d408920385db278b1ff3a5a0cfcab83105a789ff540a1827,10.0,1,936806039,6,2,6144.0,96,12,6252.0,0.03179931640625,0.004439869895577431,23.526296615600586,0.9335467219352722,0.23717738687992096,0.00933797549805604
oracle_gate,0859.png,3ada872de7c5def1d408920385db278b1ff3a5a0cfcab83105a789ff540a1827,10.0,1,936806039,7,3,7168.0,128,12,7308.0,0.03717041015625,0.0044129411689937115,23.55272102355957,0.9341503381729126,0.2363208532333374,0.00933797549805604
oracle_gate,0859.png,3ada872de7c5def1d408920385db278b1ff3a5a0cfcab83105a789ff540a1827,10.0,1,936806039,8,1,5120.0,64,12,5196.0,0.02642822265625,0.004214523825794458,23.75251579284668,0.93656986951828,0.23403984308242798,0.009091697254916653
oracle_gate,0859.png,3ada872de7c5def1d408920385db278b1ff3a5a0cfcab83105a789ff540a1827,10.0,1,936806039,9,2,6144.0,96,12,6252.0,0.03179931640625,0.004175306763499975,23.79311752319336,0.9375020265579224,0.23255054652690887,0.009091697254916653
oracle_gate,0859.png,3ada872de7c5def1d408920385db278b1ff3a5a0cfcab83105a789ff540a1827,10.0,1,936806039,10,2,6144.0,96,12,6252.0,0.03179931640625,0.004223362542688847,23.743417739868164,0.9359807968139648,0.23583637177944183,0.009091697254916653
oracle_gate,0859.png,3ada872de7c5def1d408920385db278b1ff3a5a0cfcab83105a789ff540a1827,10.0,1,936806039,11,3,7168.0,128,12,7308.0,0.03717041015625,0.004187546670436859,23.78040313720703,0.9368586540222168,0.2346482276916504,0.009091697254916653
oracle_gate,0859.png,3ada872de7c5def1d408920385db278b1ff3a5a0cfcab83105a789ff540a1827,10.0,1,936806039,12,2,6144.0,96,12,6252.0,0.03179931640625,0.004186728503555059,23.781253814697266,0.9372978210449219,0.2332436442375183,0.00924850873707328
oracle_gate,0859.png,3ada872de7c5def1d408920385db278b1ff3a5a0cfcab83105a789ff540a1827,10.0,1,936806039,13,3,7168.0,128,12,7308.0,0.03717041015625,0.004156178794801235,23.81305694580078,0.9379569292068481,0.23220324516296387,0.00924850873707328
oracle_gate,0859.png,3ada872de7c5def1d408920385db278b1ff3a5a0cfcab83105a789ff540a1827,10.0,1,936806039,14,3,7168.0,128,12,7308.0,0.03717041015625,0.004195703659206629,23.771953582763672,0.9367146492004395,0.23512278497219086,0.00924850873707328
oracle_gate,0859.png,3ada872de7c5def1d408920385db278b1ff3a5a0cfcab83105a789ff540a1827,10.0,1,936806039,15,4,8192.0,160,12,8364.0,0.04254150390625,0.004168633371591568,23.800064086914062,0.9372965693473816,0.23440589010715485,0.00924850873707328
oracle_gate,0859.png,3ada872de7c5def1d408920385db278b1ff3a5a0cfcab83105a789ff540a1827,10.0,2,605992435,0,0,4096.0,32,10,4138.0,0.021046956380208332,0.004106294363737106,23.865501403808594,0.9362764358520508,0.22657904028892517,0.009192262499709614
oracle_gate,0859.png,3ada872de7c5def1d408920385db278b1ff3a5a0cfcab83105a789ff540a1827,10.0,2,605992435,1,1,5120.0,64,12,5196.0,0.02642822265625,0.004141571931540966,23.828350067138672,0.9363309741020203,0.2256230115890503,0.009192262499709614
oracle_gate,0859.png,3ada872de7c5def1d408920385db278b1ff3a5a0cfcab83105a789ff540a1827,10.0,2,605992435,2,1,5120.0,64,12,5196.0,0.02642822265625,0.004167953506112099,23.800771713256836,0.9348832964897156,0.2249273806810379,0.009192262499709614
oracle_gate,0859.png,3ada872de7c5def1d408920385db278b1ff3a5a0cfcab83105a789ff540a1827,10.0,2,605992435,3,2,6144.0,96,12,6252.0,0.03179931640625,0.004144158214330673,23.82563591003418,0.935678243637085,0.22671982645988464,0.009192262499709614
oracle_gate,0859.png,3ada872de7c5def1d408920385db278b1ff3a5a0cfcab83105a789ff540a1827,10.0,2,605992435,4,1,5120.0,64,12,5196.0,0.02642822265625,0.0041609532199800014,23.808074951171875,0.9358229637145996,0.22330474853515625,0.009510737247182988
oracle_gate,0859.png,3ada872de7c5def1d408920385db278b1ff3a5a0cfcab83105a789ff540a1827,10.0,2,605992435,5,2,6144.0,96,12,6252.0,0.03179931640625,0.004132272209972143,23.838111877441406,0.9365658760070801,0.2250516563653946,0.009510737247182988
oracle_gate,0859.png,3ada872de7c5def1d408920385db278b1ff3a5a0cfcab83105a789ff540a1827,10.0,2,605992435,6,2,6144.0,96,12,6252.0,0.03179931640625,0.004159791395068169,23.809284210205078,0.9353134036064148,0.22452378273010254,0.009510737247182988
oracle_gate,0859.png,3ada872de7c5def1d408920385db278b1ff3a5a0cfcab83105a789ff540a1827,10.0,2,605992435,7,3,7168.0,128,12,7308.0,0.03717041015625,0.004132358357310295,23.83802032470703,0.9361462593078613,0.226023867726326,0.009510737247182988
oracle_gate,0859.png,3ada872de7c5def1d408920385db278b1ff3a5a0cfcab83105a789ff540a1827,10.0,2,605992435,8,1,5120.0,64,12,5196.0,0.02642822265625,0.004286392591893673,23.679080963134766,0.9326838254928589,0.2288060486316681,0.009359739749925211
oracle_gate,0859.png,3ada872de7c5def1d408920385db278b1ff3a5a0cfcab83105a789ff540a1827,10.0,2,605992435,9,2,6144.0,96,12,6252.0,0.03179931640625,0.004261005204170942,23.704879760742188,0.9333782196044922,0.23093047738075256,0.009359739749925211
oracle_gate,0859.png,3ada872de7c5def1d408920385db278b1ff3a5a0cfcab83105a789ff540a1827,10.0,2,605992435,10,2,6144.0,96,12,6252.0,0.03179931640625,0.004272242542356253,23.693443298339844,0.9327513575553894,0.2277888059616089,0.009359739749925211
oracle_gate,0859.png,3ada872de7c5def1d408920385db278b1ff3a5a0cfcab83105a789ff540a1827,10.0,2,605992435,11,3,7168.0,128,12,7308.0,0.03717041015625,0.004247135482728481,23.719039916992188,0.9336046576499939,0.2296442836523056,0.009359739749925211
oracle_gate,0859.png,3ada872de7c5def1d408920385db278b1ff3a5a0cfcab83105a789ff540a1827,10.0,2,605992435,12,2,6144.0,96,12,6252.0,0.03179931640625,0.0042751505970954895,23.690486907958984,0.9329298734664917,0.22859351336956024,0.009359154006233439
oracle_gate,0859.png,3ada872de7c5def1d408920385db278b1ff3a5a0cfcab83105a789ff540a1827,10.0,2,605992435,13,3,7168.0,128,12,7308.0,0.03717041015625,0.004246124066412449,23.720073699951172,0.9336451888084412,0.23030635714530945,0.009359154006233439
oracle_gate,0859.png,3ada872de7c5def1d408920385db278b1ff3a5a0cfcab83105a789ff540a1827,10.0,2,605992435,14,3,7168.0,128,12,7308.0,0.03717041015625,0.004261391703039408,23.704486846923828,0.9329530596733093,0.2274392992258072,0.009359154006233439
oracle_gate,0859.png,3ada872de7c5def1d408920385db278b1ff3a5a0cfcab83105a789ff540a1827,10.0,2,605992435,15,4,8192.0,160,12,8364.0,0.04254150390625,0.0042332434095442295,23.73326873779297,0.9337913393974304,0.22896865010261536,0.009359154006233439
oracle_gate,0859.png,3ada872de7c5def1d408920385db278b1ff3a5a0cfcab83105a789ff540a1827,10.0,3,234059494,0,0,4096.0,32,10,4138.0,0.021046956380208332,0.004046397749334574,23.92931365966797,0.9404692649841309,0.23013637959957123,0.009208576753735542
oracle_gate,0859.png,3ada872de7c5def1d408920385db278b1ff3a5a0cfcab83105a789ff540a1827,10.0,3,234059494,1,1,5120.0,64,12,5196.0,0.02642822265625,0.004120304714888334,23.850706100463867,0.9391131401062012,0.23244324326515198,0.009208576753735542
oracle_gate,0859.png,3ada872de7c5def1d408920385db278b1ff3a5a0cfcab83105a789ff540a1827,10.0,3,234059494,2,1,5120.0,64,12,5196.0,0.02642822265625,0.004130854271352291,23.839603424072266,0.9389071464538574,0.2315448820590973,0.009208576753735542
oracle_gate,0859.png,3ada872de7c5def1d408920385db278b1ff3a5a0cfcab83105a789ff540a1827,10.0,3,234059494,3,2,6144.0,96,12,6252.0,0.03179931640625,0.004108704626560211,23.862951278686523,0.9394774436950684,0.2305515706539154,0.009208576753735542
oracle_gate,0859.png,3ada872de7c5def1d408920385db278b1ff3a5a0cfcab83105a789ff540a1827,10.0,3,234059494,4,1,5120.0,64,12,5196.0,0.02642822265625,0.00412280298769474,23.848073959350586,0.9391695857048035,0.23384633660316467,0.009916216746205464
oracle_gate,0859.png,3ada872de7c5def1d408920385db278b1ff3a5a0cfcab83105a789ff540a1827,10.0,3,234059494,5,2,6144.0,96,12,6252.0,0.03179931640625,0.004102873615920544,23.869117736816406,0.9395469427108765,0.2333252727985382,0.009916216746205464
oracle_gate,0859.png,3ada872de7c5def1d408920385db278b1ff3a5a0cfcab83105a789ff540a1827,10.0,3,234059494,6,2,6144.0,96,12,6252.0,0.03179931640625,0.0041082557290792465,23.863426208496094,0.9395572543144226,0.232216015458107,0.009916216746205464
oracle_gate,0859.png,3ada872de7c5def1d408920385db278b1ff3a5a0cfcab83105a789ff540a1827,10.0,3,234059494,7,3,7168.0,128,12,7308.0,0.03717041015625,0.004091259092092514,23.881431579589844,0.9399352073669434,0.23141683638095856,0.009916216746205464
oracle_gate,0859.png,3ada872de7c5def1d408920385db278b1ff3a5a0cfcab83105a789ff540a1827,10.0,3,234059494,8,1,5120.0,64,12,5196.0,0.02642822265625,0.004133185371756554,23.83715057373047,0.9387204051017761,0.23373891413211823,0.008869272758602165
oracle_gate,0859.png,3ada872de7c5def1d408920385db278b1ff3a5a0cfcab83105a789ff540a1827,10.0,3,234059494,9,2,6144.0,96,12,6252.0,0.03179931640625,0.004109435714781284,23.862178802490234,0.9392130374908447,0.23301871120929718,0.008869272758602165
oracle_gate,0859.png,3ada872de7c5def1d408920385db278b1ff3a5a0cfcab83105a789ff540a1827,10.0,3,234059494,10,2,6144.0,96,12,6252.0,0.03179931640625,0.004119186662137508,23.851886749267578,0.9390572309494019,0.23185907304286957,0.008869272758602165
oracle_gate,0859.png,3ada872de7c5def1d408920385db278b1ff3a5a0cfcab83105a789ff540a1827,10.0,3,234059494,11,3,7168.0,128,12,7308.0,0.03717041015625,0.004097519442439079,23.87479019165039,0.939640462398529,0.2307843565940857,0.008869272758602165
oracle_gate,0859.png,3ada872de7c5def1d408920385db278b1ff3a5a0cfcab83105a789ff540a1827,10.0,3,234059494,12,2,6144.0,96,12,6252.0,0.03179931640625,0.00411610072478652,23.855140686035156,0.9392001628875732,0.23426884412765503,0.009342603254481219
oracle_gate,0859.png,3ada872de7c5def1d408920385db278b1ff3a5a0cfcab83105a789ff540a1827,10.0,3,234059494,13,3,7168.0,128,12,7308.0,0.03717041015625,0.004096589051187038,23.875774383544922,0.9395638704299927,0.23380281031131744,0.009342603254481219
oracle_gate,0859.png,3ada872de7c5def1d408920385db278b1ff3a5a0cfcab83105a789ff540a1827,10.0,3,234059494,14,3,7168.0,128,12,7308.0,0.03717041015625,0.00410152692347765,23.87054443359375,0.9396018981933594,0.23236632347106934,0.009342603254481219
oracle_gate,0859.png,3ada872de7c5def1d408920385db278b1ff3a5a0cfcab83105a789ff540a1827,10.0,3,234059494,15,4,8192.0,160,12,8364.0,0.04254150390625,0.004084829241037369,23.888261795043945,0.9399594068527222,0.23159387707710266,0.009342603254481219
oracle_gate,0860.png,eac29d623ecfab9e2299c04b49e5da3f282a576eb7f9107d0b88076c972ac3ef,10.0,0,3871146924,0,0,4096.0,32,10,4138.0,0.021046956380208332,0.0077993846498429775,21.079397201538086,0.9400607943534851,0.21075022220611572,0.008957233745604753
oracle_gate,0860.png,eac29d623ecfab9e2299c04b49e5da3f282a576eb7f9107d0b88076c972ac3ef,10.0,0,3871146924,1,1,5120.0,64,12,5196.0,0.02642822265625,0.007635158486664295,21.17181968688965,0.9420287013053894,0.21069037914276123,0.008957233745604753
oracle_gate,0860.png,eac29d623ecfab9e2299c04b49e5da3f282a576eb7f9107d0b88076c972ac3ef,10.0,0,3871146924,2,1,5120.0,64,12,5196.0,0.02642822265625,0.007917959243059158,21.01386833190918,0.9389995336532593,0.2145351767539978,0.008957233745604753
oracle_gate,0860.png,eac29d623ecfab9e2299c04b49e5da3f282a576eb7f9107d0b88076c972ac3ef,10.0,0,3871146924,3,2,6144.0,96,12,6252.0,0.03179931640625,0.007693454157561064,21.13878631591797,0.9408693313598633,0.21086080372333527,0.008957233745604753
oracle_gate,0860.png,eac29d623ecfab9e2299c04b49e5da3f282a576eb7f9107d0b88076c972ac3ef,10.0,0,3871146924,4,1,5120.0,64,12,5196.0,0.02642822265625,0.007848279550671577,21.052255630493164,0.9402086138725281,0.213265061378479,0.008835308253765106
oracle_gate,0860.png,eac29d623ecfab9e2299c04b49e5da3f282a576eb7f9107d0b88076c972ac3ef,10.0,0,3871146924,5,2,6144.0,96,12,6252.0,0.03179931640625,0.007605589926242828,21.188671112060547,0.9422328472137451,0.21056808531284332,0.008835308253765106
oracle_gate,0860.png,eac29d623ecfab9e2299c04b49e5da3f282a576eb7f9107d0b88076c972ac3ef,10.0,0,3871146924,6,2,6144.0,96,12,6252.0,0.03179931640625,0.0078964252024889,21.02569580078125,0.9391669631004333,0.21393485367298126,0.008835308253765106
oracle_gate,0860.png,eac29d623ecfab9e2299c04b49e5da3f282a576eb7f9107d0b88076c972ac3ef,10.0,0,3871146924,7,3,7168.0,128,12,7308.0,0.03717041015625,0.007667527999728918,21.153446197509766,0.9410478472709656,0.2107529193162918,0.008835308253765106
oracle_gate,0860.png,eac29d623ecfab9e2299c04b49e5da3f282a576eb7f9107d0b88076c972ac3ef,10.0,0,3871146924,8,1,5120.0,64,12,5196.0,0.02642822265625,0.008093764074146748,20.918495178222656,0.9376367330551147,0.2140444964170456,0.009851345748757012
oracle_gate,0860.png,eac29d623ecfab9e2299c04b49e5da3f282a576eb7f9107d0b88076c972ac3ef,10.0,0,3871146924,9,2,6144.0,96,12,6252.0,0.03179931640625,0.007859576493501663,21.046009063720703,0.9396302700042725,0.2108110636472702,0.009851345748757012
oracle_gate,0860.png,eac29d623ecfab9e2299c04b49e5da3f282a576eb7f9107d0b88076c972ac3ef,10.0,0,3871146924,10,2,6144.0,96,12,6252.0,0.03179931640625,0.00808244664222002,20.924571990966797,0.9376863241195679,0.2138921320438385,0.009851345748757012
oracle_gate,0860.png,eac29d623ecfab9e2299c04b49e5da3f282a576eb7f9107d0b88076c972ac3ef,10.0,0,3871146924,11,3,7168.0,128,12,7308.0,0.03717041015625,0.007860223762691021,21.045650482177734,0.9395413398742676,0.21013586223125458,0.009851345748757012
oracle_gate,0860.png,eac29d623ecfab9e2299c04b49e5da3f282a576eb7f9107d0b88076c972ac3ef,10.0,0,3871146924,12,2,6144.0,96,12,6252.0,0.03179931640625,0.008067219518125057,20.93276023864746,0.9379164576530457,0.21342410147190094,0.009214499761583284
oracle_gate,0860.png,eac29d623ecfab9e2299c04b49e5da3f282a576eb7f9107d0b88076c972ac3ef,10.0,0,3871146924,13,3,7168.0,128,12,7308.0,0.03717041015625,0.00782710313796997,21.06399154663086,0.939918041229248,0.2107253223657608,0.009214499761583284
oracle_gate,0860.png,eac29d623ecfab9e2299c04b49e5da3f282a576eb7f9107d0b88076c972ac3ef,10.0,0,3871146924,14,3,7168.0,128,12,7308.0,0.03717041015625,0.00805736891925335,20.93807029724121,0.9379386305809021,0.21330086886882782,0.009214499761583284
oracle_gate,0860.png,eac29d623ecfab9e2299c04b49e5da3f282a576eb7f9107d0b88076c972ac3ef,10.0,0,3871146924,15,4,8192.0,160,12,8364.0,0.04254150390625,0.007829531095921993,21.06264305114746,0.9398187398910522,0.2101460099220276,0.009214499761583284
oracle_gate,0860.png,eac29d623ecfab9e2299c04b49e5da3f282a576eb7f9107d0b88076c972ac3ef,10.0,1,3800033881,0,0,4096.0,32,10,4138.0,0.021046956380208332,0.007388364057987928,21.314516067504883,0.9483413696289062,0.19329360127449036,0.009364864497911185
oracle_gate,0860.png,eac29d623ecfab9e2299c04b49e5da3f282a576eb7f9107d0b88076c972ac3ef,10.0,1,3800033881,1,1,5120.0,64,12,5196.0,0.02642822265625,0.007587147410959005,21.199214935302734,0.9470295906066895,0.1952430158853531,0.009364864497911185
oracle_gate,0860.png,eac29d623ecfab9e2299c04b49e5da3f282a576eb7f9107d0b88076c972ac3ef,10.0,1,3800033881,2,1,5120.0,64,12,5196.0,0.02642822265625,0.007689214777201414,21.14118194580078,0.9465474486351013,0.19659119844436646,0.009364864497911185
oracle_gate,0860.png,eac29d623ecfab9e2299c04b49e5da3f282a576eb7f9107d0b88076c972ac3ef,10.0,1,3800033881,3,2,6144.0,96,12,6252.0,0.03179931640625,0.007555014453828335,21.217647552490234,0.9473451972007751,0.19425424933433533,0.009364864497911185
oracle_gate,0860.png,eac29d623ecfab9e2299c04b49e5da3f282a576eb7f9107d0b88076c972ac3ef,10.0,1,3800033881,4,1,5120.0,64,12,5196.0,0.02642822265625,0.007629591040313244,21.17498779296875,0.9467136859893799,0.19820231199264526,0.009554635500535369
oracle_gate,0860.png,eac29d623ecfab9e2299c04b49e5da3f282a576eb7f9107d0b88076c972ac3ef,10.0,1,3800033881,5,2,6144.0,96,12,6252.0,0.03179931640625,0.007488454692065716,21.256080627441406,0.9475958347320557,0.19593223929405212,0.009554635500535369
oracle_gate,0860.png,eac29d623ecfab9e2299c04b49e5da3f282a576eb7f9107d0b88076c972ac3ef,10.0,1,3800033881,6,2,6144.0,96,12,6252.0,0.03179931640625,0.007584399543702602,21.200788497924805,0.9471440315246582,0.1971726417541504,0.009554635500535369
oracle_gate,0860.png,eac29d623ecfab9e2299c04b49e5da3f282a576eb7f9107d0b88076c972ac3ef,10.0,1,3800033881,7,3,7168.0,128,12,7308.0,0.03717041015625,0.007457870990037918,21.27385139465332,0.9478983879089355,0.19496551156044006,0.009554635500535369
oracle_gate,0860.png,eac29d623ecfab9e2299c04b49e5da3f282a576eb7f9107d0b88076c972ac3ef,10.0,1,3800033881,8,1,5120.0,64,12,5196.0,0.02642822265625,0.007659058552235365,21.158246994018555,0.9466136693954468,0.19697408378124237,0.009083131008083
oracle_gate,0860.png,eac29d623ecfab9e2299c04b49e5da3f282a576eb7f9107d0b88076c972ac3ef,10.0,1,3800033881,9,2,6144.0,96,12,6252.0,0.03179931640625,0.00751026114448905,21.243450164794922,0.9475263357162476,0.1946556121110916,0.009083131008083
oracle_gate,0860.png,eac29d623ecfab9e2299c04b49e5da3f282a576eb7f9107d0b88076c972ac3ef,10.0,1,3800033881,10,2,6144.0,96,12,6252.0,0.03179931640625,0.007620663847774267,21.180072784423828,0.9469515085220337,0.1964099109172821,0.009083131008083
oracle_gate,0860.png,eac29d623ecfab9e2299c04b49e5da3f282a576eb7f9107d0b88076c972ac3ef,10.0,1,3800033881,11,3,7168.0,128,12,7308.0,0.03717041015625,0.0074875629507005215,21.256595611572266,0.947724461555481,0.1941099464893341,0.009083131008083
oracle_gate,0860.png,eac29d623ecfab9e2299c04b49e5da3f282a576eb7f9107d0b88076c972ac3ef,10.0,1,3800033881,12,2,6144.0,96,12,6252.0,0.03179931640625,0.00756100844591856,21.214202880859375,0.9469771385192871,0.19831770658493042,0.00928488424688112
oracle_gate,0860.png,eac29d623ecfab9e2299c04b49e5da3f282a576eb7f9107d0b88076c972ac3ef,10.0,1,3800033881,13,3,7168.0,128,12,7308.0,0.03717041015625,0.007421763148158789,21.2949275970459,0.9478365182876587,0.19602173566818237,0.00928488424688112
oracle_gate,0860.png,eac29d623ecfab9e2299c04b49e5da3f282a576eb7f9107d0b88076c972ac3ef,10.0,1,3800033881,14,3,7168.0,128,12,7308.0,0.03717041015625,0.00752588314935565,21.234426498413086,0.947281539440155,0.19770368933677673,0.00928488424688112
oracle_gate,0860.png,eac29d623ecfab9e2299c04b49e5da3f282a576eb7f9107d0b88076c972ac3ef,10.0,1,3800033881,15,4,8192.0,160,12,8364.0,0.04254150390625,0.007399776019155979,21.307815551757812,0.9480320811271667,0.195451557636261,0.00928488424688112
oracle_gate,0860.png,eac29d623ecfab9e2299c04b49e5da3f282a576eb7f9107d0b88076c972ac3ef,10.0,2,1798747844,0,0,4096.0,32,10,4138.0,0.021046956380208332,0.007896431721746922,21.025691986083984,0.935816764831543,0.21903949975967407,0.009207599243381992
oracle_gate,0860.png,eac29d623ecfab9e2299c04b49e5da3f282a576eb7f9107d0b88076c972ac3ef,10.0,2,1798747844,1,1,5120.0,64,12,5196.0,0.02642822265625,0.007513281889259815,21.241703033447266,0.9400955438613892,0.21974845230579376,0.009207599243381992
oracle_gate,0860.png,eac29d623ecfab9e2299c04b49e5da3f282a576eb7f9107d0b88076c972ac3ef,10.0,2,1798747844,2,1,5120.0,64,12,5196.0,0.02642822265625,0.007479660212993622,21.261180877685547,0.9408566951751709,0.2182844877243042,0.009207599243381992
oracle_gate,0860.png,eac29d623ecfab9e2299c04b49e5da3f282a576eb7f9107d0b88076c972ac3ef,10.0,2,1798747844,3,2,6144.0,96,12,6252.0,0.03179931640625,0.007428750395774841,21.290843963623047,0.9411413669586182,0.2180858999490738,0.009207599243381992
oracle_gate,0860.png,eac29d623ecfab9e2299c04b49e5da3f282a576eb7f9107d0b88076c972ac3ef,10.0,2,1798747844,4,1,5120.0,64,12,5196.0,0.02642822265625,0.008474625647068024,20.718795776367188,0.9284160137176514,0.22706471383571625,0.008746518244151957
oracle_gate,0860.png,eac29d623ecfab9e2299c04b49e5da3f282a576eb7f9107d0b88076c972ac3ef,10.0,2,1798747844,5,2,6144.0,96,12,6252.0,0.03179931640625,0.008432220667600632,20.740581512451172,0.9286454916000366,0.22719140350818634,0.008746518244151957
oracle_gate,0860.png,eac29d623ecfab9e2299c04b49e5da3f282a576eb7f9107d0b88076c972ac3ef,10.0,2,1798747844,6,2,6144.0,96,12,6252.0,0.03179931640625,0.008378507569432259,20.768333435058594,0.9296078681945801,0.225504070520401,0.008746518244151957
oracle_gate,0860.png,eac29d623ecfab9e2299c04b49e5da3f282a576eb7f9107d0b88076c972ac3ef,10.0,2,1798747844,7,3,7168.0,128,12,7308.0,0.03717041015625,0.008345777168869972,20.78533363342285,0.9297587275505066,0.2255467027425766,0.008746518244151957
oracle_gate,0860.png,eac29d623ecfab9e2299c04b49e5da3f282a576eb7f9107d0b88076c972ac3ef,10.0,2,1798747844,8,1,5120.0,64,12,5196.0,0.02642822265625,0.00774430250748992,21.11017608642578,0.9370243549346924,0.22148141264915466,0.00923960049112793
oracle_gate,0860.png,eac29d623ecfab9e2299c04b49e5da3f282a576eb7f9107d0b88076c972ac3ef,10.0,2,1798747844,9,2,6144.0,96,12,6252.0,0.03179931640625,0.00769663043320179,21.136993408203125,0.9372047185897827,0.22167624533176422,0.00923960049112793
oracle_gate,0860.png,eac29d623ecfab9e2299c04b49e5da3f282a576eb7f9107d0b88076c972ac3ef,10.0,2,1798747844,10,2,6144.0,96,12,6252.0,0.03179931640625,0.007665292825549841,21.154712677001953,0.9379507899284363,0.2201928049325943,0.00923960049112793
oracle_gate,0860.png,eac29d623ecfab9e2299c04b49e5da3f282a576eb7f9107d0b88076c972ac3ef,10.0,2,1798747844,11,3,7168.0,128,12,7308.0,0.03717041015625,0.007625247351825237,21.177461624145508,0.938077449798584,0.22039559483528137,0.00923960049112793
oracle_gate,0860.png,eac29d623ecfab9e2299c04b49e5da3f282a576eb7f9107d0b88076c972ac3ef,10.0,2,1798747844,12,2,6144.0,96,12,6252.0,0.03179931640625,0.008457662537693977,20.72749900817871,0.9284236431121826,0.2265458106994629,0.009062612502020784
oracle_gate,0860.png,eac29d623ecfab9e2299c04b49e5da3f282a576eb7f9107d0b88076c972ac3ef,10.0,2,1798747844,13,3,7168.0,128,12,7308.0,0.03717041015625,0.008413556031882763,20.750205993652344,0.9286683797836304,0.22664229571819305,0.009062612502020784
oracle_gate,0860.png,eac29d623ecfab9e2299c04b49e5da3f282a576eb7f9107d0b88076c972ac3ef,10.0,2,1798747844,14,3,7168.0,128,12,7308.0,0.03717041015625,0.00836915709078312,20.773183822631836,0.9294818639755249,0.22517845034599304,0.009062612502020784
oracle_gate,0860.png,eac29d623ecfab9e2299c04b49e5da3f282a576eb7f9107d0b88076c972ac3ef,10.0,2,1798747844,15,4,8192.0,160,12,8364.0,0.04254150390625,0.00833522155880928,20.790828704833984,0.9296354055404663,0.22521403431892395,0.009062612502020784
oracle_gate,0860.png,eac29d623ecfab9e2299c04b49e5da3f282a576eb7f9107d0b88076c972ac3ef,10.0,3,3843191881,0,0,4096.0,32,10,4138.0,0.021046956380208332,0.007420758716762066,21.295516967773438,0.9456281661987305,0.2073560208082199,0.008930297990445979
oracle_gate,0860.png,eac29d623ecfab9e2299c04b49e5da3f282a576eb7f9107d0b88076c972ac3ef,10.0,3,3843191881,1,1,5120.0,64,12,5196.0,0.02642822265625,0.007251282688230276,21.39585304260254,0.9464730620384216,0.20802181959152222,0.008930297990445979
oracle_gate,0860.png,eac29d623ecfab9e2299c04b49e5da3f282a576eb7f9107d0b88076c972ac3ef,10.0,3,3843191881,2,1,5120.0,64,12,5196.0,0.02642822265625,0.007582417689263821,21.201923370361328,0.9443594813346863,0.20841985940933228,0.008930297990445979
oracle_gate,0860.png,eac29d623ecfab9e2299c04b49e5da3f282a576eb7f9107d0b88076c972ac3ef,10.0,3,3843191881,3,2,6144.0,96,12,6252.0,0.03179931640625,0.00722242658957839,21.413169860839844,0.9466609954833984,0.20712842047214508,0.008930297990445979
oracle_gate,0860.png,eac29d623ecfab9e2299c04b49e5da3f282a576eb7f9107d0b88076c972ac3ef,10.0,3,3843191881,4,1,5120.0,64,12,5196.0,0.02642822265625,0.007621590048074722,21.17954444885254,0.9443351030349731,0.20918968319892883,0.009096119756577536
oracle_gate,0860.png,eac29d623ecfab9e2299c04b49e5da3f282a576eb7f9107d0b88076c972ac3ef,10.0,3,3843191881,5,2,6144.0,96,12,6252.0,0.03179931640625,0.007229750510305166,21.408767700195312,0.9468001127243042,0.20820951461791992,0.009096119756577536
oracle_gate,0860.png,eac29d623ecfab9e2299c04b49e5da3f282a576eb7f9107d0b88076c972ac3ef,10.0,3,3843191881,6,2,6144.0,96,12,6252.0,0.03179931640625,0.007584319915622473,21.20083236694336,0.9445887804031372,0.20813825726509094,0.009096119756577536
oracle_gate,0860.png,eac29d623ecfab9e2299c04b49e5da3f282a576eb7f9107d0b88076c972ac3ef,10.0,3,3843191881,7,3,7168.0,128,12,7308.0,0.03717041015625,0.007202731445431709,21.42502784729004,0.9469680190086365,0.20736895501613617,0.009096119756577536
oracle_gate,0860.png,eac29d623ecfab9e2299c04b49e5da3f282a576eb7f9107d0b88076c972ac3ef,10.0,3,3843191881,8,1,5120.0,64,12,5196.0,0.02642822265625,0.007562301121652126,21.213459014892578,0.944337010383606,0.2100507616996765,0.009425601499970071
oracle_gate,0860.png,eac29d623ecfab9e2299c04b49e5da3f282a576eb7f9107d0b88076c972ac3ef,10.0,3,3843191881,9,2,6144.0,96,12,6252.0,0.03179931640625,0.007194608449935913,21.429929733276367,0.946704626083374,0.20860618352890015,0.009425601499970071
oracle_gate,0860.png,eac29d623ecfab9e2299c04b49e5da3f282a576eb7f9107d0b88076c972ac3ef,10.0,3,3843191881,10,2,6144.0,96,12,6252.0,0.03179931640625,0.007530828472226858,21.2315731048584,0.9445151686668396,0.20927925407886505,0.009425601499970071
oracle_gate,0860.png,eac29d623ecfab9e2299c04b49e5da3f282a576eb7f9107d0b88076c972ac3ef,10.0,3,3843191881,11,3,7168.0,128,12,7308.0,0.03717041015625,0.0071738241240382195,21.442493438720703,0.946800947189331,0.20794712007045746,0.009425601499970071
oracle_gate,0860.png,eac29d623ecfab9e2299c04b49e5da3f282a576eb7f9107d0b88076c972ac3ef,10.0,3,3843191881,12,2,6144.0,96,12,6252.0,0.03179931640625,0.007571570575237274,21.208141326904297,0.9445362091064453,0.20986966788768768,0.009460613000555895
oracle_gate,0860.png,eac29d623ecfab9e2299c04b49e5da3f282a576eb7f9107d0b88076c972ac3ef,10.0,3,3843191881,13,3,7168.0,128,12,7308.0,0.03717041015625,0.007182061672210693,21.437509536743164,0.9469806551933289,0.20891697704792023,0.009460613000555895
oracle_gate,0860.png,eac29d623ecfab9e2299c04b49e5da3f282a576eb7f9107d0b88076c972ac3ef,10.0,3,3843191881,14,3,7168.0,128,12,7308.0,0.03717041015625,0.00754307396709919,21.224517822265625,0.944693922996521,0.20908519625663757,0.009460613000555895
oracle_gate,0860.png,eac29d623ecfab9e2299c04b49e5da3f282a576eb7f9107d0b88076c972ac3ef,10.0,3,3843191881,15,4,8192.0,160,12,8364.0,0.04254150390625,0.007161635905504227,21.449878692626953,0.947070300579071,0.20826569199562073,0.009460613000555895
