step,loss,grad_norm,lr,elapsed_s
1,0.0017810601275414228,0.0010087961563840508,1.9999999306043452e-05,1.4137775897979736
2,0.0024128525983542204,0.0044165742583572865,3.9999994448347814e-05,1.6878209114074707
3,0.0015357721131294966,0.00028878386365249753,5.9999981263175064e-05,1.9564366340637207
4,0.0008844842668622732,0.00033764910767786205,7.999995558678933e-05,2.2209630012512207
5,0.002032823860645294,0.0008009041775949299,9.999991325545793e-05,2.4850707054138184
6,0.0013627447187900543,0.0006983368657529354,0.00011999985010545252,2.746466636657715
7,0.0016687990864738822,0.0003941507311537862,0.00013999976197305,3.0156466960906982
8,0.002067399676889181,0.0005922709824517369,0.0001599996446945338,3.2820615768432617
9,0.0010220044059678912,0.0006788912578485906,0.00017999949410619473,3.550997018814087
10,0.0028328499756753445,0.0025010276585817337,0.00019999930604433237,3.8151402473449707
11,0.002177146729081869,0.0015910917427390814,0.00021999907634525563,4.0728936195373535
12,0.00218376237899065,0.0013935572933405638,0.00023999880084528438,4.2972166538238525
13,0.0013857462909072638,0.0007399394526146352,0.0002599984753807501,4.564419984817505
14,0.001102855196222663,0.0008167509222403169,0.0002799980957879972,4.828305959701538
15,0.0021499828435480595,0.0017427062848582864,0.00029999765790338393,5.094330549240112
16,0.0013147995341569185,0.0005723449867218733,0.00031999715756328374,5.360071659088135
17,0.0024300809018313885,0.0006168738473206758,0.0003399965906040858,5.624957084655762
18,0.001339143025688827,0.0017583451699465513,0.00035999595286219653,5.890140771865845
19,0.004351916257292032,0.001581651042215526,0.00037999524017404075,6.152588844299316
20,0.0014793317532166839,0.0010100820800289512,0.00039999444837606217,6.422982931137085
21,0.002714890753850341,0.0010301106376573443,0.00041999357330472516,6.690419912338257
22,0.0017450014129281044,0.00041514792246744037,0.0004399926107965153,6.955963850021362
23,0.002135839778929949,0.0011077923700213432,0.0004599915566879408,7.217412710189819
24,0.0016173770418390632,0.0006408147164620459,0.00047999040681553315,7.481134653091431
25,0.0027921805158257484,0.002984721912071109,0.0004999891570158488,7.7470481395721436
26,0.005407078191637993,0.8226727247238159,0.0005199878031254697,8.007041931152344
27,0.0020132935605943203,0.003078297944739461,0.0005399863409810044,8.246288776397705
28,0.0018084330949932337,0.0007475423044525087,0.0005599847664190897,8.492328405380249
29,0.0009127035737037659,0.000446662656031549,0.0005799830752763905,8.753437757492065
30,0.0014223180478438735,0.001855124020949006,0.0005999812633896029,9.018815517425537
31,0.0006980837788432837,0.001238341792486608,0.0006199793265954528,9.282737493515015
32,0.0018298437353223562,0.0010190706234425306,0.0006399772607306991,9.547640085220337
33,0.0013822631444782019,0.0008736493764445186,0.0006599750616321332,9.80705976486206
34,0.002283445093780756,0.002139332704246044,0.0006799727251365812,10.07119083404541
35,0.0016253804787993431,0.000992347369901836,0.0006999702470809043,10.333008050918579
36,0.0014426152920350432,0.0019529638811945915,0.000719967623302,10.594830989837646
37,0.0008962795836851001,0.00026997964596375823,0.0007399648496368039,10.861666440963745
38,0.001534556387923658,0.0008765264065004885,0.0007599619219222892,11.121442317962646
39,0.002280154963955283,0.0014591626822948456,0.0007799588359954693,11.383751392364502
40,0.002211044542491436,0.0026714990381151438,0.0007999555876933978,11.648139715194702
41,0.0014241778990253806,0.0010139299556612968,0.0008199521728531707,11.915161371231079
42,0.0022451996337622404,0.0020824612583965063,0.0008399485873119262,12.18159008026123
43,0.0029830546118319035,0.002891806187108159,0.0008599448269068467,12.410528421401978
44,0.0020713829435408115,0.0031998332124203444,0.0008799408874751593,12.657299518585205
45,0.0007711421931162477,0.0013701529242098331,0.0008999367648541374,12.92048692703247
46,0.0021047734189778566,0.0010103619424626231,0.0009199324548811011,13.18569278717041
47,0.0017545409500598907,0.0007145851850509644,0.0009399279533934193,13.445704460144043
48,0.001173510099761188,0.0021952250972390175,0.0009599232562285094,13.710411310195923
49,0.0019712699577212334,0.0006431930232793093,0.0009799183592238397,13.976969480514526
50,0.0015446108300238848,0.0002778051421046257,0.0009999132582169292,14.242653369903564
51,0.001715347170829773,0.001513108378276229,0.0009999097539660294,14.508094072341919
52,0.0006241907249204814,0.001022519776597619,0.0009999061803333915,14.766587972640991
53,0.0011659838492050767,0.0009477631538175046,0.0009999025373195669,15.030873775482178
54,0.0019129442516714334,0.0017897312063723803,0.0009998988249251169,15.294158458709717
55,0.0006470571970567107,0.0004327497736085206,0.0009998950431506146,15.55563473701477
56,0.0008716123993508518,0.000692680710926652,0.000999891191996643,15.822437524795532
57,0.0018179991748183966,0.0012594257714226842,0.0009998872714637955,16.084238052368164
58,0.0022069793194532394,0.0016215305076912045,0.0009998832815526775,16.3487389087677
59,0.0008438917575404048,0.0005261329934000969,0.0009998792222639036,16.58827304840088
60,0.002509844023734331,0.002530982717871666,0.0009998750935981003,16.829487085342407
61,0.0017263119807466865,0.0019075039308518171,0.000999870895555904,17.095341205596924
62,0.0008802126394584775,0.0011973310029134154,0.000999866628137962,17.36142325401306
63,0.0005317159811966121,0.0007046518148854375,0.0009998622913449328,17.621772289276123
64,0.0016383789479732513,0.0009825233137235045,0.000999857885177485,17.887768745422363
65,0.0009013760718517005,0.0016211930196732283,0.000999853409636298,18.1518874168396
66,0.001224091975018382,0.0006483061006292701,0.000999848864722062,18.410579204559326
67,0.0022120249923318624,0.0020106283482164145,0.0009998442504354779,18.674121618270874
68,0.0022274632938206196,0.0007718606502749026,0.000999839566777257,18.938725471496582
69,0.0021560420282185078,0.0006868390482850373,0.0009998348137481223,19.19951319694519
70,0.0034167910926043987,0.003960646688938141,0.0009998299913488063,19.465235948562622
71,0.003454802557826042,0.0010139361256733537,0.0009998250995800525,19.730251789093018
72,0.002307194983586669,0.0007678610272705555,0.0009998201384426155,20.001140594482422
73,0.0016830114182084799,0.0011891606263816357,0.0009998151079372603,20.26633310317993
74,0.002565600909292698,0.0016302403528243303,0.000999810008064763,20.533173084259033
75,0.0023302247282117605,0.0012544903438538313,0.0009998048388259095,20.750293254852295
76,0.0011420988012105227,0.0007262984872795641,0.0009997996002214975,20.98715043067932
77,0.001253972644917667,0.0018012243090197444,0.0009997942922523346,21.245590925216675
78,0.0004863920039497316,0.0003515330026857555,0.0009997889149192393,21.51191258430481
79,0.0017147286562249064,0.0005582059384323657,0.0009997834682230408,21.7740638256073
80,0.0007882700301706791,0.0009075422422029078,0.0009997779521645793,22.030364274978638
81,0.00115196593105793,0.0020444542169570923,0.0009997723667447053,22.297338485717773
82,0.0018018720438703895,0.001199563848786056,0.00099976671196428,22.563891410827637
83,0.0020130593329668045,0.0009066021302714944,0.0009997609878241757,22.83132529258728
84,0.0021313712932169437,0.000991950510069728,0.000999755194325275,23.098249435424805
85,0.0016560311196371913,0.000661526748444885,0.0009997493314684715,23.36354970932007
86,0.001830476219765842,0.0005674381973221898,0.000999743399254669,23.631120920181274
87,0.0019975854083895683,0.0005698957247659564,0.0009997373976847826,23.893494367599487
88,0.001988779054954648,0.0009674415341578424,0.0009997313267597378,24.159379243850708
89,0.001905140234157443,0.0016344609903171659,0.0009997251864804707,24.420727252960205
90,0.0009852413786575198,0.0005968314362689853,0.0009997189768479282,24.68242049217224
91,0.0034131715074181557,0.0006399002741090953,0.000999712697863068,24.92273235321045
92,0.0009104512864723802,0.0005080304690636694,0.0009997063495268581,25.172268629074097
93,0.001650066114962101,0.0005033363704569638,0.000999699931840278,25.43442463874817
94,0.0032041766680777073,0.0007816480938345194,0.0009996934448043171,25.70195245742798
95,0.0009719609515741467,0.0013539624633267522,0.0009996868884199759,25.968085765838623
96,0.0010734405368566513,0.0009103600750677288,0.0009996802626882652,26.23430585861206
97,0.0028164878021925688,0.0043864380568265915,0.000999673567610207,26.496999263763428
98,0.0017487071454524994,0.001077864202670753,0.0009996668031868338,26.763954877853394
99,0.0019310115603730083,0.001146081369370222,0.0009996599694191886,27.028769493103027
100,0.0010913584847003222,0.00019929745758417994,0.0009996530663083255,27.28975224494934
101,0.002886469941586256,0.0006718360236845911,0.0009996460938553086,27.985389947891235
102,0.0010110503062605858,0.0005650768871419132,0.0009996390520612137,28.251544952392578
103,0.0014220189768821,0.000382639147574082,0.000999631940927126,28.460596084594727
104,0.00394926592707634,0.000980137032456696,0.000999624760454143,28.720432996749878
105,0.002353176474571228,0.0006638384656980634,0.0009996175106433715,28.985170364379883
106,0.002909859176725149,0.0018655091989785433,0.0009996101914959297,29.242286443710327
107,0.001752711832523346,0.0009102163021452725,0.0009996028030129461,29.506146669387817
108,0.0010329484939575195,0.00030503227026201785,0.0009995953451955603,29.771403551101685
109,0.0013671716442331672,0.00021155821741558611,0.000999587818044922,30.038321495056152
110,0.0018033746164292097,0.0017472568433731794,0.0009995802215621928,30.296169996261597
111,0.0012185671366751194,0.0003518050361890346,0.0009995725557485435,30.561952352523804
112,0.0004317407729104161,0.0002801947121042758,0.0009995648206051562,30.826788902282715
113,0.0031804197933524847,0.0006027966155670583,0.000999557016133224,31.088295698165894
114,0.002488851547241211,0.0011813667370006442,0.0009995491423339504,31.354230642318726
115,0.002568870550021529,0.0007152350153774023,0.0009995411992085499,31.622870683670044
116,0.0011154401581734419,0.0002327768161194399,0.000999533186758247,31.887706756591797
117,0.0029259545262902975,0.000942233600653708,0.0009995251049842776,32.15614151954651
118,0.0006524940836243331,0.00034178575151599944,0.000999516953887888,32.42121744155884
119,0.003841819241642952,0.0006434733513742685,0.0009995087334703351,32.64129853248596
120,0.002222237642854452,0.0034330699127167463,0.0009995004437328865,32.906044006347656
121,0.0008624223410151899,0.0005876715295016766,0.0009994920846768207,33.168593645095825
122,0.0024985899217426777,0.0008707054075784981,0.0009994836563034268,33.431031942367554
123,0.0015716655179858208,0.000557853258214891,0.0009994751586140046,33.69759726524353
124,0.0017137987306341529,0.0004325994523242116,0.0009994665916098645,33.96163845062256
125,0.0016011279076337814,0.0005483995191752911,0.0009994579552923277,34.22868752479553
126,0.0036046828608959913,0.0006195500027388334,0.0009994492496627257,34.49665880203247
127,0.0012076999992132187,0.0003798046091105789,0.0009994404747224015,34.76191568374634
128,0.0027673232834786177,0.0006220961804501712,0.000999431630472708,35.02782416343689
129,0.0023494630586355925,0.0011631917441263795,0.000999422716915009,35.29270887374878
130,0.002305493224412203,0.00045163952745497227,0.0009994137340506794,35.562257289886475
131,0.0011521759442985058,0.0003389239718671888,0.0009994046818811043,35.82994723320007
132,0.003243762766942382,0.001752247684635222,0.0009993955604076798,36.095866203308105
133,0.0006644061068072915,0.0005718934116885066,0.0009993863696318125,36.36235523223877
134,0.0010729087516665459,0.004578969907015562,0.0009993771095549193,36.598612546920776
135,0.0015394301153719425,0.0005425901617854834,0.0009993677801784287,36.84466242790222
136,0.0025005973875522614,0.0003872033266816288,0.0009993583815037794,37.10813069343567
137,0.00225335406139493,0.0011434685438871384,0.0009993489135324207,37.37044596672058
138,0.00299442233517766,0.0004898415645584464,0.0009993393762658127,37.630905628204346
139,0.0018936626147478819,0.0005593540263362229,0.0009993297697054257,37.89263415336609
140,0.0019230903126299381,0.0006827040924690664,0.0009993200938527421,38.15989589691162
141,0.0012935074046254158,0.0008611770463176072,0.0009993103487092533,38.427488803863525
142,0.0011183649767190218,0.00041426930692978203,0.0009993005342764623,38.69410514831543
143,0.001184190041385591,0.0003405744500923902,0.000999290650555883,38.95909786224365
144,0.0016300384886562824,0.0026946887373924255,0.0009992806975490389,39.224358797073364
145,0.0008770087151788175,0.0003840182616841048,0.0009992706752574652,39.48638582229614
146,0.0015633556758984923,0.000618135032709688,0.0009992605836827075,39.747796297073364
147,0.000390697387047112,0.0001548378204461187,0.0009992504228263223,40.01303768157959
148,0.0011748461984097958,0.0003606895625125617,0.000999240192689876,40.27561092376709
149,0.0010346494382247329,0.0007549399742856622,0.0009992298932749465,40.540449142456055
150,0.0017336350865662098,0.00309124868363142,0.0009992195245831224,40.76094651222229
151,0.00101385242305696,0.0005414635525085032,0.000999209086616002,41.025227546691895
152,0.0012571022380143404,0.0010294991079717875,0.0009991985793751954,41.284860372543335
153,0.0021228636614978313,0.0011948365718126297,0.0009991880028623228,41.55091309547424
154,0.0015234115999192,0.001037789392285049,0.0009991773570790154,41.81208634376526
155,0.0017469351878389716,0.0006410121568478644,0.000999166642026915,42.077945709228516
156,0.0028077508322894573,0.0017310503171756864,0.0009991558577076736,42.3398597240448
157,0.001059848116710782,0.00030826940201222897,0.0009991450041229547,42.608074426651
158,0.0014463927363976836,0.00048747265827842057,0.0009991340812744315,42.87124800682068
159,0.0012145426589995623,0.000827388372272253,0.000999123089163789,43.13945817947388
160,0.002519595203921199,0.0007506983238272369,0.0009991120277927223,43.40221309661865
161,0.001697339816018939,0.0012234413297846913,0.0009991008971629368,43.666722774505615
162,0.0020983703434467316,0.0011620373697951436,0.0009990896972761492,43.93265914916992
163,0.001793766743503511,0.0006379522965289652,0.0009990784281340868,44.190685510635376
164,0.0015315578784793615,0.0003554756985977292,0.0009990670897384872,44.45551013946533
165,0.002905552741140127,0.0007250625640153885,0.0009990556820910989,44.72079396247864
166,0.002535624196752906,0.0016373749822378159,0.0009990442051936816,44.92912578582764
167,0.0013706204481422901,0.00026389205595478415,0.0009990326590480047,45.19489932060242
168,0.0013107475824654102,0.0004012349818367511,0.0009990210436558488,45.46337890625
169,0.0017470824532210827,0.0008278472814708948,0.000999009359019005,45.72397255897522
170,0.0013403658522292972,0.0005086799501441419,0.0009989976051392757,45.988545656204224
171,0.0011794243473559618,0.0007954532629810274,0.0009989857820184732,46.25300168991089
172,0.001226553926244378,0.000289443094516173,0.000998973889658421,46.516881704330444
173,0.0008198594441637397,0.00032305880449712276,0.0009989619280609526,46.775978326797485
174,0.002321452833712101,0.0002628211514092982,0.0009989498972279127,47.04174995422363
175,0.0011782243382185698,0.0004433936846908182,0.0009989377971611573,47.30486464500427
176,0.0008237678557634354,0.0018479072023183107,0.0009989256278625513,47.57063007354736
177,0.0014802091754972935,0.0012795416405424476,0.0009989133893339723,47.83488345146179
178,0.0028069717809557915,0.0008204165496863425,0.0009989010815773071,48.104575395584106
179,0.0021591053809970617,0.0009277994395233691,0.000998888704594454,48.3681526184082
180,0.0017164188902825117,0.0011824826942756772,0.0009988762583873216,48.636143922805786
181,0.0037782923318445683,0.002814261242747307,0.0009988637429578292,48.90264892578125
182,0.0010672641219571233,0.00022636596986558288,0.0009988511583079065,49.11621308326721
183,0.002140542957931757,0.0005359132774174213,0.000998838504439495,49.386353969573975
184,0.002072892850264907,0.0005375118344090879,0.0009988257813545458,49.64788794517517
185,0.0020011630840599537,0.0003343269636388868,0.0009988129890550204,49.9119291305542
186,0.0031809580978006124,0.5208654999732971,0.0009988001275428923,50.172638177871704
187,0.001714447746053338,0.0014984554145485163,0.0009987871968201443,50.434446811676025
188,0.0035322268959134817,0.0028412253595888615,0.0009987741968887707,50.69789218902588
189,0.0023903080727905035,0.005481995642185211,0.0009987611277507765,50.95923590660095
190,0.003809453919529915,0.02425536699593067,0.0009987479894081768,51.22125864028931
191,0.0028323992155492306,0.005268317647278309,0.0009987347818629978,51.487181186676025
192,0.004588286858052015,0.043305229395627975,0.0009987215051172763,51.752601623535156
193,0.002317605074495077,0.004677278455346823,0.0009987081591730598,52.02123165130615
194,0.0025112112052738667,0.014409881085157394,0.000998694744032406,52.28537201881409
195,0.00380428833886981,0.01976071111857891,0.0009986812596973847,52.553255558013916
196,0.002471892861649394,0.009652981534600258,0.000998667706170074,52.81224298477173
197,0.0012775276554748416,0.00999134499579668,0.000998654083452565,53.0761833190918
198,0.0009707175195217133,0.019660495221614838,0.0009986403915469581,53.29618310928345
199,0.0020351652055978775,0.00215745996683836,0.000998626630455365,53.56165790557861
200,0.0025986575055867434,0.003976786974817514,0.0009986128001799076,53.82241177558899
201,0.0018407076131552458,0.0027290976140648127,0.000998598900722719,55.97647166252136
202,0.0011778231710195541,0.001432776334695518,0.0009985849320859421,56.24167561531067
203,0.0011214361293241382,0.002891850657761097,0.0009985708942717316,56.50443720817566
204,0.0014494335046038032,0.002935039112344384,0.000998556787282252,56.771183013916016
205,0.0013505968963727355,0.0012905471958220005,0.000998542611119679,57.033005237579346
206,0.0038296617567539215,0.0034935653675347567,0.0009985283657861985,57.29690074920654
207,0.001072972547262907,0.0031379342544823885,0.0009985140512840075,57.56399941444397
208,0.0015113659901544452,0.0014396894257515669,0.0009984996676153134,57.824108600616455
209,0.003424688708037138,0.36143404245376587,0.0009984852147823344,58.0899133682251
210,0.010457674972712994,0.6587134003639221,0.0009984706927872993,58.35427904129028
211,0.037094976752996445,0.24695543944835663,0.0009984561016324475,58.6186089515686
212,0.01567566767334938,0.4857295751571655,0.0009984414413200292,58.88474440574646
213,0.004142048768699169,0.03561360016465187,0.0009984267118523051,59.152976274490356
214,0.022869136184453964,0.35706496238708496,0.0009984119132315469,59.41995692253113
215,0.014087757095694542,0.31524384021759033,0.0009983970454600364,59.68463730812073
216,0.01592077687382698,1.962691307067871,0.0009983821085400666,59.95068407058716
217,0.0021674404852092266,0.013778271153569221,0.000998367102473941,60.15242028236389
218,0.011238547042012215,0.07637450098991394,0.0009983520272639737,60.417343616485596
219,0.0028722616843879223,0.00607316056266427,0.0009983368829124895,60.68229675292969
220,0.019454052671790123,0.17436161637306213,0.0009983216694218235,60.951879262924194
221,0.0176229327917099,0.38359174132347107,0.0009983063867943225,61.2113196849823
222,0.007212241180241108,0.11162777990102768,0.0009982910350323426,61.47150778770447
223,0.005776968784630299,0.03434521704912186,0.0009982756141382516,61.734071493148804
224,0.009026097133755684,0.15924611687660217,0.0009982601241144277,61.99690103530884
225,0.013025445863604546,0.8919545412063599,0.0009982445649632592,62.25633668899536
226,0.017548860982060432,0.284732848405838,0.000998228936687146,62.520106077194214
227,0.00496540404856205,0.04838654771447182,0.0009982132392884978,62.780205488204956
228,0.0069460561498999596,0.06181785464286804,0.0009981974727697356,63.04723501205444
229,0.015330757945775986,0.31512027978897095,0.0009981816371332907,63.31404781341553
230,0.007888911291956902,0.15452268719673157,0.000998165732381605,63.58712697029114
231,0.0069915782660245895,0.04981335997581482,0.0009981497585171317,63.85704183578491
232,0.01204109936952591,0.24889317154884338,0.0009981337155423335,64.12183904647827
233,0.014506697654724121,0.15282514691352844,0.000998117603459685,64.33685493469238
234,0.014413530938327312,0.498129278421402,0.0009981014222716705,64.60472393035889
235,0.01049898099154234,0.09685610979795456,0.0009980851719807854,64.8733856678009
236,0.039053045213222504,1.0732909440994263,0.0009980688525895363,65.13962578773499
237,0.049688950181007385,0.2161886990070343,0.0009980524641004388,65.40395045280457
238,0.010353900492191315,0.061076242476701736,0.000998036006516021,65.67057347297668
239,0.02228490635752678,0.2150348275899887,0.0009980194798388203,65.93627619743347
240,0.013462819159030914,0.5054892301559448,0.000998002884071386,66.19779348373413
241,0.026332972571253777,2.905024766921997,0.000997986219216277,66.4666678905487
242,0.03652622923254967,0.6289182305335999,0.000997969485276063,66.72614622116089
243,0.007919284515082836,0.05753854289650917,0.000997952682253325,66.99102449417114
244,0.009478965774178505,0.027327531948685646,0.0009979358101506542,67.25317907333374
245,0.007863050326704979,0.04912545904517174,0.0009979188689706521,67.51904344558716
246,0.008753351867198944,0.4775940477848053,0.000997901858715932,67.78332018852234
247,0.004148322623223066,0.07945233583450317,0.000997884779389116,68.04626274108887
248,0.004944530315697193,0.20051419734954834,0.0009978676309928389,68.30459356307983
249,0.020886193960905075,0.0621471107006073,0.0009978504135297445,68.52088713645935
250,0.02318413183093071,0.46331533789634705,0.0009978331270024887,68.78729724884033
251,0.005252874456346035,0.03742200881242752,0.0009978157714137365,69.05080938339233
252,0.004893863573670387,0.03351268172264099,0.0009977983467661653,69.31219387054443
253,0.0056854295544326305,0.0597149096429348,0.0009977808530624611,69.57628226280212
254,0.0071120611391961575,0.023226341232657433,0.0009977632903053224,69.83834052085876
255,0.06508351862430573,0.457297146320343,0.0009977456584974573,70.10297560691833
256,0.003622559830546379,0.05633329227566719,0.0009977279576415853,70.36297082901001
257,0.010306906886398792,0.26806965470314026,0.0009977101877404351,70.62689113616943
258,0.002365243388339877,0.01886570081114769,0.000997692348796748,70.89461159706116
259,0.004456182476133108,0.008274661377072334,0.0009976744408132748,71.157053232193
260,0.03224228322505951,0.3233491778373718,0.000997656463792777,71.4201147556305
261,0.006328854244202375,0.03693061321973801,0.0009976384177380266,71.68347811698914
262,0.003413963597267866,0.07604630291461945,0.000997620302651807,71.95028686523438
263,0.007644033990800381,0.4556468427181244,0.0009976021185369116,72.21508765220642
264,0.0015146536752581596,0.032433412969112396,0.0009975838653961445,72.4729597568512
265,0.004670178517699242,0.16987745463848114,0.0009975655432323208,72.68845129013062
266,0.008533237501978874,0.14265482127666473,0.0009975471520482658,72.95156073570251
267,0.004161417484283447,0.012726830318570137,0.0009975286918468156,73.2152361869812
268,0.009566513821482658,0.0343250073492527,0.0009975101626308173,73.4776041507721
269,0.002877814695239067,0.007418053690344095,0.000997491564403128,73.74014711380005
270,0.0020751571282744408,0.006620991043746471,0.0009974728971666163,74.00353479385376
271,0.0023497396614402533,0.007759671658277512,0.0009974541609241601,74.26508617401123
272,0.002198433503508568,0.00670425733551383,0.0009974353556786496,74.53161120414734
273,0.00405711866915226,0.015610991045832634,0.000997416481432984,74.7942066192627
274,0.002330886200070381,0.007972109131515026,0.0009973975381900749,75.05544710159302
275,0.003653320949524641,0.03558576479554176,0.0009973785259528426,75.3188464641571
276,0.006146291270852089,0.006881542969495058,0.0009973594447242199,75.58606791496277
277,0.0013964533573016524,0.00421893922612071,0.0009973402945071487,75.8465986251831
278,0.0028287842869758606,0.007041702512651682,0.0009973210753045825,76.11301755905151
279,0.004926213528960943,0.017145352438092232,0.000997301787119485,76.37527441978455
280,0.00304142152890563,0.01353216078132391,0.000997282429954831,76.64393186569214
281,0.004549815319478512,0.07346053421497345,0.0009972630038136052,76.86549735069275
282,0.003988247364759445,0.010201964527368546,0.0009972435086988037,77.12613844871521
283,0.002264294307678938,0.019512653350830078,0.0009972239446134324,77.39214563369751
284,0.011426649987697601,7.789527893066406,0.000997204311560509,77.65330791473389
285,0.001595419249497354,0.1044141948223114,0.000997184609543061,77.91799998283386
286,0.0032926942221820354,0.030124101787805557,0.0009971648385641262,78.187166929245
287,0.0018798010423779488,0.016928521916270256,0.000997144998626754,78.45175385475159
288,0.0036953024100512266,0.05785722658038139,0.0009971250897340038,78.71573138237
289,0.005702185444533825,0.09125331044197083,0.0009971051118889459,78.98412919044495
290,0.007356535643339157,0.16466818749904633,0.000997085065094661,79.24904084205627
291,0.0027847285382449627,0.11067995429039001,0.0009970649493542406,79.51659989356995
292,0.006157256197184324,0.7746617794036865,0.000997044764670787,79.78525948524475
293,0.00944320298731327,0.6582565307617188,0.0009970245110474127,80.05101227760315
294,0.0033448596950620413,0.08448293060064316,0.0009970041884872411,80.31647992134094
295,0.0018408491741865873,0.059474293142557144,0.0009969837969934063,80.58074164390564
296,0.01767912693321705,0.6792157888412476,0.0009969633365690526,80.84241819381714
297,0.007009010761976242,0.06919541209936142,0.000996942807217336,81.0673942565918
298,0.006895288825035095,0.2408335655927658,0.0009969222089414214,81.33577561378479
299,0.005666390992701054,0.09029658138751984,0.0009969015417444862,81.60305547714233
300,0.00487166503444314,0.045981958508491516,0.000996880805629717,81.86338424682617
301,0.005095526110380888,0.04140978306531906,0.0009968600006003115,82.59397602081299
302,0.007722282782196999,0.29374223947525024,0.0009968391266594785,82.8589859008789
303,0.008521594107151031,0.21831649541854858,0.000996818183810437,83.12534952163696
304,0.0030762716196477413,0.014798392541706562,0.0009967971720564162,83.40489625930786
305,0.005047841928899288,0.06094501540064812,0.0009967760914006568,83.66977453231812
306,0.0018227612599730492,0.05385678634047508,0.0009967549418464095,83.93680143356323
307,0.0022781684529036283,0.028881806880235672,0.000996733723396936,84.19426417350769
308,0.004634485580027103,0.011697642505168915,0.0009967124360555082,84.42284870147705
309,0.003798756282776594,0.07841363549232483,0.0009966910798254092,84.68864274024963
310,0.009970779530704021,0.2849845886230469,0.000996669654709932,84.94934010505676
311,0.0027121584862470627,0.018712611868977547,0.000996648160712381,85.2141182422638
312,0.001974209677428007,0.03525436669588089,0.0009966265978360708,85.47490787506104
313,0.0032490682788193226,0.007587761618196964,0.0009966049660843264,85.7382218837738
314,0.0029129867907613516,0.025911549106240273,0.0009965832654604838,86.00347471237183
315,0.0014902737457305193,0.025184279307723045,0.0009965614959678896,86.26946902275085
316,0.002846522955223918,0.008433542214334011,0.0009965396576099008,86.52591586112976
317,0.004079452715814114,0.01825239323079586,0.0009965177503898854,86.7923002243042
318,0.0021502389572560787,0.03780634328722954,0.0009964957743112215,87.05436253547668
319,0.0027695733588188887,0.023687968030571938,0.0009964737293772982,87.31958985328674
320,0.0022772173397243023,0.015548953786492348,0.000996451615591515,87.5848650932312
321,0.0011211833916604519,0.00487597705796361,0.0009964294329572823,87.85092568397522
322,0.002126587787643075,0.05863048508763313,0.000996407181478021,88.11835885047913
323,0.00506820110604167,0.07573910057544708,0.0009963848611571622,88.36505031585693
324,0.0015534651465713978,0.012374883517622948,0.0009963624719981482,88.59432363510132
325,0.003390510566532612,0.023749789223074913,0.0009963400140044318,88.85498142242432
326,0.003105839481577277,0.0208782609552145,0.000996317487179476,89.11880588531494
327,0.0012990705436095595,0.014509993605315685,0.000996294891526755,89.38229131698608
328,0.0026866120751947165,0.011912318877875805,0.0009962722270497534,89.64454674720764
329,0.0019144456600770354,0.008054151199758053,0.000996249493751966,89.90611362457275
330,0.003441684879362583,0.07560744881629944,0.0009962266916368988,90.17407965660095
331,0.0023332680575549603,0.022345688194036484,0.000996203820708068,90.43744492530823
332,0.00272342748939991,0.0036312660668045282,0.0009961808809690008,90.7048408985138
333,0.0034747901372611523,0.021011659875512123,0.0009961578724232347,90.97161293029785
334,0.003281655488535762,0.011857625097036362,0.0009961347950743179,91.23596358299255
335,0.002744195982813835,0.007153867743909359,0.0009961116489258092,91.50192594528198
336,0.001550590619444847,0.00301806116476655,0.000996088433981278,91.76450181007385
337,0.0016438893508166075,0.004638326819986105,0.0009960651502443044,92.03086400032043
338,0.0012934212572872639,0.00934474729001522,0.000996041797718479,92.29429793357849
339,0.0020213350653648376,0.008532367646694183,0.000996018376407403,92.53036737442017
340,0.004662149120122194,0.008178632706403732,0.0009959948863146888,92.76931881904602
341,0.0014836715999990702,0.0029457539785653353,0.0009959713274439578,93.03151774406433
342,0.004206947982311249,0.005935534834861755,0.0009959476997988442,93.30075716972351
343,0.0018443858716636896,0.3202061951160431,0.0009959240033829907,93.5675892829895
344,0.0019656240474432707,0.04644142836332321,0.0009959002382000524,93.82913303375244
345,0.0027475543320178986,0.0059663946740329266,0.0009958764042536938,94.09047937393188
346,0.002173404674977064,0.009524304419755936,0.0009958525015475903,94.35531759262085
347,0.0014320280170068145,0.010868752375245094,0.0009958285300854283,94.61710333824158
348,0.00106626539491117,0.01188901998102665,0.000995804489870904,94.87659764289856
349,0.0012921509332954884,0.022509047761559486,0.0009957803809077252,95.14390516281128
350,0.003173151984810829,0.055567506700754166,0.0009957562031996097,95.40973424911499
351,0.005144746508449316,0.1272604763507843,0.0009957319567502861,95.67135858535767
352,0.0046918559819459915,0.08591543883085251,0.000995707641563493,95.93802785873413
353,0.00262855994515121,0.020927034318447113,0.0009956832576429805,96.20445251464844
354,0.003355078399181366,0.027048982679843903,0.0009956588049925092,96.47339701652527
355,0.0035493820905685425,0.005171194672584534,0.0009956342836158494,96.69905090332031
356,0.0010253447107970715,0.00959793757647276,0.000995609693516783,96.94180536270142
357,0.0018628345569595695,0.004768155515193939,0.0009955850346991019,97.20764017105103
358,0.0017521611880511045,0.015303228050470352,0.000995560307166609,97.4694333076477
359,0.0033809803426265717,0.006314086727797985,0.0009955355109231173,97.7328052520752
360,0.001517545897513628,0.0057388171553611755,0.000995510645972451,97.99510478973389
361,0.0021494650281965733,0.011047793552279472,0.0009954857123184442,98.25788879394531
362,0.0018204351654276252,0.003888304578140378,0.0009954607099649426,98.52195596694946
363,0.002264200709760189,0.00935723353177309,0.0009954356389158014,98.78809952735901
364,0.0014603021554648876,0.010284329764544964,0.0009954104991748867,99.05355787277222
365,0.002278716303408146,0.017179712653160095,0.000995385290746076,99.31919050216675
366,0.003220965154469013,0.014476733282208443,0.0009953600136332562,99.58484697341919
367,0.0012242443626746535,0.02260446734726429,0.0009953346678403256,99.85139060020447
368,0.007118263281881809,0.10611414164304733,0.000995309253371193,100.11127805709839
369,0.0019207963487133384,0.007227878551930189,0.0009952837702297773,100.37350106239319
370,0.0019128480926156044,0.0062578595243394375,0.0009952582184200084,100.64127779006958
371,0.003561049699783325,0.012878713198006153,0.0009952325979458267,100.85867953300476
372,0.004280329681932926,0.009042861871421337,0.0009952069088111832,101.10284686088562
373,0.0020124753937125206,0.0029009408317506313,0.0009951811510200397,101.36622524261475
374,0.00190742127597332,0.01139153353869915,0.0009951553245763683,101.63279247283936
375,0.0014603191521018744,0.0026642358861863613,0.0009951294294841516,101.89800596237183
376,0.0018045417964458466,0.0053094532340765,0.0009951034657473827,102.15621829032898
377,0.0045629991218447685,0.023488806560635567,0.0009950774333700662,102.42182922363281
378,0.0018470827490091324,0.0022413083352148533,0.0009950513323562164,102.68862771987915
379,0.004920945968478918,0.008529057726264,0.000995025162709858,102.94948625564575
380,0.0021320288069546223,0.002632588380947709,0.0009949989244350272,103.21554803848267
381,0.000938665762078017,0.0038839697372168303,0.0009949726175357697,103.47848558425903
382,0.002716380637139082,0.013644874095916748,0.000994946242016143,103.745032787323
383,0.0007818706217221916,0.0039737955667078495,0.0009949197978802143,104.0097918510437
384,0.002571187447756529,0.006176210939884186,0.0009948932851320614,104.27870965003967
385,0.0026198606938123703,0.002577683189883828,0.000994866703775773,104.54407238960266
386,0.0053991032764315605,0.004597303457558155,0.0009948400538154485,104.80661201477051
387,0.0016601791139692068,0.0025546837132424116,0.0009948133352551973,105.02399277687073
388,0.0022715902887284756,0.004996655974537134,0.0009947865480991402,105.28958201408386
389,0.0011643446050584316,0.002874168334528804,0.0009947596923514075,105.55177474021912
390,0.0006732468027621508,0.0018842755816876888,0.0009947327680161413,105.81731867790222
391,0.0034206733107566833,0.004279713612049818,0.0009947057750974934,106.08041286468506
392,0.0016514769522473216,0.008595354855060577,0.0009946787135996264,106.34473943710327
393,0.0011160856811329722,0.003987959586083889,0.0009946515835267133,106.60881519317627
394,0.0015305769629776478,0.0055164676159620285,0.0009946243848829384,106.87322807312012
395,0.002508399076759815,0.004316853359341621,0.0009945971176724962,107.14108276367188
396,0.003652819199487567,0.003436410566791892,0.000994569781899591,107.40858602523804
397,0.001932003302499652,0.0016985543770715594,0.0009945423775684385,107.67317128181458
398,0.002562745474278927,0.004553467035293579,0.000994514904683265,107.93771743774414
399,0.001061012502759695,0.002407605526968837,0.0009944873632483071,108.20142960548401
400,0.0025580953806638718,0.0033199044410139322,0.0009944597532678121,108.46157884597778
401,0.0029200618155300617,0.0031062171328812838,0.0009944320747460374,110.67482113838196
402,0.0018613908905535936,0.0074529522098600864,0.000994404327687252,110.93751406669617
403,0.002296978374943137,0.0012961894972249866,0.0009943765120957345,111.20014595985413
404,0.0017756528686732054,0.0012708907015621662,0.0009943486279757744,111.46460437774658
405,0.005258467048406601,0.019181514158844948,0.0009943206753316718,111.73027563095093
406,0.0007911330903880298,0.0008612885139882565,0.0009942926541677375,111.94886136054993
407,0.004464977420866489,0.004262781701982021,0.0009942645644882924,112.21373724937439
408,0.0014274842105805874,0.0036806005518883467,0.0009942364062976686,112.48059105873108
409,0.0025201698299497366,0.0019789747893810272,0.0009942081796002083,112.73805546760559
410,0.0007132577593438327,0.001481766114011407,0.0009941798844002646,112.99926376342773
411,0.002018178813159466,0.0048414976336061954,0.0009941515207022005,113.2617449760437
412,0.0010660492116585374,0.0023237275891005993,0.0009941230885103906,113.52538967132568
413,0.0014770885463804007,0.004588305484503508,0.0009940945878292192,113.79210233688354
414,0.0015370275359600782,0.0041344985365867615,0.0009940660186630815,114.05434203147888
415,0.0008573023369535804,0.0016376464627683163,0.0009940373810163833,114.31888103485107
416,0.0010545086115598679,0.0022969467099756002,0.0009940086748935406,114.5827784538269
417,0.001117960549890995,0.001575539237819612,0.0009939799002989806,114.84858846664429
418,0.002922724699601531,0.00600516889244318,0.0009939510572371407,115.115487575531
419,0.0041929008439183235,0.003250263864174485,0.0009939221457124687,115.38164782524109
420,0.001436104066669941,0.0036482715513557196,0.000993893165729423,115.64427328109741
421,0.0007125444244593382,0.0021288732532411814,0.000993864117292473,115.90828728675842
422,0.0017426421400159597,0.0023079528473317623,0.0009938350004060979,116.12463784217834
423,0.0008851034799590707,0.004756232723593712,0.0009938058150747884,116.39092898368835
424,0.0011692007537931204,0.0019147599814459682,0.000993776561303045,116.65585994720459
425,0.0025084044318646193,0.003288503270596266,0.0009937472390953788,116.91680598258972
426,0.0030081109143793583,0.004486603196710348,0.0009937178484563122,117.18161416053772
427,0.0011574948439374566,0.009272134862840176,0.0009936883893903769,117.4441397190094
428,0.0025629543233662844,0.002619888400658965,0.0009936588619021164,117.70988893508911
429,0.0023052364122122526,0.0053387959487736225,0.000993629265996084,117.97588777542114
430,0.0013919826596975327,0.002577739767730236,0.000993599601676844,118.2448525428772
431,0.0015337745426222682,0.002541791647672653,0.0009935698689489706,118.50930571556091
432,0.001438016421161592,0.0012077036080881953,0.000993540067817049,118.7745099067688
433,0.0018101290334016085,0.002798383357003331,0.0009935101982856754,119.04183769226074
434,0.002006654627621174,0.001479825470596552,0.0009934802603594555,119.3069338798523
435,0.003822736209258437,0.009690885432064533,0.0009934502540430066,119.56877374649048
436,0.0005951206549070776,0.0009535085409879684,0.0009934201793409553,119.83418464660645
437,0.0019584503024816513,0.015160119161009789,0.0009933900362579403,120.0969500541687
438,0.001108037307858467,0.0020600666757673025,0.0009933598247986097,120.34205317497253
439,0.0033183663617819548,0.010980903171002865,0.0009933295449676225,120.60553431510925
440,0.0013110158033668995,0.0014119244879111648,0.0009932991967696483,120.87160229682922
441,0.0019053607247769833,0.0028928881511092186,0.000993268780209367,121.12924122810364
442,0.0019797016866505146,0.001893531414680183,0.0009932382952914695,121.39558696746826
443,0.001806348329409957,0.00452757254242897,0.0009932077420206566,121.65884399414062
444,0.0026500995736569166,0.0030160241294652224,0.00099317712040164,121.91664242744446
445,0.0005584594327956438,0.00193743035197258,0.0009931464304391428,122.18193626403809
446,0.0037288255989551544,0.005125411786139011,0.0009931156721378965,122.44603061676025
447,0.002862064866349101,0.00864066369831562,0.000993084845502645,122.70848894119263
448,0.002735722344368696,0.001904490403831005,0.0009930539505381426,122.97189831733704
449,0.0004541644302662462,0.0023121489211916924,0.000993022987249153,123.23848462104797
450,0.0009188236435875297,0.0025387369096279144,0.0009929919556404512,123.5004370212555
451,0.0025920579209923744,0.02145000919699669,0.0009929608557168231,123.7637267112732
452,0.0008106896420940757,0.0035885339602828026,0.0009929296874830644,124.02777242660522
453,0.0021890914067626,0.003376967506483197,0.0009928984509439817,124.29441499710083
454,0.0030516316182911396,0.0030618184246122837,0.000992867146104392,124.50767183303833
455,0.001392760663293302,0.0028233707416802645,0.0009928357729691232,124.77594327926636
456,0.0016663717105984688,0.002331545576453209,0.0009928043315430128,125.04173278808594
457,0.002464117482304573,0.003093765815719962,0.00099277282183091,125.30772542953491
458,0.0012072308454662561,0.0009835835080593824,0.0009927412438376741,125.57250356674194
459,0.0012601487105712295,0.0034666068386286497,0.0009927095975681745,125.83831238746643
460,0.0014331823913380504,0.0023811892606317997,0.0009926778830272912,126.10293507575989
461,0.0008772006258368492,0.0013403595658019185,0.0009926461002199155,126.36850094795227
462,0.002664505969733,0.002740150550380349,0.0009926142491509485,126.6323311328888
463,0.0016083664959296584,0.0009576374432072043,0.000992582329825302,126.89863324165344
464,0.001241002231836319,0.0009932093089446425,0.0009925503422478985,127.16423988342285
465,0.0012488741194829345,0.0023932470940053463,0.0009925182864236705,127.42509913444519
466,0.002622764091938734,0.0025742242578417063,0.000992486162357562,127.68984365463257
467,0.0009779278188943863,0.001278186566196382,0.0009924539700545266,127.95172882080078
468,0.0014404188841581345,0.0017755288863554597,0.0009924217095195287,128.21731305122375
469,0.005726957228034735,0.00367065635509789,0.0009923893807575433,128.47456812858582
470,0.0022300351411104202,0.001764365821145475,0.0009923569837735561,128.70407152175903
471,0.004416461102664471,0.006617664359509945,0.0009923245185725633,128.9688332080841
472,0.0034185682889074087,0.01266296673566103,0.0009922919851595706,129.2358946800232
473,0.0019179123919457197,0.002382050035521388,0.000992259383539596,129.50256395339966
474,0.0024734598118811846,0.0015015957178547978,0.0009922267137176665,129.77221512794495
475,0.0032275456469506025,0.0020836167968809605,0.0009921939756988205,130.0421061515808
476,0.001369354547932744,0.001798716140910983,0.0009921611694881061,130.30588912963867
477,0.0019865965005010366,0.0020231520757079124,0.0009921282950905832,130.56556272506714
478,0.003799352329224348,0.003993663936853409,0.0009920953525113208,130.83094000816345
479,0.0004769461811520159,0.001211957074701786,0.0009920623417553997,131.0975956916809
480,0.0012673316523432732,0.0012307149590924382,0.00099202926282791,131.36579203605652
481,0.001651122234761715,0.0019033770076930523,0.000991996115733953,131.6297161579132
482,0.0017038246151059866,0.0028998597990721464,0.0009919629004786405,131.8927857875824
483,0.0034238274674862623,0.0016651918413117528,0.0009919296170670948,132.15776681900024
484,0.0021513383835554123,0.0025573696475476027,0.0009918962655044486,132.42552280426025
485,0.002814315725117922,0.0017706885701045394,0.0009918628457958449,132.6463873386383
486,0.0013535164762288332,0.00273550720885396,0.0009918293579464375,132.90378642082214
487,0.001030445797368884,0.004029341507703066,0.000991795801961391,133.1733090877533
488,0.0017302536871284246,0.0019859373569488525,0.0009917621778458795,133.44169354438782
489,0.0017592370277270675,0.0018732083262875676,0.0009917284856050888,133.7043788433075
490,0.0027914950624108315,0.003385495161637664,0.0009916947252442147,133.96904301643372
491,0.004427241161465645,0.004895503632724285,0.000991660896768463,134.22813487052917
492,0.0018399700056761503,0.003807990113273263,0.000991627000183051,134.49675703048706
493,0.0013170972233638167,0.002643794286996126,0.0009915930354932056,134.76526546478271
494,0.004211560823023319,0.0020069649908691645,0.0009915590027041647,135.02746176719666
495,0.0010920650092884898,0.002165015321224928,0.000991524901821177,135.29763293266296
496,0.002874233527109027,0.01071424875408411,0.0009914907328495003,135.55800080299377
497,0.0013121039373800159,0.0026891871821135283,0.0009914564957944048,135.82218861579895
498,0.0015330554451793432,0.0015620474005118012,0.0009914221906611698,136.08295488357544
499,0.0026900365483015776,0.0033384079579263926,0.000991387817455086,136.34469032287598
500,0.002506130374968052,0.0017424834659323096,0.0009913533761814538,136.608802318573
501,0.0014629140496253967,0.0008127550245262682,0.0009913188668455844,137.33835816383362
502,0.0009151854901574552,0.0007590639288537204,0.0009912842894528,137.60121417045593
503,0.0018751922762021422,0.0036016113590449095,0.0009912496440084326,137.8679440021515
504,0.002308541676029563,0.003820172045379877,0.000991214930517825,138.13422560691833
505,0.001361132599413395,0.001587351318448782,0.0009911801489863304,138.39609909057617
506,0.0012034180108457804,0.0008370678988285363,0.0009911452994193128,138.65769934654236
507,0.0013431053375825286,0.002750633517280221,0.000991110381822146,138.91918921470642
508,0.0012077264254912734,0.0008283745846711099,0.0009910753962002151,139.1823868751526
509,0.0018367606680840254,0.0033899510744959116,0.0009910403425589152,139.4468903541565
510,0.0011664743069559336,0.00126494315918535,0.000991005220903652,139.71318697929382
511,0.004135008901357651,0.0027982457540929317,0.0009909700312398417,139.97730803489685
512,0.002966984175145626,0.0014003508258610964,0.000990934773572911,140.19680452346802
513,0.00161761324852705,0.0012431286741048098,0.0009908994479082972,140.44108629226685
514,0.003071388229727745,0.001686952426098287,0.0009908640542514479,140.7069606781006
515,0.002305123256519437,0.006527439691126347,0.000990828592607821,140.9716203212738
516,0.0013705547899007797,0.006697892211377621,0.0009907930629828854,141.24132370948792
517,0.002751502674072981,0.0012770689791068435,0.00099075746538212,141.5084934234619
518,0.002089297864586115,0.0019194124033674598,0.0009907217998110147,141.77742457389832
519,0.0009812781354412436,0.0010622533736750484,0.0009906860662750694,142.04545497894287
520,0.003501294879242778,0.007339696865528822,0.0009906502647797945,142.30632829666138
521,0.0017987953033298254,0.0023348708637058735,0.0009906143953307114,142.57558870315552
522,0.0015349045861512423,0.002748287981376052,0.0009905784579333514,142.83584475517273
523,0.0024363482370972633,0.00535001652315259,0.0009905424525932566,143.09946703910828
524,0.0017524401191622019,0.003248634748160839,0.0009905063793159794,143.357426404953
525,0.0013938485644757748,0.0012726502027362585,0.0009904702381070827,143.6201000213623
526,0.0008427993161603808,0.0014638866996392608,0.0009904340289721397,143.881765127182
527,0.0019281151471659541,0.0011939039686694741,0.0009903977519167349,144.14689874649048
528,0.002708540763705969,0.003854429116472602,0.0009903614069464626,144.36369061470032
529,0.0015160472830757499,0.00463800597935915,0.000990324994066927,144.6331524848938
530,0.0016310879727825522,0.0008353771991096437,0.000990288513283744,144.89221858978271
531,0.003504107240587473,0.0016201742691919208,0.0009902519646025393,145.1577844619751
532,0.001571465632878244,0.0027126402128487825,0.000990215348028949,145.42261362075806
533,0.0003287013969384134,0.0009174237493425608,0.0009901786635686202,145.68553280830383
534,0.0029569563921540976,0.00793373491615057,0.0009901419112272095,145.9483163356781
535,0.0014629669021815062,0.0012722205137833953,0.000990105091010385,146.21397948265076
536,0.0017603011801838875,0.0018153334967792034,0.0009900682029238249,146.47435522079468
537,0.0016871362458914518,0.000929261848796159,0.0009900312469732176,146.72997546195984
538,0.0013467553071677685,0.0016868745442479849,0.0009899942231642621,146.9978187084198
539,0.0018875061068683863,0.0027440765406936407,0.0009899571315026682,147.26008486747742
540,0.002426410559564829,0.002443956211209297,0.0009899199719941559,147.52697730064392
541,0.0008686458459123969,0.0017697635339573026,0.0009898827446444553,147.79364109039307
542,0.0021218631882220507,0.004882826469838619,0.0009898454494593077,148.05252027511597
543,0.0021910760551691055,0.0023956396616995335,0.0009898080864444644,148.31564354896545
544,0.0014238734729588032,0.0017055637435987592,0.0009897706556056872,148.5378053188324
545,0.0031339365523308516,0.001071056816726923,0.0009897331569487483,148.7969126701355
546,0.0024349314626306295,0.001868284773081541,0.0009896955904794304,149.06402826309204
547,0.0013943440280854702,0.0014667414361611009,0.000989657956203527,149.3254144191742
548,0.0020392234437167645,0.0023712136317044497,0.000989620254126842,149.5916829109192
549,0.0022503165528178215,0.0013379909796640277,0.0009895824842551888,149.85846710205078
550,0.0005544435698539019,0.0008496777154505253,0.0009895446465943926,150.1275885105133
551,0.000974136870354414,0.000886935624293983,0.000989506741150288,150.3952202796936
552,0.0007492636214010417,0.0025473707355558872,0.0009894687679287211,150.66446733474731
553,0.0012349581811577082,0.0010666013695299625,0.0009894307269355473,150.92407083511353
554,0.0018924621399492025,0.0024273667950183153,0.0009893926181766331,151.189199924469
555,0.002440750366076827,0.0015721594681963325,0.0009893544416578555,151.44777059555054
556,0.0051162103191018105,0.0033033681102097034,0.0009893161973851016,151.71758365631104
557,0.0023800008930265903,0.0011014416813850403,0.0009892778853642695,151.98427414894104
558,0.001927872421219945,0.0019606866408139467,0.000989239505601267,152.25179815292358
559,0.004029439762234688,0.007460057269781828,0.0009892010581020129,152.52228689193726
560,0.002989968052133918,0.005886028986424208,0.0009891625428724363,152.73390579223633
561,0.0031789857894182205,0.002904046094045043,0.000989123959918477,152.99914240837097
562,0.001406966126523912,0.0010515289613977075,0.0009890853092460843,153.26383566856384
563,0.0026000975631177425,0.002498643472790718,0.0009890465908612193,153.53131771087646
564,0.00180605030618608,0.0007953619351610541,0.0009890078047698524,153.79927492141724
565,0.0021602222695946693,0.0008604461909271777,0.000988968950977965,154.06761765480042
566,0.0014241577591747046,0.0038766830693930387,0.0009889300294915492,154.33366918563843
567,0.002006491646170616,0.0016161671373993158,0.0009888910403166068,154.60054326057434
568,0.0014984600711613894,0.0014958896208554506,0.0009888519834591505,154.86914157867432
569,0.0010150352027267218,0.0008928845054470003,0.0009888128589252035,155.13459014892578
570,0.00042497034883126616,0.0010997251374647021,0.000988773666720799,155.3958718776703
571,0.0030745489057153463,0.0024681095965206623,0.0009887344068519814,155.65985679626465
572,0.0007632046472281218,0.0013099558418616652,0.0009886950793248047,155.92090272903442
573,0.0020906436257064342,0.0019785265903919935,0.0009886556841453337,156.18657779693604
574,0.0016786330379545689,0.002441909397020936,0.0009886162213196435,156.44738793373108
575,0.002440035343170166,0.0008834312902763486,0.0009885766908538202,156.70973777770996
576,0.0010676068486645818,0.0011668569641187787,0.0009885370927539597,156.92892336845398
577,0.0017842664383351803,0.0022691020276397467,0.0009884974270261684,157.1975495815277
578,0.002727227983996272,0.0076317680068314075,0.0009884576936765636,157.45826244354248
579,0.0016084571834653616,0.001041178242303431,0.0009884178927112722,157.7205410003662
580,0.0009691331069916487,0.003302008844912052,0.0009883780241364323,157.98726058006287
581,0.002675723284482956,0.0012081738095730543,0.000988338087958192,158.2481472492218
582,0.001875615562312305,0.0023521792609244585,0.0009882980841827101,158.51208090782166
583,0.0029769069515168667,0.0022208434529602528,0.0009882580128161556,158.77478647232056
584,0.0006329008610919118,0.0009103507036343217,0.000988217873864708,159.04304599761963
585,0.0009587930981069803,0.0010246816091239452,0.0009881776673345572,159.30947995185852
586,0.0021199900656938553,0.0022596768103539944,0.000988137393231904,159.5792636871338
587,0.0025180154480040073,0.0015062416205182672,0.0009880970515629582,159.84564423561096
588,0.0021531283855438232,0.0028470815159380436,0.000988056642333942,160.11106038093567
589,0.0024475061800330877,0.002245493931695819,0.0009880161655510865,160.37518548965454
590,0.0007635625079274178,0.0012016387190669775,0.0009879756212206336,160.63948845863342
591,0.0017641582526266575,0.003182789543643594,0.0009879350093488363,160.89352107048035
592,0.0018801577389240265,0.002771629486232996,0.000987894329941957,161.12056589126587
593,0.0012601114576682448,0.0025492755230516195,0.000987853583006269,161.38477611541748
594,0.0012611078564077616,0.0021471765358000994,0.0009878127685480562,161.64271688461304
595,0.00242886645719409,0.002505340613424778,0.0009877718865736126,161.9072699546814
596,0.0008820437360554934,0.0007972036255523562,0.0009877309370892426,162.1693778038025
597,0.0016738839913159609,0.0023529506288468838,0.0009876899201012612,162.4343605041504
598,0.0018602539785206318,0.001019216957502067,0.000987648835615994,162.69417762756348
599,0.002735485788434744,0.0030262614600360394,0.0009876076836397762,162.96112608909607
600,0.0006559769390150905,0.0006975291180424392,0.0009875664641789544,163.2213773727417
601,0.0031220910605043173,0.0028927696403115988,0.0009875251772398853,165.34123992919922
602,0.0029892362654209137,0.003387399949133396,0.0009874838228289351,165.60917377471924
603,0.0020860598888248205,0.004945984110236168,0.000987442400952482,165.87211728096008
604,0.0014777736505493522,0.0015040209982544184,0.000987400911616913,166.1378321647644
605,0.002018909202888608,0.001729044714011252,0.0009873593548286274,166.4007866382599
606,0.0015834554797038436,0.0011237506987527013,0.0009873177305940325,166.66109824180603
607,0.00290222791954875,0.0026108985766768456,0.0009872760389195482,166.92484831809998
608,0.0026522083207964897,0.0034233108162879944,0.0009872342798116034,167.1864025592804
609,0.0013456239830702543,0.0022925978992134333,0.0009871924532766378,167.4528613090515
610,0.0012486049672588706,0.0015091582899913192,0.0009871505593211022,167.71785473823547
611,0.0007575985509902239,0.0012781276600435376,0.0009871085979514566,167.9555368423462
612,0.00156695325858891,0.0012484617764130235,0.0009870665691741722,168.19979763031006
613,0.002769005950540304,0.0020864903926849365,0.0009870244729957302,168.46666479110718
614,0.002435457892715931,0.004917805083096027,0.0009869823094226225,168.7303671836853
615,0.0024124463088810444,0.0024987850338220596,0.0009869400784613513,168.99306559562683
616,0.002370040863752365,0.0009000204154290259,0.000986897780118429,169.25614070892334
617,0.002325377892702818,0.0015434972010552883,0.0009868554144003786,169.52278876304626
618,0.0023046229034662247,0.0007307145278900862,0.0009868129813137335,169.78565788269043
619,0.002028378192335367,0.003201440442353487,0.0009867704808650373,170.0501856803894
620,0.0019623138941824436,0.002524027833715081,0.0009867279130608441,170.31408953666687
621,0.0018527971114963293,0.006565558258444071,0.0009866852779077185,170.58082628250122
622,0.0032971021719276905,0.0012401817366480827,0.0009866425754122353,170.84202408790588
623,0.0012126133078709245,0.0009933244436979294,0.0009865998055809799,171.10841155052185
624,0.0029087811708450317,0.0010478745680302382,0.0009865569684205477,171.3721272945404
625,0.0017188058700412512,0.0011233737459406257,0.000986514063937545,171.63809514045715
626,0.0009818332036957145,0.002345968736335635,0.0009864710921385876,171.9048273563385
627,0.0010852821869775653,0.001033493783324957,0.0009864280530303032,172.1342089176178
628,0.0011619136203080416,0.001581378630362451,0.0009863849466193284,172.38098335266113
629,0.0017645019106566906,0.0014833012828603387,0.000986341772912311,172.64336276054382
630,0.0010372333927080035,0.0008277837187051773,0.0009862985319159085,172.9084370136261
631,0.001432433957234025,0.0008231019019149244,0.0009862552236367898,173.1738429069519
632,0.0012689593713730574,0.0013340985169634223,0.0009862118480816332,173.43943881988525
633,0.0014645240735262632,0.0008660504827275872,0.0009861684052571277,173.70048308372498
634,0.0014019010122865438,0.0012788245221599936,0.0009861248951699732,173.96560740470886
635,0.0012804283760488033,0.0016624374547973275,0.000986081317826879,174.2280068397522
636,0.0024321344681084156,0.0011373375309631228,0.0009860376732345655,174.4925353527069
637,0.0024003987200558186,0.0024475175887346268,0.0009859939613997629,174.75512170791626
638,0.001726425951346755,0.0017618528800085187,0.0009859501823292127,175.02015686035156
639,0.002153091598302126,0.0016354460967704654,0.000985906336029666,175.28312468528748
640,0.001716194092296064,0.0011702784104272723,0.000985862422507884,175.54761385917664
641,0.0010244373697787523,0.0016202381812036037,0.0009858184417706392,175.81490850448608
642,0.002407517982646823,0.0018703490495681763,0.000985774393824714,176.07641768455505
643,0.001458743354305625,0.002131382003426552,0.0009857302786769008,176.31334710121155
644,0.0012099707964807749,0.0009596690069884062,0.000985686096334003,176.5583939552307
645,0.0008132696966640651,0.005342054646462202,0.000985641846802834,176.82411861419678
646,0.003279093187302351,0.0041449228301644325,0.0009855975300902175,177.08937335014343
647,0.0027337148785591125,0.0038906740956008434,0.0009855531462029878,177.35795402526855
648,0.0014268336817622185,0.001422105822712183,0.0009855086951479895,177.62333273887634
649,0.002079141093418002,0.0018708279822021723,0.0009854641769320774,177.8895082473755
650,0.0028924986254423857,0.003885719459503889,0.000985419591562117,178.1483416557312
651,0.0029938030056655407,0.003169828560203314,0.0009853749390449835,178.41560077667236
652,0.0015002143336459994,0.0009361101547256112,0.0009853302193875634,178.68070602416992
653,0.0014734485885128379,0.0020873546600341797,0.0009852854325967525,178.95115637779236
654,0.0020099389366805553,0.0017584655433893204,0.000985240578679458,179.2185492515564
655,0.0026137090753763914,0.002909563947468996,0.0009851956576425968,179.48911547660828
656,0.0011461044196039438,0.0016947590047493577,0.000985150669493096,179.75105166435242
657,0.0023879720829427242,0.005531592294573784,0.0009851056142378934,180.0199966430664
658,0.0014390090946108103,0.0012025180039927363,0.0009850604918839373,180.286208152771
659,0.006579414010047913,0.0034877946600317955,0.000985015302438186,180.50153708457947
660,0.0017147175967693329,0.001290500513277948,0.0009849700459076084,180.75170350074768
661,0.0014928651507943869,0.005457311403006315,0.0009849247222991834,181.01332831382751
662,0.0016693522920832038,0.004686471074819565,0.000984879331619901,181.27999591827393
663,0.0030279099009931087,0.0013049985282123089,0.00098483387387676,181.54350399971008
664,0.001028147409670055,0.0013498766347765923,0.0009847883490767717,181.80767464637756
665,0.002033374272286892,0.0017398085910826921,0.0009847427572269559,182.07517099380493
666,0.0019101770594716072,0.0021433369256556034,0.0009846970983343436,182.33742356300354
667,0.0017288862727582455,0.0018455098615959287,0.000984651372405976,182.60163474082947
668,0.005726951174438,0.004787550773471594,0.0009846055794489048,182.87025594711304
669,0.0012646145187318325,0.00294120772741735,0.0009845597194701914,183.13817834854126
670,0.0009220351348631084,0.001121507491916418,0.0009845137924769083,183.4075517654419
671,0.0021531989332288504,0.0033316302578896284,0.000984467798476138,183.67276406288147
672,0.003400597721338272,0.0016826724167913198,0.0009844217374749733,183.93772864341736
673,0.002346987836062908,0.002418256364762783,0.0009843756094805175,184.2021086215973
674,0.0024383447598665953,0.0014236867427825928,0.0009843294144998838,184.46725749969482
675,0.0023508179001510143,0.0029379979241639376,0.0009842831525401963,184.68753266334534
676,0.003006238490343094,0.0018357132794335485,0.0009842368236085892,184.94632387161255
677,0.002148629631847143,0.0017959800316020846,0.000984190427712207,185.21185994148254
678,0.0012859393609687686,0.0017021918902173638,0.0009841439648582044,185.47862839698792
679,0.002458614995703101,0.003117505693808198,0.0009840974350537467,185.74007773399353
680,0.001657963148318231,0.001546110026538372,0.0009840508383060092,186.00840258598328
681,0.0020875176414847374,0.0014936025254428387,0.0009840041746221777,186.2733108997345
682,0.0033098726999014616,0.0013316399417817593,0.0009839574440094487,186.54134440422058
683,0.0019682878628373146,0.0044022961519658566,0.0009839106464750282,186.81140613555908
684,0.001667869626544416,0.0008108699694275856,0.0009838637820261333,187.07839488983154
685,0.0015562779735773802,0.0009825951419770718,0.0009838168506699908,187.34305596351624
686,0.0010804538615047932,0.001322177005931735,0.0009837698524138383,187.6029257774353
687,0.0018636197783052921,0.0009478190331719816,0.0009837227872649236,187.87028431892395
688,0.0004411934351082891,0.0020296210423111916,0.0009836756552305044,188.1286609172821
689,0.0019855592399835587,0.0027346229180693626,0.0009836284563178495,188.39208340644836
690,0.004273411352187395,0.0016937945038080215,0.000983581190534237,188.65557312965393
691,0.0009479440050199628,0.0012556568253785372,0.0009835338578869563,188.87483859062195
692,0.0011828516144305468,0.0009426061878912151,0.0009834864583833066,189.1436107158661
693,0.002227000892162323,0.0010294358944520354,0.0009834389920305975,189.40905928611755
694,0.0012806616723537445,0.002223363146185875,0.000983391458836149,189.67002177238464
695,0.0007971999002620578,0.0017605185275897384,0.0009833438588072911,189.93385815620422
696,0.0015757330693304539,0.0011205949122086167,0.0009832961919513646,190.19791197776794
697,0.0013956654584035277,0.0007982945535331964,0.0009832484582757198,190.46620750427246
698,0.0014949168544262648,0.0017667085630819201,0.0009832006577877184,190.73187613487244
699,0.0018710342701524496,0.002062599640339613,0.0009831527904947317,190.9983172416687
700,0.0015306484419852495,0.0011654474074020982,0.0009831048564041412,191.26345658302307
701,0.002737471368163824,0.0027512055821716785,0.0009830568555233394,192.01277875900269
702,0.0018564227502793074,0.002393578179180622,0.000983008787859728,192.23444533348083
703,0.00221945159137249,0.0013896853197366,0.0009829606534207203,192.4989776611328
704,0.0007452848367393017,0.0008762422949075699,0.0009829124522137385,192.76427483558655
705,0.0016541583463549614,0.0014421198284253478,0.0009828641842462168,193.02519130706787
706,0.0014205314218997955,0.0009855162352323532,0.0009828158495255978,193.28636050224304
707,0.0010318886488676071,0.0012756332289427519,0.0009827674480593358,193.5462155342102
708,0.0008346261456608772,0.0006763198180124164,0.0009827189798548948,193.81123089790344
709,0.0005663980264216661,0.0007085492252372205,0.0009826704449197492,194.0725634098053
710,0.001665718387812376,0.003816526150330901,0.0009826218432613838,194.34040355682373
711,0.0015850610798224807,0.0012695502955466509,0.0009825731748872933,194.60712337493896
712,0.00256781792268157,0.0008775620372034609,0.0009825244398049835,194.87594318389893
713,0.0012258038623258471,0.0008536770474165678,0.0009824756380219695,195.1442048549652
714,0.002110566943883896,0.001176796038635075,0.0009824267695457771,195.41053199768066
715,0.0014610455837100744,0.0011604558676481247,0.0009823778343839428,195.6759569644928
716,0.0022157072089612484,0.000805275805760175,0.0009823288325440127,195.94261240959167
717,0.0024765506386756897,0.001831153524108231,0.0009822797640335439,196.20395183563232
718,0.0015943106263875961,0.0011811807053163648,0.000982230628860103,196.43421840667725
719,0.0011712228879332542,0.0013152383035048842,0.0009821814270312673,196.7027006149292
720,0.0016906745731830597,0.0005907570593990386,0.0009821321585546244,196.96881580352783
721,0.0007668572361581028,0.0007600431563332677,0.0009820828234377722,197.2345051765442
722,0.002163845347240567,0.0019150289008393884,0.0009820334216883186,197.49727296829224
723,0.002761637791991234,0.005105928052216768,0.0009819839533138823,197.76455068588257
724,0.005942527204751968,0.012236912734806538,0.0009819344183220917,198.02787375450134
725,0.002013841178268194,0.001443679677322507,0.0009818848167205858,198.29854726791382
726,0.0015136732254177332,0.001399145694449544,0.000981835148517014,198.56659245491028
727,0.0014176357071846724,0.0034992836881428957,0.0009817854137190352,198.8320460319519
728,0.0015495041152462363,0.0013805938651785254,0.0009817356123343194,199.0965166091919
729,0.0009446269832551479,0.0010557555360719562,0.0009816857443705467,199.3583323955536
730,0.0020649402868002653,0.0011035550851374865,0.0009816358098354073,199.62272596359253
731,0.0014755406882613897,0.0054079024121165276,0.0009815858087366017,199.8857901096344
732,0.0011679851450026035,0.0023908810690045357,0.000981535741081841,200.1472897529602
733,0.001220313599333167,0.0018426300957798958,0.0009814856068788458,200.38847160339355
734,0.0020031363237649202,0.0014791253488510847,0.0009814354061353477,200.63145184516907
735,0.00118588050827384,0.0015113484114408493,0.0009813851388590883,200.89678978919983
736,0.0016628074226900935,0.0009292227914556861,0.0009813348050578192,201.16143417358398
737,0.00152523850556463,0.0011513617355376482,0.0009812844047393026,201.4228973388672
738,0.0021176643203943968,0.0012143267085775733,0.0009812339379113113,201.68887758255005
739,0.0017005116678774357,0.000976858427748084,0.0009811834045816272,201.95186948776245
740,0.0014605678152292967,0.001128660631366074,0.0009811328047580436,202.21961569786072
741,0.001523039536550641,0.001406169612891972,0.0009810821384483638,202.48483991622925
742,0.0028576976619660854,0.0012995239812880754,0.0009810314056604005,202.7525873184204
743,0.0010305618634447455,0.0018497529672458768,0.0009809806064019781,203.01910591125488
744,0.0027697726618498564,0.0014292929554358125,0.00098092974068093,203.28533172607422
745,0.0023416299372911453,0.0009938834700733423,0.0009808788085051005,203.5479805469513
746,0.002079763449728489,0.0015518043655902147,0.000980827809882344,203.8150646686554
747,0.002142909448593855,0.003546586260199547,0.0009807767448205252,204.07886457443237
748,0.0027480393182486296,0.0011133310617879033,0.0009807256133275188,204.34140372276306
749,0.0016372213140130043,0.0009711043676361442,0.00098067441541121,204.56222414970398
750,0.0015549871604889631,0.002427307888865471,0.0009806231510794939,204.82740926742554
751,0.0007047182880342007,0.0007712745573371649,0.0009805718203402768,205.10401821136475
752,0.0009481326560489833,0.0011767303803935647,0.0009805204232014738,205.3674612045288
753,0.0015324612613767385,0.002485177479684353,0.0009804689596710112,205.6342806816101
754,0.0014002303360030055,0.001172178890556097,0.0009804174297568257,205.90029120445251
755,0.0009242258965969086,0.0007704199524596334,0.0009803658334668634,206.16722059249878
756,0.003182525746524334,0.0017636152915656567,0.0009803141708090812,206.43627190589905
757,0.0015923376195132732,0.0010021741036325693,0.0009802624417914463,206.70428442955017
758,0.0014686895301565528,0.0008423805702477694,0.0009802106464219357,206.9685742855072
759,0.0026861929800361395,0.0029734002891927958,0.0009801587847085374,207.23129844665527
760,0.002573894103989005,0.004892343655228615,0.0009801068566592484,207.49677801132202
761,0.0019268854521214962,0.0011283621424809098,0.0009800548622820775,207.7568712234497
762,0.0004412546695675701,0.0012896066764369607,0.000980002801585042,208.02278327941895
763,0.0016456687590107322,0.0005608922219835222,0.000979950674576171,208.2856729030609
764,0.0019281739369034767,0.002076835371553898,0.0009798984812635029,208.55041933059692
765,0.0010817688889801502,0.006582772824913263,0.0009798462216550864,208.77037286758423
766,0.0018575848080217838,0.0011513179633766413,0.0009797938957589805,209.03418898582458
767,0.0019738245755434036,0.0011952563654631376,0.000979741503583255,209.2991714477539
768,0.001213298412039876,0.0014258247101679444,0.0009796890451359895,209.55864810943604
769,0.0009529090020805597,0.0008191347005777061,0.000979636520425273,209.82630372047424
770,0.001186035806313157,0.001083540846593678,0.000979583929459206,210.09569907188416
771,0.001006587757728994,0.0007890667184256017,0.0009795312722458986,210.36185908317566
772,0.0014141792198643088,0.0012003828305751085,0.0009794785487934712,210.63043212890625
773,0.002264550421386957,0.0011691693216562271,0.0009794257591100545,210.89681148529053
774,0.00207056337967515,0.0035989955067634583,0.0009793729032037892,211.16091346740723
775,0.0057819015346467495,0.0027744825929403305,0.000979319981082826,211.4259955883026
776,0.0008136621909216046,0.0014686352806165814,0.000979266992755327,211.69138860702515
777,0.0016872672131285071,0.0009179100161418319,0.0009792139382294634,211.95768976211548
778,0.0005793515592813492,0.0006111027323640883,0.000979160817513416,212.22153902053833
779,0.001293881912715733,0.0006663792300969362,0.000979107630615378,212.49049925804138
780,0.002161950571462512,0.0015465712640434504,0.0009790543775435505,212.75335049629211
781,0.0014768661931157112,0.0006508172955363989,0.0009790010583061463,212.97685360908508
782,0.001085955067537725,0.0027039789129048586,0.0009789476729113878,213.2437493801117
783,0.0011492823250591755,0.0009439817513339221,0.0009788942213675076,213.51056671142578
784,0.00438424339517951,0.0046892534010112286,0.0009788407036827485,213.77607893943787
785,0.0026239356957376003,0.003963513765484095,0.0009787871198653638,214.0395405292511
786,0.0014921710826456547,0.0009568888344801962,0.0009787334699236168,214.30465173721313
787,0.0014898697845637798,0.001872397493571043,0.0009786797538657809,214.56928777694702
788,0.003504133550450206,0.01310097798705101,0.0009786259717001397,214.83138036727905
789,0.002259662142023444,0.0014634449034929276,0.0009785721234349875,215.0943284034729
790,0.0019657937809824944,0.007724749390035868,0.000978518209078628,215.36276936531067
791,0.0017149451887235045,0.002083458239212632,0.0009784642286393755,215.62860941886902
792,0.004201296251267195,0.0023077151272445917,0.0009784101821255545,215.89401412010193
793,0.0031915586441755295,0.004984200932085514,0.0009783560695454997,216.1606640815735
794,0.00510880583897233,0.012126803398132324,0.0009783018909075558,216.4283754825592
795,0.0016410340322181582,0.0011690078536048532,0.0009782476462200783,216.69210004806519
796,0.0015675041358917952,0.000983993406407535,0.0009781933354914315,216.9276304244995
797,0.0016851316904649138,0.0012000127462670207,0.000978138958729992,217.17165803909302
798,0.0010865754447877407,0.01013365387916565,0.0009780845159441443,217.43694519996643
799,0.0014051705366000533,0.001570388674736023,0.0009780300071422848,217.70196175575256
800,0.0026469591539353132,0.0009976852452382445,0.0009779754323328191,217.96895241737366
801,0.0023108492605388165,0.0011298606405034661,0.0009779207915241637,220.12251138687134
802,0.0026293115224689245,0.000990227679722011,0.0009778660847247443,220.38581228256226
803,0.0017721173353493214,0.0015368389431387186,0.000977811311942998,220.65135550498962
804,0.00245960196480155,0.0010760489385575056,0.000977756473187371,220.91542720794678
805,0.0025022770278155804,0.0011186652118340135,0.0009777015684663203,221.18357968330383
806,0.001139301573857665,0.001049710321240127,0.0009776465977883132,221.44127345085144
807,0.0017341527855023742,0.001354346051812172,0.0009775915611618263,221.7055492401123
808,0.0005673027480952442,0.0015254482859745622,0.0009775364585953472,221.97482872009277
809,0.002683592028915882,0.0013765068724751472,0.0009774812900973737,222.23380994796753
810,0.0035680439323186874,0.004249469842761755,0.000977426055676413,222.4993724822998
811,0.0032690817024558783,0.003902382217347622,0.000977370755340983,222.76506781578064
812,0.001029532984830439,0.0032967219594866037,0.0009773153890996122,223.0319390296936
813,0.0010459027253091335,0.0009527609799988568,0.0009772599569608381,223.30001425743103
814,0.0009558535530231893,0.002023275475949049,0.0009772044589332095,223.56787490844727
815,0.0022582015953958035,0.0048059383407235146,0.000977148895025285,223.8343381881714
816,0.001400204375386238,0.0007710058125667274,0.0009770932652456326,224.04641389846802
817,0.00424960209056735,0.005060724448412657,0.0009770375696028315,224.30986618995667
818,0.0023400085046887398,0.0011733340797945857,0.000976981808105471,224.57422828674316
819,0.0040830764919519424,0.0029650931246578693,0.0009769259807621497,224.8370382785797
820,0.0018341406248509884,0.0011909044114872813,0.000976870087581477,225.10020923614502
821,0.0010228075552731752,0.0007588317384943366,0.0009768141285720726,225.3645384311676
822,0.003845756407827139,0.0022010377142578363,0.0009767581037425658,225.6332402229309
823,0.00241102185100317,0.0013806483475491405,0.0009767020131015965,225.90188813209534
824,0.0017374408198520541,0.002264874055981636,0.0009766458566578143,226.167142868042
825,0.0010839647147804499,0.0006906500784680247,0.0009765896344198798,226.437828540802
826,0.002858829451724887,0.001243793056346476,0.0009765333463964625,226.70347619056702
827,0.0008915594662539661,0.004539069253951311,0.0009764769925962433,226.96525931358337
828,0.0023231194354593754,0.0012557350564748049,0.000976420573027912,227.23268866539001
829,0.0016260346164926887,0.0010575685882940888,0.0009763640877001698,227.49934768676758
830,0.0033187835942953825,0.0024764330592006445,0.0009763075366217273,227.76460433006287
831,0.0022819910664111376,0.0011704062344506383,0.0009762509198013054,228.0303876399994
832,0.0015378992538899183,0.001778795151039958,0.000976194237247635,228.2419571876526
833,0.0014780806377530098,0.00115963036660105,0.0009761374889694573,228.50737118721008
834,0.002126603852957487,0.008321670815348625,0.0009760806749755235,228.77072286605835
835,0.0007782354950904846,0.0015163763891905546,0.0009760237952745954,229.0360779762268
836,0.0008183980244211853,0.0010458034230396152,0.0009759668498754442,229.29855918884277
837,0.001153104822151363,0.0015241756336763501,0.0009759098387868517,229.56541395187378
838,0.0016555334441363811,0.012718657962977886,0.0009758527620176097,229.82844591140747
839,0.0015475950203835964,0.0011971964268013835,0.0009757956195765202,230.08916854858398
840,0.0011460636742413044,0.0011079340474680066,0.0009757384114723954,230.35300874710083
841,0.0012532693799585104,0.0013641552068293095,0.0009756811377140573,230.61633110046387
842,0.004093671217560768,0.002556709572672844,0.0009756237983103384,230.88272285461426
843,0.0021769097074866295,0.0020880934316664934,0.0009755663932700809,231.15049171447754
844,0.0018010346684604883,0.0007457456085830927,0.0009755089226021377,231.41893649101257
845,0.0019438981544226408,0.0022070968989282846,0.0009754513863153713,231.68955302238464
846,0.0019776280969381332,0.0011946918675675988,0.0009753937844186547,231.95590329170227
847,0.001340636401437223,0.000710285094100982,0.0009753361169208705,232.21760392189026
848,0.001705581322312355,0.0017686766805127263,0.0009752783838309121,232.45452570915222
849,0.0016075916355475783,0.001907860510982573,0.0009752205851576827,232.7199170589447
850,0.0009075711714103818,0.0016059760237112641,0.0009751627209100952,232.98605704307556
851,0.0011003832332789898,0.0012360760010778904,0.0009751047910970731,233.25494980812073
852,0.0019092191942036152,0.0015972822438925505,0.0009750467957275503,233.52003741264343
853,0.002125428058207035,0.002375260228291154,0.0009749887348104699,233.78402256965637
854,0.0012730227317661047,0.0010774497641250491,0.0009749306083547859,234.05312132835388
855,0.0013423360651358962,0.0014257723232731223,0.0009748724163694621,234.32186579704285
856,0.0021226329263299704,0.00134851539041847,0.0009748141588634725,234.58971738815308
857,0.003127229865640402,0.0038626892492175102,0.0009747558358458009,234.8550579547882
858,0.001994522986933589,0.0012220763601362705,0.0009746974473254416,235.11760067939758
859,0.0013091396540403366,0.0026880139485001564,0.0009746389933113988,235.38003516197205
860,0.0010901177302002907,0.0014000439550727606,0.0009745804738126871,235.6447036266327
861,0.0017824831884354353,0.001165286754257977,0.0009745218888383307,235.9088830947876
862,0.0012112961849197745,0.002141491509974003,0.0009744632383973641,236.17589116096497
863,0.0015120509779080749,0.0010397617006674409,0.000974404522498832,236.40639352798462
864,0.0007268590270541608,0.000586962909437716,0.0009743457411517891,236.6529359817505
865,0.002060151193290949,0.0019474958535283804,0.0009742868943653002,236.91787362098694
866,0.005283893086016178,0.015461158007383347,0.0009742279821484403,237.18269896507263
867,0.0017214568797498941,0.0009954224806278944,0.0009741690045102945,237.4467294216156
868,0.0026168390177190304,0.00555919436737895,0.0009741099614599576,237.7072069644928
869,0.0014599384739995003,0.0017813651356846094,0.000974050853006535,237.97281312942505
870,0.0023107416927814484,0.0013250464107841253,0.0009739916791591419,238.2369737625122
871,0.0009122843621298671,0.0004935485194437206,0.0009739324399269038,238.49872398376465
872,0.001296818139962852,0.0010582535760477185,0.0009738731353189557,238.75906229019165
873,0.0014111774507910013,0.0012046195333823562,0.0009738137653444438,239.02212762832642
874,0.0012024522293359041,0.0021187076345086098,0.000973754330012523,239.28747415542603
875,0.0019403299083933234,0.0007244839798659086,0.0009736948293323593,239.5533275604248
876,0.001368173398077488,0.0006964567583054304,0.0009736352633131286,239.8114664554596
877,0.0014051280450075865,0.0008808947750367224,0.0009735756319640165,240.07781600952148
878,0.0008021760731935501,0.0005370797589421272,0.0009735159352942189,240.34429001808167
879,0.0013318861601874232,0.0013571182498708367,0.000973456173312942,240.58286929130554
880,0.0006411168142221868,0.005078367423266172,0.0009733963460294015,240.82752227783203
881,0.0010368766961619258,0.0007645432488061488,0.0009733364534528238,241.0902590751648
882,0.0022558029741048813,0.0014336260501295328,0.000973276495592445,241.3564474582672
883,0.0026461286470294,0.001606162404641509,0.0009732164724575113,241.61885690689087
884,0.0027301721274852753,0.0027737475465983152,0.0009731563840572792,241.88127946853638
885,0.001924667856656015,0.0007610652828589082,0.0009730962304010149,242.14342427253723
886,0.0025633631739765406,0.0040008253417909145,0.0009730360114979948,242.41006135940552
887,0.003030227031558752,0.0022845594212412834,0.0009729757273575057,242.6744842529297
888,0.001654161373153329,0.0015425727469846606,0.0009729153779888439,242.94366574287415
889,0.0015505239134654403,0.0008474396308884025,0.0009728549634013162,243.21162629127502
890,0.0006257807835936546,0.001057135290466249,0.000972794483604239,243.47988176345825
891,0.0020038122311234474,0.005274652037769556,0.0009727339386069395,243.74776530265808
892,0.0005251236143521965,0.001501333201304078,0.0009726733284187542,244.0136411190033
893,0.004020568914711475,0.001988867996260524,0.00097261265304903,244.2776701450348
894,0.001903618685901165,0.001437473576515913,0.0009725519125071238,244.54346823692322
895,0.001691207755357027,0.000689694716129452,0.0009724911068024026,244.7576801776886
896,0.0017216334817931056,0.001327143982052803,0.0009724302359442433,245.02119851112366
897,0.0027811522595584393,0.001689350581727922,0.0009723692999420332,245.28300714492798
898,0.0006753552588634193,0.0006502968608401716,0.000972308298805169,245.547593832016
899,0.0012987025547772646,0.00149806949775666,0.0009722472325430582,245.81099653244019
900,0.0013551663141697645,0.0007657428504899144,0.0009721861011651179,246.0747356414795
901,0.0017742409836500883,0.001462398562580347,0.0009721249046807752,246.78953075408936
902,0.0006438986747525632,0.0008677566656842828,0.0009720636430994673,247.05516290664673
903,0.0035885400138795376,0.001193552277982235,0.0009720023164306419,247.31779503822327
904,0.0016709439223632216,0.0015717025380581617,0.000971940924683756,247.58487486839294
905,0.0009233970195055008,0.0013734897365793586,0.0009718794678682771,247.84584093093872
906,0.0019609692972153425,0.0013058718759566545,0.0009718179459936826,248.1007206439972
907,0.0013845497742295265,0.0013751520309597254,0.0009717563590694599,248.32780408859253
908,0.0018985408823937178,0.0012585313525050879,0.0009716947071051065,248.59200286865234
909,0.0005830037989653647,0.00042277644388377666,0.00097163299011013,248.86004447937012
910,0.0010478263720870018,0.0021130444947630167,0.0009715712080940476,249.12804293632507
911,0.0007430632831528783,0.00041015760507434607,0.0009715093610663875,249.3951952457428
912,0.0024710516445338726,0.0014457354554906487,0.0009714474490366867,249.6635286808014
913,0.0004936213954351842,0.0007226433954201639,0.0009713854720144929,249.93229269981384
914,0.0009399894624948502,0.0006183316581882536,0.000971323430009364,250.19470858573914
915,0.002489269943907857,0.0011410131119191647,0.0009712613230308674,250.46234822273254
916,0.0015631041023880243,0.0020313921850174665,0.0009711991510885811,250.72847199440002
917,0.0006926102796569467,0.000809281540568918,0.0009711369141920924,250.99184274673462
918,0.0018838023534044623,0.0015694558387622237,0.0009710746123509993,251.2586212158203
919,0.003372645005583763,0.0032797346357256174,0.0009710122455749093,251.52183842658997
920,0.0015508157666772604,0.0012343770358711481,0.0009709498138734404,251.78051733970642
921,0.0015969015657901764,0.001701768604107201,0.00097088731725622,252.04770278930664
922,0.0016286115860566497,0.000896685232874006,0.0009708247557328863,252.28375959396362
923,0.0013494156301021576,0.0008671466493979096,0.0009707621293130867,252.52831315994263
924,0.00158604490570724,0.0005837734206579626,0.0009706994380064792,252.79083395004272
925,0.003395354375243187,0.0012812161585316062,0.0009706366818227316,253.05325841903687
926,0.003111018566414714,0.001259849639609456,0.0009705738607715215,253.3191020488739
927,0.0027326259296387434,0.002231682650744915,0.0009705109748625369,253.58153891563416
928,0.001281155738979578,0.0011488280724734068,0.0009704480241054755,253.8429000377655
929,0.002337960060685873,0.0013237636303529143,0.0009703850085100449,254.10817289352417
930,0.002193504013121128,0.0009039323194883764,0.0009703219280859633,254.37563252449036
931,0.002702225698158145,0.0013921904610469937,0.0009702587828429583,254.63184571266174
932,0.0024175546132028103,0.00257966504432261,0.0009701955727907676,254.89926195144653
933,0.0013330777874216437,0.0009985420620068908,0.0009701322979391391,255.1638948917389
934,0.0019366138149052858,0.003085748990997672,0.0009700689582978307,255.42540454864502
935,0.0014757390599697828,0.0008688497473485768,0.0009700055538766097,255.68887901306152
936,0.0009429959463886917,0.0006304302369244397,0.0009699420846852544,255.95052933692932
937,0.001954343169927597,0.0017948374152183533,0.0009698785507335523,256.2198851108551
938,0.0016348244389519095,0.0013735729735344648,0.0009698149520313011,256.460666179657
939,0.0013732528313994408,0.014132324606180191,0.0009697512885883086,256.71404242515564
940,0.0010954311583191156,0.0017230053199455142,0.0009696875604143923,256.98139810562134
941,0.0019623111002147198,0.001965938601642847,0.0009696237675193803,257.25038290023804
942,0.0010295117972418666,0.0012380011612549424,0.00096955990991311,257.51725602149963
943,0.002030178438872099,0.0015350424218922853,0.0009694959876054289,257.78284907341003
944,0.0034819194115698338,0.0023891590535640717,0.0009694320006061949,258.0494201183319
945,0.001407533884048462,0.0021807013545185328,0.0009693679489252755,258.3204255104065
946,0.001457484788261354,0.0009666687110438943,0.0009693038325725483,258.5857660770416
947,0.0010533815948292613,0.0012743439292535186,0.0009692396515579007,258.854079246521
948,0.0027402546256780624,0.001593335415236652,0.0009691754058912305,259.1184012889862
949,0.002072523348033428,0.0013376254355534911,0.000969111095582445,259.38489723205566
950,0.001853850088082254,0.0010466153034940362,0.0009690467206414616,259.6515598297119
951,0.001662544789724052,0.0019793573301285505,0.0009689822810782079,259.9165253639221
952,0.0005918092792853713,0.0008372172596864402,0.000968917776902621,260.185546875
953,0.001220857142470777,0.0005123204318806529,0.0009688532081246487,260.45082998275757
954,0.0020477757789194584,0.0020543227437883615,0.0009687885747542479,260.6424927711487
955,0.004378464072942734,0.0013687936589121819,0.0009687238768013862,260.901828289032
956,0.0040420712903141975,0.003927175886929035,0.0009686591142760406,261.16789269447327
957,0.0024142994079738855,0.0010298016713932157,0.0009685942871881983,261.43493580818176
958,0.0018276290502399206,0.0012951744720339775,0.0009685293955478566,261.706077337265
959,0.001686550909653306,0.0007867024978622794,0.0009684644393650225,261.97347116470337
960,0.0010335622355341911,0.0010868405224755406,0.0009683994186497132,262.24005699157715
961,0.0008950273040682077,0.0011499988613650203,0.0009683343334119554,262.50290083885193
962,0.0017086969455704093,0.0009988894453272223,0.0009682691836617865,262.76928973197937
963,0.0007479669875465333,0.0015510021476075053,0.0009682039694092531,263.02675437927246
964,0.0022439570166170597,0.007424740120768547,0.0009681386906644122,263.2911014556885
965,0.0015760756796225905,0.0008236651192419231,0.0009680733474373305,263.5598964691162
966,0.0008380257058888674,0.0014558214461430907,0.0009680079397380847,263.822402715683
967,0.0007143628317862749,0.0006716983625665307,0.0009679424675767616,264.0879719257355
968,0.00036585330963134766,0.0007168975425884128,0.0009678769309634579,264.3550353050232
969,0.0013814475387334824,0.0013684341683983803,0.0009678113299082799,264.61707758903503
970,0.000762461859267205,0.0004924772656522691,0.0009677456644213444,264.83669567108154
971,0.0020845052786171436,0.0023775508161634207,0.0009676799345127778,265.1016206741333
972,0.0002477146917954087,0.0015606116503477097,0.0009676141401927164,265.37040185928345
973,0.0023674238473176956,0.0021354963537305593,0.0009675482814713064,265.6378140449524
974,0.0015830832999199629,0.0013210154138505459,0.0009674823583587041,265.90549540519714
975,0.0016873504500836134,0.0014341891510412097,0.0009674163708650759,266.17017579078674
976,0.000949807174038142,0.000530423887539655,0.0009673503190005976,266.4356782436371
977,0.0008379289647564292,0.0010501237120479345,0.0009672842027754555,266.7038416862488
978,0.0040916698053479195,0.0013487109681591392,0.0009672180221998452,266.9622733592987
979,0.0013003713684156537,0.0014959560940042138,0.000967151777283973,267.22961235046387
980,0.0017669894732534885,0.001344644115306437,0.0009670854680380543,267.4970681667328
981,0.0019314028322696686,0.0012830805499106646,0.0009670190944723151,267.764741897583
982,0.0025705122388899326,0.0011571074137464166,0.0009669526565969911,268.0298912525177
983,0.0036200685426592827,0.002365552820265293,0.0009668861544223274,268.2959921360016
984,0.0004023641813546419,0.001219221972860396,0.00096681958795858,268.56162333488464
985,0.001425540423952043,0.0011943643912672997,0.000966752957216014,268.824125289917
986,0.0011119155678898096,0.0007482561049982905,0.0009666862622049047,269.0263235569
987,0.0021808415185660124,0.0015020614955574274,0.0009666195029355373,269.2920939922333
988,0.0025836643762886524,0.001661847927607596,0.0009665526794182072,269.5553340911865
989,0.0016824761405587196,0.0007767723291181028,0.000966485791663219,269.82328486442566
990,0.0011025979183614254,0.000708363251760602,0.000966418839680888,270.0796539783478
991,0.0007701590657234192,0.0011897179065272212,0.0009663518234815388,270.3444757461548
992,0.0014678732259199023,0.0017889707814902067,0.0009662847430755061,270.60662388801575
993,0.0013261036947369576,0.0014996181707829237,0.0009662175984731348,270.8728439807892
994,0.0010945540852844715,0.002366176573559642,0.0009661503896847792,271.1398684978485
995,0.0012823444558307528,0.0013611543690785766,0.000966083116720804,271.39900612831116
996,0.0007654909859411418,0.0009271996095776558,0.0009660157795915833,271.66279768943787
997,0.0014525246806442738,0.006856765132397413,0.0009659483783075012,271.92498087882996
998,0.0022380566224455833,0.001629458973184228,0.0009658809128789524,272.19107699394226
999,0.0019327731570228934,0.0008290997939184308,0.0009658133833163403,272.4484763145447
1000,0.00453517772257328,0.0026503847911953926,0.000965745789630079,272.7174572944641
1001,0.0011578153353184462,0.000876032339874655,0.0009656781318305925,274.8724808692932
1002,0.001813171780668199,0.002443893812596798,0.0009656104099283143,275.1388530731201
1003,0.0003804799634963274,0.0004525387194007635,0.0009655426239336879,275.40262031555176
1004,0.0015054655959829688,0.0009919980075210333,0.000965474773857167,275.6599934101105
1005,0.002076009986922145,0.001128146075643599,0.0009654068597092149,275.9220654964447
1006,0.0014198151184245944,0.0009244749671779573,0.0009653388815003044,276.1753125190735
1007,0.0009457484120503068,0.0016013579443097115,0.0009652708392409191,276.4401569366455
1008,0.002860900480300188,0.005282884929329157,0.0009652027329415517,276.697936296463
1009,0.002528377342969179,0.0009877266129478812,0.0009651345626127052,276.96347522735596
1010,0.002445139456540346,0.0014853111933916807,0.000965066328264892,277.2293589115143
1011,0.0006523232441395521,0.002764337230473757,0.0009649980299086351,277.4935748577118
1012,0.0012598726898431778,0.002230901038274169,0.0009649296675544669,277.7662088871002
1013,0.0021469152998179197,0.0010679138358682394,0.0009648612412129295,278.0338943004608
1014,0.001479095546528697,0.0013001601910218596,0.0009647927508945753,278.30042910575867
1015,0.0031043672934174538,0.004843373317271471,0.0009647241966099663,278.5678377151489
1016,0.002532760612666607,0.0018817578675225377,0.0009646555783696743,278.83265590667725
1017,0.0020464349072426558,0.003076561028137803,0.0009645868961842814,279.09647703170776
1018,0.0017074294155463576,0.0010681861313059926,0.0009645181500643789,279.35737562179565
1019,0.00439838320016861,0.0017004846595227718,0.0009644493400205686,279.6209363937378
1020,0.0009652135777287185,0.0008058853563852608,0.0009643804660634618,279.88768768310547
1021,0.001898068469017744,0.0008693624986335635,0.0009643115282036797,280.12742495536804
1022,0.001804761472158134,0.0017923112027347088,0.0009642425264518534,280.36941146850586
1023,0.002457268303260207,0.0021323077380657196,0.0009641734608186237,280.6343333721161
1024,0.003997668623924255,0.002181236632168293,0.0009641043313146417,280.89775133132935
1025,0.0004361605388112366,0.0003710552991833538,0.0009640351379505678,281.15940141677856
1026,0.002766930963844061,0.004212529864162207,0.0009639658807370725,281.4210922718048
1027,0.001501335995271802,0.0017667667707428336,0.000963896559684836,281.68220472335815
1028,0.0007836190052330494,0.0009780090767890215,0.0009638271748045489,281.94623494148254
1029,0.001582395052537322,0.0017726764781400561,0.0009637577261069109,282.2088768482208
1030,0.001345187658444047,0.0017309499671682715,0.0009636882136026319,282.47591519355774
1031,0.0021326765418052673,0.0013612486654892564,0.0009636186373024316,282.7397871017456
1032,0.001954941311851144,0.0005878301453776658,0.0009635489972170396,283.0030632019043
1033,0.0010160257807001472,0.0006440292927436531,0.0009634792933571954,283.2666711807251
1034,0.0029731837566941977,0.0014987625181674957,0.0009634095257336478,283.5326726436615
1035,0.0011115518864244223,0.0009382339776493609,0.0009633396943571562,283.79701471328735
1036,0.0011906400322914124,0.0022992417216300964,0.0009632697992384893,284.0618121623993
1037,0.0014578327536582947,0.0007199985557235777,0.0009631998403884261,284.29926204681396
1038,0.0008432696340605617,0.0010217988165095448,0.0009631298178177548,284.5417959690094
1039,0.001539908116683364,0.002452646382153034,0.0009630597315372738,284.8111217021942
1040,0.0020005125552415848,0.0011088954051956534,0.0009629895815577914,285.07619404792786
1041,0.003251939546316862,0.0017501577967777848,0.0009629193678901258,285.34174966812134
1042,0.0019029788672924042,0.0011647646315395832,0.0009628490905451044,285.5992045402527
1043,0.0016457143938168883,0.0010119978105649352,0.0009627787495335651,285.8664827346802
1044,0.001196612953208387,0.0011587496846914291,0.0009627083448663551,286.1299252510071
1045,0.005758080631494522,0.00858455803245306,0.0009626378765543322,286.3965103626251
1046,0.0013464028015732765,0.0005732614081352949,0.0009625673446083631,286.6667881011963
1047,0.0011340153869241476,0.0010572990868240595,0.0009624967490393249,286.93464708328247
1048,0.0015454100212082267,0.0023293725680559874,0.000962426089858104,287.22233867645264
1049,0.0017316022422164679,0.0011477087391540408,0.0009623553670755975,287.49914026260376
1050,0.0006838981062173843,0.000599907711148262,0.0009622845807027113,287.76879596710205
1051,0.0012046375777572393,0.0007328639039769769,0.0009622137307503614,288.06086897850037
1052,0.0008166843326762319,0.005232351366430521,0.0009621428172294742,288.3528456687927
1053,0.0013101946096867323,0.0010893074795603752,0.0009620718401509853,288.57598209381104
1054,0.001672683167271316,0.0035895707551389933,0.0009620007995258404,288.84979271888733
1055,0.0006087819929234684,0.001084802090190351,0.0009619296953649945,289.1140580177307
1056,0.00123111333232373,0.0010338554857298732,0.000961858527679413,289.38094878196716
1057,0.001245323452167213,0.0010148747824132442,0.0009617872964800707,289.6440713405609
1058,0.0020654676482081413,0.0014039718080312014,0.0009617160017779525,289.91665601730347
1059,0.0011840828228741884,0.0009995759464800358,0.0009616446435840528,290.1850848197937
1060,0.0017118238611146808,0.0009508978691883385,0.0009615732219093761,290.45356702804565
1061,0.004118619952350855,0.0022370941005647182,0.0009615017367649365,290.72010612487793
1062,0.0007795465062372386,0.0008965178276412189,0.0009614301881617578,290.9871666431427
1063,0.00035080459201708436,0.00064635876333341,0.0009613585761108735,291.25326108932495
1064,0.00234667444601655,0.0011437400244176388,0.0009612869006233274,291.51497435569763
1065,0.0021738773211836815,0.0057908170856535435,0.000961215161710173,291.78049993515015
1066,0.0029805954545736313,0.00188578967936337,0.0009611433593824727,292.0434567928314
1067,0.0017332303104922175,0.0021091632079333067,0.0009610714936512996,292.3073570728302
1068,0.0017644732724875212,0.0007214034558273852,0.0009609995645277365,292.5747652053833
1069,0.0018068512436002493,0.0018420288106426597,0.0009609275720228756,292.79704904556274
1070,0.001050471211783588,0.0004578708903864026,0.000960855516147819,293.0659062862396
1071,0.001624709228053689,0.001886179787106812,0.0009607833969136787,293.3356568813324
1072,0.0015678645577281713,0.000736164569389075,0.0009607112143315763,293.6019299030304
1073,0.0019255587831139565,0.0023713340051472187,0.0009606389684126435,293.8711955547333
1074,0.0023283064365386963,0.0011367114493623376,0.000960566659168021,294.13773488998413
1075,0.0009486150811426342,0.011754107661545277,0.0009604942866088604,294.40139532089233
1076,0.000924796680919826,0.0009293744806200266,0.0009604218507463223,294.66923332214355
1077,0.004194097593426704,0.0021907994523644447,0.000960349351591577,294.93260407447815
1078,0.002045117784291506,0.0011059765238314867,0.0009602767891558049,295.20054149627686
1079,0.0022008870728313923,0.0020319418981671333,0.0009602041634501961,295.4705250263214
1080,0.004685873165726662,0.0036122980527579784,0.0009601314744859504,295.7382986545563
1081,0.0014865025877952576,0.0010363019537180662,0.0009600587222742772,296.00483560562134
1082,0.0006469023646786809,0.001687222858890891,0.0009599859068263961,296.2717561721802
1083,0.002236825879663229,0.0018644790397956967,0.0009599130281535357,296.5344994068146
1084,0.00242817890830338,0.0007365822675637901,0.0009598400862669351,296.7898516654968
1085,0.001311135827563703,0.0023914992343634367,0.0009597670811778429,297.0163733959198
1086,0.0014307675883173943,0.0015266512054949999,0.0009596940128975174,297.28020310401917
1087,0.0020282668992877007,0.0014309030957520008,0.0009596208814372265,297.54959869384766
1088,0.0007074987515807152,0.003421436296775937,0.0009595476868082481,297.8170566558838
1089,0.0004936960758641362,0.0004917464684695005,0.0009594744290218697,298.0854091644287
1090,0.002205756027251482,0.005232646130025387,0.0009594011080893885,298.35095047950745
1091,0.0020245984196662903,0.001339866896159947,0.0009593277240221116,298.6190114021301
1092,0.0012601580237969756,0.0014480638783425093,0.0009592542768313557,298.8861770629883
1093,0.0017307678936049342,0.00135353475343436,0.0009591807665284473,299.15659952163696
1094,0.00211041746661067,0.0031043339986354113,0.0009591071931247228,299.42507219314575
1095,0.0022417702712118626,0.0014623583992943168,0.0009590335566315277,299.6910424232483
1096,0.0022134955506771803,0.003044228767976165,0.0009589598570602182,299.9564824104309
1097,0.000904232612811029,0.0006002182490192354,0.0009588860944221592,300.2202489376068
1098,0.003854095470160246,0.0026147630997002125,0.0009588122687287261,300.48308777809143
1099,0.0018662435468286276,0.0013328985078260303,0.0009587383799913037,300.75095319747925
1100,0.0014682536711916327,0.0029059320222586393,0.0009586644282212867,300.9720160961151
1101,0.0011388059938326478,0.0026601701974868774,0.0009585904134300792,301.7049660682678
1102,0.0008254705462604761,0.0012920680455863476,0.0009585163356290951,301.97445583343506
1103,0.000649556634016335,0.0014292922569438815,0.0009584421948297584,302.2395374774933
1104,0.0010639626998454332,0.0020534167997539043,0.0009583679910435026,302.5086302757263
1105,0.0017512140329927206,0.001045143697410822,0.0009582937242817708,302.7744460105896
1106,0.0026919301599264145,0.0013805389171466231,0.0009582193945560156,303.0421471595764
1107,0.0014569750055670738,0.0012929022777825594,0.0009581450018776996,303.3084306716919
1108,0.0016852765111252666,0.0016486109234392643,0.0009580705462582955,303.5775418281555
1109,0.0010946865659207106,0.001215485855937004,0.0009579960277092849,303.84455037117004
1110,0.0020670276135206223,0.0013689125189557672,0.0009579214462421596,304.11069655418396
1111,0.0008134192321449518,0.0007448259857483208,0.0009578468018684211,304.34980034828186
1112,0.0030957467388361692,0.0032770484685897827,0.0009577720945995805,304.58669877052307
1113,0.000645471503958106,0.0007832467090338469,0.0009576973244471584,304.8515274524689
1114,0.002186219673603773,0.0007869246765039861,0.0009576224914226855,305.11714339256287
1115,0.0018956896383315325,0.001573747955262661,0.0009575475955377018,305.3845582008362
1116,0.003368022618815303,0.001628503086976707,0.0009574726368037575,305.64774346351624
1117,0.0023939465172588825,0.004330871161073446,0.0009573976152324119,305.91185569763184
1118,0.0018088980577886105,0.0006720784003846347,0.0009573225308352342,306.1770758628845
1119,0.0020558293908834457,0.001007000100798905,0.0009572473836238037,306.4416723251343
1120,0.0021421974524855614,0.0010439996840432286,0.0009571721736097089,306.706476688385
1121,0.0005125051247887313,0.0005253301933407784,0.0009570969008045479,306.96801495552063
1122,0.0014376032631844282,0.002182063413783908,0.000957021565219929,307.2320716381073
1123,0.0018907649209722877,0.0007414998253807425,0.0009569461668674698,307.4990875720978
1124,0.0019236390944570303,0.003430829383432865,0.0009568707057587976,307.7615773677826
1125,0.0014416499761864543,0.0005727377720177174,0.0009567951819055496,308.0282824039459
1126,0.0016525117680430412,0.008245420642197132,0.0009567195953193722,308.29026222229004
1127,0.0016290319617837667,0.0007011574925854802,0.0009566439460119224,308.5307605266571
1128,0.0020807264372706413,0.0016134497709572315,0.0009565682339948657,308.77127480506897
1129,0.0006170541746541858,0.0005935755907557905,0.000956492459279878,309.039165019989
1130,0.00252140243537724,0.0047434251755476,0.0009564166218786451,309.3039538860321
1131,0.001668524811975658,0.01114671677350998,0.0009563407218028615,309.5704131126404
1132,0.0024339831434190273,0.0010545924305915833,0.0009562647590642321,309.8291530609131
1133,0.001886186539195478,0.013952265493571758,0.0009561887336744717,310.0961992740631
1134,0.0018483320018276572,0.0015088492073118687,0.0009561126456453039,310.3599941730499
1135,0.0024996036663651466,0.0018861006246879697,0.0009560364949884626,310.6174578666687
1136,0.002167724072933197,0.001135416328907013,0.0009559602817156913,310.88678884506226
1137,0.0019726180471479893,0.0008022417314350605,0.000955884005838743,311.1505174636841
1138,0.0014942431589588523,0.000891869596671313,0.0009558076673693801,311.40899658203125
1139,0.0011668701190501451,0.0009479477303102612,0.0009557312663193753,311.67115330696106
1140,0.0011553185759112239,0.001441171858459711,0.0009556548027005106,311.93981742858887
1141,0.002984361257404089,0.004347112495452166,0.0009555782765245774,312.2021906375885
1142,0.0010991161689162254,0.0014634857652708888,0.0009555016878033773,312.4695863723755
1143,0.003437732346355915,0.0015315829077735543,0.0009554250365487211,312.70377588272095
1144,0.0007227842579595745,0.001726319664157927,0.0009553483227724291,312.94639325141907
1145,0.0023663740139454603,0.0020782905630767345,0.000955271546486332,313.2110073566437
1146,0.002806592732667923,0.0023766839876770973,0.0009551947077022694,313.4756290912628
1147,0.001317512709647417,0.0014921294059604406,0.000955117806432091,313.73970341682434
1148,0.0007929358398541808,0.0008204692276194692,0.0009550408426876558,314.0021848678589
1149,0.0023383176885545254,0.0008743133512325585,0.0009549638164808326,314.26485657691956
1150,0.001710481010377407,0.000975188275333494,0.0009548867278234998,314.53359603881836
1151,0.001535206101834774,0.0008606549235992134,0.0009548095767275452,314.80187129974365
1152,0.002707617124542594,0.0019234060309827328,0.000954732363204867,315.0651624202728
1153,0.0018646193202584982,0.0019373357063159347,0.000954655087267372,315.33043694496155
1154,0.0009417438413947821,0.0009412628714926541,0.0009545777489269776,315.59869289398193
1155,0.002975268755108118,0.0021493013482540846,0.0009545003481956099,315.8656039237976
1156,0.001236605690792203,0.0016140034422278404,0.0009544228850852053,316.1308693885803
1157,0.0007407168741337955,0.0011445708805695176,0.0009543453596077095,316.3950710296631
1158,0.003567932639271021,0.0014884520787745714,0.0009542677717750778,316.66111421585083
1159,0.0015315692871809006,0.0022794625256210566,0.0009541901215992755,316.87727880477905
1160,0.0027542421594262123,0.00165548175573349,0.000954112409092277,317.1407296657562
1161,0.003662023227661848,0.002255823463201523,0.0009540346342660667,317.4039845466614
1162,0.0014017893699929118,0.005007915664464235,0.0009539567971326384,317.66857504844666
1163,0.0011569515336304903,0.0007812473340891302,0.0009538788977039955,317.9338393211365
1164,0.0015307147987186909,0.0008664766792207956,0.0009538009359921512,318.1972601413727
1165,0.002922067418694496,0.0009190234122797847,0.0009537229120091279,318.4629671573639
1166,0.0009071202948689461,0.0011640558950603008,0.0009536448257669581,318.7227098941803
1167,0.0009680999210104346,0.00044592778431251645,0.0009535666772776838,318.9880030155182
1168,0.0023862607777118683,0.0014164182357490063,0.0009534884665533562,319.24938797950745
1169,0.0017255633138120174,0.0003871250955853611,0.0009534101936060365,319.5125389099121
1170,0.0015595977893099189,0.0008965650340542197,0.0009533318584477955,319.7769765853882
1171,0.0021038358099758625,0.0021992402616888285,0.0009532534610907131,320.04361295700073
1172,0.0014056445797905326,0.0004677431716118008,0.0009531750015468796,320.3054459095001
1173,0.002295328537002206,0.0015487700002267957,0.0009530964798283943,320.5741124153137
1174,0.0008041602559387684,0.001376573578454554,0.0009530178959473661,320.8347270488739
1175,0.0011261095060035586,0.0007582716643810272,0.0009529392499159137,321.05441522598267
1176,0.0013926962856203318,0.0007767921197228134,0.0009528605417461653,321.3214340209961
1177,0.0011901464313268661,0.0009738811058923602,0.0009527817714502587,321.5854272842407
1178,0.0013584415428340435,0.0009532971889711916,0.0009527029390403412,321.8482575416565
1179,0.0029859356582164764,0.0011915016220882535,0.00095262404452857,322.11206316947937
1180,0.0014269425300881267,0.006177928764373064,0.0009525450879271113,322.37836933135986
1181,0.0026249829679727554,0.004310972522944212,0.0009524660692481414,322.63761591911316
1182,0.0012423787266016006,0.0005431835306808352,0.0009523869885038459,322.9054687023163
1183,0.0026511610485613346,0.001875647227279842,0.00095230784570642,323.1700077056885
1184,0.0017503745621070266,0.0008291362319141626,0.0009522286408680687,323.4326922893524
1185,0.0008964703301899135,0.0009267805726267397,0.0009521493740010062,323.69309425354004
1186,0.0010547469137236476,0.0016658286331221461,0.0009520700451174565,323.956668138504
1187,0.0011741283815354109,0.0006477166316471994,0.0009519906542296531,324.2249228954315
1188,0.0014029284939169884,0.0007836216245777905,0.0009519112013498391,324.4918875694275
1189,0.0011549601331353188,0.0008343170629814267,0.0009518316864902672,324.7541880607605
1190,0.001492985407821834,0.0010898708133026958,0.0009517521096631994,325.0220351219177
1191,0.0011094065848737955,0.00045686529483646154,0.0009516724708809076,325.2367386817932
1192,0.0011435712222009897,0.0005645137280225754,0.000951592770155673,325.5032241344452
1193,0.0015859301201999187,0.0008043049601837993,0.0009515130074997868,325.76539397239685
1194,0.0006319517269730568,0.0007679486298002303,0.0009514331829255487,326.032039642334
1195,0.0025273761712014675,0.0012231582077220082,0.0009513532964452692,326.29305934906006
1196,0.0017578256083652377,0.0009248813730664551,0.0009512733480712678,326.5933554172516
1197,0.0035225730389356613,0.0016175926430150867,0.0009511933378158733,326.8702185153961
1198,0.0013361955061554909,0.018990907818078995,0.0009511132656914244,327.14092469215393
1199,0.0008780579082667828,0.0005243734340183437,0.0009510331317102693,327.4320590496063
1200,0.0035312646068632603,0.005986758042126894,0.0009509529358847655,327.7003138065338
1201,0.0021425923332571983,0.003458708757534623,0.0009508726782272804,329.8273403644562
1202,0.0023808563128113747,0.0013051853748038411,0.0009507923587501906,330.0939064025879
1203,0.0013375240378081799,0.0006226830300875008,0.0009507119774658823,330.3602533340454
1204,0.0014722738415002823,0.0008173170499503613,0.0009506315343867515,330.62735891342163
1205,0.0011181782465428114,0.0008806539699435234,0.0009505510295252035,330.89486289024353
1206,0.0013385749189183116,0.0012358996318653226,0.0009504704628936531,331.15715980529785
1207,0.0036111860536038876,0.0010745738400146365,0.0009503898345045247,331.4209740161896
1208,0.0005305639933794737,0.0009667774429544806,0.0009503091443702522,331.68770265579224
1209,0.0015478411223739386,0.0006138163735158741,0.000950228392503279,331.95433735847473
1210,0.0010284725576639175,0.0009840669808909297,0.000950147578916058,332.21423411369324
1211,0.0018158282618969679,0.0009367479360662401,0.0009500667036210519,332.4324188232422
1212,0.001219804398715496,0.0006430324865505099,0.0009499857666307324,332.7045567035675
1213,0.00055025884648785,0.0011824410175904632,0.0009499047679575813,332.9668245315552
1214,0.001929385936819017,0.0010317224077880383,0.0009498237076140893,333.23036193847656
1215,0.0010946732945740223,0.0008016281062737107,0.0009497425856127573,333.4962205886841
1216,0.0013327531050890684,0.0006470784428529441,0.000949661401966095,333.75948667526245
1217,0.0025412547402083874,0.0009710461599752307,0.0009495801566866221,334.02520871162415
1218,0.0012979505117982626,0.0008368718554265797,0.0009494988497868676,334.29110050201416
1219,0.0024755175691097975,0.0010854600695893168,0.0009494174812793701,334.55314207077026
1220,0.001500024227425456,0.0006766319274902344,0.0009493360511766775,334.81689620018005
1221,0.0013151864986866713,0.0005956863751634955,0.0009492545594913474,335.0770790576935
1222,0.0014737698948010802,0.00048401777166873217,0.000949173006235947,335.3411991596222
1223,0.0024439296685159206,0.004873546771705151,0.0009490913914230526,335.6088435649872
1224,0.002219392918050289,0.0006672879098914564,0.0009490097150652505,335.868949174881
1225,0.0017134067602455616,0.0013708039186894894,0.000948927977175136,336.1336350440979
1226,0.0009100158931687474,0.0005848699947819114,0.0009488461777653141,336.39478611946106
1227,0.0009975419379770756,0.0004356273275334388,0.0009487643168483993,336.6101179122925
1228,0.0016802236204966903,0.0010979603976011276,0.0009486823944370158,336.8763575553894
1229,0.0011905858991667628,0.00048115523532032967,0.000948600410543797,337.14596462249756
1230,0.0018407669849693775,0.000715979898814112,0.0009485183651813855,337.4123876094818
1231,0.002496428322046995,0.0012962451437488198,0.0009484362583624343,337.68043303489685
1232,0.0015011017676442862,0.0010594881605356932,0.0009483540900996049,337.94540786743164
1233,0.0005636125570163131,0.0004990791785530746,0.0009482718604055687,338.2153859138489
1234,0.0042428127489984035,0.0027484549209475517,0.0009481895692930067,338.481972694397
1235,0.0007575617055408657,0.001558127230964601,0.0009481072167746091,338.74685764312744
1236,0.0014030924066901207,0.0015805835137143731,0.0009480248028630758,339.0101149082184
1237,0.0017608929192647338,0.0008284560753963888,0.000947942327571116,339.27831530570984
1238,0.0016439857427030802,0.0007993746548891068,0.0009478597909114482,339.5422592163086
1239,0.0023679924197494984,0.0024082157760858536,0.0009477771928968012,339.8026783466339
1240,0.0022094014566391706,0.0008246302022598684,0.0009476945335399121,340.0640070438385
1241,0.0015911844093352556,0.002190597355365753,0.0009476118128535283,340.3281977176666
1242,0.0009400851558893919,0.0007366698700934649,0.000947529030850406,340.5913362503052
1243,0.002748677972704172,0.002497107721865177,0.0009474461875433116,340.7998163700104
1244,0.0015580302570015192,0.00202655466273427,0.0009473632829450205,341.06385350227356
1245,0.003520525526255369,0.0018554609268903732,0.0009472803170683176,341.3301799297333
1246,0.0013155473861843348,0.0015015567187219858,0.0009471972899259972,341.5957176685333
1247,0.0015644616214558482,0.0010085497051477432,0.0009471142015308633,341.85979318618774
1248,0.001707842922769487,0.00184262590482831,0.000947031051895729,342.1193163394928
1249,0.0015245418762788177,0.0008373733144253492,0.0009469478410334171,342.38445949554443
1250,0.0006861332221888006,0.0003563282953109592,0.0009468645689567598,342.6505708694458
1251,0.002177500631660223,0.0018502826569601893,0.0009467812356785987,342.9128665924072
1252,0.0024917065165936947,0.005094553343951702,0.0009466978412117846,343.182235956192
1253,0.0009042033343575895,0.0005613199900835752,0.0009466143855691784,343.44777154922485
1254,0.0008732394780963659,0.0006475257105194032,0.0009465308687636496,343.7143430709839
1255,0.001757248304784298,0.0016152780735865235,0.0009464472908080777,343.9811384677887
1256,0.0024358206428587437,0.0008635431877337396,0.0009463636517153517,344.24957966804504
1257,0.0023562253918498755,0.0025174818001687527,0.0009462799514983694,344.51013255119324
1258,0.0020783888176083565,0.001074347528629005,0.0009461961901700386,344.7769510746002
1259,0.0007496144389733672,0.0006725856219418347,0.0009461123677432766,345.0020077228546
1260,0.002455310430377722,0.0015609177062287927,0.0009460284842310094,345.2663345336914
1261,0.001783264335244894,0.0010867135133594275,0.0009459445396461731,345.5325303077698
1262,0.002103025559335947,0.0011968653416261077,0.0009458605340017134,345.8003807067871
1263,0.0016977125778794289,0.0035070276353508234,0.0009457764673105842,346.067489862442
1264,0.0015294018667191267,0.0011209779186174273,0.0009456923395857503,346.3339750766754
1265,0.0006273416802287102,0.0012148304376751184,0.0009456081508401852,346.6033389568329
1266,0.0016929268604144454,0.0033369276206940413,0.0009455239010868714,346.8638508319855
1267,0.0028672399930655956,0.0011363852536305785,0.0009454395903388018,347.12884998321533
1268,0.0015187920071184635,0.001421813853085041,0.000945355218608978,347.3930892944336
1269,0.0015579373575747013,0.0029966854490339756,0.0009452707859104111,347.66123962402344
1270,0.0024565074127167463,0.0014670451637357473,0.0009451862922561216,347.9245889186859
1271,0.001056221779435873,0.0008389243157580495,0.0009451017376591398,348.1924419403076
1272,0.00219308421947062,0.0023462309036403894,0.0009450171221325048,348.46132731437683
1273,0.0007364593911916018,0.0005700318142771721,0.0009449324456892655,348.72789549827576
1274,0.0010975890327244997,0.00042319964268244803,0.00094484770834248,348.9712870121002
1275,0.0022128510754555464,0.0016890658298507333,0.0009447629101052158,349.2029490470886
1276,0.0015521704917773604,0.0006823394214734435,0.0009446780509905502,349.4668278694153
1277,0.0035380846820771694,0.0013022321509197354,0.0009445931310115692,349.73418068885803
1278,0.002066312124952674,0.0011362985242158175,0.0009445081501813687,350.0016043186188
1279,0.0014212799724191427,0.0025390759110450745,0.0009444231085130536,350.26907205581665
1280,0.0015934670809656382,0.0008049617754295468,0.0009443380060197386,350.53175687789917
1281,0.0017686983337625861,0.0023461435921490192,0.0009442528427145476,350.79650235176086
1282,0.0008441619575023651,0.0010982709936797619,0.0009441676186106138,351.0622675418854
1283,0.0008284568320959806,0.0006725609418936074,0.0009440823337210796,351.32599568367004
1284,0.0013447690289467573,0.001348148100078106,0.0009439969880590972,351.59168696403503
1285,0.0011528462637215853,0.0010654650395736098,0.0009439115816378279,351.8543062210083
1286,0.0034398753196001053,0.0008983318111859262,0.0009438261144704427,352.12398052215576
1287,0.0008975427481345832,0.0013535876059904695,0.0009437405865701216,352.38349533081055
1288,0.0040109045803546906,0.0010354779660701752,0.0009436549979500538,352.65233302116394
1289,0.0006570752593688667,0.0012126447400078177,0.0009435693486234384,352.9142405986786
1290,0.0017953193746507168,0.0009055464761331677,0.0009434836386034835,353.1540946960449
1291,0.0006898734718561172,0.0011992910876870155,0.0009433978679034068,353.3978855609894
1292,0.0026018894277513027,0.002093574497848749,0.0009433120365364351,353.66551184654236
1293,0.0013223651330918074,0.0010344249894842505,0.0009432261445158045,353.92978715896606
1294,0.0017382751684635878,0.0020118735264986753,0.0009431401918547611,354.1900689601898
1295,0.003939626272767782,0.0016673801001161337,0.0009430541785665594,354.4534842967987
1296,0.001978898188099265,0.0008313522557727993,0.000942968104664464,354.7173981666565
1297,0.0022920574992895126,0.0009844787418842316,0.0009428819701617487,354.97838830947876
1298,0.001646318007260561,0.0015426944009959698,0.0009427957750716962,355.24285316467285
1299,0.0023821317590773106,0.002375368494540453,0.000942709519407599,355.506760597229
1300,0.001427951967343688,0.0012110910611227155,0.0009426232031827588,355.7673053741455
1301,0.0023576030507683754,0.0010226499289274216,0.0009425368264104866,356.4946656227112
1302,0.0017843355890363455,0.005317892413586378,0.0009424503891041028,356.7379186153412
1303,0.0024490663781762123,0.0008789245621301234,0.0009423638912769373,357.0075488090515
1304,0.0021202033385634422,0.0010556067572906613,0.0009422773329423291,357.2756326198578
1305,0.000930626061744988,0.0006141813937574625,0.0009421907141136262,357.54551005363464
1306,0.000560289598070085,0.0004052093718200922,0.0009421040348041868,357.8119831085205
1307,0.0038601327687501907,0.0021752079483121634,0.0009420172950273778,358.08003997802734
1308,0.0025418694131076336,0.0006621773936785758,0.0009419304947965755,358.34642148017883
1309,0.003388776909559965,0.01112470030784607,0.0009418436341251655,358.61352801322937
1310,0.003331138286739588,2.355989456176758,0.000941756713026543,358.8819224834442
1311,0.0011076177470386028,0.006498614326119423,0.0009416697315141121,359.1507980823517
1312,0.13354022800922394,0.5307571887969971,0.0009415826896012866,359.4195008277893
1313,0.024012234061956406,0.6550347208976746,0.0009414955873014894,359.68838357925415
1314,0.010656720027327538,0.07531538605690002,0.0009414084246281529,359.95138597488403
1315,0.005542646162211895,0.04045445844531059,0.0009413212015947184,360.2174959182739
1316,0.0250503271818161,0.6309754848480225,0.0009412339182146372,360.4785668849945
1317,0.00945853441953659,0.07304118573665619,0.0009411465745013692,360.69915533065796
1318,0.013394778594374657,0.09448336064815521,0.0009410591704683838,360.96276783943176
1319,0.003421919187530875,0.02342827245593071,0.0009409717061291602,361.22335982322693
1320,0.007641512900590897,0.1471770852804184,0.0009408841814971861,361.4896538257599
1321,0.0018308598082512617,0.01729024574160576,0.0009407965965859591,361.75503063201904
1322,0.0019137186463922262,0.010179991833865643,0.0009407089514089858,362.0208201408386
1323,0.0032866334076970816,0.07142843306064606,0.0009406212459797822,362.28262543678284
1324,0.009111777879297733,0.21659082174301147,0.0009405334803118738,362.54922103881836
1325,0.009660765528678894,0.2384982705116272,0.0009404456544187948,362.80343747138977
1326,0.001153530552983284,0.009608055464923382,0.0009403577683140894,363.06748509407043
1327,0.0053186058066785336,0.02528310753405094,0.0009402698220113103,363.3323612213135
1328,0.0016946482937783003,0.004932035226374865,0.0009401818155240205,363.59800910949707
1329,0.002026286907494068,0.07027220726013184,0.0009400937488657915,363.85998606681824
1330,0.0030937320552766323,0.02624995820224285,0.0009400056220502038,364.1244692802429
1331,0.0034493524581193924,0.04752470180392265,0.0009399174350908485,364.3888738155365
1332,0.004943300038576126,0.13490146398544312,0.0009398291880013245,364.6543085575104
1333,0.008346190676093102,0.07681933045387268,0.0009397408807952407,364.874365568161
1334,0.00405882066115737,0.05275237187743187,0.0009396525134862153,365.1404571533203
1335,0.002917447593063116,0.011032716371119022,0.0009395640860878758,365.3996698856354
1336,0.003967540338635445,0.012582486495375633,0.0009394755986138585,365.66244769096375
1337,0.0028046686202287674,0.014359003864228725,0.0009393870510778096,365.9279315471649
1338,0.0012987334048375487,0.006568427197635174,0.000939298443493384,366.19220757484436
1339,0.0034947318490594625,0.00431203143671155,0.000939209775874246,366.45327591896057
1340,0.0019659483805298805,0.005966425873339176,0.0009391210482340699,366.715500831604
1341,0.0023031888995319605,0.004052679054439068,0.0009390322605865378,366.98292112350464
1342,0.003974191844463348,0.0066408636048436165,0.0009389434129453423,367.2467894554138
1343,0.009297791868448257,1.3916537761688232,0.0009388545053241848,367.5113437175751
1344,0.0011662133038043976,0.010716053657233715,0.0009387655377367758,367.7710790634155
1345,0.015349499881267548,0.3905770480632782,0.0009386765101968356,368.03983521461487
1346,0.011222067289054394,1.0479209423065186,0.0009385874227180929,368.30458641052246
1347,0.016880720853805542,0.11394749581813812,0.0009384982753142863,368.5768837928772
1348,0.03713579475879669,0.16548867523670197,0.0009384090679991637,368.84391593933105
1349,0.03957069665193558,0.19199830293655396,0.0009383198007864816,369.0640799999237
1350,0.02657446637749672,0.2700178623199463,0.0009382304736900063,369.32935762405396
1351,0.015867680311203003,0.14376813173294067,0.0009381410867235132,369.5948016643524
1352,0.037607356905937195,0.2217877060174942,0.0009380516399007868,369.86102652549744
1353,0.010855364613234997,0.2328837364912033,0.000937962133235621,370.1250624656677
1354,0.058077871799468994,1.1453404426574707,0.0009378725667418188,370.39035964012146
1355,0.034881096333265305,0.2775157392024994,0.0009377829404331924,370.65208745002747
1356,0.03803740069270134,0.15989696979522705,0.0009376932543235636,370.91912722587585
1357,0.0514214001595974,0.20158128440380096,0.0009376035084267627,371.18750953674316
1358,0.03344601020216942,0.22979822754859924,0.0009375137027566301,371.45443415641785
1359,0.02293531224131584,0.28694087266921997,0.0009374238373270144,371.72102999687195
1360,0.045849110931158066,0.24397771060466766,0.0009373339121517746,372.01423025131226
1361,0.008919732645154,0.19285428524017334,0.000937243927244778,372.28773164749146
1362,0.010103306733071804,0.1649543195962906,0.0009371538826199014,372.5567138195038
1363,0.014254930429160595,0.11071573942899704,0.0009370637782910307,372.8523995876312
1364,0.008631011471152306,0.06471873074769974,0.0009369736142720613,373.1789782047272
1365,0.007068953476846218,0.04092419520020485,0.0009368833905768977,373.4684257507324
1366,0.005828700494021177,0.03246631473302841,0.0009367931072194532,373.7972502708435
1367,0.005215650424361229,0.061215803027153015,0.0009367027642136508,374.12505865097046
1368,0.006159435957670212,0.1284857541322708,0.0009366123615734226,374.4541494846344
1369,0.0026347036473453045,0.038332272320985794,0.0009365218993127098,374.787743806839
1370,0.006437141448259354,0.03685017302632332,0.0009364313774454627,375.115562915802
1371,0.01036285050213337,0.13139086961746216,0.0009363407959856411,375.4411897659302
1372,0.004762526135891676,0.027283092960715294,0.0009362501549472137,375.7737457752228
1373,0.004100813530385494,0.01656404696404934,0.0009361594543441585,376.10178422927856
1374,0.003211701987311244,0.011239804327487946,0.0009360686941904626,376.4314374923706
1375,0.00650101900100708,0.026426438242197037,0.0009359778745001225,376.76290249824524
1376,0.0024849846959114075,0.017119521275162697,0.0009358869952871436,377.0955910682678
1377,0.005986269097775221,0.043916165828704834,0.0009357960565655406,377.42605900764465
1378,0.004502241034060717,0.03648719936609268,0.0009357050583493375,377.75301027297974
1379,0.002610334660857916,0.02024475671350956,0.0009356140006525674,378.0808856487274
1380,0.007655178662389517,0.056384019553661346,0.0009355228834892723,378.3612985610962
1381,0.001853323308750987,0.007933457382023335,0.000935431706873504,378.6852476596832
1382,0.0023797117173671722,0.0071534584276378155,0.0009353404708193228,379.01408195495605
1383,0.0017062646802514791,0.007373163476586342,0.0009352491753407984,379.34273195266724
1384,0.004004660528153181,0.017556440085172653,0.0009351578204520099,379.6703689098358
1385,0.0021442677825689316,0.018388252705335617,0.0009350664061670453,380.00101590156555
1386,0.005466630216687918,0.039253897964954376,0.0009349749325000018,380.32945823669434
1387,0.0021292869932949543,0.005580402910709381,0.0009348833994649858,380.659029006958
1388,0.002891566138714552,0.011929021216928959,0.0009347918070761128,380.99163031578064
1389,0.0037304777652025223,0.03398803249001503,0.0009347001553475076,381.32117915153503
1390,0.012592220678925514,0.3540615737438202,0.000934608444293304,381.6462438106537
1391,0.004671487491577864,0.00870481040328741,0.0009345166739276451,381.9734740257263
1392,0.008386513218283653,0.06844404339790344,0.0009344248442646829,382.3050203323364
1393,0.005942644085735083,0.14786900579929352,0.0009343329553185787,382.63361120224
1394,0.00674215704202652,0.4186913073062897,0.0009342410071035029,382.9619736671448
1395,0.011495565995573997,0.5117717981338501,0.0009341489996336351,383.2782247066498
1396,0.003155503422021866,0.02051183395087719,0.0009340569329231642,383.56077432632446
1397,0.0047835009172558784,0.016671447083353996,0.0009339648069862878,383.8836348056793
1398,0.0033845126163214445,0.016660839319229126,0.000933872621837213,384.2146346569061
1399,0.023277323693037033,0.4037324786186218,0.0009337803774901557,384.54226326942444
1400,0.004862420726567507,0.08139777183532715,0.0009336880739593415,384.8729238510132
1401,0.003409251570701599,0.0583023838698864,0.0009335957112590046,387.44956135749817
1402,0.02165176533162594,0.26499080657958984,0.0009335032894033882,387.7753369808197
1403,0.0047365594655275345,0.04586085304617882,0.0009334108084067454,388.0696933269501
1404,0.00932205282151699,0.031605593860149384,0.0009333182682833376,388.3982048034668
1405,0.007013590075075626,0.0774073377251625,0.0009332256690474359,388.7266011238098
1406,0.00955515168607235,0.08694823086261749,0.00093313301071332,389.05759596824646
1407,0.006447615101933479,0.06674094498157501,0.000933040293295279,389.38532519340515
1408,0.003186729270964861,0.007147091440856457,0.0009329475168076114,389.7123427391052
1409,0.00451403483748436,0.04998522996902466,0.0009328546812646241,390.0401108264923
1410,0.004004611633718014,0.018873265013098717,0.0009327617866806339,390.3680057525635
1411,0.05179537087678909,2.9351556301116943,0.000932668833069966,390.69590306282043
1412,0.001601039431989193,0.01019128318876028,0.000932575820446955,391.01576828956604
1413,0.002521878806874156,0.010581928305327892,0.0009324827488259448,391.281108379364
1414,0.00368407997302711,0.016312148422002792,0.0009323896182212883,391.546302318573
1415,0.002996457740664482,0.008073734119534492,0.0009322964286473471,391.81266474723816
1416,0.0016204029088839889,0.01871161162853241,0.0009322031801184924,392.0785734653473
1417,0.018835365772247314,0.06046095862984657,0.0009321098726491044,392.3513445854187
1418,0.013253634795546532,0.13566148281097412,0.000932016506253572,392.56481766700745
1419,0.002923801075667143,0.03051820956170559,0.0009319230809462936,392.8315749168396
1420,0.005301193799823523,0.014573203399777412,0.0009318295967416768,393.1000351905823
1421,0.007826361805200577,0.11125366389751434,0.0009317360536541375,393.38207268714905
1422,0.0022980887442827225,0.01332071516662836,0.0009316424516981018,393.6687264442444
1423,0.005386741366237402,0.0371139794588089,0.0009315487908880037,393.95278000831604
1424,0.0037442154716700315,0.06051309406757355,0.0009314550712382874,394.22840452194214
1425,0.0024929908104240894,0.023184143006801605,0.0009313612927634055,394.5364260673523
1426,0.0015865585301071405,0.016047459095716476,0.0009312674554778198,394.86385226249695
1427,0.004559145774692297,0.01738373190164566,0.0009311735593960011,395.189017534256
1428,0.003234239760786295,0.026613838970661163,0.0009310796045324293,395.5203855037689
1429,0.005183316767215729,0.04406620189547539,0.0009309855909015937,395.84757256507874
1430,0.0045210872776806355,0.033283837139606476,0.000930891518517992,396.1775839328766
1431,0.004332134500145912,0.05899098515510559,0.0009307973873961318,396.5086467266083
1432,0.002666161861270666,0.01776394434273243,0.0009307031975505291,396.8376319408417
1433,0.010642195120453835,0.2079489827156067,0.0009306089489957089,397.15406942367554
1434,0.005127808079123497,0.05247389152646065,0.0009305146417462058,397.44263911247253
1435,0.009578010067343712,0.054396700114011765,0.0009304202758165632,397.7726571559906
1436,0.0032827630639076233,0.011917581781744957,0.0009303258512213333,398.1014461517334
1437,0.002480273600667715,0.022052114829421043,0.0009302313679750778,398.4280140399933
1438,0.004204075783491135,0.010484667494893074,0.0009301368260923668,398.761271238327
1439,0.003059177193790674,0.012127957306802273,0.0009300422255877804,399.0903172492981
1440,0.01925019733607769,0.8146148324012756,0.0009299475664759069,399.41600584983826
1441,0.01051417738199234,0.1678236722946167,0.0009298528487713437,399.7425355911255
1442,0.009185980074107647,0.3961923122406006,0.0009297580724886979,400.07182812690735
1443,0.008814629167318344,0.05241376534104347,0.0009296632376425848,400.39966773986816
1444,0.015695195645093918,0.12310454994440079,0.0009295683442476295,400.71927666664124
1445,0.019654681906104088,0.5477914810180664,0.0009294733923184655,401.0467610359192
1446,0.05122587829828262,0.4241156280040741,0.0009293783818697357,401.3709647655487
1447,0.0038318063598126173,0.024475786834955215,0.0009292833129160917,401.70179176330566
1448,0.0071697416715323925,0.08028746396303177,0.0009291881854721945,402.0294671058655
1449,0.026420563459396362,0.32250919938087463,0.000929092999552714,402.30335545539856
1450,0.014476925134658813,0.09851015359163284,0.000928997755172329,402.63864374160767
1451,0.007730443961918354,0.1591789871454239,0.0009289024523457274,402.9666676521301
1452,0.005858310963958502,0.06769277900457382,0.0009288070910876059,403.2944300174713
1453,0.009775596670806408,0.12721173465251923,0.0009287116714126706,403.6286759376526
1454,0.006143385078758001,0.04711410403251648,0.0009286161933356365,403.96109199523926
1455,0.017558347433805466,0.8670244216918945,0.0009285206568712273,404.29075622558594
1456,0.004214906133711338,0.03871896117925644,0.0009284250620341761,404.6174898147583
1457,0.005366191267967224,0.034512586891651154,0.0009283294088392247,404.9461679458618
1458,0.0034205205738544464,0.019164200872182846,0.0009282336973011242,405.27232360839844
1459,0.04945585876703262,0.232443705201149,0.0009281379274346341,405.60358452796936
1460,0.006147896405309439,0.034538377076387405,0.0009280420992545239,405.93181467056274
1461,0.06186864897608757,0.32687169313430786,0.0009279462127755712,406.2574806213379
1462,0.0029027555137872696,0.023029597476124763,0.0009278502680125627,406.5946891307831
1463,0.007874010130763054,0.05406751111149788,0.0009277542649802947,406.92433285713196
1464,0.012495758943259716,0.0745016410946846,0.0009276582036935717,407.2496871948242
1465,0.0034471838735044003,0.02716504968702793,0.0009275620841672079,407.5389974117279
1466,0.005898293107748032,0.06224087253212929,0.0009274659064160262,407.8684175014496
1467,0.005503509193658829,0.027781127020716667,0.0009273696704548578,408.1996054649353
1468,0.009396371431648731,0.06622564047574997,0.0009272733762985439,408.52791810035706
1469,0.0036672879941761494,0.013895630836486816,0.0009271770239619345,408.8662874698639
1470,0.007528578396886587,0.025558900088071823,0.0009270806134598881,409.19577050209045
1471,0.004888957366347313,0.04177474230527878,0.0009269841448072721,409.52598667144775
1472,0.007340114563703537,0.04679614678025246,0.0009268876180189638,409.85525274276733
1473,0.004477681126445532,0.0416393019258976,0.0009267910331098485,410.1825125217438
1474,0.004607293754816055,0.05769568681716919,0.0009266943900948206,410.5101432800293
1475,0.006826767697930336,0.04807363450527191,0.0009265976889887841,410.83397817611694
1476,0.0024849255569279194,0.021832099184393883,0.0009265009298066514,411.1616988182068
1477,0.0018761655082926154,0.020459793508052826,0.0009264041125633439,411.4948582649231
1478,0.005675060208886862,0.026002876460552216,0.000926307237273792,411.82810497283936
1479,0.005742369219660759,0.07366816699504852,0.000926210303952935,412.15726709365845
1480,0.003126035910099745,0.030819928273558617,0.0009261133126157217,412.4349133968353
1481,0.002530030207708478,0.012544412165880203,0.0009260162632771089,412.76387667655945
1482,0.005675844848155975,0.02476666308939457,0.0009259191559520629,413.095933675766
1483,0.0049093347042799,0.02302149496972561,0.0009258219906555591,413.3727684020996
1484,0.0030574945267289877,0.03006797470152378,0.0009257247674025813,413.64487743377686
1485,0.00167772825807333,0.01707448996603489,0.0009256274862081227,413.91227102279663
1486,0.004886613227427006,0.020959820598363876,0.0009255301470871856,414.1718077659607
1487,0.005106576718389988,0.03279266133904457,0.0009254327500547803,414.4370069503784
1488,0.003253880888223648,0.018756020814180374,0.0009253352951259271,414.7005846500397
1489,0.004330471158027649,0.025669384747743607,0.0009252377823156545,414.97271633148193
1490,0.0033990719821304083,0.01771814189851284,0.0009251402116390006,415.23981261253357
1491,0.0017442945390939713,0.014825473539531231,0.0009250425831110115,415.50438714027405
1492,0.002682531950995326,0.01656646467745304,0.0009249448967467431,415.79096364974976
1493,0.0030292882584035397,0.05166085809469223,0.0009248471525612598,416.0692970752716
1494,0.005516401492059231,0.018125740811228752,0.0009247493505696349,416.332736492157
1495,0.0013464766088873148,0.012148658744990826,0.0009246514907869507,416.6233217716217
1496,0.0037210348527878523,0.013670121319591999,0.0009245535732282985,416.8663589954376
1497,0.0024224300868809223,0.0068688178434967995,0.0009244555979087785,417.1898555755615
1498,0.003849213942885399,0.01893243007361889,0.0009243575648434994,417.52252221107483
1499,0.002240217523649335,0.00967167504131794,0.0009242594740475795,417.84905648231506
1500,0.0013820482417941093,0.005509828682988882,0.0009241613255361454,418.17712903022766
1501,0.0013256160309538245,0.01568688452243805,0.0009240631193243329,419.0221436023712
1502,0.0029912423342466354,0.010278286412358284,0.0009239648554272866,419.34992003440857
1503,0.002242855727672577,0.025462670251727104,0.00092386653386016,419.6776521205902
1504,0.004263008013367653,0.014271022751927376,0.0009237681546381157,420.0050618648529
1505,0.003409461583942175,0.01073610782623291,0.0009236697177763248,420.33491921424866
1506,0.001674754312261939,0.08229346573352814,0.0009235712232899677,420.6539058685303
1507,0.002573649398982525,0.012059908360242844,0.0009234726711942333,420.9740860462189
1508,0.004347417503595352,0.022156110033392906,0.0009233740615043197,421.2935607433319
1509,0.0014858851209282875,0.009635466150939465,0.0009232753942354337,421.59384632110596
1510,0.0019315689569339156,0.017488766461610794,0.0009231766694027908,421.92173886299133
1511,0.004494804423302412,0.011024451814591885,0.0009230778870216162,422.24387526512146
1512,0.0038455601315945387,0.011069701053202152,0.0009229790471071428,422.56952023506165
1513,0.0027102413587272167,0.011758805252611637,0.0009228801496746135,422.89407229423523
1514,0.001864587888121605,0.04542150720953941,0.0009227811947392788,423.2157242298126
1515,0.0024811355397105217,0.3005596995353699,0.0009226821823163995,423.5446469783783
1516,0.0015987535007297993,0.01810777559876442,0.0009225831124212441,423.8687162399292
1517,0.003102274378761649,0.025390975177288055,0.0009224839850690907,424.1999328136444
1518,0.0031719643156975508,0.029138166457414627,0.0009223848002752259,424.52271246910095
1519,0.008098006248474121,0.07555330544710159,0.0009222855580549451,424.85423469543457
1520,0.0023954303469508886,0.05114894360303879,0.0009221862584235527,425.18166303634644
1521,0.004084664396941662,0.055706385523080826,0.0009220869013963623,425.51200699806213
1522,0.003345075761899352,0.03382495418190956,0.0009219874869886959,425.83946895599365
1523,0.003430868498980999,0.014100722968578339,0.000921888015215884,426.1706302165985
1524,0.016681743785738945,2.475337028503418,0.0009217884860932669,426.4404637813568
1525,0.005855772644281387,0.14139588177204132,0.000921688899636193,426.7690315246582
1526,0.006503419950604439,0.03821605071425438,0.0009215892558600197,427.093124628067
1527,0.013594921678304672,0.1557009071111679,0.0009214895547801137,427.4219090938568
1528,0.016882970929145813,0.3026409149169922,0.0009213897964118499,427.7504286766052
1529,0.010346966795623302,0.37415099143981934,0.0009212899807706122,428.0770044326782
1530,0.008431199938058853,0.34509098529815674,0.0009211901078717935,428.40455651283264
1531,0.0036520741414278746,0.045005977153778076,0.0009210901777307957,428.7303783893585
1532,0.004098345059901476,0.05150805413722992,0.0009209901903630288,429.0596430301666
1533,0.005864131264388561,0.04993351921439171,0.0009208901457839128,429.38824558258057
1534,0.009351581335067749,0.09848544001579285,0.000920790044008875,429.72123622894287
1535,0.019464032724499702,0.23715311288833618,0.000920689885053353,430.0502965450287
1536,0.011022789403796196,0.12427274882793427,0.0009205896689327923,430.37709498405457
1537,0.00835866667330265,0.15109868347644806,0.0009204893956626475,430.70832443237305
1538,0.007031513378024101,0.16673815250396729,0.0009203890652583822,431.0342423915863
1539,0.0032094698399305344,0.01556386612355709,0.0009202886777354683,431.34907269477844
1540,0.004058798775076866,0.04009074345231056,0.0009201882331093869,431.6247627735138
1541,0.006427848245948553,0.07383760064840317,0.000920087731395628,431.9545223712921
1542,0.0031637409701943398,0.09219805151224136,0.00091998717260969,432.2833547592163
1543,0.009858474135398865,0.1337956339120865,0.0009198865567670804,432.61374711990356
1544,0.005521728657186031,0.043313734233379364,0.0009197858838833156,432.935405254364
1545,0.003814957570284605,0.021185198798775673,0.0009196851539739205,433.26681661605835
1546,0.005689140409231186,0.049832891672849655,0.0009195843670544288,433.59405279159546
1547,0.006612951867282391,0.0677930936217308,0.0009194835231403832,433.92329001426697
1548,0.005413583945482969,0.014954308047890663,0.0009193826222473352,434.2476797103882
1549,0.004913912620395422,0.03763166069984436,0.0009192816643908448,434.5762138366699
1550,0.004027382005006075,0.021347403526306152,0.0009191806495864812,434.90091490745544
1551,0.004781701136380434,0.08517980575561523,0.0009190795778498219,435.227028131485
1552,0.007407549303025007,0.10433855652809143,0.0009189784491964537,435.5549736022949
1553,0.003413033438846469,0.01828167401254177,0.0009188772636419714,435.8789370059967
1554,0.005279671400785446,0.07317633926868439,0.0009187760212019799,436.2112994194031
1555,0.0027292072772979736,0.024566734209656715,0.0009186747218920913,436.48672366142273
1556,0.0014194711111485958,0.008516441099345684,0.0009185733657279278,436.81440353393555
1557,0.004679308272898197,0.026590785011649132,0.0009184719527251193,437.1319622993469
1558,0.0033955201506614685,0.016556711867451668,0.0009183704828993051,437.46179485321045
1559,0.0032805518712848425,0.008702825754880905,0.0009182689562661333,437.78935050964355
1560,0.003376155626028776,0.018128830939531326,0.0009181673728412605,438.1198115348816
1561,0.0036192242987453938,0.015502803027629852,0.0009180657326403522,438.44982266426086
1562,0.00380935100838542,0.012465869076550007,0.0009179640356790825,438.7702581882477
1563,0.002819497138261795,0.059486716985702515,0.0009178622819731344,439.0984013080597
1564,0.005703863687813282,0.10010781139135361,0.0009177604715381995,439.423766374588
1565,0.0025763981975615025,0.02332109399139881,0.0009176586043899783,439.7508924007416
1566,0.00276205874979496,0.00760277733206749,0.0009175566805441801,440.07801938056946
1567,0.0023479012306779623,0.01820371299982071,0.0009174547000165227,440.3999307155609
1568,0.0036036246456205845,0.051594968885183334,0.0009173526628227329,440.7285876274109
1569,0.0031563639640808105,0.020329685881733894,0.000917250568978546,441.05694484710693
1570,0.0036667115055024624,0.008877757005393505,0.0009171484184997061,441.3880305290222
1571,0.0026391278952360153,0.018914904445409775,0.0009170462114019663,441.71088004112244
1572,0.0017529402393847704,0.008806773461401463,0.000916943947701088,442.03942108154297
1573,0.003102035727351904,0.009865819476544857,0.0009168416274128418,442.36944937705994
1574,0.0024148239754140377,0.008062542416155338,0.0009167392505530067,442.6913712024689
1575,0.0015783067792654037,0.005740336608141661,0.0009166368171373702,443.0219316482544
1576,0.003943567164242268,0.007713060360401869,0.0009165343271817293,443.3438935279846
1577,0.0038570230826735497,0.006770071107894182,0.0009164317807018888,443.67175912857056
1578,0.0014732172712683678,0.0035522168036550283,0.0009163291777136628,443.9990861415863
1579,0.0019465673249214888,0.00463737640529871,0.0009162265182328743,444.32815194129944
1580,0.001158890314400196,0.00720739271491766,0.0009161238022753541,444.65691232681274
1581,0.004252449609339237,0.008893400430679321,0.0009160210298569427,444.98474764823914
1582,0.0018942233873531222,0.005841078702360392,0.0009159182009934888,445.3090877532959
1583,0.0008090193150565028,0.0035090441815555096,0.00091581531570085,445.6371364593506
1584,0.0018339254893362522,0.005013899877667427,0.0009157123739948923,445.96531534194946
1585,0.0016380450688302517,0.002904674503952265,0.0009156093758914906,446.2967019081116
1586,0.0031668455339968204,0.012171107344329357,0.0009155063214065287,446.56926679611206
1587,0.0038682552985846996,0.019022077322006226,0.000915403210555899,446.89951753616333
1588,0.002050764625892043,0.0032134386710822582,0.000915300043355502,447.22758531570435
1589,0.002223367802798748,0.01033064816147089,0.0009151968198212477,447.5513753890991
1590,0.0015579024329781532,0.002959533128887415,0.0009150935399690547,447.83481311798096
1591,0.005053170956671238,0.009682748466730118,0.0009149902038148494,448.102908372879
1592,0.002605011686682701,0.003684158204123378,0.0009148868113745681,448.3697373867035
1593,0.001605306752026081,0.005706554278731346,0.000914783362664155,448.6342022418976
1594,0.0018098296131938696,0.003975138068199158,0.0009146798576995632,448.9057824611664
1595,0.0023938079830259085,0.004754850175231695,0.0009145762964967545,449.17625665664673
1596,0.0018422780558466911,0.009018681943416595,0.0009144726790716994,449.44572496414185
1597,0.0014540142146870494,0.0057477499358356,0.0009143690054403769,449.706915140152
1598,0.0033569075167179108,0.006120213307440281,0.0009142652756187749,449.9715292453766
1599,0.001916287001222372,0.014240382239222527,0.0009141614896228897,450.24639344215393
1600,0.0013878637691959739,0.0017927413573488593,0.0009140576474687263,450.53912711143494
1601,0.0018907379126176238,0.0021048521157354116,0.0009139537491722989,452.958863735199
1602,0.002579048043116927,0.0021525761112570763,0.0009138497947496295,453.28669357299805
1603,0.00081900495570153,0.0014095159713178873,0.0009137457842167493,453.61808347702026
1604,0.0022789528593420982,0.011549025774002075,0.000913641717589698,453.94555950164795
1605,0.001791896647773683,0.0016986047849059105,0.0009135375948845242,454.272474527359
1606,0.0019383365288376808,0.007535635028034449,0.0009134334161172847,454.6017735004425
1607,0.0015478525310754776,0.0030647318344563246,0.0009133291813040452,454.9235944747925
1608,0.004402086138725281,0.026333993300795555,0.0009132248904608801,455.21146512031555
1609,0.0013148513389751315,0.031001968309283257,0.0009131205436038724,455.53727531433105
1610,0.0024432307109236717,0.003296952461823821,0.0009130161407491134,455.86532640457153
1611,0.001227307366207242,0.001442579785361886,0.0009129116819127038,456.19079875946045
1612,0.002092540729790926,0.003032173728570342,0.0009128071671107522,456.5180287361145
1613,0.0041856057941913605,0.029814139008522034,0.0009127025963593759,456.8505349159241
1614,0.0038006859831511974,0.005197854246944189,0.0009125979696747016,457.18403840065
1615,0.0027253092266619205,0.001599891809746623,0.0009124932870728634,457.5076849460602
1616,0.002945937216281891,0.0016294779488816857,0.0009123885485700048,457.8377408981323
1617,0.003344625001773238,0.0054517146199941635,0.0009122837541822783,458.16701889038086
1618,0.0017731001134961843,0.002941091312095523,0.000912178903925844,458.50018787384033
1619,0.0019006419461220503,0.0030205994844436646,0.0009120739978168712,458.8282632827759
1620,0.00235015619546175,0.002226200420409441,0.000911969035871538,459.1497037410736
1621,0.0028515371959656477,0.006617572624236345,0.0009118640181060306,459.47895336151123
1622,0.0018602767959237099,0.004371862392872572,0.0009117589445365443,459.805894613266
1623,0.002530901227146387,0.004385267850011587,0.0009116538151792825,460.08522176742554
1624,0.0031814868561923504,0.004507710225880146,0.0009115486300504575,460.4157919883728
1625,0.002533423714339733,0.0028885200154036283,0.0009114433891662902,460.74191331863403
1626,0.0019436351722106338,0.0018652629805728793,0.0009113380925430103,461.0702586174011
1627,0.003995978273451328,0.003452465869486332,0.0009112327401968554,461.40171790122986
1628,0.0014423684915527701,0.003720845328643918,0.0009111273321440726,461.7253665924072
1629,0.0007821290637366474,0.0022055574227124453,0.0009110218684009171,462.05766248703003
1630,0.001964809140190482,0.007183315698057413,0.0009109163489836524,462.38507413864136
1631,0.0027916543185710907,0.0017034305492416024,0.0009108107739085512,462.7150647640228
1632,0.0021501677110791206,0.0037350726779550314,0.0009107051431918945,463.04011607170105
1633,0.0037369951605796814,0.006381223909556866,0.0009105994568499717,463.37356328964233
1634,0.000980135053396225,0.0009675567271187901,0.0009104937148990811,463.70133352279663
1635,0.0010010034311562777,0.0023565259762108326,0.0009103879173555295,464.0313572883606
1636,0.0015331786125898361,0.00669520441442728,0.0009102820642356321,464.3585138320923
1637,0.0011330399429425597,0.003024931764230132,0.0009101761555557128,464.6818265914917
1638,0.001065124524757266,0.002101494465023279,0.000910070191332104,464.98140144348145
1639,0.0021571347024291754,0.0020401233341544867,0.0009099641715811467,465.28510451316833
1640,0.002483475487679243,0.0038271741941571236,0.0009098580963191908,465.6100630760193
1641,0.00203093234449625,0.003152180928736925,0.000909751965562594,465.9382083415985
1642,0.0015023192390799522,0.00368505553342402,0.0009096457793277233,466.26533460617065
1643,0.001615865039639175,0.00127760274335742,0.0009095395376309537,466.59299540519714
1644,0.0032267309725284576,0.04257094860076904,0.0009094332404886692,466.91794538497925
1645,0.003631200175732374,0.0030161619652062654,0.0009093268879172622,467.25106167793274
1646,0.0021338309161365032,0.005777498707175255,0.0009092204799331334,467.5789966583252
1647,0.003818528726696968,0.0029588660690933466,0.0009091140165526922,467.9078166484833
1648,0.0012735119089484215,0.002745676087215543,0.0009090074977923569,468.23649287223816
1649,0.001003988552838564,0.0037042603362351656,0.0009089009236685539,468.55780005455017
1650,0.0005506068700924516,0.0020760607440024614,0.0009087942941977181,468.8871204853058
1651,0.0004784713964909315,0.0024689841084182262,0.0009086876093962936,469.2141954898834
1652,0.001019028015434742,0.0007771519012749195,0.0009085808692807318,469.5348083972931
1653,0.001518426463007927,0.002268510404974222,0.0009084740738674938,469.8617880344391
1654,0.0013397516449913383,0.0012011375511065125,0.0009083672231730488,470.1365489959717
1655,0.0010743396123871207,0.0010378108127042651,0.0009082603172138746,470.4668593406677
1656,0.0008020602399483323,0.0031430949456989765,0.0009081533560064571,470.7921483516693
1657,0.0031279996037483215,0.005269777029752731,0.0009080463395672914,471.1222198009491
1658,0.00328151136636734,0.1101018562912941,0.0009079392679128807,471.44999718666077
1659,0.0010456833988428116,0.0010747597552835941,0.0009078321410597366,471.7796103954315
1660,0.001748566864989698,0.0012432847870513797,0.0009077249590243796,472.10655903816223
1661,0.0004236293025314808,0.00088670285185799,0.0009076177218233385,472.43264603614807
1662,0.0011109259212389588,0.003722609020769596,0.0009075104294731504,472.75855135917664
1663,0.0013630271423608065,0.0010305035393685102,0.0009074030819903614,473.08690428733826
1664,0.0036239861510694027,0.0018360146787017584,0.0009072956793915258,473.4075462818146
1665,0.002313287928700447,0.004025334492325783,0.0009071882216932065,473.73625326156616
1666,0.0023881355300545692,0.03610781580209732,0.0009070807089119746,474.06416749954224
1667,0.0010448506800457835,0.0012781181139871478,0.0009069731410644101,474.390154838562
1668,0.0028768074698746204,0.0024667265824973583,0.0009068655181671011,474.71265602111816
1669,0.0023878300562500954,0.0018195058219134808,0.0009067578402366447,475.00746870040894
1670,0.0030821538530290127,0.0035452109295874834,0.000906650107289646,475.31787276268005
1671,0.0020689850207418203,0.002630038885399699,0.0009065423193427186,475.6439414024353
1672,0.003209732472896576,0.0035763555206358433,0.0009064344764124852,475.97219371795654
1673,0.0008360862266272306,0.007162098772823811,0.0009063265785155763,476.2985939979553
1674,0.0018607601523399353,0.004250828176736832,0.000906218625668631,476.62813687324524
1675,0.0020344394724816084,0.001410600496456027,0.0009061106178882972,476.9553542137146
1676,0.002748924307525158,0.00633145309984684,0.0009060025551912307,477.2754683494568
1677,0.0006178573239594698,0.001288072788156569,0.0009058944375940968,477.60595178604126
1678,0.0017412196611985564,0.002770682331174612,0.0009057862651135677,477.9315812587738
1679,0.0021342274267226458,0.0026606572791934013,0.0009056780377663258,478.26001596450806
1680,0.002248477190732956,0.004897962789982557,0.0009055697555690606,478.5845673084259
1681,0.0028332099318504333,0.003542958991602063,0.0009054614185384709,478.91404485702515
1682,0.0020628594793379307,0.0016099805943667889,0.0009053530266912633,479.2430040836334
1683,0.001459344057366252,0.003679600777104497,0.0009052445800441533,479.57110929489136
1684,0.0032127860467880964,0.0019335334654897451,0.0009051360786138648,479.9029471874237
1685,0.0013587948633357882,0.0011085488367825747,0.00090502752241713,480.1722276210785
1686,0.001527015003375709,0.0010339115979149938,0.0009049189114706899,480.4976477622986
1687,0.0008090171031653881,0.0012213846202939749,0.0009048102457912934,480.8254768848419
1688,0.001120556378737092,0.0014219344593584538,0.0009047015253956979,481.1529197692871
1689,0.002602421445772052,0.0029616171959787607,0.0009045927503006701,481.4833450317383
1690,0.0009924782207235694,0.001197523670271039,0.0009044839205229839,481.8087248802185
1691,0.002032123040407896,0.004367862828075886,0.0009043750360794226,482.139764547348
1692,0.0009251921437680721,0.0009312306647188962,0.0009042660969867771,482.4343991279602
1693,0.003158836392685771,0.0018891352228820324,0.0009041571032618478,482.70536756515503
1694,0.0024670639541000128,0.001982211833819747,0.0009040480549214422,482.9783148765564
1695,0.000836696126498282,0.0029048467986285686,0.0009039389519823775,483.2467772960663
1696,0.0036271722055971622,0.02952772006392479,0.0009038297944614785,483.51283502578735
1697,0.005156714469194412,0.005105546209961176,0.0009037205823755788,483.78376960754395
1698,0.0009301003301516175,0.0019142545061185956,0.00090361131574152,484.04737758636475
1699,0.001462570740841329,0.0035201411228626966,0.0009035019945761526,484.3134534358978
1700,0.0020070523023605347,0.001117182895541191,0.0009033926188963352,484.55048298835754
1701,0.0015444023301824927,0.0031898918095976114,0.0009032831887189351,485.29592180252075
1702,0.001725704176351428,0.002140074735507369,0.0009031737040608276,485.5620048046112
1703,0.0031064446084201336,0.0021895060781389475,0.0009030641649388966,485.8197751045227
1704,0.00300426734611392,0.007821119390428066,0.0009029545713700346,486.0842025279999
1705,0.0012869717320427299,0.0018204562366008759,0.0009028449233711421,486.348326921463
1706,0.0012497003190219402,0.0011453969636932015,0.0009027352209591283,486.612113237381
1707,0.0020360099151730537,0.0035345950163900852,0.0009026254641509107,486.8745529651642
1708,0.0014617778360843658,0.0024721971713006496,0.0009025156529634152,487.14083528518677
1709,0.003228619694709778,0.00319230230525136,0.000902405787413576,487.40914249420166
1710,0.0036013813223689795,0.003124815644696355,0.0009022958675183358,487.6763653755188
1711,0.003166140988469124,0.0018565988866612315,0.0009021858932946455,487.903883934021
1712,0.0010051807621493936,0.0007529145805165172,0.0009020758647594646,488.1575679779053
1713,0.0017450371524319053,0.0014677993021905422,0.000901965781929761,488.42450499534607
1714,0.0013198284432291985,0.003036145819351077,0.0009018556448225107,488.6896650791168
1715,0.0018694461323320866,0.006522048730403185,0.0009017454534546984,488.9587903022766
1716,0.0015230991411954165,0.001163371722213924,0.0009016352078433167,489.2202548980713
1717,0.001812550239264965,0.01850183866918087,0.000901524908005367,489.4857873916626
1718,0.0020612962543964386,0.003302122000604868,0.0009014145539578591,489.7493612766266
1719,0.004008481279015541,0.003973222803324461,0.0009013041457178108,490.0099604129791
1720,0.0017389310523867607,0.008140342310070992,0.0009011936833022483,490.2759680747986
1721,0.001150891650468111,0.003781575243920088,0.0009010831667282067,490.54420256614685
1722,0.0005026580183766782,0.0014240050222724676,0.0009009725960127287,490.80918765068054
1723,0.001199886086396873,0.0011992898071184754,0.0009008619711728657,491.069540977478
1724,0.0010881404159590602,0.0008737975149415433,0.0009007512922256777,491.33482360839844
1725,0.0017471208702772856,0.0014327412936836481,0.0009006405591882325,491.60089802742004
1726,0.0014768531545996666,0.0008378273923881352,0.0009005297720776067,491.8727128505707
1727,0.002467072568833828,0.001775104901753366,0.0009004189309108851,492.0872485637665
1728,0.0009557639714330435,0.002719648415222764,0.0009003080357051607,492.3552544116974
1729,0.0019473657011985779,0.0011258054291829467,0.0009001970864775348,492.6270396709442
1730,0.0009417043766006827,0.0013711783103644848,0.0009000860832451173,492.88667011260986
1731,0.0011631137458607554,0.0012908985372632742,0.0008999750260250263,493.15070033073425
1732,0.0020734011195600033,0.001464311731979251,0.0008998639148343885,493.41408348083496
1733,0.0011634863913059235,0.0009235710022039711,0.0008997527496903382,493.68045139312744
1734,0.004734558053314686,0.03161684423685074,0.0008996415306100186,493.94320344924927
1735,0.003255816176533699,0.021396489813923836,0.000899530257610581,494.20737624168396
1736,0.0012919242726638913,0.0014973063953220844,0.0008994189307091853,494.4694743156433
1737,0.0029418785125017166,0.002231974620372057,0.0008993075499229996,494.73336124420166
1738,0.0008121225400827825,0.0026000714860856533,0.0008991961152691998,494.9953052997589
1739,0.0008545945165678859,0.0011559037957340479,0.000899084626764971,495.2629382610321
1740,0.002353363437578082,0.002621307736262679,0.0008989730844275054,495.5236406326294
1741,0.002018171129748225,0.013673542998731136,0.0008988614882740051,495.790246963501
1742,0.0017069962341338396,0.001904769567772746,0.0008987498383216792,496.0584101676941
1743,0.0014771530404686928,0.0027130669914186,0.0008986381345877456,496.27360796928406
1744,0.0012028489727526903,0.011063449084758759,0.0008985263770894303,496.5379481315613
1745,0.0012190700508654118,0.0013365872437134385,0.0008984145658439678,496.8016953468323
1746,0.0017592277145013213,0.0021351368632167578,0.0008983027008686008,497.06082034111023
1747,0.0022152536548674107,0.0038806290831416845,0.0008981907821805803,497.32565355300903
1748,0.0019148662686347961,0.0013939694035798311,0.0008980788097971655,497.5918574333191
1749,0.004251656122505665,0.007874359376728535,0.000897966783735624,497.8577480316162
1750,0.0011159697314724326,0.002211182378232479,0.0008978547040132316,498.1229336261749
1751,0.003466702764853835,0.0033019708935171366,0.0008977425706472726,498.38812351226807
1752,0.0014189917128533125,0.0034646952990442514,0.000897630383655039,498.6500630378723
1753,0.002166011370718479,0.0020630215294659138,0.0008975181430538317,498.9141263961792
1754,0.0032436056062579155,0.004159232601523399,0.0008974058488609597,499.1804099082947
1755,0.0015428302576765418,0.0018732803873717785,0.0008972935010937398,499.44828391075134
1756,0.002200187649577856,0.004792200867086649,0.0008971810997694978,499.7176101207733
1757,0.0019945125095546246,0.0013096260372549295,0.0008970686449055673,499.9856004714966
1758,0.0019405093044042587,0.0016798364231362939,0.0008969561365192901,500.2495770454407
1759,0.002821161411702633,0.006573605816811323,0.0008968435746280166,500.4607558250427
1760,0.0013552758609876037,0.0012325217248871922,0.000896730959249105,500.72899317741394
1761,0.0015728126745671034,0.001981412759050727,0.0008966182903999225,500.9969997406006
1762,0.0004248041077516973,0.0012194861192256212,0.0008965055680978436,501.26008892059326
1763,0.0028761904686689377,0.018238147720694542,0.0008963927923602517,501.51952934265137
1764,0.0016839765012264252,0.002869059331715107,0.0008962799632045381,501.78670716285706
1765,0.0008768632542341948,0.001232055015861988,0.0008961670806481026,502.04697346687317
1766,0.001720412983559072,0.002527880482375622,0.000896054144708353,502.31523036956787
1767,0.0015819019172340631,0.0038718334399163723,0.0008959411554027055,502.58453130722046
1768,0.0013641929253935814,0.0031057537999004126,0.0008958281127485844,502.8529722690582
1769,0.001993776299059391,0.0022058964241296053,0.0008957150167634225,503.11915588378906
1770,0.0019743195734918118,0.0013026916421949863,0.0008956018674646605,503.3832733631134
1771,0.0019661886617541313,0.0017439863877370954,0.0008954886648697473,503.6461732387543
1772,0.0030542402528226376,0.00264395191334188,0.0008953754089961405,503.9130804538727
1773,0.0018941223388537765,0.0020539825782179832,0.0008952620998613052,504.1794514656067
1774,0.0008091359632089734,0.0030070652719587088,0.0008951487374827153,504.4434742927551
1775,0.0005010216846130788,0.0016823643818497658,0.0008950353218778527,504.67122983932495
1776,0.000848865311127156,0.00100592034868896,0.0008949218530642075,504.93919706344604
1777,0.0018500401638448238,0.0015556355938315392,0.000894808331059278,505.2079510688782
1778,0.001559489406645298,0.0007281456491909921,0.0008946947558805706,505.4720664024353
1779,0.0017908739391714334,0.0015788068994879723,0.0008945811275456001,505.74105858802795
1780,0.0019618740770965815,0.00444168783724308,0.0008944674460718896,506.00518918037415
1781,0.00219153705984354,0.0018840532284229994,0.0008943537114769701,506.27086091041565
1782,0.001656763139180839,0.0010969003196805716,0.0008942399237783808,506.5328223705292
1783,0.0011051786132156849,0.0024801024701446295,0.0008941260829936694,506.803151845932
1784,0.00130858039483428,0.002776193432509899,0.0008940121891403913,507.0614492893219
1785,0.001887718215584755,0.00242992932908237,0.0008938982422361105,507.32934641838074
1786,0.002271651290357113,0.0027163103222846985,0.000893784242298399,507.5953149795532
1787,0.0035988553427159786,0.002701894612982869,0.0008936701893448373,507.8602886199951
1788,0.0016191027825698256,0.0009571918635629117,0.0008935560833930134,508.1240210533142
1789,0.002947868313640356,0.003599456511437893,0.0008934419244605241,508.3905403614044
1790,0.0034655730705708265,0.0014970393385738134,0.0008933277125649739,508.6401677131653
1791,0.00376924779266119,0.003039886709302664,0.0008932134477239762,508.86843037605286
1792,0.0013980984222143888,0.0019457482267171144,0.0008930991299551515,509.13539361953735
1793,0.004763702861964703,0.003656452987343073,0.0008929847592761296,509.3994951248169
1794,0.0007660374976694584,0.0009618119220249355,0.0008928703357045473,509.66400384902954
1795,0.0011627504136413336,0.000981176970526576,0.0008927558592580506,509.92832684516907
1796,0.0014302305644378066,0.0008209458901546896,0.0008926413299542931,510.1938486099243
1797,0.0025797325652092695,0.0019552225712686777,0.0008925267478109366,510.45644092559814
1798,0.0018590809777379036,0.0032560606487095356,0.0008924121128456511,510.72241282463074
1799,0.001329986727796495,0.0013194591738283634,0.0008922974250761147,510.9847605228424
1800,0.0029712540563195944,0.003525618463754654,0.000892182684520014,511.2495267391205
1801,0.0015984761994332075,0.0010358277941122651,0.0008920678911950431,513.394312620163
1802,0.0009175040177069604,0.0020495769567787647,0.0008919530451189046,513.658712387085
1803,0.002368641085922718,0.0034261790569871664,0.0008918381463093093,513.9277167320251
1804,0.006316935643553734,0.007738521322607994,0.000891723194783976,514.1965312957764
1805,0.001496854005381465,0.0015936394920572639,0.000891608190560632,514.4659049510956
1806,0.0017999212723225355,0.0050623444840312,0.0008914931336570119,514.7356491088867
1807,0.0025242536794394255,0.0031484183855354786,0.000891378024090859,515.001969575882
1808,0.0009251488372683525,0.0046117110177874565,0.0008912628618799249,515.2640535831451
1809,0.0010838117450475693,0.0010482623474672437,0.0008911476470419688,515.5297574996948
1810,0.002220518421381712,0.0034953139256685972,0.0008910323795947586,515.7429277896881
1811,0.0035879823844879866,0.005742335692048073,0.0008909170595560696,516.0123751163483
1812,0.0028605503030121326,0.008349113166332245,0.0008908016869436858,516.2765598297119
1813,0.005538370460271835,0.004994503688067198,0.0008906862617753992,516.544595003128
1814,0.002228270284831524,0.0021643289364874363,0.0008905707840690097,516.8106257915497
1815,0.0007341458695009351,0.0015309816226363182,0.0008904552538423254,517.0798485279083
1816,0.0027494821697473526,0.0028126223478466272,0.0008903396711131625,517.3466174602509
1817,0.0012889952631667256,0.0016744988970458508,0.0008902240358993452,517.6124665737152
1818,0.0014613945968449116,0.0005977542023174465,0.0008901083482187063,517.8818514347076
1819,0.0035844191443175077,0.0026764417998492718,0.0008899926080890859,518.1499536037445
1820,0.0006994299474172294,0.0009815614903345704,0.0008898768155283326,518.4175848960876
1821,0.002996755763888359,0.0013323049061000347,0.0008897609705543033,518.6849980354309
1822,0.0013843083288520575,0.001191512099467218,0.0008896450731848627,518.9512884616852
1823,0.001843115664087236,0.0014365134993568063,0.0008895291234378835,519.2192754745483
1824,0.001961289905011654,0.0037282430566847324,0.0008894131213312468,519.4888129234314
1825,0.0010378790320828557,0.002663418184965849,0.0008892970668828413,519.7391710281372
1826,0.0011944465804845095,0.0024079305585473776,0.0008891809601105642,519.9500069618225
1827,0.001773670082911849,0.0012312604812905192,0.0008890648010323208,520.2105295658112
1828,0.002646967303007841,0.0031973172444850206,0.000888948589666024,520.4779906272888
1829,0.0012416498502716422,0.0011006189743056893,0.0008888323260295953,520.7470381259918
1830,0.0015264740213751793,0.0009300836245529354,0.0008887160101409637,521.0150377750397
1831,0.0009106391808018088,0.0007197383674792945,0.000888599642018067,521.2822456359863
1832,0.0013227835297584534,0.001414757571183145,0.0008884832216788501,521.5470385551453
1833,0.002692088019102812,0.002106111729517579,0.0008883667491412671,521.8103330135345
1834,0.0013356748968362808,0.00333015457727015,0.0008882502244232788,522.0742647647858
1835,0.0019497049506753683,0.001218251185491681,0.0008881336475428555,522.3377192020416
1836,0.0017261801986023784,0.0029691478703171015,0.0008880170185179744,522.6054689884186
1837,0.0036866716109216213,0.0036809302400797606,0.0008879003373666212,522.8743298053741
1838,0.0013054916635155678,0.0009564380161464214,0.0008877836041067898,523.1401014328003
1839,0.0010778279975056648,0.0034753589425235987,0.0008876668187564817,523.4089465141296
1840,0.004416345618665218,0.003909682389348745,0.0008875499813337067,523.6753022670746
1841,0.0016606766730546951,0.006060142070055008,0.0008874330918564828,523.9294321537018
1842,0.0023477724753320217,0.0023903711698949337,0.0008873161503428356,524.1595988273621
1843,0.0013150426093488932,0.0011134654050692916,0.0008871991568107992,524.422700881958
1844,0.0017332183197140694,0.002448380459100008,0.0008870821112784152,524.6892774105072
1845,0.0018491999944671988,0.0011775908060371876,0.0008869650137637335,524.9521901607513
1846,0.0020125145092606544,0.010746068321168423,0.0008868478642848121,525.2155702114105
1847,0.003114424180239439,0.0037903524935245514,0.0008867306628597171,525.4780871868134
1848,0.0012442939914762974,0.003467821516096592,0.0008866134095065222,525.742244720459
1849,0.0038255329709500074,0.002760371658951044,0.0008864961042433094,526.0071489810944
1850,0.0013005451764911413,0.000776606728322804,0.0008863787470881686,526.2722957134247
1851,0.0011683858465403318,0.0009939423762261868,0.0008862613380591978,526.5340135097504
1852,0.0015593906864523888,0.002141371602192521,0.000886143877174503,526.7970027923584
1853,0.0007665631710551679,0.0006940803141333163,0.0008860263644521981,527.0634989738464
1854,0.001807382213883102,0.001013777102343738,0.000885908799910405,527.3239831924438
1855,0.0026816369500011206,0.0011328270193189383,0.0008857911835672537,527.5880146026611
1856,0.0035655885003507137,0.0017165013123303652,0.000885673515440882,527.8566353321075
1857,0.005782789550721645,0.004634067881852388,0.000885555795549436,528.1071982383728
1858,0.0016691635828465223,0.0011774863814935088,0.0008854380239110693,528.3357305526733
1859,0.002489642472937703,0.0009128567762672901,0.0008853202005439441,528.59645819664
1860,0.0006910221418365836,0.0006911653326824307,0.0008852023254662299,528.8635218143463
1861,0.0016506416723132133,0.0009437004919163883,0.000885084398696105,529.1252527236938
1862,0.0014731648843735456,0.001280193217098713,0.0008849664202517546,529.3900768756866
1863,0.0017492840997874737,0.0026997565291821957,0.0008848483901513728,529.6506249904633
1864,0.0031348983757197857,0.0012114242417737842,0.0008847303084131612,529.9173367023468
1865,0.0040910253301262856,0.005178323481231928,0.0008846121750553297,530.1769003868103
1866,0.0031228740699589252,0.0031720635015517473,0.0008844939900960958,530.4401013851166
1867,0.0015657151816412807,0.002033602213487029,0.0008843757535536851,530.7069945335388
1868,0.0026836758479475975,0.0026911941822618246,0.0008842574654463313,530.9694044589996
1869,0.003674353240057826,0.0020337689202278852,0.0008841391257922756,531.2323250770569
1870,0.0023007479030638933,0.0016817341092973948,0.0008840207346097677,531.5002632141113
1871,0.005743598099797964,0.007422441150993109,0.000883902291917065,531.7647104263306
1872,0.0027603348717093468,0.0021293170284479856,0.0008837837977324327,532.032389163971
1873,0.0025563593953847885,0.0014344106893986464,0.0008836652520741443,532.2809283733368
1874,0.002140070777386427,0.0026354456786066294,0.0008835466549604808,532.525646686554
1875,0.001492119743488729,0.0009880271973088384,0.0008834280064097316,532.7911026477814
1876,0.001487041707150638,0.0014198683202266693,0.0008833093064401938,533.0516288280487
1877,0.0020089568570256233,0.04607418552041054,0.0008831905550701721,533.319611787796
1878,0.003278484335169196,0.0015608620597049594,0.0008830717523179798,533.5867447853088
1879,0.0006891097873449326,0.001524183084256947,0.0008829528982019376,533.8563981056213
1880,0.0019639492966234684,0.001580498879775405,0.0008828339927403744,534.1221599578857
1881,0.002094535855576396,0.0028383766766637564,0.0008827150359516268,534.3887436389923
1882,0.0012582403142005205,0.004065430257469416,0.0008825960278540396,534.6512448787689
1883,0.0009403952280990779,0.0015004321467131376,0.0008824769684659652,534.9140598773956
1884,0.0024573018308728933,0.006649314891546965,0.0008823578578057641,535.1795666217804
1885,0.0007813158445060253,0.0009088581427931786,0.0008822386958918046,535.4456534385681
1886,0.0011192731326445937,0.001460694707930088,0.000882119482742463,535.7062673568726
1887,0.0024568396620452404,0.005930172745138407,0.0008820002183761236,535.9738008975983
1888,0.0039146943017840385,0.0031743680592626333,0.0008818809028111783,536.2365255355835
1889,0.003259220626205206,0.0050744726322591305,0.0008817615360660271,536.4585366249084
1890,0.0011157484259456396,0.0013342095771804452,0.0008816421181590779,536.7221808433533
1891,0.0011233554687350988,0.014868681319057941,0.0008815226491087464,536.9871158599854
1892,0.004631041083484888,0.016784073784947395,0.0008814031289334561,537.2565488815308
1893,0.002045227913185954,0.001001153839752078,0.0008812835576516388,537.5153877735138
1894,0.003482916858047247,0.0019457611488178372,0.0008811639352817338,537.776769399643
1895,0.000972137728240341,0.0007348438375629485,0.000881044261842188,538.0414390563965
1896,0.0026609047781676054,0.001631039078347385,0.0008809245373514573,538.3041017055511
1897,0.0016400715103372931,0.001340296003036201,0.000880804761828004,538.5670168399811
1898,0.0015667130937799811,0.0016247053863480687,0.0008806849352902994,538.8320569992065
1899,0.0007143294787965715,0.0022093039005994797,0.0008805650577568218,539.096182346344
1900,0.0008816779591143131,0.0009350771433673799,0.0008804451292460585,539.3573930263519
1901,0.0016166109126061201,0.0010655781952664256,0.0008803251497765035,540.1272253990173
1902,0.000740363379009068,0.0024282776284962893,0.0008802051193666594,540.3920636177063
1903,0.001106032868847251,0.0009535775752738118,0.0008800850380350361,540.6536908149719
1904,0.0018017101101577282,0.004372594878077507,0.0008799649058001521,540.9187617301941
1905,0.0010054780868813396,0.004817708861082792,0.0008798447226805329,541.1834235191345
1906,0.00114149390719831,0.0012631929712370038,0.0008797244886947121,541.4503355026245
1907,0.003103176597505808,0.0013214237987995148,0.000879604203861232,541.7151701450348
1908,0.0013310256181284785,0.002270027529448271,0.0008794838681986414,541.9746215343475
1909,0.0020967726595699787,0.0012845629826188087,0.0008793634817254977,542.2367124557495
1910,0.0015708496794104576,0.0012618679320439696,0.0008792430444603662,542.5028719902039
1911,0.0014984844019636512,0.0007953200838528574,0.0008791225564218196,542.7716357707977
1912,0.0016607417492195964,0.002612603362649679,0.0008790020176284389,543.0395154953003
1913,0.0008494509384036064,0.0017220628215000033,0.0008788814280988126,543.3070483207703
1914,0.001515729702077806,0.001655148807913065,0.0008787607878515369,543.5698254108429
1915,0.0012822971912100911,0.0010557484347373247,0.0008786400969052165,543.8370208740234
1916,0.0021320157684385777,0.001894289394840598,0.0008785193552784629,544.053459405899
1917,0.00245150295086205,0.0015890689101070166,0.0008783985629898966,544.3248434066772
1918,0.002365454100072384,0.0023403922095894814,0.0008782777200581448,544.5833225250244
1919,0.0023748469538986683,0.0039837779477238655,0.0008781568265018434,544.8489029407501
1920,0.0025997385382652283,0.0023506125435233116,0.0008780358823396352,545.1118876934052
1921,0.00044236239045858383,0.0012841782299801707,0.0008779148875901716,545.3778307437897
1922,0.003298416268080473,0.001401193905621767,0.0008777938422721116,545.6410264968872
1923,0.004445891827344894,0.002958661178126931,0.0008776727464041219,545.9085495471954
1924,0.0024298105854541063,0.0017959013348445296,0.0008775516000048768,546.1760091781616
1925,0.0020558699034154415,0.002213101601228118,0.0008774304030930587,546.4428679943085
1926,0.016830619424581528,0.093761146068573,0.0008773091556873578,546.7072288990021
1927,0.0007131571182981133,0.0013761949958279729,0.0008771878578064717,546.9754021167755
1928,0.002903939690440893,0.0036984249018132687,0.0008770665094691062,547.2391929626465
1929,0.0019254143116995692,0.004411639180034399,0.000876945110693975,547.5041522979736
1930,0.0018888752674683928,0.0017809823621064425,0.0008768236614997989,547.7711050510406
1931,0.0018727880669757724,0.0013354949187487364,0.0008767021619053071,548.0132479667664
1932,0.0023154192604124546,0.004230141174048185,0.0008765806119292364,548.2480742931366
1933,0.000678376411087811,0.0017959860851988196,0.0008764590115903313,548.5143904685974
1934,0.0014476965880021453,0.0021248625125736,0.0008763373609073441,548.7832307815552
1935,0.0009912101086229086,0.002774136606603861,0.0008762156598990346,549.0496876239777
1936,0.001690647448413074,0.02513723447918892,0.000876093908584171,549.3158214092255
1937,0.00156685383990407,0.0019598675426095724,0.0008759721069815287,549.5796236991882
1938,0.0014831244479864836,0.0008811797597445548,0.0008758502551098913,549.8488755226135
1939,0.0017755547305569053,0.00176305475179106,0.0008757283529880495,550.1184599399567
1940,0.0014857593923807144,0.00173871498554945,0.0008756064006348022,550.3869249820709
1941,0.00439897645264864,0.004707890097051859,0.0008754843980689562,550.6517162322998
1942,0.0015593100106343627,0.007212825585156679,0.0008753623453093258,550.915308713913
1943,0.0031045766081660986,0.0011450686724856496,0.0008752402423747329,551.1798412799835
1944,0.0013398940209299326,0.0015837274258956313,0.0008751180892840074,551.4481308460236
1945,0.0012590172700583935,0.0019275634549558163,0.000874995886055987,551.7079882621765
1946,0.0017001032829284668,0.0009425407624803483,0.0008748736327095166,551.9727063179016
1947,0.0013640718534588814,0.0013554373290389776,0.0008747513292634496,552.194103717804
1948,0.0021581302862614393,0.15163005888462067,0.0008746289757366463,552.4544930458069
1949,0.0017088487511500716,0.002066386630758643,0.0008745065721479755,552.7224810123444
1950,0.002394998213276267,0.0020022208336740732,0.0008743841185163135,552.9851965904236
1951,0.0011647961800917983,0.0025938411708921194,0.0008742616148605438,553.2493731975555
1952,0.0032748053781688213,0.0033111125230789185,0.000874139061199558,553.5143914222717
1953,0.002336942357942462,0.005796100944280624,0.0008740164575522559,553.7765896320343
1954,0.002102858852595091,0.004147060681134462,0.000873893803937544,554.043128490448
1955,0.0031651724129915237,0.006247044540941715,0.0008737711003743373,554.311286687851
1956,0.002003589877858758,0.010722455568611622,0.0008736483468815581,554.5757565498352
1957,0.00099419173784554,0.003092580009251833,0.0008735255434781366,554.8436288833618
1958,0.003673084545880556,0.009942609816789627,0.0008734026901830106,555.1100087165833
1959,0.0009435177780687809,0.003378857858479023,0.0008732797870151256,555.3761157989502
1960,0.002203237498179078,0.0026339467149227858,0.0008731568339934349,555.6432294845581
1961,0.0019453418208286166,0.003686657641083002,0.0008730338311368995,555.9070134162903
1962,0.0014381487853825092,0.0038913171738386154,0.0008729107784644877,556.1714642047882
1963,0.0005848178407177329,0.0006077736034058034,0.0008727876759951759,556.389436006546
1964,0.001464077620767057,0.0030301904771476984,0.0008726645237479481,556.657707452774
1965,0.0003847431798931211,0.0017656730487942696,0.0008725413217417959,556.922012090683
1966,0.0021573947742581367,0.012064345180988312,0.0008724180699957186,557.1875026226044
1967,0.0037141526117920876,0.011410946026444435,0.000872294768528723,557.4540560245514
1968,0.0036640558391809464,0.00743078114464879,0.0008721714173598239,557.715238571167
1969,0.003002639627084136,0.010420914739370346,0.0008720480165080439,557.9806363582611
1970,0.0032918183133006096,0.010061672888696194,0.0008719245659924123,558.246276140213
1971,0.0011413181200623512,0.004292594734579325,0.0008718010658319671,558.5156254768372
1972,0.002352191833779216,0.0025334542151540518,0.0008716775160457538,558.7829847335815
1973,0.007652634754776955,0.017820866778492928,0.0008715539166528249,559.0508940219879
1974,0.0009303296683356166,0.0027621728368103504,0.0008714302676722411,559.3215720653534
1975,0.00271733570843935,0.017827454954385757,0.0008713065691230707,559.5895845890045
1976,0.0019793733954429626,0.015129528008401394,0.0008711828210243896,559.8527684211731
1977,0.0010551903396844864,0.0025217155925929546,0.0008710590233952814,560.1155920028687
1978,0.0018642288632690907,0.0027163559570908546,0.0008709351762548369,560.3807117938995
1979,0.0017771050333976746,0.0013953323941677809,0.0008708112796221551,560.5839524269104
1980,0.0005056623485870659,0.001250188797712326,0.0008706873335163425,560.8503720760345
1981,0.003224473912268877,0.00343032437376678,0.000870563337956513,561.1095521450043
1982,0.0027389945462346077,0.011377757415175438,0.0008704392929617884,561.3740599155426
1983,0.0027439408004283905,0.004411501344293356,0.0008703151985512978,561.6383640766144
1984,0.0013084535021334887,0.003975857514888048,0.0008701910547441785,561.9013247489929
1985,0.001112437923438847,0.0010502334916964173,0.0008700668615595746,562.1674606800079
1986,0.0011932573979720473,0.0016200270038098097,0.0008699426190166384,562.4330267906189
1987,0.001326714875176549,0.0009757662191987038,0.0008698183271345298,562.692266702652
1988,0.0010667776223272085,0.0013246398884803057,0.0008696939859324162,562.9551515579224
1989,0.0035649477504193783,0.002711785724386573,0.0008695695954294723,563.2199785709381
1990,0.0013880289625376463,0.002345305634662509,0.0008694451556448806,563.4852347373962
1991,0.0016458973987028003,0.001562371733598411,0.0008693206665978318,563.7446887493134
1992,0.002613305114209652,0.0019174680346623063,0.0008691961283075233,564.011234998703
1993,0.0009964782511815429,0.0008038821397349238,0.0008690715407931605,564.2744212150574
1994,0.0007990775629878044,0.0012351257028058171,0.0008689469040739565,564.5404796600342
1995,0.0020575332455337048,0.0022353639360517263,0.0008688222181691316,564.7510285377502
1996,0.00237287487834692,0.00285996007733047,0.0008686974830979142,565.0194983482361
1997,0.0019903196953237057,0.0024156630970537663,0.0008685726988795399,565.2860095500946
1998,0.004126627929508686,0.00407605804502964,0.0008684478655332519,565.5513398647308
1999,0.003460436128079891,0.007659384980797768,0.0008683229830783014,565.8131465911865
2000,0.0012844227021560073,0.001088273129425943,0.0008681980515339464,566.077525138855
2001,0.002033674158155918,0.001475440338253975,0.0008680730709194532,568.2501864433289
2002,0.002246477408334613,0.002809758996590972,0.0008679480412540952,568.5175421237946
2003,0.0014556962996721268,0.0038442080840468407,0.0008678229625571539,568.7782807350159
2004,0.0017501111142337322,0.0020320184994488955,0.0008676978348479175,569.0452830791473
2005,0.0023782742209732533,0.02014719508588314,0.0008675726581456827,569.3100943565369
2006,0.0021547959186136723,0.0015207305550575256,0.0008674474324697531,569.5769016742706
2007,0.0027933120727539062,0.0031459112651646137,0.00086732215783944,569.8445537090302
2008,0.0010900695342570543,0.001899787224829197,0.0008671968342740626,570.1115121841431
2009,0.0037655681371688843,0.002810958307236433,0.0008670714617929472,570.3732712268829
2010,0.0033618113957345486,0.00541340745985508,0.0008669460404154279,570.6377201080322
2011,0.0027347085997462273,0.0038056739140301943,0.000866820570160846,570.8983855247498
2012,0.0009389048209413886,0.0008605952025391161,0.0008666950510485508,571.1653616428375
2013,0.0010606303112581372,0.0008336113533005118,0.0008665694830978989,571.4239959716797
2014,0.0029134596697986126,0.0024175497237592936,0.0008664438663282544,571.6817560195923
2015,0.0014418017817661166,0.0012209000997245312,0.0008663182007589891,571.912246465683
2016,0.001847764477133751,0.002311581978574395,0.0008661924864094822,572.1765959262848
2017,0.0006026591872796416,0.0009377418900839984,0.0008660667232991203,572.442633152008
2018,0.0011217201827093959,0.0010392862604930997,0.0008659409114472977,572.7053480148315
2019,0.0011842455714941025,0.0009621750214137137,0.0008658150508734162,572.9697732925415
2020,0.003980021458119154,0.005442404188215733,0.0008656891415968851,573.239976644516
2021,0.001655359985306859,0.0010474871378391981,0.0008655631836371211,573.5081877708435
2022,0.0006622098153457046,0.0009186927927657962,0.0008654371770135487,573.7742874622345
2023,0.0019689369946718216,0.002019910840317607,0.0008653111217455996,574.0395152568817
2024,0.002649708418175578,0.0036433693021535873,0.0008651850178527129,574.2971794605255
2025,0.000460688432212919,0.0005524366279132664,0.0008650588653543356,574.5655691623688
2026,0.0027637097518891096,0.0011099278926849365,0.0008649326642699222,574.8325796127319
2027,0.0005403314717113972,0.0034164106473326683,0.0008648064146189341,575.1005527973175
2028,0.0008019650122150779,0.0008463687845505774,0.0008646801164208408,575.3674755096436
2029,0.001467325259000063,0.002796395681798458,0.0008645537696951191,575.6365451812744
2030,0.0019046009983867407,0.0012411485658958554,0.000864427374461253,575.8555500507355
2031,0.001759725040756166,0.0023821911308914423,0.0008643009307387345,576.1050233840942
2032,0.0033309448044747114,0.005350668914616108,0.0008641744385470628,576.3656296730042
2033,0.0011213920079171658,0.0011436697095632553,0.0008640478979057445,576.6350898742676
2034,0.0015303784748539329,0.0008631851524114609,0.0008639213088342937,576.9035732746124
2035,0.0020858775824308395,0.0012277724454179406,0.000863794671352232,577.1707797050476
2036,0.002213747939094901,0.0011858720099553466,0.0008636679854790888,577.4365117549896
2037,0.0012280885130167007,0.0005882410914637148,0.0008635412512344004,577.7017076015472
2038,0.0007968397694639862,0.0008539904374629259,0.0008634144686377107,577.9621381759644
2039,0.0021505961194634438,0.0010078445775434375,0.0008632876377085715,578.2245507240295
2040,0.0014726057415828109,0.0007915136520750821,0.0008631607584665414,578.4895887374878
2041,0.0005318057956174016,0.0010694661177694798,0.0008630338309311871,578.7556126117706
2042,0.003974870312958956,0.002384797902777791,0.0008629068551220821,579.025128364563
2043,0.0019299820996820927,0.0026965842116624117,0.0008627798310588079,579.2902851104736
2044,0.0013638914097100496,0.001054916880093515,0.000862652758760953,579.556694984436
2045,0.0036865936126559973,0.0024396912194788456,0.0008625256382481138,579.8204514980316
2046,0.0013916607713326812,0.0010401179315522313,0.0008623984695398936,580.0380327701569
2047,0.0006666072877123952,0.0008040472166612744,0.0008622712526559035,580.3023972511292
2048,0.00047684632590971887,0.00040539566543884575,0.0008621439876157622,580.5679023265839
2049,0.0018605578225106,0.002228727098554373,0.0008620166744390952,580.8342146873474
2050,0.0017099466640502214,0.00109036173671484,0.0008618893131455362,581.0967783927917
2051,0.001298587187193334,0.001222207909449935,0.0008617619037547255,581.3571383953094
2052,0.0017146755708381534,0.0009108493686653674,0.0008616344462863114,581.6232194900513
2053,0.001394964288920164,0.001393736805766821,0.0008615069407599494,581.8894910812378
2054,0.0038913979660719633,0.005685345735400915,0.0008613793871953026,582.1493592262268
2055,0.001736795762553811,0.0014607291668653488,0.0008612517856120411,582.4127824306488
2056,0.0011522455606609583,0.0018683158559724689,0.0008611241360298429,582.676408290863
2057,0.003288873238489032,0.002918629441410303,0.000860996438468393,582.9375190734863
2058,0.0012277293717488647,0.004852102603763342,0.0008608686929473842,583.2032506465912
2059,0.0015408506151288748,0.0008366501424461603,0.0008607408994865164,583.4682712554932
2060,0.0009957579895853996,0.000569047057069838,0.0008606130581054967,583.727532863617
2061,0.001845175283960998,0.0014596253167837858,0.0008604851688240403,583.9923057556152
2062,0.0012007219484075904,0.001715118414722383,0.0008603572316618688,584.2084968090057
2063,0.0010789867956191301,0.0005746721290051937,0.000860229246638712,584.4780168533325
2064,0.002113089896738529,0.0010135992197319865,0.0008601012137743068,584.7420556545258
2065,0.0019771791994571686,0.0021357687655836344,0.0008599731330883975,585.0061986446381
2066,0.0031697875820100307,0.002797848777845502,0.0008598450046007357,585.2697143554688
2067,0.001660612178966403,0.0034198625944554806,0.0008597168283310805,585.5390355587006
2068,0.0016223215498030186,0.0008102332358248532,0.0008595886042991981,585.8039617538452
2069,0.0016548836138099432,0.0006348747992888093,0.0008594603325248626,586.0713441371918
2070,0.004165923222899437,0.0021996842697262764,0.0008593320130278547,586.3384075164795
2071,0.0023381528444588184,0.001606383128091693,0.0008592036458279632,586.6055014133453
2072,0.0021628644317388535,0.0025291016791015863,0.0008590752309449838,586.8671655654907
2073,0.001519960816949606,0.002237647771835327,0.0008589467683987196,587.129460811615
2074,0.0016424469649791718,0.004376399330794811,0.0008588182582089814,587.3931078910828
2075,0.005013507790863514,0.0016273546498268843,0.0008586897003955868,587.6585509777069
2076,0.0020362380892038345,0.0012416078243404627,0.0008585610949783611,587.9280169010162
2077,0.0012944529298692942,0.0013129353756085038,0.0008584324419771371,588.1902620792389
2078,0.003256510943174362,0.04332415759563446,0.0008583037414117546,588.4100682735443
2079,0.0009049888467416167,0.0009189454722218215,0.0008581749933020605,588.6718423366547
2080,0.001827044179663062,0.0013169387821108103,0.0008580461976679099,588.9390361309052
2081,0.0012063243193551898,0.0009208387928083539,0.0008579173545291645,589.1986079216003
2082,0.0017159234266728163,0.0027343856636434793,0.0008577884639056933,589.4661450386047
2083,0.0020707943476736546,0.00482324231415987,0.0008576595258173731,589.7281305789948
2084,0.001250787521712482,0.0022115919273346663,0.0008575305402840879,589.992110490799
2085,0.0012450756039470434,0.003578321309760213,0.0008574015073257287,590.2589037418365
2086,0.0005846875719726086,0.000794226594734937,0.0008572724269621939,590.5235550403595
2087,0.0016467015957459807,0.001440064632333815,0.0008571432992133894,590.7921659946442
2088,0.0016828528605401516,0.0023482299875468016,0.0008570141240992284,591.060035943985
2089,0.0009131231345236301,0.0009252982563339174,0.0008568849016396313,591.3247046470642
2090,0.002590118208900094,0.0011595615651458502,0.0008567556318545259,591.5857191085815
2091,0.0006145436782389879,0.0007368207443505526,0.000856626314763847,591.8499138355255
2092,0.0016420971369370818,0.001515506999567151,0.0008564969503875371,592.1171627044678
2093,0.003091152524575591,0.0026007790584117174,0.0008563675387455457,592.380660533905
2094,0.0007368335500359535,0.0010535792680457234,0.0008562380798578299,592.6215958595276
2095,0.0008967824978753924,0.0005187572096474469,0.0008561085737443537,592.8867483139038
2096,0.0027285541873425245,0.0050191013142466545,0.0008559790204250886,593.1471161842346
2097,0.0025465539656579494,0.0938216969370842,0.0008558494199200134,593.413560628891
2098,0.0022032479755580425,0.0014529863838106394,0.0008557197722491143,593.678829908371
2099,0.0017894007032737136,0.0010458575561642647,0.0008555900774323841,593.9462904930115
2100,0.005306103732436895,0.0028372430242598057,0.0008554603354898238,594.2125239372253
2101,0.0021001729182899,0.002473921049386263,0.0008553305464414411,594.9465689659119
2102,0.0008426004787907004,0.0010095920879393816,0.0008552007103072511,595.2127714157104
2103,0.0009816712699830532,0.00182115170173347,0.0008550708271072762,595.4781556129456
2104,0.00405314564704895,0.00225066184066236,0.0008549408968615461,595.7420852184296
2105,0.0007768955547362566,0.0006898175342939794,0.0008548109195900974,595.9713063240051
2106,0.0017516821390017867,0.0017597469268366694,0.0008546808953129745,596.239506483078
2107,0.0008934805518947542,0.0007622403209097683,0.0008545508240502287,596.5072999000549
2108,0.00370696559548378,0.007483308203518391,0.0008544207058219185,596.7740516662598
2109,0.0008097744430415332,0.0003559072210919112,0.00085429054064811,597.0334885120392
2110,0.001948609366081655,0.001317508751526475,0.0008541603285488761,597.301219701767
2111,0.0015640838537365198,0.0015166429802775383,0.0008540300695442973,597.564370393753
2112,0.0013060367200523615,0.0006988115492276847,0.0008538997636544609,597.8314826488495
2113,0.0018623037030920386,0.0014421404339373112,0.0008537694108994622,598.0978643894196
2114,0.002655485412105918,0.013409648090600967,0.0008536390112994028,598.3702490329742
2115,0.0024517234414815903,0.0085929399356246,0.000853508564874392,598.6384887695312
2116,0.0023166462779045105,0.00246986816637218,0.0008533780716445465,598.9024953842163
2117,0.001978809479624033,0.004383106715977192,0.0008532475316299898,599.1654319763184
2118,0.0011416031047701836,0.0009292387985624373,0.0008531169448508527,599.4302356243134
2119,0.002217563334852457,0.009061085991561413,0.0008529863113272739,599.6944167613983
2120,0.001502394676208496,0.0012062531895935535,0.000852855631079398,599.9356834888458
2121,0.0026581156998872757,0.001624733442440629,0.000852724904127378,600.1767063140869
2122,0.0016407528892159462,0.0007907007238827646,0.0008525941304913735,600.4414880275726
2123,0.002828819677233696,0.004540190100669861,0.0008524633101915513,600.7102189064026
2124,0.010527428239583969,1.901131510734558,0.0008523324432480859,600.9726235866547
2125,0.008794227614998817,0.18459708988666534,0.0008522015296811582,601.2388370037079
2126,0.04418269917368889,2.825730085372925,0.0008520705695109571,601.5054447650909
2127,0.0016458267346024513,0.004397669807076454,0.0008519395627576781,601.7763741016388
2128,0.002424219623208046,0.007125135511159897,0.0008518085094415241,602.0422885417938
2129,0.006017881445586681,0.019478728994727135,0.0008516774095827051,602.3091111183167
2130,0.003248513676226139,0.016302939504384995,0.0008515462632014386,602.5762138366699
2131,0.006906961090862751,0.05218268558382988,0.0008514150703179486,602.839827299118
2132,0.007977684959769249,0.10642781108617783,0.000851283830952467,603.1015188694
2133,0.00572991743683815,0.05698298662900925,0.0008511525451252327,603.3659515380859
2134,0.004009628668427467,0.041949257254600525,0.0008510212128564911,603.6269266605377
2135,0.005606728605926037,0.0966302827000618,0.0008508898341664959,603.89177775383
2136,0.005369954742491245,0.11696930974721909,0.0008507584090755068,604.1141529083252
2137,0.004624124616384506,0.04778166860342026,0.0008506269376037916,604.3816957473755
2138,0.001261745230294764,0.005457567051053047,0.0008504954197716248,604.6443493366241
2139,0.0061169154942035675,0.036728281527757645,0.000850363855599288,604.9056589603424
2140,0.0037111081182956696,0.019293567165732384,0.0008502322451070699,605.1701762676239
2141,0.0017015546327456832,0.02200605534017086,0.0008501005883152667,605.4348113536835
2142,0.0018342561088502407,0.00866022054105997,0.0008499688852441814,605.6994166374207
2143,0.0035626497119665146,0.018443964421749115,0.0008498371359141246,605.9624953269958
2144,0.0026073683984577656,0.014297783374786377,0.0008497053403454133,606.2291278839111
2145,0.0026207880582660437,0.09412258118391037,0.0008495734985583722,606.4957249164581
2146,0.0035494747571647167,0.0163533054292202,0.0008494416105733329,606.7625508308411
2147,0.00398889509961009,0.10998211055994034,0.0008493096764106342,607.0321664810181
2148,0.003111882135272026,1.6819648742675781,0.0008491776960906221,607.3003482818604
2149,0.0032821630593389273,0.009708705358207226,0.0008490456696336496,607.5676250457764
2150,0.004863294772803783,0.07346361130475998,0.0008489135970600768,607.8332993984222
2151,0.01956137642264366,0.11006084829568863,0.000848781478390271,608.0938234329224
2152,0.013805769383907318,0.19968806207180023,0.0008486493136446064,608.3140525817871
2153,0.025524703785777092,0.10208028554916382,0.0008485171028434647,608.581592798233
2154,0.0700327605009079,0.20099331438541412,0.0008483848460072341,608.8466584682465
2155,0.010774294845759869,0.07700672000646591,0.0008482525431563106,609.1110527515411
2156,0.0175373163074255,0.12908068299293518,0.0008481201943110969,609.3725936412811
2157,0.00852283462882042,0.19619649648666382,0.000847987799492003,609.641667842865
2158,0.021973993629217148,0.23471374809741974,0.0008478553587194454,609.9048819541931
2159,0.010449348017573357,0.04531583935022354,0.0008477228720138486,610.169187784195
2160,0.014465218409895897,0.05975591763854027,0.0008475903393956434,610.4339370727539
2161,0.004100459162145853,0.1377694010734558,0.000847457760885268,610.7016870975494
2162,0.0067581236362457275,0.1502399444580078,0.000847325136503168,610.9726271629333
2163,0.006870884448289871,0.1886921525001526,0.0008471924662697955,611.2377429008484
2164,0.005592315923422575,0.018170995637774467,0.0008470597502056099,611.5060911178589
2165,0.002721319906413555,0.023280885070562363,0.0008469269883310777,611.7735168933868
2166,0.0025722200516611338,0.015384073369204998,0.0008467941806666726,612.0432102680206
2167,0.0016975038452073932,0.010775220580399036,0.0008466613272328749,612.3076117038727
2168,0.005556318908929825,0.17484456300735474,0.0008465284280501727,612.5606760978699
2169,0.0035447150003165007,0.022944655269384384,0.0008463954831390602,612.8272111415863
2170,0.002514332765713334,0.007399945054203272,0.0008462624925200397,613.0921852588654
2171,0.0020362474024295807,0.018605878576636314,0.0008461294562136197,613.356198310852
2172,0.003108496544882655,0.010304196737706661,0.0008459963742403163,613.6210720539093
2173,0.002688702894374728,0.039248108863830566,0.000845863246620652,613.8873844146729
2174,0.004261230584233999,0.06970883160829544,0.0008457300733751571,614.1466128826141
2175,0.0033356244675815105,0.03952699527144432,0.0008455968545243685,614.4109699726105
2176,0.00257286848500371,0.015099985525012016,0.0008454635900888304,614.6707158088684
2177,0.002996584866195917,0.06143927201628685,0.0008453302800890937,614.9361174106598
2178,0.0050545185804367065,0.15843471884727478,0.0008451969245457162,615.1986494064331
2179,0.0021701636724174023,0.0074210683815181255,0.0008450635234792634,615.468546628952
2180,0.0020957598462700844,0.02584536001086235,0.0008449300769103073,615.7316896915436
2181,0.0021006567403674126,0.010089870542287827,0.0008447965848594269,615.9992773532867
2182,0.0035564745776355267,0.008739164099097252,0.0008446630473472086,616.2669968605042
2183,0.0023731589317321777,0.008581815287470818,0.0008445294643942454,616.5127701759338
2184,0.0027124888729304075,0.008387921378016472,0.0008443958360211376,616.7543454170227
2185,0.005285955499857664,0.06311176717281342,0.0008442621622484921,617.0233404636383
2186,0.0036707499530166388,0.013309496454894543,0.0008441284430969233,617.2857985496521
2187,0.0031926545780152082,0.009424226358532906,0.0008439946785870524,617.55118060112
2188,0.006583811715245247,0.1005912497639656,0.0008438608687395074,617.8156540393829
2189,0.004398286808282137,0.055013734847307205,0.0008437270135749237,618.0816078186035
2190,0.004117205273360014,0.05362589284777641,0.0008435931131139431,618.3422820568085
2191,0.0008184050093404949,0.0022893990390002728,0.0008434591673772149,618.6089911460876
2192,0.006162609905004501,0.011239670217037201,0.0008433251763853956,618.8688678741455
2193,0.0014299219474196434,0.0129036083817482,0.0008431911401591476,619.1337656974792
2194,0.00221208855509758,0.007232693023979664,0.0008430570587191414,619.4004516601562
2195,0.004318401217460632,0.012449969537556171,0.0008429229320860541,619.6636593341827
2196,0.0015930214431136847,0.1264112889766693,0.0008427887602805694,619.9265739917755
2197,0.0010484888916835189,0.01355566643178463,0.0008426545433233786,620.188854932785
2198,0.002342673484236002,0.011333668604493141,0.0008425202812351793,620.458667755127
2199,0.0010487332474440336,0.0029949306044727564,0.0008423859740366767,620.6878807544708
2200,0.0015315612545236945,0.0045152571983635426,0.0008422516217485827,620.9455502033234
2201,0.0014382874360308051,0.001653169863857329,0.0008421172243916157,623.1312849521637
2202,0.002038659993559122,0.003855917602777481,0.0008419827819865019,623.4024205207825
2203,0.0013862799387425184,0.005932769738137722,0.0008418482945539738,623.6230912208557
2204,0.0037098228931427,0.00866695772856474,0.0008417137621147711,623.889417886734
2205,0.0011801787186414003,0.005785507615655661,0.0008415791846896404,624.1502182483673
2206,0.0027834856882691383,0.0058280956000089645,0.0008414445622993352,624.4149148464203
2207,0.002190072787925601,0.016329461708664894,0.0008413098949646158,624.6777658462524
2208,0.0021500205621123314,0.0048547727055847645,0.0008411751827062501,624.939934015274
2209,0.0017484305426478386,0.0028132202569395304,0.0008410404255450118,625.20534491539
2210,0.0020831904839724302,0.0052810790948569775,0.0008409056235016825,625.4708213806152
2211,0.0026549415197223425,0.01881234347820282,0.0008407707765970502,625.7327246665955
2212,0.001289071049541235,0.003940991126000881,0.0008406358848519103,626.000114440918
2213,0.0016692582285031676,0.005829687230288982,0.0008405009482870645,626.2640690803528
2214,0.0022399770095944405,0.02851877547800541,0.000840365966923322,626.5268838405609
2215,0.002092730952426791,0.007648716680705547,0.0008402309407814982,626.7910912036896
2216,0.002181286457926035,0.004777606576681137,0.0008400958698824161,627.0581879615784
2217,0.0018499776488170028,0.01266765408217907,0.0008399607542469053,627.320326089859
2218,0.004397799726575613,0.007984774187207222,0.0008398255938958024,627.5868365764618
2219,0.0010942292865365744,0.002398737473413348,0.0008396903888499506,627.8004860877991
2220,0.0008836934575811028,0.0027362487744539976,0.0008395551391302005,628.066371679306
2221,0.0015183079522103071,0.006974026560783386,0.0008394198447574092,628.3335273265839
2222,0.0016640148824080825,0.0020140735432505608,0.0008392845057524406,628.5970680713654
2223,0.002961637917906046,0.004962578881531954,0.0008391491221361661,628.8613290786743
2224,0.0014180280268192291,0.0019482813077047467,0.000839013693929463,629.1264357566833
2225,0.002013906603679061,0.011419662274420261,0.0008388782211532163,629.3846457004547
2226,0.0035512237809598446,0.02556612342596054,0.000838742703828318,629.6487741470337
2227,0.0024263765662908554,0.0042511094361543655,0.0008386071419756659,629.91339635849
2228,0.0017902813851833344,0.0018559033051133156,0.0008384715356161656,630.1807305812836
2229,0.0032729394733905792,0.0026039129588752985,0.0008383358847707295,630.4455745220184
2230,0.002787185600027442,0.003019508207216859,0.0008382001894602765,630.7106997966766
2231,0.0007039384800009429,0.0027610838878899813,0.0008380644497057326,630.9710283279419
2232,0.0025070467963814735,0.0024773443583399057,0.0008379286655280303,631.237911939621
2233,0.0010381289757788181,0.0016595718916505575,0.0008377928369481095,631.5025682449341
2234,0.0016082122456282377,0.0024234445299953222,0.0008376569639869168,631.761724948883
2235,0.003644361859187484,0.0020620194263756275,0.0008375210466654051,631.981439113617
2236,0.0021930625662207603,0.004846303258091211,0.0008373850850045349,632.2476699352264
2237,0.001460011932067573,0.01040552742779255,0.0008372490790252731,632.5130414962769
2238,0.001316509093157947,0.0046305241994559765,0.0008371130287485936,632.7766752243042
2239,0.0008630258380435407,0.0011544155422598124,0.0008369769341954767,633.041323184967
2240,0.00281196809373796,0.002724012592807412,0.0008368407953869104,633.307947397232
2241,0.002540621906518936,0.003550579072907567,0.0008367046123438888,633.5758190155029
2242,0.0008071287302300334,0.0022746408358216286,0.0008365683850874128,633.8397183418274
2243,0.0014967003371566534,0.001827584463171661,0.0008364321136384908,634.1047966480255
2244,0.003930463921278715,0.004272748250514269,0.0008362957980181373,634.3687686920166
2245,0.0006921336753293872,0.003482092870399356,0.0008361594382473739,634.6374561786652
2246,0.0009687053970992565,0.00235762563534081,0.0008360230343472289,634.9024364948273
2247,0.002352097537368536,0.002055581659078598,0.0008358865863387379,635.165714263916
2248,0.00150635268073529,0.001996259205043316,0.0008357500942429423,635.4256603717804
2249,0.0014849535655230284,0.001838349737226963,0.0008356135580808913,635.6939618587494
2250,0.0032005689572542906,0.013835594989359379,0.0008354769778736405,635.9539959430695
2251,0.0018572877161204815,0.0013921934878453612,0.0008353403536422522,636.1805329322815
2252,0.0023047085851430893,0.003584817051887512,0.0008352036854077955,636.4426553249359
2253,0.0028245747089385986,0.00548679381608963,0.0008350669731913464,636.706606388092
2254,0.0016644386341795325,0.005022202618420124,0.0008349302170139875,636.9732491970062
2255,0.0020332499407231808,0.0024745811242610216,0.0008347934168968088,637.237485408783
2256,0.0014832501765340567,0.007209077477455139,0.000834656572860906,637.502908706665
2257,0.0025507325772196054,0.0015399171970784664,0.0008345196849273826,637.7659425735474
2258,0.001701361732557416,0.005061594769358635,0.0008343827531173483,638.0316841602325
2259,0.0021257149055600166,0.0016051607672125101,0.0008342457774519195,638.2991354465485
2260,0.0031992150470614433,0.01010826788842678,0.0008341087579522199,638.5641710758209
2261,0.001380814122967422,0.0010458725737407804,0.0008339716946393796,638.8326694965363
2262,0.007843304425477982,0.006220654118806124,0.0008338345875345352,639.1002523899078
2263,0.0021388577297329903,0.0016248030588030815,0.0008336974366588307,639.3665788173676
2264,0.003820182289928198,0.0046905106864869595,0.0008335602420334161,639.6270694732666
2265,0.0045575909316539764,0.010217472910881042,0.0008334230036794488,639.8937265872955
2266,0.0011024150298908353,0.003487361827865243,0.0008332857216180927,640.1460902690887
2267,0.001445747446268797,0.0009393197833560407,0.0008331483958705183,640.3506598472595
2268,0.0024162367917597294,0.0027848456520587206,0.000833011026457903,640.6171753406525
2269,0.0026249196380376816,0.0052242279052734375,0.0008328736134014307,640.8837196826935
2270,0.003992230631411076,0.008659149520099163,0.0008327361567222927,641.15003657341
2271,0.002117256633937359,0.0017513036727905273,0.0008325986564416861,641.4128270149231
2272,0.003790907096117735,0.0020361391361802816,0.0008324611125808153,641.6763179302216
2273,0.0019451528787612915,0.0024828326422721148,0.0008323235251608913,641.941680431366
2274,0.0021586609072983265,0.0014477799413725734,0.0008321858942031318,642.2032616138458
2275,0.0008876220090314746,0.002015067497268319,0.0008320482197287612,642.4649806022644
2276,0.0007634677458554506,0.0016203809063881636,0.0008319105017590108,642.7267684936523
2277,0.0020638438872992992,0.0015039449790492654,0.0008317727403151184,642.9937779903412
2278,0.0019078915938735008,0.005752731114625931,0.0008316349354183283,643.2591235637665
2279,0.0011304087238386273,0.0009675338515080512,0.000831497087089892,643.5250368118286
2280,0.001243908074684441,0.0011651343666017056,0.0008313591953510673,643.7805643081665
2281,0.0010343040339648724,0.0012459296267479658,0.000831221260223119,644.0421047210693
2282,0.0019820525776594877,0.0016294722445309162,0.0008310832817273182,644.3082256317139
2283,0.00220351479947567,0.001163709326647222,0.000830945259884943,644.5312855243683
2284,0.0017754072323441505,0.0014614565297961235,0.0008308071947172784,644.7990188598633
2285,0.001406199997290969,0.002548549324274063,0.0008306690862456153,645.0650155544281
2286,0.0013067713007330894,0.002051513409242034,0.0008305309344912521,645.3324060440063
2287,0.0022441898472607136,0.0016458160243928432,0.0008303927394754934,645.5986394882202
2288,0.0014877859503030777,0.0013153109466657043,0.0008302545012196506,645.8695528507233
2289,0.002271160250529647,0.002116868505254388,0.0008301162197450419,646.1394789218903
2290,0.0018401205306872725,0.0014855313347652555,0.0008299778950729919,646.4054281711578
2291,0.002556657185778022,0.007447781041264534,0.000829839527224832,646.6738500595093
2292,0.0012230908032506704,0.0009641189826652408,0.0008297011162219004,646.9435012340546
2293,0.0014327771496027708,0.002549882512539625,0.0008295626620855417,647.2064001560211
2294,0.0008710615220479667,0.0010348021751269698,0.0008294241648371073,647.4769501686096
2295,0.002343678381294012,0.001612990745343268,0.0008292856244979553,647.7379429340363
2296,0.00230664131231606,0.0016746862092986703,0.0008291470410894502,648.0006580352783
2297,0.004063018597662449,0.0050956085324287415,0.0008290084146329635,648.2646663188934
2298,0.0027571097016334534,0.0019557978957891464,0.0008288697451498728,648.5027482509613
2299,0.0006728294538334012,0.0014085739385336637,0.000828731032661563,648.7429826259613
2300,0.002234651707112789,0.002516296459361911,0.0008285922771894253,649.0132346153259
2301,0.001548050669953227,0.0013422813499346375,0.0008284534787548574,649.7629618644714
2302,0.0010173979680985212,0.001796386786736548,0.0008283146373792638,650.0322210788727
2303,0.0010220349067822099,0.001201450708322227,0.0008281757530840556,650.2983005046844
2304,0.0005872778710909188,0.0013185968855395913,0.0008280368258906504,650.5681736469269
2305,0.0022875487338751554,0.0013215697836130857,0.0008278978558204728,650.836503982544
2306,0.0024668858386576176,0.0031227460131049156,0.0008277588428949534,651.1061050891876
2307,0.0010738929267972708,0.004833025857806206,0.00082761978713553,651.3739140033722
2308,0.0015286626294255257,0.0016061440110206604,0.0008274806885636465,651.6374588012695
2309,0.0016523057129234076,0.004282630048692226,0.000827341547200754,651.858626127243
2310,0.002137458650395274,0.002377063035964966,0.0008272023630683095,652.1153745651245
2311,0.003486316418275237,0.0029178038239479065,0.000827063136187777,652.382358789444
2312,0.002373579889535904,0.007800400257110596,0.0008269238665806273,652.6481873989105
2313,0.002518807537853718,0.0046118879690766335,0.0008267845542683372,652.9169294834137
2314,0.0019229560857638717,0.003345885779708624,0.0008266451992723905,653.1782371997833
2315,0.0020078259985893965,0.001284717582166195,0.0008265058016142776,653.4482374191284
2316,0.0011298959143459797,0.0016249939799308777,0.0008263663613154952,653.7164154052734
2317,0.003134998958557844,0.0014600883005186915,0.000826226878397547,653.9842827320099
2318,0.0005931021878495812,0.0005191873642615974,0.0008260873528819427,654.2494471073151
2319,0.0012160728219896555,0.0011160160647705197,0.0008259477847901991,654.517746925354
2320,0.0012967243092134595,0.0014348489930853248,0.0008258081741438395,654.7868685722351
2321,0.0018160598119720817,0.001613524742424488,0.0008256685209643933,655.0507991313934
2322,0.0020707128569483757,0.0029437574557960033,0.0008255288252733969,655.3129262924194
2323,0.0042768376879394054,0.003701649373397231,0.0008253890870923931,655.5763254165649
2324,0.001771750277839601,0.0012380669359117746,0.0008252493064429313,655.843513250351
2325,0.0011863973923027515,0.0013329589273780584,0.0008251094833465675,656.0602922439575
2326,0.005506947636604309,0.002237789798527956,0.0008249696178248641,656.327166557312
2327,0.002095128409564495,0.002147125080227852,0.0008248297098993902,656.5947852134705
2328,0.003468640148639679,0.001959926914423704,0.0008246897595917211,656.8626441955566
2329,0.004089985974133015,0.0016613409388810396,0.0008245497669234393,657.1274080276489
2330,0.0019350247457623482,0.0014265683712437749,0.0008244097319161332,657.3956460952759
2331,0.0011730128899216652,0.0006856161635369062,0.000824269654591398,657.6628112792969
2332,0.001164749264717102,0.001087500830180943,0.0008241295349708354,657.9336469173431
2333,0.0008285244693979621,0.00229144049808383,0.0008239893730760535,658.2014062404633
2334,0.0009436346590518951,0.0021719832438975573,0.0008238491689286671,658.4682958126068
2335,0.0031138479243963957,0.004812663421034813,0.0008237089225502975,658.7355372905731
2336,0.001318333437666297,0.0010771314846351743,0.0008235686339625725,659.0010545253754
2337,0.0022441926412284374,0.002349911956116557,0.0008234283031871261,659.268098115921
2338,0.0013698296388611197,0.0012677282793447375,0.0008232879302455993,659.5375254154205
2339,0.0014266467187553644,0.0012696797493845224,0.0008231475151596393,659.7982246875763
2340,0.004373791627585888,0.010280046612024307,0.0008230070579508998,660.0651485919952
2341,0.0012160912156105042,0.001104967319406569,0.0008228665586410413,660.2849411964417
2342,0.0018414091318845749,0.04145178943872452,0.0008227260172517304,660.5513682365417
2343,0.001611429499462247,0.0011564195156097412,0.0008225854338046402,660.8135511875153
2344,0.000835153681691736,0.0010767073836177588,0.0008224448083214507,661.080962896347
2345,0.002643418963998556,0.001009024097584188,0.000822304140823848,661.3442947864532
2346,0.0015724285040050745,0.00539426738396287,0.0008221634313335248,661.6113693714142
2347,0.0019803219474852085,0.0112984050065279,0.0008220226798721801,661.882199048996
2348,0.0025702789425849915,0.005108080338686705,0.0008218818864615197,662.1509273052216
2349,0.002065524458885193,0.0016172449104487896,0.000821741051123256,662.4174039363861
2350,0.0020270152017474174,0.0029673560056835413,0.0008216001738791071,662.6837389469147
2351,0.0013107502600178123,0.0017003118991851807,0.0008214592547507984,662.9496121406555
2352,0.002700967248529196,0.0015528928488492966,0.0008213182937600612,663.2088103294373
2353,0.0012890308862552047,0.0010105408728122711,0.0008211772909286335,663.4733278751373
2354,0.002194100059568882,0.0015540614258497953,0.0008210362462782596,663.7397723197937
2355,0.0021705981343984604,0.0017477533547207713,0.0008208951598306907,664.0021181106567
2356,0.0026169053744524717,0.0023762902710586786,0.0008207540316076836,664.2570164203644
2357,0.0014094258658587933,0.0011754200095310807,0.0008206128616310024,664.4826085567474
2358,0.0010433743009343743,0.0011043419362977147,0.0008204716499224172,664.7458598613739
2359,0.001779609709046781,0.0010236692614853382,0.0008203303965037046,665.0109314918518
2360,0.0012756547657772899,0.0010652794735506177,0.0008201891013966478,665.2763845920563
2361,0.001175215933471918,0.0005345173412933946,0.0008200477646230361,665.5416829586029
2362,0.0036297074984759092,0.01879742182791233,0.0008199063862046655,665.8038630485535
2363,0.0023271352984011173,0.0017347614048048854,0.0008197649661633383,666.0721783638
2364,0.0017752405256032944,0.0009478717693127692,0.0008196235045208632,666.3304738998413
2365,0.0019442138727754354,0.0010783126344904304,0.0008194820012990553,666.5940887928009
2366,0.001083713723346591,0.001677921274676919,0.0008193404565197364,666.8600404262543
2367,0.001403521979227662,0.0010540903313085437,0.0008191988702047343,667.1253106594086
2368,0.001163085806183517,0.006568034645169973,0.0008190572423758836,667.3901047706604
2369,0.0007909269770607352,0.000770677113905549,0.0008189155730550247,667.656735420227
2370,0.0016201528487727046,0.0007775986450724304,0.0008187738622640052,667.9249730110168
2371,0.003126931842416525,0.0029189223423600197,0.0008186321100246784,668.193550825119
2372,0.0014772831927984953,0.0035947170108556747,0.0008184903163589045,668.438999414444
2373,0.001322431256994605,0.0009024800965562463,0.0008183484812885498,668.6774351596832
2374,0.0012214439921081066,0.0015435422537848353,0.0008182066048354868,668.9501435756683
2375,0.0015788385644555092,0.000877884856890887,0.0008180646870215951,669.2155978679657
2376,0.005149138625711203,0.003328997176140547,0.0008179227278687596,669.4787497520447
2377,0.0009489910444244742,0.0007481263019144535,0.0008177807273988728,669.7425756454468
2378,0.003175061894580722,0.0015923569444566965,0.0008176386856338327,670.0127182006836
2379,0.0022476825397461653,0.0019337276462465525,0.0008174966025955439,670.2773978710175
2380,0.0021548920776695013,0.004596353508532047,0.0008173544783059174,670.5474610328674
2381,0.0010946772526949644,0.000920985359698534,0.0008172123127868705,670.8139154911041
2382,0.0016971384175121784,0.0016311192885041237,0.0008170701060603269,671.0761041641235
2383,0.002028987742960453,0.0029334421269595623,0.000816927858148217,671.3400838375092
2384,0.0020612571388483047,0.0025680437684059143,0.0008167855690724767,671.6081850528717
2385,0.00170932337641716,0.0020359517075121403,0.0008166432388550491,671.874876499176
2386,0.002802118193358183,0.0015944413607940078,0.0008165008675178832,672.1386094093323
2387,0.0008600455475971103,0.00212740246206522,0.0008163584550829345,672.401623249054
2388,0.0016321649309247732,0.0022892255801707506,0.0008162160015721647,672.6137194633484
2389,0.0012797913514077663,0.0007762814639136195,0.000816073507007542,672.880069732666
2390,0.0025979960337281227,0.00646591279655695,0.0008159309714110408,673.1384003162384
2391,0.0007531160372309387,0.000896131619811058,0.000815788394804642,673.4023041725159
2392,0.004055558703839779,0.005349309649318457,0.0008156457772103326,673.6685526371002
2393,0.0010638530366122723,0.0010749823413789272,0.000815503118650106,673.931902885437
2394,0.0009191635763272643,0.0007675945525988936,0.000815360419145962,674.1951932907104
2395,0.0012877881526947021,0.000599936640355736,0.0008152176787199066,674.4594357013702
2396,0.001489404821768403,0.0031437331344932318,0.0008150748973939523,674.7264688014984
2397,0.0022297529503703117,0.004194944631308317,0.0008149320751901176,674.9860162734985
2398,0.0023062853142619133,0.0026615625247359276,0.0008147892121304276,675.2479517459869
2399,0.0023288193624466658,0.0026943422853946686,0.0008146463082369136,675.5131726264954
2400,0.002870972966775298,0.0016636460786685348,0.000814503363531613,675.7725303173065
2401,0.0008545976015739143,0.0018664964009076357,0.0008143603780365697,677.9235582351685
2402,0.002261357381939888,0.004714054521173239,0.0008142173517738341,678.1931109428406
2403,0.0009228704730048776,0.0008505206787958741,0.0008140742847654625,678.4595332145691
2404,0.0031291297636926174,0.0010163619881495833,0.0008139311770335176,678.7278962135315
2405,0.0032462384551763535,0.002173093846067786,0.0008137880286000684,678.9925653934479
2406,0.0008113944786600769,0.0007631654152646661,0.0008136448394871904,679.2606313228607
2407,0.0015549527015537024,0.0004710202047135681,0.0008135016097169647,679.5192632675171
2408,0.003177910577505827,0.0023711146786808968,0.0008133583393114797,679.725259065628
2409,0.0035428209230303764,0.003927894867956638,0.0008132150282928289,679.989120721817
2410,0.002104880753904581,0.0034003204200416803,0.0008130716766831133,680.2491626739502
2411,0.0011443377006798983,0.0007887961692176759,0.0008129282845044389,680.5237061977386
2412,0.001524238265119493,0.0010151827009394765,0.0008127848517789189,680.7847254276276
2413,0.0006769764004275203,0.0006148832035250962,0.0008126413785286726,681.0527150630951
2414,0.0032666397746652365,0.0032622036524116993,0.000812497864775825,681.3187732696533
2415,0.002128715394064784,0.0011636310955509543,0.000812354310542508,681.5790820121765
2416,0.0012027625925838947,0.0007516074110753834,0.0008122107158508592,681.8449654579163
2417,0.001465396024286747,0.0008987572509795427,0.0008120670807230231,682.1071271896362
2418,0.0020462970715016127,0.0025786005426198244,0.0008119234051811496,682.3721969127655
2419,0.0018619559705257416,0.0009628395782783628,0.0008117796892473957,682.6369421482086
2420,0.001410527154803276,0.0014338141772896051,0.0008116359329439237,682.9061572551727
2421,0.0017260042950510979,0.0011559310369193554,0.0008114921362929032,683.1743848323822
2422,0.003272332949563861,0.002790390979498625,0.000811348299316509,683.4386689662933
2423,0.0009859097190201283,0.0013788011856377125,0.0008112044220369228,683.7058265209198
2424,0.00094209163216874,0.001305275596678257,0.0008110605044763323,683.9244306087494
2425,0.0012711237650364637,0.0015023931628093123,0.0008109165466569313,684.1893608570099
2426,0.0022920151241123676,0.0019052887801080942,0.0008107725486009198,684.4564459323883
2427,0.00289114355109632,0.001126046059653163,0.0008106285103305042,684.7207281589508
2428,0.0025292406789958477,0.0013097203336656094,0.0008104844318678971,684.9868013858795
2429,0.0017814626917243004,0.0022537310142070055,0.0008103403132353172,685.2534549236298
2430,0.0034281741827726364,0.005394261330366135,0.0008101961544549894,685.5143554210663
2431,0.002519266214221716,0.0013930334243923426,0.0008100519555491447,685.7776207923889
2432,0.0010666167363524437,0.001385238254442811,0.0008099077165400204,686.0397298336029
2433,0.0026764157228171825,0.00571396853774786,0.00080976343744986,686.3047966957092
2434,0.0019052060088142753,0.0006391747738234699,0.0008096191183009133,686.5637285709381
2435,0.002874696161597967,0.0018920173170045018,0.000809474759115436,686.8290128707886
2436,0.001134812249802053,0.00100762490183115,0.0008093303599156897,687.0976195335388
2437,0.0019522993825376034,0.0032578622922301292,0.0008091859207239434,687.3624761104584
2438,0.0015759289963170886,0.0009583379724062979,0.0008090414415624709,687.630268573761
2439,0.002179338363930583,0.0025811258237808943,0.0008088969224535525,687.8930008411407
2440,0.006346219219267368,0.002257690532132983,0.0008087523634194754,688.1247699260712
2441,0.002342558465898037,0.001530569395981729,0.000808607764482532,688.3904414176941
2442,0.002764346543699503,0.0018155971774831414,0.0008084631256650216,688.6534099578857
2443,0.0025484273210167885,0.0028076653834432364,0.0008083184469892493,688.9170286655426
2444,0.0027687344700098038,0.001215913100168109,0.000808173728477526,689.1819314956665
2445,0.001140759908594191,0.004647162277251482,0.0008080289701521695,689.4454047679901
2446,0.0007775304256938398,0.0015172255225479603,0.0008078841720355031,689.7101349830627
2447,0.0007342332391999662,0.0005758257466368377,0.0008077393341498567,689.9742519855499
2448,0.001636597327888012,0.0024894631933420897,0.000807594456517566,690.2358028888702
2449,0.0037870127707719803,0.003121444722637534,0.0008074495391609728,690.5001678466797
2450,0.0013019498437643051,0.0007528584683313966,0.0008073045821024255,690.7690043449402
2451,0.001483599073253572,0.0009222343796864152,0.0008071595853642781,691.0471014976501
2452,0.0015486939810216427,0.000943393912166357,0.0008070145489688911,691.3115844726562
2453,0.0007877277093939483,0.0010870251571759582,0.0008068694729386306,691.5710971355438
2454,0.0022491374984383583,0.001304722623899579,0.0008067243572958694,691.8342833518982
2455,0.0020541835110634565,0.0011352364672347903,0.0008065792020629863,692.0736219882965
2456,0.0025368044152855873,0.002068914705887437,0.0008064340072623657,692.3182144165039
2457,0.0014822076773270965,0.0006008839700371027,0.0008062887729163987,692.5833339691162
2458,0.0013259032275527716,0.001542509999126196,0.0008061434990474822,692.8486564159393
2459,0.003374208230525255,0.00832778587937355,0.0008059981856780191,693.1113317012787
2460,0.002412250731140375,0.001766879460774362,0.0008058528328304188,693.3708248138428
2461,0.0022188187576830387,0.0016536122420802712,0.0008057074405270965,693.6374835968018
2462,0.003020975273102522,0.0014144234592095017,0.0008055620087904734,693.8991551399231
2463,0.0015804971335455775,0.0011225424241274595,0.0008054165376429768,694.163812160492
2464,0.000714510097168386,0.0005016655777581036,0.0008052710271070404,694.4274537563324
2465,0.0017943897983059287,0.0010730682406574488,0.0008051254772051037,694.6945180892944
2466,0.0019075846066698432,0.0010238700779154897,0.0008049798879596125,694.9562249183655
2467,0.0012834795052185655,0.0011197279673069715,0.0008048342593930182,695.2228901386261
2468,0.000584861496463418,0.0006401658756658435,0.0008046885915277784,695.4847764968872
2469,0.001766697270795703,0.0010518401395529509,0.0008045428843863574,695.7496917247772
2470,0.0012546912766993046,0.0009257048950530589,0.0008043971379912248,696.0142576694489
2471,0.0015392384957522154,0.001514749601483345,0.0008042513523648567,696.24977684021
2472,0.0036638276651501656,0.0022241713013499975,0.0008041055275297348,696.49764585495
2473,0.0018215792952105403,0.0009942804463207722,0.0008039596635083471,696.7580034732819
2474,0.0023462146054953337,0.0016748039051890373,0.0008038137603231881,697.0231897830963
2475,0.0024201315827667713,0.0011913864873349667,0.0008036678179967574,697.2868316173553
2476,0.0010192160261794925,0.0009428316843695939,0.0008035218365515616,697.5479805469513
2477,0.0021305405534803867,0.000977200223132968,0.0008033758160101127,697.8102238178253
2478,0.0019808164797723293,0.002369750291109085,0.0008032297563949287,698.0780034065247
2479,0.002414901275187731,0.0007969019352458417,0.000803083657728534,698.342128276825
2480,0.0011671027168631554,0.001970910234376788,0.0008029375200334588,698.604145526886
2481,0.0014760143822059035,0.0008250189712271094,0.0008027913433322394,698.8702800273895
2482,0.0012788819149136543,0.024123607203364372,0.0008026451276474182,699.1313531398773
2483,0.0017216070555150509,0.0008354876190423965,0.0008024988730015432,699.397590637207
2484,0.0014355606399476528,0.0007873764843679965,0.000802352579417169,699.6677093505859
2485,0.0030334859620779753,0.0008414836484007537,0.0008022062469168559,699.9365870952606
2486,0.0014724871143698692,0.0011913751950487494,0.0008020598755231698,700.207008600235
2487,0.0008958281250670552,0.001336735556833446,0.0008019134652586836,700.427444934845
2488,0.002604271750897169,0.0020618962589651346,0.0008017670161459752,700.6726768016815
2489,0.0026017995551228523,0.0009659496718086302,0.000801620528207629,700.9370181560516
2490,0.0019161365926265717,0.00157932098954916,0.0008014740014662353,701.2042932510376
2491,0.0019340402213856578,0.0013504757080227137,0.0008013274359443903,701.4704761505127
2492,0.001561049255542457,0.00066489411983639,0.0008011808316646964,701.7378816604614
2493,0.002933098003268242,0.0010901689529418945,0.0008010341886497618,702.0044045448303
2494,0.0044206734746694565,0.00291057163849473,0.0008008875069222003,702.2729816436768
2495,0.0012592528946697712,0.0018614261643961072,0.0008007407865046326,702.5405492782593
2496,0.001645579352043569,0.0014021170791238546,0.0008005940274196846,702.8014924526215
2497,0.000679460063111037,0.0008394448668695986,0.0008004472296899885,703.0652396678925
2498,0.000821386172901839,0.0018681815126910806,0.0008003003933381821,703.3254249095917
2499,0.0025234955828636885,0.005165476351976395,0.0008001535183869096,703.5957581996918
2500,0.0019347178749740124,0.0027386967558413744,0.000800006604858821,703.8609066009521
2501,0.0020318529568612576,0.0015083720209077,0.0007998596527765723,704.5861172676086
2502,0.0010830482933670282,0.0008592692902311683,0.0007997126621628248,704.8507947921753
2503,0.00027721963124349713,0.0008817545021884143,0.0007995656330402471,705.1128468513489
2504,0.0018518331926316023,0.0009153009741567075,0.0007994185654315124,705.3804070949554
2505,0.0010637728264555335,0.0021149087697267532,0.0007992714593593005,705.6437630653381
2506,0.0015484066680073738,0.0008564616437070072,0.0007991243148462969,705.9146409034729
2507,0.002069559646770358,0.005052424501627684,0.0007989771319151936,706.1805272102356
2508,0.0015449803322553635,0.0008463857811875641,0.0007988299105886875,706.4473495483398
2509,0.00317312846891582,0.006827248260378838,0.0007986826508894822,706.7095692157745
2510,0.0012163224164396524,0.0014378632185980678,0.000798535352840287,706.9759984016418
2511,0.0010894613806158304,0.0010089592542499304,0.0007983880164638171,707.2412216663361
2512,0.002972642658278346,0.003508310066536069,0.0007982406417827937,707.5061058998108
2513,0.003659052774310112,0.002771207829937339,0.0007980932288199436,707.7687759399414
2514,0.002002714667469263,0.0011108811013400555,0.000797945777598,707.987372636795
2515,0.0011074007488787174,0.001618839567527175,0.0007977982881397016,708.2468891143799
2516,0.0018852266948670149,0.001233475748449564,0.000797650760467793,708.5167043209076
2517,0.0023553541395813227,0.0017890637973323464,0.0007975031946050252,708.7809829711914
2518,0.003493399126455188,0.002268646378070116,0.0007973555905741544,709.0469377040863
2519,0.0009082371834665537,0.0012361829867586493,0.0007972079483979429,709.3132722377777
2520,0.00356829515658319,0.002828156342729926,0.0007970602680991593,709.5733661651611
2521,0.0013267835602164268,0.005550062283873558,0.0007969125497005776,709.8400719165802
2522,0.0029075341299176216,0.004155478440225124,0.0007967647932249778,710.1086897850037
2523,0.0005739200860261917,0.0005010553286410868,0.0007966169986951459,710.3749690055847
2524,0.0014629977522417903,0.013485808856785297,0.0007964691661338735,710.6407027244568
2525,0.0008722832426428795,0.0022834164556115866,0.0007963212955639585,710.9114181995392
2526,0.0006279133958742023,0.001641622046008706,0.0007961733870082042,711.1792042255402
2527,0.0015162208583205938,0.0019480239134281874,0.00079602544048942,711.4411263465881
2528,0.0016379666049033403,0.00079102668678388,0.0007958774560304212,711.7068493366241
2529,0.003893541172146797,0.003217988880351186,0.0007957294336540286,711.9694130420685
2530,0.0022419076412916183,0.001364247058518231,0.0007955813733830694,712.1843585968018
2531,0.0019963679369539022,0.002115849871188402,0.0007954332752403763,712.450001001358
2532,0.0021585191134363413,0.0010548029094934464,0.0007952851392487879,712.7144856452942
2533,0.0015304936096072197,0.0007580067031085491,0.0007951369654311484,712.983026266098
2534,0.002807230455800891,0.0013405210338532925,0.0007949887538103084,713.2497234344482
2535,0.0021522589959204197,0.0017192966770380735,0.0007948405044091238,713.5183713436127
2536,0.0011889461893588305,0.0006411125068552792,0.0007946922172504566,713.7848036289215
2537,0.0012426243629306555,0.0009369884501211345,0.0007945438923571745,714.0518431663513
2538,0.002644959604367614,0.002670279471203685,0.0007943955297521511,714.3172235488892
2539,0.0020298673771321774,0.0008535318775102496,0.0007942471294582656,714.5815711021423
2540,0.0013858698075637221,0.0008539635455235839,0.0007940986914984034,714.8480200767517
2541,0.0025463285855948925,0.0012192745925858617,0.0007939502158954556,715.1104180812836
2542,0.0019280181732028723,0.002057584235444665,0.0007938017026723187,715.3778352737427
2543,0.0021323300898075104,0.0012131661642342806,0.0007936531518518954,715.6449913978577
2544,0.0009730341262184083,0.0007794040720909834,0.0007935045634570941,715.9128201007843
2545,0.001068874727934599,0.0009915261762216687,0.0007933559375108292,716.1802535057068
2546,0.0011189477518200874,0.0005273016286082566,0.0007932072740360204,716.4031476974487
2547,0.002240232890471816,0.0012361404951661825,0.0007930585730555938,716.6687822341919
2548,0.0027555222623050213,0.001955502899363637,0.0007929098345924806,716.9335141181946
2549,0.002079857513308525,0.0019713363144546747,0.0007927610586696184,717.1964421272278
2550,0.0006639249622821808,0.0008296555024571717,0.00079261224530995,717.4601271152496
2551,0.005182590801268816,0.002683035796508193,0.0007924633945364248,717.724924325943
2552,0.0015333581250160933,0.0012234353926032782,0.0007923145063719971,717.9884738922119
2553,0.0010038375621661544,0.0019872435368597507,0.0007921655808396273,718.2546100616455
2554,0.000834036385640502,0.0012478608405217528,0.0007920166179622819,718.528092622757
2555,0.0014858146896585822,0.00101371924392879,0.0007918676177629325,718.7947909832001
2556,0.0008850523154251277,0.0007251391070894897,0.000791718580264557,719.063440322876
2557,0.0005203393520787358,0.0006319644162431359,0.0007915695054901389,719.3286271095276
2558,0.0026496693026274443,0.001405543414875865,0.0007914203934626669,719.6007497310638
2559,0.001330596162006259,0.0008783917874097824,0.0007912712442051368,719.8660163879395
2560,0.001888698316179216,0.0010591207537800074,0.0007911220577405485,720.1344132423401
2561,0.001076635206118226,0.0005221133469603956,0.0007909728340919089,720.3756811618805
2562,0.002163706813007593,0.004367929417639971,0.0007908235732822301,720.6082317829132
2563,0.0018439166015014052,0.0018043435411527753,0.0007906742753345297,720.873030424118
2564,0.0022260984405875206,0.0011052744230255485,0.0007905249402718318,721.1365883350372
2565,0.0011112391948699951,0.000992440851405263,0.0007903755681171654,721.3965051174164
2566,0.0019115119939669967,0.00116550677921623,0.0007902261588935657,721.6635112762451
2567,0.001903902506455779,0.000791577564086765,0.0007900767126240735,721.9271905422211
2568,0.0014621632872149348,0.0015654765302315354,0.0007899272293317349,722.1908755302429
2569,0.0011709043756127357,0.0018236240139231086,0.0007897777090396025,722.4523837566376
2570,0.0010984186083078384,0.0018521402962505817,0.0007896281517707343,722.718079328537
2571,0.001062577124685049,0.00047817640006542206,0.0007894785575481937,722.9844381809235
2572,0.0009546680375933647,0.0005454402999021113,0.00078932892639505,723.2503893375397
2573,0.0011600248981267214,0.0010018416214734316,0.0007891792583343783,723.5081579685211
2574,0.000620095175690949,0.0010418271413072944,0.0007890295533892593,723.7731750011444
2575,0.0017117809038609266,0.0007871264242567122,0.0007888798115827793,724.0425820350647
2576,0.002372649498283863,0.0014675238635390997,0.0007887300329380304,724.3096177577972
2577,0.0025395278353244066,0.0015064696781337261,0.0007885802174781102,724.5592803955078
2578,0.0022337515838444233,0.001333968830294907,0.0007884303652261226,724.7871310710907
2579,0.001387152704410255,0.0013202970148995519,0.0007882804762051759,725.0540382862091
2580,0.0028273859061300755,0.001217578537762165,0.0007881305504383858,725.3129804134369
2581,0.0011621152516454458,0.0006974059506319463,0.0007879805879488721,725.5805048942566
2582,0.001022634794935584,0.0006666980916634202,0.0007878305887597611,725.8377759456635
2583,0.003460437525063753,0.0015012535732239485,0.0007876805528941846,726.1038641929626
2584,0.0022685995791107416,0.002681085607036948,0.00078753048037528,726.3695378303528
2585,0.0018540042219683528,0.0012734289048239589,0.0007873803712261903,726.6292359828949
2586,0.002242422429844737,0.0013660321710631251,0.000787230225470064,726.8928844928741
2587,0.002707113279029727,0.0010669033508747816,0.000787080043130056,727.1593976020813
2588,0.001517273485660553,0.001122832647524774,0.0007869298242293258,727.42529129982
2589,0.0018378905951976776,0.0033989837393164635,0.0007867795687910395,727.6924886703491
2590,0.0009506658534519374,0.0008350160205736756,0.0007866292768383679,727.9608473777771
2591,0.004637550562620163,0.0017911756876856089,0.0007864789483944884,728.2247829437256
2592,0.0016294729430228472,0.0006772440392524004,0.0007863285834825832,728.4918446540833
2593,0.002151370979845524,0.0018090407829731703,0.0007861781821258403,728.7313890457153
2594,0.0017560243140906096,0.0006786112789995968,0.0007860277443474538,728.9588270187378
2595,0.0016801750753074884,0.004200918134301901,0.0007858772701706233,729.2261266708374
2596,0.0030150562524795532,0.0018314719200134277,0.0007857267596185532,729.4919903278351
2597,0.0005905624711886048,0.0007302176672965288,0.0007855762127144545,729.7578866481781
2598,0.0008373302407562733,0.002167128724977374,0.0007854256294815435,730.0263633728027
2599,0.0013911601854488254,0.0010655070655047894,0.0007852750099430419,730.2922081947327
2600,0.002369662281125784,0.0008563412120565772,0.000785124354122177,730.559255361557
2601,0.0016463885549455881,0.001094826147891581,0.000784973662042182,732.7540764808655
2602,0.0017838517669588327,0.0018517840653657913,0.0007848229337262955,733.0204410552979
2603,0.002229515928775072,0.0031969239935278893,0.0007846721691977614,733.2852778434753
2604,0.0012200509663671255,0.001171489362604916,0.0007845213684798301,733.5517213344574
2605,0.0011995078530162573,0.0017184630269184709,0.0007843705315957562,733.8185129165649
2606,0.0014490674948319793,0.0024116290733218193,0.0007842196585688014,734.0849969387054
2607,0.0016952694859355688,0.0013339020079001784,0.0007840687494222316,734.3529148101807
2608,0.0015763023402541876,0.0007987126591615379,0.0007839178041793192,734.6214015483856
2609,0.001492212526500225,0.0013325512409210205,0.000783766822863342,734.8867890834808
2610,0.004373142030090094,0.004560810513794422,0.0007836158054975828,735.1506054401398
2611,0.0010965898400172591,0.002579975640401244,0.0007834647521053307,735.4131574630737
2612,0.003980615641921759,0.002753673354163766,0.0007833136627098799,735.6662228107452
2613,0.001448343275114894,0.0011009996524080634,0.0007831625373345303,735.9004294872284
2614,0.0022371539380401373,0.001143753295764327,0.0007830113760025875,736.1630630493164
2615,0.0014040287351235747,0.001003667595796287,0.000782860178737362,736.4275441169739
2616,0.0015465524047613144,0.0008957362151704729,0.0007827089455621708,736.6870925426483
2617,0.0015455011744052172,0.0020679666195064783,0.0007825576765003357,736.9537661075592
2618,0.0030005513690412045,0.0013442528434097767,0.0007824063715751845,737.2216732501984
2619,0.00196030898950994,0.0006750480970367789,0.0007822550308100502,737.4792287349701
2620,0.001274865702725947,0.0006610352429561317,0.0007821036542282713,737.7460043430328
2621,0.0009938250295817852,0.0006597741157747805,0.0007819522418531922,738.0095102787018
2622,0.00097567931516096,0.0005139175336807966,0.0007818007937081626,738.2757837772369
2623,0.0011724592186510563,0.0015077086864039302,0.0007816493098165376,738.5438091754913
2624,0.002192595275118947,0.0010153456823900342,0.000781497790201678,738.8131840229034
2625,0.0019743458833545446,0.0008725326042622328,0.0007813462348869497,739.080991268158
2626,0.0007455784361809492,0.0009339358075521886,0.000781194643895725,739.3476462364197
2627,0.0012350119650363922,0.0010681040585041046,0.0007810430172513807,739.6118083000183
2628,0.0011839957442134619,0.000882243097294122,0.0007808913549772996,739.8484077453613
2629,0.0035593686625361443,0.0012181519996374846,0.0007807396570968701,740.0874125957489
2630,0.002394139301031828,0.0013753640232607722,0.000780587923633486,740.3593246936798
2631,0.001413757330738008,0.002195303561165929,0.0007804361546105461,740.6256275177002
2632,0.0018868049373850226,0.0015928569482639432,0.0007802843500514553,740.8836417198181
2633,0.003651547012850642,0.003193470649421215,0.0007801325099796239,741.1516029834747
2634,0.0007499455823563039,0.0005137813277542591,0.0007799806344184672,741.4148550033569
2635,0.0028409042861312628,0.0010492762085050344,0.0007798287233914069,741.6805453300476
2636,0.003087427467107773,0.0026466334238648415,0.0007796767769218689,741.9424369335175
2637,0.0021654851734638214,0.0018540986347943544,0.0007795247950332859,742.2083842754364
2638,0.0025734633672982454,0.005524283740669489,0.000779372777749095,742.4686045646667
2639,0.0020859972573816776,0.0010787443025037646,0.0007792207250927391,742.7366533279419
2640,0.0034427382051944733,0.009667620062828064,0.0007790686370876671,743.0017094612122
2641,0.0008362224325537682,0.0005841566016897559,0.0007789165137573325,743.2691948413849
2642,0.0014630723744630814,0.0007505579269491136,0.0007787643551251947,743.5361104011536
2643,0.0012877446133643389,0.0005111636710353196,0.0007786121612147187,743.8028066158295
2644,0.002091364935040474,0.001993428450077772,0.0007784599320493742,744.0299263000488
2645,0.0013441964983940125,0.0003539793542586267,0.0007783076676526375,744.2940618991852
2646,0.0016462256899103522,0.002868137788027525,0.0007781553680479891,744.560298204422
2647,0.0013293082593008876,0.001893698936328292,0.000778003033258916,744.8269712924957
2648,0.0017087439773604274,0.001297928742133081,0.0007778506633089097,745.0878345966339
2649,0.002020685700699687,0.0017463391413912177,0.0007776982582214677,745.351361989975
2650,0.0013090481515973806,0.000783933384809643,0.0007775458180200931,745.6151394844055
2651,0.0017164398450404406,0.0007032075081951916,0.0007773933427282939,745.8811745643616
2652,0.0024141245521605015,0.0011352780275046825,0.0007772408323695833,746.142816066742
2653,0.0023945497814565897,0.0009010767680592835,0.0007770882869674809,746.4091520309448
2654,0.0026901604142040014,0.0013802392641082406,0.0007769357065455109,746.6787810325623
2655,0.0015437218826264143,0.000852542812936008,0.0007767830911272029,746.9507250785828
2656,0.0025768380146473646,0.0030981325544416904,0.0007766304407360923,747.2233912944794
2657,0.0026773191057145596,0.0009383468423038721,0.00077647775539572,747.4903423786163
2658,0.0024179278407245874,0.0017317011952400208,0.0007763250351296315,747.7619252204895
2659,0.0012674860190600157,0.0009941242169588804,0.0007761722799613786,748.0307123661041
2660,0.0035757068544626236,0.00264935614541173,0.0007760194899145177,748.2479555606842
2661,0.001264731283299625,0.0007471989956684411,0.000775866665012611,748.5150566101074
2662,0.0033606584183871746,0.0017675303388386965,0.0007757138052792266,748.7845454216003
2663,0.0010006425436586142,0.000737561727873981,0.0007755609107379365,749.0479171276093
2664,0.0036846003495156765,0.0029196732211858034,0.0007754079814123195,749.3129901885986
2665,0.0011318768374621868,0.0010312300873920321,0.0007752550173259591,749.5835547447205
2666,0.0022358582355082035,0.001626361976377666,0.0007751020185024442,749.8543293476105
2667,0.0010848151287063956,0.004907657392323017,0.0007749489849653695,750.120523929596
2668,0.002482687123119831,0.001464684959501028,0.0007747959167383342,750.3890881538391
2669,0.0015672006411477923,0.0005221077590249479,0.000774642813844944,750.6526327133179
2670,0.0013999826041981578,0.0008742279023863375,0.0007744896763088083,750.9187486171722
2671,0.0008439293596893549,0.0008589814533479512,0.0007743365041535436,751.1836929321289
2672,0.0027794423513114452,0.0028855104465037584,0.0007741832974027708,751.4543673992157
2673,0.001441720756702125,0.0007077923510223627,0.0007740300560801164,751.7218697071075
2674,0.0018835177179425955,0.0024679964408278465,0.000773876780209212,751.9891080856323
2675,0.0011035553179681301,0.0012906361371278763,0.0007737234698136945,752.2472901344299
2676,0.001678519882261753,0.001774794771336019,0.0007735701249172066,752.476131439209
2677,0.0017189388163387775,0.0016991844167932868,0.0007734167455433957,752.7403745651245
2678,0.0014024416450411081,0.000747531361412257,0.0007732633317159151,753.008802652359
2679,0.001982534769922495,0.001062402268871665,0.0007731098834584233,753.2764108181
2680,0.0012515124399214983,0.0007185897557064891,0.0007729564007945834,753.5403382778168
2681,0.0015172648709267378,0.0039554922841489315,0.0007728028837480647,753.807211637497
2682,0.003077905159443617,0.0030394436325877905,0.0007726493323425415,754.0762729644775
2683,0.0014819512143731117,0.0007717616972513497,0.0007724957466016933,754.3368155956268
2684,0.0035986872389912605,0.002126929350197315,0.0007723421265492048,754.6039769649506
2685,0.0019879010505974293,0.0009479232830926776,0.0007721884722087663,754.8700683116913
2686,0.004070112016052008,0.0021027028560638428,0.0007720347836040732,755.1368780136108
2687,0.0013528072740882635,0.0005366235272958875,0.0007718810607588261,755.4031298160553
2688,0.0004903910448774695,0.0006378439138643444,0.0007717273036967311,755.6685991287231
2689,0.0018523227190598845,0.001109872362576425,0.0007715735124414996,755.9379777908325
2690,0.002366053406149149,0.0010904626687988639,0.0007714196870168481,756.2054796218872
2691,0.002418509451672435,0.0012300716480240226,0.0007712658274464981,756.4238655567169
2692,0.0021860371343791485,0.0011556107783690095,0.0007711119337541771,756.6898262500763
2693,0.001590626547113061,0.0009628164698369801,0.000770958005963617,756.9558794498444
2694,0.0008654959965497255,0.003056330606341362,0.0007708040440985559,757.2193279266357
2695,0.0019614812918007374,0.0009620395139791071,0.0007706500481827364,757.4852442741394
2696,0.0011880845995619893,0.0004568598233163357,0.0007704960182399065,757.7531311511993
2697,0.000826505885925144,0.0009233980672433972,0.0007703419542938195,758.0203106403351
2698,0.002540379762649536,0.001114997430704534,0.0007701878563682345,758.2817871570587
2699,0.0017953785136342049,0.002673506736755371,0.0007700337244869147,758.54789686203
2700,0.004358301870524883,0.003573979251086712,0.0007698795586736298,758.8148267269135
2701,0.002761228010058403,0.0030257839243859053,0.0007697253589521536,759.5457110404968
2702,0.0010056826286017895,0.00068691186606884,0.0007695711253462658,759.7671599388123
2703,0.0017786156386137009,0.0014536604285240173,0.000769416857879751,760.0177609920502
2704,0.0013914889423176646,0.0007157616200856864,0.0007692625565763995,760.2826681137085
2705,0.001355465268716216,0.001055626547895372,0.0007691082214600064,760.5456006526947
2706,0.0008186843479052186,0.0016767241759225726,0.0007689538525543721,760.8145956993103
2707,0.0021826219744980335,0.00412969384342432,0.0007687994498833022,761.0719859600067
2708,0.0010260733542963862,0.0009499889565631747,0.0007686450134706072,761.341059923172
2709,0.002651683986186981,0.001891633844934404,0.0007684905433401037,761.6013970375061
2710,0.0015890313079580665,0.0052508399821817875,0.0007683360395156127,761.8648533821106
2711,0.0005219344748184085,0.0005992359365336597,0.0007681815020209606,762.1318881511688
2712,0.0010956756304949522,0.0008520595729351044,0.0007680269308799792,762.3886213302612
2713,0.0035095647908747196,0.002689225832000375,0.000767872326116505,762.6569709777832
2714,0.0010379585437476635,0.0012049671495333314,0.0007677176877543801,762.91654920578
2715,0.0003299195086583495,0.0005760033964179456,0.0007675630158174518,763.1838262081146
2716,0.0030384636484086514,0.0006946708308532834,0.0007674083103295724,763.4493970870972
2717,0.0015906061744317412,0.0011594260577112436,0.0007672535713145995,763.7115571498871
2718,0.003487871028482914,0.003568159183487296,0.0007670987987963957,763.9517912864685
2719,0.0016593108884990215,0.0005511132767423987,0.0007669439927988288,764.1974399089813
2720,0.001199436723254621,0.0010816354770213366,0.0007667891533457718,764.4638140201569
2721,0.0031748719047755003,0.0026414357125759125,0.0007666342804611032,764.7247884273529
2722,0.0020680937450379133,0.0011298483004793525,0.0007664793741687061,764.9869072437286
2723,0.0021606520749628544,0.00202072411775589,0.0007663244344924692,765.2537243366241
2724,0.0020601325668394566,0.0012672506272792816,0.0007661694614562859,765.5245018005371
2725,0.0026812534779310226,0.0014137709513306618,0.0007660144550840549,765.7915418148041
2726,0.0026232858654111624,0.0017475754721090198,0.0007658594153996806,766.0545310974121
2727,0.001156473415903747,0.0008997032418847084,0.0007657043424270718,766.3216581344604
2728,0.0017390139400959015,0.0011815300676971674,0.0007655492361901424,766.584221124649
2729,0.0015324772102758288,0.0009319823002442718,0.0007653940967128122,766.853355884552
2730,0.0008840208174660802,0.0007811879040673375,0.0007652389240190055,767.1172831058502
2731,0.0029796212911605835,0.004069445189088583,0.000765083718132652,767.3813662528992
2732,0.00132555584423244,0.0010962876258417964,0.000764928479077686,767.6462345123291
2733,0.000906105968169868,0.0009497030405327678,0.0007647732068780475,767.9053156375885
2734,0.0053995512425899506,0.0017375909956172109,0.0007646179015576817,768.1283221244812
2735,0.0012756520882248878,0.0008283705683425069,0.0007644625631405383,768.3934071063995
2736,0.0012471075169742107,0.0009892070665955544,0.0007643071916505726,768.6622290611267
2737,0.0029019229114055634,0.0014666941715404391,0.0007641517871117448,768.9221687316895
2738,0.002372442977502942,0.004694456234574318,0.0007639963495480203,769.1868841648102
2739,0.0027546908240765333,0.009616827592253685,0.0007638408789833693,769.4516727924347
2740,0.001977205276489258,0.0016106563853099942,0.0007636853754417677,769.7201783657074
2741,0.002667224034667015,0.0011506908340379596,0.0007635298389471958,769.9882574081421
2742,0.0011614796239882708,0.0007222427520900965,0.000763374269523639,770.2523329257965
2743,0.002484339289367199,0.0009790986077859998,0.0007632186671950888,770.5213105678558
2744,0.0014158652629703283,0.0012067971983924508,0.0007630630319855405,770.7885403633118
2745,0.0004960856167599559,0.000716495153028518,0.0007629073639189952,771.054071187973
2746,0.0009941215394064784,0.0008205691119655967,0.0007627516630194588,771.31684923172
2747,0.0020862675737589598,0.0008675140561535954,0.0007625959293109422,771.5868742465973
2748,0.0013263837900012732,0.0006141902995295823,0.000762440162817462,771.8545880317688
2749,0.0011958847753703594,0.0012628616532310843,0.0007622843635630387,772.1186890602112
2750,0.002198532922193408,0.0011027369182556868,0.000762128531571699,772.3537819385529
2751,0.002727957908064127,0.006153159774839878,0.0007619726668674739,772.6179413795471
2752,0.0018328034784644842,0.0019780925940722227,0.0007618167694743997,772.8728182315826
2753,0.0005470870528370142,0.0008190705557353795,0.0007616608394165179,773.1378960609436
2754,0.002046361332759261,0.0006900429725646973,0.0007615048767178746,773.4048011302948
2755,0.004480026662349701,0.0024273826275020838,0.0007613488814025214,773.6677560806274
2756,0.0015635452000424266,0.0020837706979364157,0.0007611928534945148,773.9297208786011
2757,0.0014847544953227043,0.00546561274677515,0.0007610367930179162,774.1967971324921
2758,0.002742818323895335,0.0019428788218647242,0.0007608806999967921,774.4618821144104
2759,0.0023869751021265984,0.002735302783548832,0.0007607245744552137,774.7252342700958
2760,0.0017950780456885695,0.0010774137917906046,0.0007605684164172581,774.9873785972595
2761,0.0019795687403529882,0.0007709253113716841,0.0007604122259070063,775.2524130344391
2762,0.0026654198300093412,0.003636459819972515,0.0007602560029485451,775.5210778713226
2763,0.000640617567114532,0.0004272826190572232,0.0007600997475659661,775.7864665985107
2764,0.003664614399895072,0.0011044166749343276,0.0007599434597833658,776.0484707355499
2765,0.0020359146874397993,0.00271011795848608,0.0007597871396248456,776.3160088062286
2766,0.003700713161379099,0.006382917053997517,0.0007596307871145121,776.5302240848541
2767,0.002185423858463764,0.0011029778979718685,0.0007594744022764768,776.7951493263245
2768,0.0017774597508832812,0.0013252794742584229,0.0007593179851348563,777.0580313205719
2769,0.0032730314414948225,0.0023730506654828787,0.000759161535713772,777.3274438381195
2770,0.0031116006430238485,0.0020058832596987486,0.0007590050540373504,777.5908014774323
2771,0.0012785849394276738,0.000609701091889292,0.0007588485401297231,777.8600726127625
2772,0.0007627626764588058,0.00027443020371720195,0.0007586919940150264,778.1273438930511
2773,0.0032536727376282215,0.002670475747436285,0.0007585354157174012,778.3971786499023
2774,0.0028405615594238043,0.0009156111627817154,0.0007583788052609946,778.6630463600159
2775,0.0022673055063933134,0.0025669364258646965,0.0007582221626699576,778.9314558506012
2776,0.002211795188486576,0.0013230585027486086,0.0007580654879684462,779.1936039924622
2777,0.0018471324583515525,0.00098455511033535,0.0007579087811806221,779.4524052143097
2778,0.0030486963223665953,0.0014927657321095467,0.0007577520423306512,779.7177450656891
2779,0.00339309754781425,0.002024283166974783,0.0007575952714427045,779.9826498031616
2780,0.0018244849052280188,0.0008768634870648384,0.0007574384685409581,780.2519710063934
2781,0.002417373238131404,0.001874281675554812,0.000757281633649593,780.5091149806976
2782,0.002415582537651062,0.0018914297688752413,0.0007571247667927952,780.7391529083252
2783,0.000871136027853936,0.0009558085002936423,0.0007569678679947555,781.0000665187836
2784,0.0017361976206302643,0.0012448349734768271,0.0007568109372796697,781.264726638794
2785,0.0009077337454073131,0.0006014517275616527,0.0007566539746717382,781.5264446735382
2786,0.0012571371626108885,0.0005871758330613375,0.0007564969801951668,781.79248213768
2787,0.0008532661013305187,0.0014927941374480724,0.0007563399538741664,782.0542514324188
2788,0.001482429914176464,0.0010450247209519148,0.0007561828957329518,782.3227825164795
2789,0.002441630233079195,0.0018685238901525736,0.0007560258057957437,782.5818173885345
2790,0.001175562385469675,0.0009646585676819086,0.0007558686840867672,782.8512461185455
2791,0.00220028730109334,0.0009842257713899016,0.0007557115306302526,783.1144623756409
2792,0.0012317770160734653,0.0004671499482356012,0.0007555543454504348,783.3806726932526
2793,0.0031776679679751396,0.0019165694247931242,0.0007553971285715538,783.6464369297028
2794,0.0012202028883621097,0.0012204685481265187,0.0007552398800178545,783.9138169288635
2795,0.0012179689947515726,0.0011224944610148668,0.0007550825998135862,784.1834063529968
2796,0.0035797790624201298,0.004030169919133186,0.0007549252879830041,784.4490666389465
2797,0.0015967609360814095,0.0011011729948222637,0.0007547679445503671,784.7092497348785
2798,0.001077759894542396,0.0006918449653312564,0.0007546105695399398,784.9156451225281
2799,0.0010013130959123373,0.0007231092313304543,0.0007544531629759915,785.1760139465332
2800,0.0006790978368371725,0.0014034300111234188,0.000754295724882796,785.4389588832855
2801,0.001960348803550005,0.0011988391634076834,0.0007541382552846325,787.6143102645874
2802,0.0018656200263649225,0.0008918863604776561,0.0007539807542057848,787.8618648052216
2803,0.0017185593023896217,0.0012704541441053152,0.0007538232216705412,788.124452829361
2804,0.002679930767044425,0.00494384765625,0.0007536656577031954,788.3901627063751
2805,0.006761576049029827,0.005115554202347994,0.000753508062328046,788.6533799171448
2806,0.0009536998113617301,0.0006127919186837971,0.0007533504355693958,788.9192452430725
2807,0.0006227846024557948,0.000721039657946676,0.0007531927774515529,789.183253288269
2808,0.001486248685978353,0.0008705184445716441,0.0007530350879988303,789.4504079818726
2809,0.001669971039518714,0.0020291090477257967,0.0007528773672355457,789.7162272930145
2810,0.0010638464009389281,0.0011155834654346108,0.0007527196151860214,789.9829020500183
2811,0.0010257103713229299,0.00047717781853862107,0.0007525618318745852,790.2504379749298
2812,0.001331839244812727,0.0014293947024270892,0.0007524040173255686,790.5169479846954
2813,0.0023300359025597572,0.0019131179433315992,0.0007522461715633092,790.7854595184326
2814,0.0018676153849810362,0.0008851945749484003,0.0007520882946121483,791.0516531467438
2815,0.000692694156896323,0.001149407122284174,0.000751930386496433,791.316508769989
2816,0.0012909425422549248,0.0013614956988021731,0.0007517724472405146,791.5802745819092
2817,0.0016772698145359755,0.0010704061714932323,0.000751614476868749,791.7866399288177
2818,0.0033177153673022985,0.0015609710244461894,0.0007514564754054975,792.0503025054932
2819,0.0016779511934146285,0.0012596677988767624,0.0007512984428751259,792.3159804344177
2820,0.0033365110866725445,0.0011644756887108088,0.0007511403793020046,792.5813775062561
2821,0.0010600597597658634,0.0016111828153952956,0.000750982284710509,792.8482694625854
2822,0.0009553797426633537,0.0007578630466014147,0.0007508241591250197,793.1169016361237
2823,0.0013630054891109467,0.003984970506280661,0.0007506660025699213,793.3846127986908
2824,0.002143397694453597,0.0009659077040851116,0.0007505078150696033,793.6515817642212
2825,0.002674226416274905,0.0007977770874276757,0.0007503495966484607,793.9150524139404
2826,0.0020297556184232235,0.0029422836378216743,0.0007501913473308924,794.1763832569122
2827,0.0015860622515901923,0.001660729292780161,0.0007500330671413028,794.4457771778107
2828,0.0018769600428640842,0.01031437423080206,0.0007498747561041004,794.7093832492828
2829,0.0029023464303463697,0.009151824750006199,0.0007497164142436988,794.976883649826
2830,0.0009970939718186855,0.0009356083464808762,0.0007495580415845163,795.2428426742554
2831,0.001378208165988326,0.0008918492821976542,0.0007493996381509761,795.5081377029419
2832,0.0015358428936451674,0.0007882279460318387,0.0007492412039675057,795.7748727798462
2833,0.0012566468212753534,0.0011724535143002868,0.0007490827390585381,796.0142366886139
2834,0.0027657183818519115,0.0008900121902115643,0.0007489242434485099,796.2812721729279
2835,0.002428792417049408,0.00196994305588305,0.0007487657171618638,796.5486209392548
2836,0.0039867921732366085,0.001831832341849804,0.0007486071602230462,796.8114149570465
2837,0.0011776783503592014,0.0006657447083853185,0.0007484485726565088,797.0782241821289
2838,0.0017256825231015682,0.0016938323387876153,0.0007482899544867073,797.343122959137
2839,0.003841053694486618,0.0024194344878196716,0.0007481313057381033,797.6096305847168
2840,0.0012065033661201596,0.0006430163630284369,0.0007479726264351618,797.8779497146606
2841,0.0020202321466058493,0.0008166751940734684,0.0007478139166023535,798.1432182788849
2842,0.0022193838376551867,0.001561732147820294,0.0007476551762641535,798.4112255573273
2843,0.0008543627336621284,0.000778654299210757,0.0007474964054450413,798.674987077713
2844,0.002747769234701991,0.002562516136094928,0.0007473376041695017,798.9348418712616
2845,0.0024147320073097944,0.0017428863793611526,0.0007471787724620234,799.1995370388031
2846,0.0021353336051106453,0.0013815161073580384,0.0007470199103471006,799.4678971767426
2847,0.004324047826230526,0.00290639977902174,0.0007468610178492317,799.7242176532745
2848,0.0017040146049112082,0.001230809255503118,0.0007467020949929199,799.9836614131927
2849,0.0028985661920160055,0.0025509558618068695,0.000746543141802673,800.1952505111694
2850,0.0025085611268877983,0.0014460394158959389,0.000746384158303004,800.4630935192108
2851,0.0019471453269943595,0.0011836340418085456,0.0007462251445184299,800.7281987667084
2852,0.002992643741890788,0.01194617711007595,0.0007460661004734722,800.9917230606079
2853,0.002293108031153679,0.001341340714134276,0.0007459070261926581,801.259373664856
2854,0.0009772266494110227,0.0011562701547518373,0.0007457479217005187,801.5237944126129
2855,0.006014862097799778,0.002628152724355459,0.0007455887870215899,801.783385515213
2856,0.0023017339408397675,0.001954635139554739,0.0007454296221804122,802.0523474216461
2857,0.0030794679187238216,0.0016636522486805916,0.0007452704272015306,802.3199105262756
2858,0.0010840973118320107,0.0006441182922571898,0.0007451112021094954,802.5879182815552
2859,0.0018901750445365906,0.0007655973895452917,0.0007449519469288609,802.8555467128754
2860,0.0018459114944562316,0.0014326535165309906,0.0007447926616841863,803.1220557689667
2861,0.0007211402989923954,0.0005442312103696167,0.0007446333464000354,803.3884675502777
2862,0.0015845343004912138,0.0008032960467971861,0.0007444740011009764,803.6526288986206
2863,0.0018645776435732841,0.003686698852106929,0.0007443146258115826,803.920907497406
2864,0.0026005590334534645,0.034665245562791824,0.0007441552205564316,804.168176651001
2865,0.0023268696386367083,0.002397822216153145,0.0007439957853601056,804.3975341320038
2866,0.00219727773219347,0.0010071378201246262,0.0007438363202471917,804.6585068702698
2867,0.0017889229347929358,0.000662111327983439,0.0007436768252422813,804.9233481884003
2868,0.002050865674391389,0.0010534415487200022,0.0007435173003699706,805.1848933696747
2869,0.0012184083461761475,0.0004989948938600719,0.0007433577456548602,805.4528334140778
2870,0.0013788150390610099,0.0006303142290562391,0.0007431981611215555,805.7186136245728
2871,0.0021725886035710573,0.0019535054452717304,0.0007430385467946665,805.9836390018463
2872,0.0009394590160809457,0.000606781686656177,0.0007428789026988077,806.2492163181305
2873,0.001787981716915965,0.0012697941856458783,0.0007427192288585983,806.5194697380066
2874,0.0009433733066543937,0.001537184463813901,0.000742559525298662,806.7842030525208
2875,0.0016267955070361495,0.0008237938163802028,0.000742399792043627,807.0456347465515
2876,0.0024642962962388992,0.0007911855354905128,0.0007422400291181261,807.3069581985474
2877,0.001023817458190024,0.002209573984146118,0.0007420802365467971,807.5711133480072
2878,0.0033528823405504227,0.0011458559893071651,0.0007419204143542815,807.8376612663269
2879,0.000751157000195235,0.0008830645820125937,0.0007417605625652264,808.1018290519714
2880,0.0027252715080976486,0.003591913729906082,0.0007416006812042827,808.3381750583649
2881,0.000767798803281039,0.0007694674422964454,0.0007414407702961061,808.5853507518768
2882,0.004194366279989481,0.015099161304533482,0.000741280829865357,808.8506746292114
2883,0.001799286692403257,0.0012002766598016024,0.0007411208599367,809.1150143146515
2884,0.0021422465797513723,0.001988576026633382,0.0007409608605348048,809.3807642459869
2885,0.003085291013121605,0.005290759727358818,0.0007408008316843452,809.6397576332092
2886,0.0024789352901279926,0.0017162385629490018,0.0007406407734099993,809.9021451473236
2887,0.0013668453320860863,0.0008734758011996746,0.0007404806857364507,810.1647891998291
2888,0.0013772560050711036,0.0032341729383915663,0.0007403205686883866,810.4325621128082
2889,0.001353994943201542,0.0008953572250902653,0.0007401604222904988,810.6938281059265
2890,0.0005665062926709652,0.0007687781471759081,0.0007400002465674844,810.9597177505493
2891,0.0009617091855034232,0.0005446973373182118,0.0007398400415440443,811.2277662754059
2892,0.002627789741382003,0.0024504279717803,0.0007396798072448841,811.4982717037201
2893,0.0007484982488676906,0.0009328250889666378,0.0007395195436947138,811.7658696174622
2894,0.001407642848789692,0.0006702931714244187,0.0007393592509182485,812.0337610244751
2895,0.0018213693983852863,0.002199081936851144,0.0007391989289402069,812.2990987300873
2896,0.0010589978192001581,0.0015050711808726192,0.0007390385777853128,812.5179219245911
2897,0.0008243768243119121,0.000524548115208745,0.0007388781974782946,812.7787075042725
2898,0.002945931628346443,0.0008208530489355326,0.0007387177880438844,813.0436089038849
2899,0.003350506303831935,0.020139820873737335,0.0007385573495068201,813.3053021430969
2900,0.0013725727330893278,0.0006518029258586466,0.0007383968818918426,813.5689783096313
2901,0.001699778949841857,0.0009144077775999904,0.0007382363852236986,814.2826859951019
2902,0.004356748890131712,0.0021063347812741995,0.0007380758595271384,814.5515961647034
2903,0.002330328803509474,0.00673310924321413,0.0007379153048269171,814.820549249649
2904,0.0027458402328193188,0.0029281184542924166,0.0007377547211477944,815.0854847431183
2905,0.00095756771042943,0.0008584872120991349,0.0007375941085145342,815.353964805603
2906,0.0017091836780309677,0.0008253928390331566,0.0007374334669519049,815.6196002960205
2907,0.0021881484426558018,0.0012741002719849348,0.0007372727964846797,815.8602986335754
2908,0.0019807787612080574,0.0010194149799644947,0.0007371120971376359,816.1009230613708
2909,0.0015880495775491,0.0007309134234674275,0.0007369513689355553,816.3675863742828
2910,0.0008112806244753301,0.0007889510598033667,0.000736790611903224,816.6334431171417
2911,0.0005706817610189319,0.00046931824181228876,0.0007366298260654333,816.8972897529602
2912,0.0023456187918782234,0.0032193129882216454,0.0007364690114469779,817.1631360054016
2913,0.001282323501072824,0.001364538911730051,0.0007363081680726577,817.4317071437836
2914,0.002287494018673897,0.0028529460541903973,0.0007361472959672765,817.6995186805725
2915,0.003279704600572586,0.0018861646531149745,0.0007359863951556432,817.9666838645935
2916,0.0016774104442447424,0.001001794240437448,0.0007358254656625706,818.2351684570312
2917,0.003485303372144699,0.0011261481558904052,0.0007356645075128757,818.4993591308594
2918,0.0018251193687319756,0.0017435519257560372,0.0007355035207313807,818.7679264545441
2919,0.001585169113241136,0.0008617209969088435,0.0007353425053429116,819.035671710968
2920,0.0010141654638573527,0.0008790705469436944,0.0007351814613722989,819.3057765960693
2921,0.0023437957279384136,0.0011461109388619661,0.000735020388844378,819.5740494728088
2922,0.0014493012567982078,0.0007624794961884618,0.0007348592877839878,819.8387308120728
2923,0.001535493414849043,0.0017293094424530864,0.0007346981582159724,820.0541481971741
2924,0.0009934769477695227,0.0009958390146493912,0.0007345370001651798,820.323561668396
2925,0.00358811067417264,0.001823115861043334,0.0007343758136564628,820.5836617946625
2926,0.0024648529943078756,0.0008414642652496696,0.0007342145987146785,820.8469934463501
2927,0.0010380784515291452,0.0018531361129134893,0.000734053355364688,821.1111044883728
2928,0.0020713326521217823,0.0009969728998839855,0.0007338920836313571,821.372456073761
2929,0.0009631761349737644,0.0008319855551235378,0.000733730783539556,821.6360766887665
2930,0.0019421936012804508,0.001815207302570343,0.0007335694551141591,821.9015910625458
2931,0.001080466085113585,0.0008535669185221195,0.0007334080983800454,822.1702163219452
2932,0.0015313825570046902,0.019030362367630005,0.0007332467133620982,822.4361815452576
2933,0.001531363232061267,0.0012910733930766582,0.0007330853000852049,822.7072403430939
2934,0.0026490632444620132,0.005342570599168539,0.0007329238585742575,822.977365732193
2935,0.0027583236806094646,0.0014238824369385839,0.0007327623888541523,823.2433404922485
2936,0.0022940197959542274,0.001085556112229824,0.00073260089094979,823.5058679580688
2937,0.0008538627880625427,0.0005781487561762333,0.0007324393648860757,823.776065826416
2938,0.002292732708156109,0.0017028751317411661,0.0007322778106879185,824.0345766544342
2939,0.0004490360151976347,0.0008545757154934108,0.0007321162283802325,824.248871088028
2940,0.0022054058499634266,0.0011729712132364511,0.0007319546179879353,824.5141522884369
2941,0.0016133476747199893,0.0007676055538468063,0.0007317929795359494,824.7807784080505
2942,0.001416535465978086,0.0008447875734418631,0.0007316313130492015,825.0447587966919
2943,0.0006377464742399752,0.00041820431943051517,0.0007314696185526229,825.3161659240723
2944,0.0014069353928789496,0.0008751071291044354,0.0007313078960711482,825.5755395889282
2945,0.0014593815430998802,0.0005043999408371747,0.0007311461456297177,825.8418037891388
2946,0.0008502182899974287,0.0004154343332629651,0.0007309843672532749,826.1031296253204
2947,0.0019944189116358757,0.0006200547213666141,0.0007308225609667686,826.3665821552277
2948,0.001812381437048316,0.0007236332749016583,0.0007306607267951508,826.6301171779633
2949,0.001589241437613964,0.0006769722094759345,0.0007304988647633787,826.8907959461212
2950,0.003217314137145877,0.003290792927145958,0.0007303369748964135,827.1602051258087
2951,0.0015590200200676918,0.0006270281737670302,0.0007301750572192203,827.4220740795135
2952,0.0009470974910072982,0.0007437118329107761,0.000730013111756769,827.684576511383
2953,0.0007205354049801826,0.0008516749949194491,0.000729851138534034,827.9502890110016
2954,0.0015212323050945997,0.0009309760062023997,0.0007296891375759931,828.2157022953033
2955,0.004592937417328358,0.0011693966807797551,0.0007295271089076291,828.4411838054657
2956,0.0007941401563584805,0.0005254613934084773,0.0007293650525539288,828.6990532875061
2957,0.0020793965086340904,0.0006717734504491091,0.0007292029685398834,828.9622037410736
2958,0.00108536914922297,0.0004947783309035003,0.0007290408568904881,829.224945306778
2959,0.0009121921611949801,0.0015572169795632362,0.0007288787176307428,829.4913294315338
2960,0.0010908757103607059,0.0008764782687649131,0.0007287165507856514,829.7549920082092
2961,0.0021929896902292967,0.0024720286019146442,0.0007285543563802218,830.0195620059967
2962,0.0008822159725241363,0.0005731486016884446,0.0007283921344394667,830.285169839859
2963,0.003434882964938879,0.0011867891298606992,0.0007282298849884026,830.5529854297638
2964,0.0015042820014059544,0.0006563732749782503,0.0007280676080520505,830.8121333122253
2965,0.0008254990680143237,0.0035366949159651995,0.0007279053036554354,831.0762689113617
2966,0.0013826624490320683,0.00091455940855667,0.000727742971823587,831.3386132717133
2967,0.002083864528685808,0.0010007602395489812,0.0007275806125815385,831.5997240543365
2968,0.0013155483175069094,0.0006609546253457665,0.0007274182259543279,831.8646295070648
2969,0.0013479746412485838,0.0008575681713409722,0.0007272558119669974,832.1346516609192
2970,0.0028290224727243185,0.0009590146946720779,0.0007270933706445931,832.4002165794373
2971,0.002558546606451273,0.0008715548901818693,0.0007269309020121657,832.6190633773804
2972,0.0012609363766387105,0.0008268789970315993,0.0007267684060947696,832.8804836273193
2973,0.0014728133101016283,0.001034887507557869,0.0007266058829174639,833.1495776176453
2974,0.0045983633026480675,0.003926220815628767,0.0007264433325053116,833.4071505069733
2975,0.002793668769299984,0.004750832449644804,0.0007262807548833802,833.6743247509003
2976,0.0014964378206059337,0.0007151308236643672,0.0007261181500767412,833.9373047351837
2977,0.0027171014808118343,0.0018674586899578571,0.0007259555181104701,834.2041845321655
2978,0.001772681949660182,0.0013596606440842152,0.0007257928590096468,834.4674742221832
2979,0.0008414050098508596,0.0005376398912630975,0.0007256301727993557,834.7357723712921
2980,0.0009219878120347857,0.0007731887162663043,0.0007254674595046848,835.00404047966
2981,0.0017083411803469062,0.0008635016856715083,0.0007253047191507266,835.2755396366119
2982,0.0006523602642118931,0.0007224378059618175,0.0007251419517625776,835.5385780334473
2983,0.0019514048472046852,0.0008510604384355247,0.0007249791573653386,835.8028883934021
2984,0.0011499309912323952,0.0008597698761150241,0.0007248163359841148,836.0723226070404
2985,0.003438215469941497,0.002821815200150013,0.0007246534876440148,836.3328037261963
2986,0.0006187247345224023,0.0006294333143159747,0.0007244906123701526,836.5979912281036
2987,0.002126124454662204,0.0013955289032310247,0.0007243277101876451,836.8177468776703
2988,0.002068555448204279,0.0005444898270070553,0.0007241647811216138,837.0851321220398
2989,0.0023185950703918934,0.003385820658877492,0.0007240018251971845,837.3424139022827
2990,0.0023147426545619965,0.011212736368179321,0.0007238388424394873,837.6053302288055
2991,0.001828674110583961,0.00099067366681993,0.0007236758328736558,837.8711595535278
2992,0.0021639391779899597,0.0007443379145115614,0.0007235127965248283,838.1335868835449
2993,0.0014280157629400492,0.0006430417997762561,0.0007233497334181474,838.39603972435
2994,0.000879638537298888,0.0004652329662349075,0.000723186643578759,838.6567542552948
2995,0.0023769866675138474,0.0015981968026608229,0.0007230235270318137,838.9212365150452
2996,0.0009613243746571243,0.0013805622002109885,0.0007228603838024662,839.1853725910187
2997,0.0010817780857905746,0.006738707888871431,0.0007226972139158751,839.4546890258789
2998,0.002148127881810069,0.0010853777639567852,0.0007225340173972037,839.7187490463257
2999,0.004412015434354544,0.001905478653497994,0.0007223707942716184,839.9880657196045
3000,0.002467670477926731,0.001165025751106441,0.0007222075445642904,840.2543604373932
3001,0.002365283202379942,0.006809350568801165,0.0007220442683003952,842.3613529205322
3002,0.0010086519178003073,0.0011024792911484838,0.0007218809655051113,842.6294040679932
3003,0.0011158452834933996,0.002344290027394891,0.000721717636203623,842.8940081596375
3004,0.0017601590370759368,0.0016476355958729982,0.0007215542804211171,843.1613118648529
3005,0.0026382259093225002,0.0010456012096256018,0.0007213908981827852,843.4255135059357
3006,0.0021190489642322063,0.0006623833905905485,0.0007212274895138231,843.6910877227783
3007,0.0010378471342846751,0.0004636916273739189,0.0007210640544394303,843.9040031433105
3008,0.0019585401751101017,0.0010596298379823565,0.0007209005929848106,844.1721196174622
3009,0.0024538326542824507,0.0011326165404170752,0.0007207371051751717,844.4378025531769
3010,0.002405935898423195,0.0013429945101961493,0.0007205735910357256,844.7026174068451
3011,0.0017661070451140404,0.001062308787368238,0.0007204100505916882,844.9668297767639
3012,0.0015445214230567217,0.000674976094160229,0.0007202464838682796,845.2281591892242
3013,0.002858912106603384,0.002631527604535222,0.0007200828908907235,845.4906980991364
3014,0.0018681660294532776,0.002038651378825307,0.0007199192716842484,845.7556869983673
3015,0.001641318085603416,0.0006747462903149426,0.0007197556262740863,846.022332906723
3016,0.0009715200285427272,0.001367634511552751,0.0007195919546854733,846.2879273891449
3017,0.002496955217793584,0.0011994356755167246,0.0007194282569436497,846.5588383674622
3018,0.0007885128725320101,0.0015884055756032467,0.0007192645330738595,846.8249835968018
3019,0.002442964119836688,0.0008006486459635198,0.0007191007831013514,847.0910487174988
3020,0.0013352474197745323,0.000687645748257637,0.0007189370070513774,847.3557488918304
3021,0.0017180254217237234,0.005301986820995808,0.0007187732049491939,847.6229724884033
3022,0.0023873024620115757,0.0008390365401282907,0.0007186093768200614,847.8880317211151
3023,0.0024907849729061127,0.001075186999514699,0.0007184455226892441,848.1058847904205
3024,0.0013325519394129515,0.0007878229371272027,0.0007182816425820101,848.3731660842896
3025,0.0008239911403506994,0.00038700379082001746,0.0007181177365236323,848.6346869468689
3026,0.0013372295070439577,0.009646210819482803,0.000717953804539387,848.8969619274139
3027,0.0006239250069484115,0.0007773360703140497,0.000717789846654554,849.1618168354034
3028,0.004954005125910044,0.0029627494513988495,0.0007176258628944183,849.4288420677185
3029,0.0014466041466221213,0.000927169225178659,0.0007174618532842681,849.6940996646881
3030,0.0010158387012779713,0.0015991381369531155,0.0007172978178493955,849.9605419635773
3031,0.0032346646767109632,0.0015314888441935182,0.0007171337566150971,850.2215368747711
3032,0.0024838889949023724,0.0021975466515868902,0.0007169696696066731,850.4833507537842
3033,0.0024128647055476904,0.0030919474083930254,0.0007168055568494276,850.7511320114136
3034,0.0010540785733610392,0.0005290824337862432,0.0007166414183686691,851.016312122345
3035,0.0014830001164227724,0.0007993920589797199,0.0007164772541897097,851.2749950885773
3036,0.0006980382604524493,0.0003281407989561558,0.0007163130643378659,851.5341219902039
3037,0.0017481319373473525,0.006291300058364868,0.0007161488488384573,851.8016088008881
3038,0.0015714619075879455,0.0011315298033878207,0.0007159846077168084,852.0651772022247
3039,0.0020448071882128716,0.0020404341630637646,0.0007158203409982469,852.2920069694519
3040,0.001770179602317512,0.0017360501224175096,0.0007156560487081051,852.5625212192535
3041,0.0015305600827559829,0.0009624155354686081,0.0007154917308717188,852.8304991722107
3042,0.0018275425536558032,0.002362840110436082,0.0007153273875144281,853.10098528862
3043,0.0007555735646747053,0.0003761602856684476,0.0007151630186615764,853.3671219348907
3044,0.0006536714499816298,0.0006297419895417988,0.0007149986243385116,853.628310918808
3045,0.0012398852268233895,0.003251519985496998,0.0007148342045705854,853.8931806087494
3046,0.0013590105809271336,0.0007704089512117207,0.0007146697593831536,854.1555635929108
3047,0.0024055270478129387,0.0016304287128150463,0.0007145052888015754,854.4151768684387
3048,0.0013553900644183159,0.008414536714553833,0.0007143407928512145,854.6810302734375
3049,0.002209348138421774,0.0012831727508455515,0.0007141762715574382,854.9471883773804
3050,0.002452133921906352,0.0007144936826080084,0.0007140117249456173,855.2098541259766
3051,0.002739987103268504,0.0016715882811695337,0.0007138471530411276,855.47150182724
3052,0.003126520197838545,0.001751418923959136,0.0007136825558693477,855.7365710735321
3053,0.0009212543955072761,0.0011500712716951966,0.000713517933455661,855.9978938102722
3054,0.000996843446046114,0.000582576438318938,0.0007133532858254538,856.2604539394379
3055,0.0010393820703029633,0.0007911091088317335,0.0007131886130041171,856.481415271759
3056,0.005525366868823767,0.002279901411384344,0.0007130239150170456,856.7504932880402
3057,0.001018474460579455,0.0004930607392452657,0.0007128591918896376,857.0129199028015
3058,0.00284240348264575,0.00250239297747612,0.0007126944436472957,857.2799940109253
3059,0.0014338996261358261,0.0005174558027647436,0.0007125296703154262,857.542355298996
3060,0.002624867483973503,0.0012273108586668968,0.0007123648719194389,857.8074815273285
3061,0.0015462118899449706,0.0007078482885845006,0.0007122000484847479,858.0707585811615
3062,0.0006559439934790134,0.0007301777368411422,0.0007120352000367712,858.3382084369659
3063,0.0023568952456116676,0.001621419913135469,0.0007118703266009302,858.6077237129211
3064,0.002926123095676303,0.0010518748313188553,0.0007117054282026508,858.8740198612213
3065,0.0022909322287887335,0.0009904580656439066,0.0007115405048673622,859.1452918052673
3066,0.00074070377741009,0.0004306345363147557,0.0007113755566204978,859.4150393009186
3067,0.0014191425871104002,0.0005892515764571726,0.0007112105834874945,859.6806304454803
3068,0.004308299161493778,0.001766900415532291,0.0007110455854937934,859.9434704780579
3069,0.002899820450693369,0.007912777364253998,0.0007108805626648391,860.2058568000793
3070,0.0021834825165569782,0.0006548731471411884,0.0007107155150260806,860.4619226455688
3071,0.001610953826457262,0.000686691899318248,0.0007105504426029696,860.6937720775604
3072,0.0013877933379262686,0.0012535471469163895,0.0007103853454209628,860.9568696022034
3073,0.0013031096896156669,0.000833239930216223,0.0007102202235055204,861.2183780670166
3074,0.003042612224817276,0.001262286095879972,0.000710055076882106,861.4822611808777
3075,0.0010154261253774166,0.0007415349828079343,0.0007098899055761874,861.74951338768
3076,0.0017351468559354544,0.0008675192948430777,0.0007097247096132359,862.017148733139
3077,0.0012817359529435635,0.0005264662322588265,0.000709559489018727,862.2864065170288
3078,0.0025281149428337812,0.001240317476913333,0.0007093942438181399,862.5520045757294
3079,0.0018290532752871513,0.0007043516961857677,0.0007092289740369572,862.8173472881317
3080,0.0017227660864591599,0.0007528779678978026,0.0007090636797006658,863.0812194347382
3081,0.0011106044985353947,0.000727692327927798,0.0007088983608347559,863.3423929214478
3082,0.0017926519503816962,0.00061778788222,0.0007087330174647221,863.6062808036804
3083,0.00235542468726635,0.002239104127511382,0.0007085676496160622,863.8736317157745
3084,0.0015429178019985557,0.0006091415998525918,0.0007084022573142781,864.1388459205627
3085,0.0015508447540923953,0.0013682077405974269,0.000708236840584875,864.4118309020996
3086,0.0009134925785474479,0.00045013107592239976,0.000708071399453363,864.6397175788879
3087,0.003296853508800268,0.0015559967141598463,0.0007079059339452545,864.8977365493774
3088,0.0017478626687079668,0.0006943171028979123,0.0007077404440860665,865.1666276454926
3089,0.0016626527067273855,0.0006997939781285822,0.00070757492990132,865.4312512874603
3090,0.004419807344675064,0.0035463813692331314,0.0007074093914165389,865.697970867157
3091,0.0010864813812077045,0.0006707505090162158,0.0007072438286572516,865.9588694572449
3092,0.0025589424185454845,0.0015961600001901388,0.00070707824164899,866.2238507270813
3093,0.0027619851753115654,0.002802701899781823,0.0007069126304172894,866.4912490844727
3094,0.0015034847892820835,0.0007214095676317811,0.0007067469949876893,866.7552254199982
3095,0.000431959138950333,0.0003514168201945722,0.0007065813353857328,867.0164005756378
3096,0.002176615409553051,0.0017095119692385197,0.0007064156516369667,867.277592420578
3097,0.0006299583474174142,0.0002905837900470942,0.0007062499437669414,867.5406198501587
3098,0.002715788781642914,0.000896712823305279,0.0007060842118012113,867.8089246749878
3099,0.002352774841710925,0.003446548478677869,0.0007059184557653342,868.0740790367126
3100,0.0012709081638604403,0.0014691173564642668,0.0007057526756848719,868.339902639389
3101,0.0017083411803469062,0.0012406178284436464,0.0007055868715853897,869.0667150020599
3102,0.0030924275051802397,0.0020788470283150673,0.0007054210434924565,869.3367912769318
3103,0.002216578694060445,0.0011910090688616037,0.0007052551914316455,869.6019484996796
3104,0.0012958913575857878,0.0018000175477936864,0.0007050893154285327,869.8664047718048
3105,0.0011906372383236885,0.0007907128892838955,0.0007049234155086986,870.1317207813263
3106,0.0025682500563561916,0.002610502066090703,0.0007047574916977269,870.3990519046783
3107,0.0009666337864473462,0.0005001671961508691,0.0007045915440212052,870.6653554439545
3108,0.0010110823204740882,0.0009270657901652157,0.0007044255725047248,870.9314727783203
3109,0.0021703296806663275,0.003861915785819292,0.0007042595771738804,871.2002732753754
3110,0.0023857157211750746,0.0008853540057316422,0.0007040935580542706,871.4662561416626
3111,0.0018088608048856258,0.000654224248137325,0.0007039275151714977,871.7328896522522
3112,0.0036097406409680843,0.014373807236552238,0.0007037614485511675,872.0047583580017
3113,0.00179138348903507,0.0009957902366295457,0.0007035953582188897,872.2304928302765
3114,0.0008234339184127748,0.0006761347176507115,0.0007034292442002776,872.4943928718567
3115,0.0007915921742096543,0.0004792010586243123,0.000703263106520948,872.7584373950958
3116,0.0008275384898297489,0.00031247828155755997,0.000703096945206521,873.0188643932343
3117,0.004973499104380608,0.0019168033031746745,0.0007029307602826214,873.2812247276306
3118,0.002366322558373213,0.0008214380359277129,0.0007027645517748766,873.547670841217
3119,0.0024731631856411695,0.0017619283171370625,0.0007025983197089182,873.8049969673157
3120,0.002324517350643873,0.0014378887135535479,0.0007024320641103812,874.0721554756165
3121,0.0004457297036424279,0.0005296090384945273,0.0007022657850049044,874.3384900093079
3122,0.0007022032514214516,0.00044348996016196907,0.0007020994824181299,874.6018841266632
3123,0.001143367146141827,0.000921744795050472,0.0007019331563757039,874.8624770641327
3124,0.002004235750064254,0.0006201064679771662,0.0007017668069032759,875.1305003166199
3125,0.002509601181373,0.0016901504714041948,0.0007016004340264991,875.3964228630066
3126,0.002192234853282571,0.0007255193195305765,0.0007014340377710302,875.6575763225555
3127,0.0013893934665247798,0.0005168006173335016,0.0007012676181625296,875.9248676300049
3128,0.0006023398600518703,0.0005287181120365858,0.0007011011752266613,876.1980669498444
3129,0.0009485713089816272,0.0006566505180671811,0.000700934708989093,876.4128296375275
3130,0.0019416578579694033,0.0021923452150076628,0.0007007682194754958,876.6789922714233
3131,0.0032850392162799835,0.002008667215704918,0.0007006017067115446,876.9466557502747
3132,0.0017225786577910185,0.0007921449723653495,0.0007004351707229174,877.2128818035126
3133,0.0031063079368323088,0.0009049740037880838,0.0007002686115352965,877.4784691333771
3134,0.0017111761262640357,0.000538462947588414,0.0007001020291743673,877.7391977310181
3135,0.002698177471756935,0.0015192761784419417,0.0006999354236658188,878.0062620639801
3136,0.0025843442417681217,0.0007222745334729552,0.000699768795035344,878.2704458236694
3137,0.0011457292130216956,0.0014823341043666005,0.0006996021433086388,878.5346591472626
3138,0.0005226791254244745,0.000535103608854115,0.0006994354685114031,878.7980256080627
3139,0.000979276024736464,0.0005531121278181672,0.0006992687706693403,879.0654945373535
3140,0.0013278690166771412,0.0008002615650184453,0.0006991020498081568,879.3240942955017
3141,0.0009141815826296806,0.0006704119732603431,0.000698935305953564,879.5897812843323
3142,0.0029342169873416424,0.0026601303834468126,0.0006987685391312752,879.8492333889008
3143,0.0020133412908762693,0.002106178319081664,0.0006986017493670081,880.1154112815857
3144,0.0008545018499717116,0.0004930927534587681,0.0006984349366864839,880.3771226406097
3145,0.000923945743124932,0.0006769404280930758,0.000698268101115427,880.5934216976166
3146,0.0026644798927009106,0.001483551925048232,0.0006981012426795656,880.8636863231659
3147,0.003994716797024012,0.0014566280879080296,0.0006979343614046315,881.1305603981018
3148,0.0013273274526000023,0.0019760383293032646,0.00069776745731636,881.397447347641
3149,0.00146299262996763,0.0008817954803816974,0.0006976005304404893,881.663331747055
3150,0.0009777271188795567,0.0006376836681738496,0.000697433580802762,881.930472612381
3151,0.0009504755726084113,0.001115260529331863,0.000697266608428924,882.1860747337341
3152,0.0030745454132556915,0.001711272750981152,0.0006970996133447243,882.4548735618591
3153,0.0009835315868258476,0.0004465298552531749,0.0006969325955759153,882.7149524688721
3154,0.0014611546648666263,0.0007361398893408477,0.0006967655551482538,882.9833550453186
3155,0.002668193308636546,0.0011563743464648724,0.0006965984920874993,883.2493052482605
3156,0.0032079617958515882,0.0017052041366696358,0.0006964314064194151,883.5124046802521
3157,0.002809654688462615,0.0009354381472803652,0.0006962642981697679,883.781275510788
3158,0.0008751635323278606,0.0006697088247165084,0.0006960971673643279,884.047465801239
3159,0.0010958530474454165,0.0010824600467458367,0.0006959300140288687,884.3163371086121
3160,0.0016447766683995724,0.0007715030806139112,0.0006957628381891673,884.5769460201263
3161,0.0008762256475165486,0.0004106780397705734,0.0006955956398710045,884.806948184967
3162,0.0023311981931328773,0.0016801051096990705,0.0006954284191001645,885.074554681778
3163,0.0020968224853277206,0.0010354804107919335,0.0006952611759024346,885.3398036956787
3164,0.0038171205669641495,0.0011197287822142243,0.0006950939103036061,885.6092803478241
3165,0.000853493984322995,0.0008409327710978687,0.000694926622329473,885.8802270889282
3166,0.0022870933171361685,0.0004533439059741795,0.0006947593120058336,886.1466856002808
3167,0.0025525535456836224,0.0019323463784530759,0.0006945919793584891,886.4162199497223
3168,0.004830141551792622,0.0071798525750637054,0.0006944246244132443,886.6815769672394
3169,0.0006349176401272416,0.0018152287229895592,0.0006942572471959075,886.9487674236298
3170,0.0019475336885079741,0.0013933312147855759,0.0006940898477322903,887.2175929546356
3171,0.0020040906965732574,0.0009919743752107024,0.000693922426048208,887.4820640087128
3172,0.001849844353273511,0.0013946084072813392,0.0006937549821694788,887.7464666366577
3173,0.001292701461352408,0.0007272468646988273,0.0006935875161219249,888.0098118782043
3174,0.0015023639425635338,0.0008755840244702995,0.0006934200279313714,888.2725858688354
3175,0.0024295698385685682,0.0009248053538613021,0.0006932525176236474,888.5385048389435
3176,0.0028988912235945463,0.004280424676835537,0.000693084985224585,888.7569422721863
3177,0.002367671113461256,0.0012518669245764613,0.0006929174307600196,889.026496887207
3178,0.0016264197183772922,0.002068406203761697,0.0006927498542557904,889.2909224033356
3179,0.001727716764435172,0.0009747973526827991,0.0006925822557377399,889.5568208694458
3180,0.00106376176699996,0.0013212080812081695,0.0006924146352317139,889.8245105743408
3181,0.0014828762505203485,0.001089961500838399,0.000692246992763561,890.0930593013763
3182,0.0015866006724536419,0.0012982063926756382,0.0006920793283591347,890.3582103252411
3183,0.0022532809525728226,0.0009654179448261857,0.0006919116420442902,890.6253464221954
3184,0.0007733995444141328,0.0005041758413426578,0.0006917439338448872,890.8917191028595
3185,0.0023377113975584507,0.004645541310310364,0.0006915762037867884,891.1587493419647
3186,0.0009472975507378578,0.00037907910882495344,0.0006914084518958596,891.4207334518433
3187,0.0010519498027861118,0.0005951391067355871,0.0006912406781979707,891.6866362094879
3188,0.0011397423222661018,0.0013156390050426126,0.0006910728827189942,891.9506804943085
3189,0.0013436240842565894,0.0023665272165089846,0.0006909050654848064,892.209086894989
3190,0.0012174129951745272,0.003680255962535739,0.0006907372265212867,892.4753270149231
3191,0.0029172785580158234,0.0025232622865587473,0.000690569365854318,892.7421436309814
3192,0.002702136058360338,0.0021211944986134768,0.0006904014835097867,892.951756477356
3193,0.0016027363017201424,0.0010440205223858356,0.0006902335795135823,893.219789981842
3194,0.0018907253397628665,0.000733168504666537,0.0006900656538915973,893.4847583770752
3195,0.001727798953652382,0.0005752535653300583,0.0006898977066697287,893.7491822242737
3196,0.0025231048930436373,0.0010794800473377109,0.0006897297378738756,894.0129659175873
3197,0.0007056355243548751,0.0006295031635090709,0.0006895617475299409,894.2768394947052
3198,0.0017117168754339218,0.0004572303732857108,0.0006893937356638308,894.5383620262146
3199,0.001316143898293376,0.000593780365306884,0.000689225702301455,894.8036041259766
3200,0.000736516434699297,0.0005642417818307877,0.0006890576474687264,895.0672571659088
