model,image,image_sha256,draw,noise_seed,snr_db,payload_uses,scale_uses,feedback_uses,cbr_payload,cbr_total,mse,psnr,lpips,ms_ssim,diffusion_nfe,diffusion_seconds
CDDM_author_C36_paid_scale,01.png,a56e27cbf5f843c048b6af1d6e090760e9c92fadba88b7dee0205918a37523bd,0,162308178,10.0,4608.0,32,2,0.0234375,0.023610432942708332,0.0033759947400540113,24.715984344482422,0.2421410232782364,0.9270526170730591,93,1.5852775889798068
CDDM_author_JSCC_snr13_C36_paid_scale,01.png,a56e27cbf5f843c048b6af1d6e090760e9c92fadba88b7dee0205918a37523bd,0,162308178,10.0,4608.0,32,2,0.0234375,0.023610432942708332,0.003515479853376746,24.5401554107666,0.23404160141944885,0.9232523441314697,0,0.0
CDDM_author_JSCC_snr10_C36_paid_scale,01.png,a56e27cbf5f843c048b6af1d6e090760e9c92fadba88b7dee0205918a37523bd,0,162308178,10.0,4608.0,32,2,0.0234375,0.023610432942708332,0.0037061560433357954,24.31076431274414,0.25540104508399963,0.925014853477478,0,0.0
CDDM_author_C36_paid_scale,01.png,a56e27cbf5f843c048b6af1d6e090760e9c92fadba88b7dee0205918a37523bd,1,963342149,10.0,4608.0,32,2,0.0234375,0.023610432942708332,0.003360210685059428,24.73633575439453,0.23713421821594238,0.9239019751548767,93,1.5253785849781707
CDDM_author_JSCC_snr13_C36_paid_scale,01.png,a56e27cbf5f843c048b6af1d6e090760e9c92fadba88b7dee0205918a37523bd,1,963342149,10.0,4608.0,32,2,0.0234375,0.023610432942708332,0.0034298631362617016,24.647232055664062,0.2319561392068863,0.9222502708435059,0,0.0
CDDM_author_JSCC_snr10_C36_paid_scale,01.png,a56e27cbf5f843c048b6af1d6e090760e9c92fadba88b7dee0205918a37523bd,1,963342149,10.0,4608.0,32,2,0.0234375,0.023610432942708332,0.0036241605412214994,24.40792465209961,0.2556975483894348,0.9250345230102539,0,0.0
CDDM_author_C36_paid_scale,01.png,a56e27cbf5f843c048b6af1d6e090760e9c92fadba88b7dee0205918a37523bd,2,2258634075,10.0,4608.0,32,2,0.0234375,0.023610432942708332,0.0033454603981226683,24.755441665649414,0.23149792850017548,0.9240553379058838,93,1.5196011909865774
CDDM_author_JSCC_snr13_C36_paid_scale,01.png,a56e27cbf5f843c048b6af1d6e090760e9c92fadba88b7dee0205918a37523bd,2,2258634075,10.0,4608.0,32,2,0.0234375,0.023610432942708332,0.003427320858463645,24.65045166015625,0.2225058674812317,0.9216687679290771,0,0.0
CDDM_author_JSCC_snr10_C36_paid_scale,01.png,a56e27cbf5f843c048b6af1d6e090760e9c92fadba88b7dee0205918a37523bd,2,2258634075,10.0,4608.0,32,2,0.0234375,0.023610432942708332,0.0035826843231916428,24.457914352416992,0.25743553042411804,0.9246394634246826,0,0.0
CDDM_author_C36_paid_scale,01.png,a56e27cbf5f843c048b6af1d6e090760e9c92fadba88b7dee0205918a37523bd,3,2790212351,10.0,4608.0,32,2,0.0234375,0.023610432942708332,0.0033846970181912184,24.704801559448242,0.24167925119400024,0.9246088862419128,93,1.5224389369832352
CDDM_author_JSCC_snr13_C36_paid_scale,01.png,a56e27cbf5f843c048b6af1d6e090760e9c92fadba88b7dee0205918a37523bd,3,2790212351,10.0,4608.0,32,2,0.0234375,0.023610432942708332,0.0034407791681587696,24.63343048095703,0.2339021861553192,0.9222910404205322,0,0.0
CDDM_author_JSCC_snr10_C36_paid_scale,01.png,a56e27cbf5f843c048b6af1d6e090760e9c92fadba88b7dee0205918a37523bd,3,2790212351,10.0,4608.0,32,2,0.0234375,0.023610432942708332,0.003658922854810953,24.366470336914062,0.2543601393699646,0.9259188175201416,0,0.0
CDDM_author_C36_paid_scale,01.png,a56e27cbf5f843c048b6af1d6e090760e9c92fadba88b7dee0205918a37523bd,4,1259171946,10.0,4608.0,32,2,0.0234375,0.023610432942708332,0.0034024501219391823,24.682083129882812,0.2451520413160324,0.9238156080245972,93,1.5864821629947983
CDDM_author_JSCC_snr13_C36_paid_scale,01.png,a56e27cbf5f843c048b6af1d6e090760e9c92fadba88b7dee0205918a37523bd,4,1259171946,10.0,4608.0,32,2,0.0234375,0.023610432942708332,0.0034823589958250523,24.58126449584961,0.23810993134975433,0.9201264381408691,0,0.0
CDDM_author_JSCC_snr10_C36_paid_scale,01.png,a56e27cbf5f843c048b6af1d6e090760e9c92fadba88b7dee0205918a37523bd,4,1259171946,10.0,4608.0,32,2,0.0234375,0.023610432942708332,0.003664853051304817,24.359434127807617,0.2511875629425049,0.9229660034179688,0,0.0
CDDM_author_C36_paid_scale,01.png,a56e27cbf5f843c048b6af1d6e090760e9c92fadba88b7dee0205918a37523bd,5,3344109754,10.0,4608.0,32,2,0.0234375,0.023610432942708332,0.00342846242710948,24.64900779724121,0.24253036081790924,0.9250631332397461,93,3.4024573410279118
CDDM_author_JSCC_snr13_C36_paid_scale,01.png,a56e27cbf5f843c048b6af1d6e090760e9c92fadba88b7dee0205918a37523bd,5,3344109754,10.0,4608.0,32,2,0.0234375,0.023610432942708332,0.003538813441991806,24.511423110961914,0.23516634106636047,0.9216358065605164,0,0.0
CDDM_author_JSCC_snr10_C36_paid_scale,01.png,a56e27cbf5f843c048b6af1d6e090760e9c92fadba88b7dee0205918a37523bd,5,3344109754,10.0,4608.0,32,2,0.0234375,0.023610432942708332,0.0036855998914688826,24.334918975830078,0.26142823696136475,0.9234880208969116,0,0.0
CDDM_author_C36_paid_scale,01.png,a56e27cbf5f843c048b6af1d6e090760e9c92fadba88b7dee0205918a37523bd,6,3704916121,10.0,4608.0,32,2,0.0234375,0.023610432942708332,0.0033982167951762676,24.687490463256836,0.24156078696250916,0.9223575592041016,93,4.049851624004077
CDDM_author_JSCC_snr13_C36_paid_scale,01.png,a56e27cbf5f843c048b6af1d6e090760e9c92fadba88b7dee0205918a37523bd,6,3704916121,10.0,4608.0,32,2,0.0234375,0.023610432942708332,0.003481215564534068,24.582691192626953,0.23445385694503784,0.9196304082870483,0,0.0
CDDM_author_JSCC_snr10_C36_paid_scale,01.png,a56e27cbf5f843c048b6af1d6e090760e9c92fadba88b7dee0205918a37523bd,6,3704916121,10.0,4608.0,32,2,0.0234375,0.023610432942708332,0.0036872108466923237,24.333019256591797,0.24590745568275452,0.9243735074996948,0,0.0
CDDM_author_C36_paid_scale,01.png,a56e27cbf5f843c048b6af1d6e090760e9c92fadba88b7dee0205918a37523bd,7,1240141978,10.0,4608.0,32,2,0.0234375,0.023610432942708332,0.0033922488801181316,24.69512176513672,0.24006830155849457,0.923668384552002,93,4.054652958991937
CDDM_author_JSCC_snr13_C36_paid_scale,01.png,a56e27cbf5f843c048b6af1d6e090760e9c92fadba88b7dee0205918a37523bd,7,1240141978,10.0,4608.0,32,2,0.0234375,0.023610432942708332,0.003472755430266261,24.593257904052734,0.23292088508605957,0.9198569655418396,0,0.0
CDDM_author_JSCC_snr10_C36_paid_scale,01.png,a56e27cbf5f843c048b6af1d6e090760e9c92fadba88b7dee0205918a37523bd,7,1240141978,10.0,4608.0,32,2,0.0234375,0.023610432942708332,0.003713021520525217,24.30272674560547,0.25890809297561646,0.9216498136520386,0,0.0
CDDM_author_C36_paid_scale,01.png,a56e27cbf5f843c048b6af1d6e090760e9c92fadba88b7dee0205918a37523bd,8,1760099060,10.0,4608.0,32,2,0.0234375,0.023610432942708332,0.0033624633215367794,24.73342514038086,0.2383309155702591,0.9246271848678589,93,4.086942630005069
CDDM_author_JSCC_snr13_C36_paid_scale,01.png,a56e27cbf5f843c048b6af1d6e090760e9c92fadba88b7dee0205918a37523bd,8,1760099060,10.0,4608.0,32,2,0.0234375,0.023610432942708332,0.0034581057261675596,24.611616134643555,0.2310270518064499,0.9217528104782104,0,0.0
CDDM_author_JSCC_snr10_C36_paid_scale,01.png,a56e27cbf5f843c048b6af1d6e090760e9c92fadba88b7dee0205918a37523bd,8,1760099060,10.0,4608.0,32,2,0.0234375,0.023610432942708332,0.0036610355600714684,24.36396026611328,0.25409114360809326,0.9250563979148865,0,0.0
CDDM_author_C36_paid_scale,01.png,a56e27cbf5f843c048b6af1d6e090760e9c92fadba88b7dee0205918a37523bd,9,1557963217,10.0,4608.0,32,2,0.0234375,0.023610432942708332,0.0034080601762980223,24.674928665161133,0.24061551690101624,0.9240243434906006,93,4.030471497040708
CDDM_author_JSCC_snr13_C36_paid_scale,01.png,a56e27cbf5f843c048b6af1d6e090760e9c92fadba88b7dee0205918a37523bd,9,1557963217,10.0,4608.0,32,2,0.0234375,0.023610432942708332,0.0035448072012513876,24.504074096679688,0.2331901639699936,0.921110987663269,0,0.0
CDDM_author_JSCC_snr10_C36_paid_scale,01.png,a56e27cbf5f843c048b6af1d6e090760e9c92fadba88b7dee0205918a37523bd,9,1557963217,10.0,4608.0,32,2,0.0234375,0.023610432942708332,0.003700302680954337,24.317626953125,0.25136977434158325,0.9244260191917419,0,0.0
CDDM_author_C36_paid_scale,02.png,4f4b74a79237e311d72cad958237b5f7088d8bce1c82305ebefe1a70e3022dfd,0,1847583015,10.0,4608.0,32,2,0.0234375,0.023610432942708332,0.0009160723420791328,30.38070297241211,0.2490864098072052,0.9378542900085449,93,4.064579158031847
CDDM_author_JSCC_snr13_C36_paid_scale,02.png,4f4b74a79237e311d72cad958237b5f7088d8bce1c82305ebefe1a70e3022dfd,0,1847583015,10.0,4608.0,32,2,0.0234375,0.023610432942708332,0.0010418720776215196,29.821855545043945,0.2341661900281906,0.9343966841697693,0,0.0
CDDM_author_JSCC_snr10_C36_paid_scale,02.png,4f4b74a79237e311d72cad958237b5f7088d8bce1c82305ebefe1a70e3022dfd,0,1847583015,10.0,4608.0,32,2,0.0234375,0.023610432942708332,0.0009752510813996196,30.108835220336914,0.26674145460128784,0.934937596321106,0,0.0
CDDM_author_C36_paid_scale,02.png,4f4b74a79237e311d72cad958237b5f7088d8bce1c82305ebefe1a70e3022dfd,1,1712298192,10.0,4608.0,32,2,0.0234375,0.023610432942708332,0.0009454158134758472,30.2437744140625,0.2519835829734802,0.9361292719841003,93,3.2921921020024456
CDDM_author_JSCC_snr13_C36_paid_scale,02.png,4f4b74a79237e311d72cad958237b5f7088d8bce1c82305ebefe1a70e3022dfd,1,1712298192,10.0,4608.0,32,2,0.0234375,0.023610432942708332,0.0010514626046642661,29.782062530517578,0.23521208763122559,0.9339858293533325,0,0.0
CDDM_author_JSCC_snr10_C36_paid_scale,02.png,4f4b74a79237e311d72cad958237b5f7088d8bce1c82305ebefe1a70e3022dfd,1,1712298192,10.0,4608.0,32,2,0.0234375,0.023610432942708332,0.0009631541324779391,30.163042068481445,0.25548288226127625,0.9351824522018433,0,0.0
CDDM_author_C36_paid_scale,02.png,4f4b74a79237e311d72cad958237b5f7088d8bce1c82305ebefe1a70e3022dfd,2,2661747810,10.0,4608.0,32,2,0.0234375,0.023610432942708332,0.0009168264223262668,30.37712860107422,0.2463853359222412,0.9380733370780945,93,4.06186717399396
CDDM_author_JSCC_snr13_C36_paid_scale,02.png,4f4b74a79237e311d72cad958237b5f7088d8bce1c82305ebefe1a70e3022dfd,2,2661747810,10.0,4608.0,32,2,0.0234375,0.023610432942708332,0.001004710327833891,29.97959327697754,0.2288813292980194,0.9366159439086914,0,0.0
CDDM_author_JSCC_snr10_C36_paid_scale,02.png,4f4b74a79237e311d72cad958237b5f7088d8bce1c82305ebefe1a70e3022dfd,2,2661747810,10.0,4608.0,32,2,0.0234375,0.023610432942708332,0.0009575708536431193,30.188291549682617,0.26213347911834717,0.9347914457321167,0,0.0
CDDM_author_C36_paid_scale,02.png,4f4b74a79237e311d72cad958237b5f7088d8bce1c82305ebefe1a70e3022dfd,3,369895959,10.0,4608.0,32,2,0.0234375,0.023610432942708332,0.0009080576128326356,30.418869018554688,0.24871769547462463,0.9374583959579468,93,4.021157261973713
CDDM_author_JSCC_snr13_C36_paid_scale,02.png,4f4b74a79237e311d72cad958237b5f7088d8bce1c82305ebefe1a70e3022dfd,3,369895959,10.0,4608.0,32,2,0.0234375,0.023610432942708332,0.0009895446710288525,30.04564666748047,0.22877353429794312,0.9347529411315918,0,0.0
CDDM_author_JSCC_snr10_C36_paid_scale,02.png,4f4b74a79237e311d72cad958237b5f7088d8bce1c82305ebefe1a70e3022dfd,3,369895959,10.0,4608.0,32,2,0.0234375,0.023610432942708332,0.0009788521565496922,30.092830657958984,0.26147356629371643,0.9337174892425537,0,0.0
CDDM_author_C36_paid_scale,02.png,4f4b74a79237e311d72cad958237b5f7088d8bce1c82305ebefe1a70e3022dfd,4,2095440460,10.0,4608.0,32,2,0.0234375,0.023610432942708332,0.0009007191983982921,30.454105377197266,0.25595584511756897,0.9377197623252869,93,4.0344448030227795
CDDM_author_JSCC_snr13_C36_paid_scale,02.png,4f4b74a79237e311d72cad958237b5f7088d8bce1c82305ebefe1a70e3022dfd,4,2095440460,10.0,4608.0,32,2,0.0234375,0.023610432942708332,0.0010177622316405177,29.923538208007812,0.23600506782531738,0.9345331192016602,0,0.0
CDDM_author_JSCC_snr10_C36_paid_scale,02.png,4f4b74a79237e311d72cad958237b5f7088d8bce1c82305ebefe1a70e3022dfd,4,2095440460,10.0,4608.0,32,2,0.0234375,0.023610432942708332,0.0009576123557053506,30.18810272216797,0.26677125692367554,0.9343587756156921,0,0.0
CDDM_author_C36_paid_scale,02.png,4f4b74a79237e311d72cad958237b5f7088d8bce1c82305ebefe1a70e3022dfd,5,1123466677,10.0,4608.0,32,2,0.0234375,0.023610432942708332,0.0009145614458248019,30.38787078857422,0.25798606872558594,0.9378010034561157,93,4.039688343007583
CDDM_author_JSCC_snr13_C36_paid_scale,02.png,4f4b74a79237e311d72cad958237b5f7088d8bce1c82305ebefe1a70e3022dfd,5,1123466677,10.0,4608.0,32,2,0.0234375,0.023610432942708332,0.0009749255841597915,30.11028480529785,0.23924890160560608,0.9346652030944824,0,0.0
CDDM_author_JSCC_snr10_C36_paid_scale,02.png,4f4b74a79237e311d72cad958237b5f7088d8bce1c82305ebefe1a70e3022dfd,5,1123466677,10.0,4608.0,32,2,0.0234375,0.023610432942708332,0.0009674147586338222,30.14387321472168,0.26469314098358154,0.9358755350112915,0,0.0
CDDM_author_C36_paid_scale,02.png,4f4b74a79237e311d72cad958237b5f7088d8bce1c82305ebefe1a70e3022dfd,6,60553645,10.0,4608.0,32,2,0.0234375,0.023610432942708332,0.0009140832698903978,30.39014434814453,0.24822920560836792,0.9381794333457947,93,4.022965329990257
CDDM_author_JSCC_snr13_C36_paid_scale,02.png,4f4b74a79237e311d72cad958237b5f7088d8bce1c82305ebefe1a70e3022dfd,6,60553645,10.0,4608.0,32,2,0.0234375,0.023610432942708332,0.0009991021361202002,30.003902435302734,0.23101022839546204,0.9347002506256104,0,0.0
CDDM_author_JSCC_snr10_C36_paid_scale,02.png,4f4b74a79237e311d72cad958237b5f7088d8bce1c82305ebefe1a70e3022dfd,6,60553645,10.0,4608.0,32,2,0.0234375,0.023610432942708332,0.0009491083910688758,30.226842880249023,0.2582225799560547,0.9342688918113708,0,0.0
CDDM_author_C36_paid_scale,02.png,4f4b74a79237e311d72cad958237b5f7088d8bce1c82305ebefe1a70e3022dfd,7,4197413953,10.0,4608.0,32,2,0.0234375,0.023610432942708332,0.0009007161715999246,30.454120635986328,0.24866436421871185,0.9379384517669678,93,4.037839732947759
CDDM_author_JSCC_snr13_C36_paid_scale,02.png,4f4b74a79237e311d72cad958237b5f7088d8bce1c82305ebefe1a70e3022dfd,7,4197413953,10.0,4608.0,32,2,0.0234375,0.023610432942708332,0.0010062481742352247,29.972949981689453,0.23230423033237457,0.9354397058486938,0,0.0
CDDM_author_JSCC_snr10_C36_paid_scale,02.png,4f4b74a79237e311d72cad958237b5f7088d8bce1c82305ebefe1a70e3022dfd,7,4197413953,10.0,4608.0,32,2,0.0234375,0.023610432942708332,0.0009719398804008961,30.123607635498047,0.2586396336555481,0.9358648061752319,0,0.0
CDDM_author_C36_paid_scale,02.png,4f4b74a79237e311d72cad958237b5f7088d8bce1c82305ebefe1a70e3022dfd,8,3877328360,10.0,4608.0,32,2,0.0234375,0.023610432942708332,0.000921538274269551,30.35486602783203,0.24867787957191467,0.9361158609390259,93,2.7079428890137933
CDDM_author_JSCC_snr13_C36_paid_scale,02.png,4f4b74a79237e311d72cad958237b5f7088d8bce1c82305ebefe1a70e3022dfd,8,3877328360,10.0,4608.0,32,2,0.0234375,0.023610432942708332,0.0010005547665059566,29.99759292602539,0.23116791248321533,0.9338805675506592,0,0.0
CDDM_author_JSCC_snr10_C36_paid_scale,02.png,4f4b74a79237e311d72cad958237b5f7088d8bce1c82305ebefe1a70e3022dfd,8,3877328360,10.0,4608.0,32,2,0.0234375,0.023610432942708332,0.0009551172843202949,30.199432373046875,0.25632184743881226,0.933351993560791,0,0.0
CDDM_author_C36_paid_scale,02.png,4f4b74a79237e311d72cad958237b5f7088d8bce1c82305ebefe1a70e3022dfd,9,3807261312,10.0,4608.0,32,2,0.0234375,0.023610432942708332,0.0009267677087336779,30.330291748046875,0.2498762011528015,0.9369913339614868,93,4.05063330300618
CDDM_author_JSCC_snr13_C36_paid_scale,02.png,4f4b74a79237e311d72cad958237b5f7088d8bce1c82305ebefe1a70e3022dfd,9,3807261312,10.0,4608.0,32,2,0.0234375,0.023610432942708332,0.0010272099170833826,29.883407592773438,0.2327558994293213,0.934710681438446,0,0.0
CDDM_author_JSCC_snr10_C36_paid_scale,02.png,4f4b74a79237e311d72cad958237b5f7088d8bce1c82305ebefe1a70e3022dfd,9,3807261312,10.0,4608.0,32,2,0.0234375,0.023610432942708332,0.0009576503071002662,30.187931060791016,0.2608124911785126,0.933822512626648,0,0.0
CDDM_author_C36_paid_scale,03.png,e25ca1ff2f0c0cb5fdfd5f9b0a0bb21ac4c3de3c84a67f35b09a85d3306249db,0,3687849831,10.0,4608.0,32,2,0.0234375,0.023610432942708332,0.0009197813342325389,30.363155364990234,0.11170752346515656,0.960946261882782,93,4.04598617501324
CDDM_author_JSCC_snr13_C36_paid_scale,03.png,e25ca1ff2f0c0cb5fdfd5f9b0a0bb21ac4c3de3c84a67f35b09a85d3306249db,0,3687849831,10.0,4608.0,32,2,0.0234375,0.023610432942708332,0.0010434524156153202,29.815275192260742,0.10667712241411209,0.9556474089622498,0,0.0
CDDM_author_JSCC_snr10_C36_paid_scale,03.png,e25ca1ff2f0c0cb5fdfd5f9b0a0bb21ac4c3de3c84a67f35b09a85d3306249db,0,3687849831,10.0,4608.0,32,2,0.0234375,0.023610432942708332,0.0009600149933248758,30.177221298217773,0.13513292372226715,0.958284854888916,0,0.0
CDDM_author_C36_paid_scale,03.png,e25ca1ff2f0c0cb5fdfd5f9b0a0bb21ac4c3de3c84a67f35b09a85d3306249db,1,2694932120,10.0,4608.0,32,2,0.0234375,0.023610432942708332,0.0009471021476201713,30.236034393310547,0.10883966088294983,0.9607436656951904,93,4.04136400698917
CDDM_author_JSCC_snr13_C36_paid_scale,03.png,e25ca1ff2f0c0cb5fdfd5f9b0a0bb21ac4c3de3c84a67f35b09a85d3306249db,1,2694932120,10.0,4608.0,32,2,0.0234375,0.023610432942708332,0.0010825402569025755,29.655561447143555,0.10526168346405029,0.9567944407463074,0,0.0
CDDM_author_JSCC_snr10_C36_paid_scale,03.png,e25ca1ff2f0c0cb5fdfd5f9b0a0bb21ac4c3de3c84a67f35b09a85d3306249db,1,2694932120,10.0,4608.0,32,2,0.0234375,0.023610432942708332,0.0009634867310523987,30.161542892456055,0.12906990945339203,0.958808422088623,0,0.0
CDDM_author_C36_paid_scale,03.png,e25ca1ff2f0c0cb5fdfd5f9b0a0bb21ac4c3de3c84a67f35b09a85d3306249db,2,1212515068,10.0,4608.0,32,2,0.0234375,0.023610432942708332,0.0009639485506340861,30.15946388244629,0.11273101717233658,0.9613478183746338,93,4.07009722100338
CDDM_author_JSCC_snr13_C36_paid_scale,03.png,e25ca1ff2f0c0cb5fdfd5f9b0a0bb21ac4c3de3c84a67f35b09a85d3306249db,2,1212515068,10.0,4608.0,32,2,0.0234375,0.023610432942708332,0.0010308707132935524,29.867956161499023,0.10885556042194366,0.956477165222168,0,0.0
CDDM_author_JSCC_snr10_C36_paid_scale,03.png,e25ca1ff2f0c0cb5fdfd5f9b0a0bb21ac4c3de3c84a67f35b09a85d3306249db,2,1212515068,10.0,4608.0,32,2,0.0234375,0.023610432942708332,0.0009671389125287533,30.145111083984375,0.13025903701782227,0.9582235217094421,0,0.0
CDDM_author_C36_paid_scale,03.png,e25ca1ff2f0c0cb5fdfd5f9b0a0bb21ac4c3de3c84a67f35b09a85d3306249db,3,1452476945,10.0,4608.0,32,2,0.0234375,0.023610432942708332,0.0009097999427467585,30.410541534423828,0.11008505523204803,0.9616605639457703,93,4.070205116004217
CDDM_author_JSCC_snr13_C36_paid_scale,03.png,e25ca1ff2f0c0cb5fdfd5f9b0a0bb21ac4c3de3c84a67f35b09a85d3306249db,3,1452476945,10.0,4608.0,32,2,0.0234375,0.023610432942708332,0.0010197409428656101,29.915102005004883,0.10568834841251373,0.9565132856369019,0,0.0
CDDM_author_JSCC_snr10_C36_paid_scale,03.png,e25ca1ff2f0c0cb5fdfd5f9b0a0bb21ac4c3de3c84a67f35b09a85d3306249db,3,1452476945,10.0,4608.0,32,2,0.0234375,0.023610432942708332,0.0009801745181903243,30.08696746826172,0.1279081106185913,0.958182692527771,0,0.0
CDDM_author_C36_paid_scale,03.png,e25ca1ff2f0c0cb5fdfd5f9b0a0bb21ac4c3de3c84a67f35b09a85d3306249db,4,3521783118,10.0,4608.0,32,2,0.0234375,0.023610432942708332,0.0009304302511736751,30.31316375732422,0.10688280314207077,0.9609996676445007,93,4.051473747997079
CDDM_author_JSCC_snr13_C36_paid_scale,03.png,e25ca1ff2f0c0cb5fdfd5f9b0a0bb21ac4c3de3c84a67f35b09a85d3306249db,4,3521783118,10.0,4608.0,32,2,0.0234375,0.023610432942708332,0.0010504802921786904,29.786121368408203,0.10718027502298355,0.9559778571128845,0,0.0
CDDM_author_JSCC_snr10_C36_paid_scale,03.png,e25ca1ff2f0c0cb5fdfd5f9b0a0bb21ac4c3de3c84a67f35b09a85d3306249db,4,3521783118,10.0,4608.0,32,2,0.0234375,0.023610432942708332,0.0009454466635361314,30.243629455566406,0.1347024291753769,0.9584321975708008,0,0.0
CDDM_author_C36_paid_scale,03.png,e25ca1ff2f0c0cb5fdfd5f9b0a0bb21ac4c3de3c84a67f35b09a85d3306249db,5,4270040323,10.0,4608.0,32,2,0.0234375,0.023610432942708332,0.0008948941249400377,30.482282638549805,0.10887690633535385,0.9618191123008728,93,3.2473288559704088
CDDM_author_JSCC_snr13_C36_paid_scale,03.png,e25ca1ff2f0c0cb5fdfd5f9b0a0bb21ac4c3de3c84a67f35b09a85d3306249db,5,4270040323,10.0,4608.0,32,2,0.0234375,0.023610432942708332,0.0010223030112683773,29.904203414916992,0.10584212839603424,0.9575235247612,0,0.0
CDDM_author_JSCC_snr10_C36_paid_scale,03.png,e25ca1ff2f0c0cb5fdfd5f9b0a0bb21ac4c3de3c84a67f35b09a85d3306249db,5,4270040323,10.0,4608.0,32,2,0.0234375,0.023610432942708332,0.000948309141676873,30.23050308227539,0.12538723647594452,0.9591726660728455,0,0.0
CDDM_author_C36_paid_scale,03.png,e25ca1ff2f0c0cb5fdfd5f9b0a0bb21ac4c3de3c84a67f35b09a85d3306249db,6,3239262627,10.0,4608.0,32,2,0.0234375,0.023610432942708332,0.0009222072549164295,30.351715087890625,0.11091656982898712,0.9602817893028259,93,4.064360416028649
CDDM_author_JSCC_snr13_C36_paid_scale,03.png,e25ca1ff2f0c0cb5fdfd5f9b0a0bb21ac4c3de3c84a67f35b09a85d3306249db,6,3239262627,10.0,4608.0,32,2,0.0234375,0.023610432942708332,0.0010112792951986194,29.951290130615234,0.10609610378742218,0.9561761617660522,0,0.0
CDDM_author_JSCC_snr10_C36_paid_scale,03.png,e25ca1ff2f0c0cb5fdfd5f9b0a0bb21ac4c3de3c84a67f35b09a85d3306249db,6,3239262627,10.0,4608.0,32,2,0.0234375,0.023610432942708332,0.0009738253429532051,30.115188598632812,0.13493689894676208,0.9570940732955933,0,0.0
CDDM_author_C36_paid_scale,03.png,e25ca1ff2f0c0cb5fdfd5f9b0a0bb21ac4c3de3c84a67f35b09a85d3306249db,7,2698752677,10.0,4608.0,32,2,0.0234375,0.023610432942708332,0.0009651595028117299,30.154010772705078,0.10726838558912277,0.9606133699417114,93,4.055874705023598
CDDM_author_JSCC_snr13_C36_paid_scale,03.png,e25ca1ff2f0c0cb5fdfd5f9b0a0bb21ac4c3de3c84a67f35b09a85d3306249db,7,2698752677,10.0,4608.0,32,2,0.0234375,0.023610432942708332,0.0010526173282414675,29.77729606628418,0.10678057372570038,0.955499529838562,0,0.0
CDDM_author_JSCC_snr10_C36_paid_scale,03.png,e25ca1ff2f0c0cb5fdfd5f9b0a0bb21ac4c3de3c84a67f35b09a85d3306249db,7,2698752677,10.0,4608.0,32,2,0.0234375,0.023610432942708332,0.0009922710014507174,30.03369903564453,0.1265384703874588,0.9582101106643677,0,0.0
CDDM_author_C36_paid_scale,03.png,e25ca1ff2f0c0cb5fdfd5f9b0a0bb21ac4c3de3c84a67f35b09a85d3306249db,8,1730656629,10.0,4608.0,32,2,0.0234375,0.023610432942708332,0.000914090545848012,30.39011001586914,0.11182281374931335,0.960999608039856,93,4.039338769041933
CDDM_author_JSCC_snr13_C36_paid_scale,03.png,e25ca1ff2f0c0cb5fdfd5f9b0a0bb21ac4c3de3c84a67f35b09a85d3306249db,8,1730656629,10.0,4608.0,32,2,0.0234375,0.023610432942708332,0.0009449184872210026,30.246057510375977,0.105857253074646,0.9573706388473511,0,0.0
CDDM_author_JSCC_snr10_C36_paid_scale,03.png,e25ca1ff2f0c0cb5fdfd5f9b0a0bb21ac4c3de3c84a67f35b09a85d3306249db,8,1730656629,10.0,4608.0,32,2,0.0234375,0.023610432942708332,0.000960951205343008,30.17298698425293,0.1326204091310501,0.9583097696304321,0,0.0
CDDM_author_C36_paid_scale,03.png,e25ca1ff2f0c0cb5fdfd5f9b0a0bb21ac4c3de3c84a67f35b09a85d3306249db,9,1018922174,10.0,4608.0,32,2,0.0234375,0.023610432942708332,0.0009181999485008419,30.370628356933594,0.11110872030258179,0.9611362218856812,93,4.045284355990589
CDDM_author_JSCC_snr13_C36_paid_scale,03.png,e25ca1ff2f0c0cb5fdfd5f9b0a0bb21ac4c3de3c84a67f35b09a85d3306249db,9,1018922174,10.0,4608.0,32,2,0.0234375,0.023610432942708332,0.0009799855761229992,30.087804794311523,0.10813596099615097,0.9565253257751465,0,0.0
CDDM_author_JSCC_snr10_C36_paid_scale,03.png,e25ca1ff2f0c0cb5fdfd5f9b0a0bb21ac4c3de3c84a67f35b09a85d3306249db,9,1018922174,10.0,4608.0,32,2,0.0234375,0.023610432942708332,0.0009631658322177827,30.16299057006836,0.13276027143001556,0.9582104682922363,0,0.0
CDDM_author_C36_paid_scale,04.png,e3b946107c5d3441c022f678d0c3caf1e224d81b1604ba840a4f88e562de61aa,0,923839692,10.0,4608.0,32,2,0.0234375,0.023610432942708332,0.00040340397390536964,33.94260025024414,0.24242253601551056,0.9715146422386169,93,4.025649075978436
CDDM_author_JSCC_snr13_C36_paid_scale,04.png,e3b946107c5d3441c022f678d0c3caf1e224d81b1604ba840a4f88e562de61aa,0,923839692,10.0,4608.0,32,2,0.0234375,0.023610432942708332,0.00043248868314549327,33.640254974365234,0.21746757626533508,0.9691542387008667,0,0.0
CDDM_author_JSCC_snr10_C36_paid_scale,04.png,e3b946107c5d3441c022f678d0c3caf1e224d81b1604ba840a4f88e562de61aa,0,923839692,10.0,4608.0,32,2,0.0234375,0.023610432942708332,0.00042840137029998004,33.68149185180664,0.251901775598526,0.970210075378418,0,0.0
CDDM_author_C36_paid_scale,04.png,e3b946107c5d3441c022f678d0c3caf1e224d81b1604ba840a4f88e562de61aa,1,92362124,10.0,4608.0,32,2,0.0234375,0.023610432942708332,0.0004005242954008281,33.97371292114258,0.24336382746696472,0.9723343849182129,93,3.6614320289809257
CDDM_author_JSCC_snr13_C36_paid_scale,04.png,e3b946107c5d3441c022f678d0c3caf1e224d81b1604ba840a4f88e562de61aa,1,92362124,10.0,4608.0,32,2,0.0234375,0.023610432942708332,0.00044104037806391716,33.55521774291992,0.21528124809265137,0.9705457091331482,0,0.0
CDDM_author_JSCC_snr10_C36_paid_scale,04.png,e3b946107c5d3441c022f678d0c3caf1e224d81b1604ba840a4f88e562de61aa,1,92362124,10.0,4608.0,32,2,0.0234375,0.023610432942708332,0.00041284546023234725,33.842124938964844,0.25668612122535706,0.9701226949691772,0,0.0
CDDM_author_C36_paid_scale,04.png,e3b946107c5d3441c022f678d0c3caf1e224d81b1604ba840a4f88e562de61aa,2,37744946,10.0,4608.0,32,2,0.0234375,0.023610432942708332,0.0003839991404674947,34.15669631958008,0.2340434342622757,0.9726639986038208,93,3.1312439999892376
CDDM_author_JSCC_snr13_C36_paid_scale,04.png,e3b946107c5d3441c022f678d0c3caf1e224d81b1604ba840a4f88e562de61aa,2,37744946,10.0,4608.0,32,2,0.0234375,0.023610432942708332,0.00042524904711171985,33.713565826416016,0.2082747370004654,0.9713369607925415,0,0.0
CDDM_author_JSCC_snr10_C36_paid_scale,04.png,e3b946107c5d3441c022f678d0c3caf1e224d81b1604ba840a4f88e562de61aa,2,37744946,10.0,4608.0,32,2,0.0234375,0.023610432942708332,0.0004121511010453105,33.84943771362305,0.25206077098846436,0.9708756804466248,0,0.0
CDDM_author_C36_paid_scale,04.png,e3b946107c5d3441c022f678d0c3caf1e224d81b1604ba840a4f88e562de61aa,3,1345371972,10.0,4608.0,32,2,0.0234375,0.023610432942708332,0.00040411687223240733,33.934932708740234,0.24100136756896973,0.9714251756668091,93,4.0325376110267825
CDDM_author_JSCC_snr13_C36_paid_scale,04.png,e3b946107c5d3441c022f678d0c3caf1e224d81b1604ba840a4f88e562de61aa,3,1345371972,10.0,4608.0,32,2,0.0234375,0.023610432942708332,0.00042907160241156816,33.67470169067383,0.2152644395828247,0.970754086971283,0,0.0
CDDM_author_JSCC_snr10_C36_paid_scale,04.png,e3b946107c5d3441c022f678d0c3caf1e224d81b1604ba840a4f88e562de61aa,3,1345371972,10.0,4608.0,32,2,0.0234375,0.023610432942708332,0.0004127671418245882,33.84294891357422,0.2444401979446411,0.9702140688896179,0,0.0
CDDM_author_C36_paid_scale,04.png,e3b946107c5d3441c022f678d0c3caf1e224d81b1604ba840a4f88e562de61aa,4,3624408447,10.0,4608.0,32,2,0.0234375,0.023610432942708332,0.0003825135645456612,34.17353057861328,0.2390248328447342,0.9727206230163574,93,4.044481776945759
CDDM_author_JSCC_snr13_C36_paid_scale,04.png,e3b946107c5d3441c022f678d0c3caf1e224d81b1604ba840a4f88e562de61aa,4,3624408447,10.0,4608.0,32,2,0.0234375,0.023610432942708332,0.000440922420239076,33.55638122558594,0.21731552481651306,0.9715177416801453,0,0.0
CDDM_author_JSCC_snr10_C36_paid_scale,04.png,e3b946107c5d3441c022f678d0c3caf1e224d81b1604ba840a4f88e562de61aa,4,3624408447,10.0,4608.0,32,2,0.0234375,0.023610432942708332,0.00042353043681941926,33.73115539550781,0.25564199686050415,0.970405101776123,0,0.0
CDDM_author_C36_paid_scale,04.png,e3b946107c5d3441c022f678d0c3caf1e224d81b1604ba840a4f88e562de61aa,5,583767116,10.0,4608.0,32,2,0.0234375,0.023610432942708332,0.00039596212445758283,34.02346420288086,0.23850375413894653,0.9722174406051636,93,4.083053971990012
CDDM_author_JSCC_snr13_C36_paid_scale,04.png,e3b946107c5d3441c022f678d0c3caf1e224d81b1604ba840a4f88e562de61aa,5,583767116,10.0,4608.0,32,2,0.0234375,0.023610432942708332,0.0004206105077173561,33.761199951171875,0.21233665943145752,0.9715180397033691,0,0.0
CDDM_author_JSCC_snr10_C36_paid_scale,04.png,e3b946107c5d3441c022f678d0c3caf1e224d81b1604ba840a4f88e562de61aa,5,583767116,10.0,4608.0,32,2,0.0234375,0.023610432942708332,0.00041339354356750846,33.83636474609375,0.25184866786003113,0.9701184034347534,0,0.0
CDDM_author_C36_paid_scale,04.png,e3b946107c5d3441c022f678d0c3caf1e224d81b1604ba840a4f88e562de61aa,6,3016718898,10.0,4608.0,32,2,0.0234375,0.023610432942708332,0.00038947592838667333,34.09519577026367,0.2390901744365692,0.9725346565246582,93,4.044461974001024
CDDM_author_JSCC_snr13_C36_paid_scale,04.png,e3b946107c5d3441c022f678d0c3caf1e224d81b1604ba840a4f88e562de61aa,6,3016718898,10.0,4608.0,32,2,0.0234375,0.023610432942708332,0.00043175433529540896,33.64763641357422,0.20685449242591858,0.9710761308670044,0,0.0
CDDM_author_JSCC_snr10_C36_paid_scale,04.png,e3b946107c5d3441c022f678d0c3caf1e224d81b1604ba840a4f88e562de61aa,6,3016718898,10.0,4608.0,32,2,0.0234375,0.023610432942708332,0.000402757985284552,33.949562072753906,0.24610811471939087,0.9713532328605652,0,0.0
CDDM_author_C36_paid_scale,04.png,e3b946107c5d3441c022f678d0c3caf1e224d81b1604ba840a4f88e562de61aa,7,945195777,10.0,4608.0,32,2,0.0234375,0.023610432942708332,0.0003965971409343183,34.016502380371094,0.23821717500686646,0.9706888198852539,93,4.034160993993282
CDDM_author_JSCC_snr13_C36_paid_scale,04.png,e3b946107c5d3441c022f678d0c3caf1e224d81b1604ba840a4f88e562de61aa,7,945195777,10.0,4608.0,32,2,0.0234375,0.023610432942708332,0.00042755273170769215,33.69010543823242,0.2131301462650299,0.9697474837303162,0,0.0
CDDM_author_JSCC_snr10_C36_paid_scale,04.png,e3b946107c5d3441c022f678d0c3caf1e224d81b1604ba840a4f88e562de61aa,7,945195777,10.0,4608.0,32,2,0.0234375,0.023610432942708332,0.00041807134402915835,33.787498474121094,0.253801167011261,0.9700926542282104,0,0.0
CDDM_author_C36_paid_scale,04.png,e3b946107c5d3441c022f678d0c3caf1e224d81b1604ba840a4f88e562de61aa,8,668504590,10.0,4608.0,32,2,0.0234375,0.023610432942708332,0.0004066191613674164,33.90812301635742,0.23683899641036987,0.9719504117965698,93,3.9811460659839213
CDDM_author_JSCC_snr13_C36_paid_scale,04.png,e3b946107c5d3441c022f678d0c3caf1e224d81b1604ba840a4f88e562de61aa,8,668504590,10.0,4608.0,32,2,0.0234375,0.023610432942708332,0.000447976344730705,33.487449645996094,0.21101698279380798,0.9700093269348145,0,0.0
CDDM_author_JSCC_snr10_C36_paid_scale,04.png,e3b946107c5d3441c022f678d0c3caf1e224d81b1604ba840a4f88e562de61aa,8,668504590,10.0,4608.0,32,2,0.0234375,0.023610432942708332,0.0004096202028449625,33.87618637084961,0.24915561079978943,0.9710644483566284,0,0.0
CDDM_author_C36_paid_scale,04.png,e3b946107c5d3441c022f678d0c3caf1e224d81b1604ba840a4f88e562de61aa,9,3945070707,10.0,4608.0,32,2,0.0234375,0.023610432942708332,0.000398020725697279,34.000946044921875,0.24190884828567505,0.9717663526535034,93,3.4245710970135406
CDDM_author_JSCC_snr13_C36_paid_scale,04.png,e3b946107c5d3441c022f678d0c3caf1e224d81b1604ba840a4f88e562de61aa,9,3945070707,10.0,4608.0,32,2,0.0234375,0.023610432942708332,0.0004265031893737614,33.700775146484375,0.2127879559993744,0.9699584245681763,0,0.0
CDDM_author_JSCC_snr10_C36_paid_scale,04.png,e3b946107c5d3441c022f678d0c3caf1e224d81b1604ba840a4f88e562de61aa,9,3945070707,10.0,4608.0,32,2,0.0234375,0.023610432942708332,0.0004125935956835747,33.84477615356445,0.25393974781036377,0.970559298992157,0,0.0
CDDM_author_C36_paid_scale,05.png,10349e963c5c813d327852f82c1795fa4148d69fedffc4c589bee458e3ac3d53,0,2209003489,10.0,4608.0,32,2,0.0234375,0.023610432942708332,0.005318438168615103,22.742158889770508,0.17513568699359894,0.9321627020835876,93,4.02563122601714
CDDM_author_JSCC_snr13_C36_paid_scale,05.png,10349e963c5c813d327852f82c1795fa4148d69fedffc4c589bee458e3ac3d53,0,2209003489,10.0,4608.0,32,2,0.0234375,0.023610432942708332,0.0055317929945886135,22.57134246826172,0.16713929176330566,0.9316277503967285,0,0.0
CDDM_author_JSCC_snr10_C36_paid_scale,05.png,10349e963c5c813d327852f82c1795fa4148d69fedffc4c589bee458e3ac3d53,0,2209003489,10.0,4608.0,32,2,0.0234375,0.023610432942708332,0.005737762898206711,22.412574768066406,0.18906791508197784,0.9303487539291382,0,0.0
CDDM_author_C36_paid_scale,05.png,10349e963c5c813d327852f82c1795fa4148d69fedffc4c589bee458e3ac3d53,1,327337422,10.0,4608.0,32,2,0.0234375,0.023610432942708332,0.005271547939628363,22.78061866760254,0.17823205888271332,0.9316148161888123,93,4.080175554961897
CDDM_author_JSCC_snr13_C36_paid_scale,05.png,10349e963c5c813d327852f82c1795fa4148d69fedffc4c589bee458e3ac3d53,1,327337422,10.0,4608.0,32,2,0.0234375,0.023610432942708332,0.005431659519672394,22.650672912597656,0.16995413601398468,0.9309104681015015,0,0.0
CDDM_author_JSCC_snr10_C36_paid_scale,05.png,10349e963c5c813d327852f82c1795fa4148d69fedffc4c589bee458e3ac3d53,1,327337422,10.0,4608.0,32,2,0.0234375,0.023610432942708332,0.005776942707598209,22.383020401000977,0.18850776553153992,0.9304963946342468,0,0.0
CDDM_author_C36_paid_scale,05.png,10349e963c5c813d327852f82c1795fa4148d69fedffc4c589bee458e3ac3d53,2,1816397462,10.0,4608.0,32,2,0.0234375,0.023610432942708332,0.005344219505786896,22.721158981323242,0.1726379245519638,0.9312928915023804,93,4.0298369860392995
CDDM_author_JSCC_snr13_C36_paid_scale,05.png,10349e963c5c813d327852f82c1795fa4148d69fedffc4c589bee458e3ac3d53,2,1816397462,10.0,4608.0,32,2,0.0234375,0.023610432942708332,0.005506451241672039,22.591283798217773,0.16254644095897675,0.9315604567527771,0,0.0
CDDM_author_JSCC_snr10_C36_paid_scale,05.png,10349e963c5c813d327852f82c1795fa4148d69fedffc4c589bee458e3ac3d53,2,1816397462,10.0,4608.0,32,2,0.0234375,0.023610432942708332,0.005751823540776968,22.401945114135742,0.18574458360671997,0.9306865930557251,0,0.0
CDDM_author_C36_paid_scale,05.png,10349e963c5c813d327852f82c1795fa4148d69fedffc4c589bee458e3ac3d53,3,2193279405,10.0,4608.0,32,2,0.0234375,0.023610432942708332,0.0053485361859202385,22.717649459838867,0.17960581183433533,0.9308117628097534,93,4.029235425987281
CDDM_author_JSCC_snr13_C36_paid_scale,05.png,10349e963c5c813d327852f82c1795fa4148d69fedffc4c589bee458e3ac3d53,3,2193279405,10.0,4608.0,32,2,0.0234375,0.023610432942708332,0.005537360906600952,22.566970825195312,0.16927294433116913,0.9295171499252319,0,0.0
CDDM_author_JSCC_snr10_C36_paid_scale,05.png,10349e963c5c813d327852f82c1795fa4148d69fedffc4c589bee458e3ac3d53,3,2193279405,10.0,4608.0,32,2,0.0234375,0.023610432942708332,0.005781026091426611,22.37995147705078,0.183712437748909,0.930802583694458,0,0.0
CDDM_author_C36_paid_scale,05.png,10349e963c5c813d327852f82c1795fa4148d69fedffc4c589bee458e3ac3d53,4,1326661360,10.0,4608.0,32,2,0.0234375,0.023610432942708332,0.00523720495402813,22.809005737304688,0.17139776051044464,0.9342529773712158,93,4.046871213009581
CDDM_author_JSCC_snr13_C36_paid_scale,05.png,10349e963c5c813d327852f82c1795fa4148d69fedffc4c589bee458e3ac3d53,4,1326661360,10.0,4608.0,32,2,0.0234375,0.023610432942708332,0.005452438723295927,22.63409423828125,0.1617315709590912,0.9326014518737793,0,0.0
CDDM_author_JSCC_snr10_C36_paid_scale,05.png,10349e963c5c813d327852f82c1795fa4148d69fedffc4c589bee458e3ac3d53,4,1326661360,10.0,4608.0,32,2,0.0234375,0.023610432942708332,0.005780383478850126,22.38043212890625,0.1879369020462036,0.9313079714775085,0,0.0
CDDM_author_C36_paid_scale,05.png,10349e963c5c813d327852f82c1795fa4148d69fedffc4c589bee458e3ac3d53,5,2908477935,10.0,4608.0,32,2,0.0234375,0.023610432942708332,0.005209786351770163,22.831802368164062,0.17311561107635498,0.9314922094345093,93,3.5748231019824743
CDDM_author_JSCC_snr13_C36_paid_scale,05.png,10349e963c5c813d327852f82c1795fa4148d69fedffc4c589bee458e3ac3d53,5,2908477935,10.0,4608.0,32,2,0.0234375,0.023610432942708332,0.005345956888049841,22.719745635986328,0.1654135137796402,0.9318529963493347,0,0.0
CDDM_author_JSCC_snr10_C36_paid_scale,05.png,10349e963c5c813d327852f82c1795fa4148d69fedffc4c589bee458e3ac3d53,5,2908477935,10.0,4608.0,32,2,0.0234375,0.023610432942708332,0.005710236262530088,22.433460235595703,0.1847861111164093,0.9298262000083923,0,0.0
CDDM_author_C36_paid_scale,05.png,10349e963c5c813d327852f82c1795fa4148d69fedffc4c589bee458e3ac3d53,6,2380327252,10.0,4608.0,32,2,0.0234375,0.023610432942708332,0.005299861542880535,22.757356643676758,0.17642706632614136,0.9302091598510742,93,3.2732940019923262
CDDM_author_JSCC_snr13_C36_paid_scale,05.png,10349e963c5c813d327852f82c1795fa4148d69fedffc4c589bee458e3ac3d53,6,2380327252,10.0,4608.0,32,2,0.0234375,0.023610432942708332,0.005346341989934444,22.719432830810547,0.16656368970870972,0.9313509464263916,0,0.0
CDDM_author_JSCC_snr10_C36_paid_scale,05.png,10349e963c5c813d327852f82c1795fa4148d69fedffc4c589bee458e3ac3d53,6,2380327252,10.0,4608.0,32,2,0.0234375,0.023610432942708332,0.005591022782027721,22.525089263916016,0.18115204572677612,0.9314042925834656,0,0.0
CDDM_author_C36_paid_scale,05.png,10349e963c5c813d327852f82c1795fa4148d69fedffc4c589bee458e3ac3d53,7,1868907783,10.0,4608.0,32,2,0.0234375,0.023610432942708332,0.005270989611744881,22.781078338623047,0.1790580451488495,0.9314391016960144,93,4.075328899023589
CDDM_author_JSCC_snr13_C36_paid_scale,05.png,10349e963c5c813d327852f82c1795fa4148d69fedffc4c589bee458e3ac3d53,7,1868907783,10.0,4608.0,32,2,0.0234375,0.023610432942708332,0.005440845619887114,22.64333724975586,0.16834938526153564,0.9308203458786011,0,0.0
CDDM_author_JSCC_snr10_C36_paid_scale,05.png,10349e963c5c813d327852f82c1795fa4148d69fedffc4c589bee458e3ac3d53,7,1868907783,10.0,4608.0,32,2,0.0234375,0.023610432942708332,0.005763252731412649,22.39332389831543,0.1855446696281433,0.9301311373710632,0,0.0
CDDM_author_C36_paid_scale,05.png,10349e963c5c813d327852f82c1795fa4148d69fedffc4c589bee458e3ac3d53,8,110583148,10.0,4608.0,32,2,0.0234375,0.023610432942708332,0.005151483695954084,22.880678176879883,0.1710139960050583,0.9355029463768005,93,4.085077462019399
CDDM_author_JSCC_snr13_C36_paid_scale,05.png,10349e963c5c813d327852f82c1795fa4148d69fedffc4c589bee458e3ac3d53,8,110583148,10.0,4608.0,32,2,0.0234375,0.023610432942708332,0.005419309716671705,22.660560607910156,0.16056963801383972,0.9331189393997192,0,0.0
CDDM_author_JSCC_snr10_C36_paid_scale,05.png,10349e963c5c813d327852f82c1795fa4148d69fedffc4c589bee458e3ac3d53,8,110583148,10.0,4608.0,32,2,0.0234375,0.023610432942708332,0.0058031147345900536,22.363388061523438,0.1830049604177475,0.9317101240158081,0,0.0
CDDM_author_C36_paid_scale,05.png,10349e963c5c813d327852f82c1795fa4148d69fedffc4c589bee458e3ac3d53,9,2086470130,10.0,4608.0,32,2,0.0234375,0.023610432942708332,0.0052704038098454475,22.78156280517578,0.17331135272979736,0.9316078424453735,93,4.057865824957844
CDDM_author_JSCC_snr13_C36_paid_scale,05.png,10349e963c5c813d327852f82c1795fa4148d69fedffc4c589bee458e3ac3d53,9,2086470130,10.0,4608.0,32,2,0.0234375,0.023610432942708332,0.0055022528395056725,22.594594955444336,0.1639726310968399,0.9298602938652039,0,0.0
CDDM_author_JSCC_snr10_C36_paid_scale,05.png,10349e963c5c813d327852f82c1795fa4148d69fedffc4c589bee458e3ac3d53,9,2086470130,10.0,4608.0,32,2,0.0234375,0.023610432942708332,0.005704642739146948,22.437715530395508,0.1847430020570755,0.9292020201683044,0,0.0
CDDM_author_C36_paid_scale,06.png,363510303b715d4cbc384e1ce227e466b613a09e1b71ae985882bf8e7fbd9b18,0,1405178896,10.0,4608.0,32,2,0.0234375,0.023610432942708332,0.003679846180602908,24.34170150756836,0.31279173493385315,0.9007558822631836,93,4.059081769024488
CDDM_author_JSCC_snr13_C36_paid_scale,06.png,363510303b715d4cbc384e1ce227e466b613a09e1b71ae985882bf8e7fbd9b18,0,1405178896,10.0,4608.0,32,2,0.0234375,0.023610432942708332,0.003716804785653949,24.298303604125977,0.30034881830215454,0.8993381857872009,0,0.0
CDDM_author_JSCC_snr10_C36_paid_scale,06.png,363510303b715d4cbc384e1ce227e466b613a09e1b71ae985882bf8e7fbd9b18,0,1405178896,10.0,4608.0,32,2,0.0234375,0.023610432942708332,0.0038837064057588577,24.10753631591797,0.3449682593345642,0.9034654498100281,0,0.0
CDDM_author_C36_paid_scale,06.png,363510303b715d4cbc384e1ce227e466b613a09e1b71ae985882bf8e7fbd9b18,1,3142411534,10.0,4608.0,32,2,0.0234375,0.023610432942708332,0.00368444062769413,24.336284637451172,0.3094765245914459,0.902504563331604,93,4.03793480200693
CDDM_author_JSCC_snr13_C36_paid_scale,06.png,363510303b715d4cbc384e1ce227e466b613a09e1b71ae985882bf8e7fbd9b18,1,3142411534,10.0,4608.0,32,2,0.0234375,0.023610432942708332,0.0037499270401895046,24.25977325439453,0.3030713200569153,0.9004462957382202,0,0.0
CDDM_author_JSCC_snr10_C36_paid_scale,06.png,363510303b715d4cbc384e1ce227e466b613a09e1b71ae985882bf8e7fbd9b18,1,3142411534,10.0,4608.0,32,2,0.0234375,0.023610432942708332,0.003936829976737499,24.048534393310547,0.34499138593673706,0.9035400152206421,0,0.0
CDDM_author_C36_paid_scale,06.png,363510303b715d4cbc384e1ce227e466b613a09e1b71ae985882bf8e7fbd9b18,2,3815815851,10.0,4608.0,32,2,0.0234375,0.023610432942708332,0.0036663049831986427,24.357715606689453,0.3057057559490204,0.9033246040344238,93,3.2182449260144494
CDDM_author_JSCC_snr13_C36_paid_scale,06.png,363510303b715d4cbc384e1ce227e466b613a09e1b71ae985882bf8e7fbd9b18,2,3815815851,10.0,4608.0,32,2,0.0234375,0.023610432942708332,0.003729750867933035,24.283203125,0.29588085412979126,0.9020493030548096,0,0.0
CDDM_author_JSCC_snr10_C36_paid_scale,06.png,363510303b715d4cbc384e1ce227e466b613a09e1b71ae985882bf8e7fbd9b18,2,3815815851,10.0,4608.0,32,2,0.0234375,0.023610432942708332,0.0038990711327642202,24.090389251708984,0.3469374179840088,0.904464602470398,0,0.0
CDDM_author_C36_paid_scale,06.png,363510303b715d4cbc384e1ce227e466b613a09e1b71ae985882bf8e7fbd9b18,3,4178382034,10.0,4608.0,32,2,0.0234375,0.023610432942708332,0.003678645472973585,24.343120574951172,0.30810561776161194,0.9009191393852234,93,4.038166696031112
CDDM_author_JSCC_snr13_C36_paid_scale,06.png,363510303b715d4cbc384e1ce227e466b613a09e1b71ae985882bf8e7fbd9b18,3,4178382034,10.0,4608.0,32,2,0.0234375,0.023610432942708332,0.0037692261394113302,24.237478256225586,0.30361366271972656,0.8987877368927002,0,0.0
CDDM_author_JSCC_snr10_C36_paid_scale,06.png,363510303b715d4cbc384e1ce227e466b613a09e1b71ae985882bf8e7fbd9b18,3,4178382034,10.0,4608.0,32,2,0.0234375,0.023610432942708332,0.0038948464207351208,24.095096588134766,0.3374558091163635,0.9044203162193298,0,0.0
CDDM_author_C36_paid_scale,06.png,363510303b715d4cbc384e1ce227e466b613a09e1b71ae985882bf8e7fbd9b18,4,733816407,10.0,4608.0,32,2,0.0234375,0.023610432942708332,0.003656841581687331,24.368938446044922,0.3102416694164276,0.9021776914596558,93,4.051745469041634
CDDM_author_JSCC_snr13_C36_paid_scale,06.png,363510303b715d4cbc384e1ce227e466b613a09e1b71ae985882bf8e7fbd9b18,4,733816407,10.0,4608.0,32,2,0.0234375,0.023610432942708332,0.0037759323604404926,24.22975730895996,0.3003673851490021,0.9006884098052979,0,0.0
CDDM_author_JSCC_snr10_C36_paid_scale,06.png,363510303b715d4cbc384e1ce227e466b613a09e1b71ae985882bf8e7fbd9b18,4,733816407,10.0,4608.0,32,2,0.0234375,0.023610432942708332,0.003933710511773825,24.05197525024414,0.3431444466114044,0.9041303396224976,0,0.0
CDDM_author_C36_paid_scale,06.png,363510303b715d4cbc384e1ce227e466b613a09e1b71ae985882bf8e7fbd9b18,5,3783561066,10.0,4608.0,32,2,0.0234375,0.023610432942708332,0.0036897999234497547,24.329971313476562,0.3075581192970276,0.90306556224823,93,4.048304063035175
CDDM_author_JSCC_snr13_C36_paid_scale,06.png,363510303b715d4cbc384e1ce227e466b613a09e1b71ae985882bf8e7fbd9b18,5,3783561066,10.0,4608.0,32,2,0.0234375,0.023610432942708332,0.0037301196716725826,24.282772064208984,0.297078400850296,0.9007288217544556,0,0.0
CDDM_author_JSCC_snr10_C36_paid_scale,06.png,363510303b715d4cbc384e1ce227e466b613a09e1b71ae985882bf8e7fbd9b18,5,3783561066,10.0,4608.0,32,2,0.0234375,0.023610432942708332,0.0039234459400177,24.063322067260742,0.34906941652297974,0.9043474197387695,0,0.0
CDDM_author_C36_paid_scale,06.png,363510303b715d4cbc384e1ce227e466b613a09e1b71ae985882bf8e7fbd9b18,6,2285678882,10.0,4608.0,32,2,0.0234375,0.023610432942708332,0.003706209361553192,24.31070327758789,0.3119092583656311,0.9034320712089539,93,4.020958274020813
CDDM_author_JSCC_snr13_C36_paid_scale,06.png,363510303b715d4cbc384e1ce227e466b613a09e1b71ae985882bf8e7fbd9b18,6,2285678882,10.0,4608.0,32,2,0.0234375,0.023610432942708332,0.0037754513323307037,24.23031234741211,0.3047742545604706,0.9018006324768066,0,0.0
CDDM_author_JSCC_snr10_C36_paid_scale,06.png,363510303b715d4cbc384e1ce227e466b613a09e1b71ae985882bf8e7fbd9b18,6,2285678882,10.0,4608.0,32,2,0.0234375,0.023610432942708332,0.003888542763888836,24.10213279724121,0.3378591239452362,0.9049752950668335,0,0.0
CDDM_author_C36_paid_scale,06.png,363510303b715d4cbc384e1ce227e466b613a09e1b71ae985882bf8e7fbd9b18,7,874070646,10.0,4608.0,32,2,0.0234375,0.023610432942708332,0.003692560363560915,24.326725006103516,0.3133786916732788,0.9008525609970093,93,4.0441854349919595
CDDM_author_JSCC_snr13_C36_paid_scale,06.png,363510303b715d4cbc384e1ce227e466b613a09e1b71ae985882bf8e7fbd9b18,7,874070646,10.0,4608.0,32,2,0.0234375,0.023610432942708332,0.0038041879888623953,24.19738006591797,0.307049423456192,0.8991116881370544,0,0.0
CDDM_author_JSCC_snr10_C36_paid_scale,06.png,363510303b715d4cbc384e1ce227e466b613a09e1b71ae985882bf8e7fbd9b18,7,874070646,10.0,4608.0,32,2,0.0234375,0.023610432942708332,0.003921222873032093,24.065784454345703,0.35153934359550476,0.9040507078170776,0,0.0
CDDM_author_C36_paid_scale,06.png,363510303b715d4cbc384e1ce227e466b613a09e1b71ae985882bf8e7fbd9b18,8,2334558296,10.0,4608.0,32,2,0.0234375,0.023610432942708332,0.0037008291110396385,24.31700897216797,0.31527960300445557,0.9021263122558594,93,4.039567769970745
CDDM_author_JSCC_snr13_C36_paid_scale,06.png,363510303b715d4cbc384e1ce227e466b613a09e1b71ae985882bf8e7fbd9b18,8,2334558296,10.0,4608.0,32,2,0.0234375,0.023610432942708332,0.0037799084093421698,24.225187301635742,0.30894315242767334,0.899564266204834,0,0.0
CDDM_author_JSCC_snr10_C36_paid_scale,06.png,363510303b715d4cbc384e1ce227e466b613a09e1b71ae985882bf8e7fbd9b18,8,2334558296,10.0,4608.0,32,2,0.0234375,0.023610432942708332,0.003907713107764721,24.080774307250977,0.3354119658470154,0.903288722038269,0,0.0
CDDM_author_C36_paid_scale,06.png,363510303b715d4cbc384e1ce227e466b613a09e1b71ae985882bf8e7fbd9b18,9,1603533872,10.0,4608.0,32,2,0.0234375,0.023610432942708332,0.003703493159264326,24.313886642456055,0.30395981669425964,0.9024335741996765,93,2.8533030379912816
CDDM_author_JSCC_snr13_C36_paid_scale,06.png,363510303b715d4cbc384e1ce227e466b613a09e1b71ae985882bf8e7fbd9b18,9,1603533872,10.0,4608.0,32,2,0.0234375,0.023610432942708332,0.003799745347350836,24.20245361328125,0.3006652891635895,0.901303231716156,0,0.0
CDDM_author_JSCC_snr10_C36_paid_scale,06.png,363510303b715d4cbc384e1ce227e466b613a09e1b71ae985882bf8e7fbd9b18,9,1603533872,10.0,4608.0,32,2,0.0234375,0.023610432942708332,0.003897762391716242,24.091846466064453,0.3348691463470459,0.9045301675796509,0,0.0
CDDM_author_C36_paid_scale,07.png,b77d3f006f42414bb242222e0482e750c0fb9e5ee8d4bed2f6f11c5605fe54a4,0,154875655,10.0,4608.0,32,2,0.0234375,0.023610432942708332,0.0017218799330294132,27.639970779418945,0.13739345967769623,0.9561917781829834,93,4.053757296002004
CDDM_author_JSCC_snr13_C36_paid_scale,07.png,b77d3f006f42414bb242222e0482e750c0fb9e5ee8d4bed2f6f11c5605fe54a4,0,154875655,10.0,4608.0,32,2,0.0234375,0.023610432942708332,0.0017949750181287527,27.459415435791016,0.13482120633125305,0.9533783793449402,0,0.0
CDDM_author_JSCC_snr10_C36_paid_scale,07.png,b77d3f006f42414bb242222e0482e750c0fb9e5ee8d4bed2f6f11c5605fe54a4,0,154875655,10.0,4608.0,32,2,0.0234375,0.023610432942708332,0.0018146004294976592,27.412189483642578,0.14705374836921692,0.9552527666091919,0,0.0
CDDM_author_C36_paid_scale,07.png,b77d3f006f42414bb242222e0482e750c0fb9e5ee8d4bed2f6f11c5605fe54a4,1,1459453153,10.0,4608.0,32,2,0.0234375,0.023610432942708332,0.0017431530868634582,27.586647033691406,0.14160798490047455,0.9553020000457764,93,4.035024565004278
CDDM_author_JSCC_snr13_C36_paid_scale,07.png,b77d3f006f42414bb242222e0482e750c0fb9e5ee8d4bed2f6f11c5605fe54a4,1,1459453153,10.0,4608.0,32,2,0.0234375,0.023610432942708332,0.0018192128045484424,27.401165008544922,0.13931313157081604,0.9527418613433838,0,0.0
CDDM_author_JSCC_snr10_C36_paid_scale,07.png,b77d3f006f42414bb242222e0482e750c0fb9e5ee8d4bed2f6f11c5605fe54a4,1,1459453153,10.0,4608.0,32,2,0.0234375,0.023610432942708332,0.0018479557475075126,27.333086013793945,0.1465418040752411,0.95366370677948,0,0.0
CDDM_author_C36_paid_scale,07.png,b77d3f006f42414bb242222e0482e750c0fb9e5ee8d4bed2f6f11c5605fe54a4,2,2310409658,10.0,4608.0,32,2,0.0234375,0.023610432942708332,0.001722038141451776,27.639572143554688,0.1454920768737793,0.9540286064147949,93,4.061998921970371
CDDM_author_JSCC_snr13_C36_paid_scale,07.png,b77d3f006f42414bb242222e0482e750c0fb9e5ee8d4bed2f6f11c5605fe54a4,2,2310409658,10.0,4608.0,32,2,0.0234375,0.023610432942708332,0.0017931961920112371,27.463722229003906,0.13922353088855743,0.9511966109275818,0,0.0
CDDM_author_JSCC_snr10_C36_paid_scale,07.png,b77d3f006f42414bb242222e0482e750c0fb9e5ee8d4bed2f6f11c5605fe54a4,2,2310409658,10.0,4608.0,32,2,0.0234375,0.023610432942708332,0.0018161305924877524,27.408531188964844,0.14548137784004211,0.9529334306716919,0,0.0
CDDM_author_C36_paid_scale,07.png,b77d3f006f42414bb242222e0482e750c0fb9e5ee8d4bed2f6f11c5605fe54a4,3,1166698755,10.0,4608.0,32,2,0.0234375,0.023610432942708332,0.0016980424989014864,27.700515747070312,0.13902810215950012,0.9559912085533142,93,4.032348709995858
CDDM_author_JSCC_snr13_C36_paid_scale,07.png,b77d3f006f42414bb242222e0482e750c0fb9e5ee8d4bed2f6f11c5605fe54a4,3,1166698755,10.0,4608.0,32,2,0.0234375,0.023610432942708332,0.0017750471597537398,27.50790023803711,0.13548141717910767,0.9526416063308716,0,0.0
CDDM_author_JSCC_snr10_C36_paid_scale,07.png,b77d3f006f42414bb242222e0482e750c0fb9e5ee8d4bed2f6f11c5605fe54a4,3,1166698755,10.0,4608.0,32,2,0.0234375,0.023610432942708332,0.0017793620936572552,27.497358322143555,0.14301219582557678,0.9547879695892334,0,0.0
CDDM_author_C36_paid_scale,07.png,b77d3f006f42414bb242222e0482e750c0fb9e5ee8d4bed2f6f11c5605fe54a4,4,2138521498,10.0,4608.0,32,2,0.0234375,0.023610432942708332,0.0017501036636531353,27.56936264038086,0.14186884462833405,0.9549545049667358,93,4.073922238021623
CDDM_author_JSCC_snr13_C36_paid_scale,07.png,b77d3f006f42414bb242222e0482e750c0fb9e5ee8d4bed2f6f11c5605fe54a4,4,2138521498,10.0,4608.0,32,2,0.0234375,0.023610432942708332,0.00178808462806046,27.476119995117188,0.13951221108436584,0.9527894258499146,0,0.0
CDDM_author_JSCC_snr10_C36_paid_scale,07.png,b77d3f006f42414bb242222e0482e750c0fb9e5ee8d4bed2f6f11c5605fe54a4,4,2138521498,10.0,4608.0,32,2,0.0234375,0.023610432942708332,0.0017845842521637678,27.484630584716797,0.14317600429058075,0.9546915888786316,0,0.0
CDDM_author_C36_paid_scale,07.png,b77d3f006f42414bb242222e0482e750c0fb9e5ee8d4bed2f6f11c5605fe54a4,5,2286467145,10.0,4608.0,32,2,0.0234375,0.023610432942708332,0.0017172892112284899,27.651565551757812,0.1391211897134781,0.9543285369873047,93,4.049181234964635
CDDM_author_JSCC_snr13_C36_paid_scale,07.png,b77d3f006f42414bb242222e0482e750c0fb9e5ee8d4bed2f6f11c5605fe54a4,5,2286467145,10.0,4608.0,32,2,0.0234375,0.023610432942708332,0.0018125975038856268,27.416988372802734,0.1367497593164444,0.951767086982727,0,0.0
CDDM_author_JSCC_snr10_C36_paid_scale,07.png,b77d3f006f42414bb242222e0482e750c0fb9e5ee8d4bed2f6f11c5605fe54a4,5,2286467145,10.0,4608.0,32,2,0.0234375,0.023610432942708332,0.0019024487119168043,27.206871032714844,0.150701105594635,0.9527522325515747,0,0.0
CDDM_author_C36_paid_scale,07.png,b77d3f006f42414bb242222e0482e750c0fb9e5ee8d4bed2f6f11c5605fe54a4,6,4264189687,10.0,4608.0,32,2,0.0234375,0.023610432942708332,0.001684245653450489,27.735946655273438,0.13552674651145935,0.9559738039970398,93,3.3017924340092577
CDDM_author_JSCC_snr13_C36_paid_scale,07.png,b77d3f006f42414bb242222e0482e750c0fb9e5ee8d4bed2f6f11c5605fe54a4,6,4264189687,10.0,4608.0,32,2,0.0234375,0.023610432942708332,0.0017576607642695308,27.550649642944336,0.135260671377182,0.952978253364563,0,0.0
CDDM_author_JSCC_snr10_C36_paid_scale,07.png,b77d3f006f42414bb242222e0482e750c0fb9e5ee8d4bed2f6f11c5605fe54a4,6,4264189687,10.0,4608.0,32,2,0.0234375,0.023610432942708332,0.0018015960231423378,27.44342613220215,0.14546510577201843,0.954554557800293,0,0.0
CDDM_author_C36_paid_scale,07.png,b77d3f006f42414bb242222e0482e750c0fb9e5ee8d4bed2f6f11c5605fe54a4,7,653540486,10.0,4608.0,32,2,0.0234375,0.023610432942708332,0.0017280050087720156,27.62455177307129,0.1343044936656952,0.9551981687545776,93,4.06737028300995
CDDM_author_JSCC_snr13_C36_paid_scale,07.png,b77d3f006f42414bb242222e0482e750c0fb9e5ee8d4bed2f6f11c5605fe54a4,7,653540486,10.0,4608.0,32,2,0.0234375,0.023610432942708332,0.0018084918847307563,27.426834106445312,0.13265015184879303,0.9528362154960632,0,0.0
CDDM_author_JSCC_snr10_C36_paid_scale,07.png,b77d3f006f42414bb242222e0482e750c0fb9e5ee8d4bed2f6f11c5605fe54a4,7,653540486,10.0,4608.0,32,2,0.0234375,0.023610432942708332,0.0018175396835431457,27.405162811279297,0.14971429109573364,0.9541788101196289,0,0.0
CDDM_author_C36_paid_scale,07.png,b77d3f006f42414bb242222e0482e750c0fb9e5ee8d4bed2f6f11c5605fe54a4,8,615988308,10.0,4608.0,32,2,0.0234375,0.023610432942708332,0.0017080450197681785,27.67500877380371,0.14584752917289734,0.9557696580886841,93,4.075384216033854
CDDM_author_JSCC_snr13_C36_paid_scale,07.png,b77d3f006f42414bb242222e0482e750c0fb9e5ee8d4bed2f6f11c5605fe54a4,8,615988308,10.0,4608.0,32,2,0.0234375,0.023610432942708332,0.0017897709039971232,27.472026824951172,0.14210279285907745,0.9532327651977539,0,0.0
CDDM_author_JSCC_snr10_C36_paid_scale,07.png,b77d3f006f42414bb242222e0482e750c0fb9e5ee8d4bed2f6f11c5605fe54a4,8,615988308,10.0,4608.0,32,2,0.0234375,0.023610432942708332,0.001792999217286706,27.46419906616211,0.15112268924713135,0.9542136192321777,0,0.0
CDDM_author_C36_paid_scale,07.png,b77d3f006f42414bb242222e0482e750c0fb9e5ee8d4bed2f6f11c5605fe54a4,9,769145919,10.0,4608.0,32,2,0.0234375,0.023610432942708332,0.0016887718811631203,27.724288940429688,0.14265254139900208,0.9556950330734253,93,4.0171959869912826
CDDM_author_JSCC_snr13_C36_paid_scale,07.png,b77d3f006f42414bb242222e0482e750c0fb9e5ee8d4bed2f6f11c5605fe54a4,9,769145919,10.0,4608.0,32,2,0.0234375,0.023610432942708332,0.001790243899449706,27.470876693725586,0.14170105755329132,0.9530218839645386,0,0.0
CDDM_author_JSCC_snr10_C36_paid_scale,07.png,b77d3f006f42414bb242222e0482e750c0fb9e5ee8d4bed2f6f11c5605fe54a4,9,769145919,10.0,4608.0,32,2,0.0234375,0.023610432942708332,0.0018447012407705188,27.34073829650879,0.14723774790763855,0.9553836584091187,0,0.0
CDDM_author_C36_paid_scale,08.png,ba23983c76b4832ee0e8af0592664756841a16779acd69f792e268fb6d13d6e7,0,3665181027,10.0,4608.0,32,2,0.0234375,0.023610432942708332,0.003457368351519108,24.612545013427734,0.1829008162021637,0.9499106407165527,93,4.0559823120129295
CDDM_author_JSCC_snr13_C36_paid_scale,08.png,ba23983c76b4832ee0e8af0592664756841a16779acd69f792e268fb6d13d6e7,0,3665181027,10.0,4608.0,32,2,0.0234375,0.023610432942708332,0.0036036716774106026,24.43254852294922,0.17359179258346558,0.9461731910705566,0,0.0
CDDM_author_JSCC_snr10_C36_paid_scale,08.png,ba23983c76b4832ee0e8af0592664756841a16779acd69f792e268fb6d13d6e7,0,3665181027,10.0,4608.0,32,2,0.0234375,0.023610432942708332,0.0038444853853434324,24.15161895751953,0.18235817551612854,0.946629524230957,0,0.0
CDDM_author_C36_paid_scale,08.png,ba23983c76b4832ee0e8af0592664756841a16779acd69f792e268fb6d13d6e7,1,2366869995,10.0,4608.0,32,2,0.0234375,0.023610432942708332,0.0035012715961784124,24.557743072509766,0.17706114053726196,0.9492443799972534,93,4.031854528991971
CDDM_author_JSCC_snr13_C36_paid_scale,08.png,ba23983c76b4832ee0e8af0592664756841a16779acd69f792e268fb6d13d6e7,1,2366869995,10.0,4608.0,32,2,0.0234375,0.023610432942708332,0.0036263735964894295,24.4052734375,0.16625240445137024,0.9449888467788696,0,0.0
CDDM_author_JSCC_snr10_C36_paid_scale,08.png,ba23983c76b4832ee0e8af0592664756841a16779acd69f792e268fb6d13d6e7,1,2366869995,10.0,4608.0,32,2,0.0234375,0.023610432942708332,0.003921112976968288,24.065906524658203,0.18048976361751556,0.946211040019989,0,0.0
CDDM_author_C36_paid_scale,08.png,ba23983c76b4832ee0e8af0592664756841a16779acd69f792e268fb6d13d6e7,2,3357623517,10.0,4608.0,32,2,0.0234375,0.023610432942708332,0.0034735272638499737,24.592294692993164,0.17645083367824554,0.94753497838974,93,3.9007525159977376
CDDM_author_JSCC_snr13_C36_paid_scale,08.png,ba23983c76b4832ee0e8af0592664756841a16779acd69f792e268fb6d13d6e7,2,3357623517,10.0,4608.0,32,2,0.0234375,0.023610432942708332,0.0036715148016810417,24.35154914855957,0.16597816348075867,0.9433039426803589,0,0.0
CDDM_author_JSCC_snr10_C36_paid_scale,08.png,ba23983c76b4832ee0e8af0592664756841a16779acd69f792e268fb6d13d6e7,2,3357623517,10.0,4608.0,32,2,0.0234375,0.023610432942708332,0.003876960836350918,24.115087509155273,0.1782800853252411,0.9463475942611694,0,0.0
CDDM_author_C36_paid_scale,08.png,ba23983c76b4832ee0e8af0592664756841a16779acd69f792e268fb6d13d6e7,3,1908862090,10.0,4608.0,32,2,0.0234375,0.023610432942708332,0.0035687170457094908,24.474878311157227,0.1749313473701477,0.9477311968803406,93,3.055964744009543
CDDM_author_JSCC_snr13_C36_paid_scale,08.png,ba23983c76b4832ee0e8af0592664756841a16779acd69f792e268fb6d13d6e7,3,1908862090,10.0,4608.0,32,2,0.0234375,0.023610432942708332,0.0037381153088063,24.273473739624023,0.166386678814888,0.9443359375,0,0.0
CDDM_author_JSCC_snr10_C36_paid_scale,08.png,ba23983c76b4832ee0e8af0592664756841a16779acd69f792e268fb6d13d6e7,3,1908862090,10.0,4608.0,32,2,0.0234375,0.023610432942708332,0.0038531250320374966,24.141868591308594,0.17373396456241608,0.9465946555137634,0,0.0
CDDM_author_C36_paid_scale,08.png,ba23983c76b4832ee0e8af0592664756841a16779acd69f792e268fb6d13d6e7,4,3584723941,10.0,4608.0,32,2,0.0234375,0.023610432942708332,0.0035151829943060875,24.5405216217041,0.1761097013950348,0.9477574229240417,93,4.069067717995495
CDDM_author_JSCC_snr13_C36_paid_scale,08.png,ba23983c76b4832ee0e8af0592664756841a16779acd69f792e268fb6d13d6e7,4,3584723941,10.0,4608.0,32,2,0.0234375,0.023610432942708332,0.0036970749497413635,24.32141876220703,0.16551977396011353,0.9424453973770142,0,0.0
CDDM_author_JSCC_snr10_C36_paid_scale,08.png,ba23983c76b4832ee0e8af0592664756841a16779acd69f792e268fb6d13d6e7,4,3584723941,10.0,4608.0,32,2,0.0234375,0.023610432942708332,0.0038961446844041348,24.09364891052246,0.18333196640014648,0.9458065032958984,0,0.0
CDDM_author_C36_paid_scale,08.png,ba23983c76b4832ee0e8af0592664756841a16779acd69f792e268fb6d13d6e7,5,1644508031,10.0,4608.0,32,2,0.0234375,0.023610432942708332,0.003564187092706561,24.480396270751953,0.18277892470359802,0.9480292201042175,93,4.063144176965579
CDDM_author_JSCC_snr13_C36_paid_scale,08.png,ba23983c76b4832ee0e8af0592664756841a16779acd69f792e268fb6d13d6e7,5,1644508031,10.0,4608.0,32,2,0.0234375,0.023610432942708332,0.003673480823636055,24.34922218322754,0.17589044570922852,0.9436413645744324,0,0.0
CDDM_author_JSCC_snr10_C36_paid_scale,08.png,ba23983c76b4832ee0e8af0592664756841a16779acd69f792e268fb6d13d6e7,5,1644508031,10.0,4608.0,32,2,0.0234375,0.023610432942708332,0.0038239932619035244,24.17483139038086,0.1808893382549286,0.9461755752563477,0,0.0
CDDM_author_C36_paid_scale,08.png,ba23983c76b4832ee0e8af0592664756841a16779acd69f792e268fb6d13d6e7,6,2079618223,10.0,4608.0,32,2,0.0234375,0.023610432942708332,0.003611133201047778,24.423564910888672,0.18438714742660522,0.9481450915336609,93,4.113776810991112
CDDM_author_JSCC_snr13_C36_paid_scale,08.png,ba23983c76b4832ee0e8af0592664756841a16779acd69f792e268fb6d13d6e7,6,2079618223,10.0,4608.0,32,2,0.0234375,0.023610432942708332,0.0037451377138495445,24.265323638916016,0.17410632967948914,0.9433238506317139,0,0.0
CDDM_author_JSCC_snr10_C36_paid_scale,08.png,ba23983c76b4832ee0e8af0592664756841a16779acd69f792e268fb6d13d6e7,6,2079618223,10.0,4608.0,32,2,0.0234375,0.023610432942708332,0.003985726740211248,23.99492645263672,0.17660094797611237,0.9455946683883667,0,0.0
CDDM_author_C36_paid_scale,08.png,ba23983c76b4832ee0e8af0592664756841a16779acd69f792e268fb6d13d6e7,7,2921130079,10.0,4608.0,32,2,0.0234375,0.023610432942708332,0.003603126388043165,24.433204650878906,0.18467560410499573,0.9450700283050537,93,4.058391162019689
CDDM_author_JSCC_snr13_C36_paid_scale,08.png,ba23983c76b4832ee0e8af0592664756841a16779acd69f792e268fb6d13d6e7,7,2921130079,10.0,4608.0,32,2,0.0234375,0.023610432942708332,0.0038035742472857237,24.198081970214844,0.1720292866230011,0.9409591555595398,0,0.0
CDDM_author_JSCC_snr10_C36_paid_scale,08.png,ba23983c76b4832ee0e8af0592664756841a16779acd69f792e268fb6d13d6e7,7,2921130079,10.0,4608.0,32,2,0.0234375,0.023610432942708332,0.0039795320481061935,24.001678466796875,0.1820690780878067,0.9452511668205261,0,0.0
CDDM_author_C36_paid_scale,08.png,ba23983c76b4832ee0e8af0592664756841a16779acd69f792e268fb6d13d6e7,8,1534131277,10.0,4608.0,32,2,0.0234375,0.023610432942708332,0.0035051903687417507,24.55288314819336,0.1798059195280075,0.9492046236991882,93,4.033557187009137
CDDM_author_JSCC_snr13_C36_paid_scale,08.png,ba23983c76b4832ee0e8af0592664756841a16779acd69f792e268fb6d13d6e7,8,1534131277,10.0,4608.0,32,2,0.0234375,0.023610432942708332,0.003648923709988594,24.378355026245117,0.174006387591362,0.9435951113700867,0,0.0
CDDM_author_JSCC_snr10_C36_paid_scale,08.png,ba23983c76b4832ee0e8af0592664756841a16779acd69f792e268fb6d13d6e7,8,1534131277,10.0,4608.0,32,2,0.0234375,0.023610432942708332,0.0038878866471350193,24.102863311767578,0.17687368392944336,0.9455578327178955,0,0.0
CDDM_author_C36_paid_scale,08.png,ba23983c76b4832ee0e8af0592664756841a16779acd69f792e268fb6d13d6e7,9,3906330760,10.0,4608.0,32,2,0.0234375,0.023610432942708332,0.003492506220936775,24.568626403808594,0.17990899085998535,0.947375476360321,93,4.0380568350083195
CDDM_author_JSCC_snr13_C36_paid_scale,08.png,ba23983c76b4832ee0e8af0592664756841a16779acd69f792e268fb6d13d6e7,9,3906330760,10.0,4608.0,32,2,0.0234375,0.023610432942708332,0.003628370352089405,24.40288543701172,0.1707429736852646,0.9445356130599976,0,0.0
CDDM_author_JSCC_snr10_C36_paid_scale,08.png,ba23983c76b4832ee0e8af0592664756841a16779acd69f792e268fb6d13d6e7,9,3906330760,10.0,4608.0,32,2,0.0234375,0.023610432942708332,0.003842504695057869,24.153854370117188,0.18375705182552338,0.94635009765625,0,0.0
CDDM_author_C36_paid_scale,09.png,6a4361c2fc194feb4edaa9f9a4a0620fb9943e460ac7fdf037fb0f6dd6607a7d,0,3008023130,10.0,4608.0,32,2,0.0234375,0.023610432942708332,0.0007236311212182045,31.404829025268555,0.10988686233758926,0.9707251787185669,93,3.294531504972838
CDDM_author_JSCC_snr13_C36_paid_scale,09.png,6a4361c2fc194feb4edaa9f9a4a0620fb9943e460ac7fdf037fb0f6dd6607a7d,0,3008023130,10.0,4608.0,32,2,0.0234375,0.023610432942708332,0.0008200798183679581,30.861438751220703,0.10240538418292999,0.9672322273254395,0,0.0
CDDM_author_JSCC_snr10_C36_paid_scale,09.png,6a4361c2fc194feb4edaa9f9a4a0620fb9943e460ac7fdf037fb0f6dd6607a7d,0,3008023130,10.0,4608.0,32,2,0.0234375,0.023610432942708332,0.0007769259391352534,31.096206665039062,0.12123685330152512,0.9692802429199219,0,0.0
CDDM_author_C36_paid_scale,09.png,6a4361c2fc194feb4edaa9f9a4a0620fb9943e460ac7fdf037fb0f6dd6607a7d,1,495565783,10.0,4608.0,32,2,0.0234375,0.023610432942708332,0.0007043706718832254,31.521987915039062,0.11306691914796829,0.9707202315330505,93,4.074771553976461
CDDM_author_JSCC_snr13_C36_paid_scale,09.png,6a4361c2fc194feb4edaa9f9a4a0620fb9943e460ac7fdf037fb0f6dd6607a7d,1,495565783,10.0,4608.0,32,2,0.0234375,0.023610432942708332,0.0008357906481251121,30.77902603149414,0.10571739822626114,0.9680070877075195,0,0.0
CDDM_author_JSCC_snr10_C36_paid_scale,09.png,6a4361c2fc194feb4edaa9f9a4a0620fb9943e460ac7fdf037fb0f6dd6607a7d,1,495565783,10.0,4608.0,32,2,0.0234375,0.023610432942708332,0.0007424743380397558,31.293184280395508,0.12307746708393097,0.9699498414993286,0,0.0
CDDM_author_C36_paid_scale,09.png,6a4361c2fc194feb4edaa9f9a4a0620fb9943e460ac7fdf037fb0f6dd6607a7d,2,1450200883,10.0,4608.0,32,2,0.0234375,0.023610432942708332,0.0007095937617123127,31.48990249633789,0.10950674116611481,0.970279335975647,93,4.062336613016669
CDDM_author_JSCC_snr13_C36_paid_scale,09.png,6a4361c2fc194feb4edaa9f9a4a0620fb9943e460ac7fdf037fb0f6dd6607a7d,2,1450200883,10.0,4608.0,32,2,0.0234375,0.023610432942708332,0.0008399478392675519,30.757476806640625,0.1048615574836731,0.9669008255004883,0,0.0
CDDM_author_JSCC_snr10_C36_paid_scale,09.png,6a4361c2fc194feb4edaa9f9a4a0620fb9943e460ac7fdf037fb0f6dd6607a7d,2,1450200883,10.0,4608.0,32,2,0.0234375,0.023610432942708332,0.0007656372035853565,31.159770965576172,0.12496177107095718,0.9690555334091187,0,0.0
CDDM_author_C36_paid_scale,09.png,6a4361c2fc194feb4edaa9f9a4a0620fb9943e460ac7fdf037fb0f6dd6607a7d,3,2287472751,10.0,4608.0,32,2,0.0234375,0.023610432942708332,0.0007294227834790945,31.370208740234375,0.10983173549175262,0.9707169532775879,93,4.042572207981721
CDDM_author_JSCC_snr13_C36_paid_scale,09.png,6a4361c2fc194feb4edaa9f9a4a0620fb9943e460ac7fdf037fb0f6dd6607a7d,3,2287472751,10.0,4608.0,32,2,0.0234375,0.023610432942708332,0.0008246597717516124,30.837251663208008,0.1034904271364212,0.9662649631500244,0,0.0
CDDM_author_JSCC_snr10_C36_paid_scale,09.png,6a4361c2fc194feb4edaa9f9a4a0620fb9943e460ac7fdf037fb0f6dd6607a7d,3,2287472751,10.0,4608.0,32,2,0.0234375,0.023610432942708332,0.0007888132240623236,31.030258178710938,0.12137812376022339,0.9687420129776001,0,0.0
CDDM_author_C36_paid_scale,09.png,6a4361c2fc194feb4edaa9f9a4a0620fb9943e460ac7fdf037fb0f6dd6607a7d,4,1313588783,10.0,4608.0,32,2,0.0234375,0.023610432942708332,0.0007276853430084884,31.380565643310547,0.1109684556722641,0.971158504486084,93,4.076804434007499
CDDM_author_JSCC_snr13_C36_paid_scale,09.png,6a4361c2fc194feb4edaa9f9a4a0620fb9943e460ac7fdf037fb0f6dd6607a7d,4,1313588783,10.0,4608.0,32,2,0.0234375,0.023610432942708332,0.000827267300337553,30.82353973388672,0.1025756224989891,0.9667373895645142,0,0.0
CDDM_author_JSCC_snr10_C36_paid_scale,09.png,6a4361c2fc194feb4edaa9f9a4a0620fb9943e460ac7fdf037fb0f6dd6607a7d,4,1313588783,10.0,4608.0,32,2,0.0234375,0.023610432942708332,0.0008053677156567574,30.9400577545166,0.12421835958957672,0.9692811965942383,0,0.0
CDDM_author_C36_paid_scale,09.png,6a4361c2fc194feb4edaa9f9a4a0620fb9943e460ac7fdf037fb0f6dd6607a7d,5,2230534372,10.0,4608.0,32,2,0.0234375,0.023610432942708332,0.0007082155789248645,31.49834632873535,0.11428771167993546,0.9707064032554626,93,4.071695402031764
CDDM_author_JSCC_snr13_C36_paid_scale,09.png,6a4361c2fc194feb4edaa9f9a4a0620fb9943e460ac7fdf037fb0f6dd6607a7d,5,2230534372,10.0,4608.0,32,2,0.0234375,0.023610432942708332,0.0008601929293945432,30.654041290283203,0.10765352845191956,0.966864824295044,0,0.0
CDDM_author_JSCC_snr10_C36_paid_scale,09.png,6a4361c2fc194feb4edaa9f9a4a0620fb9943e460ac7fdf037fb0f6dd6607a7d,5,2230534372,10.0,4608.0,32,2,0.0234375,0.023610432942708332,0.0007969455327838659,30.985713958740234,0.1236598789691925,0.9691454172134399,0,0.0
CDDM_author_C36_paid_scale,09.png,6a4361c2fc194feb4edaa9f9a4a0620fb9943e460ac7fdf037fb0f6dd6607a7d,6,1072158569,10.0,4608.0,32,2,0.0234375,0.023610432942708332,0.0007139476365409791,31.463336944580078,0.10980167239904404,0.9702419638633728,93,3.6541469959774986
CDDM_author_JSCC_snr13_C36_paid_scale,09.png,6a4361c2fc194feb4edaa9f9a4a0620fb9943e460ac7fdf037fb0f6dd6607a7d,6,1072158569,10.0,4608.0,32,2,0.0234375,0.023610432942708332,0.0007954923203215003,30.993640899658203,0.10296452045440674,0.966388463973999,0,0.0
CDDM_author_JSCC_snr10_C36_paid_scale,09.png,6a4361c2fc194feb4edaa9f9a4a0620fb9943e460ac7fdf037fb0f6dd6607a7d,6,1072158569,10.0,4608.0,32,2,0.0234375,0.023610432942708332,0.0008063420536927879,30.9348087310791,0.12018141895532608,0.9689412117004395,0,0.0
CDDM_author_C36_paid_scale,09.png,6a4361c2fc194feb4edaa9f9a4a0620fb9943e460ac7fdf037fb0f6dd6607a7d,7,2643020808,10.0,4608.0,32,2,0.0234375,0.023610432942708332,0.0007481637294404209,31.260034561157227,0.11159474402666092,0.9692702293395996,93,3.2999800970428623
CDDM_author_JSCC_snr13_C36_paid_scale,09.png,6a4361c2fc194feb4edaa9f9a4a0620fb9943e460ac7fdf037fb0f6dd6607a7d,7,2643020808,10.0,4608.0,32,2,0.0234375,0.023610432942708332,0.000855481717735529,30.677892684936523,0.1051260232925415,0.9655792117118835,0,0.0
CDDM_author_JSCC_snr10_C36_paid_scale,09.png,6a4361c2fc194feb4edaa9f9a4a0620fb9943e460ac7fdf037fb0f6dd6607a7d,7,2643020808,10.0,4608.0,32,2,0.0234375,0.023610432942708332,0.0008320830529555678,30.798336029052734,0.119000144302845,0.9678241610527039,0,0.0
CDDM_author_C36_paid_scale,09.png,6a4361c2fc194feb4edaa9f9a4a0620fb9943e460ac7fdf037fb0f6dd6607a7d,8,825087127,10.0,4608.0,32,2,0.0234375,0.023610432942708332,0.0007392331026494503,31.31218719482422,0.1087217852473259,0.9696771502494812,93,4.089182281983085
CDDM_author_JSCC_snr13_C36_paid_scale,09.png,6a4361c2fc194feb4edaa9f9a4a0620fb9943e460ac7fdf037fb0f6dd6607a7d,8,825087127,10.0,4608.0,32,2,0.0234375,0.023610432942708332,0.0008085729787126184,30.922809600830078,0.10203297436237335,0.9656195640563965,0,0.0
CDDM_author_JSCC_snr10_C36_paid_scale,09.png,6a4361c2fc194feb4edaa9f9a4a0620fb9943e460ac7fdf037fb0f6dd6607a7d,8,825087127,10.0,4608.0,32,2,0.0234375,0.023610432942708332,0.0007727865595370531,31.11940574645996,0.11824947595596313,0.9693015813827515,0,0.0
CDDM_author_C36_paid_scale,09.png,6a4361c2fc194feb4edaa9f9a4a0620fb9943e460ac7fdf037fb0f6dd6607a7d,9,2667223972,10.0,4608.0,32,2,0.0234375,0.023610432942708332,0.0007550396840088069,31.22030258178711,0.11172018945217133,0.9701225161552429,93,4.048360546003096
CDDM_author_JSCC_snr13_C36_paid_scale,09.png,6a4361c2fc194feb4edaa9f9a4a0620fb9943e460ac7fdf037fb0f6dd6607a7d,9,2667223972,10.0,4608.0,32,2,0.0234375,0.023610432942708332,0.0007991345482878387,30.973800659179688,0.10238141566514969,0.9666471481323242,0,0.0
CDDM_author_JSCC_snr10_C36_paid_scale,09.png,6a4361c2fc194feb4edaa9f9a4a0620fb9943e460ac7fdf037fb0f6dd6607a7d,9,2667223972,10.0,4608.0,32,2,0.0234375,0.023610432942708332,0.0007851693080738187,31.05036735534668,0.12368705868721008,0.968920886516571,0,0.0
CDDM_author_C36_paid_scale,10.png,9dfb70f5867c29ff9ed6313683f19b3d867849e40fbc0c4c54a4a89df341cf23,0,3374710692,10.0,4608.0,32,2,0.0234375,0.023610432942708332,0.0003746940637938678,34.26323318481445,0.17512230575084686,0.9687103033065796,93,4.0647616279893555
CDDM_author_JSCC_snr13_C36_paid_scale,10.png,9dfb70f5867c29ff9ed6313683f19b3d867849e40fbc0c4c54a4a89df341cf23,0,3374710692,10.0,4608.0,32,2,0.0234375,0.023610432942708332,0.0004342294414527714,33.62281036376953,0.17893415689468384,0.9665166139602661,0,0.0
CDDM_author_JSCC_snr10_C36_paid_scale,10.png,9dfb70f5867c29ff9ed6313683f19b3d867849e40fbc0c4c54a4a89df341cf23,0,3374710692,10.0,4608.0,32,2,0.0234375,0.023610432942708332,0.0004103978571947664,33.867950439453125,0.20276537537574768,0.967667281627655,0,0.0
CDDM_author_C36_paid_scale,10.png,9dfb70f5867c29ff9ed6313683f19b3d867849e40fbc0c4c54a4a89df341cf23,1,409321142,10.0,4608.0,32,2,0.0234375,0.023610432942708332,0.00038562039844691753,34.13840103149414,0.1790970265865326,0.9687840938568115,93,4.046740457997657
CDDM_author_JSCC_snr13_C36_paid_scale,10.png,9dfb70f5867c29ff9ed6313683f19b3d867849e40fbc0c4c54a4a89df341cf23,1,409321142,10.0,4608.0,32,2,0.0234375,0.023610432942708332,0.0004281959845684469,33.68357467651367,0.18363308906555176,0.9655379056930542,0,0.0
CDDM_author_JSCC_snr10_C36_paid_scale,10.png,9dfb70f5867c29ff9ed6313683f19b3d867849e40fbc0c4c54a4a89df341cf23,1,409321142,10.0,4608.0,32,2,0.0234375,0.023610432942708332,0.00039764581015333533,34.005035400390625,0.20312511920928955,0.9676085710525513,0,0.0
CDDM_author_C36_paid_scale,10.png,9dfb70f5867c29ff9ed6313683f19b3d867849e40fbc0c4c54a4a89df341cf23,2,2131250346,10.0,4608.0,32,2,0.0234375,0.023610432942708332,0.00035949653829447925,34.44305419921875,0.17125141620635986,0.9690553545951843,93,4.06981779000489
CDDM_author_JSCC_snr13_C36_paid_scale,10.png,9dfb70f5867c29ff9ed6313683f19b3d867849e40fbc0c4c54a4a89df341cf23,2,2131250346,10.0,4608.0,32,2,0.0234375,0.023610432942708332,0.0004222968709655106,33.74382400512695,0.17548491060733795,0.9658061265945435,0,0.0
CDDM_author_JSCC_snr10_C36_paid_scale,10.png,9dfb70f5867c29ff9ed6313683f19b3d867849e40fbc0c4c54a4a89df341cf23,2,2131250346,10.0,4608.0,32,2,0.0234375,0.023610432942708332,0.00040474566048942506,33.92817687988281,0.20206670463085175,0.9669054746627808,0,0.0
CDDM_author_C36_paid_scale,10.png,9dfb70f5867c29ff9ed6313683f19b3d867849e40fbc0c4c54a4a89df341cf23,3,1470473065,10.0,4608.0,32,2,0.0234375,0.023610432942708332,0.0003783357096835971,34.22122573852539,0.173801451921463,0.9695076942443848,93,3.2428577980026603
CDDM_author_JSCC_snr13_C36_paid_scale,10.png,9dfb70f5867c29ff9ed6313683f19b3d867849e40fbc0c4c54a4a89df341cf23,3,1470473065,10.0,4608.0,32,2,0.0234375,0.023610432942708332,0.0004180207324679941,33.78802490234375,0.17369352281093597,0.966734766960144,0,0.0
CDDM_author_JSCC_snr10_C36_paid_scale,10.png,9dfb70f5867c29ff9ed6313683f19b3d867849e40fbc0c4c54a4a89df341cf23,3,1470473065,10.0,4608.0,32,2,0.0234375,0.023610432942708332,0.0004030565032735467,33.94634246826172,0.20232219994068146,0.9680363535881042,0,0.0
CDDM_author_C36_paid_scale,10.png,9dfb70f5867c29ff9ed6313683f19b3d867849e40fbc0c4c54a4a89df341cf23,4,1946338102,10.0,4608.0,32,2,0.0234375,0.023610432942708332,0.00037916397559456527,34.21173095703125,0.17927777767181396,0.9685844779014587,93,4.028208617004566
CDDM_author_JSCC_snr13_C36_paid_scale,10.png,9dfb70f5867c29ff9ed6313683f19b3d867849e40fbc0c4c54a4a89df341cf23,4,1946338102,10.0,4608.0,32,2,0.0234375,0.023610432942708332,0.00043443715549074113,33.620731353759766,0.17589767277240753,0.9651762247085571,0,0.0
CDDM_author_JSCC_snr10_C36_paid_scale,10.png,9dfb70f5867c29ff9ed6313683f19b3d867849e40fbc0c4c54a4a89df341cf23,4,1946338102,10.0,4608.0,32,2,0.0234375,0.023610432942708332,0.0004122470854781568,33.84842300415039,0.2118927389383316,0.9670195579528809,0,0.0
CDDM_author_C36_paid_scale,10.png,9dfb70f5867c29ff9ed6313683f19b3d867849e40fbc0c4c54a4a89df341cf23,5,1456015652,10.0,4608.0,32,2,0.0234375,0.023610432942708332,0.0003740943211596459,34.27018737792969,0.17168180644512177,0.9674660563468933,93,4.076318222971167
CDDM_author_JSCC_snr13_C36_paid_scale,10.png,9dfb70f5867c29ff9ed6313683f19b3d867849e40fbc0c4c54a4a89df341cf23,5,1456015652,10.0,4608.0,32,2,0.0234375,0.023610432942708332,0.0004324887995608151,33.64025115966797,0.17646294832229614,0.963892936706543,0,0.0
CDDM_author_JSCC_snr10_C36_paid_scale,10.png,9dfb70f5867c29ff9ed6313683f19b3d867849e40fbc0c4c54a4a89df341cf23,5,1456015652,10.0,4608.0,32,2,0.0234375,0.023610432942708332,0.000410527631174773,33.8665771484375,0.20299272239208221,0.9662193059921265,0,0.0
CDDM_author_C36_paid_scale,10.png,9dfb70f5867c29ff9ed6313683f19b3d867849e40fbc0c4c54a4a89df341cf23,6,4243984653,10.0,4608.0,32,2,0.0234375,0.023610432942708332,0.0003921361640095711,34.06563186645508,0.1844472885131836,0.9683219194412231,93,4.075446325005032
CDDM_author_JSCC_snr13_C36_paid_scale,10.png,9dfb70f5867c29ff9ed6313683f19b3d867849e40fbc0c4c54a4a89df341cf23,6,4243984653,10.0,4608.0,32,2,0.0234375,0.023610432942708332,0.0004346604400780052,33.618499755859375,0.18640676140785217,0.9648408889770508,0,0.0
CDDM_author_JSCC_snr10_C36_paid_scale,10.png,9dfb70f5867c29ff9ed6313683f19b3d867849e40fbc0c4c54a4a89df341cf23,6,4243984653,10.0,4608.0,32,2,0.0234375,0.023610432942708332,0.0004266318283043802,33.69947052001953,0.20711597800254822,0.9658474922180176,0,0.0
CDDM_author_C36_paid_scale,10.png,9dfb70f5867c29ff9ed6313683f19b3d867849e40fbc0c4c54a4a89df341cf23,7,3446219430,10.0,4608.0,32,2,0.0234375,0.023610432942708332,0.0003645546967163682,34.38237380981445,0.17661532759666443,0.9676433801651001,93,4.153278958983719
CDDM_author_JSCC_snr13_C36_paid_scale,10.png,9dfb70f5867c29ff9ed6313683f19b3d867849e40fbc0c4c54a4a89df341cf23,7,3446219430,10.0,4608.0,32,2,0.0234375,0.023610432942708332,0.00040995742892846465,33.87261199951172,0.17773525416851044,0.9653410315513611,0,0.0
CDDM_author_JSCC_snr10_C36_paid_scale,10.png,9dfb70f5867c29ff9ed6313683f19b3d867849e40fbc0c4c54a4a89df341cf23,7,3446219430,10.0,4608.0,32,2,0.0234375,0.023610432942708332,0.0003784856235142797,34.21950912475586,0.19557656347751617,0.9667173624038696,0,0.0
CDDM_author_C36_paid_scale,10.png,9dfb70f5867c29ff9ed6313683f19b3d867849e40fbc0c4c54a4a89df341cf23,8,1930424383,10.0,4608.0,32,2,0.0234375,0.023610432942708332,0.0003743192064575851,34.267581939697266,0.17619183659553528,0.9675247669219971,93,4.917756612005178
CDDM_author_JSCC_snr13_C36_paid_scale,10.png,9dfb70f5867c29ff9ed6313683f19b3d867849e40fbc0c4c54a4a89df341cf23,8,1930424383,10.0,4608.0,32,2,0.0234375,0.023610432942708332,0.0004312303790356964,33.65290832519531,0.17843762040138245,0.9648405909538269,0,0.0
CDDM_author_JSCC_snr10_C36_paid_scale,10.png,9dfb70f5867c29ff9ed6313683f19b3d867849e40fbc0c4c54a4a89df341cf23,8,1930424383,10.0,4608.0,32,2,0.0234375,0.023610432942708332,0.0003765465226024389,34.24181365966797,0.20502085983753204,0.9672212600708008,0,0.0
CDDM_author_C36_paid_scale,10.png,9dfb70f5867c29ff9ed6313683f19b3d867849e40fbc0c4c54a4a89df341cf23,9,2055975759,10.0,4608.0,32,2,0.0234375,0.023610432942708332,0.00036632196861319244,34.36137008666992,0.1749372035264969,0.9680783748626709,93,4.912733853969257
CDDM_author_JSCC_snr13_C36_paid_scale,10.png,9dfb70f5867c29ff9ed6313683f19b3d867849e40fbc0c4c54a4a89df341cf23,9,2055975759,10.0,4608.0,32,2,0.0234375,0.023610432942708332,0.00044218203402124345,33.54399108886719,0.1744731068611145,0.9649351835250854,0,0.0
CDDM_author_JSCC_snr10_C36_paid_scale,10.png,9dfb70f5867c29ff9ed6313683f19b3d867849e40fbc0c4c54a4a89df341cf23,9,2055975759,10.0,4608.0,32,2,0.0234375,0.023610432942708332,0.0004119898076169193,33.85113525390625,0.1985199898481369,0.9660221934318542,0,0.0
CDDM_author_C36_paid_scale,11.png,7936814b58b5387fce2e4e2488b4ec830dadd95fa9520f358ddb30990b50f2b6,0,1127502224,10.0,4608.0,32,2,0.0234375,0.023610432942708332,0.00416452344506979,23.80434799194336,0.2687353491783142,0.927259087562561,93,4.345289761025924
CDDM_author_JSCC_snr13_C36_paid_scale,11.png,7936814b58b5387fce2e4e2488b4ec830dadd95fa9520f358ddb30990b50f2b6,0,1127502224,10.0,4608.0,32,2,0.0234375,0.023610432942708332,0.004285542294383049,23.679941177368164,0.2613711357116699,0.9264539480209351,0,0.0
CDDM_author_JSCC_snr10_C36_paid_scale,11.png,7936814b58b5387fce2e4e2488b4ec830dadd95fa9520f358ddb30990b50f2b6,0,1127502224,10.0,4608.0,32,2,0.0234375,0.023610432942708332,0.0043160682544112206,23.649118423461914,0.291073739528656,0.927428662776947,0,0.0
CDDM_author_C36_paid_scale,11.png,7936814b58b5387fce2e4e2488b4ec830dadd95fa9520f358ddb30990b50f2b6,1,2306909146,10.0,4608.0,32,2,0.0234375,0.023610432942708332,0.004182892851531506,23.785232543945312,0.28837037086486816,0.9278799891471863,93,4.597634557983838
CDDM_author_JSCC_snr13_C36_paid_scale,11.png,7936814b58b5387fce2e4e2488b4ec830dadd95fa9520f358ddb30990b50f2b6,1,2306909146,10.0,4608.0,32,2,0.0234375,0.023610432942708332,0.004296384751796722,23.668968200683594,0.27626320719718933,0.927139937877655,0,0.0
CDDM_author_JSCC_snr10_C36_paid_scale,11.png,7936814b58b5387fce2e4e2488b4ec830dadd95fa9520f358ddb30990b50f2b6,1,2306909146,10.0,4608.0,32,2,0.0234375,0.023610432942708332,0.004345556255429983,23.61954689025879,0.2914601266384125,0.9283546209335327,0,0.0
CDDM_author_C36_paid_scale,11.png,7936814b58b5387fce2e4e2488b4ec830dadd95fa9520f358ddb30990b50f2b6,2,3010851106,10.0,4608.0,32,2,0.0234375,0.023610432942708332,0.004139401949942112,23.830625534057617,0.2857765555381775,0.9288870096206665,93,4.543113777006511
CDDM_author_JSCC_snr13_C36_paid_scale,11.png,7936814b58b5387fce2e4e2488b4ec830dadd95fa9520f358ddb30990b50f2b6,2,3010851106,10.0,4608.0,32,2,0.0234375,0.023610432942708332,0.004259997513145208,23.70590591430664,0.2769257128238678,0.9277739524841309,0,0.0
CDDM_author_JSCC_snr10_C36_paid_scale,11.png,7936814b58b5387fce2e4e2488b4ec830dadd95fa9520f358ddb30990b50f2b6,2,3010851106,10.0,4608.0,32,2,0.0234375,0.023610432942708332,0.004307923838496208,23.657320022583008,0.27735039591789246,0.9304372072219849,0,0.0
CDDM_author_C36_paid_scale,11.png,7936814b58b5387fce2e4e2488b4ec830dadd95fa9520f358ddb30990b50f2b6,3,2366639502,10.0,4608.0,32,2,0.0234375,0.023610432942708332,0.004164866171777248,23.80398941040039,0.2786201536655426,0.9285725951194763,93,4.916754838021006
CDDM_author_JSCC_snr13_C36_paid_scale,11.png,7936814b58b5387fce2e4e2488b4ec830dadd95fa9520f358ddb30990b50f2b6,3,2366639502,10.0,4608.0,32,2,0.0234375,0.023610432942708332,0.0043101185001432896,23.655107498168945,0.27084285020828247,0.9277939200401306,0,0.0
CDDM_author_JSCC_snr10_C36_paid_scale,11.png,7936814b58b5387fce2e4e2488b4ec830dadd95fa9520f358ddb30990b50f2b6,3,2366639502,10.0,4608.0,32,2,0.0234375,0.023610432942708332,0.004393388517200947,23.572004318237305,0.2931263744831085,0.9281973838806152,0,0.0
CDDM_author_C36_paid_scale,11.png,7936814b58b5387fce2e4e2488b4ec830dadd95fa9520f358ddb30990b50f2b6,4,2282288966,10.0,4608.0,32,2,0.0234375,0.023610432942708332,0.004234529100358486,23.731948852539062,0.28391554951667786,0.9253445863723755,93,4.914623774995562
CDDM_author_JSCC_snr13_C36_paid_scale,11.png,7936814b58b5387fce2e4e2488b4ec830dadd95fa9520f358ddb30990b50f2b6,4,2282288966,10.0,4608.0,32,2,0.0234375,0.023610432942708332,0.004332553595304489,23.6325626373291,0.27090364694595337,0.9258589148521423,0,0.0
CDDM_author_JSCC_snr10_C36_paid_scale,11.png,7936814b58b5387fce2e4e2488b4ec830dadd95fa9520f358ddb30990b50f2b6,4,2282288966,10.0,4608.0,32,2,0.0234375,0.023610432942708332,0.004378586076200008,23.58666229248047,0.29212087392807007,0.9280498027801514,0,0.0
CDDM_author_C36_paid_scale,11.png,7936814b58b5387fce2e4e2488b4ec830dadd95fa9520f358ddb30990b50f2b6,5,165532962,10.0,4608.0,32,2,0.0234375,0.023610432942708332,0.004217274021357298,23.749683380126953,0.28714194893836975,0.9271574020385742,93,4.934830938000232
CDDM_author_JSCC_snr13_C36_paid_scale,11.png,7936814b58b5387fce2e4e2488b4ec830dadd95fa9520f358ddb30990b50f2b6,5,165532962,10.0,4608.0,32,2,0.0234375,0.023610432942708332,0.004317868035286665,23.647306442260742,0.27359211444854736,0.9266529083251953,0,0.0
CDDM_author_JSCC_snr10_C36_paid_scale,11.png,7936814b58b5387fce2e4e2488b4ec830dadd95fa9520f358ddb30990b50f2b6,5,165532962,10.0,4608.0,32,2,0.0234375,0.023610432942708332,0.0043793851509690285,23.58587074279785,0.2908990681171417,0.9294252395629883,0,0.0
CDDM_author_C36_paid_scale,11.png,7936814b58b5387fce2e4e2488b4ec830dadd95fa9520f358ddb30990b50f2b6,6,2816088912,10.0,4608.0,32,2,0.0234375,0.023610432942708332,0.004134237300604582,23.836048126220703,0.2818463146686554,0.9268297553062439,93,4.235303486988414
CDDM_author_JSCC_snr13_C36_paid_scale,11.png,7936814b58b5387fce2e4e2488b4ec830dadd95fa9520f358ddb30990b50f2b6,6,2816088912,10.0,4608.0,32,2,0.0234375,0.023610432942708332,0.0042618922889232635,23.703975677490234,0.2722511291503906,0.9265685081481934,0,0.0
CDDM_author_JSCC_snr10_C36_paid_scale,11.png,7936814b58b5387fce2e4e2488b4ec830dadd95fa9520f358ddb30990b50f2b6,6,2816088912,10.0,4608.0,32,2,0.0234375,0.023610432942708332,0.0043228063732385635,23.64234161376953,0.2804471254348755,0.9293607473373413,0,0.0
CDDM_author_C36_paid_scale,11.png,7936814b58b5387fce2e4e2488b4ec830dadd95fa9520f358ddb30990b50f2b6,7,1199407916,10.0,4608.0,32,2,0.0234375,0.023610432942708332,0.004156895913183689,23.81230926513672,0.2770947217941284,0.9272394180297852,93,4.513742066046689
CDDM_author_JSCC_snr13_C36_paid_scale,11.png,7936814b58b5387fce2e4e2488b4ec830dadd95fa9520f358ddb30990b50f2b6,7,1199407916,10.0,4608.0,32,2,0.0234375,0.023610432942708332,0.004262687638401985,23.70316505432129,0.26845040917396545,0.9274988174438477,0,0.0
CDDM_author_JSCC_snr10_C36_paid_scale,11.png,7936814b58b5387fce2e4e2488b4ec830dadd95fa9520f358ddb30990b50f2b6,7,1199407916,10.0,4608.0,32,2,0.0234375,0.023610432942708332,0.00427780207246542,23.687793731689453,0.28557267785072327,0.9290234446525574,0,0.0
CDDM_author_C36_paid_scale,11.png,7936814b58b5387fce2e4e2488b4ec830dadd95fa9520f358ddb30990b50f2b6,8,4120910546,10.0,4608.0,32,2,0.0234375,0.023610432942708332,0.004229451529681683,23.73716163635254,0.2749895453453064,0.9274735450744629,93,4.894856918021105
CDDM_author_JSCC_snr13_C36_paid_scale,11.png,7936814b58b5387fce2e4e2488b4ec830dadd95fa9520f358ddb30990b50f2b6,8,4120910546,10.0,4608.0,32,2,0.0234375,0.023610432942708332,0.004336497746407986,23.62860870361328,0.26296547055244446,0.927435576915741,0,0.0
CDDM_author_JSCC_snr10_C36_paid_scale,11.png,7936814b58b5387fce2e4e2488b4ec830dadd95fa9520f358ddb30990b50f2b6,8,4120910546,10.0,4608.0,32,2,0.0234375,0.023610432942708332,0.004365830682218075,23.59933090209961,0.28732892870903015,0.9286438226699829,0,0.0
CDDM_author_C36_paid_scale,11.png,7936814b58b5387fce2e4e2488b4ec830dadd95fa9520f358ddb30990b50f2b6,9,2876502802,10.0,4608.0,32,2,0.0234375,0.023610432942708332,0.004185756668448448,23.782262802124023,0.2704075276851654,0.9267468452453613,93,4.890015570970718
CDDM_author_JSCC_snr13_C36_paid_scale,11.png,7936814b58b5387fce2e4e2488b4ec830dadd95fa9520f358ddb30990b50f2b6,9,2876502802,10.0,4608.0,32,2,0.0234375,0.023610432942708332,0.004288509022444487,23.676937103271484,0.2619566023349762,0.927172064781189,0,0.0
CDDM_author_JSCC_snr10_C36_paid_scale,11.png,7936814b58b5387fce2e4e2488b4ec830dadd95fa9520f358ddb30990b50f2b6,9,2876502802,10.0,4608.0,32,2,0.0234375,0.023610432942708332,0.004318614490330219,23.646556854248047,0.2871878743171692,0.9278754591941833,0,0.0
CDDM_author_C36_paid_scale,12.png,d78c37c2f04f23761ed2367dd77e2db584ddd4c3950833fecf89f199a8126980,0,1682552359,10.0,4608.0,32,2,0.0234375,0.023610432942708332,0.0011412524618208408,29.426183700561523,0.1961369812488556,0.9395737648010254,93,4.881827933015302
CDDM_author_JSCC_snr13_C36_paid_scale,12.png,d78c37c2f04f23761ed2367dd77e2db584ddd4c3950833fecf89f199a8126980,0,1682552359,10.0,4608.0,32,2,0.0234375,0.023610432942708332,0.001236322452314198,29.07868194580078,0.1895456314086914,0.9381499290466309,0,0.0
CDDM_author_JSCC_snr10_C36_paid_scale,12.png,d78c37c2f04f23761ed2367dd77e2db584ddd4c3950833fecf89f199a8126980,0,1682552359,10.0,4608.0,32,2,0.0234375,0.023610432942708332,0.001263045589439571,28.985809326171875,0.20692920684814453,0.9373313188552856,0,0.0
CDDM_author_C36_paid_scale,12.png,d78c37c2f04f23761ed2367dd77e2db584ddd4c3950833fecf89f199a8126980,1,2929733675,10.0,4608.0,32,2,0.0234375,0.023610432942708332,0.0011167970951646566,29.52025604248047,0.19498507678508759,0.9411274194717407,93,4.9329315990325995
CDDM_author_JSCC_snr13_C36_paid_scale,12.png,d78c37c2f04f23761ed2367dd77e2db584ddd4c3950833fecf89f199a8126980,1,2929733675,10.0,4608.0,32,2,0.0234375,0.023610432942708332,0.001257141586393118,29.00615692138672,0.18973369896411896,0.9388306140899658,0,0.0
CDDM_author_JSCC_snr10_C36_paid_scale,12.png,d78c37c2f04f23761ed2367dd77e2db584ddd4c3950833fecf89f199a8126980,1,2929733675,10.0,4608.0,32,2,0.0234375,0.023610432942708332,0.0012018927372992039,29.201345443725586,0.2092868685722351,0.938332736492157,0,0.0
CDDM_author_C36_paid_scale,12.png,d78c37c2f04f23761ed2367dd77e2db584ddd4c3950833fecf89f199a8126980,2,3807790163,10.0,4608.0,32,2,0.0234375,0.023610432942708332,0.0011163476156070828,29.522003173828125,0.19251012802124023,0.9399847388267517,93,4.907985479047056
CDDM_author_JSCC_snr13_C36_paid_scale,12.png,d78c37c2f04f23761ed2367dd77e2db584ddd4c3950833fecf89f199a8126980,2,3807790163,10.0,4608.0,32,2,0.0234375,0.023610432942708332,0.0011979721020907164,29.215534210205078,0.18531858921051025,0.9391533136367798,0,0.0
CDDM_author_JSCC_snr10_C36_paid_scale,12.png,d78c37c2f04f23761ed2367dd77e2db584ddd4c3950833fecf89f199a8126980,2,3807790163,10.0,4608.0,32,2,0.0234375,0.023610432942708332,0.0012502423487603664,29.030057907104492,0.2008485496044159,0.9370265007019043,0,0.0
CDDM_author_C36_paid_scale,12.png,d78c37c2f04f23761ed2367dd77e2db584ddd4c3950833fecf89f199a8126980,3,2340297161,10.0,4608.0,32,2,0.0234375,0.023610432942708332,0.0011684343917295337,29.323957443237305,0.19152605533599854,0.9389197826385498,93,4.0889198500080965
CDDM_author_JSCC_snr13_C36_paid_scale,12.png,d78c37c2f04f23761ed2367dd77e2db584ddd4c3950833fecf89f199a8126980,3,2340297161,10.0,4608.0,32,2,0.0234375,0.023610432942708332,0.0012605319498106837,28.994462966918945,0.18633468449115753,0.9368621706962585,0,0.0
CDDM_author_JSCC_snr10_C36_paid_scale,12.png,d78c37c2f04f23761ed2367dd77e2db584ddd4c3950833fecf89f199a8126980,3,2340297161,10.0,4608.0,32,2,0.0234375,0.023610432942708332,0.0012198486365377903,29.13694190979004,0.20720139145851135,0.9374963641166687,0,0.0
CDDM_author_C36_paid_scale,12.png,d78c37c2f04f23761ed2367dd77e2db584ddd4c3950833fecf89f199a8126980,4,405831481,10.0,4608.0,32,2,0.0234375,0.023610432942708332,0.0011071059852838516,29.558107376098633,0.19163566827774048,0.9392410516738892,93,4.187319685996044
CDDM_author_JSCC_snr13_C36_paid_scale,12.png,d78c37c2f04f23761ed2367dd77e2db584ddd4c3950833fecf89f199a8126980,4,405831481,10.0,4608.0,32,2,0.0234375,0.023610432942708332,0.0011916731018573046,29.23843002319336,0.18600299954414368,0.9374977350234985,0,0.0
CDDM_author_JSCC_snr10_C36_paid_scale,12.png,d78c37c2f04f23761ed2367dd77e2db584ddd4c3950833fecf89f199a8126980,4,405831481,10.0,4608.0,32,2,0.0234375,0.023610432942708332,0.001239230390638113,29.0684814453125,0.22132867574691772,0.9375429153442383,0,0.0
CDDM_author_C36_paid_scale,12.png,d78c37c2f04f23761ed2367dd77e2db584ddd4c3950833fecf89f199a8126980,5,3554213597,10.0,4608.0,32,2,0.0234375,0.023610432942708332,0.0011442929971963167,29.414627075195312,0.19177797436714172,0.9401146769523621,93,4.89275711303344
CDDM_author_JSCC_snr13_C36_paid_scale,12.png,d78c37c2f04f23761ed2367dd77e2db584ddd4c3950833fecf89f199a8126980,5,3554213597,10.0,4608.0,32,2,0.0234375,0.023610432942708332,0.001222713734023273,29.126754760742188,0.1897745579481125,0.9387256503105164,0,0.0
CDDM_author_JSCC_snr10_C36_paid_scale,12.png,d78c37c2f04f23761ed2367dd77e2db584ddd4c3950833fecf89f199a8126980,5,3554213597,10.0,4608.0,32,2,0.0234375,0.023610432942708332,0.001240164041519165,29.065208435058594,0.21153496205806732,0.9364895820617676,0,0.0
CDDM_author_C36_paid_scale,12.png,d78c37c2f04f23761ed2367dd77e2db584ddd4c3950833fecf89f199a8126980,6,3343489365,10.0,4608.0,32,2,0.0234375,0.023610432942708332,0.0011660100426524878,29.332979202270508,0.19178202748298645,0.9396470785140991,93,4.885114152973983
CDDM_author_JSCC_snr13_C36_paid_scale,12.png,d78c37c2f04f23761ed2367dd77e2db584ddd4c3950833fecf89f199a8126980,6,3343489365,10.0,4608.0,32,2,0.0234375,0.023610432942708332,0.0012140870094299316,29.157503128051758,0.18825919926166534,0.9382337331771851,0,0.0
CDDM_author_JSCC_snr10_C36_paid_scale,12.png,d78c37c2f04f23761ed2367dd77e2db584ddd4c3950833fecf89f199a8126980,6,3343489365,10.0,4608.0,32,2,0.0234375,0.023610432942708332,0.0012414378579705954,29.060749053955078,0.2114090919494629,0.9367932081222534,0,0.0
CDDM_author_C36_paid_scale,12.png,d78c37c2f04f23761ed2367dd77e2db584ddd4c3950833fecf89f199a8126980,7,1819240151,10.0,4608.0,32,2,0.0234375,0.023610432942708332,0.00110911438241601,29.55023765563965,0.1876629889011383,0.9395946264266968,93,4.874829059001058
CDDM_author_JSCC_snr13_C36_paid_scale,12.png,d78c37c2f04f23761ed2367dd77e2db584ddd4c3950833fecf89f199a8126980,7,1819240151,10.0,4608.0,32,2,0.0234375,0.023610432942708332,0.0012232894077897072,29.124710083007812,0.1840427815914154,0.9370648860931396,0,0.0
CDDM_author_JSCC_snr10_C36_paid_scale,12.png,d78c37c2f04f23761ed2367dd77e2db584ddd4c3950833fecf89f199a8126980,7,1819240151,10.0,4608.0,32,2,0.0234375,0.023610432942708332,0.0012071379460394382,29.182432174682617,0.20909664034843445,0.937802791595459,0,0.0
CDDM_author_C36_paid_scale,12.png,d78c37c2f04f23761ed2367dd77e2db584ddd4c3950833fecf89f199a8126980,8,2233127235,10.0,4608.0,32,2,0.0234375,0.023610432942708332,0.001144773792475462,29.412803649902344,0.18980875611305237,0.9403541088104248,93,4.866709769994486
CDDM_author_JSCC_snr13_C36_paid_scale,12.png,d78c37c2f04f23761ed2367dd77e2db584ddd4c3950833fecf89f199a8126980,8,2233127235,10.0,4608.0,32,2,0.0234375,0.023610432942708332,0.0012150746770203114,29.153972625732422,0.18533754348754883,0.9386688470840454,0,0.0
CDDM_author_JSCC_snr10_C36_paid_scale,12.png,d78c37c2f04f23761ed2367dd77e2db584ddd4c3950833fecf89f199a8126980,8,2233127235,10.0,4608.0,32,2,0.0234375,0.023610432942708332,0.001270035281777382,28.96184539794922,0.2117464542388916,0.9382642507553101,0,0.0
CDDM_author_C36_paid_scale,12.png,d78c37c2f04f23761ed2367dd77e2db584ddd4c3950833fecf89f199a8126980,9,13351170,10.0,4608.0,32,2,0.0234375,0.023610432942708332,0.0010794935515150428,29.667800903320312,0.1895258128643036,0.9411808252334595,93,4.871630578010809
CDDM_author_JSCC_snr13_C36_paid_scale,12.png,d78c37c2f04f23761ed2367dd77e2db584ddd4c3950833fecf89f199a8126980,9,13351170,10.0,4608.0,32,2,0.0234375,0.023610432942708332,0.0011722238268703222,29.309894561767578,0.1849658489227295,0.9396756887435913,0,0.0
CDDM_author_JSCC_snr10_C36_paid_scale,12.png,d78c37c2f04f23761ed2367dd77e2db584ddd4c3950833fecf89f199a8126980,9,13351170,10.0,4608.0,32,2,0.0234375,0.023610432942708332,0.0012222775258123875,29.12830352783203,0.21219715476036072,0.9377073645591736,0,0.0
CDDM_author_C36_paid_scale,13.png,bc34a3ce58dea09dce1704c997171602de90cb34d0c8503a988b77f473d39b08,0,2522715622,10.0,4608.0,32,2,0.0234375,0.023610432942708332,0.005535810254514217,22.56818962097168,0.5048817992210388,0.8890385627746582,93,4.410205413005315
CDDM_author_JSCC_snr13_C36_paid_scale,13.png,bc34a3ce58dea09dce1704c997171602de90cb34d0c8503a988b77f473d39b08,0,2522715622,10.0,4608.0,32,2,0.0234375,0.023610432942708332,0.005605262704193592,22.514041900634766,0.49139565229415894,0.889156699180603,0,0.0
CDDM_author_JSCC_snr10_C36_paid_scale,13.png,bc34a3ce58dea09dce1704c997171602de90cb34d0c8503a988b77f473d39b08,0,2522715622,10.0,4608.0,32,2,0.0234375,0.023610432942708332,0.005740903317928314,22.410198211669922,0.5034155249595642,0.889643132686615,0,0.0
CDDM_author_C36_paid_scale,13.png,bc34a3ce58dea09dce1704c997171602de90cb34d0c8503a988b77f473d39b08,1,1741200451,10.0,4608.0,32,2,0.0234375,0.023610432942708332,0.005566569976508617,22.544124603271484,0.4986114799976349,0.8915678262710571,93,3.2619360919925384
CDDM_author_JSCC_snr13_C36_paid_scale,13.png,bc34a3ce58dea09dce1704c997171602de90cb34d0c8503a988b77f473d39b08,1,1741200451,10.0,4608.0,32,2,0.0234375,0.023610432942708332,0.005654587410390377,22.475990295410156,0.4840238094329834,0.8913297653198242,0,0.0
CDDM_author_JSCC_snr10_C36_paid_scale,13.png,bc34a3ce58dea09dce1704c997171602de90cb34d0c8503a988b77f473d39b08,1,1741200451,10.0,4608.0,32,2,0.0234375,0.023610432942708332,0.005780390463769436,22.380428314208984,0.511815071105957,0.8910331726074219,0,0.0
CDDM_author_C36_paid_scale,13.png,bc34a3ce58dea09dce1704c997171602de90cb34d0c8503a988b77f473d39b08,2,4079509013,10.0,4608.0,32,2,0.0234375,0.023610432942708332,0.0056076995097100735,22.51215171813965,0.5194588899612427,0.8894078135490417,93,4.0385890090256
CDDM_author_JSCC_snr13_C36_paid_scale,13.png,bc34a3ce58dea09dce1704c997171602de90cb34d0c8503a988b77f473d39b08,2,4079509013,10.0,4608.0,32,2,0.0234375,0.023610432942708332,0.0057066637091338634,22.43617820739746,0.5069388151168823,0.8872174024581909,0,0.0
CDDM_author_JSCC_snr10_C36_paid_scale,13.png,bc34a3ce58dea09dce1704c997171602de90cb34d0c8503a988b77f473d39b08,2,4079509013,10.0,4608.0,32,2,0.0234375,0.023610432942708332,0.00579488929361105,22.369548797607422,0.5074883699417114,0.8884817361831665,0,0.0
CDDM_author_C36_paid_scale,13.png,bc34a3ce58dea09dce1704c997171602de90cb34d0c8503a988b77f473d39b08,3,1857418974,10.0,4608.0,32,2,0.0234375,0.023610432942708332,0.0055570355616509914,22.55156707763672,0.488631010055542,0.8878816962242126,93,4.060937736008782
CDDM_author_JSCC_snr13_C36_paid_scale,13.png,bc34a3ce58dea09dce1704c997171602de90cb34d0c8503a988b77f473d39b08,3,1857418974,10.0,4608.0,32,2,0.0234375,0.023610432942708332,0.005622235592454672,22.500911712646484,0.47384917736053467,0.8883461356163025,0,0.0
CDDM_author_JSCC_snr10_C36_paid_scale,13.png,bc34a3ce58dea09dce1704c997171602de90cb34d0c8503a988b77f473d39b08,3,1857418974,10.0,4608.0,32,2,0.0234375,0.023610432942708332,0.005750427953898907,22.402999877929688,0.5007700324058533,0.8896529078483582,0,0.0
CDDM_author_C36_paid_scale,13.png,bc34a3ce58dea09dce1704c997171602de90cb34d0c8503a988b77f473d39b08,4,3480570953,10.0,4608.0,32,2,0.0234375,0.023610432942708332,0.00553970318287611,22.565134048461914,0.4950253367424011,0.8896698355674744,93,4.066063292033505
CDDM_author_JSCC_snr13_C36_paid_scale,13.png,bc34a3ce58dea09dce1704c997171602de90cb34d0c8503a988b77f473d39b08,4,3480570953,10.0,4608.0,32,2,0.0234375,0.023610432942708332,0.005613754969090223,22.50746726989746,0.4798647165298462,0.8899523019790649,0,0.0
CDDM_author_JSCC_snr10_C36_paid_scale,13.png,bc34a3ce58dea09dce1704c997171602de90cb34d0c8503a988b77f473d39b08,4,3480570953,10.0,4608.0,32,2,0.0234375,0.023610432942708332,0.0057805790565907955,22.380287170410156,0.5177980661392212,0.8893264532089233,0,0.0
CDDM_author_C36_paid_scale,13.png,bc34a3ce58dea09dce1704c997171602de90cb34d0c8503a988b77f473d39b08,5,1949830973,10.0,4608.0,32,2,0.0234375,0.023610432942708332,0.0055549778044223785,22.553176879882812,0.4984435439109802,0.888227105140686,93,4.04362873302307
CDDM_author_JSCC_snr13_C36_paid_scale,13.png,bc34a3ce58dea09dce1704c997171602de90cb34d0c8503a988b77f473d39b08,5,1949830973,10.0,4608.0,32,2,0.0234375,0.023610432942708332,0.00565669871866703,22.474369049072266,0.48949605226516724,0.8874151110649109,0,0.0
CDDM_author_JSCC_snr10_C36_paid_scale,13.png,bc34a3ce58dea09dce1704c997171602de90cb34d0c8503a988b77f473d39b08,5,1949830973,10.0,4608.0,32,2,0.0234375,0.023610432942708332,0.005770761054009199,22.38766860961914,0.5071646571159363,0.8889342546463013,0,0.0
CDDM_author_C36_paid_scale,13.png,bc34a3ce58dea09dce1704c997171602de90cb34d0c8503a988b77f473d39b08,6,375739204,10.0,4608.0,32,2,0.0234375,0.023610432942708332,0.0055577694438397884,22.550994873046875,0.48861032724380493,0.8895274996757507,93,4.076290972996503
CDDM_author_JSCC_snr13_C36_paid_scale,13.png,bc34a3ce58dea09dce1704c997171602de90cb34d0c8503a988b77f473d39b08,6,375739204,10.0,4608.0,32,2,0.0234375,0.023610432942708332,0.005647049751132727,22.48178482055664,0.4760130047798157,0.889360785484314,0,0.0
CDDM_author_JSCC_snr10_C36_paid_scale,13.png,bc34a3ce58dea09dce1704c997171602de90cb34d0c8503a988b77f473d39b08,6,375739204,10.0,4608.0,32,2,0.0234375,0.023610432942708332,0.005741256754845381,22.409931182861328,0.5122576951980591,0.8890388011932373,0,0.0
CDDM_author_C36_paid_scale,13.png,bc34a3ce58dea09dce1704c997171602de90cb34d0c8503a988b77f473d39b08,7,4275580336,10.0,4608.0,32,2,0.0234375,0.023610432942708332,0.005594594404101372,22.522315979003906,0.4970761239528656,0.8869948387145996,93,3.6256462589954026
CDDM_author_JSCC_snr13_C36_paid_scale,13.png,bc34a3ce58dea09dce1704c997171602de90cb34d0c8503a988b77f473d39b08,7,4275580336,10.0,4608.0,32,2,0.0234375,0.023610432942708332,0.005677512846887112,22.458419799804688,0.48347681760787964,0.8869089484214783,0,0.0
CDDM_author_JSCC_snr10_C36_paid_scale,13.png,bc34a3ce58dea09dce1704c997171602de90cb34d0c8503a988b77f473d39b08,7,4275580336,10.0,4608.0,32,2,0.0234375,0.023610432942708332,0.005777600686997175,22.382524490356445,0.5064657926559448,0.8884307742118835,0,0.0
CDDM_author_C36_paid_scale,13.png,bc34a3ce58dea09dce1704c997171602de90cb34d0c8503a988b77f473d39b08,8,2740739256,10.0,4608.0,32,2,0.0234375,0.023610432942708332,0.005556684918701649,22.551843643188477,0.48879891633987427,0.8893148899078369,93,3.202090646023862
CDDM_author_JSCC_snr13_C36_paid_scale,13.png,bc34a3ce58dea09dce1704c997171602de90cb34d0c8503a988b77f473d39b08,8,2740739256,10.0,4608.0,32,2,0.0234375,0.023610432942708332,0.005615977104753256,22.505748748779297,0.47432518005371094,0.8886865377426147,0,0.0
CDDM_author_JSCC_snr10_C36_paid_scale,13.png,bc34a3ce58dea09dce1704c997171602de90cb34d0c8503a988b77f473d39b08,8,2740739256,10.0,4608.0,32,2,0.0234375,0.023610432942708332,0.005746151320636272,22.406230926513672,0.5058397054672241,0.8910452127456665,0,0.0
CDDM_author_C36_paid_scale,13.png,bc34a3ce58dea09dce1704c997171602de90cb34d0c8503a988b77f473d39b08,9,203274960,10.0,4608.0,32,2,0.0234375,0.023610432942708332,0.005587685853242874,22.527679443359375,0.4902816712856293,0.8865586519241333,93,4.017809505981859
CDDM_author_JSCC_snr13_C36_paid_scale,13.png,bc34a3ce58dea09dce1704c997171602de90cb34d0c8503a988b77f473d39b08,9,203274960,10.0,4608.0,32,2,0.0234375,0.023610432942708332,0.005654129199683666,22.47634506225586,0.4790821075439453,0.8871577978134155,0,0.0
CDDM_author_JSCC_snr10_C36_paid_scale,13.png,bc34a3ce58dea09dce1704c997171602de90cb34d0c8503a988b77f473d39b08,9,203274960,10.0,4608.0,32,2,0.0234375,0.023610432942708332,0.005804036743938923,22.36269760131836,0.5045774579048157,0.8871881365776062,0,0.0
CDDM_author_C36_paid_scale,14.png,55a94550ff18f3246c4074fd32b77b0c74447c26b6ad274d564d999c0450ba6e,0,1758693450,10.0,4608.0,32,2,0.0234375,0.023610432942708332,0.0038794304709881544,24.112319946289062,0.22520315647125244,0.9242256879806519,93,4.030259219987784
CDDM_author_JSCC_snr13_C36_paid_scale,14.png,55a94550ff18f3246c4074fd32b77b0c74447c26b6ad274d564d999c0450ba6e,0,1758693450,10.0,4608.0,32,2,0.0234375,0.023610432942708332,0.004047046881169081,23.928619384765625,0.21749252080917358,0.9217275977134705,0,0.0
CDDM_author_JSCC_snr10_C36_paid_scale,14.png,55a94550ff18f3246c4074fd32b77b0c74447c26b6ad274d564d999c0450ba6e,0,1758693450,10.0,4608.0,32,2,0.0234375,0.023610432942708332,0.0041841184720396996,23.783960342407227,0.22881968319416046,0.9216952323913574,0,0.0
CDDM_author_C36_paid_scale,14.png,55a94550ff18f3246c4074fd32b77b0c74447c26b6ad274d564d999c0450ba6e,1,1081828396,10.0,4608.0,32,2,0.0234375,0.023610432942708332,0.0038649961352348328,24.128511428833008,0.2275010496377945,0.9253448247909546,93,4.084734693984501
CDDM_author_JSCC_snr13_C36_paid_scale,14.png,55a94550ff18f3246c4074fd32b77b0c74447c26b6ad274d564d999c0450ba6e,1,1081828396,10.0,4608.0,32,2,0.0234375,0.023610432942708332,0.003938210196793079,24.04701042175293,0.21712146699428558,0.9241520762443542,0,0.0
CDDM_author_JSCC_snr10_C36_paid_scale,14.png,55a94550ff18f3246c4074fd32b77b0c74447c26b6ad274d564d999c0450ba6e,1,1081828396,10.0,4608.0,32,2,0.0234375,0.023610432942708332,0.004171213135123253,23.79737663269043,0.22369900345802307,0.9232656359672546,0,0.0
CDDM_author_C36_paid_scale,14.png,55a94550ff18f3246c4074fd32b77b0c74447c26b6ad274d564d999c0450ba6e,2,634773759,10.0,4608.0,32,2,0.0234375,0.023610432942708332,0.003896444570273161,24.09331512451172,0.22354482114315033,0.9248085021972656,93,4.063451455964241
CDDM_author_JSCC_snr13_C36_paid_scale,14.png,55a94550ff18f3246c4074fd32b77b0c74447c26b6ad274d564d999c0450ba6e,2,634773759,10.0,4608.0,32,2,0.0234375,0.023610432942708332,0.004011897370219231,23.966501235961914,0.21565259993076324,0.9234189987182617,0,0.0
CDDM_author_JSCC_snr10_C36_paid_scale,14.png,55a94550ff18f3246c4074fd32b77b0c74447c26b6ad274d564d999c0450ba6e,2,634773759,10.0,4608.0,32,2,0.0234375,0.023610432942708332,0.004182636272162199,23.785499572753906,0.2260107398033142,0.9231066703796387,0,0.0
CDDM_author_C36_paid_scale,14.png,55a94550ff18f3246c4074fd32b77b0c74447c26b6ad274d564d999c0450ba6e,3,730940040,10.0,4608.0,32,2,0.0234375,0.023610432942708332,0.003954293206334114,24.029312133789062,0.22541096806526184,0.9234671592712402,93,4.052213485992979
CDDM_author_JSCC_snr13_C36_paid_scale,14.png,55a94550ff18f3246c4074fd32b77b0c74447c26b6ad274d564d999c0450ba6e,3,730940040,10.0,4608.0,32,2,0.0234375,0.023610432942708332,0.0040614912286400795,23.913145065307617,0.21839024126529694,0.9212316870689392,0,0.0
CDDM_author_JSCC_snr10_C36_paid_scale,14.png,55a94550ff18f3246c4074fd32b77b0c74447c26b6ad274d564d999c0450ba6e,3,730940040,10.0,4608.0,32,2,0.0234375,0.023610432942708332,0.004106621257960796,23.865154266357422,0.22987090051174164,0.9229328632354736,0,0.0
CDDM_author_C36_paid_scale,14.png,55a94550ff18f3246c4074fd32b77b0c74447c26b6ad274d564d999c0450ba6e,4,98911195,10.0,4608.0,32,2,0.0234375,0.023610432942708332,0.003935562446713448,24.0499324798584,0.22644561529159546,0.9251953363418579,93,3.339113838970661
CDDM_author_JSCC_snr13_C36_paid_scale,14.png,55a94550ff18f3246c4074fd32b77b0c74447c26b6ad274d564d999c0450ba6e,4,98911195,10.0,4608.0,32,2,0.0234375,0.023610432942708332,0.00406771432608366,23.906496047973633,0.2187855988740921,0.9222885370254517,0,0.0
CDDM_author_JSCC_snr10_C36_paid_scale,14.png,55a94550ff18f3246c4074fd32b77b0c74447c26b6ad274d564d999c0450ba6e,4,98911195,10.0,4608.0,32,2,0.0234375,0.023610432942708332,0.004169056192040443,23.799625396728516,0.22085659205913544,0.9240144491195679,0,0.0
CDDM_author_C36_paid_scale,14.png,55a94550ff18f3246c4074fd32b77b0c74447c26b6ad274d564d999c0450ba6e,5,2897249102,10.0,4608.0,32,2,0.0234375,0.023610432942708332,0.003885817714035511,24.10517692565918,0.22573724389076233,0.926266074180603,93,4.005948240985163
CDDM_author_JSCC_snr13_C36_paid_scale,14.png,55a94550ff18f3246c4074fd32b77b0c74447c26b6ad274d564d999c0450ba6e,5,2897249102,10.0,4608.0,32,2,0.0234375,0.023610432942708332,0.003957850858569145,24.02540397644043,0.21475447714328766,0.9238020181655884,0,0.0
CDDM_author_JSCC_snr10_C36_paid_scale,14.png,55a94550ff18f3246c4074fd32b77b0c74447c26b6ad274d564d999c0450ba6e,5,2897249102,10.0,4608.0,32,2,0.0234375,0.023610432942708332,0.004194281995296478,23.77342414855957,0.22436581552028656,0.9230765104293823,0,0.0
CDDM_author_C36_paid_scale,14.png,55a94550ff18f3246c4074fd32b77b0c74447c26b6ad274d564d999c0450ba6e,6,2644997923,10.0,4608.0,32,2,0.0234375,0.023610432942708332,0.003907790407538414,24.080686569213867,0.2206345498561859,0.9230800867080688,93,4.027995376032777
CDDM_author_JSCC_snr13_C36_paid_scale,14.png,55a94550ff18f3246c4074fd32b77b0c74447c26b6ad274d564d999c0450ba6e,6,2644997923,10.0,4608.0,32,2,0.0234375,0.023610432942708332,0.004040679894387722,23.935455322265625,0.20944808423519135,0.9211840033531189,0,0.0
CDDM_author_JSCC_snr10_C36_paid_scale,14.png,55a94550ff18f3246c4074fd32b77b0c74447c26b6ad274d564d999c0450ba6e,6,2644997923,10.0,4608.0,32,2,0.0234375,0.023610432942708332,0.004168359562754631,23.800350189208984,0.233314648270607,0.9231879115104675,0,0.0
CDDM_author_C36_paid_scale,14.png,55a94550ff18f3246c4074fd32b77b0c74447c26b6ad274d564d999c0450ba6e,7,2729052104,10.0,4608.0,32,2,0.0234375,0.023610432942708332,0.003939553163945675,24.045528411865234,0.2228592038154602,0.9234232306480408,93,4.043161447974853
CDDM_author_JSCC_snr13_C36_paid_scale,14.png,55a94550ff18f3246c4074fd32b77b0c74447c26b6ad274d564d999c0450ba6e,7,2729052104,10.0,4608.0,32,2,0.0234375,0.023610432942708332,0.004046902060508728,23.928773880004883,0.21363455057144165,0.9211532473564148,0,0.0
CDDM_author_JSCC_snr10_C36_paid_scale,14.png,55a94550ff18f3246c4074fd32b77b0c74447c26b6ad274d564d999c0450ba6e,7,2729052104,10.0,4608.0,32,2,0.0234375,0.023610432942708332,0.004164368379861116,23.80451011657715,0.21973873674869537,0.9233641028404236,0,0.0
CDDM_author_C36_paid_scale,14.png,55a94550ff18f3246c4074fd32b77b0c74447c26b6ad274d564d999c0450ba6e,8,920219466,10.0,4608.0,32,2,0.0234375,0.023610432942708332,0.0038585285656154156,24.13578224182129,0.22056405246257782,0.9259853363037109,93,4.0486409770092
CDDM_author_JSCC_snr13_C36_paid_scale,14.png,55a94550ff18f3246c4074fd32b77b0c74447c26b6ad274d564d999c0450ba6e,8,920219466,10.0,4608.0,32,2,0.0234375,0.023610432942708332,0.003995679318904877,23.984092712402344,0.21237675845623016,0.9233678579330444,0,0.0
CDDM_author_JSCC_snr10_C36_paid_scale,14.png,55a94550ff18f3246c4074fd32b77b0c74447c26b6ad274d564d999c0450ba6e,8,920219466,10.0,4608.0,32,2,0.0234375,0.023610432942708332,0.004206153564155102,23.76114845275879,0.22066307067871094,0.9241080284118652,0,0.0
CDDM_author_C36_paid_scale,14.png,55a94550ff18f3246c4074fd32b77b0c74447c26b6ad274d564d999c0450ba6e,9,326397430,10.0,4608.0,32,2,0.0234375,0.023610432942708332,0.003827981185168028,24.170303344726562,0.2274751514196396,0.9261786937713623,93,4.061696616001427
CDDM_author_JSCC_snr13_C36_paid_scale,14.png,55a94550ff18f3246c4074fd32b77b0c74447c26b6ad274d564d999c0450ba6e,9,326397430,10.0,4608.0,32,2,0.0234375,0.023610432942708332,0.003936865832656622,24.048492431640625,0.21757005155086517,0.9236098527908325,0,0.0
CDDM_author_JSCC_snr10_C36_paid_scale,14.png,55a94550ff18f3246c4074fd32b77b0c74447c26b6ad274d564d999c0450ba6e,9,326397430,10.0,4608.0,32,2,0.0234375,0.023610432942708332,0.004108211491256952,23.86347198486328,0.22522792220115662,0.9237605333328247,0,0.0
CDDM_author_C36_paid_scale,15.png,7538cbb80cb9103606c48b806eae57d56c885c7f90b9b3be70a41160f9cbb683,0,237980731,10.0,4608.0,32,2,0.0234375,0.023610432942708332,0.0013601495884358883,28.664133071899414,0.28976964950561523,0.9485197067260742,93,4.075102860981133
CDDM_author_JSCC_snr13_C36_paid_scale,15.png,7538cbb80cb9103606c48b806eae57d56c885c7f90b9b3be70a41160f9cbb683,0,237980731,10.0,4608.0,32,2,0.0234375,0.023610432942708332,0.00146427599247545,28.34377098083496,0.26706060767173767,0.9451064467430115,0,0.0
CDDM_author_JSCC_snr10_C36_paid_scale,15.png,7538cbb80cb9103606c48b806eae57d56c885c7f90b9b3be70a41160f9cbb683,0,237980731,10.0,4608.0,32,2,0.0234375,0.023610432942708332,0.001399379689246416,28.540645599365234,0.27619609236717224,0.9467809200286865,0,0.0
CDDM_author_C36_paid_scale,15.png,7538cbb80cb9103606c48b806eae57d56c885c7f90b9b3be70a41160f9cbb683,1,4054662379,10.0,4608.0,32,2,0.0234375,0.023610432942708332,0.001377473003230989,28.609169006347656,0.2874419391155243,0.9475234746932983,93,3.068423326010816
CDDM_author_JSCC_snr13_C36_paid_scale,15.png,7538cbb80cb9103606c48b806eae57d56c885c7f90b9b3be70a41160f9cbb683,1,4054662379,10.0,4608.0,32,2,0.0234375,0.023610432942708332,0.0014814104652032256,28.293245315551758,0.2697034478187561,0.9454351663589478,0,0.0
CDDM_author_JSCC_snr10_C36_paid_scale,15.png,7538cbb80cb9103606c48b806eae57d56c885c7f90b9b3be70a41160f9cbb683,1,4054662379,10.0,4608.0,32,2,0.0234375,0.023610432942708332,0.00140833156183362,28.51295280456543,0.2748258113861084,0.9465128183364868,0,0.0
CDDM_author_C36_paid_scale,15.png,7538cbb80cb9103606c48b806eae57d56c885c7f90b9b3be70a41160f9cbb683,2,1155371728,10.0,4608.0,32,2,0.0234375,0.023610432942708332,0.0013897338649258018,28.570682525634766,0.27653756737709045,0.9474098682403564,93,3.8105413080193102
CDDM_author_JSCC_snr13_C36_paid_scale,15.png,7538cbb80cb9103606c48b806eae57d56c885c7f90b9b3be70a41160f9cbb683,2,1155371728,10.0,4608.0,32,2,0.0234375,0.023610432942708332,0.0014886113349348307,28.272188186645508,0.2596084475517273,0.9455682039260864,0,0.0
CDDM_author_JSCC_snr10_C36_paid_scale,15.png,7538cbb80cb9103606c48b806eae57d56c885c7f90b9b3be70a41160f9cbb683,2,1155371728,10.0,4608.0,32,2,0.0234375,0.023610432942708332,0.0014359268825501204,28.42867660522461,0.27418196201324463,0.9454085230827332,0,0.0
CDDM_author_C36_paid_scale,15.png,7538cbb80cb9103606c48b806eae57d56c885c7f90b9b3be70a41160f9cbb683,3,96593979,10.0,4608.0,32,2,0.0234375,0.023610432942708332,0.0013879938051104546,28.576126098632812,0.28405919671058655,0.9471773505210876,93,4.03781952400459
CDDM_author_JSCC_snr13_C36_paid_scale,15.png,7538cbb80cb9103606c48b806eae57d56c885c7f90b9b3be70a41160f9cbb683,3,96593979,10.0,4608.0,32,2,0.0234375,0.023610432942708332,0.0015157728921622038,28.193660736083984,0.2660117745399475,0.9447183012962341,0,0.0
CDDM_author_JSCC_snr10_C36_paid_scale,15.png,7538cbb80cb9103606c48b806eae57d56c885c7f90b9b3be70a41160f9cbb683,3,96593979,10.0,4608.0,32,2,0.0234375,0.023610432942708332,0.001422671601176262,28.46895408630371,0.281146764755249,0.9459872245788574,0,0.0
CDDM_author_C36_paid_scale,15.png,7538cbb80cb9103606c48b806eae57d56c885c7f90b9b3be70a41160f9cbb683,4,2100200752,10.0,4608.0,32,2,0.0234375,0.023610432942708332,0.0013366113416850567,28.739948272705078,0.27915483713150024,0.9480669498443604,93,4.022586936014704
CDDM_author_JSCC_snr13_C36_paid_scale,15.png,7538cbb80cb9103606c48b806eae57d56c885c7f90b9b3be70a41160f9cbb683,4,2100200752,10.0,4608.0,32,2,0.0234375,0.023610432942708332,0.001422469038516283,28.469572067260742,0.2635330557823181,0.9451162815093994,0,0.0
CDDM_author_JSCC_snr10_C36_paid_scale,15.png,7538cbb80cb9103606c48b806eae57d56c885c7f90b9b3be70a41160f9cbb683,4,2100200752,10.0,4608.0,32,2,0.0234375,0.023610432942708332,0.0013953149318695068,28.55327796936035,0.2690013349056244,0.9468094706535339,0,0.0
CDDM_author_C36_paid_scale,15.png,7538cbb80cb9103606c48b806eae57d56c885c7f90b9b3be70a41160f9cbb683,5,190606018,10.0,4608.0,32,2,0.0234375,0.023610432942708332,0.00134045141749084,28.72749137878418,0.2785150110721588,0.948387086391449,93,4.067522055003792
CDDM_author_JSCC_snr13_C36_paid_scale,15.png,7538cbb80cb9103606c48b806eae57d56c885c7f90b9b3be70a41160f9cbb683,5,190606018,10.0,4608.0,32,2,0.0234375,0.023610432942708332,0.0014535784721374512,28.3756160736084,0.26141321659088135,0.9460145831108093,0,0.0
CDDM_author_JSCC_snr10_C36_paid_scale,15.png,7538cbb80cb9103606c48b806eae57d56c885c7f90b9b3be70a41160f9cbb683,5,190606018,10.0,4608.0,32,2,0.0234375,0.023610432942708332,0.0014080414548516273,28.51384735107422,0.2775150239467621,0.9461058974266052,0,0.0
CDDM_author_C36_paid_scale,15.png,7538cbb80cb9103606c48b806eae57d56c885c7f90b9b3be70a41160f9cbb683,6,343758749,10.0,4608.0,32,2,0.0234375,0.023610432942708332,0.0013833788689225912,28.590587615966797,0.2774786651134491,0.9470784068107605,93,4.046008831996005
CDDM_author_JSCC_snr13_C36_paid_scale,15.png,7538cbb80cb9103606c48b806eae57d56c885c7f90b9b3be70a41160f9cbb683,6,343758749,10.0,4608.0,32,2,0.0234375,0.023610432942708332,0.0014614704996347427,28.352100372314453,0.25941842794418335,0.9454485177993774,0,0.0
CDDM_author_JSCC_snr10_C36_paid_scale,15.png,7538cbb80cb9103606c48b806eae57d56c885c7f90b9b3be70a41160f9cbb683,6,343758749,10.0,4608.0,32,2,0.0234375,0.023610432942708332,0.001421766122803092,28.471717834472656,0.27637237310409546,0.9469799995422363,0,0.0
CDDM_author_C36_paid_scale,15.png,7538cbb80cb9103606c48b806eae57d56c885c7f90b9b3be70a41160f9cbb683,7,321485007,10.0,4608.0,32,2,0.0234375,0.023610432942708332,0.0013736942782998085,28.6210994720459,0.2824324071407318,0.9473175406455994,93,4.048202363017481
CDDM_author_JSCC_snr13_C36_paid_scale,15.png,7538cbb80cb9103606c48b806eae57d56c885c7f90b9b3be70a41160f9cbb683,7,321485007,10.0,4608.0,32,2,0.0234375,0.023610432942708332,0.0014852466993033886,28.282014846801758,0.2626141905784607,0.9444103240966797,0,0.0
CDDM_author_JSCC_snr10_C36_paid_scale,15.png,7538cbb80cb9103606c48b806eae57d56c885c7f90b9b3be70a41160f9cbb683,7,321485007,10.0,4608.0,32,2,0.0234375,0.023610432942708332,0.0014227384235709906,28.468751907348633,0.27674147486686707,0.9463740587234497,0,0.0
CDDM_author_C36_paid_scale,15.png,7538cbb80cb9103606c48b806eae57d56c885c7f90b9b3be70a41160f9cbb683,8,1212280397,10.0,4608.0,32,2,0.0234375,0.023610432942708332,0.0013737845001742244,28.62081527709961,0.2854853868484497,0.9475325345993042,93,3.286410796979908
CDDM_author_JSCC_snr13_C36_paid_scale,15.png,7538cbb80cb9103606c48b806eae57d56c885c7f90b9b3be70a41160f9cbb683,8,1212280397,10.0,4608.0,32,2,0.0234375,0.023610432942708332,0.0014594790991395712,28.358020782470703,0.2666918933391571,0.9449355006217957,0,0.0
CDDM_author_JSCC_snr10_C36_paid_scale,15.png,7538cbb80cb9103606c48b806eae57d56c885c7f90b9b3be70a41160f9cbb683,8,1212280397,10.0,4608.0,32,2,0.0234375,0.023610432942708332,0.0014139199629426003,28.495752334594727,0.27014297246932983,0.9467029571533203,0,0.0
CDDM_author_C36_paid_scale,15.png,7538cbb80cb9103606c48b806eae57d56c885c7f90b9b3be70a41160f9cbb683,9,1309514446,10.0,4608.0,32,2,0.0234375,0.023610432942708332,0.0013890116242691875,28.57294273376465,0.2806394398212433,0.9482673406600952,93,4.052821091026999
CDDM_author_JSCC_snr13_C36_paid_scale,15.png,7538cbb80cb9103606c48b806eae57d56c885c7f90b9b3be70a41160f9cbb683,9,1309514446,10.0,4608.0,32,2,0.0234375,0.023610432942708332,0.0014591945800930262,28.358867645263672,0.2605976462364197,0.9462801218032837,0,0.0
CDDM_author_JSCC_snr10_C36_paid_scale,15.png,7538cbb80cb9103606c48b806eae57d56c885c7f90b9b3be70a41160f9cbb683,9,1309514446,10.0,4608.0,32,2,0.0234375,0.023610432942708332,0.0014273407869040966,28.45472526550293,0.27682507038116455,0.9467673301696777,0,0.0
CDDM_author_C36_paid_scale,16.png,a89c7268ccd4718ba424a99fc4643c572cf692ca6eae887185ceb4e9f11d2e54,0,3346641008,10.0,4608.0,32,2,0.0234375,0.023610432942708332,0.0012856528628617525,28.908763885498047,0.23595868051052094,0.9427939653396606,93,4.0360899699735455
CDDM_author_JSCC_snr13_C36_paid_scale,16.png,a89c7268ccd4718ba424a99fc4643c572cf692ca6eae887185ceb4e9f11d2e54,0,3346641008,10.0,4608.0,32,2,0.0234375,0.023610432942708332,0.0013031817506998777,28.849952697753906,0.22490142285823822,0.941509485244751,0,0.0
CDDM_author_JSCC_snr10_C36_paid_scale,16.png,a89c7268ccd4718ba424a99fc4643c572cf692ca6eae887185ceb4e9f11d2e54,0,3346641008,10.0,4608.0,32,2,0.0234375,0.023610432942708332,0.0013900608755648136,28.56966209411621,0.28115126490592957,0.9418694376945496,0,0.0
CDDM_author_C36_paid_scale,16.png,a89c7268ccd4718ba424a99fc4643c572cf692ca6eae887185ceb4e9f11d2e54,1,2677815941,10.0,4608.0,32,2,0.0234375,0.023610432942708332,0.001259218668565154,28.998987197875977,0.24230456352233887,0.9438608884811401,93,4.060203053988516
CDDM_author_JSCC_snr13_C36_paid_scale,16.png,a89c7268ccd4718ba424a99fc4643c572cf692ca6eae887185ceb4e9f11d2e54,1,2677815941,10.0,4608.0,32,2,0.0234375,0.023610432942708332,0.001311999512836337,28.820663452148438,0.2288176566362381,0.9436323046684265,0,0.0
CDDM_author_JSCC_snr10_C36_paid_scale,16.png,a89c7268ccd4718ba424a99fc4643c572cf692ca6eae887185ceb4e9f11d2e54,1,2677815941,10.0,4608.0,32,2,0.0234375,0.023610432942708332,0.0013722504954785109,28.625667572021484,0.2730318307876587,0.9422895312309265,0,0.0
CDDM_author_C36_paid_scale,16.png,a89c7268ccd4718ba424a99fc4643c572cf692ca6eae887185ceb4e9f11d2e54,2,2426752320,10.0,4608.0,32,2,0.0234375,0.023610432942708332,0.0012645928654819727,28.980493545532227,0.2328268438577652,0.9443580508232117,93,4.041347598016728
CDDM_author_JSCC_snr13_C36_paid_scale,16.png,a89c7268ccd4718ba424a99fc4643c572cf692ca6eae887185ceb4e9f11d2e54,2,2426752320,10.0,4608.0,32,2,0.0234375,0.023610432942708332,0.0013212468475103378,28.7901611328125,0.22342421114444733,0.9438463449478149,0,0.0
CDDM_author_JSCC_snr10_C36_paid_scale,16.png,a89c7268ccd4718ba424a99fc4643c572cf692ca6eae887185ceb4e9f11d2e54,2,2426752320,10.0,4608.0,32,2,0.0234375,0.023610432942708332,0.0013593187322840095,28.666790008544922,0.27213361859321594,0.9414128065109253,0,0.0
CDDM_author_C36_paid_scale,16.png,a89c7268ccd4718ba424a99fc4643c572cf692ca6eae887185ceb4e9f11d2e54,3,3547035537,10.0,4608.0,32,2,0.0234375,0.023610432942708332,0.0013002504128962755,28.859729766845703,0.2337009310722351,0.943183422088623,93,4.06895764201181
CDDM_author_JSCC_snr13_C36_paid_scale,16.png,a89c7268ccd4718ba424a99fc4643c572cf692ca6eae887185ceb4e9f11d2e54,3,3547035537,10.0,4608.0,32,2,0.0234375,0.023610432942708332,0.0013302960433065891,28.760517120361328,0.22293156385421753,0.9427201151847839,0,0.0
CDDM_author_JSCC_snr10_C36_paid_scale,16.png,a89c7268ccd4718ba424a99fc4643c572cf692ca6eae887185ceb4e9f11d2e54,3,3547035537,10.0,4608.0,32,2,0.0234375,0.023610432942708332,0.0013839331222698092,28.588848114013672,0.27315184473991394,0.9428246021270752,0,0.0
CDDM_author_C36_paid_scale,16.png,a89c7268ccd4718ba424a99fc4643c572cf692ca6eae887185ceb4e9f11d2e54,4,1374609838,10.0,4608.0,32,2,0.0234375,0.023610432942708332,0.0012786283623427153,28.93255615234375,0.22480884194374084,0.9426859617233276,93,4.051827019022312
CDDM_author_JSCC_snr13_C36_paid_scale,16.png,a89c7268ccd4718ba424a99fc4643c572cf692ca6eae887185ceb4e9f11d2e54,4,1374609838,10.0,4608.0,32,2,0.0234375,0.023610432942708332,0.0012888673227280378,28.897918701171875,0.21418529748916626,0.9423344135284424,0,0.0
CDDM_author_JSCC_snr10_C36_paid_scale,16.png,a89c7268ccd4718ba424a99fc4643c572cf692ca6eae887185ceb4e9f11d2e54,4,1374609838,10.0,4608.0,32,2,0.0234375,0.023610432942708332,0.0013701224233955145,28.632408142089844,0.26599934697151184,0.9425480365753174,0,0.0
CDDM_author_C36_paid_scale,16.png,a89c7268ccd4718ba424a99fc4643c572cf692ca6eae887185ceb4e9f11d2e54,5,1280354766,10.0,4608.0,32,2,0.0234375,0.023610432942708332,0.0012387027963995934,29.070329666137695,0.23567688465118408,0.9456195831298828,93,2.742525059962645
CDDM_author_JSCC_snr13_C36_paid_scale,16.png,a89c7268ccd4718ba424a99fc4643c572cf692ca6eae887185ceb4e9f11d2e54,5,1280354766,10.0,4608.0,32,2,0.0234375,0.023610432942708332,0.0012920328881591558,28.887264251708984,0.2233763337135315,0.944562554359436,0,0.0
CDDM_author_JSCC_snr10_C36_paid_scale,16.png,a89c7268ccd4718ba424a99fc4643c572cf692ca6eae887185ceb4e9f11d2e54,5,1280354766,10.0,4608.0,32,2,0.0234375,0.023610432942708332,0.001357376342639327,28.672998428344727,0.27074742317199707,0.9438424110412598,0,0.0
CDDM_author_C36_paid_scale,16.png,a89c7268ccd4718ba424a99fc4643c572cf692ca6eae887185ceb4e9f11d2e54,6,2514716410,10.0,4608.0,32,2,0.0234375,0.023610432942708332,0.0012738429941236973,28.948843002319336,0.22788643836975098,0.9429752230644226,93,4.077739631989971
CDDM_author_JSCC_snr13_C36_paid_scale,16.png,a89c7268ccd4718ba424a99fc4643c572cf692ca6eae887185ceb4e9f11d2e54,6,2514716410,10.0,4608.0,32,2,0.0234375,0.023610432942708332,0.001317159621976316,28.80361557006836,0.21558836102485657,0.9431698322296143,0,0.0
CDDM_author_JSCC_snr10_C36_paid_scale,16.png,a89c7268ccd4718ba424a99fc4643c572cf692ca6eae887185ceb4e9f11d2e54,6,2514716410,10.0,4608.0,32,2,0.0234375,0.023610432942708332,0.0013725690077990294,28.624658584594727,0.27796217799186707,0.9422247409820557,0,0.0
CDDM_author_C36_paid_scale,16.png,a89c7268ccd4718ba424a99fc4643c572cf692ca6eae887185ceb4e9f11d2e54,7,2749392478,10.0,4608.0,32,2,0.0234375,0.023610432942708332,0.0012473025126382709,29.040281295776367,0.2280014157295227,0.9442992210388184,93,4.095852400001604
CDDM_author_JSCC_snr13_C36_paid_scale,16.png,a89c7268ccd4718ba424a99fc4643c572cf692ca6eae887185ceb4e9f11d2e54,7,2749392478,10.0,4608.0,32,2,0.0234375,0.023610432942708332,0.0013101663207635283,28.826736450195312,0.21781077980995178,0.9428144693374634,0,0.0
CDDM_author_JSCC_snr10_C36_paid_scale,16.png,a89c7268ccd4718ba424a99fc4643c572cf692ca6eae887185ceb4e9f11d2e54,7,2749392478,10.0,4608.0,32,2,0.0234375,0.023610432942708332,0.0013646148145198822,28.649900436401367,0.2684831917285919,0.9425193071365356,0,0.0
CDDM_author_C36_paid_scale,16.png,a89c7268ccd4718ba424a99fc4643c572cf692ca6eae887185ceb4e9f11d2e54,8,3363835152,10.0,4608.0,32,2,0.0234375,0.023610432942708332,0.0012474253308027983,29.03985595703125,0.23072905838489532,0.9453986883163452,93,4.043158263026271
CDDM_author_JSCC_snr13_C36_paid_scale,16.png,a89c7268ccd4718ba424a99fc4643c572cf692ca6eae887185ceb4e9f11d2e54,8,3363835152,10.0,4608.0,32,2,0.0234375,0.023610432942708332,0.0013061221688985825,28.84016227722168,0.22153833508491516,0.944206714630127,0,0.0
CDDM_author_JSCC_snr10_C36_paid_scale,16.png,a89c7268ccd4718ba424a99fc4643c572cf692ca6eae887185ceb4e9f11d2e54,8,3363835152,10.0,4608.0,32,2,0.0234375,0.023610432942708332,0.0013912396971136332,28.565980911254883,0.27418452501296997,0.9417159557342529,0,0.0
CDDM_author_C36_paid_scale,16.png,a89c7268ccd4718ba424a99fc4643c572cf692ca6eae887185ceb4e9f11d2e54,9,1172061299,10.0,4608.0,32,2,0.0234375,0.023610432942708332,0.0012499666772782803,29.031017303466797,0.23549161851406097,0.9443917274475098,93,4.072682870028075
CDDM_author_JSCC_snr13_C36_paid_scale,16.png,a89c7268ccd4718ba424a99fc4643c572cf692ca6eae887185ceb4e9f11d2e54,9,1172061299,10.0,4608.0,32,2,0.0234375,0.023610432942708332,0.0013032287824898958,28.849794387817383,0.22243110835552216,0.9439670443534851,0,0.0
CDDM_author_JSCC_snr10_C36_paid_scale,16.png,a89c7268ccd4718ba424a99fc4643c572cf692ca6eae887185ceb4e9f11d2e54,9,1172061299,10.0,4608.0,32,2,0.0234375,0.023610432942708332,0.001385848387144506,28.582843780517578,0.27462461590766907,0.9427401423454285,0,0.0
CDDM_author_C36_paid_scale,17.png,37afcc89fbdcb76d9518e04b2fc011027e2f4cd14b3b2f83cefd721641a47c5b,0,2244636175,10.0,4608.0,32,2,0.0234375,0.023610432942708332,0.00093869399279356,30.274761199951172,0.17495810985565186,0.9611649513244629,93,4.063846887962427
CDDM_author_JSCC_snr13_C36_paid_scale,17.png,37afcc89fbdcb76d9518e04b2fc011027e2f4cd14b3b2f83cefd721641a47c5b,0,2244636175,10.0,4608.0,32,2,0.0234375,0.023610432942708332,0.0010077720507979393,29.96637725830078,0.17153368890285492,0.9588910937309265,0,0.0
CDDM_author_JSCC_snr10_C36_paid_scale,17.png,37afcc89fbdcb76d9518e04b2fc011027e2f4cd14b3b2f83cefd721641a47c5b,0,2244636175,10.0,4608.0,32,2,0.0234375,0.023610432942708332,0.0010113301686942577,29.951068878173828,0.19458559155464172,0.9606838226318359,0,0.0
CDDM_author_C36_paid_scale,17.png,37afcc89fbdcb76d9518e04b2fc011027e2f4cd14b3b2f83cefd721641a47c5b,1,1524062667,10.0,4608.0,32,2,0.0234375,0.023610432942708332,0.0009290119051001966,30.319787979125977,0.1703193634748459,0.9623956680297852,93,4.0356109290150926
CDDM_author_JSCC_snr13_C36_paid_scale,17.png,37afcc89fbdcb76d9518e04b2fc011027e2f4cd14b3b2f83cefd721641a47c5b,1,1524062667,10.0,4608.0,32,2,0.0234375,0.023610432942708332,0.0009929159423336387,30.03087615966797,0.16123031079769135,0.9607701301574707,0,0.0
CDDM_author_JSCC_snr10_C36_paid_scale,17.png,37afcc89fbdcb76d9518e04b2fc011027e2f4cd14b3b2f83cefd721641a47c5b,1,1524062667,10.0,4608.0,32,2,0.0234375,0.023610432942708332,0.0010004783980548382,29.997922897338867,0.18965759873390198,0.9603338241577148,0,0.0
CDDM_author_C36_paid_scale,17.png,37afcc89fbdcb76d9518e04b2fc011027e2f4cd14b3b2f83cefd721641a47c5b,2,1497657961,10.0,4608.0,32,2,0.0234375,0.023610432942708332,0.0009353720815852284,30.2901554107666,0.17700397968292236,0.9614132642745972,93,3.218250645964872
CDDM_author_JSCC_snr13_C36_paid_scale,17.png,37afcc89fbdcb76d9518e04b2fc011027e2f4cd14b3b2f83cefd721641a47c5b,2,1497657961,10.0,4608.0,32,2,0.0234375,0.023610432942708332,0.001008891616947949,29.96155548095703,0.16866160929203033,0.9595984220504761,0,0.0
CDDM_author_JSCC_snr10_C36_paid_scale,17.png,37afcc89fbdcb76d9518e04b2fc011027e2f4cd14b3b2f83cefd721641a47c5b,2,1497657961,10.0,4608.0,32,2,0.0234375,0.023610432942708332,0.000997764291241765,30.009723663330078,0.1880507618188858,0.9604414701461792,0,0.0
CDDM_author_C36_paid_scale,17.png,37afcc89fbdcb76d9518e04b2fc011027e2f4cd14b3b2f83cefd721641a47c5b,3,4007124,10.0,4608.0,32,2,0.0234375,0.023610432942708332,0.0009487485513091087,30.22848892211914,0.17315298318862915,0.9611782431602478,93,4.053840680979192
CDDM_author_JSCC_snr13_C36_paid_scale,17.png,37afcc89fbdcb76d9518e04b2fc011027e2f4cd14b3b2f83cefd721641a47c5b,3,4007124,10.0,4608.0,32,2,0.0234375,0.023610432942708332,0.0009748617885634303,30.11056900024414,0.16363093256950378,0.9592435359954834,0,0.0
CDDM_author_JSCC_snr10_C36_paid_scale,17.png,37afcc89fbdcb76d9518e04b2fc011027e2f4cd14b3b2f83cefd721641a47c5b,3,4007124,10.0,4608.0,32,2,0.0234375,0.023610432942708332,0.0009954418055713177,30.019840240478516,0.19131100177764893,0.9603306651115417,0,0.0
CDDM_author_C36_paid_scale,17.png,37afcc89fbdcb76d9518e04b2fc011027e2f4cd14b3b2f83cefd721641a47c5b,4,623009007,10.0,4608.0,32,2,0.0234375,0.023610432942708332,0.0009424175950698555,30.257566452026367,0.17332661151885986,0.9598655700683594,93,4.035284384968691
CDDM_author_JSCC_snr13_C36_paid_scale,17.png,37afcc89fbdcb76d9518e04b2fc011027e2f4cd14b3b2f83cefd721641a47c5b,4,623009007,10.0,4608.0,32,2,0.0234375,0.023610432942708332,0.0009986492805182934,30.005870819091797,0.16484718024730682,0.9581383466720581,0,0.0
CDDM_author_JSCC_snr10_C36_paid_scale,17.png,37afcc89fbdcb76d9518e04b2fc011027e2f4cd14b3b2f83cefd721641a47c5b,4,623009007,10.0,4608.0,32,2,0.0234375,0.023610432942708332,0.001005425350740552,29.976503372192383,0.1935754418373108,0.9586154222488403,0,0.0
CDDM_author_C36_paid_scale,17.png,37afcc89fbdcb76d9518e04b2fc011027e2f4cd14b3b2f83cefd721641a47c5b,5,743549296,10.0,4608.0,32,2,0.0234375,0.023610432942708332,0.000954934861510992,30.20026206970215,0.17209979891777039,0.9609553217887878,93,4.057521972979885
CDDM_author_JSCC_snr13_C36_paid_scale,17.png,37afcc89fbdcb76d9518e04b2fc011027e2f4cd14b3b2f83cefd721641a47c5b,5,743549296,10.0,4608.0,32,2,0.0234375,0.023610432942708332,0.0010616586077958345,29.74015235900879,0.16720068454742432,0.9580329656600952,0,0.0
CDDM_author_JSCC_snr10_C36_paid_scale,17.png,37afcc89fbdcb76d9518e04b2fc011027e2f4cd14b3b2f83cefd721641a47c5b,5,743549296,10.0,4608.0,32,2,0.0234375,0.023610432942708332,0.0010310213547199965,29.867324829101562,0.18584269285202026,0.9597736597061157,0,0.0
CDDM_author_C36_paid_scale,17.png,37afcc89fbdcb76d9518e04b2fc011027e2f4cd14b3b2f83cefd721641a47c5b,6,2397878083,10.0,4608.0,32,2,0.0234375,0.023610432942708332,0.0009287558495998383,30.320985794067383,0.17769567668437958,0.9617978930473328,93,4.074616927013267
CDDM_author_JSCC_snr13_C36_paid_scale,17.png,37afcc89fbdcb76d9518e04b2fc011027e2f4cd14b3b2f83cefd721641a47c5b,6,2397878083,10.0,4608.0,32,2,0.0234375,0.023610432942708332,0.001026592100970447,29.88602066040039,0.17326940596103668,0.9594273567199707,0,0.0
CDDM_author_JSCC_snr10_C36_paid_scale,17.png,37afcc89fbdcb76d9518e04b2fc011027e2f4cd14b3b2f83cefd721641a47c5b,6,2397878083,10.0,4608.0,32,2,0.0234375,0.023610432942708332,0.0010160485981032252,29.930856704711914,0.19253361225128174,0.9601275324821472,0,0.0
CDDM_author_C36_paid_scale,17.png,37afcc89fbdcb76d9518e04b2fc011027e2f4cd14b3b2f83cefd721641a47c5b,7,2062833757,10.0,4608.0,32,2,0.0234375,0.023610432942708332,0.000942364742513746,30.2578125,0.17830833792686462,0.9612922668457031,93,4.026816745987162
CDDM_author_JSCC_snr13_C36_paid_scale,17.png,37afcc89fbdcb76d9518e04b2fc011027e2f4cd14b3b2f83cefd721641a47c5b,7,2062833757,10.0,4608.0,32,2,0.0234375,0.023610432942708332,0.000992962159216404,30.030672073364258,0.1703692078590393,0.960000216960907,0,0.0
CDDM_author_JSCC_snr10_C36_paid_scale,17.png,37afcc89fbdcb76d9518e04b2fc011027e2f4cd14b3b2f83cefd721641a47c5b,7,2062833757,10.0,4608.0,32,2,0.0234375,0.023610432942708332,0.001003539189696312,29.984657287597656,0.18834808468818665,0.961214005947113,0,0.0
CDDM_author_C36_paid_scale,17.png,37afcc89fbdcb76d9518e04b2fc011027e2f4cd14b3b2f83cefd721641a47c5b,8,3251746405,10.0,4608.0,32,2,0.0234375,0.023610432942708332,0.0009565282962284982,30.193023681640625,0.17441651225090027,0.9599456787109375,93,3.636599818011746
CDDM_author_JSCC_snr13_C36_paid_scale,17.png,37afcc89fbdcb76d9518e04b2fc011027e2f4cd14b3b2f83cefd721641a47c5b,8,3251746405,10.0,4608.0,32,2,0.0234375,0.023610432942708332,0.0010486084502190351,29.793869018554688,0.17003686726093292,0.9585752487182617,0,0.0
CDDM_author_JSCC_snr10_C36_paid_scale,17.png,37afcc89fbdcb76d9518e04b2fc011027e2f4cd14b3b2f83cefd721641a47c5b,8,3251746405,10.0,4608.0,32,2,0.0234375,0.023610432942708332,0.0010454526636749506,29.806957244873047,0.1902908980846405,0.959151029586792,0,0.0
CDDM_author_C36_paid_scale,17.png,37afcc89fbdcb76d9518e04b2fc011027e2f4cd14b3b2f83cefd721641a47c5b,9,577317050,10.0,4608.0,32,2,0.0234375,0.023610432942708332,0.0009307082509621978,30.311866760253906,0.1729637235403061,0.9603793025016785,93,3.240804767992813
CDDM_author_JSCC_snr13_C36_paid_scale,17.png,37afcc89fbdcb76d9518e04b2fc011027e2f4cd14b3b2f83cefd721641a47c5b,9,577317050,10.0,4608.0,32,2,0.0234375,0.023610432942708332,0.0010113678872585297,29.950908660888672,0.16985265910625458,0.957767903804779,0,0.0
CDDM_author_JSCC_snr10_C36_paid_scale,17.png,37afcc89fbdcb76d9518e04b2fc011027e2f4cd14b3b2f83cefd721641a47c5b,9,577317050,10.0,4608.0,32,2,0.0234375,0.023610432942708332,0.0010003265924751759,29.998580932617188,0.18970440328121185,0.9602252244949341,0,0.0
CDDM_author_C36_paid_scale,18.png,1a9258c365988961d87a0598725b609139c303ad48a5aad6c503c3b1a87849aa,0,3653475839,10.0,4608.0,32,2,0.0234375,0.023610432942708332,0.003383717266842723,24.706058502197266,0.3097932040691376,0.9399497509002686,93,4.0340483210165985
CDDM_author_JSCC_snr13_C36_paid_scale,18.png,1a9258c365988961d87a0598725b609139c303ad48a5aad6c503c3b1a87849aa,0,3653475839,10.0,4608.0,32,2,0.0234375,0.023610432942708332,0.003445529378950596,24.627439498901367,0.2933270037174225,0.9380013942718506,0,0.0
CDDM_author_JSCC_snr10_C36_paid_scale,18.png,1a9258c365988961d87a0598725b609139c303ad48a5aad6c503c3b1a87849aa,0,3653475839,10.0,4608.0,32,2,0.0234375,0.023610432942708332,0.0035243274178355932,24.529237747192383,0.3051835000514984,0.9390658736228943,0,0.0
CDDM_author_C36_paid_scale,18.png,1a9258c365988961d87a0598725b609139c303ad48a5aad6c503c3b1a87849aa,1,2171210464,10.0,4608.0,32,2,0.0234375,0.023610432942708332,0.0033634190913289785,24.732189178466797,0.30807071924209595,0.9398846626281738,93,4.051554962003138
CDDM_author_JSCC_snr13_C36_paid_scale,18.png,1a9258c365988961d87a0598725b609139c303ad48a5aad6c503c3b1a87849aa,1,2171210464,10.0,4608.0,32,2,0.0234375,0.023610432942708332,0.003479776903986931,24.58448600769043,0.29463303089141846,0.9385280013084412,0,0.0
CDDM_author_JSCC_snr10_C36_paid_scale,18.png,1a9258c365988961d87a0598725b609139c303ad48a5aad6c503c3b1a87849aa,1,2171210464,10.0,4608.0,32,2,0.0234375,0.023610432942708332,0.0035341891925781965,24.517101287841797,0.31056103110313416,0.9399062395095825,0,0.0
CDDM_author_C36_paid_scale,18.png,1a9258c365988961d87a0598725b609139c303ad48a5aad6c503c3b1a87849aa,2,3372384775,10.0,4608.0,32,2,0.0234375,0.023610432942708332,0.00342378206551075,24.654939651489258,0.3102961778640747,0.9381345510482788,93,4.061578510038089
CDDM_author_JSCC_snr13_C36_paid_scale,18.png,1a9258c365988961d87a0598725b609139c303ad48a5aad6c503c3b1a87849aa,2,3372384775,10.0,4608.0,32,2,0.0234375,0.023610432942708332,0.003548145992681384,24.49998664855957,0.29803675413131714,0.9348182678222656,0,0.0
CDDM_author_JSCC_snr10_C36_paid_scale,18.png,1a9258c365988961d87a0598725b609139c303ad48a5aad6c503c3b1a87849aa,2,3372384775,10.0,4608.0,32,2,0.0234375,0.023610432942708332,0.003521288512274623,24.532983779907227,0.3122061491012573,0.9392125010490417,0,0.0
CDDM_author_C36_paid_scale,18.png,1a9258c365988961d87a0598725b609139c303ad48a5aad6c503c3b1a87849aa,3,3743537959,10.0,4608.0,32,2,0.0234375,0.023610432942708332,0.0033308498095721006,24.774452209472656,0.30035603046417236,0.9396796226501465,93,4.081511104013771
CDDM_author_JSCC_snr13_C36_paid_scale,18.png,1a9258c365988961d87a0598725b609139c303ad48a5aad6c503c3b1a87849aa,3,3743537959,10.0,4608.0,32,2,0.0234375,0.023610432942708332,0.003457930637523532,24.61183738708496,0.28391680121421814,0.9376451969146729,0,0.0
CDDM_author_JSCC_snr10_C36_paid_scale,18.png,1a9258c365988961d87a0598725b609139c303ad48a5aad6c503c3b1a87849aa,3,3743537959,10.0,4608.0,32,2,0.0234375,0.023610432942708332,0.003516120370477438,24.539363861083984,0.30797848105430603,0.9396461248397827,0,0.0
CDDM_author_C36_paid_scale,18.png,1a9258c365988961d87a0598725b609139c303ad48a5aad6c503c3b1a87849aa,4,351674526,10.0,4608.0,32,2,0.0234375,0.023610432942708332,0.0033856858499348164,24.703533172607422,0.30918192863464355,0.9378246665000916,93,4.0550888029974885
CDDM_author_JSCC_snr13_C36_paid_scale,18.png,1a9258c365988961d87a0598725b609139c303ad48a5aad6c503c3b1a87849aa,4,351674526,10.0,4608.0,32,2,0.0234375,0.023610432942708332,0.003483678214251995,24.579620361328125,0.28928640484809875,0.9364334940910339,0,0.0
CDDM_author_JSCC_snr10_C36_paid_scale,18.png,1a9258c365988961d87a0598725b609139c303ad48a5aad6c503c3b1a87849aa,4,351674526,10.0,4608.0,32,2,0.0234375,0.023610432942708332,0.003508305177092552,24.549026489257812,0.30728256702423096,0.9385697841644287,0,0.0
CDDM_author_C36_paid_scale,18.png,1a9258c365988961d87a0598725b609139c303ad48a5aad6c503c3b1a87849aa,5,4163661445,10.0,4608.0,32,2,0.0234375,0.023610432942708332,0.0034075817093253136,24.675537109375,0.3078487515449524,0.9393400549888611,93,3.6535794269875623
CDDM_author_JSCC_snr13_C36_paid_scale,18.png,1a9258c365988961d87a0598725b609139c303ad48a5aad6c503c3b1a87849aa,5,4163661445,10.0,4608.0,32,2,0.0234375,0.023610432942708332,0.0034893937408924103,24.57250213623047,0.298672080039978,0.9377915263175964,0,0.0
CDDM_author_JSCC_snr10_C36_paid_scale,18.png,1a9258c365988961d87a0598725b609139c303ad48a5aad6c503c3b1a87849aa,5,4163661445,10.0,4608.0,32,2,0.0234375,0.023610432942708332,0.0035349689424037933,24.516145706176758,0.30954912304878235,0.9388529062271118,0,0.0
CDDM_author_C36_paid_scale,18.png,1a9258c365988961d87a0598725b609139c303ad48a5aad6c503c3b1a87849aa,6,4250322974,10.0,4608.0,32,2,0.0234375,0.023610432942708332,0.003410705830901861,24.671558380126953,0.3036118745803833,0.9394328594207764,93,3.7500976579613052
CDDM_author_JSCC_snr13_C36_paid_scale,18.png,1a9258c365988961d87a0598725b609139c303ad48a5aad6c503c3b1a87849aa,6,4250322974,10.0,4608.0,32,2,0.0234375,0.023610432942708332,0.003487933427095413,24.574317932128906,0.2898193299770355,0.9373822212219238,0,0.0
CDDM_author_JSCC_snr10_C36_paid_scale,18.png,1a9258c365988961d87a0598725b609139c303ad48a5aad6c503c3b1a87849aa,6,4250322974,10.0,4608.0,32,2,0.0234375,0.023610432942708332,0.003510603681206703,24.54618263244629,0.3036149740219116,0.9407230615615845,0,0.0
CDDM_author_C36_paid_scale,18.png,1a9258c365988961d87a0598725b609139c303ad48a5aad6c503c3b1a87849aa,7,3195393896,10.0,4608.0,32,2,0.0234375,0.023610432942708332,0.003417639760300517,24.662738800048828,0.30844536423683167,0.9379462003707886,93,4.04916295199655
CDDM_author_JSCC_snr13_C36_paid_scale,18.png,1a9258c365988961d87a0598725b609139c303ad48a5aad6c503c3b1a87849aa,7,3195393896,10.0,4608.0,32,2,0.0234375,0.023610432942708332,0.003528003115206957,24.524709701538086,0.2927164137363434,0.9372131824493408,0,0.0
CDDM_author_JSCC_snr10_C36_paid_scale,18.png,1a9258c365988961d87a0598725b609139c303ad48a5aad6c503c3b1a87849aa,7,3195393896,10.0,4608.0,32,2,0.0234375,0.023610432942708332,0.0035499536897987127,24.497774124145508,0.3104880452156067,0.9393805265426636,0,0.0
CDDM_author_C36_paid_scale,18.png,1a9258c365988961d87a0598725b609139c303ad48a5aad6c503c3b1a87849aa,8,3148541972,10.0,4608.0,32,2,0.0234375,0.023610432942708332,0.003319883719086647,24.788772583007812,0.301984578371048,0.9395284652709961,93,4.02421043603681
CDDM_author_JSCC_snr13_C36_paid_scale,18.png,1a9258c365988961d87a0598725b609139c303ad48a5aad6c503c3b1a87849aa,8,3148541972,10.0,4608.0,32,2,0.0234375,0.023610432942708332,0.0033701469656080008,24.723512649536133,0.290185809135437,0.937025249004364,0,0.0
CDDM_author_JSCC_snr10_C36_paid_scale,18.png,1a9258c365988961d87a0598725b609139c303ad48a5aad6c503c3b1a87849aa,8,3148541972,10.0,4608.0,32,2,0.0234375,0.023610432942708332,0.003457542508840561,24.612323760986328,0.29844146966934204,0.9397643804550171,0,0.0
CDDM_author_C36_paid_scale,18.png,1a9258c365988961d87a0598725b609139c303ad48a5aad6c503c3b1a87849aa,9,220469593,10.0,4608.0,32,2,0.0234375,0.023610432942708332,0.003388086101040244,24.700454711914062,0.3033739924430847,0.9372531771659851,93,4.0408449350507
CDDM_author_JSCC_snr13_C36_paid_scale,18.png,1a9258c365988961d87a0598725b609139c303ad48a5aad6c503c3b1a87849aa,9,220469593,10.0,4608.0,32,2,0.0234375,0.023610432942708332,0.003484241431578994,24.578916549682617,0.28870734572410583,0.9360563158988953,0,0.0
CDDM_author_JSCC_snr10_C36_paid_scale,18.png,1a9258c365988961d87a0598725b609139c303ad48a5aad6c503c3b1a87849aa,9,220469593,10.0,4608.0,32,2,0.0234375,0.023610432942708332,0.0035206861793994904,24.533727645874023,0.30673617124557495,0.9394973516464233,0,0.0
CDDM_author_C36_paid_scale,19.png,b7450b264b1b0a411390d8931b112c27905a992520fc90569dc4b920aa32bbdc,0,1738308252,10.0,4608.0,32,2,0.0234375,0.023610432942708332,0.002064355183392763,26.852153778076172,0.1745600700378418,0.9442028403282166,93,4.0860420890385285
CDDM_author_JSCC_snr13_C36_paid_scale,19.png,b7450b264b1b0a411390d8931b112c27905a992520fc90569dc4b920aa32bbdc,0,1738308252,10.0,4608.0,32,2,0.0234375,0.023610432942708332,0.002212573541328311,26.551021575927734,0.17087715864181519,0.9420597553253174,0,0.0
CDDM_author_JSCC_snr10_C36_paid_scale,19.png,b7450b264b1b0a411390d8931b112c27905a992520fc90569dc4b920aa32bbdc,0,1738308252,10.0,4608.0,32,2,0.0234375,0.023610432942708332,0.00230406760238111,26.37504768371582,0.19602979719638824,0.943751335144043,0,0.0
CDDM_author_C36_paid_scale,19.png,b7450b264b1b0a411390d8931b112c27905a992520fc90569dc4b920aa32bbdc,1,2805130335,10.0,4608.0,32,2,0.0234375,0.023610432942708332,0.002047301037237048,26.88818359375,0.17591801285743713,0.9438571929931641,93,4.058247878972907
CDDM_author_JSCC_snr13_C36_paid_scale,19.png,b7450b264b1b0a411390d8931b112c27905a992520fc90569dc4b920aa32bbdc,1,2805130335,10.0,4608.0,32,2,0.0234375,0.023610432942708332,0.002152925357222557,26.66971206665039,0.16920092701911926,0.9417176246643066,0,0.0
CDDM_author_JSCC_snr10_C36_paid_scale,19.png,b7450b264b1b0a411390d8931b112c27905a992520fc90569dc4b920aa32bbdc,1,2805130335,10.0,4608.0,32,2,0.0234375,0.023610432942708332,0.002285212045535445,26.410734176635742,0.19543308019638062,0.9438368678092957,0,0.0
CDDM_author_C36_paid_scale,19.png,b7450b264b1b0a411390d8931b112c27905a992520fc90569dc4b920aa32bbdc,2,3492284270,10.0,4608.0,32,2,0.0234375,0.023610432942708332,0.001997157698497176,26.99587631225586,0.17694976925849915,0.94501131772995,93,3.3408712950185873
CDDM_author_JSCC_snr13_C36_paid_scale,19.png,b7450b264b1b0a411390d8931b112c27905a992520fc90569dc4b920aa32bbdc,2,3492284270,10.0,4608.0,32,2,0.0234375,0.023610432942708332,0.0020789424888789654,26.821577072143555,0.1711147129535675,0.9428328275680542,0,0.0
CDDM_author_JSCC_snr10_C36_paid_scale,19.png,b7450b264b1b0a411390d8931b112c27905a992520fc90569dc4b920aa32bbdc,2,3492284270,10.0,4608.0,32,2,0.0234375,0.023610432942708332,0.0022268847096711397,26.523021697998047,0.20186123251914978,0.9445502161979675,0,0.0
CDDM_author_C36_paid_scale,19.png,b7450b264b1b0a411390d8931b112c27905a992520fc90569dc4b920aa32bbdc,3,1813751235,10.0,4608.0,32,2,0.0234375,0.023610432942708332,0.002052468014881015,26.877235412597656,0.18174616992473602,0.9443756937980652,93,3.4743639109656215
CDDM_author_JSCC_snr13_C36_paid_scale,19.png,b7450b264b1b0a411390d8931b112c27905a992520fc90569dc4b920aa32bbdc,3,1813751235,10.0,4608.0,32,2,0.0234375,0.023610432942708332,0.0021388281602412462,26.6982421875,0.17863346636295319,0.9422239065170288,0,0.0
CDDM_author_JSCC_snr10_C36_paid_scale,19.png,b7450b264b1b0a411390d8931b112c27905a992520fc90569dc4b920aa32bbdc,3,1813751235,10.0,4608.0,32,2,0.0234375,0.023610432942708332,0.002303707879036665,26.375728607177734,0.19138237833976746,0.9442729353904724,0,0.0
CDDM_author_C36_paid_scale,19.png,b7450b264b1b0a411390d8931b112c27905a992520fc90569dc4b920aa32bbdc,4,3811650184,10.0,4608.0,32,2,0.0234375,0.023610432942708332,0.002020634710788727,26.94512367248535,0.17328214645385742,0.9445686340332031,93,4.064551029005088
CDDM_author_JSCC_snr13_C36_paid_scale,19.png,b7450b264b1b0a411390d8931b112c27905a992520fc90569dc4b920aa32bbdc,4,3811650184,10.0,4608.0,32,2,0.0234375,0.023610432942708332,0.0021073485258966684,26.762638092041016,0.1713920682668686,0.9420329332351685,0,0.0
CDDM_author_JSCC_snr10_C36_paid_scale,19.png,b7450b264b1b0a411390d8931b112c27905a992520fc90569dc4b920aa32bbdc,4,3811650184,10.0,4608.0,32,2,0.0234375,0.023610432942708332,0.0022333036176860332,26.510522842407227,0.19582021236419678,0.9422434568405151,0,0.0
CDDM_author_C36_paid_scale,19.png,b7450b264b1b0a411390d8931b112c27905a992520fc90569dc4b920aa32bbdc,5,1397263039,10.0,4608.0,32,2,0.0234375,0.023610432942708332,0.002026319270953536,26.93292236328125,0.178956538438797,0.9449074268341064,93,4.046760827011894
CDDM_author_JSCC_snr13_C36_paid_scale,19.png,b7450b264b1b0a411390d8931b112c27905a992520fc90569dc4b920aa32bbdc,5,1397263039,10.0,4608.0,32,2,0.0234375,0.023610432942708332,0.002158853691071272,26.65776824951172,0.17367108166217804,0.9428715705871582,0,0.0
CDDM_author_JSCC_snr10_C36_paid_scale,19.png,b7450b264b1b0a411390d8931b112c27905a992520fc90569dc4b920aa32bbdc,5,1397263039,10.0,4608.0,32,2,0.0234375,0.023610432942708332,0.002231626771390438,26.513784408569336,0.19658105075359344,0.9442700743675232,0,0.0
CDDM_author_C36_paid_scale,19.png,b7450b264b1b0a411390d8931b112c27905a992520fc90569dc4b920aa32bbdc,6,1028235785,10.0,4608.0,32,2,0.0234375,0.023610432942708332,0.0019756632391363382,27.042869567871094,0.1698288917541504,0.9454423785209656,93,4.053364399005659
CDDM_author_JSCC_snr13_C36_paid_scale,19.png,b7450b264b1b0a411390d8931b112c27905a992520fc90569dc4b920aa32bbdc,6,1028235785,10.0,4608.0,32,2,0.0234375,0.023610432942708332,0.0020557139068841934,26.870372772216797,0.1651785522699356,0.9431540369987488,0,0.0
CDDM_author_JSCC_snr10_C36_paid_scale,19.png,b7450b264b1b0a411390d8931b112c27905a992520fc90569dc4b920aa32bbdc,6,1028235785,10.0,4608.0,32,2,0.0234375,0.023610432942708332,0.0022410345263779163,26.495515823364258,0.1934671401977539,0.9438629150390625,0,0.0
CDDM_author_C36_paid_scale,19.png,b7450b264b1b0a411390d8931b112c27905a992520fc90569dc4b920aa32bbdc,7,3547874736,10.0,4608.0,32,2,0.0234375,0.023610432942708332,0.0020410658325999975,26.901432037353516,0.17731474339962006,0.9444369673728943,93,4.026517114019953
CDDM_author_JSCC_snr13_C36_paid_scale,19.png,b7450b264b1b0a411390d8931b112c27905a992520fc90569dc4b920aa32bbdc,7,3547874736,10.0,4608.0,32,2,0.0234375,0.023610432942708332,0.0021000313572585583,26.777742385864258,0.1744127720594406,0.9420533180236816,0,0.0
CDDM_author_JSCC_snr10_C36_paid_scale,19.png,b7450b264b1b0a411390d8931b112c27905a992520fc90569dc4b920aa32bbdc,7,3547874736,10.0,4608.0,32,2,0.0234375,0.023610432942708332,0.002262689871713519,26.453750610351562,0.19488704204559326,0.9425448775291443,0,0.0
CDDM_author_C36_paid_scale,19.png,b7450b264b1b0a411390d8931b112c27905a992520fc90569dc4b920aa32bbdc,8,2711875047,10.0,4608.0,32,2,0.0234375,0.023610432942708332,0.002011024858802557,26.9658260345459,0.17825336754322052,0.9430513381958008,93,4.0275358199724
CDDM_author_JSCC_snr13_C36_paid_scale,19.png,b7450b264b1b0a411390d8931b112c27905a992520fc90569dc4b920aa32bbdc,8,2711875047,10.0,4608.0,32,2,0.0234375,0.023610432942708332,0.0021356837823987007,26.704631805419922,0.17767572402954102,0.9410462379455566,0,0.0
CDDM_author_JSCC_snr10_C36_paid_scale,19.png,b7450b264b1b0a411390d8931b112c27905a992520fc90569dc4b920aa32bbdc,8,2711875047,10.0,4608.0,32,2,0.0234375,0.023610432942708332,0.002258763648569584,26.461292266845703,0.19611725211143494,0.9434351325035095,0,0.0
CDDM_author_C36_paid_scale,19.png,b7450b264b1b0a411390d8931b112c27905a992520fc90569dc4b920aa32bbdc,9,3432091270,10.0,4608.0,32,2,0.0234375,0.023610432942708332,0.0020660359878093004,26.848621368408203,0.18318776786327362,0.9445435404777527,93,3.2454364920267835
CDDM_author_JSCC_snr13_C36_paid_scale,19.png,b7450b264b1b0a411390d8931b112c27905a992520fc90569dc4b920aa32bbdc,9,3432091270,10.0,4608.0,32,2,0.0234375,0.023610432942708332,0.0021967426873743534,26.58220672607422,0.1788163185119629,0.9422101974487305,0,0.0
CDDM_author_JSCC_snr10_C36_paid_scale,19.png,b7450b264b1b0a411390d8931b112c27905a992520fc90569dc4b920aa32bbdc,9,3432091270,10.0,4608.0,32,2,0.0234375,0.023610432942708332,0.0022858791053295135,26.409469604492188,0.2011847198009491,0.9439663887023926,0,0.0
CDDM_author_C36_paid_scale,20.png,3b46c71e3b92a563820ba32936be8330c586c41f938efd94be938386aae4328a,0,2477261111,10.0,4608.0,32,2,0.0234375,0.023610432942708332,0.0015705976402387023,28.039352416992188,0.10410245507955551,0.9742060899734497,93,4.083703066047747
CDDM_author_JSCC_snr13_C36_paid_scale,20.png,3b46c71e3b92a563820ba32936be8330c586c41f938efd94be938386aae4328a,0,2477261111,10.0,4608.0,32,2,0.0234375,0.023610432942708332,0.0015921622980386019,27.980127334594727,0.10125824064016342,0.9711746573448181,0,0.0
CDDM_author_JSCC_snr10_C36_paid_scale,20.png,3b46c71e3b92a563820ba32936be8330c586c41f938efd94be938386aae4328a,0,2477261111,10.0,4608.0,32,2,0.0234375,0.023610432942708332,0.0017243614420294762,27.633716583251953,0.11447501927614212,0.9722204208374023,0,0.0
CDDM_author_C36_paid_scale,20.png,3b46c71e3b92a563820ba32936be8330c586c41f938efd94be938386aae4328a,1,1798798790,10.0,4608.0,32,2,0.0234375,0.023610432942708332,0.0015619135228917003,28.063430786132812,0.10429082810878754,0.9737876653671265,93,4.051485212985426
CDDM_author_JSCC_snr13_C36_paid_scale,20.png,3b46c71e3b92a563820ba32936be8330c586c41f938efd94be938386aae4328a,1,1798798790,10.0,4608.0,32,2,0.0234375,0.023610432942708332,0.0015771075850352645,28.02138900756836,0.10517963767051697,0.9709329009056091,0,0.0
CDDM_author_JSCC_snr10_C36_paid_scale,20.png,3b46c71e3b92a563820ba32936be8330c586c41f938efd94be938386aae4328a,1,1798798790,10.0,4608.0,32,2,0.0234375,0.023610432942708332,0.0017403785604983568,27.593563079833984,0.11778512597084045,0.972150981426239,0,0.0
CDDM_author_C36_paid_scale,20.png,3b46c71e3b92a563820ba32936be8330c586c41f938efd94be938386aae4328a,2,1317498584,10.0,4608.0,32,2,0.0234375,0.023610432942708332,0.001587218837812543,27.993633270263672,0.10275645554065704,0.9727992415428162,93,4.043073772976641
CDDM_author_JSCC_snr13_C36_paid_scale,20.png,3b46c71e3b92a563820ba32936be8330c586c41f938efd94be938386aae4328a,2,1317498584,10.0,4608.0,32,2,0.0234375,0.023610432942708332,0.0016103809466585517,27.930715560913086,0.10334867984056473,0.9698778390884399,0,0.0
CDDM_author_JSCC_snr10_C36_paid_scale,20.png,3b46c71e3b92a563820ba32936be8330c586c41f938efd94be938386aae4328a,2,1317498584,10.0,4608.0,32,2,0.0234375,0.023610432942708332,0.0017563705332577229,27.55384063720703,0.11361819505691528,0.972217321395874,0,0.0
CDDM_author_C36_paid_scale,20.png,3b46c71e3b92a563820ba32936be8330c586c41f938efd94be938386aae4328a,3,1298122109,10.0,4608.0,32,2,0.0234375,0.023610432942708332,0.0015843675937503576,28.001440048217773,0.10744757205247879,0.9740428328514099,93,4.088182014995255
CDDM_author_JSCC_snr13_C36_paid_scale,20.png,3b46c71e3b92a563820ba32936be8330c586c41f938efd94be938386aae4328a,3,1298122109,10.0,4608.0,32,2,0.0234375,0.023610432942708332,0.0016131019219756126,27.923383712768555,0.10776916891336441,0.9714118838310242,0,0.0
CDDM_author_JSCC_snr10_C36_paid_scale,20.png,3b46c71e3b92a563820ba32936be8330c586c41f938efd94be938386aae4328a,3,1298122109,10.0,4608.0,32,2,0.0234375,0.023610432942708332,0.0017255686689168215,27.630680084228516,0.11273320019245148,0.9725510478019714,0,0.0
CDDM_author_C36_paid_scale,20.png,3b46c71e3b92a563820ba32936be8330c586c41f938efd94be938386aae4328a,4,1918221466,10.0,4608.0,32,2,0.0234375,0.023610432942708332,0.0015488102799281478,28.100017547607422,0.10445921123027802,0.9735463857650757,93,4.064768278971314
CDDM_author_JSCC_snr13_C36_paid_scale,20.png,3b46c71e3b92a563820ba32936be8330c586c41f938efd94be938386aae4328a,4,1918221466,10.0,4608.0,32,2,0.0234375,0.023610432942708332,0.0015622777864336967,28.06241798400879,0.10547063499689102,0.9699501991271973,0,0.0
CDDM_author_JSCC_snr10_C36_paid_scale,20.png,3b46c71e3b92a563820ba32936be8330c586c41f938efd94be938386aae4328a,4,1918221466,10.0,4608.0,32,2,0.0234375,0.023610432942708332,0.0017329647671431303,27.612104415893555,0.11110275238752365,0.9721235036849976,0,0.0
CDDM_author_C36_paid_scale,20.png,3b46c71e3b92a563820ba32936be8330c586c41f938efd94be938386aae4328a,5,1979481508,10.0,4608.0,32,2,0.0234375,0.023610432942708332,0.0015694097382947803,28.04263687133789,0.1085946261882782,0.9739513397216797,93,4.073880641022697
CDDM_author_JSCC_snr13_C36_paid_scale,20.png,3b46c71e3b92a563820ba32936be8330c586c41f938efd94be938386aae4328a,5,1979481508,10.0,4608.0,32,2,0.0234375,0.023610432942708332,0.001615311368368566,27.917438507080078,0.11001592129468918,0.9712555408477783,0,0.0
CDDM_author_JSCC_snr10_C36_paid_scale,20.png,3b46c71e3b92a563820ba32936be8330c586c41f938efd94be938386aae4328a,5,1979481508,10.0,4608.0,32,2,0.0234375,0.023610432942708332,0.0017365149687975645,27.60321617126465,0.11378266662359238,0.9727743864059448,0,0.0
CDDM_author_C36_paid_scale,20.png,3b46c71e3b92a563820ba32936be8330c586c41f938efd94be938386aae4328a,6,2311285406,10.0,4608.0,32,2,0.0234375,0.023610432942708332,0.001551054185256362,28.093730926513672,0.10769855976104736,0.9738874435424805,93,2.7768413739977404
CDDM_author_JSCC_snr13_C36_paid_scale,20.png,3b46c71e3b92a563820ba32936be8330c586c41f938efd94be938386aae4328a,6,2311285406,10.0,4608.0,32,2,0.0234375,0.023610432942708332,0.0015903199091553688,27.98515510559082,0.10769596695899963,0.9706624746322632,0,0.0
CDDM_author_JSCC_snr10_C36_paid_scale,20.png,3b46c71e3b92a563820ba32936be8330c586c41f938efd94be938386aae4328a,6,2311285406,10.0,4608.0,32,2,0.0234375,0.023610432942708332,0.001816464588046074,27.407730102539062,0.1185355857014656,0.9719898104667664,0,0.0
CDDM_author_C36_paid_scale,20.png,3b46c71e3b92a563820ba32936be8330c586c41f938efd94be938386aae4328a,7,1336487881,10.0,4608.0,32,2,0.0234375,0.023610432942708332,0.0015379664255306125,28.13053321838379,0.10485802590847015,0.9741004705429077,93,4.029423374973703
CDDM_author_JSCC_snr13_C36_paid_scale,20.png,3b46c71e3b92a563820ba32936be8330c586c41f938efd94be938386aae4328a,7,1336487881,10.0,4608.0,32,2,0.0234375,0.023610432942708332,0.001598586793988943,27.96263885498047,0.10866200923919678,0.9705822467803955,0,0.0
CDDM_author_JSCC_snr10_C36_paid_scale,20.png,3b46c71e3b92a563820ba32936be8330c586c41f938efd94be938386aae4328a,7,1336487881,10.0,4608.0,32,2,0.0234375,0.023610432942708332,0.0017444610130041838,27.583389282226562,0.1166587620973587,0.9722973704338074,0,0.0
CDDM_author_C36_paid_scale,20.png,3b46c71e3b92a563820ba32936be8330c586c41f938efd94be938386aae4328a,8,3773748763,10.0,4608.0,32,2,0.0234375,0.023610432942708332,0.0015894122188910842,27.987634658813477,0.10015061497688293,0.9731799364089966,93,4.032576446013991
CDDM_author_JSCC_snr13_C36_paid_scale,20.png,3b46c71e3b92a563820ba32936be8330c586c41f938efd94be938386aae4328a,8,3773748763,10.0,4608.0,32,2,0.0234375,0.023610432942708332,0.0016266531310975552,27.88705062866211,0.09999456256628036,0.970484733581543,0,0.0
CDDM_author_JSCC_snr10_C36_paid_scale,20.png,3b46c71e3b92a563820ba32936be8330c586c41f938efd94be938386aae4328a,8,3773748763,10.0,4608.0,32,2,0.0234375,0.023610432942708332,0.0017829028656706214,27.488725662231445,0.11599273234605789,0.9717191457748413,0,0.0
CDDM_author_C36_paid_scale,20.png,3b46c71e3b92a563820ba32936be8330c586c41f938efd94be938386aae4328a,9,1079367708,10.0,4608.0,32,2,0.0234375,0.023610432942708332,0.0015946993371471763,27.97321319580078,0.10381775349378586,0.9733375310897827,93,4.051417484995909
CDDM_author_JSCC_snr13_C36_paid_scale,20.png,3b46c71e3b92a563820ba32936be8330c586c41f938efd94be938386aae4328a,9,1079367708,10.0,4608.0,32,2,0.0234375,0.023610432942708332,0.0015908228233456612,27.983781814575195,0.10192552208900452,0.9713195562362671,0,0.0
CDDM_author_JSCC_snr10_C36_paid_scale,20.png,3b46c71e3b92a563820ba32936be8330c586c41f938efd94be938386aae4328a,9,1079367708,10.0,4608.0,32,2,0.0234375,0.023610432942708332,0.0017681808676570654,27.524734497070312,0.11777198314666748,0.9723934531211853,0,0.0
CDDM_author_C36_paid_scale,21.png,ac958597c82073f6bb65129c68f72b651db5b9efd82e11547d07350214bc268b,0,284144924,10.0,4608.0,32,2,0.0234375,0.023610432942708332,0.002856590785086155,25.44152069091797,0.24192076921463013,0.9451836943626404,93,4.041976582026109
CDDM_author_JSCC_snr13_C36_paid_scale,21.png,ac958597c82073f6bb65129c68f72b651db5b9efd82e11547d07350214bc268b,0,284144924,10.0,4608.0,32,2,0.0234375,0.023610432942708332,0.0028584811370819807,25.438648223876953,0.23551976680755615,0.9458025693893433,0,0.0
CDDM_author_JSCC_snr10_C36_paid_scale,21.png,ac958597c82073f6bb65129c68f72b651db5b9efd82e11547d07350214bc268b,0,284144924,10.0,4608.0,32,2,0.0234375,0.023610432942708332,0.0030219973996281624,25.197059631347656,0.24704089760780334,0.9468029737472534,0,0.0
CDDM_author_C36_paid_scale,21.png,ac958597c82073f6bb65129c68f72b651db5b9efd82e11547d07350214bc268b,1,76569925,10.0,4608.0,32,2,0.0234375,0.023610432942708332,0.002844889648258686,25.459346771240234,0.24218064546585083,0.9463248252868652,93,4.052675391023513
CDDM_author_JSCC_snr13_C36_paid_scale,21.png,ac958597c82073f6bb65129c68f72b651db5b9efd82e11547d07350214bc268b,1,76569925,10.0,4608.0,32,2,0.0234375,0.023610432942708332,0.0028535209130495787,25.44618797302246,0.23358887434005737,0.9455602169036865,0,0.0
CDDM_author_JSCC_snr10_C36_paid_scale,21.png,ac958597c82073f6bb65129c68f72b651db5b9efd82e11547d07350214bc268b,1,76569925,10.0,4608.0,32,2,0.0234375,0.023610432942708332,0.0030311220325529575,25.1839656829834,0.2383672147989273,0.946617841720581,0,0.0
CDDM_author_C36_paid_scale,21.png,ac958597c82073f6bb65129c68f72b651db5b9efd82e11547d07350214bc268b,2,3913490350,10.0,4608.0,32,2,0.0234375,0.023610432942708332,0.0028477597516030073,25.454967498779297,0.24298745393753052,0.94594806432724,93,4.05331698799273
CDDM_author_JSCC_snr13_C36_paid_scale,21.png,ac958597c82073f6bb65129c68f72b651db5b9efd82e11547d07350214bc268b,2,3913490350,10.0,4608.0,32,2,0.0234375,0.023610432942708332,0.002899202285334468,25.377216339111328,0.23164016008377075,0.9450902938842773,0,0.0
CDDM_author_JSCC_snr10_C36_paid_scale,21.png,ac958597c82073f6bb65129c68f72b651db5b9efd82e11547d07350214bc268b,2,3913490350,10.0,4608.0,32,2,0.0234375,0.023610432942708332,0.003002612618729472,25.225008010864258,0.24551701545715332,0.9474274516105652,0,0.0
CDDM_author_C36_paid_scale,21.png,ac958597c82073f6bb65129c68f72b651db5b9efd82e11547d07350214bc268b,3,2531737571,10.0,4608.0,32,2,0.0234375,0.023610432942708332,0.0028491681441664696,25.45281982421875,0.24064424633979797,0.9471771121025085,93,3.271942633029539
CDDM_author_JSCC_snr13_C36_paid_scale,21.png,ac958597c82073f6bb65129c68f72b651db5b9efd82e11547d07350214bc268b,3,2531737571,10.0,4608.0,32,2,0.0234375,0.023610432942708332,0.0029045918490737677,25.369150161743164,0.2286786586046219,0.9468962550163269,0,0.0
CDDM_author_JSCC_snr10_C36_paid_scale,21.png,ac958597c82073f6bb65129c68f72b651db5b9efd82e11547d07350214bc268b,3,2531737571,10.0,4608.0,32,2,0.0234375,0.023610432942708332,0.0030377632938325405,25.174461364746094,0.23757435381412506,0.9474453926086426,0,0.0
CDDM_author_C36_paid_scale,21.png,ac958597c82073f6bb65129c68f72b651db5b9efd82e11547d07350214bc268b,4,3817100921,10.0,4608.0,32,2,0.0234375,0.023610432942708332,0.0028420842718333006,25.46363067626953,0.2363060861825943,0.9450305700302124,93,4.016836240014527
CDDM_author_JSCC_snr13_C36_paid_scale,21.png,ac958597c82073f6bb65129c68f72b651db5b9efd82e11547d07350214bc268b,4,3817100921,10.0,4608.0,32,2,0.0234375,0.023610432942708332,0.0028902115300297737,25.390703201293945,0.22426502406597137,0.9458572864532471,0,0.0
CDDM_author_JSCC_snr10_C36_paid_scale,21.png,ac958597c82073f6bb65129c68f72b651db5b9efd82e11547d07350214bc268b,4,3817100921,10.0,4608.0,32,2,0.0234375,0.023610432942708332,0.00302588171325624,25.19148063659668,0.23270675539970398,0.9471375942230225,0,0.0
CDDM_author_C36_paid_scale,21.png,ac958597c82073f6bb65129c68f72b651db5b9efd82e11547d07350214bc268b,5,3753452969,10.0,4608.0,32,2,0.0234375,0.023610432942708332,0.0028817481361329556,25.403440475463867,0.2397693544626236,0.9448267817497253,93,4.057352864998393
CDDM_author_JSCC_snr13_C36_paid_scale,21.png,ac958597c82073f6bb65129c68f72b651db5b9efd82e11547d07350214bc268b,5,3753452969,10.0,4608.0,32,2,0.0234375,0.023610432942708332,0.002904050750657916,25.369958877563477,0.22639977931976318,0.9453538656234741,0,0.0
CDDM_author_JSCC_snr10_C36_paid_scale,21.png,ac958597c82073f6bb65129c68f72b651db5b9efd82e11547d07350214bc268b,5,3753452969,10.0,4608.0,32,2,0.0234375,0.023610432942708332,0.0030363500118255615,25.176483154296875,0.2381853610277176,0.9469971656799316,0,0.0
CDDM_author_C36_paid_scale,21.png,ac958597c82073f6bb65129c68f72b651db5b9efd82e11547d07350214bc268b,6,2533252389,10.0,4608.0,32,2,0.0234375,0.023610432942708332,0.0028551097493618727,25.44377326965332,0.23761478066444397,0.9450333118438721,93,4.07107308896957
CDDM_author_JSCC_snr13_C36_paid_scale,21.png,ac958597c82073f6bb65129c68f72b651db5b9efd82e11547d07350214bc268b,6,2533252389,10.0,4608.0,32,2,0.0234375,0.023610432942708332,0.0029155616648495197,25.352779388427734,0.22434496879577637,0.9451972842216492,0,0.0
CDDM_author_JSCC_snr10_C36_paid_scale,21.png,ac958597c82073f6bb65129c68f72b651db5b9efd82e11547d07350214bc268b,6,2533252389,10.0,4608.0,32,2,0.0234375,0.023610432942708332,0.00304161268286407,25.168960571289062,0.23903341591358185,0.9474581480026245,0,0.0
CDDM_author_C36_paid_scale,21.png,ac958597c82073f6bb65129c68f72b651db5b9efd82e11547d07350214bc268b,7,1746475964,10.0,4608.0,32,2,0.0234375,0.023610432942708332,0.0028576068580150604,25.439977645874023,0.23588547110557556,0.94613116979599,93,4.094731469987892
CDDM_author_JSCC_snr13_C36_paid_scale,21.png,ac958597c82073f6bb65129c68f72b651db5b9efd82e11547d07350214bc268b,7,1746475964,10.0,4608.0,32,2,0.0234375,0.023610432942708332,0.002849813550710678,25.45183563232422,0.22189100086688995,0.9466453790664673,0,0.0
CDDM_author_JSCC_snr10_C36_paid_scale,21.png,ac958597c82073f6bb65129c68f72b651db5b9efd82e11547d07350214bc268b,7,1746475964,10.0,4608.0,32,2,0.0234375,0.023610432942708332,0.0030559408478438854,25.14855194091797,0.24743002653121948,0.9468154907226562,0,0.0
CDDM_author_C36_paid_scale,21.png,ac958597c82073f6bb65129c68f72b651db5b9efd82e11547d07350214bc268b,8,4175953374,10.0,4608.0,32,2,0.0234375,0.023610432942708332,0.0028744384180754423,25.414470672607422,0.2384536862373352,0.9445573687553406,93,4.058822298015002
CDDM_author_JSCC_snr13_C36_paid_scale,21.png,ac958597c82073f6bb65129c68f72b651db5b9efd82e11547d07350214bc268b,8,4175953374,10.0,4608.0,32,2,0.0234375,0.023610432942708332,0.0029101017862558365,25.360918045043945,0.22484789788722992,0.9461180567741394,0,0.0
CDDM_author_JSCC_snr10_C36_paid_scale,21.png,ac958597c82073f6bb65129c68f72b651db5b9efd82e11547d07350214bc268b,8,4175953374,10.0,4608.0,32,2,0.0234375,0.023610432942708332,0.0030374720226973295,25.174877166748047,0.2364211082458496,0.9477291107177734,0,0.0
CDDM_author_C36_paid_scale,21.png,ac958597c82073f6bb65129c68f72b651db5b9efd82e11547d07350214bc268b,9,2925490205,10.0,4608.0,32,2,0.0234375,0.023610432942708332,0.002841489389538765,25.464542388916016,0.24955850839614868,0.9443556070327759,93,3.749039273010567
CDDM_author_JSCC_snr13_C36_paid_scale,21.png,ac958597c82073f6bb65129c68f72b651db5b9efd82e11547d07350214bc268b,9,2925490205,10.0,4608.0,32,2,0.0234375,0.023610432942708332,0.0028733317740261555,25.4161434173584,0.2422938495874405,0.9445173144340515,0,0.0
CDDM_author_JSCC_snr10_C36_paid_scale,21.png,ac958597c82073f6bb65129c68f72b651db5b9efd82e11547d07350214bc268b,9,2925490205,10.0,4608.0,32,2,0.0234375,0.023610432942708332,0.003034652676433325,25.178911209106445,0.24595610797405243,0.9471287131309509,0,0.0
CDDM_author_C36_paid_scale,22.png,1cee58eb1f2d9c7ebb254d208a03c783ce6cf2c4d8c2cf45e235dd23b4ce1b29,0,2527426160,10.0,4608.0,32,2,0.0234375,0.023610432942708332,0.0021052106749266386,26.767044067382812,0.2698538899421692,0.9252736568450928,93,3.279586246004328
CDDM_author_JSCC_snr13_C36_paid_scale,22.png,1cee58eb1f2d9c7ebb254d208a03c783ce6cf2c4d8c2cf45e235dd23b4ce1b29,0,2527426160,10.0,4608.0,32,2,0.0234375,0.023610432942708332,0.0021747511345893145,26.625904083251953,0.2552337944507599,0.9234946966171265,0,0.0
CDDM_author_JSCC_snr10_C36_paid_scale,22.png,1cee58eb1f2d9c7ebb254d208a03c783ce6cf2c4d8c2cf45e235dd23b4ce1b29,0,2527426160,10.0,4608.0,32,2,0.0234375,0.023610432942708332,0.002266827505081892,26.445816040039062,0.27820834517478943,0.9217454791069031,0,0.0
CDDM_author_C36_paid_scale,22.png,1cee58eb1f2d9c7ebb254d208a03c783ce6cf2c4d8c2cf45e235dd23b4ce1b29,1,589565448,10.0,4608.0,32,2,0.0234375,0.023610432942708332,0.0020592797081917524,26.86284828186035,0.2717571258544922,0.9261464476585388,93,4.0427372609847225
CDDM_author_JSCC_snr13_C36_paid_scale,22.png,1cee58eb1f2d9c7ebb254d208a03c783ce6cf2c4d8c2cf45e235dd23b4ce1b29,1,589565448,10.0,4608.0,32,2,0.0234375,0.023610432942708332,0.0021303182002156973,26.71555519104004,0.261052668094635,0.9233102202415466,0,0.0
CDDM_author_JSCC_snr10_C36_paid_scale,22.png,1cee58eb1f2d9c7ebb254d208a03c783ce6cf2c4d8c2cf45e235dd23b4ce1b29,1,589565448,10.0,4608.0,32,2,0.0234375,0.023610432942708332,0.0022103125229477882,26.555461883544922,0.27304792404174805,0.9251657724380493,0,0.0
CDDM_author_C36_paid_scale,22.png,1cee58eb1f2d9c7ebb254d208a03c783ce6cf2c4d8c2cf45e235dd23b4ce1b29,2,519147507,10.0,4608.0,32,2,0.0234375,0.023610432942708332,0.002061177510768175,26.85884666442871,0.2600440979003906,0.9260506629943848,93,4.091889614996035
CDDM_author_JSCC_snr13_C36_paid_scale,22.png,1cee58eb1f2d9c7ebb254d208a03c783ce6cf2c4d8c2cf45e235dd23b4ce1b29,2,519147507,10.0,4608.0,32,2,0.0234375,0.023610432942708332,0.0021465634927153587,26.68256378173828,0.24571824073791504,0.9223961234092712,0,0.0
CDDM_author_JSCC_snr10_C36_paid_scale,22.png,1cee58eb1f2d9c7ebb254d208a03c783ce6cf2c4d8c2cf45e235dd23b4ce1b29,2,519147507,10.0,4608.0,32,2,0.0234375,0.023610432942708332,0.002228125464171171,26.52060317993164,0.27228522300720215,0.9234030246734619,0,0.0
CDDM_author_C36_paid_scale,22.png,1cee58eb1f2d9c7ebb254d208a03c783ce6cf2c4d8c2cf45e235dd23b4ce1b29,3,3541355680,10.0,4608.0,32,2,0.0234375,0.023610432942708332,0.0021291051525622606,26.718029022216797,0.2673698961734772,0.9255050420761108,93,4.0658755879849195
CDDM_author_JSCC_snr13_C36_paid_scale,22.png,1cee58eb1f2d9c7ebb254d208a03c783ce6cf2c4d8c2cf45e235dd23b4ce1b29,3,3541355680,10.0,4608.0,32,2,0.0234375,0.023610432942708332,0.002188299549743533,26.59893226623535,0.2549525201320648,0.9227575659751892,0,0.0
CDDM_author_JSCC_snr10_C36_paid_scale,22.png,1cee58eb1f2d9c7ebb254d208a03c783ce6cf2c4d8c2cf45e235dd23b4ce1b29,3,3541355680,10.0,4608.0,32,2,0.0234375,0.023610432942708332,0.00227172439917922,26.436443328857422,0.27611425518989563,0.9232375025749207,0,0.0
CDDM_author_C36_paid_scale,22.png,1cee58eb1f2d9c7ebb254d208a03c783ce6cf2c4d8c2cf45e235dd23b4ce1b29,4,4293724753,10.0,4608.0,32,2,0.0234375,0.023610432942708332,0.0021365052089095116,26.702960968017578,0.27077317237854004,0.9236895442008972,93,4.074405929946806
CDDM_author_JSCC_snr13_C36_paid_scale,22.png,1cee58eb1f2d9c7ebb254d208a03c783ce6cf2c4d8c2cf45e235dd23b4ce1b29,4,4293724753,10.0,4608.0,32,2,0.0234375,0.023610432942708332,0.0022208341397345066,26.534839630126953,0.25902578234672546,0.9203113317489624,0,0.0
CDDM_author_JSCC_snr10_C36_paid_scale,22.png,1cee58eb1f2d9c7ebb254d208a03c783ce6cf2c4d8c2cf45e235dd23b4ce1b29,4,4293724753,10.0,4608.0,32,2,0.0234375,0.023610432942708332,0.002276400802657008,26.427515029907227,0.2669339179992676,0.9225777387619019,0,0.0
CDDM_author_C36_paid_scale,22.png,1cee58eb1f2d9c7ebb254d208a03c783ce6cf2c4d8c2cf45e235dd23b4ce1b29,5,29699804,10.0,4608.0,32,2,0.0234375,0.023610432942708332,0.0020856475457549095,26.807592391967773,0.26565590500831604,0.9250174760818481,93,4.044638173014391
CDDM_author_JSCC_snr13_C36_paid_scale,22.png,1cee58eb1f2d9c7ebb254d208a03c783ce6cf2c4d8c2cf45e235dd23b4ce1b29,5,29699804,10.0,4608.0,32,2,0.0234375,0.023610432942708332,0.0021593687124550343,26.6567325592041,0.2527814507484436,0.9222514033317566,0,0.0
CDDM_author_JSCC_snr10_C36_paid_scale,22.png,1cee58eb1f2d9c7ebb254d208a03c783ce6cf2c4d8c2cf45e235dd23b4ce1b29,5,29699804,10.0,4608.0,32,2,0.0234375,0.023610432942708332,0.0022158659994602203,26.544567108154297,0.27253982424736023,0.9236392378807068,0,0.0
CDDM_author_C36_paid_scale,22.png,1cee58eb1f2d9c7ebb254d208a03c783ce6cf2c4d8c2cf45e235dd23b4ce1b29,6,544565525,10.0,4608.0,32,2,0.0234375,0.023610432942708332,0.0021212920546531677,26.733993530273438,0.2653520703315735,0.9231981039047241,93,3.823989389988128
CDDM_author_JSCC_snr13_C36_paid_scale,22.png,1cee58eb1f2d9c7ebb254d208a03c783ce6cf2c4d8c2cf45e235dd23b4ce1b29,6,544565525,10.0,4608.0,32,2,0.0234375,0.023610432942708332,0.002212699968367815,26.55077362060547,0.2525215446949005,0.9198929071426392,0,0.0
CDDM_author_JSCC_snr10_C36_paid_scale,22.png,1cee58eb1f2d9c7ebb254d208a03c783ce6cf2c4d8c2cf45e235dd23b4ce1b29,6,544565525,10.0,4608.0,32,2,0.0234375,0.023610432942708332,0.0022658430971205235,26.447704315185547,0.28044044971466064,0.92174232006073,0,0.0
CDDM_author_C36_paid_scale,22.png,1cee58eb1f2d9c7ebb254d208a03c783ce6cf2c4d8c2cf45e235dd23b4ce1b29,7,1700080220,10.0,4608.0,32,2,0.0234375,0.023610432942708332,0.002061620820313692,26.857912063598633,0.26787716150283813,0.9259133338928223,93,3.547460082976613
CDDM_author_JSCC_snr13_C36_paid_scale,22.png,1cee58eb1f2d9c7ebb254d208a03c783ce6cf2c4d8c2cf45e235dd23b4ce1b29,7,1700080220,10.0,4608.0,32,2,0.0234375,0.023610432942708332,0.002149284817278385,26.677059173583984,0.2532564699649811,0.9235997200012207,0,0.0
CDDM_author_JSCC_snr10_C36_paid_scale,22.png,1cee58eb1f2d9c7ebb254d208a03c783ce6cf2c4d8c2cf45e235dd23b4ce1b29,7,1700080220,10.0,4608.0,32,2,0.0234375,0.023610432942708332,0.002216887194663286,26.542566299438477,0.2714318037033081,0.9232305288314819,0,0.0
CDDM_author_C36_paid_scale,22.png,1cee58eb1f2d9c7ebb254d208a03c783ce6cf2c4d8c2cf45e235dd23b4ce1b29,8,2403268126,10.0,4608.0,32,2,0.0234375,0.023610432942708332,0.002110134344547987,26.756898880004883,0.26719409227371216,0.9241905212402344,93,4.071672570018563
CDDM_author_JSCC_snr13_C36_paid_scale,22.png,1cee58eb1f2d9c7ebb254d208a03c783ce6cf2c4d8c2cf45e235dd23b4ce1b29,8,2403268126,10.0,4608.0,32,2,0.0234375,0.023610432942708332,0.002189014805480838,26.597515106201172,0.252946138381958,0.9214836955070496,0,0.0
CDDM_author_JSCC_snr10_C36_paid_scale,22.png,1cee58eb1f2d9c7ebb254d208a03c783ce6cf2c4d8c2cf45e235dd23b4ce1b29,8,2403268126,10.0,4608.0,32,2,0.0234375,0.023610432942708332,0.002213415689766407,26.54936981201172,0.27417585253715515,0.9244376420974731,0,0.0
CDDM_author_C36_paid_scale,22.png,1cee58eb1f2d9c7ebb254d208a03c783ce6cf2c4d8c2cf45e235dd23b4ce1b29,9,313913239,10.0,4608.0,32,2,0.0234375,0.023610432942708332,0.0021226084791123867,26.731300354003906,0.27606984972953796,0.9223918914794922,93,4.063583120005205
CDDM_author_JSCC_snr13_C36_paid_scale,22.png,1cee58eb1f2d9c7ebb254d208a03c783ce6cf2c4d8c2cf45e235dd23b4ce1b29,9,313913239,10.0,4608.0,32,2,0.0234375,0.023610432942708332,0.002200186951085925,26.57540512084961,0.2636483311653137,0.9203431010246277,0,0.0
CDDM_author_JSCC_snr10_C36_paid_scale,22.png,1cee58eb1f2d9c7ebb254d208a03c783ce6cf2c4d8c2cf45e235dd23b4ce1b29,9,313913239,10.0,4608.0,32,2,0.0234375,0.023610432942708332,0.0022283426951617002,26.520179748535156,0.2693937122821808,0.9231753349304199,0,0.0
CDDM_author_C36_paid_scale,23.png,e3111a2fd4da24af15d6459ef9eacfe54106b38e27b4a21821b75c3f5d2d5baf,0,3695447046,10.0,4608.0,32,2,0.0234375,0.023610432942708332,0.000998286996036768,30.0074462890625,0.10466237366199493,0.9693135023117065,93,4.057577794010285
CDDM_author_JSCC_snr13_C36_paid_scale,23.png,e3111a2fd4da24af15d6459ef9eacfe54106b38e27b4a21821b75c3f5d2d5baf,0,3695447046,10.0,4608.0,32,2,0.0234375,0.023610432942708332,0.0010020220652222633,29.991228103637695,0.10906359553337097,0.966897189617157,0,0.0
CDDM_author_JSCC_snr10_C36_paid_scale,23.png,e3111a2fd4da24af15d6459ef9eacfe54106b38e27b4a21821b75c3f5d2d5baf,0,3695447046,10.0,4608.0,32,2,0.0234375,0.023610432942708332,0.0010333220707252622,29.857643127441406,0.10807529091835022,0.9691734313964844,0,0.0
CDDM_author_C36_paid_scale,23.png,e3111a2fd4da24af15d6459ef9eacfe54106b38e27b4a21821b75c3f5d2d5baf,1,838584622,10.0,4608.0,32,2,0.0234375,0.023610432942708332,0.0009661244112066925,30.149669647216797,0.10495053231716156,0.9688171744346619,93,4.032139627961442
CDDM_author_JSCC_snr13_C36_paid_scale,23.png,e3111a2fd4da24af15d6459ef9eacfe54106b38e27b4a21821b75c3f5d2d5baf,1,838584622,10.0,4608.0,32,2,0.0234375,0.023610432942708332,0.0010233138455078006,29.899911880493164,0.10857866704463959,0.9660091400146484,0,0.0
CDDM_author_JSCC_snr10_C36_paid_scale,23.png,e3111a2fd4da24af15d6459ef9eacfe54106b38e27b4a21821b75c3f5d2d5baf,1,838584622,10.0,4608.0,32,2,0.0234375,0.023610432942708332,0.0010126149281859398,29.945556640625,0.11058781296014786,0.9684581756591797,0,0.0
CDDM_author_C36_paid_scale,23.png,e3111a2fd4da24af15d6459ef9eacfe54106b38e27b4a21821b75c3f5d2d5baf,2,1898819104,10.0,4608.0,32,2,0.0234375,0.023610432942708332,0.0009893865790218115,30.046340942382812,0.10690708458423615,0.9691033363342285,93,4.063893788959831
CDDM_author_JSCC_snr13_C36_paid_scale,23.png,e3111a2fd4da24af15d6459ef9eacfe54106b38e27b4a21821b75c3f5d2d5baf,2,1898819104,10.0,4608.0,32,2,0.0234375,0.023610432942708332,0.001073704450391233,29.691152572631836,0.11121506989002228,0.965948224067688,0,0.0
CDDM_author_JSCC_snr10_C36_paid_scale,23.png,e3111a2fd4da24af15d6459ef9eacfe54106b38e27b4a21821b75c3f5d2d5baf,2,1898819104,10.0,4608.0,32,2,0.0234375,0.023610432942708332,0.0010193836642429233,29.916622161865234,0.11599074304103851,0.9685913920402527,0,0.0
CDDM_author_C36_paid_scale,23.png,e3111a2fd4da24af15d6459ef9eacfe54106b38e27b4a21821b75c3f5d2d5baf,3,1565778165,10.0,4608.0,32,2,0.0234375,0.023610432942708332,0.0009945578640326858,30.023700714111328,0.10440342128276825,0.9685033559799194,93,3.5359757419792004
CDDM_author_JSCC_snr13_C36_paid_scale,23.png,e3111a2fd4da24af15d6459ef9eacfe54106b38e27b4a21821b75c3f5d2d5baf,3,1565778165,10.0,4608.0,32,2,0.0234375,0.023610432942708332,0.0010512121953070164,29.783096313476562,0.10912992060184479,0.9655163288116455,0,0.0
CDDM_author_JSCC_snr10_C36_paid_scale,23.png,e3111a2fd4da24af15d6459ef9eacfe54106b38e27b4a21821b75c3f5d2d5baf,3,1565778165,10.0,4608.0,32,2,0.0234375,0.023610432942708332,0.0009936504065990448,30.027664184570312,0.10560913383960724,0.9697399139404297,0,0.0
CDDM_author_C36_paid_scale,23.png,e3111a2fd4da24af15d6459ef9eacfe54106b38e27b4a21821b75c3f5d2d5baf,4,2267904884,10.0,4608.0,32,2,0.0234375,0.023610432942708332,0.0009889303473755717,30.048343658447266,0.1051597073674202,0.9684085845947266,93,1.5011456240317784
CDDM_author_JSCC_snr13_C36_paid_scale,23.png,e3111a2fd4da24af15d6459ef9eacfe54106b38e27b4a21821b75c3f5d2d5baf,4,2267904884,10.0,4608.0,32,2,0.0234375,0.023610432942708332,0.0010420687031000853,29.82103729248047,0.10957124829292297,0.9661350250244141,0,0.0
CDDM_author_JSCC_snr10_C36_paid_scale,23.png,e3111a2fd4da24af15d6459ef9eacfe54106b38e27b4a21821b75c3f5d2d5baf,4,2267904884,10.0,4608.0,32,2,0.0234375,0.023610432942708332,0.0010463388171046972,29.80327796936035,0.1146770641207695,0.9695073366165161,0,0.0
CDDM_author_C36_paid_scale,23.png,e3111a2fd4da24af15d6459ef9eacfe54106b38e27b4a21821b75c3f5d2d5baf,5,1066220329,10.0,4608.0,32,2,0.0234375,0.023610432942708332,0.0009987041121348739,30.005630493164062,0.10613521188497543,0.9692267179489136,93,1.5731952069909312
CDDM_author_JSCC_snr13_C36_paid_scale,23.png,e3111a2fd4da24af15d6459ef9eacfe54106b38e27b4a21821b75c3f5d2d5baf,5,1066220329,10.0,4608.0,32,2,0.0234375,0.023610432942708332,0.0010783979669213295,29.672210693359375,0.10608696937561035,0.9671630263328552,0,0.0
CDDM_author_JSCC_snr10_C36_paid_scale,23.png,e3111a2fd4da24af15d6459ef9eacfe54106b38e27b4a21821b75c3f5d2d5baf,5,1066220329,10.0,4608.0,32,2,0.0234375,0.023610432942708332,0.0010669096373021603,29.71872329711914,0.1129327341914177,0.9689592719078064,0,0.0
CDDM_author_C36_paid_scale,23.png,e3111a2fd4da24af15d6459ef9eacfe54106b38e27b4a21821b75c3f5d2d5baf,6,2208174250,10.0,4608.0,32,2,0.0234375,0.023610432942708332,0.0010645805159583688,29.728214263916016,0.10645202547311783,0.9662922620773315,93,2.846819378028158
CDDM_author_JSCC_snr13_C36_paid_scale,23.png,e3111a2fd4da24af15d6459ef9eacfe54106b38e27b4a21821b75c3f5d2d5baf,6,2208174250,10.0,4608.0,32,2,0.0234375,0.023610432942708332,0.0010636731749400496,29.731918334960938,0.10275536775588989,0.9639045596122742,0,0.0
CDDM_author_JSCC_snr10_C36_paid_scale,23.png,e3111a2fd4da24af15d6459ef9eacfe54106b38e27b4a21821b75c3f5d2d5baf,6,2208174250,10.0,4608.0,32,2,0.0234375,0.023610432942708332,0.0010219387477263808,29.905750274658203,0.10419637709856033,0.967705488204956,0,0.0
CDDM_author_C36_paid_scale,23.png,e3111a2fd4da24af15d6459ef9eacfe54106b38e27b4a21821b75c3f5d2d5baf,7,3006303666,10.0,4608.0,32,2,0.0234375,0.023610432942708332,0.001054406282491982,29.769920349121094,0.10366285592317581,0.9678294658660889,93,3.120978049002588
CDDM_author_JSCC_snr13_C36_paid_scale,23.png,e3111a2fd4da24af15d6459ef9eacfe54106b38e27b4a21821b75c3f5d2d5baf,7,3006303666,10.0,4608.0,32,2,0.0234375,0.023610432942708332,0.0010683063883334398,29.713041305541992,0.1031353548169136,0.9660226106643677,0,0.0
CDDM_author_JSCC_snr10_C36_paid_scale,23.png,e3111a2fd4da24af15d6459ef9eacfe54106b38e27b4a21821b75c3f5d2d5baf,7,3006303666,10.0,4608.0,32,2,0.0234375,0.023610432942708332,0.0010174383642151952,29.92491912841797,0.11156793683767319,0.9694187045097351,0,0.0
CDDM_author_C36_paid_scale,23.png,e3111a2fd4da24af15d6459ef9eacfe54106b38e27b4a21821b75c3f5d2d5baf,8,1893470733,10.0,4608.0,32,2,0.0234375,0.023610432942708332,0.0010211821645498276,29.90896987915039,0.10638024657964706,0.9670732021331787,93,3.155221689026803
CDDM_author_JSCC_snr13_C36_paid_scale,23.png,e3111a2fd4da24af15d6459ef9eacfe54106b38e27b4a21821b75c3f5d2d5baf,8,1893470733,10.0,4608.0,32,2,0.0234375,0.023610432942708332,0.001063347328454256,29.73324966430664,0.10610758513212204,0.9648301601409912,0,0.0
CDDM_author_JSCC_snr10_C36_paid_scale,23.png,e3111a2fd4da24af15d6459ef9eacfe54106b38e27b4a21821b75c3f5d2d5baf,8,1893470733,10.0,4608.0,32,2,0.0234375,0.023610432942708332,0.0010886670788750052,29.63105010986328,0.11085189133882523,0.9682372808456421,0,0.0
CDDM_author_C36_paid_scale,23.png,e3111a2fd4da24af15d6459ef9eacfe54106b38e27b4a21821b75c3f5d2d5baf,9,2617115521,10.0,4608.0,32,2,0.0234375,0.023610432942708332,0.0010508254636079073,29.78469467163086,0.10523112863302231,0.9683464765548706,93,3.159691690991167
CDDM_author_JSCC_snr13_C36_paid_scale,23.png,e3111a2fd4da24af15d6459ef9eacfe54106b38e27b4a21821b75c3f5d2d5baf,9,2617115521,10.0,4608.0,32,2,0.0234375,0.023610432942708332,0.0010845251381397247,29.647602081298828,0.1064382791519165,0.9651190638542175,0,0.0
CDDM_author_JSCC_snr10_C36_paid_scale,23.png,e3111a2fd4da24af15d6459ef9eacfe54106b38e27b4a21821b75c3f5d2d5baf,9,2617115521,10.0,4608.0,32,2,0.0234375,0.023610432942708332,0.0010638879612088203,29.731042861938477,0.11077020317316055,0.9694974422454834,0,0.0
CDDM_author_C36_paid_scale,24.png,1071c68372cc5a01435c2c225a5cf7d4bb803846ec08bb6b3d6721b156d7cb96,0,310879492,10.0,4608.0,32,2,0.0234375,0.023610432942708332,0.0013528643175959587,28.687458038330078,0.19090279936790466,0.9557272791862488,93,3.1047444510040805
CDDM_author_JSCC_snr13_C36_paid_scale,24.png,1071c68372cc5a01435c2c225a5cf7d4bb803846ec08bb6b3d6721b156d7cb96,0,310879492,10.0,4608.0,32,2,0.0234375,0.023610432942708332,0.0014389966381713748,28.419403076171875,0.19041696190834045,0.9524136781692505,0,0.0
CDDM_author_JSCC_snr10_C36_paid_scale,24.png,1071c68372cc5a01435c2c225a5cf7d4bb803846ec08bb6b3d6721b156d7cb96,0,310879492,10.0,4608.0,32,2,0.0234375,0.023610432942708332,0.0014464601408690214,28.39693832397461,0.21101266145706177,0.9546817541122437,0,0.0
CDDM_author_C36_paid_scale,24.png,1071c68372cc5a01435c2c225a5cf7d4bb803846ec08bb6b3d6721b156d7cb96,1,4027068605,10.0,4608.0,32,2,0.0234375,0.023610432942708332,0.001308032195083797,28.833818435668945,0.1818336397409439,0.9577214121818542,93,3.1846252600080334
CDDM_author_JSCC_snr13_C36_paid_scale,24.png,1071c68372cc5a01435c2c225a5cf7d4bb803846ec08bb6b3d6721b156d7cb96,1,4027068605,10.0,4608.0,32,2,0.0234375,0.023610432942708332,0.0014230509987100959,28.467796325683594,0.18199893832206726,0.954849123954773,0,0.0
CDDM_author_JSCC_snr10_C36_paid_scale,24.png,1071c68372cc5a01435c2c225a5cf7d4bb803846ec08bb6b3d6721b156d7cb96,1,4027068605,10.0,4608.0,32,2,0.0234375,0.023610432942708332,0.0014808762352913618,28.29481315612793,0.20809045433998108,0.9560312032699585,0,0.0
CDDM_author_C36_paid_scale,24.png,1071c68372cc5a01435c2c225a5cf7d4bb803846ec08bb6b3d6721b156d7cb96,2,213213187,10.0,4608.0,32,2,0.0234375,0.023610432942708332,0.0013520646607503295,28.690025329589844,0.19195351004600525,0.9554135799407959,93,3.138100960000884
CDDM_author_JSCC_snr13_C36_paid_scale,24.png,1071c68372cc5a01435c2c225a5cf7d4bb803846ec08bb6b3d6721b156d7cb96,2,213213187,10.0,4608.0,32,2,0.0234375,0.023610432942708332,0.0014314892468973994,28.44211769104004,0.19302627444267273,0.9524682760238647,0,0.0
CDDM_author_JSCC_snr10_C36_paid_scale,24.png,1071c68372cc5a01435c2c225a5cf7d4bb803846ec08bb6b3d6721b156d7cb96,2,213213187,10.0,4608.0,32,2,0.0234375,0.023610432942708332,0.0014509204775094986,28.383563995361328,0.2124345302581787,0.9545302391052246,0,0.0
CDDM_author_C36_paid_scale,24.png,1071c68372cc5a01435c2c225a5cf7d4bb803846ec08bb6b3d6721b156d7cb96,3,2164664923,10.0,4608.0,32,2,0.0234375,0.023610432942708332,0.001361499889753759,28.65982437133789,0.18960392475128174,0.9557130336761475,93,3.164821751997806
CDDM_author_JSCC_snr13_C36_paid_scale,24.png,1071c68372cc5a01435c2c225a5cf7d4bb803846ec08bb6b3d6721b156d7cb96,3,2164664923,10.0,4608.0,32,2,0.0234375,0.023610432942708332,0.001443781889975071,28.404983520507812,0.1905817836523056,0.9530273675918579,0,0.0
CDDM_author_JSCC_snr10_C36_paid_scale,24.png,1071c68372cc5a01435c2c225a5cf7d4bb803846ec08bb6b3d6721b156d7cb96,3,2164664923,10.0,4608.0,32,2,0.0234375,0.023610432942708332,0.0014456836506724358,28.399269104003906,0.20506790280342102,0.9548285007476807,0,0.0
CDDM_author_C36_paid_scale,24.png,1071c68372cc5a01435c2c225a5cf7d4bb803846ec08bb6b3d6721b156d7cb96,4,546911183,10.0,4608.0,32,2,0.0234375,0.023610432942708332,0.0013619264354929328,28.658464431762695,0.19228485226631165,0.9567791819572449,93,3.1500933680217713
CDDM_author_JSCC_snr13_C36_paid_scale,24.png,1071c68372cc5a01435c2c225a5cf7d4bb803846ec08bb6b3d6721b156d7cb96,4,546911183,10.0,4608.0,32,2,0.0234375,0.023610432942708332,0.001449938165023923,28.386507034301758,0.19140970706939697,0.9539453387260437,0,0.0
CDDM_author_JSCC_snr10_C36_paid_scale,24.png,1071c68372cc5a01435c2c225a5cf7d4bb803846ec08bb6b3d6721b156d7cb96,4,546911183,10.0,4608.0,32,2,0.0234375,0.023610432942708332,0.0014432647731155157,28.40654182434082,0.21077074110507965,0.9549479484558105,0,0.0
CDDM_author_C36_paid_scale,24.png,1071c68372cc5a01435c2c225a5cf7d4bb803846ec08bb6b3d6721b156d7cb96,5,1947763355,10.0,4608.0,32,2,0.0234375,0.023610432942708332,0.0013266624882817268,28.77239418029785,0.18254542350769043,0.9567505121231079,93,3.101141254999675
CDDM_author_JSCC_snr13_C36_paid_scale,24.png,1071c68372cc5a01435c2c225a5cf7d4bb803846ec08bb6b3d6721b156d7cb96,5,1947763355,10.0,4608.0,32,2,0.0234375,0.023610432942708332,0.0014118626713752747,28.5020751953125,0.18125641345977783,0.9535218477249146,0,0.0
CDDM_author_JSCC_snr10_C36_paid_scale,24.png,1071c68372cc5a01435c2c225a5cf7d4bb803846ec08bb6b3d6721b156d7cb96,5,1947763355,10.0,4608.0,32,2,0.0234375,0.023610432942708332,0.0014226840576156974,28.468915939331055,0.21215516328811646,0.9560007452964783,0,0.0
CDDM_author_C36_paid_scale,24.png,1071c68372cc5a01435c2c225a5cf7d4bb803846ec08bb6b3d6721b156d7cb96,6,478355954,10.0,4608.0,32,2,0.0234375,0.023610432942708332,0.0013538848143070936,28.684185028076172,0.1880500167608261,0.9567651748657227,93,3.1380421849898994
CDDM_author_JSCC_snr13_C36_paid_scale,24.png,1071c68372cc5a01435c2c225a5cf7d4bb803846ec08bb6b3d6721b156d7cb96,6,478355954,10.0,4608.0,32,2,0.0234375,0.023610432942708332,0.0014434438198804855,28.4060001373291,0.18883568048477173,0.9539580345153809,0,0.0
CDDM_author_JSCC_snr10_C36_paid_scale,24.png,1071c68372cc5a01435c2c225a5cf7d4bb803846ec08bb6b3d6721b156d7cb96,6,478355954,10.0,4608.0,32,2,0.0234375,0.023610432942708332,0.0014210576191544533,28.47388458251953,0.2101781964302063,0.955819308757782,0,0.0
CDDM_author_C36_paid_scale,24.png,1071c68372cc5a01435c2c225a5cf7d4bb803846ec08bb6b3d6721b156d7cb96,7,3875689822,10.0,4608.0,32,2,0.0234375,0.023610432942708332,0.0013496208703145385,28.69788360595703,0.1945284754037857,0.956183910369873,93,3.161994484020397
CDDM_author_JSCC_snr13_C36_paid_scale,24.png,1071c68372cc5a01435c2c225a5cf7d4bb803846ec08bb6b3d6721b156d7cb96,7,3875689822,10.0,4608.0,32,2,0.0234375,0.023610432942708332,0.0014361923094838858,28.427875518798828,0.1936240792274475,0.9537560343742371,0,0.0
CDDM_author_JSCC_snr10_C36_paid_scale,24.png,1071c68372cc5a01435c2c225a5cf7d4bb803846ec08bb6b3d6721b156d7cb96,7,3875689822,10.0,4608.0,32,2,0.0234375,0.023610432942708332,0.001485728076659143,28.28060531616211,0.21372590959072113,0.9551977515220642,0,0.0
CDDM_author_C36_paid_scale,24.png,1071c68372cc5a01435c2c225a5cf7d4bb803846ec08bb6b3d6721b156d7cb96,8,4120613256,10.0,4608.0,32,2,0.0234375,0.023610432942708332,0.0013503676746040583,28.695480346679688,0.19587533175945282,0.9562091827392578,93,2.815799831994809
CDDM_author_JSCC_snr13_C36_paid_scale,24.png,1071c68372cc5a01435c2c225a5cf7d4bb803846ec08bb6b3d6721b156d7cb96,8,4120613256,10.0,4608.0,32,2,0.0234375,0.023610432942708332,0.0014313433784991503,28.442562103271484,0.19814035296440125,0.9530673027038574,0,0.0
CDDM_author_JSCC_snr10_C36_paid_scale,24.png,1071c68372cc5a01435c2c225a5cf7d4bb803846ec08bb6b3d6721b156d7cb96,8,4120613256,10.0,4608.0,32,2,0.0234375,0.023610432942708332,0.0014455362688750029,28.39971351623535,0.21295860409736633,0.9563503265380859,0,0.0
CDDM_author_C36_paid_scale,24.png,1071c68372cc5a01435c2c225a5cf7d4bb803846ec08bb6b3d6721b156d7cb96,9,3180078697,10.0,4608.0,32,2,0.0234375,0.023610432942708332,0.0013504780363291502,28.695125579833984,0.1891525536775589,0.9557651877403259,93,1.4953478740062565
CDDM_author_JSCC_snr13_C36_paid_scale,24.png,1071c68372cc5a01435c2c225a5cf7d4bb803846ec08bb6b3d6721b156d7cb96,9,3180078697,10.0,4608.0,32,2,0.0234375,0.023610432942708332,0.001441986532881856,28.410388946533203,0.19342303276062012,0.9520150423049927,0,0.0
CDDM_author_JSCC_snr10_C36_paid_scale,24.png,1071c68372cc5a01435c2c225a5cf7d4bb803846ec08bb6b3d6721b156d7cb96,9,3180078697,10.0,4608.0,32,2,0.0234375,0.023610432942708332,0.0014384104870259762,28.421173095703125,0.2124597579240799,0.956051230430603,0,0.0
