dataset,image,snr_db,speed_kmh,channel_seed,h1_real,h1_imag,h2_real,h2_imag,method,nack,scale_bits,payload_uses,total_uses,mse,psnr,ms_ssim,lpips,outage
kodak,01.png,0.0,30.0,2897754727,-0.1569633185863495,-1.2293363809585571,-0.05345393717288971,-0.8086279630661011,SwinJSCC_author_one_shot,0,16,4096,4130,0.010768535546958447,19.678433540018563,0.7265771627426147,0.4262978434562683,1
kodak,01.png,0.0,30.0,2897754727,-0.1569633185863495,-1.2293363809585571,-0.05345393717288971,-0.8086279630661011,SwinJSCC_author_Chase_wrapper,1,16,8192,8228,0.007224038243293762,21.4121996357945,0.8181838393211365,0.33142992854118347,1
kodak,01.png,0.0,30.0,2897754727,-0.1569633185863495,-1.2293363809585571,-0.05345393717288971,-0.8086279630661011,same_codec_direct,0,4096,4096,12290,0.011080540716648102,19.554390460582447,0.7127127647399902,0.6527458429336548,1
kodak,01.png,0.0,30.0,2897754727,-0.1569633185863495,-1.2293363809585571,-0.05345393717288971,-0.8086279630661011,same_codec_full_HARQ,1,4096,8192,16388,0.010733815841376781,19.692458601166145,0.733036994934082,0.6369400024414062,1
kodak,01.png,0.0,30.0,2897754727,-0.1569633185863495,-1.2293363809585571,-0.05345393717288971,-0.8086279630661011,adaptive_HARQ,1,4096,8192,16388,0.010733815841376781,19.692458601166145,0.733036994934082,0.6369400024414062,1
kodak,01.png,0.0,30.0,2897754727,-0.1569633185863495,-1.2293363809585571,-0.05345393717288971,-0.8086279630661011,FlowHARQ,1,4096,8192,16388,0.010733815841376781,19.692458601166145,0.733036994934082,0.6369400024414062,1
kodak,01.png,0.0,60.0,3405162411,0.588382363319397,-0.39539530873298645,0.3688405752182007,-0.3106936514377594,SwinJSCC_author_one_shot,0,16,4096,4130,0.04018031805753708,13.95986629805625,0.4187051057815552,0.7271653413772583,1
kodak,01.png,0.0,60.0,3405162411,0.588382363319397,-0.39539530873298645,0.3688405752182007,-0.3106936514377594,SwinJSCC_author_Chase_wrapper,1,16,8192,8228,0.026783566921949387,15.721315859735805,0.5290704965591431,0.7076308727264404,1
kodak,01.png,0.0,60.0,3405162411,0.588382363319397,-0.39539530873298645,0.3688405752182007,-0.3106936514377594,same_codec_direct,0,4096,4096,12290,0.013282614760100842,18.767164231529712,0.6129072308540344,0.7102950811386108,1
kodak,01.png,0.0,60.0,3405162411,0.588382363319397,-0.39539530873298645,0.3688405752182007,-0.3106936514377594,same_codec_full_HARQ,1,4096,8192,16388,0.01239098235964775,19.068942613025463,0.6541657447814941,0.6745115518569946,1
kodak,01.png,0.0,60.0,3405162411,0.588382363319397,-0.39539530873298645,0.3688405752182007,-0.3106936514377594,adaptive_HARQ,1,4096,8192,16388,0.01239098235964775,19.068942613025463,0.6541657447814941,0.6745115518569946,1
kodak,01.png,0.0,60.0,3405162411,0.588382363319397,-0.39539530873298645,0.3688405752182007,-0.3106936514377594,FlowHARQ,1,4096,8192,16388,0.01239098235964775,19.068942613025463,0.6541657447814941,0.6745115518569946,1
kodak,01.png,0.0,90.0,2879557265,0.7561222910881042,0.7741386294364929,0.17896892130374908,-0.9361410737037659,SwinJSCC_author_one_shot,0,16,4096,4130,0.013697352260351181,18.633633751685046,0.6662434339523315,0.48977115750312805,1
kodak,01.png,0.0,90.0,2879557265,0.7561222910881042,0.7741386294364929,0.17896892130374908,-0.9361410737037659,SwinJSCC_author_Chase_wrapper,1,16,8192,8228,0.0066167209297418594,21.793571819997485,0.8289720416069031,0.3257259726524353,1
kodak,01.png,0.0,90.0,2879557265,0.7561222910881042,0.7741386294364929,0.17896892130374908,-0.9361410737037659,same_codec_direct,0,4096,4096,12290,0.011482905596494675,19.3994820559142,0.6945874094963074,0.656000018119812,1
kodak,01.png,0.0,90.0,2879557265,0.7561222910881042,0.7741386294364929,0.17896892130374908,-0.9361410737037659,same_codec_full_HARQ,1,4096,8192,16388,0.010796490125358105,19.667174081182214,0.7285299301147461,0.6247188448905945,1
kodak,01.png,0.0,90.0,2879557265,0.7561222910881042,0.7741386294364929,0.17896892130374908,-0.9361410737037659,adaptive_HARQ,1,4096,8192,16388,0.010796490125358105,19.667174081182214,0.7285299301147461,0.6247188448905945,1
kodak,01.png,0.0,90.0,2879557265,0.7561222910881042,0.7741386294364929,0.17896892130374908,-0.9361410737037659,FlowHARQ,1,4096,8192,16388,0.010796490125358105,19.667174081182214,0.7285299301147461,0.6247188448905945,1
kodak,01.png,0.0,120.0,1556303690,-0.5650075078010559,0.36870288848876953,-0.0776754766702652,-1.372464656829834,SwinJSCC_author_one_shot,0,16,4096,4130,0.04768021032214165,13.216618375475162,0.3711923062801361,0.7087004780769348,1
kodak,01.png,0.0,120.0,1556303690,-0.5650075078010559,0.36870288848876953,-0.0776754766702652,-1.372464656829834,SwinJSCC_author_Chase_wrapper,1,16,8192,8228,0.006338045001029968,21.980446815815636,0.8318249583244324,0.3032887279987335,1
kodak,01.png,0.0,120.0,1556303690,-0.5650075078010559,0.36870288848876953,-0.0776754766702652,-1.372464656829834,same_codec_direct,0,4096,4096,12290,0.013955670408904552,18.55249295836444,0.5849131345748901,0.7474517226219177,1
kodak,01.png,0.0,120.0,1556303690,-0.5650075078010559,0.36870288848876953,-0.0776754766702652,-1.372464656829834,same_codec_full_HARQ,1,4096,8192,16388,0.010612926445901394,19.741648456873676,0.738780677318573,0.611880362033844,1
kodak,01.png,0.0,120.0,1556303690,-0.5650075078010559,0.36870288848876953,-0.0776754766702652,-1.372464656829834,adaptive_HARQ,1,4096,8192,16388,0.010612926445901394,19.741648456873676,0.738780677318573,0.611880362033844,1
kodak,01.png,0.0,120.0,1556303690,-0.5650075078010559,0.36870288848876953,-0.0776754766702652,-1.372464656829834,FlowHARQ,1,4096,8192,16388,0.010612926445901394,19.741648456873676,0.738780677318573,0.611880362033844,1
kodak,01.png,3.0,30.0,2945101104,-0.8341575264930725,-0.28453484177589417,-0.6321661472320557,-0.36197593808174133,SwinJSCC_author_one_shot,0,16,4096,4130,0.01431689690798521,18.441511022639183,0.6299529075622559,0.4744129478931427,1
kodak,01.png,3.0,30.0,2945101104,-0.8341575264930725,-0.28453484177589417,-0.6321661472320557,-0.36197593808174133,SwinJSCC_author_Chase_wrapper,1,16,8192,8228,0.006172079127281904,22.095685148315695,0.8351141810417175,0.2984640300273895,1
kodak,01.png,3.0,30.0,2945101104,-0.8341575264930725,-0.28453484177589417,-0.6321661472320557,-0.36197593808174133,same_codec_direct,0,4096,4096,12290,0.010667800903320312,19.719250982873945,0.7142547369003296,0.6316314935684204,1
kodak,01.png,3.0,30.0,2945101104,-0.8341575264930725,-0.28453484177589417,-0.6321661472320557,-0.36197593808174133,same_codec_full_HARQ,1,4096,8192,16388,0.010026990436017513,19.988293992988307,0.746767520904541,0.6054749488830566,1
kodak,01.png,3.0,30.0,2945101104,-0.8341575264930725,-0.28453484177589417,-0.6321661472320557,-0.36197593808174133,adaptive_HARQ,1,4096,8192,16388,0.010026990436017513,19.988293992988307,0.746767520904541,0.6054749488830566,1
kodak,01.png,3.0,30.0,2945101104,-0.8341575264930725,-0.28453484177589417,-0.6321661472320557,-0.36197593808174133,FlowHARQ,1,4096,8192,16388,0.010026990436017513,19.988293992988307,0.746767520904541,0.6054749488830566,1
kodak,01.png,3.0,60.0,2653068537,0.35713446140289307,-0.5947379469871521,-0.7867419719696045,0.04327566176652908,SwinJSCC_author_one_shot,0,16,4096,4130,0.02014918439090252,16.957425287635353,0.572022557258606,0.5894575119018555,1
kodak,01.png,3.0,60.0,2653068537,0.35713446140289307,-0.5947379469871521,-0.7867419719696045,0.04327566176652908,SwinJSCC_author_Chase_wrapper,1,16,8192,8228,0.006099156104028225,22.14730251008512,0.8245641589164734,0.30849382281303406,1
kodak,01.png,3.0,60.0,2653068537,0.35713446140289307,-0.5947379469871521,-0.7867419719696045,0.04327566176652908,same_codec_direct,0,4096,4096,12290,0.01151467114686966,19.387484607513578,0.6784265041351318,0.6517773270606995,1
kodak,01.png,3.0,60.0,2653068537,0.35713446140289307,-0.5947379469871521,-0.7867419719696045,0.04327566176652908,same_codec_full_HARQ,1,4096,8192,16388,0.01035745907574892,19.84746774004714,0.7337216138839722,0.617290735244751,1
kodak,01.png,3.0,60.0,2653068537,0.35713446140289307,-0.5947379469871521,-0.7867419719696045,0.04327566176652908,adaptive_HARQ,1,4096,8192,16388,0.01035745907574892,19.84746774004714,0.7337216138839722,0.617290735244751,1
kodak,01.png,3.0,60.0,2653068537,0.35713446140289307,-0.5947379469871521,-0.7867419719696045,0.04327566176652908,FlowHARQ,1,4096,8192,16388,0.01035745907574892,19.84746774004714,0.7337216138839722,0.617290735244751,1
kodak,01.png,3.0,90.0,3658849881,0.21605804562568665,0.1162109524011612,-0.24332869052886963,0.17392972111701965,SwinJSCC_author_one_shot,0,16,4096,4130,0.1539933681488037,8.12497982010271,0.12641730904579163,0.7283827662467957,1
kodak,01.png,3.0,90.0,3658849881,0.21605804562568665,0.1162109524011612,-0.24332869052886963,0.17392972111701965,SwinJSCC_author_Chase_wrapper,1,16,8192,8228,0.07698892802000046,11.135717273672904,0.2551651895046234,0.70659339427948,1
kodak,01.png,3.0,90.0,3658849881,0.21605804562568665,0.1162109524011612,-0.24332869052886963,0.17392972111701965,same_codec_direct,0,4096,4096,12290,0.017812054604291916,17.492859821739653,0.416748583316803,0.8250854015350342,1
kodak,01.png,3.0,90.0,3658849881,0.21605804562568665,0.1162109524011612,-0.24332869052886963,0.17392972111701965,same_codec_full_HARQ,1,4096,8192,16388,0.014825507067143917,18.28990443818907,0.5495082139968872,0.7677087783813477,1
kodak,01.png,3.0,90.0,3658849881,0.21605804562568665,0.1162109524011612,-0.24332869052886963,0.17392972111701965,adaptive_HARQ,1,4096,8192,16388,0.014825507067143917,18.28990443818907,0.5495082139968872,0.7677087783813477,1
kodak,01.png,3.0,90.0,3658849881,0.21605804562568665,0.1162109524011612,-0.24332869052886963,0.17392972111701965,FlowHARQ,1,4096,8192,16388,0.014825507067143917,18.28990443818907,0.5495082139968872,0.7677087783813477,1
kodak,01.png,3.0,120.0,4017610526,0.059487234801054,0.529675304889679,-0.4578547775745392,0.14989985525608063,SwinJSCC_author_one_shot,0,16,4096,4130,0.03611326217651367,14.423332791924377,0.3453167676925659,0.7015823721885681,1
kodak,01.png,3.0,120.0,4017610526,0.059487234801054,0.529675304889679,-0.4578547775745392,0.14989985525608063,SwinJSCC_author_Chase_wrapper,1,16,8192,8228,0.02001987025141716,16.98538741505859,0.578606367111206,0.5927975177764893,1
kodak,01.png,3.0,120.0,4017610526,0.059487234801054,0.529675304889679,-0.4578547775745392,0.14989985525608063,same_codec_direct,0,4096,4096,12290,0.013509484939277172,18.693612085126745,0.6052716970443726,0.7227994203567505,1
kodak,01.png,3.0,120.0,4017610526,0.059487234801054,0.529675304889679,-0.4578547775745392,0.14989985525608063,same_codec_full_HARQ,1,4096,8192,16388,0.011706635355949402,19.315679090536428,0.6793186068534851,0.672019362449646,1
kodak,01.png,3.0,120.0,4017610526,0.059487234801054,0.529675304889679,-0.4578547775745392,0.14989985525608063,adaptive_HARQ,1,4096,8192,16388,0.011706635355949402,19.315679090536428,0.6793186068534851,0.672019362449646,1
kodak,01.png,3.0,120.0,4017610526,0.059487234801054,0.529675304889679,-0.4578547775745392,0.14989985525608063,FlowHARQ,1,4096,8192,16388,0.011706635355949402,19.315679090536428,0.6793186068534851,0.672019362449646,1
kodak,01.png,6.0,30.0,2897411439,0.10902950912714005,1.8697912693023682,0.21637366712093353,1.6484785079956055,SwinJSCC_author_one_shot,0,16,4096,4130,0.0029492832254618406,25.302835192932676,0.9392120242118835,0.2225063443183899,0
kodak,01.png,6.0,30.0,2897411439,0.10902950912714005,1.8697912693023682,0.21637366712093353,1.6484785079956055,SwinJSCC_author_Chase_wrapper,1,16,8192,8228,0.0027599018067121506,25.591063692252476,0.9449719786643982,0.21517103910446167,0
kodak,01.png,6.0,30.0,2897411439,0.10902950912714005,1.8697912693023682,0.21637366712093353,1.6484785079956055,same_codec_direct,0,4096,4096,12290,0.009644076228141785,20.15739365556041,0.7861172556877136,0.568372368812561,1
kodak,01.png,6.0,30.0,2897411439,0.10902950912714005,1.8697912693023682,0.21637366712093353,1.6484785079956055,same_codec_full_HARQ,1,4096,8192,16388,0.00953320600092411,20.207610223037666,0.7926145792007446,0.5688045024871826,1
kodak,01.png,6.0,30.0,2897411439,0.10902950912714005,1.8697912693023682,0.21637366712093353,1.6484785079956055,adaptive_HARQ,1,4096,8192,16388,0.00953320600092411,20.207610223037666,0.7926145792007446,0.5688045024871826,1
kodak,01.png,6.0,30.0,2897411439,0.10902950912714005,1.8697912693023682,0.21637366712093353,1.6484785079956055,FlowHARQ,1,4096,8192,16388,0.00953320600092411,20.207610223037666,0.7926145792007446,0.5688045024871826,1
kodak,01.png,6.0,60.0,1870305362,-0.7778061628341675,-0.45555222034454346,0.31580668687820435,-0.251518189907074,SwinJSCC_author_one_shot,0,16,4096,4130,0.005260944366455078,22.78936290764962,0.8740646839141846,0.27769914269447327,1
kodak,01.png,6.0,60.0,1870305362,-0.7778061628341675,-0.45555222034454346,0.31580668687820435,-0.251518189907074,SwinJSCC_author_Chase_wrapper,1,16,8192,8228,0.004585293121635914,23.386328961902606,0.893549382686615,0.25350818037986755,1
kodak,01.png,6.0,60.0,1870305362,-0.7778061628341675,-0.45555222034454346,0.31580668687820435,-0.251518189907074,same_codec_direct,0,4096,4096,12290,0.009975628927350044,20.0105971408059,0.7525281310081482,0.5904741883277893,1
kodak,01.png,6.0,60.0,1870305362,-0.7778061628341675,-0.45555222034454346,0.31580668687820435,-0.251518189907074,same_codec_full_HARQ,1,4096,8192,16388,0.009866951033473015,20.058170270571573,0.7596925497055054,0.5839696526527405,1
kodak,01.png,6.0,60.0,1870305362,-0.7778061628341675,-0.45555222034454346,0.31580668687820435,-0.251518189907074,adaptive_HARQ,1,4096,8192,16388,0.009866951033473015,20.058170270571573,0.7596925497055054,0.5839696526527405,1
kodak,01.png,6.0,60.0,1870305362,-0.7778061628341675,-0.45555222034454346,0.31580668687820435,-0.251518189907074,FlowHARQ,1,4096,8192,16388,0.009866951033473015,20.058170270571573,0.7596925497055054,0.5839696526527405,1
kodak,01.png,6.0,90.0,1218671532,0.6416305303573608,-1.174882411956787,-0.2806810736656189,0.30404072999954224,SwinJSCC_author_one_shot,0,16,4096,4130,0.0033276311587542295,24.778648177764637,0.9281952381134033,0.22385375201702118,0
kodak,01.png,6.0,90.0,1218671532,0.6416305303573608,-1.174882411956787,-0.2806810736656189,0.30404072999954224,SwinJSCC_author_Chase_wrapper,1,16,8192,8228,0.0032408954575657845,24.89334977895458,0.9302789568901062,0.22067253291606903,0
kodak,01.png,6.0,90.0,1218671532,0.6416305303573608,-1.174882411956787,-0.2806810736656189,0.30404072999954224,same_codec_direct,0,4096,4096,12290,0.00999235175549984,20.00332286124747,0.7723715305328369,0.580074667930603,1
kodak,01.png,6.0,90.0,1218671532,0.6416305303573608,-1.174882411956787,-0.2806810736656189,0.30404072999954224,same_codec_full_HARQ,1,4096,8192,16388,0.009911423549056053,20.038639645763126,0.7744425535202026,0.5806342363357544,1
kodak,01.png,6.0,90.0,1218671532,0.6416305303573608,-1.174882411956787,-0.2806810736656189,0.30404072999954224,adaptive_HARQ,1,4096,8192,16388,0.009911423549056053,20.038639645763126,0.7744425535202026,0.5806342363357544,1
kodak,01.png,6.0,90.0,1218671532,0.6416305303573608,-1.174882411956787,-0.2806810736656189,0.30404072999954224,FlowHARQ,1,4096,8192,16388,0.009911423549056053,20.038639645763126,0.7744425535202026,0.5806342363357544,1
kodak,01.png,6.0,120.0,2598648340,-1.1842966079711914,-1.1172325611114502,0.8890453577041626,-0.051896631717681885,SwinJSCC_author_one_shot,0,16,4096,4130,0.003046283032745123,25.162297484560014,0.9369083642959595,0.22327768802642822,0
kodak,01.png,6.0,120.0,2598648340,-1.1842966079711914,-1.1172325611114502,0.8890453577041626,-0.051896631717681885,SwinJSCC_author_Chase_wrapper,1,16,8192,8228,0.002922172425314784,25.34294161723615,0.9406384825706482,0.2163621485233307,0
kodak,01.png,6.0,120.0,2598648340,-1.1842966079711914,-1.1172325611114502,0.8890453577041626,-0.051896631717681885,same_codec_direct,0,4096,4096,12290,0.009646551683545113,20.156279045260852,0.7844144105911255,0.5649723410606384,1
kodak,01.png,6.0,120.0,2598648340,-1.1842966079711914,-1.1172325611114502,0.8890453577041626,-0.051896631717681885,same_codec_full_HARQ,1,4096,8192,16388,0.009613873437047005,20.17101599489866,0.7868978977203369,0.5651531219482422,1
kodak,01.png,6.0,120.0,2598648340,-1.1842966079711914,-1.1172325611114502,0.8890453577041626,-0.051896631717681885,adaptive_HARQ,1,4096,8192,16388,0.009613873437047005,20.17101599489866,0.7868978977203369,0.5651531219482422,1
kodak,01.png,6.0,120.0,2598648340,-1.1842966079711914,-1.1172325611114502,0.8890453577041626,-0.051896631717681885,FlowHARQ,1,4096,8192,16388,0.009613873437047005,20.17101599489866,0.7868978977203369,0.5651531219482422,1
kodak,01.png,9.0,30.0,527723446,1.2425179481506348,1.2553203105926514,1.1711194515228271,0.6142667531967163,SwinJSCC_author_one_shot,0,16,4096,4130,0.002732402179390192,25.63455376939649,0.9451497793197632,0.21615812182426453,0
kodak,01.png,9.0,30.0,527723446,1.2425179481506348,1.2553203105926514,1.1711194515228271,0.6142667531967163,SwinJSCC_author_Chase_wrapper,1,16,8192,8228,0.002666883170604706,25.739960092343996,0.9475616216659546,0.2144639790058136,0
kodak,01.png,9.0,30.0,527723446,1.2425179481506348,1.2553203105926514,1.1711194515228271,0.6142667531967163,same_codec_direct,0,4096,4096,12290,0.009536448866128922,20.20613315542695,0.7913605570793152,0.5647779703140259,1
kodak,01.png,9.0,30.0,527723446,1.2425179481506348,1.2553203105926514,1.1711194515228271,0.6142667531967163,same_codec_full_HARQ,1,4096,8192,16388,0.009473491460084915,20.234899320427946,0.7943522334098816,0.5627245903015137,1
kodak,01.png,9.0,30.0,527723446,1.2425179481506348,1.2553203105926514,1.1711194515228271,0.6142667531967163,adaptive_HARQ,1,4096,8192,16388,0.009473491460084915,20.234899320427946,0.7943522334098816,0.5627245903015137,1
kodak,01.png,9.0,30.0,527723446,1.2425179481506348,1.2553203105926514,1.1711194515228271,0.6142667531967163,FlowHARQ,1,4096,8192,16388,0.009473491460084915,20.234899320427946,0.7943522334098816,0.5627245903015137,1
kodak,01.png,9.0,60.0,2930246916,0.06835175305604935,0.17025181651115417,1.0088129043579102,-0.11705780774354935,SwinJSCC_author_one_shot,0,16,4096,4130,0.0812152624130249,10.90362348112304,0.2307402789592743,0.7211244106292725,1
kodak,01.png,9.0,60.0,2930246916,0.06835175305604935,0.17025181651115417,1.0088129043579102,-0.11705780774354935,SwinJSCC_author_Chase_wrapper,1,16,8192,8228,0.003228178946301341,24.91042399217251,0.9306502342224121,0.22195784747600555,0
kodak,01.png,9.0,60.0,2930246916,0.06835175305604935,0.17025181651115417,1.0088129043579102,-0.11705780774354935,same_codec_direct,0,4096,4096,12290,0.014459941536188126,18.398334629586536,0.5295376777648926,0.7500052452087402,1
kodak,01.png,9.0,60.0,2930246916,0.06835175305604935,0.17025181651115417,1.0088129043579102,-0.11705780774354935,same_codec_full_HARQ,1,4096,8192,16388,0.009670300409197807,20.145600342902735,0.779914379119873,0.5720409750938416,1
kodak,01.png,9.0,60.0,2930246916,0.06835175305604935,0.17025181651115417,1.0088129043579102,-0.11705780774354935,adaptive_HARQ,1,4096,8192,16388,0.009670300409197807,20.145600342902735,0.779914379119873,0.5720409750938416,1
kodak,01.png,9.0,60.0,2930246916,0.06835175305604935,0.17025181651115417,1.0088129043579102,-0.11705780774354935,FlowHARQ,1,4096,8192,16388,0.009670300409197807,20.145600342902735,0.779914379119873,0.5720409750938416,1
kodak,01.png,9.0,90.0,83356973,-0.966018557548523,0.5309978723526001,-0.20959851145744324,-0.019065886735916138,SwinJSCC_author_one_shot,0,16,4096,4130,0.0031214626505970955,25.05641857188443,0.9328181147575378,0.22309979796409607,0
kodak,01.png,9.0,90.0,83356973,-0.966018557548523,0.5309978723526001,-0.20959851145744324,-0.019065886735916138,SwinJSCC_author_Chase_wrapper,1,16,8192,8228,0.003109944984316826,25.072472936802225,0.9333324432373047,0.22230397164821625,0
kodak,01.png,9.0,90.0,83356973,-0.966018557548523,0.5309978723526001,-0.20959851145744324,-0.019065886735916138,same_codec_direct,0,4096,4096,12290,0.009663797914981842,20.148521603998788,0.7826966047286987,0.5741990208625793,1
kodak,01.png,9.0,90.0,83356973,-0.966018557548523,0.5309978723526001,-0.20959851145744324,-0.019065886735916138,same_codec_full_HARQ,1,4096,8192,16388,0.009680982679128647,20.140805569000438,0.7827216386795044,0.573370635509491,1
kodak,01.png,9.0,90.0,83356973,-0.966018557548523,0.5309978723526001,-0.20959851145744324,-0.019065886735916138,adaptive_HARQ,1,4096,8192,16388,0.009680982679128647,20.140805569000438,0.7827216386795044,0.573370635509491,1
kodak,01.png,9.0,90.0,83356973,-0.966018557548523,0.5309978723526001,-0.20959851145744324,-0.019065886735916138,FlowHARQ,1,4096,8192,16388,0.009680982679128647,20.140805569000438,0.7827216386795044,0.573370635509491,1
kodak,01.png,9.0,120.0,4185258710,0.5282595157623291,0.35769957304000854,-0.5672202110290527,-0.4654618501663208,SwinJSCC_author_one_shot,0,16,4096,4130,0.005489940755069256,22.604323422321183,0.8730078935623169,0.26541706919670105,1
kodak,01.png,9.0,120.0,4185258710,0.5282595157623291,0.35769957304000854,-0.5672202110290527,-0.4654618501663208,SwinJSCC_author_Chase_wrapper,1,16,8192,8228,0.0032661675941199064,24.859615344388914,0.9290676116943359,0.2284451276063919,0
kodak,01.png,9.0,120.0,4185258710,0.5282595157623291,0.35769957304000854,-0.5672202110290527,-0.4654618501663208,same_codec_direct,0,4096,4096,12290,0.010260509327054024,19.888310805069636,0.7522937059402466,0.582720160484314,1
kodak,01.png,9.0,120.0,4185258710,0.5282595157623291,0.35769957304000854,-0.5672202110290527,-0.4654618501663208,same_codec_full_HARQ,1,4096,8192,16388,0.009695300832390785,20.134387107915337,0.7751376032829285,0.5750323534011841,1
kodak,01.png,9.0,120.0,4185258710,0.5282595157623291,0.35769957304000854,-0.5672202110290527,-0.4654618501663208,adaptive_HARQ,1,4096,8192,16388,0.009695300832390785,20.134387107915337,0.7751376032829285,0.5750323534011841,1
kodak,01.png,9.0,120.0,4185258710,0.5282595157623291,0.35769957304000854,-0.5672202110290527,-0.4654618501663208,FlowHARQ,1,4096,8192,16388,0.009695300832390785,20.134387107915337,0.7751376032829285,0.5750323534011841,1
kodak,01.png,12.0,30.0,999311957,0.17361663281917572,-0.5492565631866455,-0.20129995048046112,-0.4708269238471985,SwinJSCC_author_one_shot,0,16,4096,4130,0.003756430698558688,24.252246189395375,0.9116569757461548,0.24408087134361267,0
kodak,01.png,12.0,30.0,999311957,0.17361663281917572,-0.5492565631866455,-0.20129995048046112,-0.4708269238471985,SwinJSCC_author_Chase_wrapper,1,16,8192,8228,0.003133755177259445,25.039349355376437,0.9327648878097534,0.22676414251327515,0
kodak,01.png,12.0,30.0,999311957,0.17361663281917572,-0.5492565631866455,-0.20129995048046112,-0.4708269238471985,same_codec_direct,0,4096,4096,12290,0.00992255937308073,20.03376293748671,0.7694587111473083,0.5948879718780518,1
kodak,01.png,12.0,30.0,999311957,0.17361663281917572,-0.5492565631866455,-0.20129995048046112,-0.4708269238471985,same_codec_full_HARQ,1,4096,8192,16388,0.009678171016275883,20.14206708041744,0.7795125246047974,0.5792936086654663,1
kodak,01.png,12.0,30.0,999311957,0.17361663281917572,-0.5492565631866455,-0.20129995048046112,-0.4708269238471985,adaptive_HARQ,1,4096,8192,16388,0.009678171016275883,20.14206708041744,0.7795125246047974,0.5792936086654663,1
kodak,01.png,12.0,30.0,999311957,0.17361663281917572,-0.5492565631866455,-0.20129995048046112,-0.4708269238471985,FlowHARQ,1,4096,8192,16388,0.009678171016275883,20.14206708041744,0.7795125246047974,0.5792936086654663,1
kodak,01.png,12.0,60.0,2778326340,-0.48001644015312195,0.4459567964076996,0.8251795172691345,0.4796083867549896,SwinJSCC_author_one_shot,0,16,4096,4130,0.0033333557657897472,24.77118332041886,0.9243240356445312,0.22774186730384827,0
kodak,01.png,12.0,60.0,2778326340,-0.48001644015312195,0.4459567964076996,0.8251795172691345,0.4796083867549896,SwinJSCC_author_Chase_wrapper,1,16,8192,8228,0.0027542905882000923,25.599902419315875,0.944196343421936,0.21554787456989288,0
kodak,01.png,12.0,60.0,2778326340,-0.48001644015312195,0.4459567964076996,0.8251795172691345,0.4796083867549896,same_codec_direct,0,4096,4096,12290,0.009638435207307339,20.15993467756244,0.7795522212982178,0.57804274559021,1
kodak,01.png,12.0,60.0,2778326340,-0.48001644015312195,0.4459567964076996,0.8251795172691345,0.4796083867549896,same_codec_full_HARQ,1,4096,8192,16388,0.009439857676625252,20.250345534479315,0.792587161064148,0.5670363306999207,1
kodak,01.png,12.0,60.0,2778326340,-0.48001644015312195,0.4459567964076996,0.8251795172691345,0.4796083867549896,adaptive_HARQ,1,4096,8192,16388,0.009439857676625252,20.250345534479315,0.792587161064148,0.5670363306999207,1
kodak,01.png,12.0,60.0,2778326340,-0.48001644015312195,0.4459567964076996,0.8251795172691345,0.4796083867549896,FlowHARQ,1,4096,8192,16388,0.009439857676625252,20.250345534479315,0.792587161064148,0.5670363306999207,1
kodak,01.png,12.0,90.0,4026262168,-1.5034031867980957,0.3386189341545105,-0.6522573828697205,-0.5157248377799988,SwinJSCC_author_one_shot,0,16,4096,4130,0.0026962347328662872,25.692423010273487,0.9477619528770447,0.2131749391555786,0
kodak,01.png,12.0,90.0,4026262168,-1.5034031867980957,0.3386189341545105,-0.6522573828697205,-0.5157248377799988,SwinJSCC_author_Chase_wrapper,1,16,8192,8228,0.00265399063937366,25.761006132257414,0.9487606287002563,0.21296417713165283,0
kodak,01.png,12.0,90.0,4026262168,-1.5034031867980957,0.3386189341545105,-0.6522573828697205,-0.5157248377799988,same_codec_direct,0,4096,4096,12290,0.009393416345119476,20.271764279688917,0.7954632639884949,0.5631858110427856,1
kodak,01.png,12.0,90.0,4026262168,-1.5034031867980957,0.3386189341545105,-0.6522573828697205,-0.5157248377799988,same_codec_full_HARQ,1,4096,8192,16388,0.009374931454658508,20.28031898957299,0.7959463000297546,0.5623084902763367,1
kodak,01.png,12.0,90.0,4026262168,-1.5034031867980957,0.3386189341545105,-0.6522573828697205,-0.5157248377799988,adaptive_HARQ,1,4096,8192,16388,0.009374931454658508,20.28031898957299,0.7959463000297546,0.5623084902763367,1
kodak,01.png,12.0,90.0,4026262168,-1.5034031867980957,0.3386189341545105,-0.6522573828697205,-0.5157248377799988,FlowHARQ,1,4096,8192,16388,0.009374931454658508,20.28031898957299,0.7959463000297546,0.5623084902763367,1
kodak,01.png,12.0,120.0,3866231510,-0.6719131469726562,0.30285775661468506,-0.9046481251716614,-0.8007112741470337,SwinJSCC_author_one_shot,0,16,4096,4130,0.003211912466213107,24.932362989969175,0.9308537244796753,0.22526149451732635,0
kodak,01.png,12.0,120.0,3866231510,-0.6719131469726562,0.30285775661468506,-0.9046481251716614,-0.8007112741470337,SwinJSCC_author_Chase_wrapper,1,16,8192,8228,0.0027058066334575415,25.6770324285406,0.9468895196914673,0.21504977345466614,0
kodak,01.png,12.0,120.0,3866231510,-0.6719131469726562,0.30285775661468506,-0.9046481251716614,-0.8007112741470337,same_codec_direct,0,4096,4096,12290,0.009822319261729717,20.077859537969523,0.7778620719909668,0.5783355236053467,1
kodak,01.png,12.0,120.0,3866231510,-0.6719131469726562,0.30285775661468506,-0.9046481251716614,-0.8007112741470337,same_codec_full_HARQ,1,4096,8192,16388,0.009486380964517593,20.228994384585974,0.7940438985824585,0.5648714900016785,1
kodak,01.png,12.0,120.0,3866231510,-0.6719131469726562,0.30285775661468506,-0.9046481251716614,-0.8007112741470337,adaptive_HARQ,1,4096,8192,16388,0.009486380964517593,20.228994384585974,0.7940438985824585,0.5648714900016785,1
kodak,01.png,12.0,120.0,3866231510,-0.6719131469726562,0.30285775661468506,-0.9046481251716614,-0.8007112741470337,FlowHARQ,1,4096,8192,16388,0.009486380964517593,20.228994384585974,0.7940438985824585,0.5648714900016785,1
kodak,01.png,15.0,30.0,2679073125,1.3498529195785522,0.6908952593803406,1.1263837814331055,0.6789136528968811,SwinJSCC_author_one_shot,0,16,4096,4130,0.002602487802505493,25.846112972898453,0.9500998854637146,0.2120037078857422,0
kodak,01.png,15.0,30.0,2679073125,1.3498529195785522,0.6908952593803406,1.1263837814331055,0.6789136528968811,SwinJSCC_author_Chase_wrapper,1,16,8192,8228,0.0025711231864988804,25.89877115136574,0.9512196779251099,0.21132123470306396,0
kodak,01.png,15.0,30.0,2679073125,1.3498529195785522,0.6908952593803406,1.1263837814331055,0.6789136528968811,same_codec_direct,0,4096,4096,12290,0.009454118087887764,20.24378977387691,0.7963283061981201,0.5647056698799133,1
kodak,01.png,15.0,30.0,2679073125,1.3498529195785522,0.6908952593803406,1.1263837814331055,0.6789136528968811,same_codec_full_HARQ,1,4096,8192,16388,0.00942724198102951,20.2561534518578,0.7973508834838867,0.5640823245048523,1
kodak,01.png,15.0,30.0,2679073125,1.3498529195785522,0.6908952593803406,1.1263837814331055,0.6789136528968811,adaptive_HARQ,1,4096,8192,16388,0.00942724198102951,20.2561534518578,0.7973508834838867,0.5640823245048523,1
kodak,01.png,15.0,30.0,2679073125,1.3498529195785522,0.6908952593803406,1.1263837814331055,0.6789136528968811,FlowHARQ,1,4096,8192,16388,0.00942724198102951,20.2561534518578,0.7973508834838867,0.5640823245048523,1
kodak,01.png,15.0,60.0,753856608,0.10264904797077179,-0.025551391765475273,0.09933728724718094,0.28803375363349915,SwinJSCC_author_one_shot,0,16,4096,4130,0.06297113746404648,12.008584618528179,0.2693560719490051,0.6847588419914246,1
kodak,01.png,15.0,60.0,753856608,0.10264904797077179,-0.025551391765475273,0.09933728724718094,0.28803375363349915,SwinJSCC_author_Chase_wrapper,1,16,8192,8228,0.004729508422315121,23.25183996803513,0.8754714727401733,0.2772715389728546,1
kodak,01.png,15.0,60.0,753856608,0.10264904797077179,-0.025551391765475273,0.09933728724718094,0.28803375363349915,same_codec_direct,0,4096,4096,12290,0.014185141772031784,18.481663193321115,0.5549399256706238,0.7643795013427734,1
kodak,01.png,15.0,60.0,753856608,0.10264904797077179,-0.025551391765475273,0.09933728724718094,0.28803375363349915,same_codec_full_HARQ,1,4096,8192,16388,0.010078269056975842,19.96614051576583,0.7507243156433105,0.5893908739089966,1
kodak,01.png,15.0,60.0,753856608,0.10264904797077179,-0.025551391765475273,0.09933728724718094,0.28803375363349915,adaptive_HARQ,1,4096,8192,16388,0.010078269056975842,19.96614051576583,0.7507243156433105,0.5893908739089966,1
kodak,01.png,15.0,60.0,753856608,0.10264904797077179,-0.025551391765475273,0.09933728724718094,0.28803375363349915,FlowHARQ,1,4096,8192,16388,0.010078269056975842,19.96614051576583,0.7507243156433105,0.5893908739089966,1
kodak,01.png,15.0,90.0,4149047765,0.16426095366477966,-0.32181432843208313,0.3926262855529785,1.6888628005981445,SwinJSCC_author_one_shot,0,16,4096,4130,0.004263769835233688,23.70206247223948,0.8905603885650635,0.24707888066768646,1
kodak,01.png,15.0,90.0,4149047765,0.16426095366477966,-0.32181432843208313,0.3926262855529785,1.6888628005981445,SwinJSCC_author_Chase_wrapper,1,16,8192,8228,0.002576206112280488,25.890193937015262,0.9511076807975769,0.21232527494430542,0
kodak,01.png,15.0,90.0,4149047765,0.16426095366477966,-0.32181432843208313,0.3926262855529785,1.6888628005981445,same_codec_direct,0,4096,4096,12290,0.010067179799079895,19.970921748523118,0.7614954710006714,0.5911319255828857,1
kodak,01.png,15.0,90.0,4149047765,0.16426095366477966,-0.32181432843208313,0.3926262855529785,1.6888628005981445,same_codec_full_HARQ,1,4096,8192,16388,0.00941403117030859,20.262243680571856,0.7976793050765991,0.5631014108657837,1
kodak,01.png,15.0,90.0,4149047765,0.16426095366477966,-0.32181432843208313,0.3926262855529785,1.6888628005981445,adaptive_HARQ,1,4096,8192,16388,0.00941403117030859,20.262243680571856,0.7976793050765991,0.5631014108657837,1
kodak,01.png,15.0,90.0,4149047765,0.16426095366477966,-0.32181432843208313,0.3926262855529785,1.6888628005981445,FlowHARQ,1,4096,8192,16388,0.00941403117030859,20.262243680571856,0.7976793050765991,0.5631014108657837,1
kodak,01.png,15.0,120.0,43268614,-0.07588769495487213,-0.5746250152587891,-0.04602627456188202,0.8660950064659119,SwinJSCC_author_one_shot,0,16,4096,4130,0.0030838109087198973,25.109122596149867,0.9348686933517456,0.22622516751289368,0
kodak,01.png,15.0,120.0,43268614,-0.07588769495487213,-0.5746250152587891,-0.04602627456188202,0.8660950064659119,SwinJSCC_author_Chase_wrapper,1,16,8192,8228,0.0026837268378585577,25.712616907563937,0.9481428861618042,0.21215903759002686,0
kodak,01.png,15.0,120.0,43268614,-0.07588769495487213,-0.5746250152587891,-0.04602627456188202,0.8660950064659119,same_codec_direct,0,4096,4096,12290,0.009809654206037521,20.083463013923897,0.7834429144859314,0.5765881538391113,1
kodak,01.png,15.0,120.0,43268614,-0.07588769495487213,-0.5746250152587891,-0.04602627456188202,0.8660950064659119,same_codec_full_HARQ,1,4096,8192,16388,0.009423630312085152,20.257817595445214,0.7954222559928894,0.5666766166687012,1
kodak,01.png,15.0,120.0,43268614,-0.07588769495487213,-0.5746250152587891,-0.04602627456188202,0.8660950064659119,adaptive_HARQ,1,4096,8192,16388,0.009423630312085152,20.257817595445214,0.7954222559928894,0.5666766166687012,1
kodak,01.png,15.0,120.0,43268614,-0.07588769495487213,-0.5746250152587891,-0.04602627456188202,0.8660950064659119,FlowHARQ,1,4096,8192,16388,0.009423630312085152,20.257817595445214,0.7954222559928894,0.5666766166687012,1
kodak,02.png,0.0,30.0,2568992137,-0.5965445637702942,-0.8211030960083008,-0.5815336108207703,-0.5349780917167664,SwinJSCC_author_one_shot,0,16,4096,4130,0.009399263188242912,20.26906189572873,0.5959664583206177,0.5504716634750366,1
kodak,02.png,0.0,30.0,2568992137,-0.5965445637702942,-0.8211030960083008,-0.5815336108207703,-0.5349780917167664,SwinJSCC_author_Chase_wrapper,1,16,8192,8228,0.0024972003884613514,26.025466061824396,0.8388245105743408,0.3662933111190796,0
kodak,02.png,0.0,30.0,2568992137,-0.5965445637702942,-0.8211030960083008,-0.5815336108207703,-0.5349780917167664,same_codec_direct,0,4096,4096,12290,0.007853740826249123,21.049234345638233,0.7528063058853149,0.566256046295166,1
kodak,02.png,0.0,30.0,2568992137,-0.5965445637702942,-0.8211030960083008,-0.5815336108207703,-0.5349780917167664,same_codec_full_HARQ,1,4096,8192,16388,0.0071431733667850494,21.461088093008527,0.7763508558273315,0.5476328730583191,1
kodak,02.png,0.0,30.0,2568992137,-0.5965445637702942,-0.8211030960083008,-0.5815336108207703,-0.5349780917167664,adaptive_HARQ,1,4096,8192,16388,0.0071431733667850494,21.461088093008527,0.7763508558273315,0.5476328730583191,1
kodak,02.png,0.0,30.0,2568992137,-0.5965445637702942,-0.8211030960083008,-0.5815336108207703,-0.5349780917167664,FlowHARQ,1,4096,8192,16388,0.0071431733667850494,21.461088093008527,0.7763508558273315,0.5476328730583191,1
kodak,02.png,0.0,60.0,1562147143,0.3703213930130005,0.9088972806930542,0.18287168443202972,-0.001825377345085144,SwinJSCC_author_one_shot,0,16,4096,4130,0.006333361845463514,21.983656986142655,0.6913779973983765,0.501960277557373,1
kodak,02.png,0.0,60.0,1562147143,0.3703213930130005,0.9088972806930542,0.18287168443202972,-0.001825377345085144,SwinJSCC_author_Chase_wrapper,1,16,8192,8228,0.006066506262868643,22.170613497134863,0.7068812251091003,0.4800913333892822,1
kodak,02.png,0.0,60.0,1562147143,0.3703213930130005,0.9088972806930542,0.18287168443202972,-0.001825377345085144,same_codec_direct,0,4096,4096,12290,0.006710059940814972,21.732736002708126,0.7426420450210571,0.5912591218948364,1
kodak,02.png,0.0,60.0,1562147143,0.3703213930130005,0.9088972806930542,0.18287168443202972,-0.001825377345085144,same_codec_full_HARQ,1,4096,8192,16388,0.006802584510296583,21.673260541601138,0.7449910044670105,0.5867062211036682,1
kodak,02.png,0.0,60.0,1562147143,0.3703213930130005,0.9088972806930542,0.18287168443202972,-0.001825377345085144,adaptive_HARQ,1,4096,8192,16388,0.006802584510296583,21.673260541601138,0.7449910044670105,0.5867062211036682,1
kodak,02.png,0.0,60.0,1562147143,0.3703213930130005,0.9088972806930542,0.18287168443202972,-0.001825377345085144,FlowHARQ,1,4096,8192,16388,0.006802584510296583,21.673260541601138,0.7449910044670105,0.5867062211036682,1
kodak,02.png,0.0,90.0,11418364,-0.38423481583595276,-0.17313845455646515,0.49849584698677063,0.03581240028142929,SwinJSCC_author_one_shot,0,16,4096,4130,0.05863966792821884,12.318084977351155,0.14388439059257507,0.8306208848953247,1
kodak,02.png,0.0,90.0,11418364,-0.38423481583595276,-0.17313845455646515,0.49849584698677063,0.03581240028142929,SwinJSCC_author_Chase_wrapper,1,16,8192,8228,0.025304336100816727,15.968050526066921,0.36133307218551636,0.7515027523040771,1
kodak,02.png,0.0,90.0,11418364,-0.38423481583595276,-0.17313845455646515,0.49849584698677063,0.03581240028142929,same_codec_direct,0,4096,4096,12290,0.008554749190807343,20.67792718635459,0.6059610843658447,0.7150023579597473,1
kodak,02.png,0.0,90.0,11418364,-0.38423481583595276,-0.17313845455646515,0.49849584698677063,0.03581240028142929,same_codec_full_HARQ,1,4096,8192,16388,0.007445404306054115,21.281117138794663,0.6785255670547485,0.6627581715583801,1
kodak,02.png,0.0,90.0,11418364,-0.38423481583595276,-0.17313845455646515,0.49849584698677063,0.03581240028142929,adaptive_HARQ,1,4096,8192,16388,0.007445404306054115,21.281117138794663,0.6785255670547485,0.6627581715583801,1
kodak,02.png,0.0,90.0,11418364,-0.38423481583595276,-0.17313845455646515,0.49849584698677063,0.03581240028142929,FlowHARQ,1,4096,8192,16388,0.007445404306054115,21.281117138794663,0.6785255670547485,0.6627581715583801,1
kodak,02.png,0.0,120.0,429017220,0.6920861601829529,0.20264671742916107,-0.47745007276535034,-0.42493709921836853,SwinJSCC_author_one_shot,0,16,4096,4130,0.012996947392821312,18.861586389338413,0.4231126010417938,0.7042838931083679,1
kodak,02.png,0.0,120.0,429017220,0.6920861601829529,0.20264671742916107,-0.47745007276535034,-0.42493709921836853,SwinJSCC_author_Chase_wrapper,1,16,8192,8228,0.0051375338807702065,22.892453010413195,0.6777543425559998,0.5214576721191406,1
kodak,02.png,0.0,120.0,429017220,0.6920861601829529,0.20264671742916107,-0.47745007276535034,-0.42493709921836853,same_codec_direct,0,4096,4096,12290,0.007713767699897289,21.127334440507184,0.7066799998283386,0.615394115447998,1
kodak,02.png,0.0,120.0,429017220,0.6920861601829529,0.20264671742916107,-0.47745007276535034,-0.42493709921836853,same_codec_full_HARQ,1,4096,8192,16388,0.006368367932736874,21.959718531627747,0.7304747104644775,0.5953711271286011,1
kodak,02.png,0.0,120.0,429017220,0.6920861601829529,0.20264671742916107,-0.47745007276535034,-0.42493709921836853,adaptive_HARQ,1,4096,8192,16388,0.006368367932736874,21.959718531627747,0.7304747104644775,0.5953711271286011,1
kodak,02.png,0.0,120.0,429017220,0.6920861601829529,0.20264671742916107,-0.47745007276535034,-0.42493709921836853,FlowHARQ,1,4096,8192,16388,0.006368367932736874,21.959718531627747,0.7304747104644775,0.5953711271286011,1
kodak,02.png,3.0,30.0,2153271958,0.5481210350990295,-0.22582879662513733,0.7680368423461914,-0.3566626012325287,SwinJSCC_author_one_shot,0,16,4096,4130,0.007612363900989294,21.18480458901297,0.6276611089706421,0.5516490340232849,1
kodak,02.png,3.0,30.0,2153271958,0.5481210350990295,-0.22582879662513733,0.7680368423461914,-0.3566626012325287,SwinJSCC_author_Chase_wrapper,1,16,8192,8228,0.0014798324555158615,28.29787452013067,0.8921992778778076,0.290596604347229,0
kodak,02.png,3.0,30.0,2153271958,0.5481210350990295,-0.22582879662513733,0.7680368423461914,-0.3566626012325287,same_codec_direct,0,4096,4096,12290,0.007728072814643383,21.11928794609017,0.719331681728363,0.5863906145095825,1
kodak,02.png,3.0,30.0,2153271958,0.5481210350990295,-0.22582879662513733,0.7680368423461914,-0.3566626012325287,same_codec_full_HARQ,1,4096,8192,16388,0.0063897534273564816,21.945159004025676,0.789564311504364,0.5292854309082031,1
kodak,02.png,3.0,30.0,2153271958,0.5481210350990295,-0.22582879662513733,0.7680368423461914,-0.3566626012325287,adaptive_HARQ,1,4096,8192,16388,0.0063897534273564816,21.945159004025676,0.789564311504364,0.5292854309082031,1
kodak,02.png,3.0,30.0,2153271958,0.5481210350990295,-0.22582879662513733,0.7680368423461914,-0.3566626012325287,FlowHARQ,1,4096,8192,16388,0.0063897534273564816,21.945159004025676,0.789564311504364,0.5292854309082031,1
kodak,02.png,3.0,60.0,1561715635,0.31815266609191895,-0.44592562317848206,0.7160026431083679,-0.033005766570568085,SwinJSCC_author_one_shot,0,16,4096,4130,0.010433666408061981,19.815630529360433,0.5120033621788025,0.6598751544952393,1
kodak,02.png,3.0,60.0,1561715635,0.31815266609191895,-0.44592562317848206,0.7160026431083679,-0.033005766570568085,SwinJSCC_author_Chase_wrapper,1,16,8192,8228,0.0020842612721025944,26.810478410729964,0.8383088111877441,0.3322718143463135,0
kodak,02.png,3.0,60.0,1561715635,0.31815266609191895,-0.44592562317848206,0.7160026431083679,-0.033005766570568085,same_codec_direct,0,4096,4096,12290,0.007835205644369125,21.05949600466264,0.7091960906982422,0.6329736113548279,1
kodak,02.png,3.0,60.0,1561715635,0.31815266609191895,-0.44592562317848206,0.7160026431083679,-0.033005766570568085,same_codec_full_HARQ,1,4096,8192,16388,0.00660931458696723,21.798435762983658,0.7731112837791443,0.5523134469985962,1
kodak,02.png,3.0,60.0,1561715635,0.31815266609191895,-0.44592562317848206,0.7160026431083679,-0.033005766570568085,adaptive_HARQ,1,4096,8192,16388,0.00660931458696723,21.798435762983658,0.7731112837791443,0.5523134469985962,1
kodak,02.png,3.0,60.0,1561715635,0.31815266609191895,-0.44592562317848206,0.7160026431083679,-0.033005766570568085,FlowHARQ,1,4096,8192,16388,0.00660931458696723,21.798435762983658,0.7731112837791443,0.5523134469985962,1
kodak,02.png,3.0,90.0,1515416627,-0.04705337807536125,-0.5053723454475403,-0.4249630272388458,0.4883676767349243,SwinJSCC_author_one_shot,0,16,4096,4130,0.013815177604556084,18.596435275275734,0.45109662413597107,0.7309784293174744,1
kodak,02.png,3.0,90.0,1515416627,-0.04705337807536125,-0.5053723454475403,-0.4249630272388458,0.4883676767349243,SwinJSCC_author_Chase_wrapper,1,16,8192,8228,0.0030877827666699886,25.103532609771936,0.8182451128959656,0.3807770609855652,0
kodak,02.png,3.0,90.0,1515416627,-0.04705337807536125,-0.5053723454475403,-0.4249630272388458,0.4883676767349243,same_codec_direct,0,4096,4096,12290,0.007851848378777504,21.050280953298053,0.6667622923851013,0.6556186676025391,1
kodak,02.png,3.0,90.0,1515416627,-0.04705337807536125,-0.5053723454475403,-0.4249630272388458,0.4883676767349243,same_codec_full_HARQ,1,4096,8192,16388,0.0066855731420218945,21.748613555302324,0.7493859529495239,0.5959563255310059,1
kodak,02.png,3.0,90.0,1515416627,-0.04705337807536125,-0.5053723454475403,-0.4249630272388458,0.4883676767349243,adaptive_HARQ,1,4096,8192,16388,0.0066855731420218945,21.748613555302324,0.7493859529495239,0.5959563255310059,1
kodak,02.png,3.0,90.0,1515416627,-0.04705337807536125,-0.5053723454475403,-0.4249630272388458,0.4883676767349243,FlowHARQ,1,4096,8192,16388,0.0066855731420218945,21.748613555302324,0.7493859529495239,0.5959563255310059,1
kodak,02.png,3.0,120.0,3579048897,-0.46067336201667786,-0.029149992391467094,0.30017149448394775,-0.6265336871147156,SwinJSCC_author_one_shot,0,16,4096,4130,0.014436548575758934,18.40536623502359,0.40214937925338745,0.7355285882949829,1
kodak,02.png,3.0,120.0,3579048897,-0.46067336201667786,-0.029149992391467094,0.30017149448394775,-0.6265336871147156,SwinJSCC_author_Chase_wrapper,1,16,8192,8228,0.002402964048087597,26.192527268382022,0.8431905508041382,0.38397830724716187,0
kodak,02.png,3.0,120.0,3579048897,-0.46067336201667786,-0.029149992391467094,0.30017149448394775,-0.6265336871147156,same_codec_direct,0,4096,4096,12290,0.010105637833476067,19.9543627009356,0.6651188135147095,0.6383591890335083,1
kodak,02.png,3.0,120.0,3579048897,-0.46067336201667786,-0.029149992391467094,0.30017149448394775,-0.6265336871147156,same_codec_full_HARQ,1,4096,8192,16388,0.007394908927381039,21.310671702241436,0.7544177770614624,0.5725401639938354,1
kodak,02.png,3.0,120.0,3579048897,-0.46067336201667786,-0.029149992391467094,0.30017149448394775,-0.6265336871147156,adaptive_HARQ,1,4096,8192,16388,0.007394908927381039,21.310671702241436,0.7544177770614624,0.5725401639938354,1
kodak,02.png,3.0,120.0,3579048897,-0.46067336201667786,-0.029149992391467094,0.30017149448394775,-0.6265336871147156,FlowHARQ,1,4096,8192,16388,0.007394908927381039,21.310671702241436,0.7544177770614624,0.5725401639938354,1
kodak,02.png,6.0,30.0,2641455680,-0.24870182573795319,-1.1445258855819702,-0.8771405220031738,-0.9108386635780334,SwinJSCC_author_one_shot,0,16,4096,4130,0.0008736089803278446,30.586829102542843,0.9415515661239624,0.2449120581150055,0
kodak,02.png,6.0,30.0,2641455680,-0.24870182573795319,-1.1445258855819702,-0.8771405220031738,-0.9108386635780334,SwinJSCC_author_Chase_wrapper,1,16,8192,8228,0.0007650937186554074,31.162853635366204,0.9504806995391846,0.2407643049955368,0
kodak,02.png,6.0,30.0,2641455680,-0.24870182573795319,-1.1445258855819702,-0.8771405220031738,-0.9108386635780334,same_codec_direct,0,4096,4096,12290,0.005834522657096386,22.33994669330532,0.8183267116546631,0.5057544112205505,1
kodak,02.png,6.0,30.0,2641455680,-0.24870182573795319,-1.1445258855819702,-0.8771405220031738,-0.9108386635780334,same_codec_full_HARQ,1,4096,8192,16388,0.0058442652225494385,22.332700832791474,0.835620105266571,0.48928841948509216,1
kodak,02.png,6.0,30.0,2641455680,-0.24870182573795319,-1.1445258855819702,-0.8771405220031738,-0.9108386635780334,adaptive_HARQ,1,4096,8192,16388,0.0058442652225494385,22.332700832791474,0.835620105266571,0.48928841948509216,1
kodak,02.png,6.0,30.0,2641455680,-0.24870182573795319,-1.1445258855819702,-0.8771405220031738,-0.9108386635780334,FlowHARQ,1,4096,8192,16388,0.0058442652225494385,22.332700832791474,0.835620105266571,0.48928841948509216,1
kodak,02.png,6.0,60.0,491779829,1.369264006614685,1.019103765487671,-0.4035561978816986,-1.180848240852356,SwinJSCC_author_one_shot,0,16,4096,4130,0.0007582264952361584,31.20201043790072,0.9498345851898193,0.2483053356409073,0
kodak,02.png,6.0,60.0,491779829,1.369264006614685,1.019103765487671,-0.4035561978816986,-1.180848240852356,SwinJSCC_author_Chase_wrapper,1,16,8192,8228,0.0007200675900094211,31.426267360820543,0.9525150656700134,0.24639892578125,0
kodak,02.png,6.0,60.0,491779829,1.369264006614685,1.019103765487671,-0.4035561978816986,-1.180848240852356,same_codec_direct,0,4096,4096,12290,0.005892192479223013,22.297230745756615,0.8368635177612305,0.49185043573379517,1
kodak,02.png,6.0,60.0,491779829,1.369264006614685,1.019103765487671,-0.4035561978816986,-1.180848240852356,same_codec_full_HARQ,1,4096,8192,16388,0.005905765108764172,22.28723830313069,0.8433895111083984,0.4911446273326874,1
kodak,02.png,6.0,60.0,491779829,1.369264006614685,1.019103765487671,-0.4035561978816986,-1.180848240852356,adaptive_HARQ,1,4096,8192,16388,0.005905765108764172,22.28723830313069,0.8433895111083984,0.4911446273326874,1
kodak,02.png,6.0,60.0,491779829,1.369264006614685,1.019103765487671,-0.4035561978816986,-1.180848240852356,FlowHARQ,1,4096,8192,16388,0.005905765108764172,22.28723830313069,0.8433895111083984,0.4911446273326874,1
kodak,02.png,6.0,90.0,256916692,-0.5570807456970215,-0.5544294714927673,0.9383018016815186,0.8675962686538696,SwinJSCC_author_one_shot,0,16,4096,4130,0.0016554431058466434,27.810857404579387,0.8955670595169067,0.28099310398101807,0
kodak,02.png,6.0,90.0,256916692,-0.5570807456970215,-0.5544294714927673,0.9383018016815186,0.8675962686538696,SwinJSCC_author_Chase_wrapper,1,16,8192,8228,0.000780060887336731,31.07871497306529,0.9475235939025879,0.24666249752044678,0
kodak,02.png,6.0,90.0,256916692,-0.5570807456970215,-0.5544294714927673,0.9383018016815186,0.8675962686538696,same_codec_direct,0,4096,4096,12290,0.006507893558591604,21.865595588842798,0.7862736582756042,0.5470850467681885,1
kodak,02.png,6.0,90.0,256916692,-0.5570807456970215,-0.5544294714927673,0.9383018016815186,0.8675962686538696,same_codec_full_HARQ,1,4096,8192,16388,0.005820278078317642,22.350562653511684,0.8338847160339355,0.5032499432563782,1
kodak,02.png,6.0,90.0,256916692,-0.5570807456970215,-0.5544294714927673,0.9383018016815186,0.8675962686538696,adaptive_HARQ,1,4096,8192,16388,0.005820278078317642,22.350562653511684,0.8338847160339355,0.5032499432563782,1
kodak,02.png,6.0,90.0,256916692,-0.5570807456970215,-0.5544294714927673,0.9383018016815186,0.8675962686538696,FlowHARQ,1,4096,8192,16388,0.005820278078317642,22.350562653511684,0.8338847160339355,0.5032499432563782,1
kodak,02.png,6.0,120.0,2171307790,-0.3060344457626343,-1.8511227369308472,1.239745020866394,-0.3347660303115845,SwinJSCC_author_one_shot,0,16,4096,4130,0.0007367506623268127,31.326794650542155,0.9506210088729858,0.24512889981269836,0
kodak,02.png,6.0,120.0,2171307790,-0.3060344457626343,-1.8511227369308472,1.239745020866394,-0.3347660303115845,SwinJSCC_author_Chase_wrapper,1,16,8192,8228,0.0007009073160588741,31.543394068342387,0.9532632827758789,0.24101951718330383,0
kodak,02.png,6.0,120.0,2171307790,-0.3060344457626343,-1.8511227369308472,1.239745020866394,-0.3347660303115845,same_codec_direct,0,4096,4096,12290,0.005798987112939358,22.36647856381211,0.8399271965026855,0.4894512891769409,1
kodak,02.png,6.0,120.0,2171307790,-0.3060344457626343,-1.8511227369308472,1.239745020866394,-0.3347660303115845,same_codec_full_HARQ,1,4096,8192,16388,0.005881417542695999,22.30517987397517,0.844521701335907,0.48400136828422546,1
kodak,02.png,6.0,120.0,2171307790,-0.3060344457626343,-1.8511227369308472,1.239745020866394,-0.3347660303115845,adaptive_HARQ,1,4096,8192,16388,0.005881417542695999,22.30517987397517,0.844521701335907,0.48400136828422546,1
kodak,02.png,6.0,120.0,2171307790,-0.3060344457626343,-1.8511227369308472,1.239745020866394,-0.3347660303115845,FlowHARQ,1,4096,8192,16388,0.005881417542695999,22.30517987397517,0.844521701335907,0.48400136828422546,1
kodak,02.png,9.0,30.0,1608935293,-1.1297850608825684,0.038759343326091766,-0.445728063583374,-0.6567537784576416,SwinJSCC_author_one_shot,0,16,4096,4130,0.0007858387543819845,31.04666557352636,0.9490765333175659,0.2456233948469162,0
kodak,02.png,9.0,30.0,1608935293,-1.1297850608825684,0.038759343326091766,-0.445728063583374,-0.6567537784576416,SwinJSCC_author_Chase_wrapper,1,16,8192,8228,0.0007343104807659984,31.34120273090897,0.9518544673919678,0.24313460290431976,0
kodak,02.png,9.0,30.0,1608935293,-1.1297850608825684,0.038759343326091766,-0.445728063583374,-0.6567537784576416,same_codec_direct,0,4096,4096,12290,0.005621657706797123,22.50135601377959,0.8332773447036743,0.5014203786849976,1
kodak,02.png,9.0,30.0,1608935293,-1.1297850608825684,0.038759343326091766,-0.445728063583374,-0.6567537784576416,same_codec_full_HARQ,1,4096,8192,16388,0.005709042306989431,22.434367386321373,0.8396477699279785,0.49700868129730225,1
kodak,02.png,9.0,30.0,1608935293,-1.1297850608825684,0.038759343326091766,-0.445728063583374,-0.6567537784576416,adaptive_HARQ,1,4096,8192,16388,0.005709042306989431,22.434367386321373,0.8396477699279785,0.49700868129730225,1
kodak,02.png,9.0,30.0,1608935293,-1.1297850608825684,0.038759343326091766,-0.445728063583374,-0.6567537784576416,FlowHARQ,1,4096,8192,16388,0.005709042306989431,22.434367386321373,0.8396477699279785,0.49700868129730225,1
kodak,02.png,9.0,60.0,3687453212,-0.5352165699005127,-1.3372819423675537,0.048620596528053284,-1.452118992805481,SwinJSCC_author_one_shot,0,16,4096,4130,0.0007223057327792048,31.41278938227768,0.9524892568588257,0.24379678070545197,0
kodak,02.png,9.0,60.0,3687453212,-0.5352165699005127,-1.3372819423675537,0.048620596528053284,-1.452118992805481,SwinJSCC_author_Chase_wrapper,1,16,8192,8228,0.00068959582131356,31.61405378833519,0.9549166560173035,0.24446570873260498,0
kodak,02.png,9.0,60.0,3687453212,-0.5352165699005127,-1.3372819423675537,0.048620596528053284,-1.452118992805481,same_codec_direct,0,4096,4096,12290,0.005915900692343712,22.27979124926857,0.842049241065979,0.48763853311538696,1
kodak,02.png,9.0,60.0,3687453212,-0.5352165699005127,-1.3372819423675537,0.048620596528053284,-1.452118992805481,same_codec_full_HARQ,1,4096,8192,16388,0.005842742510139942,22.333832526405164,0.8483090400695801,0.48506900668144226,1
kodak,02.png,9.0,60.0,3687453212,-0.5352165699005127,-1.3372819423675537,0.048620596528053284,-1.452118992805481,adaptive_HARQ,1,4096,8192,16388,0.005842742510139942,22.333832526405164,0.8483090400695801,0.48506900668144226,1
kodak,02.png,9.0,60.0,3687453212,-0.5352165699005127,-1.3372819423675537,0.048620596528053284,-1.452118992805481,FlowHARQ,1,4096,8192,16388,0.005842742510139942,22.333832526405164,0.8483090400695801,0.48506900668144226,1
kodak,02.png,9.0,90.0,2084993455,-1.0618231296539307,-0.6295252442359924,0.332916796207428,-0.03710933029651642,SwinJSCC_author_one_shot,0,16,4096,4130,0.0007376224966719747,31.32165846250104,0.9511055946350098,0.23862895369529724,0
kodak,02.png,9.0,90.0,2084993455,-1.0618231296539307,-0.6295252442359924,0.332916796207428,-0.03710933029651642,SwinJSCC_author_Chase_wrapper,1,16,8192,8228,0.0007335670525208116,31.34560182831131,0.9516438245773315,0.23941460251808167,0
kodak,02.png,9.0,90.0,2084993455,-1.0618231296539307,-0.6295252442359924,0.332916796207428,-0.03710933029651642,same_codec_direct,0,4096,4096,12290,0.005819105543196201,22.351437657809782,0.840549111366272,0.48986682295799255,1
kodak,02.png,9.0,90.0,2084993455,-1.0618231296539307,-0.6295252442359924,0.332916796207428,-0.03710933029651642,same_codec_full_HARQ,1,4096,8192,16388,0.005757641047239304,22.39755414147508,0.8410653471946716,0.48721855878829956,1
kodak,02.png,9.0,90.0,2084993455,-1.0618231296539307,-0.6295252442359924,0.332916796207428,-0.03710933029651642,adaptive_HARQ,1,4096,8192,16388,0.005757641047239304,22.39755414147508,0.8410653471946716,0.48721855878829956,1
kodak,02.png,9.0,90.0,2084993455,-1.0618231296539307,-0.6295252442359924,0.332916796207428,-0.03710933029651642,FlowHARQ,1,4096,8192,16388,0.005757641047239304,22.39755414147508,0.8410653471946716,0.48721855878829956,1
kodak,02.png,9.0,120.0,4218415777,-0.5162416696548462,-0.3967133164405823,-1.1459829807281494,-0.09870126843452454,SwinJSCC_author_one_shot,0,16,4096,4130,0.0010826278012245893,29.6552082468316,0.9275499582290649,0.25245749950408936,0
kodak,02.png,9.0,120.0,4218415777,-0.5162416696548462,-0.3967133164405823,-1.1459829807281494,-0.09870126843452454,SwinJSCC_author_Chase_wrapper,1,16,8192,8228,0.000734971254132688,31.337296465153774,0.9511756896972656,0.24642828106880188,0
kodak,02.png,9.0,120.0,4218415777,-0.5162416696548462,-0.3967133164405823,-1.1459829807281494,-0.09870126843452454,same_codec_direct,0,4096,4096,12290,0.005905394908040762,22.287510547569337,0.8069736957550049,0.5204943418502808,1
kodak,02.png,9.0,120.0,4218415777,-0.5162416696548462,-0.3967133164405823,-1.1459829807281494,-0.09870126843452454,same_codec_full_HARQ,1,4096,8192,16388,0.00598470214754343,22.229574591083985,0.8428868651390076,0.4878775477409363,1
kodak,02.png,9.0,120.0,4218415777,-0.5162416696548462,-0.3967133164405823,-1.1459829807281494,-0.09870126843452454,adaptive_HARQ,1,4096,8192,16388,0.00598470214754343,22.229574591083985,0.8428868651390076,0.4878775477409363,1
kodak,02.png,9.0,120.0,4218415777,-0.5162416696548462,-0.3967133164405823,-1.1459829807281494,-0.09870126843452454,FlowHARQ,1,4096,8192,16388,0.00598470214754343,22.229574591083985,0.8428868651390076,0.4878775477409363,1
kodak,02.png,12.0,30.0,1335388313,0.7404293417930603,0.5587500929832458,0.46268823742866516,0.2761143147945404,SwinJSCC_author_one_shot,0,16,4096,4130,0.0007408573292195797,31.30265418334265,0.9512848854064941,0.2441951334476471,0
kodak,02.png,12.0,30.0,1335388313,0.7404293417930603,0.5587500929832458,0.46268823742866516,0.2761143147945404,SwinJSCC_author_Chase_wrapper,1,16,8192,8228,0.0007182098925113678,31.437486172640938,0.9531263113021851,0.24139583110809326,0
kodak,02.png,12.0,30.0,1335388313,0.7404293417930603,0.5587500929832458,0.46268823742866516,0.2761143147945404,same_codec_direct,0,4096,4096,12290,0.005638557951897383,22.488319516214062,0.8401798009872437,0.4940032362937927,1
kodak,02.png,12.0,30.0,1335388313,0.7404293417930603,0.5587500929832458,0.46268823742866516,0.2761143147945404,same_codec_full_HARQ,1,4096,8192,16388,0.005696423351764679,22.44397741895248,0.8436849117279053,0.4871208965778351,1
kodak,02.png,12.0,30.0,1335388313,0.7404293417930603,0.5587500929832458,0.46268823742866516,0.2761143147945404,adaptive_HARQ,1,4096,8192,16388,0.005696423351764679,22.44397741895248,0.8436849117279053,0.4871208965778351,1
kodak,02.png,12.0,30.0,1335388313,0.7404293417930603,0.5587500929832458,0.46268823742866516,0.2761143147945404,FlowHARQ,1,4096,8192,16388,0.005696423351764679,22.44397741895248,0.8436849117279053,0.4871208965778351,1
kodak,02.png,12.0,60.0,1788076962,-0.4009345471858978,-0.8684325814247131,0.18797732889652252,0.7586297392845154,SwinJSCC_author_one_shot,0,16,4096,4130,0.0007291891379281878,31.371598092614178,0.9513632655143738,0.2374391257762909,0
kodak,02.png,12.0,60.0,1788076962,-0.4009345471858978,-0.8684325814247131,0.18797732889652252,0.7586297392845154,SwinJSCC_author_Chase_wrapper,1,16,8192,8228,0.0007016565068624914,31.538754429738688,0.9534696936607361,0.240665465593338,0
kodak,02.png,12.0,60.0,1788076962,-0.4009345471858978,-0.8684325814247131,0.18797732889652252,0.7586297392845154,same_codec_direct,0,4096,4096,12290,0.005909818224608898,22.2842587703133,0.8425641059875488,0.48693564534187317,1
kodak,02.png,12.0,60.0,1788076962,-0.4009345471858978,-0.8684325814247131,0.18797732889652252,0.7586297392845154,same_codec_full_HARQ,1,4096,8192,16388,0.0058210319839417934,22.350000144565264,0.8479326963424683,0.4826812148094177,1
kodak,02.png,12.0,60.0,1788076962,-0.4009345471858978,-0.8684325814247131,0.18797732889652252,0.7586297392845154,adaptive_HARQ,1,4096,8192,16388,0.0058210319839417934,22.350000144565264,0.8479326963424683,0.4826812148094177,1
kodak,02.png,12.0,60.0,1788076962,-0.4009345471858978,-0.8684325814247131,0.18797732889652252,0.7586297392845154,FlowHARQ,1,4096,8192,16388,0.0058210319839417934,22.350000144565264,0.8479326963424683,0.4826812148094177,1
kodak,02.png,12.0,90.0,1556486427,0.5156257748603821,0.0004745798069052398,0.3644861578941345,-0.457577109336853,SwinJSCC_author_one_shot,0,16,4096,4130,0.0009644059464335442,30.15740120468668,0.9349164366722107,0.24792425334453583,0
kodak,02.png,12.0,90.0,1556486427,0.5156257748603821,0.0004745798069052398,0.3644861578941345,-0.457577109336853,SwinJSCC_author_Chase_wrapper,1,16,8192,8228,0.0007841023034416139,31.056272703236974,0.9486543536186218,0.24441953003406525,0
kodak,02.png,12.0,90.0,1556486427,0.5156257748603821,0.0004745798069052398,0.3644861578941345,-0.457577109336853,same_codec_direct,0,4096,4096,12290,0.0060877203941345215,22.155453027015245,0.812631368637085,0.5094280242919922,1
kodak,02.png,12.0,90.0,1556486427,0.5156257748603821,0.0004745798069052398,0.3644861578941345,-0.457577109336853,same_codec_full_HARQ,1,4096,8192,16388,0.006012327969074249,22.20957336921751,0.8349186778068542,0.4924921989440918,1
kodak,02.png,12.0,90.0,1556486427,0.5156257748603821,0.0004745798069052398,0.3644861578941345,-0.457577109336853,adaptive_HARQ,1,4096,8192,16388,0.006012327969074249,22.20957336921751,0.8349186778068542,0.4924921989440918,1
kodak,02.png,12.0,90.0,1556486427,0.5156257748603821,0.0004745798069052398,0.3644861578941345,-0.457577109336853,FlowHARQ,1,4096,8192,16388,0.006012327969074249,22.20957336921751,0.8349186778068542,0.4924921989440918,1
kodak,02.png,12.0,120.0,2349434069,-0.32359829545021057,0.4952740967273712,-0.46255606412887573,0.6604232788085938,SwinJSCC_author_one_shot,0,16,4096,4130,0.0009152448619715869,30.384627004946708,0.9402316808700562,0.2563231289386749,0
kodak,02.png,12.0,120.0,2349434069,-0.32359829545021057,0.4952740967273712,-0.46255606412887573,0.6604232788085938,SwinJSCC_author_Chase_wrapper,1,16,8192,8228,0.0007396158762276173,31.309937750628304,0.9513968229293823,0.2450571060180664,0
kodak,02.png,12.0,120.0,2349434069,-0.32359829545021057,0.4952740967273712,-0.46255606412887573,0.6604232788085938,same_codec_direct,0,4096,4096,12290,0.0064429668709635735,21.909141017430066,0.8237921595573425,0.5074111223220825,1
kodak,02.png,12.0,120.0,2349434069,-0.32359829545021057,0.4952740967273712,-0.46255606412887573,0.6604232788085938,same_codec_full_HARQ,1,4096,8192,16388,0.006125874817371368,22.128318822732147,0.8437541723251343,0.48306289315223694,1
kodak,02.png,12.0,120.0,2349434069,-0.32359829545021057,0.4952740967273712,-0.46255606412887573,0.6604232788085938,adaptive_HARQ,1,4096,8192,16388,0.006125874817371368,22.128318822732147,0.8437541723251343,0.48306289315223694,1
kodak,02.png,12.0,120.0,2349434069,-0.32359829545021057,0.4952740967273712,-0.46255606412887573,0.6604232788085938,FlowHARQ,1,4096,8192,16388,0.006125874817371368,22.128318822732147,0.8437541723251343,0.48306289315223694,1
kodak,02.png,15.0,30.0,3432287475,-0.4482232630252838,0.16393263638019562,-0.35886746644973755,0.9587699770927429,SwinJSCC_author_one_shot,0,16,4096,4130,0.0008211256354115903,30.855903890539878,0.9438133239746094,0.25231868028640747,0
kodak,02.png,15.0,30.0,3432287475,-0.4482232630252838,0.16393263638019562,-0.35886746644973755,0.9587699770927429,SwinJSCC_author_Chase_wrapper,1,16,8192,8228,0.000689435750246048,31.6150620028399,0.9549516439437866,0.24094167351722717,0
kodak,02.png,15.0,30.0,3432287475,-0.4482232630252838,0.16393263638019562,-0.35886746644973755,0.9587699770927429,same_codec_direct,0,4096,4096,12290,0.0057746185921132565,22.38476695212569,0.8299738764762878,0.5009270906448364,1
kodak,02.png,15.0,30.0,3432287475,-0.4482232630252838,0.16393263638019562,-0.35886746644973755,0.9587699770927429,same_codec_full_HARQ,1,4096,8192,16388,0.005647180136293173,22.48168358721354,0.8500825762748718,0.47956758737564087,1
kodak,02.png,15.0,30.0,3432287475,-0.4482232630252838,0.16393263638019562,-0.35886746644973755,0.9587699770927429,adaptive_HARQ,1,4096,8192,16388,0.005647180136293173,22.48168358721354,0.8500825762748718,0.47956758737564087,1
kodak,02.png,15.0,30.0,3432287475,-0.4482232630252838,0.16393263638019562,-0.35886746644973755,0.9587699770927429,FlowHARQ,1,4096,8192,16388,0.005647180136293173,22.48168358721354,0.8500825762748718,0.47956758737564087,1
kodak,02.png,15.0,60.0,2677026755,-0.4388412833213806,0.26232144236564636,-0.4180246591567993,0.5930963754653931,SwinJSCC_author_one_shot,0,16,4096,4130,0.0008104682783596218,30.91263978721667,0.9459673762321472,0.24332326650619507,0
kodak,02.png,15.0,60.0,2677026755,-0.4388412833213806,0.26232144236564636,-0.4180246591567993,0.5930963754653931,SwinJSCC_author_Chase_wrapper,1,16,8192,8228,0.0007102862000465393,31.48566623032941,0.953811526298523,0.24243450164794922,0
kodak,02.png,15.0,60.0,2677026755,-0.4388412833213806,0.26232144236564636,-0.4180246591567993,0.5930963754653931,same_codec_direct,0,4096,4096,12290,0.005866037216037512,22.316551860420574,0.8293260931968689,0.498548686504364,1
kodak,02.png,15.0,60.0,2677026755,-0.4388412833213806,0.26232144236564636,-0.4180246591567993,0.5930963754653931,same_codec_full_HARQ,1,4096,8192,16388,0.005627484060823917,22.496857264129197,0.8480979800224304,0.48913145065307617,1
kodak,02.png,15.0,60.0,2677026755,-0.4388412833213806,0.26232144236564636,-0.4180246591567993,0.5930963754653931,adaptive_HARQ,1,4096,8192,16388,0.005627484060823917,22.496857264129197,0.8480979800224304,0.48913145065307617,1
kodak,02.png,15.0,60.0,2677026755,-0.4388412833213806,0.26232144236564636,-0.4180246591567993,0.5930963754653931,FlowHARQ,1,4096,8192,16388,0.005627484060823917,22.496857264129197,0.8480979800224304,0.48913145065307617,1
kodak,02.png,15.0,90.0,869204474,0.10382082313299179,0.601262092590332,0.467747300863266,-2.0727152824401855,SwinJSCC_author_one_shot,0,16,4096,4130,0.0007680747658014297,31.14596502892209,0.9494681358337402,0.24305883049964905,0
kodak,02.png,15.0,90.0,869204474,0.10382082313299179,0.601262092590332,0.467747300863266,-2.0727152824401855,SwinJSCC_author_Chase_wrapper,1,16,8192,8228,0.0006656545447185636,31.767510985266348,0.9567433595657349,0.24185505509376526,0
kodak,02.png,15.0,90.0,869204474,0.10382082313299179,0.601262092590332,0.467747300863266,-2.0727152824401855,same_codec_direct,0,4096,4096,12290,0.005827033426612616,22.345524905846794,0.839613139629364,0.4909754991531372,1
kodak,02.png,15.0,90.0,869204474,0.10382082313299179,0.601262092590332,0.467747300863266,-2.0727152824401855,same_codec_full_HARQ,1,4096,8192,16388,0.005749005824327469,22.404072513693322,0.854992151260376,0.47612157464027405,1
kodak,02.png,15.0,90.0,869204474,0.10382082313299179,0.601262092590332,0.467747300863266,-2.0727152824401855,adaptive_HARQ,1,4096,8192,16388,0.005749005824327469,22.404072513693322,0.854992151260376,0.47612157464027405,1
kodak,02.png,15.0,90.0,869204474,0.10382082313299179,0.601262092590332,0.467747300863266,-2.0727152824401855,FlowHARQ,1,4096,8192,16388,0.005749005824327469,22.404072513693322,0.854992151260376,0.47612157464027405,1
kodak,02.png,15.0,120.0,976571690,-0.12810157239437103,0.1852422058582306,0.0982561931014061,-0.8870717883110046,SwinJSCC_author_one_shot,0,16,4096,4130,0.0020719426684081554,26.836222658855178,0.8540375232696533,0.35424041748046875,0
kodak,02.png,15.0,120.0,976571690,-0.12810157239437103,0.1852422058582306,0.0982561931014061,-0.8870717883110046,SwinJSCC_author_Chase_wrapper,1,16,8192,8228,0.000703624333254993,31.526591498631884,0.9534295797348022,0.24406611919403076,0
kodak,02.png,15.0,120.0,976571690,-0.12810157239437103,0.1852422058582306,0.0982561931014061,-0.8870717883110046,same_codec_direct,0,4096,4096,12290,0.0063383495435118675,21.9802381427281,0.7668538093566895,0.5646166801452637,1
kodak,02.png,15.0,120.0,976571690,-0.12810157239437103,0.1852422058582306,0.0982561931014061,-0.8870717883110046,same_codec_full_HARQ,1,4096,8192,16388,0.005679801106452942,22.456668720147455,0.8487681150436401,0.4868448078632355,1
kodak,02.png,15.0,120.0,976571690,-0.12810157239437103,0.1852422058582306,0.0982561931014061,-0.8870717883110046,adaptive_HARQ,1,4096,8192,16388,0.005679801106452942,22.456668720147455,0.8487681150436401,0.4868448078632355,1
kodak,02.png,15.0,120.0,976571690,-0.12810157239437103,0.1852422058582306,0.0982561931014061,-0.8870717883110046,FlowHARQ,1,4096,8192,16388,0.005679801106452942,22.456668720147455,0.8487681150436401,0.4868448078632355,1
kodak,03.png,0.0,30.0,1404397896,-0.6264598369598389,-0.8408387899398804,-0.5013508200645447,-0.6871032118797302,SwinJSCC_author_one_shot,0,16,4096,4130,0.006435729563236237,21.91402213743587,0.8002481460571289,0.3657412528991699,1
kodak,03.png,0.0,30.0,1404397896,-0.6264598369598389,-0.8408387899398804,-0.5013508200645447,-0.6871032118797302,SwinJSCC_author_Chase_wrapper,1,16,8192,8228,0.0027020468842238188,25.683071196429882,0.8845822215080261,0.22312989830970764,0
kodak,03.png,0.0,30.0,1404397896,-0.6264598369598389,-0.8408387899398804,-0.5013508200645447,-0.6871032118797302,same_codec_direct,0,4096,4096,12290,0.006379306316375732,21.952265437473688,0.7889570593833923,0.497589111328125,1
kodak,03.png,0.0,30.0,1404397896,-0.6264598369598389,-0.8408387899398804,-0.5013508200645447,-0.6871032118797302,same_codec_full_HARQ,1,4096,8192,16388,0.005461329594254494,22.627016127619136,0.8167014122009277,0.4723057746887207,1
kodak,03.png,0.0,30.0,1404397896,-0.6264598369598389,-0.8408387899398804,-0.5013508200645447,-0.6871032118797302,adaptive_HARQ,1,4096,8192,16388,0.005461329594254494,22.627016127619136,0.8167014122009277,0.4723057746887207,1
kodak,03.png,0.0,30.0,1404397896,-0.6264598369598389,-0.8408387899398804,-0.5013508200645447,-0.6871032118797302,FlowHARQ,1,4096,8192,16388,0.005461329594254494,22.627016127619136,0.8167014122009277,0.4723057746887207,1
kodak,03.png,0.0,60.0,3172940373,-0.909440815448761,-0.012959797866642475,0.31674063205718994,0.11073227226734161,SwinJSCC_author_one_shot,0,16,4096,4130,0.0138412956148386,18.588232558301648,0.6441606879234314,0.5220006108283997,1
kodak,03.png,0.0,60.0,3172940373,-0.909440815448761,-0.012959797866642475,0.31674063205718994,0.11073227226734161,SwinJSCC_author_Chase_wrapper,1,16,8192,8228,0.014357517473399639,18.429206465009887,0.6969547271728516,0.48021939396858215,1
kodak,03.png,0.0,60.0,3172940373,-0.909440815448761,-0.012959797866642475,0.31674063205718994,0.11073227226734161,same_codec_direct,0,4096,4096,12290,0.0063801975920796394,21.95165871150148,0.7697961330413818,0.5102182626724243,1
kodak,03.png,0.0,60.0,3172940373,-0.909440815448761,-0.012959797866642475,0.31674063205718994,0.11073227226734161,same_codec_full_HARQ,1,4096,8192,16388,0.006346381269395351,21.97473840489534,0.7782644629478455,0.5105745196342468,1
kodak,03.png,0.0,60.0,3172940373,-0.909440815448761,-0.012959797866642475,0.31674063205718994,0.11073227226734161,adaptive_HARQ,1,4096,8192,16388,0.006346381269395351,21.97473840489534,0.7782644629478455,0.5105745196342468,1
kodak,03.png,0.0,60.0,3172940373,-0.909440815448761,-0.012959797866642475,0.31674063205718994,0.11073227226734161,FlowHARQ,1,4096,8192,16388,0.006346381269395351,21.97473840489534,0.7782644629478455,0.5105745196342468,1
kodak,03.png,0.0,90.0,3017829970,0.17308203876018524,0.0185389444231987,-1.5919113159179688,-0.3148181736469269,SwinJSCC_author_one_shot,0,16,4096,4130,0.15901491045951843,7.98562150983421,0.03784780204296112,0.8486558794975281,1
kodak,03.png,0.0,90.0,3017829970,0.17308203876018524,0.0185389444231987,-1.5919113159179688,-0.3148181736469269,SwinJSCC_author_Chase_wrapper,1,16,8192,8228,0.0014356158208101988,28.42961764289265,0.9390246868133545,0.14233703911304474,0
kodak,03.png,0.0,90.0,3017829970,0.17308203876018524,0.0185389444231987,-1.5919113159179688,-0.3148181736469269,same_codec_direct,0,4096,4096,12290,0.021272461861371994,16.721822463013606,0.47595322132110596,0.7927948832511902,1
kodak,03.png,0.0,90.0,3017829970,0.17308203876018524,0.0185389444231987,-1.5919113159179688,-0.3148181736469269,same_codec_full_HARQ,1,4096,8192,16388,0.005469379480928183,22.62061943007589,0.8251943588256836,0.4584845006465912,1
kodak,03.png,0.0,90.0,3017829970,0.17308203876018524,0.0185389444231987,-1.5919113159179688,-0.3148181736469269,adaptive_HARQ,1,4096,8192,16388,0.005469379480928183,22.62061943007589,0.8251943588256836,0.4584845006465912,1
kodak,03.png,0.0,90.0,3017829970,0.17308203876018524,0.0185389444231987,-1.5919113159179688,-0.3148181736469269,FlowHARQ,1,4096,8192,16388,0.005469379480928183,22.62061943007589,0.8251943588256836,0.4584845006465912,1
kodak,03.png,0.0,120.0,1207809360,0.035202059894800186,-0.7900500893592834,-0.043672166764736176,0.4511130452156067,SwinJSCC_author_one_shot,0,16,4096,4130,0.013843256048858166,18.587617481930828,0.6027809381484985,0.5738222599029541,1
kodak,03.png,0.0,120.0,1207809360,0.035202059894800186,-0.7900500893592834,-0.043672166764736176,0.4511130452156067,SwinJSCC_author_Chase_wrapper,1,16,8192,8228,0.008192935958504677,20.865604398649708,0.6904744505882263,0.4814576506614685,1
kodak,03.png,0.0,120.0,1207809360,0.035202059894800186,-0.7900500893592834,-0.043672166764736176,0.4511130452156067,same_codec_direct,0,4096,4096,12290,0.0069480594247579575,21.581364758130064,0.7443065643310547,0.5595104694366455,1
kodak,03.png,0.0,120.0,1207809360,0.035202059894800186,-0.7900500893592834,-0.043672166764736176,0.4511130452156067,same_codec_full_HARQ,1,4096,8192,16388,0.006226950790733099,22.0572456633216,0.7683587074279785,0.5361509323120117,1
kodak,03.png,0.0,120.0,1207809360,0.035202059894800186,-0.7900500893592834,-0.043672166764736176,0.4511130452156067,adaptive_HARQ,1,4096,8192,16388,0.006226950790733099,22.0572456633216,0.7683587074279785,0.5361509323120117,1
kodak,03.png,0.0,120.0,1207809360,0.035202059894800186,-0.7900500893592834,-0.043672166764736176,0.4511130452156067,FlowHARQ,1,4096,8192,16388,0.006226950790733099,22.0572456633216,0.7683587074279785,0.5361509323120117,1
kodak,03.png,3.0,30.0,3408138017,-0.5052833557128906,-0.2081863284111023,0.08856606483459473,0.09851087629795074,SwinJSCC_author_one_shot,0,16,4096,4130,0.012419475242495537,19.058967539261978,0.6062169075012207,0.5848448276519775,1
kodak,03.png,3.0,30.0,3408138017,-0.5052833557128906,-0.2081863284111023,0.08856606483459473,0.09851087629795074,SwinJSCC_author_Chase_wrapper,1,16,8192,8228,0.01278835441917181,18.931853361040044,0.6190802454948425,0.5641859769821167,1
kodak,03.png,3.0,30.0,3408138017,-0.5052833557128906,-0.2081863284111023,0.08856606483459473,0.09851087629795074,same_codec_direct,0,4096,4096,12290,0.00720179034397006,21.425595258114747,0.7425656318664551,0.547499418258667,1
kodak,03.png,3.0,30.0,3408138017,-0.5052833557128906,-0.2081863284111023,0.08856606483459473,0.09851087629795074,same_codec_full_HARQ,1,4096,8192,16388,0.007161456625908613,21.44998634081154,0.7442349791526794,0.5419273376464844,1
kodak,03.png,3.0,30.0,3408138017,-0.5052833557128906,-0.2081863284111023,0.08856606483459473,0.09851087629795074,adaptive_HARQ,1,4096,8192,16388,0.007161456625908613,21.44998634081154,0.7442349791526794,0.5419273376464844,1
kodak,03.png,3.0,30.0,3408138017,-0.5052833557128906,-0.2081863284111023,0.08856606483459473,0.09851087629795074,FlowHARQ,1,4096,8192,16388,0.007161456625908613,21.44998634081154,0.7442349791526794,0.5419273376464844,1
kodak,03.png,3.0,60.0,3850287344,-1.2046122550964355,-0.10798075795173645,-1.5052045583724976,-0.22330695390701294,SwinJSCC_author_one_shot,0,16,4096,4130,0.0012808928731828928,28.924871907322917,0.9492262601852417,0.12476849555969238,0
kodak,03.png,3.0,60.0,3850287344,-1.2046122550964355,-0.10798075795173645,-1.5052045583724976,-0.22330695390701294,SwinJSCC_author_Chase_wrapper,1,16,8192,8228,0.0007018320611678064,31.537667961801475,0.9720195531845093,0.09027504920959473,0
kodak,03.png,3.0,60.0,3850287344,-1.2046122550964355,-0.10798075795173645,-1.5052045583724976,-0.22330695390701294,same_codec_direct,0,4096,4096,12290,0.005523648113012314,22.577739961768106,0.8226630687713623,0.4514763355255127,1
kodak,03.png,3.0,60.0,3850287344,-1.2046122550964355,-0.10798075795173645,-1.5052045583724976,-0.22330695390701294,same_codec_full_HARQ,1,4096,8192,16388,0.004831265192478895,23.1593912304562,0.8561971187591553,0.4184558391571045,1
kodak,03.png,3.0,60.0,3850287344,-1.2046122550964355,-0.10798075795173645,-1.5052045583724976,-0.22330695390701294,adaptive_HARQ,1,4096,8192,16388,0.004831265192478895,23.1593912304562,0.8561971187591553,0.4184558391571045,1
kodak,03.png,3.0,60.0,3850287344,-1.2046122550964355,-0.10798075795173645,-1.5052045583724976,-0.22330695390701294,FlowHARQ,1,4096,8192,16388,0.004831265192478895,23.1593912304562,0.8561971187591553,0.4184558391571045,1
kodak,03.png,3.0,90.0,1866247112,0.1463421881198883,-1.3506073951721191,-0.5336067080497742,0.3865238130092621,SwinJSCC_author_one_shot,0,16,4096,4130,0.0009705728734843433,30.129718509361396,0.9574371576309204,0.1113569363951683,0
kodak,03.png,3.0,90.0,1866247112,0.1463421881198883,-1.3506073951721191,-0.5336067080497742,0.3865238130092621,SwinJSCC_author_Chase_wrapper,1,16,8192,8228,0.0008186199702322483,30.869176649486548,0.9634312987327576,0.10172692686319351,0
kodak,03.png,3.0,90.0,1866247112,0.1463421881198883,-1.3506073951721191,-0.5336067080497742,0.3865238130092621,same_codec_direct,0,4096,4096,12290,0.0050122421234846115,22.99967957958517,0.843406081199646,0.4433431625366211,1
kodak,03.png,3.0,90.0,1866247112,0.1463421881198883,-1.3506073951721191,-0.5336067080497742,0.3865238130092621,same_codec_full_HARQ,1,4096,8192,16388,0.004801031202077866,23.186654715258964,0.8499157428741455,0.4348384737968445,1
kodak,03.png,3.0,90.0,1866247112,0.1463421881198883,-1.3506073951721191,-0.5336067080497742,0.3865238130092621,adaptive_HARQ,1,4096,8192,16388,0.004801031202077866,23.186654715258964,0.8499157428741455,0.4348384737968445,1
kodak,03.png,3.0,90.0,1866247112,0.1463421881198883,-1.3506073951721191,-0.5336067080497742,0.3865238130092621,FlowHARQ,0,4096,4096,12290,0.004232182167470455,23.734356470634893,0.8464462161064148,0.4467298090457916,1
kodak,03.png,3.0,120.0,887226188,-0.737679660320282,-0.6344912052154541,0.9918676614761353,0.5623898506164551,SwinJSCC_author_one_shot,0,16,4096,4130,0.0018025657627731562,27.441088820101935,0.911773145198822,0.19016940891742706,0
kodak,03.png,3.0,120.0,887226188,-0.737679660320282,-0.6344912052154541,0.9918676614761353,0.5623898506164551,SwinJSCC_author_Chase_wrapper,1,16,8192,8228,0.0008567640907131135,30.671387442443123,0.9608887434005737,0.09631137549877167,0
kodak,03.png,3.0,120.0,887226188,-0.737679660320282,-0.6344912052154541,0.9918676614761353,0.5623898506164551,same_codec_direct,0,4096,4096,12290,0.006003830581903458,22.215715713225993,0.8053680658340454,0.46863484382629395,1
kodak,03.png,3.0,120.0,887226188,-0.737679660320282,-0.6344912052154541,0.9918676614761353,0.5623898506164551,same_codec_full_HARQ,1,4096,8192,16388,0.004986978601664305,23.02162495266508,0.8445099592208862,0.4266643226146698,1
kodak,03.png,3.0,120.0,887226188,-0.737679660320282,-0.6344912052154541,0.9918676614761353,0.5623898506164551,adaptive_HARQ,1,4096,8192,16388,0.004986978601664305,23.02162495266508,0.8445099592208862,0.4266643226146698,1
kodak,03.png,3.0,120.0,887226188,-0.737679660320282,-0.6344912052154541,0.9918676614761353,0.5623898506164551,FlowHARQ,1,4096,8192,16388,0.004986978601664305,23.02162495266508,0.8445099592208862,0.4266643226146698,1
kodak,03.png,6.0,30.0,1539043168,0.29313212633132935,0.08406167477369308,0.53563392162323,0.9156398773193359,SwinJSCC_author_one_shot,0,16,4096,4130,0.026172226294875145,15.821593332846223,0.40453633666038513,0.7230387330055237,1
kodak,03.png,6.0,30.0,1539043168,0.29313212633132935,0.08406167477369308,0.53563392162323,0.9156398773193359,SwinJSCC_author_Chase_wrapper,1,16,8192,8228,0.000839913438539952,30.757654700113957,0.9658868312835693,0.1015053391456604,0
kodak,03.png,6.0,30.0,1539043168,0.29313212633132935,0.08406167477369308,0.53563392162323,0.9156398773193359,same_codec_direct,0,4096,4096,12290,0.008284937590360641,20.817107587309543,0.7133409380912781,0.564630925655365,1
kodak,03.png,6.0,30.0,1539043168,0.29313212633132935,0.08406167477369308,0.53563392162323,0.9156398773193359,same_codec_full_HARQ,1,4096,8192,16388,0.005090649239718914,22.932268260627453,0.8437861204147339,0.42133986949920654,1
kodak,03.png,6.0,30.0,1539043168,0.29313212633132935,0.08406167477369308,0.53563392162323,0.9156398773193359,adaptive_HARQ,1,4096,8192,16388,0.005090649239718914,22.932268260627453,0.8437861204147339,0.42133986949920654,1
kodak,03.png,6.0,30.0,1539043168,0.29313212633132935,0.08406167477369308,0.53563392162323,0.9156398773193359,FlowHARQ,1,4096,8192,16388,0.005090649239718914,22.932268260627453,0.8437861204147339,0.42133986949920654,1
kodak,03.png,6.0,60.0,546002684,0.739895224571228,-0.7179813981056213,-0.13167227804660797,-0.010249912738800049,SwinJSCC_author_one_shot,0,16,4096,4130,0.0009186223614960909,30.36862987008496,0.9636225700378418,0.10182631760835648,0
kodak,03.png,6.0,60.0,546002684,0.739895224571228,-0.7179813981056213,-0.13167227804660797,-0.010249912738800049,SwinJSCC_author_Chase_wrapper,1,16,8192,8228,0.0009093018597923219,30.41291920650627,0.9641728401184082,0.1010138988494873,0
kodak,03.png,6.0,60.0,546002684,0.739895224571228,-0.7179813981056213,-0.13167227804660797,-0.010249912738800049,same_codec_direct,0,4096,4096,12290,0.005200845189392567,22.839260734301643,0.8341814875602722,0.42691659927368164,1
kodak,03.png,6.0,60.0,546002684,0.739895224571228,-0.7179813981056213,-0.13167227804660797,-0.010249912738800049,same_codec_full_HARQ,1,4096,8192,16388,0.00520034646615386,22.83967721110143,0.8341766595840454,0.4265088438987732,1
kodak,03.png,6.0,60.0,546002684,0.739895224571228,-0.7179813981056213,-0.13167227804660797,-0.010249912738800049,adaptive_HARQ,0,4096,4096,12290,0.005200845189392567,22.839260734301643,0.8341814875602722,0.42691659927368164,1
kodak,03.png,6.0,60.0,546002684,0.739895224571228,-0.7179813981056213,-0.13167227804660797,-0.010249912738800049,FlowHARQ,0,4096,4096,12290,0.0044921222142875195,23.475484366784656,0.8380354642868042,0.4296078085899353,1
kodak,03.png,6.0,90.0,1905055300,-0.6694994568824768,-0.3005894124507904,0.8378476500511169,-0.09243714809417725,SwinJSCC_author_one_shot,0,16,4096,4130,0.0016740522114560008,27.76231001065802,0.9192327857017517,0.1859976053237915,0
kodak,03.png,6.0,90.0,1905055300,-0.6694994568824768,-0.3005894124507904,0.8378476500511169,-0.09243714809417725,SwinJSCC_author_Chase_wrapper,1,16,8192,8228,0.0008253349806182086,30.833697475629982,0.9677666425704956,0.0948469489812851,0
kodak,03.png,6.0,90.0,1905055300,-0.6694994568824768,-0.3005894124507904,0.8378476500511169,-0.09243714809417725,same_codec_direct,0,4096,4096,12290,0.005263015627861023,22.787653403981267,0.8231808543205261,0.47296983003616333,1
kodak,03.png,6.0,90.0,1905055300,-0.6694994568824768,-0.3005894124507904,0.8378476500511169,-0.09243714809417725,same_codec_full_HARQ,1,4096,8192,16388,0.004612726159393787,23.36042327094372,0.8533751368522644,0.42325061559677124,1
kodak,03.png,6.0,90.0,1905055300,-0.6694994568824768,-0.3005894124507904,0.8378476500511169,-0.09243714809417725,adaptive_HARQ,1,4096,8192,16388,0.004612726159393787,23.36042327094372,0.8533751368522644,0.42325061559677124,1
kodak,03.png,6.0,90.0,1905055300,-0.6694994568824768,-0.3005894124507904,0.8378476500511169,-0.09243714809417725,FlowHARQ,0,4096,4096,12290,0.004496477078646421,23.471276161152495,0.8261353969573975,0.47892093658447266,1
kodak,03.png,6.0,120.0,4032770743,0.4753936529159546,0.31449300050735474,0.6547906994819641,0.7999473810195923,SwinJSCC_author_one_shot,0,16,4096,4130,0.00402449956163764,23.952881155772285,0.8279674053192139,0.3256807327270508,1
kodak,03.png,6.0,120.0,4032770743,0.4753936529159546,0.31449300050735474,0.6547906994819641,0.7999473810195923,SwinJSCC_author_Chase_wrapper,1,16,8192,8228,0.0008350090938620269,30.78308794704911,0.9671273231506348,0.09825573861598969,0
kodak,03.png,6.0,120.0,4032770743,0.4753936529159546,0.31449300050735474,0.6547906994819641,0.7999473810195923,same_codec_direct,0,4096,4096,12290,0.006953639443963766,21.57787831851858,0.778100848197937,0.4827749729156494,1
kodak,03.png,6.0,120.0,4032770743,0.4753936529159546,0.31449300050735474,0.6547906994819641,0.7999473810195923,same_codec_full_HARQ,1,4096,8192,16388,0.004950881004333496,23.053175119198567,0.8470554351806641,0.41168710589408875,1
kodak,03.png,6.0,120.0,4032770743,0.4753936529159546,0.31449300050735474,0.6547906994819641,0.7999473810195923,adaptive_HARQ,1,4096,8192,16388,0.004950881004333496,23.053175119198567,0.8470554351806641,0.41168710589408875,1
kodak,03.png,6.0,120.0,4032770743,0.4753936529159546,0.31449300050735474,0.6547906994819641,0.7999473810195923,FlowHARQ,1,4096,8192,16388,0.004950881004333496,23.053175119198567,0.8470554351806641,0.41168710589408875,1
kodak,03.png,9.0,30.0,1755479062,0.5240334868431091,0.2752089202404022,0.47881001234054565,-0.040830448269844055,SwinJSCC_author_one_shot,0,16,4096,4130,0.0011820143554359674,29.273772489634204,0.9481420516967773,0.121427983045578,0
kodak,03.png,9.0,30.0,1755479062,0.5240334868431091,0.2752089202404022,0.47881001234054565,-0.040830448269844055,SwinJSCC_author_Chase_wrapper,1,16,8192,8228,0.0008721316116861999,30.594179715857415,0.9648294448852539,0.09892192482948303,0
kodak,03.png,9.0,30.0,1755479062,0.5240334868431091,0.2752089202404022,0.47881001234054565,-0.040830448269844055,same_codec_direct,0,4096,4096,12290,0.005147995892912149,22.883618082490614,0.8248777389526367,0.44759413599967957,1
kodak,03.png,9.0,30.0,1755479062,0.5240334868431091,0.2752089202404022,0.47881001234054565,-0.040830448269844055,same_codec_full_HARQ,1,4096,8192,16388,0.004811909515410662,23.176825478590676,0.8439456224441528,0.424824059009552,1
kodak,03.png,9.0,30.0,1755479062,0.5240334868431091,0.2752089202404022,0.47881001234054565,-0.040830448269844055,adaptive_HARQ,1,4096,8192,16388,0.004811909515410662,23.176825478590676,0.8439456224441528,0.424824059009552,1
kodak,03.png,9.0,30.0,1755479062,0.5240334868431091,0.2752089202404022,0.47881001234054565,-0.040830448269844055,FlowHARQ,1,4096,8192,16388,0.004811909515410662,23.176825478590676,0.8439456224441528,0.424824059009552,1
kodak,03.png,9.0,60.0,1074899521,0.18640023469924927,-0.8462801575660706,0.09947961568832397,-0.492952823638916,SwinJSCC_author_one_shot,0,16,4096,4130,0.0007378330337814987,31.320419047233887,0.9696429967880249,0.09344788640737534,0
kodak,03.png,9.0,60.0,1074899521,0.18640023469924927,-0.8462801575660706,0.09947961568832397,-0.492952823638916,SwinJSCC_author_Chase_wrapper,1,16,8192,8228,0.0006748132291249931,31.708164120347966,0.9728050231933594,0.08867526799440384,0
kodak,03.png,9.0,60.0,1074899521,0.18640023469924927,-0.8462801575660706,0.09947961568832397,-0.492952823638916,same_codec_direct,0,4096,4096,12290,0.004692152142524719,23.286279143766908,0.8538650274276733,0.4144398272037506,1
kodak,03.png,9.0,60.0,1074899521,0.18640023469924927,-0.8462801575660706,0.09947961568832397,-0.492952823638916,same_codec_full_HARQ,1,4096,8192,16388,0.004599999636411667,23.37242202645472,0.8593983054161072,0.4034929573535919,1
kodak,03.png,9.0,60.0,1074899521,0.18640023469924927,-0.8462801575660706,0.09947961568832397,-0.492952823638916,adaptive_HARQ,0,4096,4096,12290,0.004692152142524719,23.286279143766908,0.8538650274276733,0.4144398272037506,1
kodak,03.png,9.0,60.0,1074899521,0.18640023469924927,-0.8462801575660706,0.09947961568832397,-0.492952823638916,FlowHARQ,0,4096,4096,12290,0.004104078281670809,23.867843640333184,0.8586121797561646,0.418181836605072,1
kodak,03.png,9.0,90.0,3968712223,-0.27166086435317993,0.3693825602531433,0.9415486454963684,0.3969619870185852,SwinJSCC_author_one_shot,0,16,4096,4130,0.0024130684323608875,26.17430361731786,0.8994733691215515,0.21201811730861664,0
kodak,03.png,9.0,90.0,3968712223,-0.27166086435317993,0.3693825602531433,0.9415486454963684,0.3969619870185852,SwinJSCC_author_Chase_wrapper,1,16,8192,8228,0.0006533241248689592,31.8487130460826,0.9738960266113281,0.08531651645898819,0
kodak,03.png,9.0,90.0,3968712223,-0.27166086435317993,0.3693825602531433,0.9415486454963684,0.3969619870185852,same_codec_direct,0,4096,4096,12290,0.00560267549008131,22.516045313693734,0.8088607788085938,0.47175177931785583,1
kodak,03.png,9.0,90.0,3968712223,-0.27166086435317993,0.3693825602531433,0.9415486454963684,0.3969619870185852,same_codec_full_HARQ,1,4096,8192,16388,0.004504983779042959,23.463067684329353,0.8648516535758972,0.4000253975391388,1
kodak,03.png,9.0,90.0,3968712223,-0.27166086435317993,0.3693825602531433,0.9415486454963684,0.3969619870185852,adaptive_HARQ,1,4096,8192,16388,0.004504983779042959,23.463067684329353,0.8648516535758972,0.4000253975391388,1
kodak,03.png,9.0,90.0,3968712223,-0.27166086435317993,0.3693825602531433,0.9415486454963684,0.3969619870185852,FlowHARQ,1,4096,8192,16388,0.004504983779042959,23.463067684329353,0.8648516535758972,0.4000253975391388,1
kodak,03.png,9.0,120.0,2554830536,0.19473569095134735,0.3902806043624878,0.6679337024688721,0.37551063299179077,SwinJSCC_author_one_shot,0,16,4096,4130,0.008113350719213486,20.907997501867023,0.8262811899185181,0.27085748314857483,1
kodak,03.png,9.0,120.0,2554830536,0.19473569095134735,0.3902806043624878,0.6679337024688721,0.37551063299179077,SwinJSCC_author_Chase_wrapper,1,16,8192,8228,0.0007709976052865386,31.12946970862736,0.9694479703903198,0.0894336923956871,0
kodak,03.png,9.0,120.0,2554830536,0.19473569095134735,0.3902806043624878,0.6679337024688721,0.37551063299179077,same_codec_direct,0,4096,4096,12290,0.005888443440198898,22.29999492084311,0.7928023338317871,0.4905279874801636,1
kodak,03.png,9.0,120.0,2554830536,0.19473569095134735,0.3902806043624878,0.6679337024688721,0.37551063299179077,same_codec_full_HARQ,1,4096,8192,16388,0.004700298886746168,23.278745248861092,0.8543996214866638,0.4055665135383606,1
kodak,03.png,9.0,120.0,2554830536,0.19473569095134735,0.3902806043624878,0.6679337024688721,0.37551063299179077,adaptive_HARQ,1,4096,8192,16388,0.004700298886746168,23.278745248861092,0.8543996214866638,0.4055665135383606,1
kodak,03.png,9.0,120.0,2554830536,0.19473569095134735,0.3902806043624878,0.6679337024688721,0.37551063299179077,FlowHARQ,1,4096,8192,16388,0.004700298886746168,23.278745248861092,0.8543996214866638,0.4055665135383606,1
kodak,03.png,12.0,30.0,2062134233,-0.015618380159139633,0.3763527274131775,0.4622538983821869,0.7535524964332581,SwinJSCC_author_one_shot,0,16,4096,4130,0.0013933870941400528,28.559282163145227,0.9312677383422852,0.15011948347091675,0
kodak,03.png,12.0,30.0,2062134233,-0.015618380159139633,0.3763527274131775,0.4622538983821869,0.7535524964332581,SwinJSCC_author_Chase_wrapper,1,16,8192,8228,0.0006036907434463501,32.19185483250373,0.9766008853912354,0.08456780016422272,0
kodak,03.png,12.0,30.0,2062134233,-0.015618380159139633,0.3763527274131775,0.4622538983821869,0.7535524964332581,same_codec_direct,0,4096,4096,12290,0.005374722182750702,22.696439793410242,0.8184200525283813,0.4417196810245514,1
kodak,03.png,12.0,30.0,2062134233,-0.015618380159139633,0.3763527274131775,0.4622538983821869,0.7535524964332581,same_codec_full_HARQ,1,4096,8192,16388,0.004361963830888271,23.60317939883124,0.8701918125152588,0.3884238302707672,1
kodak,03.png,12.0,30.0,2062134233,-0.015618380159139633,0.3763527274131775,0.4622538983821869,0.7535524964332581,adaptive_HARQ,1,4096,8192,16388,0.004361963830888271,23.60317939883124,0.8701918125152588,0.3884238302707672,1
kodak,03.png,12.0,30.0,2062134233,-0.015618380159139633,0.3763527274131775,0.4622538983821869,0.7535524964332581,FlowHARQ,1,4096,8192,16388,0.004361963830888271,23.60317939883124,0.8701918125152588,0.3884238302707672,1
kodak,03.png,12.0,60.0,3311318409,0.7571839690208435,0.442729651927948,-0.41466933488845825,0.7363758087158203,SwinJSCC_author_one_shot,0,16,4096,4130,0.0006310921162366867,31.999072451085226,0.9759130477905273,0.08658896386623383,0
kodak,03.png,12.0,60.0,3311318409,0.7571839690208435,0.442729651927948,-0.41466933488845825,0.7363758087158203,SwinJSCC_author_Chase_wrapper,1,16,8192,8228,0.0005645756609737873,32.4827784835102,0.9786670207977295,0.08412045240402222,0
kodak,03.png,12.0,60.0,3311318409,0.7571839690208435,0.442729651927948,-0.41466933488845825,0.7363758087158203,same_codec_direct,0,4096,4096,12290,0.004572080913931131,23.398860923268764,0.871462345123291,0.39741140604019165,1
kodak,03.png,12.0,60.0,3311318409,0.7571839690208435,0.442729651927948,-0.41466933488845825,0.7363758087158203,same_codec_full_HARQ,1,4096,8192,16388,0.004405643325299025,23.559906656338704,0.8757152557373047,0.38783907890319824,1
kodak,03.png,12.0,60.0,3311318409,0.7571839690208435,0.442729651927948,-0.41466933488845825,0.7363758087158203,adaptive_HARQ,0,4096,4096,12290,0.004572080913931131,23.398860923268764,0.871462345123291,0.39741140604019165,1
kodak,03.png,12.0,60.0,3311318409,0.7571839690208435,0.442729651927948,-0.41466933488845825,0.7363758087158203,FlowHARQ,0,4096,4096,12290,0.004138004034757614,23.832090902115812,0.8743021488189697,0.39787742495536804,1
kodak,03.png,12.0,90.0,2695917049,0.25283998250961304,-1.1126967668533325,-0.934016227722168,1.309613823890686,SwinJSCC_author_one_shot,0,16,4096,4130,0.0005722968489862978,32.423786452704164,0.9781783819198608,0.08660519123077393,0
kodak,03.png,12.0,90.0,2695917049,0.25283998250961304,-1.1126967668533325,-0.934016227722168,1.309613823890686,SwinJSCC_author_Chase_wrapper,1,16,8192,8228,0.000522421847563237,32.81978669256422,0.9805238246917725,0.08648420125246048,0
kodak,03.png,12.0,90.0,2695917049,0.25283998250961304,-1.1126967668533325,-0.934016227722168,1.309613823890686,same_codec_direct,0,4096,4096,12290,0.00443255016580224,23.533463405306982,0.8750585317611694,0.3838622272014618,1
kodak,03.png,12.0,90.0,2695917049,0.25283998250961304,-1.1126967668533325,-0.934016227722168,1.309613823890686,same_codec_full_HARQ,1,4096,8192,16388,0.0043301768600940704,23.634943651260073,0.8804759383201599,0.37492138147354126,1
kodak,03.png,12.0,90.0,2695917049,0.25283998250961304,-1.1126967668533325,-0.934016227722168,1.309613823890686,adaptive_HARQ,0,4096,4096,12290,0.00443255016580224,23.533463405306982,0.8750585317611694,0.3838622272014618,1
kodak,03.png,12.0,90.0,2695917049,0.25283998250961304,-1.1126967668533325,-0.934016227722168,1.309613823890686,FlowHARQ,0,4096,4096,12290,0.00408894894644618,23.883883118998398,0.8772353529930115,0.3848246932029724,1
kodak,03.png,12.0,120.0,829162413,-0.5219252109527588,-0.5216075778007507,0.06047603487968445,0.0011627376079559326,SwinJSCC_author_one_shot,0,16,4096,4130,0.0006718595395796001,31.727215120080523,0.9730501174926758,0.08637361973524094,0
kodak,03.png,12.0,120.0,829162413,-0.5219252109527588,-0.5216075778007507,0.06047603487968445,0.0011627376079559326,SwinJSCC_author_Chase_wrapper,1,16,8192,8228,0.0006702704122290015,31.73749951260141,0.9730162620544434,0.08611972630023956,0
kodak,03.png,12.0,120.0,829162413,-0.5219252109527588,-0.5216075778007507,0.06047603487968445,0.0011627376079559326,same_codec_direct,0,4096,4096,12290,0.004654027055948973,23.32171096293125,0.8641558885574341,0.40362170338630676,1
kodak,03.png,12.0,120.0,829162413,-0.5219252109527588,-0.5216075778007507,0.06047603487968445,0.0011627376079559326,same_codec_full_HARQ,1,4096,8192,16388,0.004645476117730141,23.32969768278238,0.8643690347671509,0.4032481610774994,1
kodak,03.png,12.0,120.0,829162413,-0.5219252109527588,-0.5216075778007507,0.06047603487968445,0.0011627376079559326,adaptive_HARQ,0,4096,4096,12290,0.004654027055948973,23.32171096293125,0.8641558885574341,0.40362170338630676,1
kodak,03.png,12.0,120.0,829162413,-0.5219252109527588,-0.5216075778007507,0.06047603487968445,0.0011627376079559326,FlowHARQ,0,4096,4096,12290,0.004027688875794411,23.949440844799597,0.8680686950683594,0.4053112268447876,1
kodak,03.png,15.0,30.0,3103619877,-0.8050042986869812,-0.2211352437734604,-0.645117461681366,-0.03770029544830322,SwinJSCC_author_one_shot,0,16,4096,4130,0.0005647951038554311,32.48109076789442,0.9784666895866394,0.08390739560127258,0
kodak,03.png,15.0,30.0,3103619877,-0.8050042986869812,-0.2211352437734604,-0.645117461681366,-0.03770029544830322,SwinJSCC_author_Chase_wrapper,1,16,8192,8228,0.0005395688349381089,32.67953142775671,0.9794573187828064,0.08470958471298218,0
kodak,03.png,15.0,30.0,3103619877,-0.8050042986869812,-0.2211352437734604,-0.645117461681366,-0.03770029544830322,same_codec_direct,0,4096,4096,12290,0.004446572624146938,23.51974610126975,0.8726570010185242,0.3865326941013336,1
kodak,03.png,15.0,30.0,3103619877,-0.8050042986869812,-0.2211352437734604,-0.645117461681366,-0.03770029544830322,same_codec_full_HARQ,1,4096,8192,16388,0.004293343983590603,23.67204314364605,0.8770148158073425,0.3779999017715454,1
kodak,03.png,15.0,30.0,3103619877,-0.8050042986869812,-0.2211352437734604,-0.645117461681366,-0.03770029544830322,adaptive_HARQ,0,4096,4096,12290,0.004446572624146938,23.51974610126975,0.8726570010185242,0.3865326941013336,1
kodak,03.png,15.0,30.0,3103619877,-0.8050042986869812,-0.2211352437734604,-0.645117461681366,-0.03770029544830322,FlowHARQ,0,4096,4096,12290,0.0041058920323848724,23.86592474925478,0.8747459650039673,0.38679686188697815,1
kodak,03.png,15.0,60.0,3358169949,0.34964635968208313,0.03561624139547348,-1.1710227727890015,0.9341574311256409,SwinJSCC_author_one_shot,0,16,4096,4130,0.0009249727590940893,30.338710572602384,0.962554931640625,0.10345827043056488,0
kodak,03.png,15.0,60.0,3358169949,0.34964635968208313,0.03561624139547348,-1.1710227727890015,0.9341574311256409,SwinJSCC_author_Chase_wrapper,1,16,8192,8228,0.0005273882416076958,32.778695572536584,0.9803182482719421,0.08538682758808136,0
kodak,03.png,15.0,60.0,3358169949,0.34964635968208313,0.03561624139547348,-1.1710227727890015,0.9341574311256409,same_codec_direct,0,4096,4096,12290,0.0047482955269515514,23.234622590244797,0.8386001586914062,0.42461609840393066,1
kodak,03.png,15.0,60.0,3358169949,0.34964635968208313,0.03561624139547348,-1.1710227727890015,0.9341574311256409,same_codec_full_HARQ,1,4096,8192,16388,0.004321582615375519,23.643571802090282,0.8817915320396423,0.37916144728660583,1
kodak,03.png,15.0,60.0,3358169949,0.34964635968208313,0.03561624139547348,-1.1710227727890015,0.9341574311256409,adaptive_HARQ,1,4096,8192,16388,0.004321582615375519,23.643571802090282,0.8817915320396423,0.37916144728660583,1
kodak,03.png,15.0,60.0,3358169949,0.34964635968208313,0.03561624139547348,-1.1710227727890015,0.9341574311256409,FlowHARQ,0,4096,4096,12290,0.004023448564112186,23.954015463352953,0.8434714674949646,0.42704296112060547,1
kodak,03.png,15.0,90.0,98445150,0.8664947748184204,0.9946937561035156,-0.1871393918991089,1.1983129978179932,SwinJSCC_author_one_shot,0,16,4096,4130,0.0005346264806576073,32.71949533947126,0.9803473353385925,0.08521490544080734,0
kodak,03.png,15.0,90.0,98445150,0.8664947748184204,0.9946937561035156,-0.1871393918991089,1.1983129978179932,SwinJSCC_author_Chase_wrapper,1,16,8192,8228,0.0005216839490458369,32.82592525263554,0.9807834029197693,0.08428393304347992,0
kodak,03.png,15.0,90.0,98445150,0.8664947748184204,0.9946937561035156,-0.1871393918991089,1.1983129978179932,same_codec_direct,0,4096,4096,12290,0.004382343962788582,23.582935383959047,0.8794910311698914,0.37781864404678345,1
kodak,03.png,15.0,90.0,98445150,0.8664947748184204,0.9946937561035156,-0.1871393918991089,1.1983129978179932,same_codec_full_HARQ,1,4096,8192,16388,0.004323936067521572,23.641207360248934,0.8818151950836182,0.3750542998313904,1
kodak,03.png,15.0,90.0,98445150,0.8664947748184204,0.9946937561035156,-0.1871393918991089,1.1983129978179932,adaptive_HARQ,0,4096,4096,12290,0.004382343962788582,23.582935383959047,0.8794910311698914,0.37781864404678345,1
kodak,03.png,15.0,90.0,98445150,0.8664947748184204,0.9946937561035156,-0.1871393918991089,1.1983129978179932,FlowHARQ,0,4096,4096,12290,0.004108996130526066,23.86264267716461,0.8813943266868591,0.37879982590675354,1
kodak,03.png,15.0,120.0,695444496,2.254817485809326,0.7527831792831421,-0.702647864818573,-0.0029115676879882812,SwinJSCC_author_one_shot,0,16,4096,4130,0.0005162176676094532,32.87167135758851,0.9808688163757324,0.08381752669811249,0
kodak,03.png,15.0,120.0,695444496,2.254817485809326,0.7527831792831421,-0.702647864818573,-0.0029115676879882812,SwinJSCC_author_Chase_wrapper,1,16,8192,8228,0.0005140003049746156,32.89036623322325,0.980937123298645,0.08376285433769226,0
kodak,03.png,15.0,120.0,695444496,2.254817485809326,0.7527831792831421,-0.702647864818573,-0.0029115676879882812,same_codec_direct,0,4096,4096,12290,0.004344769287854433,23.620332801294616,0.8820227384567261,0.37244707345962524,1
kodak,03.png,15.0,120.0,695444496,2.254817485809326,0.7527831792831421,-0.702647864818573,-0.0029115676879882812,same_codec_full_HARQ,1,4096,8192,16388,0.00434332899749279,23.62177272552564,0.8822441101074219,0.3724132478237152,1
kodak,03.png,15.0,120.0,695444496,2.254817485809326,0.7527831792831421,-0.702647864818573,-0.0029115676879882812,adaptive_HARQ,0,4096,4096,12290,0.004344769287854433,23.620332801294616,0.8820227384567261,0.37244707345962524,1
kodak,03.png,15.0,120.0,695444496,2.254817485809326,0.7527831792831421,-0.702647864818573,-0.0029115676879882812,FlowHARQ,0,4096,4096,12290,0.004152500536292791,23.816903027877096,0.8830446600914001,0.3740944564342499,1
kodak,04.png,0.0,30.0,2043734000,1.1100149154663086,-0.7656003832817078,0.820828378200531,-0.8336460590362549,SwinJSCC_author_one_shot,0,16,4096,4130,0.0006164756487123668,32.100840737133694,0.9556414484977722,0.30189192295074463,0
kodak,04.png,0.0,30.0,2043734000,1.1100149154663086,-0.7656003832817078,0.820828378200531,-0.8336460590362549,SwinJSCC_author_Chase_wrapper,1,16,8192,8228,0.0004907320253551006,33.09155598874278,0.9687504768371582,0.29008883237838745,0
kodak,04.png,0.0,30.0,2043734000,1.1100149154663086,-0.7656003832817078,0.820828378200531,-0.8336460590362549,same_codec_direct,0,4096,4096,12290,0.002293807454407215,26.394430402263897,0.8914958834648132,0.5068905353546143,0
kodak,04.png,0.0,30.0,2043734000,1.1100149154663086,-0.7656003832817078,0.820828378200531,-0.8336460590362549,same_codec_full_HARQ,1,4096,8192,16388,0.0022116610780358315,26.552814249334958,0.910273551940918,0.48441240191459656,0
kodak,04.png,0.0,30.0,2043734000,1.1100149154663086,-0.7656003832817078,0.820828378200531,-0.8336460590362549,adaptive_HARQ,0,4096,4096,12290,0.002293807454407215,26.394430402263897,0.8914958834648132,0.5068905353546143,0
kodak,04.png,0.0,30.0,2043734000,1.1100149154663086,-0.7656003832817078,0.820828378200531,-0.8336460590362549,FlowHARQ,0,4096,4096,12290,0.001996829407289624,26.99659036099448,0.8880376219749451,0.5322763323783875,0
kodak,04.png,0.0,60.0,84545573,-0.667646050453186,0.48840242624282837,0.6281958818435669,-0.3105355501174927,SwinJSCC_author_one_shot,0,16,4096,4130,0.0027399840764701366,25.622519610924755,0.8164528608322144,0.5517849326133728,0
kodak,04.png,0.0,60.0,84545573,-0.667646050453186,0.48840242624282837,0.6281958818435669,-0.3105355501174927,SwinJSCC_author_Chase_wrapper,1,16,8192,8228,0.0012323748087510467,29.09257187774952,0.8977094888687134,0.36714744567871094,0
kodak,04.png,0.0,60.0,84545573,-0.667646050453186,0.48840242624282837,0.6281958818435669,-0.3105355501174927,same_codec_direct,0,4096,4096,12290,0.003381737507879734,24.708601055802593,0.8280038833618164,0.5638900995254517,0
kodak,04.png,0.0,60.0,84545573,-0.667646050453186,0.48840242624282837,0.6281958818435669,-0.3105355501174927,same_codec_full_HARQ,1,4096,8192,16388,0.002937659155577421,25.31998595012424,0.8629745841026306,0.5473321080207825,0
kodak,04.png,0.0,60.0,84545573,-0.667646050453186,0.48840242624282837,0.6281958818435669,-0.3105355501174927,adaptive_HARQ,0,4096,4096,12290,0.003381737507879734,24.708601055802593,0.8280038833618164,0.5638900995254517,0
kodak,04.png,0.0,60.0,84545573,-0.667646050453186,0.48840242624282837,0.6281958818435669,-0.3105355501174927,FlowHARQ,0,4096,4096,12290,0.0032385175582021475,24.896537439984982,0.816298246383667,0.6316940784454346,0
kodak,04.png,0.0,90.0,1576001821,-0.9524009227752686,-0.0867307111620903,-1.6479928493499756,1.0910465717315674,SwinJSCC_author_one_shot,0,16,4096,4130,0.0015185775700956583,28.18563019087119,0.8619183897972107,0.45990854501724243,0
kodak,04.png,0.0,90.0,1576001821,-0.9524009227752686,-0.0867307111620903,-1.6479928493499756,1.0910465717315674,SwinJSCC_author_Chase_wrapper,1,16,8192,8228,0.0003660505171865225,34.36458975202863,0.9738637804985046,0.27775728702545166,0
kodak,04.png,0.0,90.0,1576001821,-0.9524009227752686,-0.0867307111620903,-1.6479928493499756,1.0910465717315674,same_codec_direct,0,4096,4096,12290,0.002663199556991458,25.74596290093872,0.8547407984733582,0.5657612085342407,0
kodak,04.png,0.0,90.0,1576001821,-0.9524009227752686,-0.0867307111620903,-1.6479928493499756,1.0910465717315674,same_codec_full_HARQ,1,4096,8192,16388,0.0020379035267978907,26.908163790984936,0.9223470091819763,0.45994746685028076,0
kodak,04.png,0.0,90.0,1576001821,-0.9524009227752686,-0.0867307111620903,-1.6479928493499756,1.0910465717315674,adaptive_HARQ,0,4096,4096,12290,0.002663199556991458,25.74596290093872,0.8547407984733582,0.5657612085342407,0
kodak,04.png,0.0,90.0,1576001821,-0.9524009227752686,-0.0867307111620903,-1.6479928493499756,1.0910465717315674,FlowHARQ,0,4096,4096,12290,0.00241481582634151,26.171159865082025,0.8443162441253662,0.6033002138137817,0
kodak,04.png,0.0,120.0,3061921774,-0.5460720658302307,0.6367964148521423,0.3293604850769043,-0.9864830374717712,SwinJSCC_author_one_shot,0,16,4096,4130,0.0028813236858695745,25.404079506433348,0.8112618327140808,0.5328238606452942,0
kodak,04.png,0.0,120.0,3061921774,-0.5460720658302307,0.6367964148521423,0.3293604850769043,-0.9864830374717712,SwinJSCC_author_Chase_wrapper,1,16,8192,8228,0.000610478047747165,32.143299482853266,0.9593797922134399,0.2898107171058655,0
kodak,04.png,0.0,120.0,3061921774,-0.5460720658302307,0.6367964148521423,0.3293604850769043,-0.9864830374717712,same_codec_direct,0,4096,4096,12290,0.0029403462540358305,25.316015242264047,0.8379578590393066,0.5378497838973999,0
kodak,04.png,0.0,120.0,3061921774,-0.5460720658302307,0.6367964148521423,0.3293604850769043,-0.9864830374717712,same_codec_full_HARQ,1,4096,8192,16388,0.0023456260096281767,26.297412313093595,0.8839354515075684,0.5067622661590576,0
kodak,04.png,0.0,120.0,3061921774,-0.5460720658302307,0.6367964148521423,0.3293604850769043,-0.9864830374717712,adaptive_HARQ,0,4096,4096,12290,0.0029403462540358305,25.316015242264047,0.8379578590393066,0.5378497838973999,0
kodak,04.png,0.0,120.0,3061921774,-0.5460720658302307,0.6367964148521423,0.3293604850769043,-0.9864830374717712,FlowHARQ,0,4096,4096,12290,0.0025130563881248236,25.997977665698954,0.8247109651565552,0.5970391035079956,0
kodak,04.png,3.0,30.0,2797939983,-0.9521650671958923,0.29556214809417725,-0.8994232416152954,0.15792106091976166,SwinJSCC_author_one_shot,0,16,4096,4130,0.0005747673567384481,32.40507905101022,0.9616459608078003,0.282806396484375,0
kodak,04.png,3.0,30.0,2797939983,-0.9521650671958923,0.29556214809417725,-0.8994232416152954,0.15792106091976166,SwinJSCC_author_Chase_wrapper,1,16,8192,8228,0.0004181878175586462,33.786286229868296,0.9719151854515076,0.2723109722137451,0
kodak,04.png,3.0,30.0,2797939983,-0.9521650671958923,0.29556214809417725,-0.8994232416152954,0.15792106091976166,same_codec_direct,0,4096,4096,12290,0.0024614129215478897,26.088155238401114,0.8960123062133789,0.5034945011138916,0
kodak,04.png,3.0,30.0,2797939983,-0.9521650671958923,0.29556214809417725,-0.8994232416152954,0.15792106091976166,same_codec_full_HARQ,1,4096,8192,16388,0.0022034344729036093,26.568998602797826,0.9141527414321899,0.4704281687736511,0
kodak,04.png,3.0,30.0,2797939983,-0.9521650671958923,0.29556214809417725,-0.8994232416152954,0.15792106091976166,adaptive_HARQ,0,4096,4096,12290,0.0024614129215478897,26.088155238401114,0.8960123062133789,0.5034945011138916,0
kodak,04.png,3.0,30.0,2797939983,-0.9521650671958923,0.29556214809417725,-0.8994232416152954,0.15792106091976166,FlowHARQ,0,4096,4096,12290,0.002164985751733184,26.645449574926097,0.8930238485336304,0.5246599912643433,0
kodak,04.png,3.0,60.0,2122959769,-0.5215907096862793,1.4439454078674316,-0.5987275242805481,0.9994074702262878,SwinJSCC_author_one_shot,0,16,4096,4130,0.00037278837407939136,34.28537640180443,0.9744705557823181,0.2708389163017273,0
kodak,04.png,3.0,60.0,2122959769,-0.5215907096862793,1.4439454078674316,-0.5987275242805481,0.9994074702262878,SwinJSCC_author_Chase_wrapper,1,16,8192,8228,0.0003367873141542077,34.72644275535174,0.9770517349243164,0.26770931482315063,0
kodak,04.png,3.0,60.0,2122959769,-0.5215907096862793,1.4439454078674316,-0.5987275242805481,0.9994074702262878,same_codec_direct,0,4096,4096,12290,0.0019588812720030546,27.079918858411524,0.9209403991699219,0.4456774592399597,0
kodak,04.png,3.0,60.0,2122959769,-0.5215907096862793,1.4439454078674316,-0.5987275242805481,0.9994074702262878,same_codec_full_HARQ,1,4096,8192,16388,0.001882260199636221,27.253203408156807,0.9295539855957031,0.439487099647522,0
kodak,04.png,3.0,60.0,2122959769,-0.5215907096862793,1.4439454078674316,-0.5987275242805481,0.9994074702262878,adaptive_HARQ,0,4096,4096,12290,0.0019588812720030546,27.079918858411524,0.9209403991699219,0.4456774592399597,0
kodak,04.png,3.0,60.0,2122959769,-0.5215907096862793,1.4439454078674316,-0.5987275242805481,0.9994074702262878,FlowHARQ,0,4096,4096,12290,0.0017755664885044098,27.506630603097463,0.9192366003990173,0.45629507303237915,0
kodak,04.png,3.0,90.0,3451660613,-0.16702713072299957,-0.49453896284103394,-0.004734952002763748,0.7266327738761902,SwinJSCC_author_one_shot,0,16,4096,4130,0.004875593818724155,23.119724822239807,0.7072980403900146,0.6476249098777771,1
kodak,04.png,3.0,90.0,3451660613,-0.16702713072299957,-0.49453896284103394,-0.004734952002763748,0.7266327738761902,SwinJSCC_author_Chase_wrapper,1,16,8192,8228,0.0007215127116069198,31.417560131053307,0.9418291449546814,0.29839250445365906,0
kodak,04.png,3.0,90.0,3451660613,-0.16702713072299957,-0.49453896284103394,-0.004734952002763748,0.7266327738761902,same_codec_direct,0,4096,4096,12290,0.0033672931604087353,24.727190717896832,0.81695556640625,0.5323835611343384,0
kodak,04.png,3.0,90.0,3451660613,-0.16702713072299957,-0.49453896284103394,-0.004734952002763748,0.7266327738761902,same_codec_full_HARQ,1,4096,8192,16388,0.0024440502747893333,26.118898647801302,0.8817893862724304,0.5045122504234314,0
kodak,04.png,3.0,90.0,3451660613,-0.16702713072299957,-0.49453896284103394,-0.004734952002763748,0.7266327738761902,adaptive_HARQ,0,4096,4096,12290,0.0033672931604087353,24.727190717896832,0.81695556640625,0.5323835611343384,0
kodak,04.png,3.0,90.0,3451660613,-0.16702713072299957,-0.49453896284103394,-0.004734952002763748,0.7266327738761902,FlowHARQ,0,4096,4096,12290,0.0030236064922064543,25.194747308241485,0.7996034622192383,0.5983831286430359,0
kodak,04.png,3.0,120.0,1772844906,0.5042808651924133,0.0096724359318614,-0.6416309475898743,-0.09856124222278595,SwinJSCC_author_one_shot,0,16,4096,4130,0.0067313979379832745,21.71894734630918,0.6723873615264893,0.6718543171882629,1
kodak,04.png,3.0,120.0,1772844906,0.5042808651924133,0.0096724359318614,-0.6416309475898743,-0.09856124222278595,SwinJSCC_author_Chase_wrapper,1,16,8192,8228,0.0011750722769647837,29.299354197568455,0.9046772718429565,0.33738574385643005,0
kodak,04.png,3.0,120.0,1772844906,0.5042808651924133,0.0096724359318614,-0.6416309475898743,-0.09856124222278595,same_codec_direct,0,4096,4096,12290,0.0033308693673461676,24.774423994773016,0.8049761056900024,0.5552014112472534,0
kodak,04.png,3.0,120.0,1772844906,0.5042808651924133,0.0096724359318614,-0.6416309475898743,-0.09856124222278595,same_codec_full_HARQ,1,4096,8192,16388,0.0022894327994436026,26.40272099574215,0.8764195442199707,0.5190155506134033,0
kodak,04.png,3.0,120.0,1772844906,0.5042808651924133,0.0096724359318614,-0.6416309475898743,-0.09856124222278595,adaptive_HARQ,0,4096,4096,12290,0.0033308693673461676,24.774423994773016,0.8049761056900024,0.5552014112472534,0
kodak,04.png,3.0,120.0,1772844906,0.5042808651924133,0.0096724359318614,-0.6416309475898743,-0.09856124222278595,FlowHARQ,0,4096,4096,12290,0.0031016431748867035,25.084081665776626,0.8020796775817871,0.6007531881332397,0
kodak,04.png,6.0,30.0,4249803842,0.1279505342245102,1.2725656032562256,0.5040943026542664,1.219415307044983,SwinJSCC_author_one_shot,0,16,4096,4130,0.0003465674235485494,34.60212262274183,0.9759572744369507,0.26803743839263916,0
kodak,04.png,6.0,30.0,4249803842,0.1279505342245102,1.2725656032562256,0.5040943026542664,1.219415307044983,SwinJSCC_author_Chase_wrapper,1,16,8192,8228,0.00031034648418426514,35.08153170233544,0.9792605638504028,0.26643574237823486,0
kodak,04.png,6.0,30.0,4249803842,0.1279505342245102,1.2725656032562256,0.5040943026542664,1.219415307044983,same_codec_direct,0,4096,4096,12290,0.0019113387679681182,27.186623312494778,0.9268543720245361,0.4439350366592407,0
kodak,04.png,6.0,30.0,4249803842,0.1279505342245102,1.2725656032562256,0.5040943026542664,1.219415307044983,same_codec_full_HARQ,1,4096,8192,16388,0.0018811733461916447,27.255711832769553,0.9364139437675476,0.42553800344467163,0
kodak,04.png,6.0,30.0,4249803842,0.1279505342245102,1.2725656032562256,0.5040943026542664,1.219415307044983,adaptive_HARQ,0,4096,4096,12290,0.0019113387679681182,27.186623312494778,0.9268543720245361,0.4439350366592407,0
kodak,04.png,6.0,30.0,4249803842,0.1279505342245102,1.2725656032562256,0.5040943026542664,1.219415307044983,FlowHARQ,0,4096,4096,12290,0.0017356588505208492,27.605356327862257,0.9256457090377808,0.45077037811279297,0
kodak,04.png,6.0,60.0,2935525176,-0.4525010883808136,-0.2660960555076599,-1.1129215955734253,0.20912136137485504,SwinJSCC_author_one_shot,0,16,4096,4130,0.0009943954646587372,30.024408651369022,0.9220622777938843,0.37528613209724426,0
kodak,04.png,6.0,60.0,2935525176,-0.4525010883808136,-0.2660960555076599,-1.1129215955734253,0.20912136137485504,SwinJSCC_author_Chase_wrapper,1,16,8192,8228,0.00035451175062917173,34.50369365138654,0.9757026433944702,0.2763756215572357,0
kodak,04.png,6.0,60.0,2935525176,-0.4525010883808136,-0.2660960555076599,-1.1129215955734253,0.20912136137485504,same_codec_direct,0,4096,4096,12290,0.0027046180330216885,25.6789406063662,0.8683201670646667,0.510875940322876,0
kodak,04.png,6.0,60.0,2935525176,-0.4525010883808136,-0.2660960555076599,-1.1129215955734253,0.20912136137485504,same_codec_full_HARQ,1,4096,8192,16388,0.002057522302493453,26.866554485592676,0.9257659912109375,0.4486478567123413,0
kodak,04.png,6.0,60.0,2935525176,-0.4525010883808136,-0.2660960555076599,-1.1129215955734253,0.20912136137485504,adaptive_HARQ,0,4096,4096,12290,0.0027046180330216885,25.6789406063662,0.8683201670646667,0.510875940322876,0
kodak,04.png,6.0,60.0,2935525176,-0.4525010883808136,-0.2660960555076599,-1.1129215955734253,0.20912136137485504,FlowHARQ,0,4096,4096,12290,0.0024148193188011646,26.17115358404459,0.8606457710266113,0.5314054489135742,0
kodak,04.png,6.0,90.0,2144488330,0.6463404297828674,-1.0188754796981812,-1.6080918312072754,0.5957063436508179,SwinJSCC_author_one_shot,0,16,4096,4130,0.0003583025827538222,34.457500612960985,0.9752038717269897,0.27278009057044983,0
kodak,04.png,6.0,90.0,2144488330,0.6463404297828674,-1.0188754796981812,-1.6080918312072754,0.5957063436508179,SwinJSCC_author_Chase_wrapper,1,16,8192,8228,0.0003020412113983184,35.199337965732944,0.9801645278930664,0.2641121745109558,0
kodak,04.png,6.0,90.0,2144488330,0.6463404297828674,-1.0188754796981812,-1.6080918312072754,0.5957063436508179,same_codec_direct,0,4096,4096,12290,0.001962842885404825,27.071144618531335,0.923375129699707,0.46025919914245605,0
kodak,04.png,6.0,90.0,2144488330,0.6463404297828674,-1.0188754796981812,-1.6080918312072754,0.5957063436508179,same_codec_full_HARQ,1,4096,8192,16388,0.0017917368095368147,27.46725784049136,0.9384126663208008,0.4258688688278198,0
kodak,04.png,6.0,90.0,2144488330,0.6463404297828674,-1.0188754796981812,-1.6080918312072754,0.5957063436508179,adaptive_HARQ,0,4096,4096,12290,0.001962842885404825,27.071144618531335,0.923375129699707,0.46025919914245605,0
kodak,04.png,6.0,90.0,2144488330,0.6463404297828674,-1.0188754796981812,-1.6080918312072754,0.5957063436508179,FlowHARQ,0,4096,4096,12290,0.0018188045360147953,27.402139713551314,0.9226242303848267,0.4678635597229004,0
kodak,04.png,6.0,120.0,516094985,0.5158892869949341,-1.2794253826141357,-1.3490915298461914,1.0724974870681763,SwinJSCC_author_one_shot,0,16,4096,4130,0.0003414269012864679,34.66702263479054,0.976609468460083,0.2662615180015564,0
kodak,04.png,6.0,120.0,516094985,0.5158892869949341,-1.2794253826141357,-1.3490915298461914,1.0724974870681763,SwinJSCC_author_Chase_wrapper,1,16,8192,8228,0.00029859261121600866,35.24920943254724,0.9801645278930664,0.26208075881004333,0
kodak,04.png,6.0,120.0,516094985,0.5158892869949341,-1.2794253826141357,-1.3490915298461914,1.0724974870681763,same_codec_direct,0,4096,4096,12290,0.0018513062968850136,27.325217216889598,0.9271363019943237,0.435648649930954,0
kodak,04.png,6.0,120.0,516094985,0.5158892869949341,-1.2794253826141357,-1.3490915298461914,1.0724974870681763,same_codec_full_HARQ,1,4096,8192,16388,0.0018209409900009632,27.397041278636216,0.9376572966575623,0.4217182397842407,0
kodak,04.png,6.0,120.0,516094985,0.5158892869949341,-1.2794253826141357,-1.3490915298461914,1.0724974870681763,adaptive_HARQ,0,4096,4096,12290,0.0018513062968850136,27.325217216889598,0.9271363019943237,0.435648649930954,0
kodak,04.png,6.0,120.0,516094985,0.5158892869949341,-1.2794253826141357,-1.3490915298461914,1.0724974870681763,FlowHARQ,0,4096,4096,12290,0.0017005610279738903,27.69407777940774,0.9263424873352051,0.438414603471756,0
kodak,04.png,9.0,30.0,1913152606,0.49848473072052,-0.6716532111167908,1.0733309984207153,-0.5780324935913086,SwinJSCC_author_one_shot,0,16,4096,4130,0.00035276240669190884,34.52517703121219,0.975502610206604,0.27506890892982483,0
kodak,04.png,9.0,30.0,1913152606,0.49848473072052,-0.6716532111167908,1.0733309984207153,-0.5780324935913086,SwinJSCC_author_Chase_wrapper,1,16,8192,8228,0.0003001149161718786,35.227124189365206,0.980139434337616,0.2656247019767761,0
kodak,04.png,9.0,30.0,1913152606,0.49848473072052,-0.6716532111167908,1.0733309984207153,-0.5780324935913086,same_codec_direct,0,4096,4096,12290,0.0018207657849416137,27.3974591628605,0.9246825575828552,0.4480176568031311,0
kodak,04.png,9.0,30.0,1913152606,0.49848473072052,-0.6716532111167908,1.0733309984207153,-0.5780324935913086,same_codec_full_HARQ,1,4096,8192,16388,0.0018029578495770693,27.44014426305921,0.9389225840568542,0.4257696866989136,0
kodak,04.png,9.0,30.0,1913152606,0.49848473072052,-0.6716532111167908,1.0733309984207153,-0.5780324935913086,adaptive_HARQ,0,4096,4096,12290,0.0018207657849416137,27.3974591628605,0.9246825575828552,0.4480176568031311,0
kodak,04.png,9.0,30.0,1913152606,0.49848473072052,-0.6716532111167908,1.0733309984207153,-0.5780324935913086,FlowHARQ,0,4096,4096,12290,0.0016747794579714537,27.760423745925795,0.9230787754058838,0.4545828700065613,0
kodak,04.png,9.0,60.0,2348205614,0.32837575674057007,-0.5424291491508484,0.4647369384765625,0.37072598934173584,SwinJSCC_author_one_shot,0,16,4096,4130,0.000429493491537869,33.67043412998294,0.969541072845459,0.27111515402793884,0
kodak,04.png,9.0,60.0,2348205614,0.32837575674057007,-0.5424291491508484,0.4647369384765625,0.37072598934173584,SwinJSCC_author_Chase_wrapper,1,16,8192,8228,0.0003517496515996754,34.537663240521745,0.9758989214897156,0.2635365426540375,0
kodak,04.png,9.0,60.0,2348205614,0.32837575674057007,-0.5424291491508484,0.4647369384765625,0.37072598934173584,same_codec_direct,0,4096,4096,12290,0.0021332206670194864,26.70964217446951,0.9103835821151733,0.4711398482322693,0
kodak,04.png,9.0,60.0,2348205614,0.32837575674057007,-0.5424291491508484,0.4647369384765625,0.37072598934173584,same_codec_full_HARQ,1,4096,8192,16388,0.0019409016240388155,27.11996476574454,0.924529492855072,0.4502154588699341,0
kodak,04.png,9.0,60.0,2348205614,0.32837575674057007,-0.5424291491508484,0.4647369384765625,0.37072598934173584,adaptive_HARQ,0,4096,4096,12290,0.0021332206670194864,26.70964217446951,0.9103835821151733,0.4711398482322693,0
kodak,04.png,9.0,60.0,2348205614,0.32837575674057007,-0.5424291491508484,0.4647369384765625,0.37072598934173584,FlowHARQ,0,4096,4096,12290,0.0018929129000753164,27.22869369072089,0.9083418846130371,0.4833230972290039,0
kodak,04.png,9.0,90.0,3973451626,1.1044667959213257,0.5301404595375061,-0.8551390767097473,0.8261764049530029,SwinJSCC_author_one_shot,0,16,4096,4130,0.0003175089950673282,34.98243966583758,0.9787086844444275,0.2658664882183075,0
kodak,04.png,9.0,90.0,3973451626,1.1044667959213257,0.5301404595375061,-0.8551390767097473,0.8261764049530029,SwinJSCC_author_Chase_wrapper,1,16,8192,8228,0.0002973497612401843,35.26732405885444,0.9806073904037476,0.2632519006729126,0
kodak,04.png,9.0,90.0,3973451626,1.1044667959213257,0.5301404595375061,-0.8551390767097473,0.8261764049530029,same_codec_direct,0,4096,4096,12290,0.0019035771256312728,27.204295225493688,0.9347413778305054,0.4329770505428314,0
kodak,04.png,9.0,90.0,3973451626,1.1044667959213257,0.5301404595375061,-0.8551390767097473,0.8261764049530029,same_codec_full_HARQ,1,4096,8192,16388,0.001831966801546514,27.370824007750436,0.940363347530365,0.42270296812057495,0
kodak,04.png,9.0,90.0,3973451626,1.1044667959213257,0.5301404595375061,-0.8551390767097473,0.8261764049530029,adaptive_HARQ,0,4096,4096,12290,0.0019035771256312728,27.204295225493688,0.9347413778305054,0.4329770505428314,0
kodak,04.png,9.0,90.0,3973451626,1.1044667959213257,0.5301404595375061,-0.8551390767097473,0.8261764049530029,FlowHARQ,0,4096,4096,12290,0.0018036563415080309,27.43846206929525,0.9340404868125916,0.4367355704307556,0
kodak,04.png,9.0,120.0,1054891438,-0.5768443942070007,-0.005445451010018587,0.3275400400161743,-0.10857319831848145,SwinJSCC_author_one_shot,0,16,4096,4130,0.0004538591019809246,33.4307895051173,0.9686977863311768,0.27032119035720825,0
kodak,04.png,9.0,120.0,1054891438,-0.5768443942070007,-0.005445451010018587,0.3275400400161743,-0.10857319831848145,SwinJSCC_author_Chase_wrapper,1,16,8192,8228,0.00040743668796494603,33.89939867178418,0.971910834312439,0.27155980467796326,0
kodak,04.png,9.0,120.0,1054891438,-0.5768443942070007,-0.005445451010018587,0.3275400400161743,-0.10857319831848145,same_codec_direct,0,4096,4096,12290,0.00234457035548985,26.299367304906834,0.897124707698822,0.48687660694122314,0
kodak,04.png,9.0,120.0,1054891438,-0.5768443942070007,-0.005445451010018587,0.3275400400161743,-0.10857319831848145,same_codec_full_HARQ,1,4096,8192,16388,0.002170419320464134,26.63456353261566,0.9067345857620239,0.4727095663547516,0
kodak,04.png,9.0,120.0,1054891438,-0.5768443942070007,-0.005445451010018587,0.3275400400161743,-0.10857319831848145,adaptive_HARQ,0,4096,4096,12290,0.00234457035548985,26.299367304906834,0.897124707698822,0.48687660694122314,0
kodak,04.png,9.0,120.0,1054891438,-0.5768443942070007,-0.005445451010018587,0.3275400400161743,-0.10857319831848145,FlowHARQ,0,4096,4096,12290,0.0020803632214665413,26.81860832678076,0.8944503664970398,0.503779947757721,0
kodak,04.png,12.0,30.0,899045347,-0.6965848207473755,-1.539995551109314,-0.7873421907424927,-0.9226493835449219,SwinJSCC_author_one_shot,0,16,4096,4130,0.0002820635854732245,35.496529778249005,0.9818335771560669,0.2591572105884552,0
kodak,04.png,12.0,30.0,899045347,-0.6965848207473755,-1.539995551109314,-0.7873421907424927,-0.9226493835449219,SwinJSCC_author_Chase_wrapper,1,16,8192,8228,0.0002783911768347025,35.553445331157974,0.9820658564567566,0.25925180315971375,0
kodak,04.png,12.0,30.0,899045347,-0.6965848207473755,-1.539995551109314,-0.7873421907424927,-0.9226493835449219,same_codec_direct,0,4096,4096,12290,0.001771407201886177,27.516815939739775,0.9423155188560486,0.41740554571151733,0
kodak,04.png,12.0,30.0,899045347,-0.6965848207473755,-1.539995551109314,-0.7873421907424927,-0.9226493835449219,same_codec_full_HARQ,1,4096,8192,16388,0.0017352888826280832,27.606282155775965,0.9435404539108276,0.41679880023002625,0
kodak,04.png,12.0,30.0,899045347,-0.6965848207473755,-1.539995551109314,-0.7873421907424927,-0.9226493835449219,adaptive_HARQ,0,4096,4096,12290,0.001771407201886177,27.516815939739775,0.9423155188560486,0.41740554571151733,0
kodak,04.png,12.0,30.0,899045347,-0.6965848207473755,-1.539995551109314,-0.7873421907424927,-0.9226493835449219,FlowHARQ,0,4096,4096,12290,0.0016984164249151945,27.699558188800097,0.9416769742965698,0.4202626943588257,0
kodak,04.png,12.0,60.0,4220569531,0.547473669052124,-0.06729888916015625,0.7336457967758179,-0.21219751238822937,SwinJSCC_author_one_shot,0,16,4096,4130,0.0003875565598718822,34.11664907744087,0.9739722013473511,0.2692870795726776,0
kodak,04.png,12.0,60.0,4220569531,0.547473669052124,-0.06729888916015625,0.7336457967758179,-0.21219751238822937,SwinJSCC_author_Chase_wrapper,1,16,8192,8228,0.00030605282518081367,35.14203607163733,0.9792832136154175,0.2611178159713745,0
kodak,04.png,12.0,60.0,4220569531,0.547473669052124,-0.06729888916015625,0.7336457967758179,-0.21219751238822937,same_codec_direct,0,4096,4096,12290,0.0020563588477671146,26.86901095899387,0.9197908639907837,0.47428956627845764,0
kodak,04.png,12.0,60.0,4220569531,0.547473669052124,-0.06729888916015625,0.7336457967758179,-0.21219751238822937,same_codec_full_HARQ,1,4096,8192,16388,0.0018757277866825461,27.268301879823248,0.9355964660644531,0.4320254325866699,0
kodak,04.png,12.0,60.0,4220569531,0.547473669052124,-0.06729888916015625,0.7336457967758179,-0.21219751238822937,adaptive_HARQ,0,4096,4096,12290,0.0020563588477671146,26.86901095899387,0.9197908639907837,0.47428956627845764,0
kodak,04.png,12.0,60.0,4220569531,0.547473669052124,-0.06729888916015625,0.7336457967758179,-0.21219751238822937,FlowHARQ,0,4096,4096,12290,0.0018586711958050728,27.307974313563477,0.9185012578964233,0.48283547163009644,0
kodak,04.png,12.0,90.0,2454901319,-0.5353361964225769,-0.39731794595718384,0.7210301160812378,1.2068755626678467,SwinJSCC_author_one_shot,0,16,4096,4130,0.0003415265236981213,34.665755624116635,0.9765009880065918,0.2657693028450012,0
kodak,04.png,12.0,90.0,2454901319,-0.5353361964225769,-0.39731794595718384,0.7210301160812378,1.2068755626678467,SwinJSCC_author_Chase_wrapper,1,16,8192,8228,0.0002852659672498703,35.44750037376239,0.9815720915794373,0.26095956563949585,0
kodak,04.png,12.0,90.0,2454901319,-0.5353361964225769,-0.39731794595718384,0.7210301160812378,1.2068755626678467,same_codec_direct,0,4096,4096,12290,0.0018881631549447775,27.239604813140318,0.925755500793457,0.44926509261131287,0
kodak,04.png,12.0,90.0,2454901319,-0.5353361964225769,-0.39731794595718384,0.7210301160812378,1.2068755626678467,same_codec_full_HARQ,1,4096,8192,16388,0.00177718885242939,27.5026641957228,0.9413659572601318,0.4206087589263916,0
kodak,04.png,12.0,90.0,2454901319,-0.5353361964225769,-0.39731794595718384,0.7210301160812378,1.2068755626678467,adaptive_HARQ,0,4096,4096,12290,0.0018881631549447775,27.239604813140318,0.925755500793457,0.44926509261131287,0
kodak,04.png,12.0,90.0,2454901319,-0.5353361964225769,-0.39731794595718384,0.7210301160812378,1.2068755626678467,FlowHARQ,0,4096,4096,12290,0.0017200888833031058,27.644491109234313,0.9248429536819458,0.45440244674682617,0
kodak,04.png,12.0,120.0,1385898275,-0.6712172627449036,0.876069188117981,1.191020131111145,-0.05180913209915161,SwinJSCC_author_one_shot,0,16,4096,4130,0.0002968700719065964,35.27433582333073,0.9805392026901245,0.26250433921813965,0
kodak,04.png,12.0,120.0,1385898275,-0.6712172627449036,0.876069188117981,1.191020131111145,-0.05180913209915161,SwinJSCC_author_Chase_wrapper,1,16,8192,8228,0.0002819699002429843,35.497972493262694,0.9816969633102417,0.26202860474586487,0
kodak,04.png,12.0,120.0,1385898275,-0.6712172627449036,0.876069188117981,1.191020131111145,-0.05180913209915161,same_codec_direct,0,4096,4096,12290,0.00182809098623693,27.380021927174706,0.9385945796966553,0.4285757541656494,0
kodak,04.png,12.0,120.0,1385898275,-0.6712172627449036,0.876069188117981,1.191020131111145,-0.05180913209915161,same_codec_full_HARQ,1,4096,8192,16388,0.0017947375308722258,27.45999055290975,0.9426310062408447,0.41905733942985535,0
kodak,04.png,12.0,120.0,1385898275,-0.6712172627449036,0.876069188117981,1.191020131111145,-0.05180913209915161,adaptive_HARQ,0,4096,4096,12290,0.00182809098623693,27.380021927174706,0.9385945796966553,0.4285757541656494,0
kodak,04.png,12.0,120.0,1385898275,-0.6712172627449036,0.876069188117981,1.191020131111145,-0.05180913209915161,FlowHARQ,0,4096,4096,12290,0.0017342863138765097,27.60879203127366,0.937891960144043,0.4315706491470337,0
kodak,04.png,15.0,30.0,306576049,0.22616851329803467,0.8666476011276245,0.5274102687835693,0.40909773111343384,SwinJSCC_author_one_shot,0,16,4096,4130,0.0002948573383037001,35.30388059186345,0.9809845685958862,0.259490966796875,0
kodak,04.png,15.0,30.0,306576049,0.22616851329803467,0.8666476011276245,0.5274102687835693,0.40909773111343384,SwinJSCC_author_Chase_wrapper,1,16,8192,8228,0.00028811217634938657,35.4043838694832,0.9816069602966309,0.2600648105144501,0
kodak,04.png,15.0,30.0,306576049,0.22616851329803467,0.8666476011276245,0.5274102687835693,0.40909773111343384,same_codec_direct,0,4096,4096,12290,0.0017784925876185298,27.49947940522102,0.9407340288162231,0.4192431569099426,0
kodak,04.png,15.0,30.0,306576049,0.22616851329803467,0.8666476011276245,0.5274102687835693,0.40909773111343384,same_codec_full_HARQ,1,4096,8192,16388,0.0018060071161016822,27.432805427946036,0.9419143199920654,0.41833239793777466,0
kodak,04.png,15.0,30.0,306576049,0.22616851329803467,0.8666476011276245,0.5274102687835693,0.40909773111343384,adaptive_HARQ,0,4096,4096,12290,0.0017784925876185298,27.49947940522102,0.9407340288162231,0.4192431569099426,0
kodak,04.png,15.0,30.0,306576049,0.22616851329803467,0.8666476011276245,0.5274102687835693,0.40909773111343384,FlowHARQ,0,4096,4096,12290,0.0016837598523125052,27.73719850041082,0.9398167133331299,0.4224144220352173,0
kodak,04.png,15.0,60.0,3866796614,-0.43578770756721497,-0.04109363630414009,1.22311532497406,0.5571447014808655,SwinJSCC_author_one_shot,0,16,4096,4130,0.00036152248503640294,34.418646864094065,0.9749590754508972,0.26767972111701965,0
kodak,04.png,15.0,60.0,3866796614,-0.43578770756721497,-0.04109363630414009,1.22311532497406,0.5571447014808655,SwinJSCC_author_Chase_wrapper,1,16,8192,8228,0.0002795009349938482,35.53616734961852,0.9819585680961609,0.26149487495422363,0
kodak,04.png,15.0,60.0,3866796614,-0.43578770756721497,-0.04109363630414009,1.22311532497406,0.5571447014808655,same_codec_direct,0,4096,4096,12290,0.00194528978317976,27.11015694152341,0.9247025847434998,0.4508332312107086,0
kodak,04.png,15.0,60.0,3866796614,-0.43578770756721497,-0.04109363630414009,1.22311532497406,0.5571447014808655,same_codec_full_HARQ,1,4096,8192,16388,0.001785674481652677,27.481977076573088,0.9433465003967285,0.4183187782764435,0
kodak,04.png,15.0,60.0,3866796614,-0.43578770756721497,-0.04109363630414009,1.22311532497406,0.5571447014808655,adaptive_HARQ,0,4096,4096,12290,0.00194528978317976,27.11015694152341,0.9247025847434998,0.4508332312107086,0
kodak,04.png,15.0,60.0,3866796614,-0.43578770756721497,-0.04109363630414009,1.22311532497406,0.5571447014808655,FlowHARQ,0,4096,4096,12290,0.0018184514483436942,27.40298289878946,0.9237644076347351,0.45549705624580383,0
kodak,04.png,15.0,90.0,2697455026,-0.07689350098371506,-0.8887040615081787,-0.42031317949295044,0.8398432731628418,SwinJSCC_author_one_shot,0,16,4096,4130,0.00029461138183251023,35.30750478906938,0.980750560760498,0.26378118991851807,0
kodak,04.png,15.0,90.0,2697455026,-0.07689350098371506,-0.8887040615081787,-0.42031317949295044,0.8398432731628418,SwinJSCC_author_Chase_wrapper,1,16,8192,8228,0.00028317305259406567,35.479480774883726,0.9817072749137878,0.26233571767807007,0
kodak,04.png,15.0,90.0,2697455026,-0.07689350098371506,-0.8887040615081787,-0.42031317949295044,0.8398432731628418,same_codec_direct,0,4096,4096,12290,0.0017949005123227835,27.459596184765516,0.9397386312484741,0.42594844102859497,0
kodak,04.png,15.0,90.0,2697455026,-0.07689350098371506,-0.8887040615081787,-0.42031317949295044,0.8398432731628418,same_codec_full_HARQ,1,4096,8192,16388,0.0017912709154188633,27.468387256117836,0.9430927634239197,0.4182946979999542,0
kodak,04.png,15.0,90.0,2697455026,-0.07689350098371506,-0.8887040615081787,-0.42031317949295044,0.8398432731628418,adaptive_HARQ,0,4096,4096,12290,0.0017949005123227835,27.459596184765516,0.9397386312484741,0.42594844102859497,0
kodak,04.png,15.0,90.0,2697455026,-0.07689350098371506,-0.8887040615081787,-0.42031317949295044,0.8398432731628418,FlowHARQ,0,4096,4096,12290,0.0017111531924456358,27.66711108135338,0.9390720129013062,0.42979696393013,0
kodak,04.png,15.0,120.0,2165307942,0.43030720949172974,1.3931665420532227,-0.10596740245819092,0.9472005367279053,SwinJSCC_author_one_shot,0,16,4096,4130,0.00028139830101281404,35.50678529015655,0.9820280075073242,0.26154622435569763,0
kodak,04.png,15.0,120.0,2165307942,0.43030720949172974,1.3931665420532227,-0.10596740245819092,0.9472005367279053,SwinJSCC_author_Chase_wrapper,1,16,8192,8228,0.00027853783103637397,35.5511581056371,0.9822527766227722,0.2616269290447235,0
kodak,04.png,15.0,120.0,2165307942,0.43030720949172974,1.3931665420532227,-0.10596740245819092,0.9472005367279053,same_codec_direct,0,4096,4096,12290,0.0017871072050184011,27.478493942478988,0.943851113319397,0.41421008110046387,0
kodak,04.png,15.0,120.0,2165307942,0.43030720949172974,1.3931665420532227,-0.10596740245819092,0.9472005367279053,same_codec_full_HARQ,1,4096,8192,16388,0.0017693311674520373,27.521908721573727,0.9444947242736816,0.4143548011779785,0
kodak,04.png,15.0,120.0,2165307942,0.43030720949172974,1.3931665420532227,-0.10596740245819092,0.9472005367279053,adaptive_HARQ,0,4096,4096,12290,0.0017871072050184011,27.478493942478988,0.943851113319397,0.41421008110046387,0
kodak,04.png,15.0,120.0,2165307942,0.43030720949172974,1.3931665420532227,-0.10596740245819092,0.9472005367279053,FlowHARQ,0,4096,4096,12290,0.0017184693133458495,27.648582186408408,0.943016529083252,0.41756078600883484,0
kodak,05.png,0.0,30.0,2967029702,-0.012604596093297005,0.6587633490562439,0.09520456194877625,0.426137238740921,SwinJSCC_author_one_shot,0,16,4096,4130,0.1245349645614624,9.047086984940309,0.23465722799301147,0.53720623254776,1
kodak,05.png,0.0,30.0,2967029702,-0.012604596093297005,0.6587633490562439,0.09520456194877625,0.426137238740921,SwinJSCC_author_Chase_wrapper,1,16,8192,8228,0.09173719584941864,10.374545391739131,0.2668537497520447,0.5285660028457642,1
kodak,05.png,0.0,30.0,2967029702,-0.012604596093297005,0.6587633490562439,0.09520456194877625,0.426137238740921,same_codec_direct,0,4096,4096,12290,0.02465653419494629,16.080679693376837,0.5783545970916748,0.6591898798942566,1
kodak,05.png,0.0,30.0,2967029702,-0.012604596093297005,0.6587633490562439,0.09520456194877625,0.426137238740921,same_codec_full_HARQ,1,4096,8192,16388,0.022806396707892418,16.419433255736248,0.629723310470581,0.6203531622886658,1
kodak,05.png,0.0,30.0,2967029702,-0.012604596093297005,0.6587633490562439,0.09520456194877625,0.426137238740921,adaptive_HARQ,1,4096,8192,16388,0.022806396707892418,16.419433255736248,0.629723310470581,0.6203531622886658,1
kodak,05.png,0.0,30.0,2967029702,-0.012604596093297005,0.6587633490562439,0.09520456194877625,0.426137238740921,FlowHARQ,1,4096,8192,16388,0.022806396707892418,16.419433255736248,0.629723310470581,0.6203531622886658,1
kodak,05.png,0.0,60.0,2514153175,-0.7594516277313232,0.13412527740001678,-0.03887348622083664,-1.891716718673706,SwinJSCC_author_one_shot,0,16,4096,4130,0.09870177507400513,10.056750368145245,0.31696605682373047,0.5470513701438904,1
kodak,05.png,0.0,60.0,2514153175,-0.7594516277313232,0.13412527740001678,-0.03887348622083664,-1.891716718673706,SwinJSCC_author_Chase_wrapper,1,16,8192,8228,0.010160829871892929,19.93070820195265,0.8418036699295044,0.21767675876617432,1
kodak,05.png,0.0,60.0,2514153175,-0.7594516277313232,0.13412527740001678,-0.03887348622083664,-1.891716718673706,same_codec_direct,0,4096,4096,12290,0.022472824901342392,16.4834233203334,0.6330440044403076,0.6188890337944031,1
kodak,05.png,0.0,60.0,2514153175,-0.7594516277313232,0.13412527740001678,-0.03887348622083664,-1.891716718673706,same_codec_full_HARQ,1,4096,8192,16388,0.015640955418348312,18.05736721848846,0.7735618352890015,0.5344500541687012,1
kodak,05.png,0.0,60.0,2514153175,-0.7594516277313232,0.13412527740001678,-0.03887348622083664,-1.891716718673706,adaptive_HARQ,1,4096,8192,16388,0.015640955418348312,18.05736721848846,0.7735618352890015,0.5344500541687012,1
kodak,05.png,0.0,60.0,2514153175,-0.7594516277313232,0.13412527740001678,-0.03887348622083664,-1.891716718673706,FlowHARQ,1,4096,8192,16388,0.015640955418348312,18.05736721848846,0.7735618352890015,0.5344500541687012,1
kodak,05.png,0.0,90.0,4242189070,-0.3353663384914398,-0.40941086411476135,0.5577153563499451,0.9600306749343872,SwinJSCC_author_one_shot,0,16,4096,4130,0.1581135094165802,8.010310218171732,0.20338037610054016,0.5873158574104309,1
kodak,05.png,0.0,90.0,4242189070,-0.3353663384914398,-0.40941086411476135,0.5577153563499451,0.9600306749343872,SwinJSCC_author_Chase_wrapper,1,16,8192,8228,0.031109340488910675,15.071091957399904,0.637395977973938,0.39673274755477905,1
kodak,05.png,0.0,90.0,4242189070,-0.3353663384914398,-0.40941086411476135,0.5577153563499451,0.9600306749343872,same_codec_direct,0,4096,4096,12290,0.02638993412256241,15.78561693911945,0.5444828271865845,0.6728481650352478,1
kodak,05.png,0.0,90.0,4242189070,-0.3353663384914398,-0.40941086411476135,0.5577153563499451,0.9600306749343872,same_codec_full_HARQ,1,4096,8192,16388,0.018080879002809525,17.4278046010013,0.7162713408470154,0.5800621509552002,1
kodak,05.png,0.0,90.0,4242189070,-0.3353663384914398,-0.40941086411476135,0.5577153563499451,0.9600306749343872,adaptive_HARQ,1,4096,8192,16388,0.018080879002809525,17.4278046010013,0.7162713408470154,0.5800621509552002,1
kodak,05.png,0.0,90.0,4242189070,-0.3353663384914398,-0.40941086411476135,0.5577153563499451,0.9600306749343872,FlowHARQ,1,4096,8192,16388,0.018080879002809525,17.4278046010013,0.7162713408470154,0.5800621509552002,1
kodak,05.png,0.0,120.0,3350162032,-0.21464240550994873,-0.04904312640428543,-0.603943407535553,-0.1425642967224121,SwinJSCC_author_one_shot,0,16,4096,4130,0.14623479545116425,8.349492780316213,0.05045716464519501,0.6813123822212219,1
kodak,05.png,0.0,120.0,3350162032,-0.21464240550994873,-0.04904312640428543,-0.603943407535553,-0.1425642967224121,SwinJSCC_author_Chase_wrapper,1,16,8192,8228,0.13333553075790405,8.750541059804384,0.23253598809242249,0.5222375988960266,1
kodak,05.png,0.0,120.0,3350162032,-0.21464240550994873,-0.04904312640428543,-0.603943407535553,-0.1425642967224121,same_codec_direct,0,4096,4096,12290,0.04328589886426926,13.636535596012623,0.2713589370250702,0.8407720923423767,1
kodak,05.png,0.0,120.0,3350162032,-0.21464240550994873,-0.04904312640428543,-0.603943407535553,-0.1425642967224121,same_codec_full_HARQ,1,4096,8192,16388,0.02625059150159359,15.808609062395893,0.5663951635360718,0.6726025342941284,1
kodak,05.png,0.0,120.0,3350162032,-0.21464240550994873,-0.04904312640428543,-0.603943407535553,-0.1425642967224121,adaptive_HARQ,1,4096,8192,16388,0.02625059150159359,15.808609062395893,0.5663951635360718,0.6726025342941284,1
kodak,05.png,0.0,120.0,3350162032,-0.21464240550994873,-0.04904312640428543,-0.603943407535553,-0.1425642967224121,FlowHARQ,1,4096,8192,16388,0.02625059150159359,15.808609062395893,0.5663951635360718,0.6726025342941284,1
kodak,05.png,3.0,30.0,1533664339,-0.7556588649749756,-0.24292220175266266,-0.3624916672706604,-0.6951228976249695,SwinJSCC_author_one_shot,0,16,4096,4130,0.03594311326742172,14.443843085207499,0.5772480368614197,0.430216908454895,1
kodak,05.png,3.0,30.0,1533664339,-0.7556588649749756,-0.24292220175266266,-0.3624916672706604,-0.6951228976249695,SwinJSCC_author_Chase_wrapper,1,16,8192,8228,0.014429713599383831,18.40742288687627,0.7899131774902344,0.27645277976989746,1
kodak,05.png,3.0,30.0,1533664339,-0.7556588649749756,-0.24292220175266266,-0.3624916672706604,-0.6951228976249695,same_codec_direct,0,4096,4096,12290,0.01945851929485798,17.108902106524017,0.6922801733016968,0.5975073575973511,1
kodak,05.png,3.0,30.0,1533664339,-0.7556588649749756,-0.24292220175266266,-0.3624916672706604,-0.6951228976249695,same_codec_full_HARQ,1,4096,8192,16388,0.01679314486682415,17.748679655407514,0.7438851594924927,0.5509759187698364,1
kodak,05.png,3.0,30.0,1533664339,-0.7556588649749756,-0.24292220175266266,-0.3624916672706604,-0.6951228976249695,adaptive_HARQ,1,4096,8192,16388,0.01679314486682415,17.748679655407514,0.7438851594924927,0.5509759187698364,1
kodak,05.png,3.0,30.0,1533664339,-0.7556588649749756,-0.24292220175266266,-0.3624916672706604,-0.6951228976249695,FlowHARQ,1,4096,8192,16388,0.01679314486682415,17.748679655407514,0.7438851594924927,0.5509759187698364,1
kodak,05.png,3.0,60.0,1443686378,0.2351733148097992,-0.6813962459564209,-0.3486282229423523,0.4373592734336853,SwinJSCC_author_one_shot,0,16,4096,4130,0.049482312053442,13.055500162257612,0.4845290780067444,0.48911795020103455,1
kodak,05.png,3.0,60.0,1443686378,0.2351733148097992,-0.6813962459564209,-0.3486282229423523,0.4373592734336853,SwinJSCC_author_Chase_wrapper,1,16,8192,8228,0.029116839170455933,15.358557723993895,0.6350529789924622,0.3722321391105652,1
kodak,05.png,3.0,60.0,1443686378,0.2351733148097992,-0.6813962459564209,-0.3486282229423523,0.4373592734336853,same_codec_direct,0,4096,4096,12290,0.018910400569438934,17.232992716174444,0.6970634460449219,0.5784484148025513,1
kodak,05.png,3.0,60.0,1443686378,0.2351733148097992,-0.6813962459564209,-0.3486282229423523,0.4373592734336853,same_codec_full_HARQ,1,4096,8192,16388,0.017622394487261772,17.53935081057274,0.7247838377952576,0.5634100437164307,1
kodak,05.png,3.0,60.0,1443686378,0.2351733148097992,-0.6813962459564209,-0.3486282229423523,0.4373592734336853,adaptive_HARQ,1,4096,8192,16388,0.017622394487261772,17.53935081057274,0.7247838377952576,0.5634100437164307,1
kodak,05.png,3.0,60.0,1443686378,0.2351733148097992,-0.6813962459564209,-0.3486282229423523,0.4373592734336853,FlowHARQ,1,4096,8192,16388,0.017622394487261772,17.53935081057274,0.7247838377952576,0.5634100437164307,1
kodak,05.png,3.0,90.0,2080081308,-1.2069079875946045,0.7853646278381348,0.2680025100708008,-0.6804024577140808,SwinJSCC_author_one_shot,0,16,4096,4130,0.00907786563038826,20.420162499268116,0.8529539108276367,0.2324855923652649,1
kodak,05.png,3.0,90.0,2080081308,-1.2069079875946045,0.7853646278381348,0.2680025100708008,-0.6804024577140808,SwinJSCC_author_Chase_wrapper,1,16,8192,8228,0.007207300513982773,21.42227369317896,0.8897753953933716,0.20649796724319458,1
kodak,05.png,3.0,90.0,2080081308,-1.2069079875946045,0.7853646278381348,0.2680025100708008,-0.6804024577140808,same_codec_direct,0,4096,4096,12290,0.015713755041360855,18.037200212696828,0.7765387296676636,0.5351576209068298,1
kodak,05.png,3.0,90.0,2080081308,-1.2069079875946045,0.7853646278381348,0.2680025100708008,-0.6804024577140808,same_codec_full_HARQ,1,4096,8192,16388,0.015440675429999828,18.113337060011908,0.7795279026031494,0.5270490646362305,1
kodak,05.png,3.0,90.0,2080081308,-1.2069079875946045,0.7853646278381348,0.2680025100708008,-0.6804024577140808,adaptive_HARQ,1,4096,8192,16388,0.015440675429999828,18.113337060011908,0.7795279026031494,0.5270490646362305,1
kodak,05.png,3.0,90.0,2080081308,-1.2069079875946045,0.7853646278381348,0.2680025100708008,-0.6804024577140808,FlowHARQ,1,4096,8192,16388,0.015440675429999828,18.113337060011908,0.7795279026031494,0.5270490646362305,1
kodak,05.png,3.0,120.0,2228283805,-1.2312285900115967,0.995190441608429,-0.9498921632766724,0.2519024908542633,SwinJSCC_author_one_shot,0,16,4096,4130,0.007402408868074417,21.306269305561614,0.8854483366012573,0.20183265209197998,1
kodak,05.png,3.0,120.0,2228283805,-1.2312285900115967,0.995190441608429,-0.9498921632766724,0.2519024908542633,SwinJSCC_author_Chase_wrapper,1,16,8192,8228,0.005781175103038549,22.379838763035337,0.9178487062454224,0.17685779929161072,1
kodak,05.png,3.0,120.0,2228283805,-1.2312285900115967,0.995190441608429,-0.9498921632766724,0.2519024908542633,same_codec_direct,0,4096,4096,12290,0.015638835728168488,18.05795582200281,0.7736612558364868,0.5281007289886475,1
kodak,05.png,3.0,120.0,2228283805,-1.2312285900115967,0.995190441608429,-0.9498921632766724,0.2519024908542633,same_codec_full_HARQ,1,4096,8192,16388,0.015271268784999847,18.16124878894265,0.7807468175888062,0.5228738784790039,1
kodak,05.png,3.0,120.0,2228283805,-1.2312285900115967,0.995190441608429,-0.9498921632766724,0.2519024908542633,adaptive_HARQ,1,4096,8192,16388,0.015271268784999847,18.16124878894265,0.7807468175888062,0.5228738784790039,1
kodak,05.png,3.0,120.0,2228283805,-1.2312285900115967,0.995190441608429,-0.9498921632766724,0.2519024908542633,FlowHARQ,1,4096,8192,16388,0.015271268784999847,18.16124878894265,0.7807468175888062,0.5228738784790039,1
kodak,05.png,6.0,30.0,2242681162,0.6612219214439392,0.055236224085092545,0.9763948917388916,0.5303280353546143,SwinJSCC_author_one_shot,0,16,4096,4130,0.0241125226020813,16.17757352258185,0.6637011766433716,0.3742864727973938,1
kodak,05.png,6.0,30.0,2242681162,0.6612219214439392,0.055236224085092545,0.9763948917388916,0.5303280353546143,SwinJSCC_author_Chase_wrapper,1,16,8192,8228,0.005824158899486065,22.347667847546717,0.9211468696594238,0.1731286346912384,1
kodak,05.png,6.0,30.0,2242681162,0.6612219214439392,0.055236224085092545,0.9763948917388916,0.5303280353546143,same_codec_direct,0,4096,4096,12290,0.017288371920585632,17.62245903151618,0.7264362573623657,0.5862603783607483,1
kodak,05.png,6.0,30.0,2242681162,0.6612219214439392,0.055236224085092545,0.9763948917388916,0.5303280353546143,same_codec_full_HARQ,1,4096,8192,16388,0.015265154652297497,18.162987914767385,0.7830328941345215,0.5319942235946655,1
kodak,05.png,6.0,30.0,2242681162,0.6612219214439392,0.055236224085092545,0.9763948917388916,0.5303280353546143,adaptive_HARQ,1,4096,8192,16388,0.015265154652297497,18.162987914767385,0.7830328941345215,0.5319942235946655,1
kodak,05.png,6.0,30.0,2242681162,0.6612219214439392,0.055236224085092545,0.9763948917388916,0.5303280353546143,FlowHARQ,1,4096,8192,16388,0.015265154652297497,18.162987914767385,0.7830328941345215,0.5319942235946655,1
kodak,05.png,6.0,60.0,1233406786,1.1569381952285767,-1.1281918287277222,0.1312807947397232,-1.603379726409912,SwinJSCC_author_one_shot,0,16,4096,4130,0.004531918093562126,23.437179478455874,0.9397289156913757,0.16748052835464478,1
kodak,05.png,6.0,60.0,1233406786,1.1569381952285767,-1.1281918287277222,0.1312807947397232,-1.603379726409912,SwinJSCC_author_Chase_wrapper,1,16,8192,8228,0.0037909275852143764,24.212545114433034,0.9537314772605896,0.1595737785100937,0
kodak,05.png,6.0,60.0,1233406786,1.1569381952285767,-1.1281918287277222,0.1312807947397232,-1.603379726409912,same_codec_direct,0,4096,4096,12290,0.014848679304122925,18.283121723695754,0.7918329238891602,0.5052772164344788,1
kodak,05.png,6.0,60.0,1233406786,1.1569381952285767,-1.1281918287277222,0.1312807947397232,-1.603379726409912,same_codec_full_HARQ,1,4096,8192,16388,0.014524715952575207,18.378923519796558,0.7996060252189636,0.4954954981803894,1
kodak,05.png,6.0,60.0,1233406786,1.1569381952285767,-1.1281918287277222,0.1312807947397232,-1.603379726409912,adaptive_HARQ,1,4096,8192,16388,0.014524715952575207,18.378923519796558,0.7996060252189636,0.4954954981803894,1
kodak,05.png,6.0,60.0,1233406786,1.1569381952285767,-1.1281918287277222,0.1312807947397232,-1.603379726409912,FlowHARQ,1,4096,8192,16388,0.014524715952575207,18.378923519796558,0.7996060252189636,0.4954954981803894,1
kodak,05.png,6.0,90.0,1499738956,2.2054171562194824,-0.28249144554138184,-1.3889477252960205,-0.15148168802261353,SwinJSCC_author_one_shot,0,16,4096,4130,0.0037985581438988447,24.203812215352887,0.953174352645874,0.16100242733955383,0
kodak,05.png,6.0,90.0,1499738956,2.2054171562194824,-0.28249144554138184,-1.3889477252960205,-0.15148168802261353,SwinJSCC_author_Chase_wrapper,1,16,8192,8228,0.0035621561110019684,24.482870515597277,0.9576727747917175,0.15763382613658905,0
kodak,05.png,6.0,90.0,1499738956,2.2054171562194824,-0.28249144554138184,-1.3889477252960205,-0.15148168802261353,same_codec_direct,0,4096,4096,12290,0.014325006864964962,18.43905161233823,0.7982897162437439,0.5009796619415283,1
kodak,05.png,6.0,90.0,1499738956,2.2054171562194824,-0.28249144554138184,-1.3889477252960205,-0.15148168802261353,same_codec_full_HARQ,1,4096,8192,16388,0.01427808403968811,18.453300661464823,0.8011010885238647,0.4999174475669861,1
kodak,05.png,6.0,90.0,1499738956,2.2054171562194824,-0.28249144554138184,-1.3889477252960205,-0.15148168802261353,adaptive_HARQ,1,4096,8192,16388,0.01427808403968811,18.453300661464823,0.8011010885238647,0.4999174475669861,1
kodak,05.png,6.0,90.0,1499738956,2.2054171562194824,-0.28249144554138184,-1.3889477252960205,-0.15148168802261353,FlowHARQ,1,4096,8192,16388,0.01427808403968811,18.453300661464823,0.8011010885238647,0.4999174475669861,1
kodak,05.png,6.0,120.0,3672218160,0.7390397787094116,1.1934434175491333,-0.7176411151885986,-0.8855419158935547,SwinJSCC_author_one_shot,0,16,4096,4130,0.005752825643867254,22.401187883339325,0.9266886115074158,0.1799696981906891,1
kodak,05.png,6.0,120.0,3672218160,0.7390397787094116,1.1934434175491333,-0.7176411151885986,-0.8855419158935547,SwinJSCC_author_Chase_wrapper,1,16,8192,8228,0.004445308353751898,23.520981083297205,0.9431580305099487,0.1750842034816742,1
kodak,05.png,6.0,120.0,3672218160,0.7390397787094116,1.1934434175491333,-0.7176411151885986,-0.8855419158935547,same_codec_direct,0,4096,4096,12290,0.015132233500480652,18.200969658733545,0.7835670709609985,0.5213725566864014,1
kodak,05.png,6.0,120.0,3672218160,0.7390397787094116,1.1934434175491333,-0.7176411151885986,-0.8855419158935547,same_codec_full_HARQ,1,4096,8192,16388,0.014848279766738415,18.283238582045463,0.7914406657218933,0.5134109854698181,1
kodak,05.png,6.0,120.0,3672218160,0.7390397787094116,1.1934434175491333,-0.7176411151885986,-0.8855419158935547,adaptive_HARQ,1,4096,8192,16388,0.014848279766738415,18.283238582045463,0.7914406657218933,0.5134109854698181,1
kodak,05.png,6.0,120.0,3672218160,0.7390397787094116,1.1934434175491333,-0.7176411151885986,-0.8855419158935547,FlowHARQ,1,4096,8192,16388,0.014848279766738415,18.283238582045463,0.7914406657218933,0.5134109854698181,1
kodak,05.png,9.0,30.0,3501290103,0.06875517964363098,-1.1361445188522339,-0.8787118196487427,-1.0283777713775635,SwinJSCC_author_one_shot,0,16,4096,4130,0.004660458769649267,23.3157132980779,0.9401518702507019,0.16753578186035156,1
kodak,05.png,9.0,30.0,3501290103,0.06875517964363098,-1.1361445188522339,-0.8787118196487427,-1.0283777713775635,SwinJSCC_author_Chase_wrapper,1,16,8192,8228,0.0036433793138712645,24.384956118089654,0.9561402797698975,0.15948669612407684,0
kodak,05.png,9.0,30.0,3501290103,0.06875517964363098,-1.1361445188522339,-0.8787118196487427,-1.0283777713775635,same_codec_direct,0,4096,4096,12290,0.014916322194039822,18.263382444055033,0.7919139862060547,0.514562726020813,1
kodak,05.png,9.0,30.0,3501290103,0.06875517964363098,-1.1361445188522339,-0.8787118196487427,-1.0283777713775635,same_codec_full_HARQ,1,4096,8192,16388,0.014358561486005783,18.428890677527395,0.8004993796348572,0.5038287043571472,1
kodak,05.png,9.0,30.0,3501290103,0.06875517964363098,-1.1361445188522339,-0.8787118196487427,-1.0283777713775635,adaptive_HARQ,1,4096,8192,16388,0.014358561486005783,18.428890677527395,0.8004993796348572,0.5038287043571472,1
kodak,05.png,9.0,30.0,3501290103,0.06875517964363098,-1.1361445188522339,-0.8787118196487427,-1.0283777713775635,FlowHARQ,1,4096,8192,16388,0.014358561486005783,18.428890677527395,0.8004993796348572,0.5038287043571472,1
kodak,05.png,9.0,60.0,2733934240,0.9958135485649109,0.43063226342201233,0.5637372136116028,0.6764439940452576,SwinJSCC_author_one_shot,0,16,4096,4130,0.004825579933822155,23.164504860665204,0.9374533891677856,0.1659320890903473,1
kodak,05.png,9.0,60.0,2733934240,0.9958135485649109,0.43063226342201233,0.5637372136116028,0.6764439940452576,SwinJSCC_author_Chase_wrapper,1,16,8192,8228,0.004039984196424484,23.936203337555,0.9501484632492065,0.16137278079986572,1
kodak,05.png,9.0,60.0,2733934240,0.9958135485649109,0.43063226342201233,0.5637372136116028,0.6764439940452576,same_codec_direct,0,4096,4096,12290,0.014907589182257652,18.265925838774752,0.7888099551200867,0.5191518068313599,1
kodak,05.png,9.0,60.0,2733934240,0.9958135485649109,0.43063226342201233,0.5637372136116028,0.6764439940452576,same_codec_full_HARQ,1,4096,8192,16388,0.014581792056560516,18.36189099306835,0.7955306768417358,0.5089763402938843,1
kodak,05.png,9.0,60.0,2733934240,0.9958135485649109,0.43063226342201233,0.5637372136116028,0.6764439940452576,adaptive_HARQ,1,4096,8192,16388,0.014581792056560516,18.36189099306835,0.7955306768417358,0.5089763402938843,1
kodak,05.png,9.0,60.0,2733934240,0.9958135485649109,0.43063226342201233,0.5637372136116028,0.6764439940452576,FlowHARQ,1,4096,8192,16388,0.014581792056560516,18.36189099306835,0.7955306768417358,0.5089763402938843,1
kodak,05.png,9.0,90.0,4031629961,-0.09920375049114227,-0.5526158809661865,0.5972235798835754,1.793484091758728,SwinJSCC_author_one_shot,0,16,4096,4130,0.019778627902269363,17.038038398946526,0.7041144371032715,0.30187174677848816,1
kodak,05.png,9.0,90.0,4031629961,-0.09920375049114227,-0.5526158809661865,0.5972235798835754,1.793484091758728,SwinJSCC_author_Chase_wrapper,1,16,8192,8228,0.003492532065138221,24.56859597912803,0.958016574382782,0.16042494773864746,0
kodak,05.png,9.0,90.0,4031629961,-0.09920375049114227,-0.5526158809661865,0.5972235798835754,1.793484091758728,same_codec_direct,0,4096,4096,12290,0.016532691195607185,17.816564461097194,0.7475646734237671,0.5550506711006165,1
kodak,05.png,9.0,90.0,4031629961,-0.09920375049114227,-0.5526158809661865,0.5972235798835754,1.793484091758728,same_codec_full_HARQ,1,4096,8192,16388,0.014490309171378613,18.389223481388154,0.7991330027580261,0.5002824068069458,1
kodak,05.png,9.0,90.0,4031629961,-0.09920375049114227,-0.5526158809661865,0.5972235798835754,1.793484091758728,adaptive_HARQ,1,4096,8192,16388,0.014490309171378613,18.389223481388154,0.7991330027580261,0.5002824068069458,1
kodak,05.png,9.0,90.0,4031629961,-0.09920375049114227,-0.5526158809661865,0.5972235798835754,1.793484091758728,FlowHARQ,1,4096,8192,16388,0.014490309171378613,18.389223481388154,0.7991330027580261,0.5002824068069458,1
kodak,05.png,9.0,120.0,2327263604,-0.5571759343147278,-0.8106354475021362,-0.9373967051506042,0.26507750153541565,SwinJSCC_author_one_shot,0,16,4096,4130,0.005274735391139984,22.777993220113455,0.9302155375480652,0.16798877716064453,1
kodak,05.png,9.0,120.0,2327263604,-0.5571759343147278,-0.8106354475021362,-0.9373967051506042,0.26507750153541565,SwinJSCC_author_Chase_wrapper,1,16,8192,8228,0.0042055523954331875,23.761769519392438,0.9490237236022949,0.15964895486831665,1
kodak,05.png,9.0,120.0,2327263604,-0.5571759343147278,-0.8106354475021362,-0.9373967051506042,0.26507750153541565,same_codec_direct,0,4096,4096,12290,0.015207345597445965,18.179465843023316,0.7840571403503418,0.5203028917312622,1
kodak,05.png,9.0,120.0,2327263604,-0.5571759343147278,-0.8106354475021362,-0.9373967051506042,0.26507750153541565,same_codec_full_HARQ,1,4096,8192,16388,0.014729633927345276,18.318080464574027,0.7951295375823975,0.5131475329399109,1
kodak,05.png,9.0,120.0,2327263604,-0.5571759343147278,-0.8106354475021362,-0.9373967051506042,0.26507750153541565,adaptive_HARQ,1,4096,8192,16388,0.014729633927345276,18.318080464574027,0.7951295375823975,0.5131475329399109,1
kodak,05.png,9.0,120.0,2327263604,-0.5571759343147278,-0.8106354475021362,-0.9373967051506042,0.26507750153541565,FlowHARQ,1,4096,8192,16388,0.014729633927345276,18.318080464574027,0.7951295375823975,0.5131475329399109,1
kodak,05.png,12.0,30.0,412113860,0.2946825921535492,0.012331397272646427,0.09144139289855957,0.3734908998012543,SwinJSCC_author_one_shot,0,16,4096,4130,0.035596732050180435,14.485898705023736,0.5698003172874451,0.4279429316520691,1
kodak,05.png,12.0,30.0,412113860,0.2946825921535492,0.012331397272646427,0.09144139289855957,0.3734908998012543,SwinJSCC_author_Chase_wrapper,1,16,8192,8228,0.00946024525910616,20.240976042646217,0.850180983543396,0.24222899973392487,1
kodak,05.png,12.0,30.0,412113860,0.2946825921535492,0.012331397272646427,0.09144139289855957,0.3734908998012543,same_codec_direct,0,4096,4096,12290,0.019128184765577316,17.183262418753888,0.701561450958252,0.5669188499450684,1
kodak,05.png,12.0,30.0,412113860,0.2946825921535492,0.012331397272646427,0.09144139289855957,0.3734908998012543,same_codec_full_HARQ,1,4096,8192,16388,0.016240425407886505,17.894025988708343,0.7601394653320312,0.5337681770324707,1
kodak,05.png,12.0,30.0,412113860,0.2946825921535492,0.012331397272646427,0.09144139289855957,0.3734908998012543,adaptive_HARQ,1,4096,8192,16388,0.016240425407886505,17.894025988708343,0.7601394653320312,0.5337681770324707,1
kodak,05.png,12.0,30.0,412113860,0.2946825921535492,0.012331397272646427,0.09144139289855957,0.3734908998012543,FlowHARQ,1,4096,8192,16388,0.016240425407886505,17.894025988708343,0.7601394653320312,0.5337681770324707,1
kodak,05.png,12.0,60.0,1242091200,-0.0899055153131485,0.11508607864379883,0.9666407108306885,-0.8874776363372803,SwinJSCC_author_one_shot,0,16,4096,4130,0.16068407893180847,7.940271523256522,0.20264121890068054,0.570536732673645,1
kodak,05.png,12.0,60.0,1242091200,-0.0899055153131485,0.11508607864379883,0.9666407108306885,-0.8874776363372803,SwinJSCC_author_Chase_wrapper,1,16,8192,8228,0.0035578664392232895,24.488103591742544,0.9572882652282715,0.15723817050457,0
kodak,05.png,12.0,60.0,1242091200,-0.0899055153131485,0.11508607864379883,0.9666407108306885,-0.8874776363372803,same_codec_direct,0,4096,4096,12290,0.027639886364340782,15.58463746805842,0.5492212176322937,0.6939151883125305,1
kodak,05.png,12.0,60.0,1242091200,-0.0899055153131485,0.11508607864379883,0.9666407108306885,-0.8874776363372803,same_codec_full_HARQ,1,4096,8192,16388,0.014357239007949829,18.429290697664506,0.7987323999404907,0.5075184106826782,1
kodak,05.png,12.0,60.0,1242091200,-0.0899055153131485,0.11508607864379883,0.9666407108306885,-0.8874776363372803,adaptive_HARQ,1,4096,8192,16388,0.014357239007949829,18.429290697664506,0.7987323999404907,0.5075184106826782,1
kodak,05.png,12.0,60.0,1242091200,-0.0899055153131485,0.11508607864379883,0.9666407108306885,-0.8874776363372803,FlowHARQ,1,4096,8192,16388,0.014357239007949829,18.429290697664506,0.7987323999404907,0.5075184106826782,1
kodak,05.png,12.0,90.0,2439000019,-1.0783694982528687,0.11140422523021698,0.16300585865974426,0.7469860911369324,SwinJSCC_author_one_shot,0,16,4096,4130,0.003882060758769512,24.10937671680312,0.9533464908599854,0.16239872574806213,0
kodak,05.png,12.0,90.0,2439000019,-1.0783694982528687,0.11140422523021698,0.16300585865974426,0.7469860911369324,SwinJSCC_author_Chase_wrapper,1,16,8192,8228,0.0035668532364070415,24.47714759999986,0.9579938650131226,0.16177895665168762,0
kodak,05.png,12.0,90.0,2439000019,-1.0783694982528687,0.11140422523021698,0.16300585865974426,0.7469860911369324,same_codec_direct,0,4096,4096,12290,0.014654029160737991,18.34042948573252,0.7949924468994141,0.5027493238449097,1
kodak,05.png,12.0,90.0,2439000019,-1.0783694982528687,0.11140422523021698,0.16300585865974426,0.7469860911369324,same_codec_full_HARQ,1,4096,8192,16388,0.014454100281000137,18.400089365189455,0.7991728782653809,0.5014700293540955,1
kodak,05.png,12.0,90.0,2439000019,-1.0783694982528687,0.11140422523021698,0.16300585865974426,0.7469860911369324,adaptive_HARQ,1,4096,8192,16388,0.014454100281000137,18.400089365189455,0.7991728782653809,0.5014700293540955,1
kodak,05.png,12.0,90.0,2439000019,-1.0783694982528687,0.11140422523021698,0.16300585865974426,0.7469860911369324,FlowHARQ,1,4096,8192,16388,0.014454100281000137,18.400089365189455,0.7991728782653809,0.5014700293540955,1
kodak,05.png,12.0,120.0,574328349,0.7812418937683105,-0.4953558146953583,-0.8173883557319641,1.3977689743041992,SwinJSCC_author_one_shot,0,16,4096,4130,0.00419214740395546,23.77563455127627,0.9468387365341187,0.1602284461259842,1
kodak,05.png,12.0,120.0,574328349,0.7812418937683105,-0.4953558146953583,-0.8173883557319641,1.3977689743041992,SwinJSCC_author_Chase_wrapper,1,16,8192,8228,0.003240619320422411,24.893719830838425,0.9624401330947876,0.15571002662181854,0
kodak,05.png,12.0,120.0,574328349,0.7812418937683105,-0.4953558146953583,-0.8173883557319641,1.3977689743041992,same_codec_direct,0,4096,4096,12290,0.014711550436913967,18.323415549602093,0.7936543226242065,0.5110629200935364,1
kodak,05.png,12.0,120.0,574328349,0.7812418937683105,-0.4953558146953583,-0.8173883557319641,1.3977689743041992,same_codec_full_HARQ,1,4096,8192,16388,0.01422250084578991,18.470240317333758,0.8040239810943604,0.5001735091209412,1
kodak,05.png,12.0,120.0,574328349,0.7812418937683105,-0.4953558146953583,-0.8173883557319641,1.3977689743041992,adaptive_HARQ,1,4096,8192,16388,0.01422250084578991,18.470240317333758,0.8040239810943604,0.5001735091209412,1
kodak,05.png,12.0,120.0,574328349,0.7812418937683105,-0.4953558146953583,-0.8173883557319641,1.3977689743041992,FlowHARQ,1,4096,8192,16388,0.01422250084578991,18.470240317333758,0.8040239810943604,0.5001735091209412,1
kodak,05.png,15.0,30.0,1084961500,0.3526487648487091,-0.06132970750331879,0.7536048293113708,0.34096360206604004,SwinJSCC_author_one_shot,0,16,4096,4130,0.00999467819929123,20.00231184389481,0.8653615713119507,0.22632089257240295,1
kodak,05.png,15.0,30.0,1084961500,0.3526487648487091,-0.06132970750331879,0.7536048293113708,0.34096360206604004,SwinJSCC_author_Chase_wrapper,1,16,8192,8228,0.0036247833631932735,24.407179441222766,0.9563465118408203,0.1593729853630066,0
kodak,05.png,15.0,30.0,1084961500,0.3526487648487091,-0.06132970750331879,0.7536048293113708,0.34096360206604004,same_codec_direct,0,4096,4096,12290,0.015904415398836136,17.984822896956082,0.764931857585907,0.5287441611289978,1
kodak,05.png,15.0,30.0,1084961500,0.3526487648487091,-0.06132970750331879,0.7536048293113708,0.34096360206604004,same_codec_full_HARQ,1,4096,8192,16388,0.014522336423397064,18.379635066276755,0.7978066205978394,0.5094426274299622,1
kodak,05.png,15.0,30.0,1084961500,0.3526487648487091,-0.06132970750331879,0.7536048293113708,0.34096360206604004,adaptive_HARQ,1,4096,8192,16388,0.014522336423397064,18.379635066276755,0.7978066205978394,0.5094426274299622,1
kodak,05.png,15.0,30.0,1084961500,0.3526487648487091,-0.06132970750331879,0.7536048293113708,0.34096360206604004,FlowHARQ,1,4096,8192,16388,0.014522336423397064,18.379635066276755,0.7978066205978394,0.5094426274299622,1
kodak,05.png,15.0,60.0,836276843,-0.8881239295005798,-0.9322421550750732,1.0021421909332275,-0.5436899065971375,SwinJSCC_author_one_shot,0,16,4096,4130,0.0033180161844938993,24.791214999212873,0.9619371891021729,0.16157278418540955,0
kodak,05.png,15.0,60.0,836276843,-0.8881239295005798,-0.9322421550750732,1.0021421909332275,-0.5436899065971375,SwinJSCC_author_Chase_wrapper,1,16,8192,8228,0.003176579950377345,24.980402095650646,0.9639703631401062,0.16010549664497375,0
kodak,05.png,15.0,60.0,836276843,-0.8881239295005798,-0.9322421550750732,1.0021421909332275,-0.5436899065971375,same_codec_direct,0,4096,4096,12290,0.014269421808421612,18.45593623977102,0.8034550547599792,0.5021133422851562,1
kodak,05.png,15.0,60.0,836276843,-0.8881239295005798,-0.9322421550750732,1.0021421909332275,-0.5436899065971375,same_codec_full_HARQ,1,4096,8192,16388,0.014205319806933403,18.475489844807843,0.8045792579650879,0.4986133277416229,1
kodak,05.png,15.0,60.0,836276843,-0.8881239295005798,-0.9322421550750732,1.0021421909332275,-0.5436899065971375,adaptive_HARQ,1,4096,8192,16388,0.014205319806933403,18.475489844807843,0.8045792579650879,0.4986133277416229,1
kodak,05.png,15.0,60.0,836276843,-0.8881239295005798,-0.9322421550750732,1.0021421909332275,-0.5436899065971375,FlowHARQ,1,4096,8192,16388,0.014205319806933403,18.475489844807843,0.8045792579650879,0.4986133277416229,1
kodak,05.png,15.0,90.0,453510726,-0.3144516050815582,1.0055021047592163,-0.5635475516319275,0.6128525733947754,SwinJSCC_author_one_shot,0,16,4096,4130,0.0034321327693760395,24.644359201554767,0.960066020488739,0.15874364972114563,0
kodak,05.png,15.0,90.0,453510726,-0.3144516050815582,1.0055021047592163,-0.5635475516319275,0.6128525733947754,SwinJSCC_author_Chase_wrapper,1,16,8192,8228,0.003260253695771098,24.867486041079516,0.9626725912094116,0.15674945712089539,0
kodak,05.png,15.0,90.0,453510726,-0.3144516050815582,1.0055021047592163,-0.5635475516319275,0.6128525733947754,same_codec_direct,0,4096,4096,12290,0.014310931786894798,18.443320883413854,0.8011083006858826,0.5018423795700073,1
kodak,05.png,15.0,90.0,453510726,-0.3144516050815582,1.0055021047592163,-0.5635475516319275,0.6128525733947754,same_codec_full_HARQ,1,4096,8192,16388,0.01427021436393261,18.455695029628718,0.8024627566337585,0.5005675554275513,1
kodak,05.png,15.0,90.0,453510726,-0.3144516050815582,1.0055021047592163,-0.5635475516319275,0.6128525733947754,adaptive_HARQ,1,4096,8192,16388,0.01427021436393261,18.455695029628718,0.8024627566337585,0.5005675554275513,1
kodak,05.png,15.0,90.0,453510726,-0.3144516050815582,1.0055021047592163,-0.5635475516319275,0.6128525733947754,FlowHARQ,1,4096,8192,16388,0.01427021436393261,18.455695029628718,0.8024627566337585,0.5005675554275513,1
kodak,05.png,15.0,120.0,784417684,0.9888898134231567,0.26067107915878296,-0.9965160489082336,-0.7662817239761353,SwinJSCC_author_one_shot,0,16,4096,4130,0.0034518237225711346,24.619513909027702,0.959135890007019,0.16425339877605438,0
kodak,05.png,15.0,120.0,784417684,0.9888898134231567,0.26067107915878296,-0.9965160489082336,-0.7662817239761353,SwinJSCC_author_Chase_wrapper,1,16,8192,8228,0.003168085590004921,24.992030938866087,0.9637006521224976,0.15839941799640656,0
kodak,05.png,15.0,120.0,784417684,0.9888898134231567,0.26067107915878296,-0.9965160489082336,-0.7662817239761353,same_codec_direct,0,4096,4096,12290,0.014390437863767147,18.4192599140566,0.8003765940666199,0.5066679120063782,1
kodak,05.png,15.0,120.0,784417684,0.9888898134231567,0.26067107915878296,-0.9965160489082336,-0.7662817239761353,same_codec_full_HARQ,1,4096,8192,16388,0.014287494122982025,18.450439352393214,0.8038047552108765,0.5008379220962524,1
kodak,05.png,15.0,120.0,784417684,0.9888898134231567,0.26067107915878296,-0.9965160489082336,-0.7662817239761353,adaptive_HARQ,1,4096,8192,16388,0.014287494122982025,18.450439352393214,0.8038047552108765,0.5008379220962524,1
kodak,05.png,15.0,120.0,784417684,0.9888898134231567,0.26067107915878296,-0.9965160489082336,-0.7662817239761353,FlowHARQ,1,4096,8192,16388,0.014287494122982025,18.450439352393214,0.8038047552108765,0.5008379220962524,1
kodak,06.png,0.0,30.0,4140140268,-0.47239843010902405,0.7187349200248718,-0.2444925457239151,0.37535569071769714,SwinJSCC_author_one_shot,0,16,4096,4130,0.0235562976449728,16.27892966801317,0.48482877016067505,0.5651657581329346,1
kodak,06.png,0.0,30.0,4140140268,-0.47239843010902405,0.7187349200248718,-0.2444925457239151,0.37535569071769714,SwinJSCC_author_Chase_wrapper,1,16,8192,8228,0.019366946071386337,17.129388567672322,0.5611194968223572,0.5665549039840698,1
kodak,06.png,0.0,30.0,4140140268,-0.47239843010902405,0.7187349200248718,-0.2444925457239151,0.37535569071769714,same_codec_direct,0,4096,4096,12290,0.009709048084914684,20.128233480255084,0.6162630915641785,0.7706874012947083,1
kodak,06.png,0.0,30.0,4140140268,-0.47239843010902405,0.7187349200248718,-0.2444925457239151,0.37535569071769714,same_codec_full_HARQ,1,4096,8192,16388,0.009365123696625233,20.28486481993283,0.6347444653511047,0.7459685206413269,1
kodak,06.png,0.0,30.0,4140140268,-0.47239843010902405,0.7187349200248718,-0.2444925457239151,0.37535569071769714,adaptive_HARQ,1,4096,8192,16388,0.009365123696625233,20.28486481993283,0.6347444653511047,0.7459685206413269,1
kodak,06.png,0.0,30.0,4140140268,-0.47239843010902405,0.7187349200248718,-0.2444925457239151,0.37535569071769714,FlowHARQ,1,4096,8192,16388,0.009365123696625233,20.28486481993283,0.6347444653511047,0.7459685206413269,1
kodak,06.png,0.0,60.0,2784403412,-0.15446145832538605,0.00627796771004796,-0.2567102909088135,-1.1947122812271118,SwinJSCC_author_one_shot,0,16,4096,4130,0.10999603569507599,9.58622966721572,0.08488345146179199,0.7288060188293457,1
kodak,06.png,0.0,60.0,2784403412,-0.15446145832538605,0.00627796771004796,-0.2567102909088135,-1.1947122812271118,SwinJSCC_author_Chase_wrapper,1,16,8192,8228,0.010731764137744904,19.693288808008358,0.6701205968856812,0.4299450218677521,1
kodak,06.png,0.0,60.0,2784403412,-0.15446145832538605,0.00627796771004796,-0.2567102909088135,-1.1947122812271118,same_codec_direct,0,4096,4096,12290,0.021420035511255264,16.69179813507458,0.31772106885910034,0.8972808718681335,1
kodak,06.png,0.0,60.0,2784403412,-0.15446145832538605,0.00627796771004796,-0.2567102909088135,-1.1947122812271118,same_codec_full_HARQ,1,4096,8192,16388,0.00922371819615364,20.350939741137264,0.6839401125907898,0.7126514315605164,1
kodak,06.png,0.0,60.0,2784403412,-0.15446145832538605,0.00627796771004796,-0.2567102909088135,-1.1947122812271118,adaptive_HARQ,1,4096,8192,16388,0.00922371819615364,20.350939741137264,0.6839401125907898,0.7126514315605164,1
kodak,06.png,0.0,60.0,2784403412,-0.15446145832538605,0.00627796771004796,-0.2567102909088135,-1.1947122812271118,FlowHARQ,1,4096,8192,16388,0.00922371819615364,20.350939741137264,0.6839401125907898,0.7126514315605164,1
kodak,06.png,0.0,90.0,101260055,0.042402662336826324,-0.5386990308761597,-0.7885162234306335,-0.8600724935531616,SwinJSCC_author_one_shot,0,16,4096,4130,0.07350992411375046,11.336540255839099,0.23928146064281464,0.6429023742675781,1
kodak,06.png,0.0,90.0,101260055,0.042402662336826324,-0.5386990308761597,-0.7885162234306335,-0.8600724935531616,SwinJSCC_author_Chase_wrapper,1,16,8192,8228,0.009182780981063843,20.37025773937357,0.7199880480766296,0.45547568798065186,1
kodak,06.png,0.0,90.0,101260055,0.042402662336826324,-0.5386990308761597,-0.7885162234306335,-0.8600724935531616,same_codec_direct,0,4096,4096,12290,0.011709119193255901,19.31475773065632,0.5319453477859497,0.8117358684539795,1
kodak,06.png,0.0,90.0,101260055,0.042402662336826324,-0.5386990308761597,-0.7885162234306335,-0.8600724935531616,same_codec_full_HARQ,1,4096,8192,16388,0.008962644264101982,20.475638407970376,0.6862787008285522,0.6823474168777466,1
kodak,06.png,0.0,90.0,101260055,0.042402662336826324,-0.5386990308761597,-0.7885162234306335,-0.8600724935531616,adaptive_HARQ,1,4096,8192,16388,0.008962644264101982,20.475638407970376,0.6862787008285522,0.6823474168777466,1
kodak,06.png,0.0,90.0,101260055,0.042402662336826324,-0.5386990308761597,-0.7885162234306335,-0.8600724935531616,FlowHARQ,1,4096,8192,16388,0.008962644264101982,20.475638407970376,0.6862787008285522,0.6823474168777466,1
kodak,06.png,0.0,120.0,4285469323,-0.0028643866535276175,-0.8370406031608582,0.46065351366996765,-0.05522829294204712,SwinJSCC_author_one_shot,0,16,4096,4130,0.024443790316581726,16.11831450395759,0.47379931807518005,0.5899339914321899,1
kodak,06.png,0.0,120.0,4285469323,-0.0028643866535276175,-0.8370406031608582,0.46065351366996765,-0.05522829294204712,SwinJSCC_author_Chase_wrapper,1,16,8192,8228,0.018008798360824585,17.445152645637812,0.5442856550216675,0.5450324416160583,1
kodak,06.png,0.0,120.0,4285469323,-0.0028643866535276175,-0.8370406031608582,0.46065351366996765,-0.05522829294204712,same_codec_direct,0,4096,4096,12290,0.010327525436878204,19.860037266750524,0.6045060157775879,0.7745907306671143,1
kodak,06.png,0.0,120.0,4285469323,-0.0028643866535276175,-0.8370406031608582,0.46065351366996765,-0.05522829294204712,same_codec_full_HARQ,1,4096,8192,16388,0.00961917545646429,20.168621535396216,0.6316471099853516,0.7453649044036865,1
kodak,06.png,0.0,120.0,4285469323,-0.0028643866535276175,-0.8370406031608582,0.46065351366996765,-0.05522829294204712,adaptive_HARQ,1,4096,8192,16388,0.00961917545646429,20.168621535396216,0.6316471099853516,0.7453649044036865,1
kodak,06.png,0.0,120.0,4285469323,-0.0028643866535276175,-0.8370406031608582,0.46065351366996765,-0.05522829294204712,FlowHARQ,1,4096,8192,16388,0.00961917545646429,20.168621535396216,0.6316471099853516,0.7453649044036865,1
kodak,06.png,3.0,30.0,3767986894,0.023159844800829887,-1.1924798488616943,0.6554384231567383,-0.4170438051223755,SwinJSCC_author_one_shot,0,16,4096,4130,0.005755129735916853,22.399448817722046,0.8252381682395935,0.3524404466152191,1
kodak,06.png,3.0,30.0,3767986894,0.023159844800829887,-1.1924798488616943,0.6554384231567383,-0.4170438051223755,SwinJSCC_author_Chase_wrapper,1,16,8192,8228,0.004743100609630346,23.239376630892487,0.8618706464767456,0.3187115490436554,1
kodak,06.png,3.0,30.0,3767986894,0.023159844800829887,-1.1924798488616943,0.6554384231567383,-0.4170438051223755,same_codec_direct,0,4096,4096,12290,0.008368050679564476,20.77375698243944,0.7215800285339355,0.668105959892273,1
kodak,06.png,3.0,30.0,3767986894,0.023159844800829887,-1.1924798488616943,0.6554384231567383,-0.4170438051223755,same_codec_full_HARQ,1,4096,8192,16388,0.008111384697258472,20.909050009003348,0.7342202067375183,0.65340656042099,1
kodak,06.png,3.0,30.0,3767986894,0.023159844800829887,-1.1924798488616943,0.6554384231567383,-0.4170438051223755,adaptive_HARQ,1,4096,8192,16388,0.008111384697258472,20.909050009003348,0.7342202067375183,0.65340656042099,1
kodak,06.png,3.0,30.0,3767986894,0.023159844800829887,-1.1924798488616943,0.6554384231567383,-0.4170438051223755,FlowHARQ,1,4096,8192,16388,0.008111384697258472,20.909050009003348,0.7342202067375183,0.65340656042099,1
kodak,06.png,3.0,60.0,2352992890,1.1327018737792969,1.1307798624038696,-0.3032532036304474,-0.31282541155815125,SwinJSCC_author_one_shot,0,16,4096,4130,0.004347334615886211,23.61776930722423,0.8751341700553894,0.30563026666641235,1
kodak,06.png,3.0,60.0,2352992890,1.1327018737792969,1.1307798624038696,-0.3032532036304474,-0.31282541155815125,SwinJSCC_author_Chase_wrapper,1,16,8192,8228,0.004236483946442604,23.729944349515634,0.8801794052124023,0.3038678765296936,1
kodak,06.png,3.0,60.0,2352992890,1.1327018737792969,1.1307798624038696,-0.3032532036304474,-0.31282541155815125,same_codec_direct,0,4096,4096,12290,0.00826750323176384,20.8262562664868,0.7428461909294128,0.6628003120422363,1
kodak,06.png,3.0,60.0,2352992890,1.1327018737792969,1.1307798624038696,-0.3032532036304474,-0.31282541155815125,same_codec_full_HARQ,1,4096,8192,16388,0.00820345338433981,20.86003285416515,0.7451781034469604,0.660544753074646,1
kodak,06.png,3.0,60.0,2352992890,1.1327018737792969,1.1307798624038696,-0.3032532036304474,-0.31282541155815125,adaptive_HARQ,1,4096,8192,16388,0.00820345338433981,20.86003285416515,0.7451781034469604,0.660544753074646,1
kodak,06.png,3.0,60.0,2352992890,1.1327018737792969,1.1307798624038696,-0.3032532036304474,-0.31282541155815125,FlowHARQ,1,4096,8192,16388,0.00820345338433981,20.86003285416515,0.7451781034469604,0.660544753074646,1
kodak,06.png,3.0,90.0,1774000058,0.727320671081543,0.8085155487060547,0.24485398828983307,-0.7536617517471313,SwinJSCC_author_one_shot,0,16,4096,4130,0.007826153188943863,21.064516554818653,0.7903339862823486,0.37780243158340454,1
kodak,06.png,3.0,90.0,1774000058,0.727320671081543,0.8085155487060547,0.24485398828983307,-0.7536617517471313,SwinJSCC_author_Chase_wrapper,1,16,8192,8228,0.005371691193431616,22.69888961908661,0.8486058115959167,0.3275536298751831,1
kodak,06.png,3.0,90.0,1774000058,0.727320671081543,0.8085155487060547,0.24485398828983307,-0.7536617517471313,same_codec_direct,0,4096,4096,12290,0.008539827540516853,20.685508996808018,0.7160991430282593,0.6888035535812378,1
kodak,06.png,3.0,90.0,1774000058,0.727320671081543,0.8085155487060547,0.24485398828983307,-0.7536617517471313,same_codec_full_HARQ,1,4096,8192,16388,0.008227510377764702,20.847315612361896,0.7332078814506531,0.6713857054710388,1
kodak,06.png,3.0,90.0,1774000058,0.727320671081543,0.8085155487060547,0.24485398828983307,-0.7536617517471313,adaptive_HARQ,1,4096,8192,16388,0.008227510377764702,20.847315612361896,0.7332078814506531,0.6713857054710388,1
kodak,06.png,3.0,90.0,1774000058,0.727320671081543,0.8085155487060547,0.24485398828983307,-0.7536617517471313,FlowHARQ,1,4096,8192,16388,0.008227510377764702,20.847315612361896,0.7332078814506531,0.6713857054710388,1
kodak,06.png,3.0,120.0,1057165161,0.29797419905662537,0.03102119453251362,0.0699683204293251,0.03727566823363304,SwinJSCC_author_one_shot,0,16,4096,4130,0.11598800122737885,9.355869355167412,0.18098172545433044,0.6285157799720764,1
kodak,06.png,3.0,120.0,1057165161,0.29797419905662537,0.03102119453251362,0.0699683204293251,0.03727566823363304,SwinJSCC_author_Chase_wrapper,1,16,8192,8228,0.1067570373415947,9.716034870019,0.17809036374092102,0.6287111043930054,1
kodak,06.png,3.0,120.0,1057165161,0.29797419905662537,0.03102119453251362,0.0699683204293251,0.03727566823363304,same_codec_direct,0,4096,4096,12290,0.01232537068426609,19.092000104920754,0.48184746503829956,0.8315190076828003,1
kodak,06.png,3.0,120.0,1057165161,0.29797419905662537,0.03102119453251362,0.0699683204293251,0.03727566823363304,same_codec_full_HARQ,1,4096,8192,16388,0.012168760411441326,19.14753659558732,0.48689067363739014,0.8298310041427612,1
kodak,06.png,3.0,120.0,1057165161,0.29797419905662537,0.03102119453251362,0.0699683204293251,0.03727566823363304,adaptive_HARQ,1,4096,8192,16388,0.012168760411441326,19.14753659558732,0.48689067363739014,0.8298310041427612,1
kodak,06.png,3.0,120.0,1057165161,0.29797419905662537,0.03102119453251362,0.0699683204293251,0.03727566823363304,FlowHARQ,1,4096,8192,16388,0.012168760411441326,19.14753659558732,0.48689067363739014,0.8298310041427612,1
kodak,06.png,6.0,30.0,4017256090,-1.03696870803833,-0.25443199276924133,-0.13364315032958984,-0.3104095160961151,SwinJSCC_author_one_shot,0,16,4096,4130,0.004352478310465813,23.6126338440787,0.8736264109611511,0.3048386871814728,1
kodak,06.png,6.0,30.0,4017256090,-1.03696870803833,-0.25443199276924133,-0.13364315032958984,-0.3104095160961151,SwinJSCC_author_Chase_wrapper,1,16,8192,8228,0.004158071707934141,23.81108025324037,0.8822120428085327,0.29497265815734863,1
kodak,06.png,6.0,30.0,4017256090,-1.03696870803833,-0.25443199276924133,-0.13364315032958984,-0.3104095160961151,same_codec_direct,0,4096,4096,12290,0.008099979721009731,20.915160684132758,0.7423233985900879,0.6611495018005371,1
kodak,06.png,6.0,30.0,4017256090,-1.03696870803833,-0.25443199276924133,-0.13364315032958984,-0.3104095160961151,same_codec_full_HARQ,1,4096,8192,16388,0.008027439936995506,20.95422935232529,0.7441086769104004,0.6583274602890015,1
kodak,06.png,6.0,30.0,4017256090,-1.03696870803833,-0.25443199276924133,-0.13364315032958984,-0.3104095160961151,adaptive_HARQ,1,4096,8192,16388,0.008027439936995506,20.95422935232529,0.7441086769104004,0.6583274602890015,1
kodak,06.png,6.0,30.0,4017256090,-1.03696870803833,-0.25443199276924133,-0.13364315032958984,-0.3104095160961151,FlowHARQ,1,4096,8192,16388,0.008027439936995506,20.95422935232529,0.7441086769104004,0.6583274602890015,1
kodak,06.png,6.0,60.0,517629698,-0.20420090854167938,0.2886407673358917,-0.2995181977748871,-0.5172649025917053,SwinJSCC_author_one_shot,0,16,4096,4130,0.04012228548526764,13.966143362356252,0.3779943585395813,0.5897442698478699,1
kodak,06.png,6.0,60.0,517629698,-0.20420090854167938,0.2886407673358917,-0.2995181977748871,-0.5172649025917053,SwinJSCC_author_Chase_wrapper,1,16,8192,8228,0.008551559410989285,20.679546827180406,0.7648998498916626,0.41741809248924255,1
kodak,06.png,6.0,60.0,517629698,-0.20420090854167938,0.2886407673358917,-0.2995181977748871,-0.5172649025917053,same_codec_direct,0,4096,4096,12290,0.010590843856334686,19.750694348359502,0.5763155817985535,0.7897404432296753,1
kodak,06.png,6.0,60.0,517629698,-0.20420090854167938,0.2886407673358917,-0.2995181977748871,-0.5172649025917053,same_codec_full_HARQ,1,4096,8192,16388,0.008597084321081638,20.656488136361915,0.7039434909820557,0.6844297647476196,1
kodak,06.png,6.0,60.0,517629698,-0.20420090854167938,0.2886407673358917,-0.2995181977748871,-0.5172649025917053,adaptive_HARQ,1,4096,8192,16388,0.008597084321081638,20.656488136361915,0.7039434909820557,0.6844297647476196,1
kodak,06.png,6.0,60.0,517629698,-0.20420090854167938,0.2886407673358917,-0.2995181977748871,-0.5172649025917053,FlowHARQ,1,4096,8192,16388,0.008597084321081638,20.656488136361915,0.7039434909820557,0.6844297647476196,1
kodak,06.png,6.0,90.0,3389079756,-0.6740667819976807,1.290123701095581,1.2762551307678223,-1.4642939567565918,SwinJSCC_author_one_shot,0,16,4096,4130,0.0036002814304083586,24.436635495393197,0.9030501246452332,0.2995455861091614,0
kodak,06.png,6.0,90.0,3389079756,-0.6740667819976807,1.290123701095581,1.2762551307678223,-1.4642939567565918,SwinJSCC_author_Chase_wrapper,1,16,8192,8228,0.003030929248780012,25.18424201284326,0.9241446256637573,0.29242995381355286,0
kodak,06.png,6.0,90.0,3389079756,-0.6740667819976807,1.290123701095581,1.2762551307678223,-1.4642939567565918,same_codec_direct,0,4096,4096,12290,0.007922100834548473,21.0115963408405,0.7521227598190308,0.6415433883666992,1
kodak,06.png,6.0,90.0,3389079756,-0.6740667819976807,1.290123701095581,1.2762551307678223,-1.4642939567565918,same_codec_full_HARQ,1,4096,8192,16388,0.007726062089204788,21.120418060422633,0.7654473185539246,0.634455680847168,1
kodak,06.png,6.0,90.0,3389079756,-0.6740667819976807,1.290123701095581,1.2762551307678223,-1.4642939567565918,adaptive_HARQ,1,4096,8192,16388,0.007726062089204788,21.120418060422633,0.7654473185539246,0.634455680847168,1
kodak,06.png,6.0,90.0,3389079756,-0.6740667819976807,1.290123701095581,1.2762551307678223,-1.4642939567565918,FlowHARQ,1,4096,8192,16388,0.007726062089204788,21.120418060422633,0.7654473185539246,0.634455680847168,1
kodak,06.png,6.0,120.0,1791218712,-0.27074575424194336,-0.10350248962640762,1.2578949928283691,-0.26191067695617676,SwinJSCC_author_one_shot,0,16,4096,4130,0.058992739766836166,12.292014336666197,0.2771527171134949,0.6092673540115356,1
kodak,06.png,6.0,120.0,1791218712,-0.27074575424194336,-0.10350248962640762,1.2578949928283691,-0.26191067695617676,SwinJSCC_author_Chase_wrapper,1,16,8192,8228,0.003871789202094078,24.120882956971794,0.8948827981948853,0.30688920617103577,0
kodak,06.png,6.0,120.0,1791218712,-0.27074575424194336,-0.10350248962640762,1.2578949928283691,-0.26191067695617676,same_codec_direct,0,4096,4096,12290,0.011974215507507324,19.217529298483427,0.5371612310409546,0.8109973669052124,1
kodak,06.png,6.0,120.0,1791218712,-0.27074575424194336,-0.10350248962640762,1.2578949928283691,-0.26191067695617676,same_codec_full_HARQ,1,4096,8192,16388,0.007927635684609413,21.00856316116028,0.7487486600875854,0.6553887128829956,1
kodak,06.png,6.0,120.0,1791218712,-0.27074575424194336,-0.10350248962640762,1.2578949928283691,-0.26191067695617676,adaptive_HARQ,1,4096,8192,16388,0.007927635684609413,21.00856316116028,0.7487486600875854,0.6553887128829956,1
kodak,06.png,6.0,120.0,1791218712,-0.27074575424194336,-0.10350248962640762,1.2578949928283691,-0.26191067695617676,FlowHARQ,1,4096,8192,16388,0.007927635684609413,21.00856316116028,0.7487486600875854,0.6553887128829956,1
kodak,06.png,9.0,30.0,2816564437,-1.0241003036499023,2.487128257751465,-0.16349893808364868,2.3010778427124023,SwinJSCC_author_one_shot,0,16,4096,4130,0.0028832487296313047,25.40117890651384,0.931020975112915,0.2898319363594055,0
kodak,06.png,9.0,30.0,2816564437,-1.0241003036499023,2.487128257751465,-0.16349893808364868,2.3010778427124023,SwinJSCC_author_Chase_wrapper,1,16,8192,8228,0.002835294231772423,25.474018656583404,0.9330734610557556,0.2879926860332489,0
kodak,06.png,9.0,30.0,2816564437,-1.0241003036499023,2.487128257751465,-0.16349893808364868,2.3010778427124023,same_codec_direct,0,4096,4096,12290,0.007703199051320553,21.133288797873465,0.7702474594116211,0.6380079984664917,1
kodak,06.png,9.0,30.0,2816564437,-1.0241003036499023,2.487128257751465,-0.16349893808364868,2.3010778427124023,same_codec_full_HARQ,1,4096,8192,16388,0.007680452428758144,21.146131964364816,0.7714747190475464,0.63880455493927,1
kodak,06.png,9.0,30.0,2816564437,-1.0241003036499023,2.487128257751465,-0.16349893808364868,2.3010778427124023,adaptive_HARQ,1,4096,8192,16388,0.007680452428758144,21.146131964364816,0.7714747190475464,0.63880455493927,1
kodak,06.png,9.0,30.0,2816564437,-1.0241003036499023,2.487128257751465,-0.16349893808364868,2.3010778427124023,FlowHARQ,1,4096,8192,16388,0.007680452428758144,21.146131964364816,0.7714747190475464,0.63880455493927,1
kodak,06.png,9.0,60.0,1993822044,-0.5080792903900146,0.9227110743522644,-0.2735244333744049,0.4583285450935364,SwinJSCC_author_one_shot,0,16,4096,4130,0.0035763289779424667,24.465625383286948,0.9059270620346069,0.2907526195049286,0
kodak,06.png,9.0,60.0,1993822044,-0.5080792903900146,0.9227110743522644,-0.2735244333744049,0.4583285450935364,SwinJSCC_author_Chase_wrapper,1,16,8192,8228,0.0033964463509619236,24.689752409776293,0.912848711013794,0.28913936018943787,0
kodak,06.png,9.0,60.0,1993822044,-0.5080792903900146,0.9227110743522644,-0.2735244333744049,0.4583285450935364,same_codec_direct,0,4096,4096,12290,0.007933823391795158,21.005174712203875,0.7547134160995483,0.64445561170578,1
kodak,06.png,9.0,60.0,1993822044,-0.5080792903900146,0.9227110743522644,-0.2735244333744049,0.4583285450935364,same_codec_full_HARQ,1,4096,8192,16388,0.007928561419248581,21.008056051614,0.7572721838951111,0.6440790891647339,1
kodak,06.png,9.0,60.0,1993822044,-0.5080792903900146,0.9227110743522644,-0.2735244333744049,0.4583285450935364,adaptive_HARQ,1,4096,8192,16388,0.007928561419248581,21.008056051614,0.7572721838951111,0.6440790891647339,1
kodak,06.png,9.0,60.0,1993822044,-0.5080792903900146,0.9227110743522644,-0.2735244333744049,0.4583285450935364,FlowHARQ,1,4096,8192,16388,0.007928561419248581,21.008056051614,0.7572721838951111,0.6440790891647339,1
kodak,06.png,9.0,90.0,3458256808,-0.19087843596935272,0.9906171560287476,0.1040574237704277,-0.5098659992218018,SwinJSCC_author_one_shot,0,16,4096,4130,0.0036305251996964216,24.400305444318867,0.902711808681488,0.3074573874473572,0
kodak,06.png,9.0,90.0,3458256808,-0.19087843596935272,0.9906171560287476,0.1040574237704277,-0.5098659992218018,SwinJSCC_author_Chase_wrapper,1,16,8192,8228,0.0034383884631097317,24.6364505904673,0.9113237261772156,0.3019387125968933,0
kodak,06.png,9.0,90.0,3458256808,-0.19087843596935272,0.9906171560287476,0.1040574237704277,-0.5098659992218018,same_codec_direct,0,4096,4096,12290,0.00794310588389635,21.000096481411028,0.7532281875610352,0.6531052589416504,1
kodak,06.png,9.0,90.0,3458256808,-0.19087843596935272,0.9906171560287476,0.1040574237704277,-0.5098659992218018,same_codec_full_HARQ,1,4096,8192,16388,0.007894918322563171,21.026523586567762,0.7562636733055115,0.6540263295173645,1
kodak,06.png,9.0,90.0,3458256808,-0.19087843596935272,0.9906171560287476,0.1040574237704277,-0.5098659992218018,adaptive_HARQ,1,4096,8192,16388,0.007894918322563171,21.026523586567762,0.7562636733055115,0.6540263295173645,1
kodak,06.png,9.0,90.0,3458256808,-0.19087843596935272,0.9906171560287476,0.1040574237704277,-0.5098659992218018,FlowHARQ,1,4096,8192,16388,0.007894918322563171,21.026523586567762,0.7562636733055115,0.6540263295173645,1
kodak,06.png,9.0,120.0,3187611230,1.3110616207122803,-1.416318655014038,-0.19659799337387085,0.9251811504364014,SwinJSCC_author_one_shot,0,16,4096,4130,0.00297177629545331,25.26983885795311,0.9264129996299744,0.29284223914146423,0
kodak,06.png,9.0,120.0,3187611230,1.3110616207122803,-1.416318655014038,-0.19659799337387085,0.9251811504364014,SwinJSCC_author_Chase_wrapper,1,16,8192,8228,0.002924032974988222,25.340177340484193,0.9284812808036804,0.29207122325897217,0
kodak,06.png,9.0,120.0,3187611230,1.3110616207122803,-1.416318655014038,-0.19659799337387085,0.9251811504364014,same_codec_direct,0,4096,4096,12290,0.007736281957477331,21.114677102868633,0.767514169216156,0.6432985067367554,1
kodak,06.png,9.0,120.0,3187611230,1.3110616207122803,-1.416318655014038,-0.19659799337387085,0.9251811504364014,same_codec_full_HARQ,1,4096,8192,16388,0.007721879985183477,21.122769525407193,0.7687013149261475,0.644314706325531,1
kodak,06.png,9.0,120.0,3187611230,1.3110616207122803,-1.416318655014038,-0.19659799337387085,0.9251811504364014,adaptive_HARQ,1,4096,8192,16388,0.007721879985183477,21.122769525407193,0.7687013149261475,0.644314706325531,1
kodak,06.png,9.0,120.0,3187611230,1.3110616207122803,-1.416318655014038,-0.19659799337387085,0.9251811504364014,FlowHARQ,1,4096,8192,16388,0.007721879985183477,21.122769525407193,0.7687013149261475,0.644314706325531,1
kodak,06.png,12.0,30.0,252687094,-0.12310074269771576,-1.1141574382781982,0.4719351828098297,-0.4500183165073395,SwinJSCC_author_one_shot,0,16,4096,4130,0.0030999365262687206,25.08647198608779,0.9237744212150574,0.28968656063079834,0
kodak,06.png,12.0,30.0,252687094,-0.12310074269771576,-1.1141574382781982,0.4719351828098297,-0.4500183165073395,SwinJSCC_author_Chase_wrapper,1,16,8192,8228,0.0030021786224097013,25.225634718465535,0.926922082901001,0.2870383858680725,0
kodak,06.png,12.0,30.0,252687094,-0.12310074269771576,-1.1141574382781982,0.4719351828098297,-0.4500183165073395,same_codec_direct,0,4096,4096,12290,0.007754679769277573,21.104361317391188,0.7639094591140747,0.6454470753669739,1
kodak,06.png,12.0,30.0,252687094,-0.12310074269771576,-1.1141574382781982,0.4719351828098297,-0.4500183165073395,same_codec_full_HARQ,1,4096,8192,16388,0.007768141105771065,21.096828942095836,0.7652831077575684,0.646981418132782,1
kodak,06.png,12.0,30.0,252687094,-0.12310074269771576,-1.1141574382781982,0.4719351828098297,-0.4500183165073395,adaptive_HARQ,1,4096,8192,16388,0.007768141105771065,21.096828942095836,0.7652831077575684,0.646981418132782,1
kodak,06.png,12.0,30.0,252687094,-0.12310074269771576,-1.1141574382781982,0.4719351828098297,-0.4500183165073395,FlowHARQ,1,4096,8192,16388,0.007768141105771065,21.096828942095836,0.7652831077575684,0.646981418132782,1
kodak,06.png,12.0,60.0,1976895310,-0.1701655238866806,-0.08073297888040543,0.3668723702430725,0.7802625298500061,SwinJSCC_author_one_shot,0,16,4096,4130,0.030647581443190575,15.13603792183748,0.4192703366279602,0.6184717416763306,1
kodak,06.png,12.0,60.0,1976895310,-0.1701655238866806,-0.08073297888040543,0.3668723702430725,0.7802625298500061,SwinJSCC_author_Chase_wrapper,1,16,8192,8228,0.003325174329802394,24.781855808912432,0.9155606627464294,0.29925698041915894,0
kodak,06.png,12.0,60.0,1976895310,-0.1701655238866806,-0.08073297888040543,0.3668723702430725,0.7802625298500061,same_codec_direct,0,4096,4096,12290,0.010263843461871147,19.886899801876865,0.6041245460510254,0.7562284469604492,1
kodak,06.png,12.0,60.0,1976895310,-0.1701655238866806,-0.08073297888040543,0.3668723702430725,0.7802625298500061,same_codec_full_HARQ,1,4096,8192,16388,0.007777567487210035,21.091562117595025,0.761085033416748,0.6580116152763367,1
kodak,06.png,12.0,60.0,1976895310,-0.1701655238866806,-0.08073297888040543,0.3668723702430725,0.7802625298500061,adaptive_HARQ,1,4096,8192,16388,0.007777567487210035,21.091562117595025,0.761085033416748,0.6580116152763367,1
kodak,06.png,12.0,60.0,1976895310,-0.1701655238866806,-0.08073297888040543,0.3668723702430725,0.7802625298500061,FlowHARQ,1,4096,8192,16388,0.007777567487210035,21.091562117595025,0.761085033416748,0.6580116152763367,1
kodak,06.png,12.0,90.0,3177886385,-1.9386215209960938,-0.347348153591156,0.5651580095291138,-0.31002670526504517,SwinJSCC_author_one_shot,0,16,4096,4130,0.0028701676055788994,25.42092741575174,0.9312428832054138,0.28509634733200073,0
kodak,06.png,12.0,90.0,3177886385,-1.9386215209960938,-0.347348153591156,0.5651580095291138,-0.31002670526504517,SwinJSCC_author_Chase_wrapper,1,16,8192,8228,0.002860535401850939,25.435526730570714,0.9316291213035583,0.28371238708496094,0
kodak,06.png,12.0,90.0,3177886385,-1.9386215209960938,-0.347348153591156,0.5651580095291138,-0.31002670526504517,same_codec_direct,0,4096,4096,12290,0.007691992446780205,21.139611508926436,0.7708532214164734,0.6436171531677246,1
kodak,06.png,12.0,90.0,3177886385,-1.9386215209960938,-0.347348153591156,0.5651580095291138,-0.31002670526504517,same_codec_full_HARQ,1,4096,8192,16388,0.007685256656259298,21.143416242558544,0.7712234258651733,0.6420379877090454,1
kodak,06.png,12.0,90.0,3177886385,-1.9386215209960938,-0.347348153591156,0.5651580095291138,-0.31002670526504517,adaptive_HARQ,1,4096,8192,16388,0.007685256656259298,21.143416242558544,0.7712234258651733,0.6420379877090454,1
kodak,06.png,12.0,90.0,3177886385,-1.9386215209960938,-0.347348153591156,0.5651580095291138,-0.31002670526504517,FlowHARQ,1,4096,8192,16388,0.007685256656259298,21.143416242558544,0.7712234258651733,0.6420379877090454,1
kodak,06.png,12.0,120.0,2263709009,0.3008612096309662,-1.310765266418457,-0.7254540920257568,0.07662063837051392,SwinJSCC_author_one_shot,0,16,4096,4130,0.002999064978212118,25.230141246461883,0.9275623559951782,0.2890658378601074,0
kodak,06.png,12.0,120.0,2263709009,0.3008612096309662,-1.310765266418457,-0.7254540920257568,0.07662063837051392,SwinJSCC_author_Chase_wrapper,1,16,8192,8228,0.00294544268399477,25.30849423875869,0.9292806386947632,0.2888217568397522,0
kodak,06.png,12.0,120.0,2263709009,0.3008612096309662,-1.310765266418457,-0.7254540920257568,0.07662063837051392,same_codec_direct,0,4096,4096,12290,0.007763063069432974,21.099668854847277,0.7662115097045898,0.6425389647483826,1
kodak,06.png,12.0,120.0,2263709009,0.3008612096309662,-1.310765266418457,-0.7254540920257568,0.07662063837051392,same_codec_full_HARQ,1,4096,8192,16388,0.007735537365078926,21.11509511753569,0.7676734924316406,0.6416734457015991,1
kodak,06.png,12.0,120.0,2263709009,0.3008612096309662,-1.310765266418457,-0.7254540920257568,0.07662063837051392,adaptive_HARQ,1,4096,8192,16388,0.007735537365078926,21.11509511753569,0.7676734924316406,0.6416734457015991,1
kodak,06.png,12.0,120.0,2263709009,0.3008612096309662,-1.310765266418457,-0.7254540920257568,0.07662063837051392,FlowHARQ,1,4096,8192,16388,0.007735537365078926,21.11509511753569,0.7676734924316406,0.6416734457015991,1
kodak,06.png,15.0,30.0,1405122955,-1.083429217338562,0.4463699460029602,-0.8253449201583862,0.6957097053527832,SwinJSCC_author_one_shot,0,16,4096,4130,0.002914212178438902,25.354788312309044,0.9292098879814148,0.2890792787075043,0
kodak,06.png,15.0,30.0,1405122955,-1.083429217338562,0.4463699460029602,-0.8253449201583862,0.6957097053527832,SwinJSCC_author_Chase_wrapper,1,16,8192,8228,0.0028428479563444853,25.462463670019076,0.9322125315666199,0.2889413833618164,0
kodak,06.png,15.0,30.0,1405122955,-1.083429217338562,0.4463699460029602,-0.8253449201583862,0.6957097053527832,same_codec_direct,0,4096,4096,12290,0.007744626607745886,21.10999516071935,0.7698371410369873,0.6389598846435547,1
kodak,06.png,15.0,30.0,1405122955,-1.083429217338562,0.4463699460029602,-0.8253449201583862,0.6957097053527832,same_codec_full_HARQ,1,4096,8192,16388,0.007694815751165152,21.138017746902364,0.7715935707092285,0.6402939558029175,1
kodak,06.png,15.0,30.0,1405122955,-1.083429217338562,0.4463699460029602,-0.8253449201583862,0.6957097053527832,adaptive_HARQ,1,4096,8192,16388,0.007694815751165152,21.138017746902364,0.7715935707092285,0.6402939558029175,1
kodak,06.png,15.0,30.0,1405122955,-1.083429217338562,0.4463699460029602,-0.8253449201583862,0.6957097053527832,FlowHARQ,1,4096,8192,16388,0.007694815751165152,21.138017746902364,0.7715935707092285,0.6402939558029175,1
kodak,06.png,15.0,60.0,2928210485,0.3287588953971863,0.4319908320903778,0.17847958207130432,-0.2221968173980713,SwinJSCC_author_one_shot,0,16,4096,4130,0.0035088136792182922,24.548396925528266,0.908118724822998,0.2906816899776459,0
kodak,06.png,15.0,60.0,2928210485,0.3287588953971863,0.4319908320903778,0.17847958207130432,-0.2221968173980713,SwinJSCC_author_Chase_wrapper,1,16,8192,8228,0.0033491654321551323,24.750633999376937,0.9155694246292114,0.2919263541698456,0
kodak,06.png,15.0,60.0,2928210485,0.3287588953971863,0.4319908320903778,0.17847958207130432,-0.2221968173980713,same_codec_direct,0,4096,4096,12290,0.007940511219203472,21.001515362968313,0.7560005187988281,0.6461619138717651,1
kodak,06.png,15.0,60.0,2928210485,0.3287588953971863,0.4319908320903778,0.17847958207130432,-0.2221968173980713,same_codec_full_HARQ,1,4096,8192,16388,0.00790439173579216,21.02131544574641,0.7595105171203613,0.6442457437515259,1
kodak,06.png,15.0,60.0,2928210485,0.3287588953971863,0.4319908320903778,0.17847958207130432,-0.2221968173980713,adaptive_HARQ,1,4096,8192,16388,0.00790439173579216,21.02131544574641,0.7595105171203613,0.6442457437515259,1
kodak,06.png,15.0,60.0,2928210485,0.3287588953971863,0.4319908320903778,0.17847958207130432,-0.2221968173980713,FlowHARQ,1,4096,8192,16388,0.00790439173579216,21.02131544574641,0.7595105171203613,0.6442457437515259,1
kodak,06.png,15.0,90.0,3971153627,-0.4409814476966858,0.16942206025123596,0.18148048222064972,0.35111939907073975,SwinJSCC_author_one_shot,0,16,4096,4130,0.003725692629814148,24.28792977320051,0.8980529308319092,0.2904188930988312,0
kodak,06.png,15.0,90.0,3971153627,-0.4409814476966858,0.16942206025123596,0.18148048222064972,0.35111939907073975,SwinJSCC_author_Chase_wrapper,1,16,8192,8228,0.0033352645114064217,24.76869717582865,0.9142242670059204,0.29101651906967163,0
kodak,06.png,15.0,90.0,3971153627,-0.4409814476966858,0.16942206025123596,0.18148048222064972,0.35111939907073975,same_codec_direct,0,4096,4096,12290,0.00797632709145546,20.981970448792637,0.7506207227706909,0.655963122844696,1
kodak,06.png,15.0,90.0,3971153627,-0.4409814476966858,0.16942206025123596,0.18148048222064972,0.35111939907073975,same_codec_full_HARQ,1,4096,8192,16388,0.007762319874018431,21.100084645773578,0.7596492171287537,0.6508514285087585,1
kodak,06.png,15.0,90.0,3971153627,-0.4409814476966858,0.16942206025123596,0.18148048222064972,0.35111939907073975,adaptive_HARQ,1,4096,8192,16388,0.007762319874018431,21.100084645773578,0.7596492171287537,0.6508514285087585,1
kodak,06.png,15.0,90.0,3971153627,-0.4409814476966858,0.16942206025123596,0.18148048222064972,0.35111939907073975,FlowHARQ,1,4096,8192,16388,0.007762319874018431,21.100084645773578,0.7596492171287537,0.6508514285087585,1
kodak,06.png,15.0,120.0,3971364156,-0.5461178421974182,0.5793460607528687,0.002979084849357605,-0.4317634105682373,SwinJSCC_author_one_shot,0,16,4096,4130,0.0031246456783264875,25.051992226949345,0.9222888946533203,0.2927993834018707,0
kodak,06.png,15.0,120.0,3971364156,-0.5461178421974182,0.5793460607528687,0.002979084849357605,-0.4317634105682373,SwinJSCC_author_Chase_wrapper,1,16,8192,8228,0.0030372156761586666,25.175243672388603,0.9250924587249756,0.28888046741485596,0
kodak,06.png,15.0,120.0,3971364156,-0.5461178421974182,0.5793460607528687,0.002979084849357605,-0.4317634105682373,same_codec_direct,0,4096,4096,12290,0.007806840352714062,21.075247017220626,0.7636077404022217,0.6424713134765625,1
kodak,06.png,15.0,120.0,3971364156,-0.5461178421974182,0.5793460607528687,0.002979084849357605,-0.4317634105682373,same_codec_full_HARQ,1,4096,8192,16388,0.007803899236023426,21.07688346853317,0.7654590606689453,0.6421545147895813,1
kodak,06.png,15.0,120.0,3971364156,-0.5461178421974182,0.5793460607528687,0.002979084849357605,-0.4317634105682373,adaptive_HARQ,1,4096,8192,16388,0.007803899236023426,21.07688346853317,0.7654590606689453,0.6421545147895813,1
kodak,06.png,15.0,120.0,3971364156,-0.5461178421974182,0.5793460607528687,0.002979084849357605,-0.4317634105682373,FlowHARQ,1,4096,8192,16388,0.007803899236023426,21.07688346853317,0.7654590606689453,0.6421545147895813,1
kodak,07.png,0.0,30.0,3324978309,-0.37352243065834045,1.1946673393249512,-0.344746857881546,0.32560837268829346,SwinJSCC_author_one_shot,0,16,4096,4130,0.008073242381215096,20.929520085912706,0.7672128081321716,0.3502270579338074,1
kodak,07.png,0.0,30.0,3324978309,-0.37352243065834045,1.1946673393249512,-0.344746857881546,0.32560837268829346,SwinJSCC_author_Chase_wrapper,1,16,8192,8228,0.006903856992721558,21.60908213224936,0.8048286437988281,0.30509358644485474,1
kodak,07.png,0.0,30.0,3324978309,-0.37352243065834045,1.1946673393249512,-0.344746857881546,0.32560837268829346,same_codec_direct,0,4096,4096,12290,0.00828244537115097,20.81841419929664,0.7590850591659546,0.5485148429870605,1
kodak,07.png,0.0,30.0,3324978309,-0.37352243065834045,1.1946673393249512,-0.344746857881546,0.32560837268829346,same_codec_full_HARQ,1,4096,8192,16388,0.008074043318629265,20.929089248549605,0.7662579417228699,0.5395879745483398,1
kodak,07.png,0.0,30.0,3324978309,-0.37352243065834045,1.1946673393249512,-0.344746857881546,0.32560837268829346,adaptive_HARQ,1,4096,8192,16388,0.008074043318629265,20.929089248549605,0.7662579417228699,0.5395879745483398,1
kodak,07.png,0.0,30.0,3324978309,-0.37352243065834045,1.1946673393249512,-0.344746857881546,0.32560837268829346,FlowHARQ,1,4096,8192,16388,0.008074043318629265,20.929089248549605,0.7662579417228699,0.5395879745483398,1
kodak,07.png,0.0,60.0,802648197,0.4608670473098755,-0.0696784257888794,0.03714233264327049,-0.6595949530601501,SwinJSCC_author_one_shot,0,16,4096,4130,0.0884699672460556,10.532041335159244,0.2214413583278656,0.6298164129257202,1
kodak,07.png,0.0,60.0,802648197,0.4608670473098755,-0.0696784257888794,0.03714233264327049,-0.6595949530601501,SwinJSCC_author_Chase_wrapper,1,16,8192,8228,0.02533118426799774,15.963445058654443,0.5156363248825073,0.5697864890098572,1
kodak,07.png,0.0,60.0,802648197,0.4608670473098755,-0.0696784257888794,0.03714233264327049,-0.6595949530601501,same_codec_direct,0,4096,4096,12290,0.014155621640384197,18.490710539526713,0.5396286249160767,0.710311233997345,1
kodak,07.png,0.0,60.0,802648197,0.4608670473098755,-0.0696784257888794,0.03714233264327049,-0.6595949530601501,same_codec_full_HARQ,1,4096,8192,16388,0.010270675644278526,19.884009859129208,0.6713106632232666,0.639594554901123,1
kodak,07.png,0.0,60.0,802648197,0.4608670473098755,-0.0696784257888794,0.03714233264327049,-0.6595949530601501,adaptive_HARQ,1,4096,8192,16388,0.010270675644278526,19.884009859129208,0.6713106632232666,0.639594554901123,1
kodak,07.png,0.0,60.0,802648197,0.4608670473098755,-0.0696784257888794,0.03714233264327049,-0.6595949530601501,FlowHARQ,1,4096,8192,16388,0.010270675644278526,19.884009859129208,0.6713106632232666,0.639594554901123,1
kodak,07.png,0.0,90.0,4265944647,0.5063888430595398,-1.1164175271987915,-0.5731086730957031,0.3981025218963623,SwinJSCC_author_one_shot,0,16,4096,4130,0.008832692168653011,20.539069050532962,0.7636325359344482,0.3474522829055786,1
kodak,07.png,0.0,90.0,4265944647,0.5063888430595398,-1.1164175271987915,-0.5731086730957031,0.3981025218963623,SwinJSCC_author_Chase_wrapper,1,16,8192,8228,0.005789636634290218,22.373486923476385,0.82166588306427,0.280294805765152,1
kodak,07.png,0.0,90.0,4265944647,0.5063888430595398,-1.1164175271987915,-0.5731086730957031,0.3981025218963623,same_codec_direct,0,4096,4096,12290,0.008423512801527977,20.74506759786336,0.7590043544769287,0.5538703203201294,1
kodak,07.png,0.0,90.0,4265944647,0.5063888430595398,-1.1164175271987915,-0.5731086730957031,0.3981025218963623,same_codec_full_HARQ,1,4096,8192,16388,0.007692934479564428,21.13907966416379,0.7823450565338135,0.5261861085891724,1
kodak,07.png,0.0,90.0,4265944647,0.5063888430595398,-1.1164175271987915,-0.5731086730957031,0.3981025218963623,adaptive_HARQ,1,4096,8192,16388,0.007692934479564428,21.13907966416379,0.7823450565338135,0.5261861085891724,1
kodak,07.png,0.0,90.0,4265944647,0.5063888430595398,-1.1164175271987915,-0.5731086730957031,0.3981025218963623,FlowHARQ,1,4096,8192,16388,0.007692934479564428,21.13907966416379,0.7823450565338135,0.5261861085891724,1
kodak,07.png,0.0,120.0,1591276907,0.3435226082801819,-0.024594679474830627,-1.3002005815505981,-0.7941205501556396,SwinJSCC_author_one_shot,0,16,4096,4130,0.16055673360824585,7.9437147578679115,0.11162703484296799,0.6962058544158936,1
kodak,07.png,0.0,120.0,1591276907,0.3435226082801819,-0.024594679474830627,-1.3002005815505981,-0.7941205501556396,SwinJSCC_author_Chase_wrapper,1,16,8192,8228,0.003969825338572264,24.01228600582713,0.870197057723999,0.2233687937259674,0
kodak,07.png,0.0,120.0,1591276907,0.3435226082801819,-0.024594679474830627,-1.3002005815505981,-0.7941205501556396,same_codec_direct,0,4096,4096,12290,0.017544979229569435,17.558471415830134,0.48403000831604004,0.7713506817817688,1
kodak,07.png,0.0,120.0,1591276907,0.3435226082801819,-0.024594679474830627,-1.3002005815505981,-0.7941205501556396,same_codec_full_HARQ,1,4096,8192,16388,0.0073042321018874645,21.364254349579564,0.7926942110061646,0.5195956826210022,1
kodak,07.png,0.0,120.0,1591276907,0.3435226082801819,-0.024594679474830627,-1.3002005815505981,-0.7941205501556396,adaptive_HARQ,1,4096,8192,16388,0.0073042321018874645,21.364254349579564,0.7926942110061646,0.5195956826210022,1
kodak,07.png,0.0,120.0,1591276907,0.3435226082801819,-0.024594679474830627,-1.3002005815505981,-0.7941205501556396,FlowHARQ,1,4096,8192,16388,0.0073042321018874645,21.364254349579564,0.7926942110061646,0.5195956826210022,1
kodak,07.png,3.0,30.0,2732645980,-0.27837517857551575,0.6111400127410889,0.9227340221405029,-0.09040775895118713,SwinJSCC_author_one_shot,0,16,4096,4130,0.015720421448349953,18.035358151516164,0.6173872947692871,0.48056572675704956,1
kodak,07.png,3.0,30.0,2732645980,-0.27837517857551575,0.6111400127410889,0.9227340221405029,-0.09040775895118713,SwinJSCC_author_Chase_wrapper,1,16,8192,8228,0.0037574139423668385,24.251109574564783,0.8847295641899109,0.2108151614665985,0
kodak,07.png,3.0,30.0,2732645980,-0.27837517857551575,0.6111400127410889,0.9227340221405029,-0.09040775895118713,same_codec_direct,0,4096,4096,12290,0.009450665675103664,20.24537600078842,0.7037361860275269,0.6160887479782104,1
kodak,07.png,3.0,30.0,2732645980,-0.27837517857551575,0.6111400127410889,0.9227340221405029,-0.09040775895118713,same_codec_full_HARQ,1,4096,8192,16388,0.007391707506030798,21.31255226721672,0.7920938730239868,0.512069821357727,1
kodak,07.png,3.0,30.0,2732645980,-0.27837517857551575,0.6111400127410889,0.9227340221405029,-0.09040775895118713,adaptive_HARQ,1,4096,8192,16388,0.007391707506030798,21.31255226721672,0.7920938730239868,0.512069821357727,1
kodak,07.png,3.0,30.0,2732645980,-0.27837517857551575,0.6111400127410889,0.9227340221405029,-0.09040775895118713,FlowHARQ,1,4096,8192,16388,0.007391707506030798,21.31255226721672,0.7920938730239868,0.512069821357727,1
kodak,07.png,3.0,60.0,3854968239,0.2294144183397293,-0.3046471178531647,0.2505240738391876,-1.361151933670044,SwinJSCC_author_one_shot,0,16,4096,4130,0.06645873188972473,11.774479498245254,0.2757214605808258,0.6239446401596069,1
kodak,07.png,3.0,60.0,3854968239,0.2294144183397293,-0.3046471178531647,0.2505240738391876,-1.361151933670044,SwinJSCC_author_Chase_wrapper,1,16,8192,8228,0.0022334714885801077,26.510195871506667,0.9355058073997498,0.1629088670015335,0
kodak,07.png,3.0,60.0,3854968239,0.2294144183397293,-0.3046471178531647,0.2505240738391876,-1.361151933670044,same_codec_direct,0,4096,4096,12290,0.014101090840995312,18.507472896211983,0.5887724757194519,0.7026355862617493,1
kodak,07.png,3.0,60.0,3854968239,0.2294144183397293,-0.3046471178531647,0.2505240738391876,-1.361151933670044,same_codec_full_HARQ,1,4096,8192,16388,0.006701990962028503,21.737961621682786,0.8152005076408386,0.4854940176010132,1
kodak,07.png,3.0,60.0,3854968239,0.2294144183397293,-0.3046471178531647,0.2505240738391876,-1.361151933670044,adaptive_HARQ,1,4096,8192,16388,0.006701990962028503,21.737961621682786,0.8152005076408386,0.4854940176010132,1
kodak,07.png,3.0,60.0,3854968239,0.2294144183397293,-0.3046471178531647,0.2505240738391876,-1.361151933670044,FlowHARQ,1,4096,8192,16388,0.006701990962028503,21.737961621682786,0.8152005076408386,0.4854940176010132,1
kodak,07.png,3.0,90.0,3907554881,0.6518804430961609,0.13301686942577362,0.2905060052871704,-0.5760982036590576,SwinJSCC_author_one_shot,0,16,4096,4130,0.017380142584443092,17.59946664976948,0.5835531949996948,0.5027732253074646,1
kodak,07.png,3.0,90.0,3907554881,0.6518804430961609,0.13301686942577362,0.2905060052871704,-0.5760982036590576,SwinJSCC_author_Chase_wrapper,1,16,8192,8228,0.006841407623142004,21.64854532772742,0.805060863494873,0.30477094650268555,1
kodak,07.png,3.0,90.0,3907554881,0.6518804430961609,0.13301686942577362,0.2905060052871704,-0.5760982036590576,same_codec_direct,0,4096,4096,12290,0.00909566693007946,20.41165451253148,0.7151641845703125,0.5714523792266846,1
kodak,07.png,3.0,90.0,3907554881,0.6518804430961609,0.13301686942577362,0.2905060052871704,-0.5760982036590576,same_codec_full_HARQ,1,4096,8192,16388,0.007927793078124523,21.008476938156,0.7699702978134155,0.526542067527771,1
kodak,07.png,3.0,90.0,3907554881,0.6518804430961609,0.13301686942577362,0.2905060052871704,-0.5760982036590576,adaptive_HARQ,1,4096,8192,16388,0.007927793078124523,21.008476938156,0.7699702978134155,0.526542067527771,1
kodak,07.png,3.0,90.0,3907554881,0.6518804430961609,0.13301686942577362,0.2905060052871704,-0.5760982036590576,FlowHARQ,1,4096,8192,16388,0.007927793078124523,21.008476938156,0.7699702978134155,0.526542067527771,1
kodak,07.png,3.0,120.0,3824941734,0.6679015755653381,-0.20625516772270203,-0.9340863227844238,1.1413366794586182,SwinJSCC_author_one_shot,0,16,4096,4130,0.015149521641433239,18.196010801495174,0.6153925657272339,0.4968278706073761,1
kodak,07.png,3.0,120.0,3824941734,0.6679015755653381,-0.20625516772270203,-0.9340863227844238,1.1413366794586182,SwinJSCC_author_Chase_wrapper,1,16,8192,8228,0.001939104637131095,27.12398755076778,0.9476590156555176,0.15017586946487427,0
kodak,07.png,3.0,120.0,3824941734,0.6679015755653381,-0.20625516772270203,-0.9340863227844238,1.1413366794586182,same_codec_direct,0,4096,4096,12290,0.009249274618923664,20.338923257854642,0.7263005971908569,0.5712852478027344,1
kodak,07.png,3.0,120.0,3824941734,0.6679015755653381,-0.20625516772270203,-0.9340863227844238,1.1413366794586182,same_codec_full_HARQ,1,4096,8192,16388,0.00630275160074234,22.004698086212823,0.8302515745162964,0.47026199102401733,1
kodak,07.png,3.0,120.0,3824941734,0.6679015755653381,-0.20625516772270203,-0.9340863227844238,1.1413366794586182,adaptive_HARQ,1,4096,8192,16388,0.00630275160074234,22.004698086212823,0.8302515745162964,0.47026199102401733,1
kodak,07.png,3.0,120.0,3824941734,0.6679015755653381,-0.20625516772270203,-0.9340863227844238,1.1413366794586182,FlowHARQ,1,4096,8192,16388,0.00630275160074234,22.004698086212823,0.8302515745162964,0.47026199102401733,1
kodak,07.png,6.0,30.0,54635117,0.462392657995224,0.4729248583316803,0.7175934910774231,-0.087922602891922,SwinJSCC_author_one_shot,0,16,4096,4130,0.007546428591012955,21.222585331628313,0.8054161071777344,0.2906564772129059,1
kodak,07.png,6.0,30.0,54635117,0.462392657995224,0.4729248583316803,0.7175934910774231,-0.087922602891922,SwinJSCC_author_Chase_wrapper,1,16,8192,8228,0.0022524783853441477,26.47339367794317,0.9352146983146667,0.1546187549829483,0
kodak,07.png,6.0,30.0,54635117,0.462392657995224,0.4729248583316803,0.7175934910774231,-0.087922602891922,same_codec_direct,0,4096,4096,12290,0.007738297339528799,21.113545867838553,0.7695662379264832,0.5475636720657349,1
kodak,07.png,6.0,30.0,54635117,0.462392657995224,0.4729248583316803,0.7175934910774231,-0.087922602891922,same_codec_full_HARQ,1,4096,8192,16388,0.006570040248334408,21.82431969926369,0.8173439502716064,0.4853283762931824,1
kodak,07.png,6.0,30.0,54635117,0.462392657995224,0.4729248583316803,0.7175934910774231,-0.087922602891922,adaptive_HARQ,1,4096,8192,16388,0.006570040248334408,21.82431969926369,0.8173439502716064,0.4853283762931824,1
kodak,07.png,6.0,30.0,54635117,0.462392657995224,0.4729248583316803,0.7175934910774231,-0.087922602891922,FlowHARQ,1,4096,8192,16388,0.006570040248334408,21.82431969926369,0.8173439502716064,0.4853283762931824,1
kodak,07.png,6.0,60.0,1835850349,0.030308907851576805,-0.8552520871162415,1.0003656148910522,0.8488746881484985,SwinJSCC_author_one_shot,0,16,4096,4130,0.002911043120548129,25.359513614188295,0.913836658000946,0.18306080996990204,0
kodak,07.png,6.0,60.0,1835850349,0.030308907851576805,-0.8552520871162415,1.0003656148910522,0.8488746881484985,SwinJSCC_author_Chase_wrapper,1,16,8192,8228,0.0014320644550025463,28.440374346664463,0.9644469618797302,0.12512674927711487,0
kodak,07.png,6.0,60.0,1835850349,0.030308907851576805,-0.8552520871162415,1.0003656148910522,0.8488746881484985,same_codec_direct,0,4096,4096,12290,0.007061360403895378,21.511116220374944,0.7969595789909363,0.5025870203971863,1
kodak,07.png,6.0,60.0,1835850349,0.030308907851576805,-0.8552520871162415,1.0003656148910522,0.8488746881484985,same_codec_full_HARQ,1,4096,8192,16388,0.006090416572988033,22.153530014290723,0.8404184579849243,0.45884597301483154,1
kodak,07.png,6.0,60.0,1835850349,0.030308907851576805,-0.8552520871162415,1.0003656148910522,0.8488746881484985,adaptive_HARQ,1,4096,8192,16388,0.006090416572988033,22.153530014290723,0.8404184579849243,0.45884597301483154,1
kodak,07.png,6.0,60.0,1835850349,0.030308907851576805,-0.8552520871162415,1.0003656148910522,0.8488746881484985,FlowHARQ,1,4096,8192,16388,0.006090416572988033,22.153530014290723,0.8404184579849243,0.45884597301483154,1
kodak,07.png,6.0,90.0,2820718471,-0.5901028513908386,1.0070619583129883,0.8061785697937012,-0.45740658044815063,SwinJSCC_author_one_shot,0,16,4096,4130,0.0017419479554519057,27.58964824642764,0.9528133273124695,0.13797400891780853,0
kodak,07.png,6.0,90.0,2820718471,-0.5901028513908386,1.0070619583129883,0.8061785697937012,-0.45740658044815063,SwinJSCC_author_Chase_wrapper,1,16,8192,8228,0.0014389390125870705,28.419576126361463,0.9631332159042358,0.12837079167366028,0
kodak,07.png,6.0,90.0,2820718471,-0.5901028513908386,1.0070619583129883,0.8061785697937012,-0.45740658044815063,same_codec_direct,0,4096,4096,12290,0.006472650449723005,21.889178460726768,0.8273829221725464,0.4694287180900574,1
kodak,07.png,6.0,90.0,2820718471,-0.5901028513908386,1.0070619583129883,0.8061785697937012,-0.45740658044815063,same_codec_full_HARQ,1,4096,8192,16388,0.00620961282402277,22.069354777030405,0.8391118049621582,0.4552629292011261,1
kodak,07.png,6.0,90.0,2820718471,-0.5901028513908386,1.0070619583129883,0.8061785697937012,-0.45740658044815063,adaptive_HARQ,1,4096,8192,16388,0.00620961282402277,22.069354777030405,0.8391118049621582,0.4552629292011261,1
kodak,07.png,6.0,90.0,2820718471,-0.5901028513908386,1.0070619583129883,0.8061785697937012,-0.45740658044815063,FlowHARQ,1,4096,8192,16388,0.00620961282402277,22.069354777030405,0.8391118049621582,0.4552629292011261,1
kodak,07.png,6.0,120.0,3570265552,0.22673851251602173,0.6543934941291809,-1.1205878257751465,0.4296705722808838,SwinJSCC_author_one_shot,0,16,4096,4130,0.005607235711067915,22.512511871038473,0.8511942625045776,0.25359201431274414,1
kodak,07.png,6.0,120.0,3570265552,0.22673851251602173,0.6543934941291809,-1.1205878257751465,0.4296705722808838,SwinJSCC_author_Chase_wrapper,1,16,8192,8228,0.0015662226360291243,28.051465036277175,0.9583922624588013,0.13514170050621033,0
kodak,07.png,6.0,120.0,3570265552,0.22673851251602173,0.6543934941291809,-1.1205878257751465,0.4296705722808838,same_codec_direct,0,4096,4096,12290,0.007565747946500778,21.211481313577423,0.7777223587036133,0.5524781346321106,1
kodak,07.png,6.0,120.0,3570265552,0.22673851251602173,0.6543934941291809,-1.1205878257751465,0.4296705722808838,same_codec_full_HARQ,1,4096,8192,16388,0.0062505947425961494,22.040786576736863,0.835192859172821,0.469251811504364,1
kodak,07.png,6.0,120.0,3570265552,0.22673851251602173,0.6543934941291809,-1.1205878257751465,0.4296705722808838,adaptive_HARQ,1,4096,8192,16388,0.0062505947425961494,22.040786576736863,0.835192859172821,0.469251811504364,1
kodak,07.png,6.0,120.0,3570265552,0.22673851251602173,0.6543934941291809,-1.1205878257751465,0.4296705722808838,FlowHARQ,1,4096,8192,16388,0.0062505947425961494,22.040786576736863,0.835192859172821,0.469251811504364,1
kodak,07.png,9.0,30.0,280204325,1.0492225885391235,0.037724342197179794,1.1060739755630493,-0.4360388219356537,SwinJSCC_author_one_shot,0,16,4096,4130,0.0014493422349914908,28.388290519209907,0.9631637930870056,0.12669771909713745,0
kodak,07.png,9.0,30.0,280204325,1.0492225885391235,0.037724342197179794,1.1060739755630493,-0.4360388219356537,SwinJSCC_author_Chase_wrapper,1,16,8192,8228,0.0011777414474636316,29.28950040842934,0.9716475009918213,0.12125659734010696,0
kodak,07.png,9.0,30.0,280204325,1.0492225885391235,0.037724342197179794,1.1060739755630493,-0.4360388219356537,same_codec_direct,0,4096,4096,12290,0.006187365390360355,22.084942362781117,0.8344401717185974,0.46814846992492676,1
kodak,07.png,9.0,30.0,280204325,1.0492225885391235,0.037724342197179794,1.1060739755630493,-0.4360388219356537,same_codec_full_HARQ,1,4096,8192,16388,0.005862798076122999,22.318950633345093,0.8489261865615845,0.4524853825569153,1
kodak,07.png,9.0,30.0,280204325,1.0492225885391235,0.037724342197179794,1.1060739755630493,-0.4360388219356537,adaptive_HARQ,1,4096,8192,16388,0.005862798076122999,22.318950633345093,0.8489261865615845,0.4524853825569153,1
kodak,07.png,9.0,30.0,280204325,1.0492225885391235,0.037724342197179794,1.1060739755630493,-0.4360388219356537,FlowHARQ,1,4096,8192,16388,0.005862798076122999,22.318950633345093,0.8489261865615845,0.4524853825569153,1
kodak,07.png,9.0,60.0,319405774,-0.5924322605133057,-1.2381349802017212,-0.0023590251803398132,-0.32689186930656433,SwinJSCC_author_one_shot,0,16,4096,4130,0.0012525842757895589,29.021930444794258,0.9694833755493164,0.12321721017360687,0
kodak,07.png,9.0,60.0,319405774,-0.5924322605133057,-1.2381349802017212,-0.0023590251803398132,-0.32689186930656433,SwinJSCC_author_Chase_wrapper,1,16,8192,8228,0.0012380735715851188,29.072535469281227,0.9697887897491455,0.1233077347278595,0
kodak,07.png,9.0,60.0,319405774,-0.5924322605133057,-1.2381349802017212,-0.0023590251803398132,-0.32689186930656433,same_codec_direct,0,4096,4096,12290,0.005938437767326832,22.263277904168625,0.8447908163070679,0.45439413189888,1
kodak,07.png,9.0,60.0,319405774,-0.5924322605133057,-1.2381349802017212,-0.0023590251803398132,-0.32689186930656433,same_codec_full_HARQ,1,4096,8192,16388,0.005921761505305767,22.275490874930526,0.8462275266647339,0.4529418349266052,1
kodak,07.png,9.0,60.0,319405774,-0.5924322605133057,-1.2381349802017212,-0.0023590251803398132,-0.32689186930656433,adaptive_HARQ,1,4096,8192,16388,0.005921761505305767,22.275490874930526,0.8462275266647339,0.4529418349266052,1
kodak,07.png,9.0,60.0,319405774,-0.5924322605133057,-1.2381349802017212,-0.0023590251803398132,-0.32689186930656433,FlowHARQ,1,4096,8192,16388,0.005921761505305767,22.275490874930526,0.8462275266647339,0.4529418349266052,1
kodak,07.png,9.0,90.0,2922102045,-0.5002763271331787,0.08128386735916138,-0.2680073380470276,-0.2693069577217102,SwinJSCC_author_one_shot,0,16,4096,4130,0.0057987188920378685,22.36667944294703,0.8041563034057617,0.2563757598400116,1
kodak,07.png,9.0,90.0,2922102045,-0.5002763271331787,0.08128386735916138,-0.2680073380470276,-0.2693069577217102,SwinJSCC_author_Chase_wrapper,1,16,8192,8228,0.0035288785584270954,24.523632870388656,0.8869738578796387,0.18757258355617523,0
kodak,07.png,9.0,90.0,2922102045,-0.5002763271331787,0.08128386735916138,-0.2680073380470276,-0.2693069577217102,same_codec_direct,0,4096,4096,12290,0.0075752101838588715,21.206053126047046,0.784698486328125,0.5187829732894897,1
kodak,07.png,9.0,90.0,2922102045,-0.5002763271331787,0.08128386735916138,-0.2680073380470276,-0.2693069577217102,same_codec_full_HARQ,1,4096,8192,16388,0.007101554423570633,21.48646580338431,0.8074043989181519,0.4986134171485901,1
kodak,07.png,9.0,90.0,2922102045,-0.5002763271331787,0.08128386735916138,-0.2680073380470276,-0.2693069577217102,adaptive_HARQ,1,4096,8192,16388,0.007101554423570633,21.48646580338431,0.8074043989181519,0.4986134171485901,1
kodak,07.png,9.0,90.0,2922102045,-0.5002763271331787,0.08128386735916138,-0.2680073380470276,-0.2693069577217102,FlowHARQ,1,4096,8192,16388,0.007101554423570633,21.48646580338431,0.8074043989181519,0.4986134171485901,1
kodak,07.png,9.0,120.0,770508615,-0.2495633065700531,-0.4142393171787262,-0.271547794342041,0.9495682716369629,SwinJSCC_author_one_shot,0,16,4096,4130,0.007982862181961536,20.97841368427843,0.7969202995300293,0.3069912791252136,1
kodak,07.png,9.0,120.0,770508615,-0.2495633065700531,-0.4142393171787262,-0.271547794342041,0.9495682716369629,SwinJSCC_author_Chase_wrapper,1,16,8192,8228,0.0014412481104955077,28.412612490654404,0.9640252590179443,0.12625183165073395,0
kodak,07.png,9.0,120.0,770508615,-0.2495633065700531,-0.4142393171787262,-0.271547794342041,0.9495682716369629,same_codec_direct,0,4096,4096,12290,0.0077904826030135155,21.084356379200273,0.7792119979858398,0.5256271958351135,1
kodak,07.png,9.0,120.0,770508615,-0.2495633065700531,-0.4142393171787262,-0.271547794342041,0.9495682716369629,same_codec_full_HARQ,1,4096,8192,16388,0.006163848098367453,22.101480725580444,0.8410978317260742,0.45030009746551514,1
kodak,07.png,9.0,120.0,770508615,-0.2495633065700531,-0.4142393171787262,-0.271547794342041,0.9495682716369629,adaptive_HARQ,1,4096,8192,16388,0.006163848098367453,22.101480725580444,0.8410978317260742,0.45030009746551514,1
kodak,07.png,9.0,120.0,770508615,-0.2495633065700531,-0.4142393171787262,-0.271547794342041,0.9495682716369629,FlowHARQ,1,4096,8192,16388,0.006163848098367453,22.101480725580444,0.8410978317260742,0.45030009746551514,1
kodak,07.png,12.0,30.0,3441332497,0.04573869705200195,0.1889810860157013,-0.19821593165397644,0.22558286786079407,SwinJSCC_author_one_shot,0,16,4096,4130,0.03652201592922211,14.374452584440458,0.425900399684906,0.5959324240684509,1
kodak,07.png,12.0,30.0,3441332497,0.04573869705200195,0.1889810860157013,-0.19821593165397644,0.22558286786079407,SwinJSCC_author_Chase_wrapper,1,16,8192,8228,0.00559792947024107,22.519725776237106,0.8479626178741455,0.2617712616920471,1
kodak,07.png,12.0,30.0,3441332497,0.04573869705200195,0.1889810860157013,-0.19821593165397644,0.22558286786079407,same_codec_direct,0,4096,4096,12290,0.009799052961170673,20.08815895084242,0.6791772246360779,0.6348748207092285,1
kodak,07.png,12.0,30.0,3441332497,0.04573869705200195,0.1889810860157013,-0.19821593165397644,0.22558286786079407,same_codec_full_HARQ,1,4096,8192,16388,0.007355544250458479,21.333851874876228,0.7804829478263855,0.5355897545814514,1
kodak,07.png,12.0,30.0,3441332497,0.04573869705200195,0.1889810860157013,-0.19821593165397644,0.22558286786079407,adaptive_HARQ,1,4096,8192,16388,0.007355544250458479,21.333851874876228,0.7804829478263855,0.5355897545814514,1
kodak,07.png,12.0,30.0,3441332497,0.04573869705200195,0.1889810860157013,-0.19821593165397644,0.22558286786079407,FlowHARQ,1,4096,8192,16388,0.007355544250458479,21.333851874876228,0.7804829478263855,0.5355897545814514,1
kodak,07.png,12.0,60.0,2102844372,-0.5571761727333069,-1.5684666633605957,-0.9076130986213684,-0.3639775216579437,SwinJSCC_author_one_shot,0,16,4096,4130,0.0010593398474156857,29.749646912806597,0.9759377837181091,0.1168002039194107,0
kodak,07.png,12.0,60.0,2102844372,-0.5571761727333069,-1.5684666633605957,-0.9076130986213684,-0.3639775216579437,SwinJSCC_author_Chase_wrapper,1,16,8192,8228,0.0010324397590011358,29.861352792324706,0.9765782356262207,0.11526899039745331,0
kodak,07.png,12.0,60.0,2102844372,-0.5571761727333069,-1.5684666633605957,-0.9076130986213684,-0.3639775216579437,same_codec_direct,0,4096,4096,12290,0.005875363014638424,22.309652949483485,0.8545421957969666,0.44501686096191406,1
kodak,07.png,12.0,60.0,2102844372,-0.5571761727333069,-1.5684666633605957,-0.9076130986213684,-0.3639775216579437,same_codec_full_HARQ,1,4096,8192,16388,0.005865233950316906,22.317146602227425,0.8551235198974609,0.44240179657936096,1
kodak,07.png,12.0,60.0,2102844372,-0.5571761727333069,-1.5684666633605957,-0.9076130986213684,-0.3639775216579437,adaptive_HARQ,1,4096,8192,16388,0.005865233950316906,22.317146602227425,0.8551235198974609,0.44240179657936096,1
kodak,07.png,12.0,60.0,2102844372,-0.5571761727333069,-1.5684666633605957,-0.9076130986213684,-0.3639775216579437,FlowHARQ,1,4096,8192,16388,0.005865233950316906,22.317146602227425,0.8551235198974609,0.44240179657936096,1
kodak,07.png,12.0,90.0,4191576573,-0.1259635090827942,-0.49773406982421875,-0.7424681782722473,-0.9175752997398376,SwinJSCC_author_one_shot,0,16,4096,4130,0.0024404143914580345,26.12536422578035,0.923958957195282,0.16562284529209137,0
kodak,07.png,12.0,90.0,4191576573,-0.1259635090827942,-0.49773406982421875,-0.7424681782722473,-0.9175752997398376,SwinJSCC_author_Chase_wrapper,1,16,8192,8228,0.001119658350944519,29.509144763787305,0.9731801748275757,0.12236609309911728,0
kodak,07.png,12.0,90.0,4191576573,-0.1259635090827942,-0.49773406982421875,-0.7424681782722473,-0.9175752997398376,same_codec_direct,0,4096,4096,12290,0.006581795867532492,21.816555913486923,0.8161417841911316,0.4900243580341339,1
kodak,07.png,12.0,90.0,4191576573,-0.1259635090827942,-0.49773406982421875,-0.7424681782722473,-0.9175752997398376,same_codec_full_HARQ,1,4096,8192,16388,0.005857978016138077,22.322522624748093,0.8520396947860718,0.4483577013015747,1
kodak,07.png,12.0,90.0,4191576573,-0.1259635090827942,-0.49773406982421875,-0.7424681782722473,-0.9175752997398376,adaptive_HARQ,1,4096,8192,16388,0.005857978016138077,22.322522624748093,0.8520396947860718,0.4483577013015747,1
kodak,07.png,12.0,90.0,4191576573,-0.1259635090827942,-0.49773406982421875,-0.7424681782722473,-0.9175752997398376,FlowHARQ,1,4096,8192,16388,0.005857978016138077,22.322522624748093,0.8520396947860718,0.4483577013015747,1
kodak,07.png,12.0,120.0,94141967,0.7755315899848938,-0.12695662677288055,0.6145424842834473,0.7443416714668274,SwinJSCC_author_one_shot,0,16,4096,4130,0.0014227338833734393,28.468763253482624,0.9646846652030945,0.1252448856830597,0
kodak,07.png,12.0,120.0,94141967,0.7755315899848938,-0.12695662677288055,0.6145424842834473,0.7443416714668274,SwinJSCC_author_Chase_wrapper,1,16,8192,8228,0.001141642453148961,29.42469889906088,0.9729718565940857,0.11797939985990524,0
kodak,07.png,12.0,120.0,94141967,0.7755315899848938,-0.12695662677288055,0.6145424842834473,0.7443416714668274,same_codec_direct,0,4096,4096,12290,0.006153724156320095,22.10861975113747,0.8429098129272461,0.45056208968162537,1
kodak,07.png,12.0,120.0,94141967,0.7755315899848938,-0.12695662677288055,0.6145424842834473,0.7443416714668274,same_codec_full_HARQ,1,4096,8192,16388,0.00592055544257164,22.27637547613547,0.8525015115737915,0.4464053213596344,1
kodak,07.png,12.0,120.0,94141967,0.7755315899848938,-0.12695662677288055,0.6145424842834473,0.7443416714668274,adaptive_HARQ,1,4096,8192,16388,0.00592055544257164,22.27637547613547,0.8525015115737915,0.4464053213596344,1
kodak,07.png,12.0,120.0,94141967,0.7755315899848938,-0.12695662677288055,0.6145424842834473,0.7443416714668274,FlowHARQ,1,4096,8192,16388,0.00592055544257164,22.27637547613547,0.8525015115737915,0.4464053213596344,1
kodak,07.png,15.0,30.0,1133351726,0.4865468442440033,0.010907321237027645,0.07489350438117981,0.4318612515926361,SwinJSCC_author_one_shot,0,16,4096,4130,0.0015725967241451144,28.03382633341753,0.9591714143753052,0.13087421655654907,0
kodak,07.png,15.0,30.0,1133351726,0.4865468442440033,0.010907321237027645,0.07489350438117981,0.4318612515926361,SwinJSCC_author_Chase_wrapper,1,16,8192,8228,0.0012668975396081805,28.97258507280821,0.9682211875915527,0.12009942531585693,0
kodak,07.png,15.0,30.0,1133351726,0.4865468442440033,0.010907321237027645,0.07489350438117981,0.4318612515926361,same_codec_direct,0,4096,4096,12290,0.006172067951411009,22.09569301215437,0.8330879211425781,0.45346957445144653,1
kodak,07.png,15.0,30.0,1133351726,0.4865468442440033,0.010907321237027645,0.07489350438117981,0.4318612515926361,same_codec_full_HARQ,1,4096,8192,16388,0.0059758080169558525,22.23603363420903,0.8418053388595581,0.44645029306411743,1
kodak,07.png,15.0,30.0,1133351726,0.4865468442440033,0.010907321237027645,0.07489350438117981,0.4318612515926361,adaptive_HARQ,1,4096,8192,16388,0.0059758080169558525,22.23603363420903,0.8418053388595581,0.44645029306411743,1
kodak,07.png,15.0,30.0,1133351726,0.4865468442440033,0.010907321237027645,0.07489350438117981,0.4318612515926361,FlowHARQ,1,4096,8192,16388,0.0059758080169558525,22.23603363420903,0.8418053388595581,0.44645029306411743,1
kodak,07.png,15.0,60.0,932735135,0.08492238819599152,-0.024945810437202454,0.2618725895881653,-0.8610806465148926,SwinJSCC_author_one_shot,0,16,4096,4130,0.07400616258382797,11.307321145296305,0.2518637776374817,0.6361266374588013,1
kodak,07.png,15.0,60.0,932735135,0.08492238819599152,-0.024945810437202454,0.2618725895881653,-0.8610806465148926,SwinJSCC_author_Chase_wrapper,1,16,8192,8228,0.0011248979717493057,29.488868662776735,0.9735020399093628,0.11767932027578354,0
kodak,07.png,15.0,60.0,932735135,0.08492238819599152,-0.024945810437202454,0.2618725895881653,-0.8610806465148926,same_codec_direct,0,4096,4096,12290,0.013251034542918205,18.777502138976377,0.5782293677330017,0.7185589671134949,1
kodak,07.png,15.0,60.0,932735135,0.08492238819599152,-0.024945810437202454,0.2618725895881653,-0.8610806465148926,same_codec_full_HARQ,1,4096,8192,16388,0.00583743816241622,22.33777707002046,0.852216899394989,0.44439321756362915,1
kodak,07.png,15.0,60.0,932735135,0.08492238819599152,-0.024945810437202454,0.2618725895881653,-0.8610806465148926,adaptive_HARQ,1,4096,8192,16388,0.00583743816241622,22.33777707002046,0.852216899394989,0.44439321756362915,1
kodak,07.png,15.0,60.0,932735135,0.08492238819599152,-0.024945810437202454,0.2618725895881653,-0.8610806465148926,FlowHARQ,1,4096,8192,16388,0.00583743816241622,22.33777707002046,0.852216899394989,0.44439321756362915,1
kodak,07.png,15.0,90.0,473962398,-0.02769315056502819,-0.8115361332893372,0.7189432978630066,0.33487001061439514,SwinJSCC_author_one_shot,0,16,4096,4130,0.001173923839814961,29.30360077722993,0.9725415706634521,0.12206323444843292,0
kodak,07.png,15.0,90.0,473962398,-0.02769315056502819,-0.8115361332893372,0.7189432978630066,0.33487001061439514,SwinJSCC_author_Chase_wrapper,1,16,8192,8228,0.001066415337845683,29.72073617257136,0.9751417636871338,0.11818397790193558,0
kodak,07.png,15.0,90.0,473962398,-0.02769315056502819,-0.8115361332893372,0.7189432978630066,0.33487001061439514,same_codec_direct,0,4096,4096,12290,0.005944735370576382,22.25867473199432,0.8501994609832764,0.4439668357372284,1
kodak,07.png,15.0,90.0,473962398,-0.02769315056502819,-0.8115361332893372,0.7189432978630066,0.33487001061439514,same_codec_full_HARQ,1,4096,8192,16388,0.0058437129482626915,22.333111253947134,0.8542789220809937,0.4410804212093353,1
kodak,07.png,15.0,90.0,473962398,-0.02769315056502819,-0.8115361332893372,0.7189432978630066,0.33487001061439514,adaptive_HARQ,1,4096,8192,16388,0.0058437129482626915,22.333111253947134,0.8542789220809937,0.4410804212093353,1
kodak,07.png,15.0,90.0,473962398,-0.02769315056502819,-0.8115361332893372,0.7189432978630066,0.33487001061439514,FlowHARQ,1,4096,8192,16388,0.0058437129482626915,22.333111253947134,0.8542789220809937,0.4410804212093353,1
kodak,07.png,15.0,120.0,115295091,0.17715637385845184,-0.5966594815254211,0.5994312167167664,0.8886271119117737,SwinJSCC_author_one_shot,0,16,4096,4130,0.001322312280535698,28.786659686795623,0.9672080874443054,0.12469816207885742,0
kodak,07.png,15.0,120.0,115295091,0.17715637385845184,-0.5966594815254211,0.5994312167167664,0.8886271119117737,SwinJSCC_author_Chase_wrapper,1,16,8192,8228,0.0010573836043477058,29.757674279923062,0.9758273959159851,0.11732538789510727,0
kodak,07.png,15.0,120.0,115295091,0.17715637385845184,-0.5966594815254211,0.5994312167167664,0.8886271119117737,same_codec_direct,0,4096,4096,12290,0.006158163305372,22.105487984335458,0.8422403335571289,0.45167574286460876,1
kodak,07.png,15.0,120.0,115295091,0.17715637385845184,-0.5966594815254211,0.5994312167167664,0.8886271119117737,same_codec_full_HARQ,1,4096,8192,16388,0.00586744025349617,22.315513240061545,0.8543340563774109,0.44515252113342285,1
kodak,07.png,15.0,120.0,115295091,0.17715637385845184,-0.5966594815254211,0.5994312167167664,0.8886271119117737,adaptive_HARQ,1,4096,8192,16388,0.00586744025349617,22.315513240061545,0.8543340563774109,0.44515252113342285,1
kodak,07.png,15.0,120.0,115295091,0.17715637385845184,-0.5966594815254211,0.5994312167167664,0.8886271119117737,FlowHARQ,1,4096,8192,16388,0.00586744025349617,22.315513240061545,0.8543340563774109,0.44515252113342285,1
kodak,08.png,0.0,30.0,1657706287,0.6396225690841675,0.7021305561065674,1.2503252029418945,0.7409522533416748,SwinJSCC_author_one_shot,0,16,4096,4130,0.04283653199672699,13.681856964688148,0.4910409450531006,0.5808312892913818,1
kodak,08.png,0.0,30.0,1657706287,0.6396225690841675,0.7021305561065674,1.2503252029418945,0.7409522533416748,SwinJSCC_author_Chase_wrapper,1,16,8192,8228,0.008289768360555172,20.81457604689556,0.8800572156906128,0.23090124130249023,1
kodak,08.png,0.0,30.0,1657706287,0.6396225690841675,0.7021305561065674,1.2503252029418945,0.7409522533416748,same_codec_direct,0,4096,4096,12290,0.015585828572511673,18.0727010484659,0.7583962678909302,0.5492364168167114,1
kodak,08.png,0.0,30.0,1657706287,0.6396225690841675,0.7021305561065674,1.2503252029418945,0.7409522533416748,same_codec_full_HARQ,1,4096,8192,16388,0.012500147335231304,19.03084868071876,0.8233494162559509,0.48434701561927795,1
kodak,08.png,0.0,30.0,1657706287,0.6396225690841675,0.7021305561065674,1.2503252029418945,0.7409522533416748,adaptive_HARQ,1,4096,8192,16388,0.012500147335231304,19.03084868071876,0.8233494162559509,0.48434701561927795,1
kodak,08.png,0.0,30.0,1657706287,0.6396225690841675,0.7021305561065674,1.2503252029418945,0.7409522533416748,FlowHARQ,1,4096,8192,16388,0.012500147335231304,19.03084868071876,0.8233494162559509,0.48434701561927795,1
kodak,08.png,0.0,60.0,287235603,0.044501133263111115,0.3801369071006775,0.9414477944374084,0.678925633430481,SwinJSCC_author_one_shot,0,16,4096,4130,0.16960971057415009,7.705492869375405,0.14922189712524414,0.697043776512146,1
kodak,08.png,0.0,60.0,287235603,0.044501133263111115,0.3801369071006775,0.9414477944374084,0.678925633430481,SwinJSCC_author_Chase_wrapper,1,16,8192,8228,0.028046851977705956,15.521158775605796,0.6087979078292847,0.4033481478691101,1
kodak,08.png,0.0,60.0,287235603,0.044501133263111115,0.3801369071006775,0.9414477944374084,0.678925633430481,same_codec_direct,0,4096,4096,12290,0.028357338160276413,15.473345378246051,0.5388241410255432,0.6927495002746582,1
kodak,08.png,0.0,60.0,287235603,0.044501133263111115,0.3801369071006775,0.9414477944374084,0.678925633430481,same_codec_full_HARQ,1,4096,8192,16388,0.013827256858348846,18.592639695252814,0.7929577827453613,0.5205562710762024,1
kodak,08.png,0.0,60.0,287235603,0.044501133263111115,0.3801369071006775,0.9414477944374084,0.678925633430481,adaptive_HARQ,1,4096,8192,16388,0.013827256858348846,18.592639695252814,0.7929577827453613,0.5205562710762024,1
kodak,08.png,0.0,60.0,287235603,0.044501133263111115,0.3801369071006775,0.9414477944374084,0.678925633430481,FlowHARQ,1,4096,8192,16388,0.013827256858348846,18.592639695252814,0.7929577827453613,0.5205562710762024,1
kodak,08.png,0.0,90.0,2061175228,1.1379115581512451,0.24677306413650513,-0.47591960430145264,-0.45529794692993164,SwinJSCC_author_one_shot,0,16,4096,4130,0.03677675873041153,14.344265493645578,0.605442225933075,0.47612178325653076,1
kodak,08.png,0.0,90.0,2061175228,1.1379115581512451,0.24677306413650513,-0.47591960430145264,-0.45529794692993164,SwinJSCC_author_Chase_wrapper,1,16,8192,8228,0.030266549438238144,15.190370883051266,0.658165454864502,0.38143643736839294,1
kodak,08.png,0.0,90.0,2061175228,1.1379115581512451,0.24677306413650513,-0.47591960430145264,-0.45529794692993164,same_codec_direct,0,4096,4096,12290,0.01445034146308899,18.40121890361884,0.7803725004196167,0.5403348207473755,1
kodak,08.png,0.0,90.0,2061175228,1.1379115581512451,0.24677306413650513,-0.47591960430145264,-0.45529794692993164,same_codec_full_HARQ,1,4096,8192,16388,0.013661133125424385,18.645132765176292,0.8005917072296143,0.5187373757362366,1
kodak,08.png,0.0,90.0,2061175228,1.1379115581512451,0.24677306413650513,-0.47591960430145264,-0.45529794692993164,adaptive_HARQ,1,4096,8192,16388,0.013661133125424385,18.645132765176292,0.8005917072296143,0.5187373757362366,1
kodak,08.png,0.0,90.0,2061175228,1.1379115581512451,0.24677306413650513,-0.47591960430145264,-0.45529794692993164,FlowHARQ,1,4096,8192,16388,0.013661133125424385,18.645132765176292,0.8005917072296143,0.5187373757362366,1
kodak,08.png,0.0,120.0,3843768864,0.44407525658607483,-1.2122693061828613,-0.16664689779281616,0.5729774236679077,SwinJSCC_author_one_shot,0,16,4096,4130,0.02414977364242077,16.170869355670575,0.6933955550193787,0.38479718565940857,1
kodak,08.png,0.0,120.0,3843768864,0.44407525658607483,-1.2122693061828613,-0.16664689779281616,0.5729774236679077,SwinJSCC_author_Chase_wrapper,1,16,8192,8228,0.02342035621404648,16.304065037718416,0.7143110632896423,0.33741986751556396,1
kodak,08.png,0.0,120.0,3843768864,0.44407525658607483,-1.2122693061828613,-0.16664689779281616,0.5729774236679077,same_codec_direct,0,4096,4096,12290,0.01359276007860899,18.666923486242716,0.7901146411895752,0.520517110824585,1
kodak,08.png,0.0,120.0,3843768864,0.44407525658607483,-1.2122693061828613,-0.16664689779281616,0.5729774236679077,same_codec_full_HARQ,1,4096,8192,16388,0.012951507233083248,18.87679687573391,0.8058927059173584,0.5079410672187805,1
kodak,08.png,0.0,120.0,3843768864,0.44407525658607483,-1.2122693061828613,-0.16664689779281616,0.5729774236679077,adaptive_HARQ,1,4096,8192,16388,0.012951507233083248,18.87679687573391,0.8058927059173584,0.5079410672187805,1
kodak,08.png,0.0,120.0,3843768864,0.44407525658607483,-1.2122693061828613,-0.16664689779281616,0.5729774236679077,FlowHARQ,1,4096,8192,16388,0.012951507233083248,18.87679687573391,0.8058927059173584,0.5079410672187805,1
kodak,08.png,3.0,30.0,3739033023,0.6375675201416016,-0.1616935282945633,0.4137001931667328,-0.3685944974422455,SwinJSCC_author_one_shot,0,16,4096,4130,0.048768188804388046,13.118633733169085,0.4699774384498596,0.6062624454498291,1
kodak,08.png,3.0,30.0,3739033023,0.6375675201416016,-0.1616935282945633,0.4137001931667328,-0.3685944974422455,SwinJSCC_author_Chase_wrapper,1,16,8192,8228,0.033656612038612366,14.729296033628438,0.6420749425888062,0.46115514636039734,1
kodak,08.png,3.0,30.0,3739033023,0.6375675201416016,-0.1616935282945633,0.4137001931667328,-0.3685944974422455,same_codec_direct,0,4096,4096,12290,0.015671469271183014,18.048902845490197,0.7588061094284058,0.5582194328308105,1
kodak,08.png,3.0,30.0,3739033023,0.6375675201416016,-0.1616935282945633,0.4137001931667328,-0.3685944974422455,same_codec_full_HARQ,1,4096,8192,16388,0.013901828788220882,18.569280644660573,0.7927463054656982,0.5349504947662354,1
kodak,08.png,3.0,30.0,3739033023,0.6375675201416016,-0.1616935282945633,0.4137001931667328,-0.3685944974422455,adaptive_HARQ,1,4096,8192,16388,0.013901828788220882,18.569280644660573,0.7927463054656982,0.5349504947662354,1
kodak,08.png,3.0,30.0,3739033023,0.6375675201416016,-0.1616935282945633,0.4137001931667328,-0.3685944974422455,FlowHARQ,1,4096,8192,16388,0.013901828788220882,18.569280644660573,0.7927463054656982,0.5349504947662354,1
kodak,08.png,3.0,60.0,2374825326,0.021241504698991776,-0.8174008727073669,1.4402070045471191,-1.3292181491851807,SwinJSCC_author_one_shot,0,16,4096,4130,0.03099101409316063,15.087642124713316,0.6080269813537598,0.45774132013320923,1
kodak,08.png,3.0,60.0,2374825326,0.021241504698991776,-0.8174008727073669,1.4402070045471191,-1.3292181491851807,SwinJSCC_author_Chase_wrapper,1,16,8192,8228,0.0030812497716397047,25.112730955655085,0.9543618559837341,0.1738591194152832,0
kodak,08.png,3.0,60.0,2374825326,0.021241504698991776,-0.8174008727073669,1.4402070045471191,-1.3292181491851807,same_codec_direct,0,4096,4096,12290,0.014275177381932735,18.454184865485974,0.7853066921234131,0.5428382158279419,1
kodak,08.png,3.0,60.0,2374825326,0.021241504698991776,-0.8174008727073669,1.4402070045471191,-1.3292181491851807,same_codec_full_HARQ,1,4096,8192,16388,0.011112133972346783,19.542025312103085,0.8495335578918457,0.4719449281692505,1
kodak,08.png,3.0,60.0,2374825326,0.021241504698991776,-0.8174008727073669,1.4402070045471191,-1.3292181491851807,adaptive_HARQ,1,4096,8192,16388,0.011112133972346783,19.542025312103085,0.8495335578918457,0.4719449281692505,1
kodak,08.png,3.0,60.0,2374825326,0.021241504698991776,-0.8174008727073669,1.4402070045471191,-1.3292181491851807,FlowHARQ,1,4096,8192,16388,0.011112133972346783,19.542025312103085,0.8495335578918457,0.4719449281692505,1
kodak,08.png,3.0,90.0,737984356,0.21687239408493042,-0.3602922856807709,-0.11117073893547058,-0.9294059872627258,SwinJSCC_author_one_shot,0,16,4096,4130,0.10198336094617844,9.914706795981278,0.2508806884288788,0.6426045894622803,1
kodak,08.png,3.0,90.0,737984356,0.21687239408493042,-0.3602922856807709,-0.11117073893547058,-0.9294059872627258,SwinJSCC_author_Chase_wrapper,1,16,8192,8228,0.016034841537475586,17.949353275808786,0.7886084914207458,0.3340906500816345,1
kodak,08.png,3.0,90.0,737984356,0.21687239408493042,-0.3602922856807709,-0.11117073893547058,-0.9294059872627258,same_codec_direct,0,4096,4096,12290,0.02173599973320961,16.628203799207505,0.6535179018974304,0.6422257423400879,1
kodak,08.png,3.0,90.0,737984356,0.21687239408493042,-0.3602922856807709,-0.11117073893547058,-0.9294059872627258,same_codec_full_HARQ,1,4096,8192,16388,0.013054470531642437,18.842407377704944,0.8069660067558289,0.5141742825508118,1
kodak,08.png,3.0,90.0,737984356,0.21687239408493042,-0.3602922856807709,-0.11117073893547058,-0.9294059872627258,adaptive_HARQ,1,4096,8192,16388,0.013054470531642437,18.842407377704944,0.8069660067558289,0.5141742825508118,1
kodak,08.png,3.0,90.0,737984356,0.21687239408493042,-0.3602922856807709,-0.11117073893547058,-0.9294059872627258,FlowHARQ,1,4096,8192,16388,0.013054470531642437,18.842407377704944,0.8069660067558289,0.5141742825508118,1
kodak,08.png,3.0,120.0,187846803,-1.3467843532562256,1.7634161710739136,-0.08477050065994263,-0.6718155741691589,SwinJSCC_author_one_shot,0,16,4096,4130,0.0029221693985164165,25.342946115678807,0.9598740339279175,0.16983680427074432,0
kodak,08.png,3.0,120.0,187846803,-1.3467843532562256,1.7634161710739136,-0.08477050065994263,-0.6718155741691589,SwinJSCC_author_Chase_wrapper,1,16,8192,8228,0.0030338545329868793,25.180052465669682,0.9597423076629639,0.17055174708366394,0
kodak,08.png,3.0,120.0,187846803,-1.3467843532562256,1.7634161710739136,-0.08477050065994263,-0.6718155741691589,same_codec_direct,0,4096,4096,12290,0.011111545376479626,19.54225535856229,0.8502532839775085,0.4644293785095215,1
kodak,08.png,3.0,120.0,187846803,-1.3467843532562256,1.7634161710739136,-0.08477050065994263,-0.6718155741691589,same_codec_full_HARQ,1,4096,8192,16388,0.011052555404603481,19.565372993713527,0.8516594767570496,0.4619784355163574,1
kodak,08.png,3.0,120.0,187846803,-1.3467843532562256,1.7634161710739136,-0.08477050065994263,-0.6718155741691589,adaptive_HARQ,1,4096,8192,16388,0.011052555404603481,19.565372993713527,0.8516594767570496,0.4619784355163574,1
kodak,08.png,3.0,120.0,187846803,-1.3467843532562256,1.7634161710739136,-0.08477050065994263,-0.6718155741691589,FlowHARQ,1,4096,8192,16388,0.011052555404603481,19.565372993713527,0.8516594767570496,0.4619784355163574,1
kodak,08.png,6.0,30.0,816715931,0.9722743630409241,-0.6826236844062805,0.9320691227912903,-0.4900805652141571,SwinJSCC_author_one_shot,0,16,4096,4130,0.0038383337669074535,24.158572633619645,0.9277469515800476,0.1835808902978897,0
kodak,08.png,6.0,30.0,816715931,0.9722743630409241,-0.6826236844062805,0.9320691227912903,-0.4900805652141571,SwinJSCC_author_Chase_wrapper,1,16,8192,8228,0.0028683531563729048,25.423673786591216,0.9592928886413574,0.16698578000068665,0
kodak,08.png,6.0,30.0,816715931,0.9722743630409241,-0.6826236844062805,0.9320691227912903,-0.4900805652141571,same_codec_direct,0,4096,4096,12290,0.011494721285998821,19.395015546617934,0.8428363800048828,0.4787105917930603,1
kodak,08.png,6.0,30.0,816715931,0.9722743630409241,-0.6826236844062805,0.9320691227912903,-0.4900805652141571,same_codec_full_HARQ,1,4096,8192,16388,0.011011822149157524,19.581408114689754,0.8526848554611206,0.46646809577941895,1
kodak,08.png,6.0,30.0,816715931,0.9722743630409241,-0.6826236844062805,0.9320691227912903,-0.4900805652141571,adaptive_HARQ,1,4096,8192,16388,0.011011822149157524,19.581408114689754,0.8526848554611206,0.46646809577941895,1
kodak,08.png,6.0,30.0,816715931,0.9722743630409241,-0.6826236844062805,0.9320691227912903,-0.4900805652141571,FlowHARQ,1,4096,8192,16388,0.011011822149157524,19.581408114689754,0.8526848554611206,0.46646809577941895,1
kodak,08.png,6.0,60.0,3429643911,-0.24834096431732178,0.9516921639442444,-0.5219977498054504,-0.634799599647522,SwinJSCC_author_one_shot,0,16,4096,4130,0.004902680404484272,23.095664165830726,0.9139693975448608,0.2059391438961029,1
kodak,08.png,6.0,60.0,3429643911,-0.24834096431732178,0.9516921639442444,-0.5219977498054504,-0.634799599647522,SwinJSCC_author_Chase_wrapper,1,16,8192,8228,0.003517341334372759,24.53785484272904,0.9480292201042175,0.17600056529045105,0
kodak,08.png,6.0,60.0,3429643911,-0.24834096431732178,0.9516921639442444,-0.5219977498054504,-0.634799599647522,same_codec_direct,0,4096,4096,12290,0.011875234544277191,19.25357803995355,0.8352235555648804,0.4765017628669739,1
kodak,08.png,6.0,60.0,3429643911,-0.24834096431732178,0.9516921639442444,-0.5219977498054504,-0.634799599647522,same_codec_full_HARQ,1,4096,8192,16388,0.011346939019858837,19.451212790942193,0.8459960222244263,0.46599915623664856,1
kodak,08.png,6.0,60.0,3429643911,-0.24834096431732178,0.9516921639442444,-0.5219977498054504,-0.634799599647522,adaptive_HARQ,1,4096,8192,16388,0.011346939019858837,19.451212790942193,0.8459960222244263,0.46599915623664856,1
kodak,08.png,6.0,60.0,3429643911,-0.24834096431732178,0.9516921639442444,-0.5219977498054504,-0.634799599647522,FlowHARQ,1,4096,8192,16388,0.011346939019858837,19.451212790942193,0.8459960222244263,0.46599915623664856,1
kodak,08.png,6.0,90.0,3001914840,0.05944593623280525,-0.5978806614875793,-0.24666965007781982,-1.3259011507034302,SwinJSCC_author_one_shot,0,16,4096,4130,0.028980307281017303,15.378970139737913,0.6489779949188232,0.4327878952026367,1
kodak,08.png,6.0,90.0,3001914840,0.05944593623280525,-0.5978806614875793,-0.24666965007781982,-1.3259011507034302,SwinJSCC_author_Chase_wrapper,1,16,8192,8228,0.0034927676897495985,24.568302991075544,0.9539787173271179,0.1690226048231125,0
kodak,08.png,6.0,90.0,3001914840,0.05944593623280525,-0.5978806614875793,-0.24666965007781982,-1.3259011507034302,same_codec_direct,0,4096,4096,12290,0.014303026720881462,18.44572050011497,0.7817959785461426,0.5150384306907654,1
kodak,08.png,6.0,90.0,3001914840,0.05944593623280525,-0.5978806614875793,-0.24666965007781982,-1.3259011507034302,same_codec_full_HARQ,1,4096,8192,16388,0.01133088581264019,19.45736137047124,0.8498841524124146,0.4681124687194824,1
kodak,08.png,6.0,90.0,3001914840,0.05944593623280525,-0.5978806614875793,-0.24666965007781982,-1.3259011507034302,adaptive_HARQ,1,4096,8192,16388,0.01133088581264019,19.45736137047124,0.8498841524124146,0.4681124687194824,1
kodak,08.png,6.0,90.0,3001914840,0.05944593623280525,-0.5978806614875793,-0.24666965007781982,-1.3259011507034302,FlowHARQ,1,4096,8192,16388,0.01133088581264019,19.45736137047124,0.8498841524124146,0.4681124687194824,1
kodak,08.png,6.0,120.0,3649471325,-0.8088140487670898,-0.4602327048778534,0.2326832264661789,-0.2697790265083313,SwinJSCC_author_one_shot,0,16,4096,4130,0.00632199551910162,21.99145816315188,0.8619545698165894,0.21550141274929047,1
kodak,08.png,6.0,120.0,3649471325,-0.8088140487670898,-0.4602327048778534,0.2326832264661789,-0.2697790265083313,SwinJSCC_author_Chase_wrapper,1,16,8192,8228,0.005273891147226095,22.778688382602393,0.9042872190475464,0.19907963275909424,1
kodak,08.png,6.0,120.0,3649471325,-0.8088140487670898,-0.4602327048778534,0.2326832264661789,-0.2697790265083313,same_codec_direct,0,4096,4096,12290,0.012001726776361465,19.207562643278955,0.8258261680603027,0.48173314332962036,1
kodak,08.png,6.0,120.0,3649471325,-0.8088140487670898,-0.4602327048778534,0.2326832264661789,-0.2697790265083313,same_codec_full_HARQ,1,4096,8192,16388,0.011726727709174156,19.308231589084674,0.8315645456314087,0.4744362235069275,1
kodak,08.png,6.0,120.0,3649471325,-0.8088140487670898,-0.4602327048778534,0.2326832264661789,-0.2697790265083313,adaptive_HARQ,1,4096,8192,16388,0.011726727709174156,19.308231589084674,0.8315645456314087,0.4744362235069275,1
kodak,08.png,6.0,120.0,3649471325,-0.8088140487670898,-0.4602327048778534,0.2326832264661789,-0.2697790265083313,FlowHARQ,1,4096,8192,16388,0.011726727709174156,19.308231589084674,0.8315645456314087,0.4744362235069275,1
kodak,08.png,9.0,30.0,1488367464,-0.05651300773024559,-0.15418073534965515,-0.9369745254516602,0.31123021245002747,SwinJSCC_author_one_shot,0,16,4096,4130,0.14367154240608215,8.426292457831142,0.19097934663295746,0.6616529822349548,1
kodak,08.png,9.0,30.0,1488367464,-0.05651300773024559,-0.15418073534965515,-0.9369745254516602,0.31123021245002747,SwinJSCC_author_Chase_wrapper,1,16,8192,8228,0.0031791911460459232,24.976833597299674,0.954131543636322,0.18007031083106995,0
kodak,08.png,9.0,30.0,1488367464,-0.05651300773024559,-0.15418073534965515,-0.9369745254516602,0.31123021245002747,same_codec_direct,0,4096,4096,12290,0.02423003874719143,16.156458913648475,0.5770301818847656,0.7224307656288147,1
kodak,08.png,9.0,30.0,1488367464,-0.05651300773024559,-0.15418073534965515,-0.9369745254516602,0.31123021245002747,same_codec_full_HARQ,1,4096,8192,16388,0.011164765805006027,19.521503823695525,0.8489627838134766,0.4696532189846039,1
kodak,08.png,9.0,30.0,1488367464,-0.05651300773024559,-0.15418073534965515,-0.9369745254516602,0.31123021245002747,adaptive_HARQ,1,4096,8192,16388,0.011164765805006027,19.521503823695525,0.8489627838134766,0.4696532189846039,1
kodak,08.png,9.0,30.0,1488367464,-0.05651300773024559,-0.15418073534965515,-0.9369745254516602,0.31123021245002747,FlowHARQ,1,4096,8192,16388,0.011164765805006027,19.521503823695525,0.8489627838134766,0.4696532189846039,1
kodak,08.png,9.0,60.0,3712511618,0.06492073088884354,-0.08207715302705765,-0.07665331661701202,-0.7160163521766663,SwinJSCC_author_one_shot,0,16,4096,4130,0.15730102360248566,8.032684512898422,0.16610310971736908,0.7140905261039734,1
kodak,08.png,9.0,60.0,3712511618,0.06492073088884354,-0.08207715302705765,-0.07665331661701202,-0.7160163521766663,SwinJSCC_author_Chase_wrapper,1,16,8192,8228,0.005314407870173454,22.745451174138704,0.9203610420227051,0.20716077089309692,1
kodak,08.png,9.0,60.0,3712511618,0.06492073088884354,-0.08207715302705765,-0.07665331661701202,-0.7160163521766663,same_codec_direct,0,4096,4096,12290,0.035176895558834076,14.53742490664763,0.4587680697441101,0.7303470373153687,1
kodak,08.png,9.0,60.0,3712511618,0.06492073088884354,-0.08207715302705765,-0.07665331661701202,-0.7160163521766663,same_codec_full_HARQ,1,4096,8192,16388,0.011993697844445705,19.210468964806353,0.8316916227340698,0.482365220785141,1
kodak,08.png,9.0,60.0,3712511618,0.06492073088884354,-0.08207715302705765,-0.07665331661701202,-0.7160163521766663,adaptive_HARQ,1,4096,8192,16388,0.011993697844445705,19.210468964806353,0.8316916227340698,0.482365220785141,1
kodak,08.png,9.0,60.0,3712511618,0.06492073088884354,-0.08207715302705765,-0.07665331661701202,-0.7160163521766663,FlowHARQ,1,4096,8192,16388,0.011993697844445705,19.210468964806353,0.8316916227340698,0.482365220785141,1
kodak,08.png,9.0,90.0,1942148184,0.03775912895798683,-0.31376272439956665,-0.3595288097858429,0.2893391251564026,SwinJSCC_author_one_shot,0,16,4096,4130,0.05106007307767868,12.919185679647907,0.4338185489177704,0.6116616129875183,1
kodak,08.png,9.0,90.0,1942148184,0.03775912895798683,-0.31376272439956665,-0.3595288097858429,0.2893391251564026,SwinJSCC_author_Chase_wrapper,1,16,8192,8228,0.012710156850516796,18.958490899736383,0.8277416229248047,0.2994883358478546,1
kodak,08.png,9.0,90.0,1942148184,0.03775912895798683,-0.31376272439956665,-0.3595288097858429,0.2893391251564026,same_codec_direct,0,4096,4096,12290,0.01612025871872902,17.926279923563175,0.738919734954834,0.5779865980148315,1
kodak,08.png,9.0,90.0,1942148184,0.03775912895798683,-0.31376272439956665,-0.3595288097858429,0.2893391251564026,same_codec_full_HARQ,1,4096,8192,16388,0.012600529938936234,18.996111894287864,0.8137820959091187,0.5058102607727051,1
kodak,08.png,9.0,90.0,1942148184,0.03775912895798683,-0.31376272439956665,-0.3595288097858429,0.2893391251564026,adaptive_HARQ,1,4096,8192,16388,0.012600529938936234,18.996111894287864,0.8137820959091187,0.5058102607727051,1
kodak,08.png,9.0,90.0,1942148184,0.03775912895798683,-0.31376272439956665,-0.3595288097858429,0.2893391251564026,FlowHARQ,1,4096,8192,16388,0.012600529938936234,18.996111894287864,0.8137820959091187,0.5058102607727051,1
kodak,08.png,9.0,120.0,2182531276,-0.22211892902851105,0.03667211905121803,-0.5645694732666016,0.2299586534500122,SwinJSCC_author_one_shot,0,16,4096,4130,0.09011601656675339,10.451980138114227,0.30332356691360474,0.6208468675613403,1
kodak,08.png,9.0,120.0,2182531276,-0.22211892902851105,0.03667211905121803,-0.5645694732666016,0.2299586534500122,SwinJSCC_author_Chase_wrapper,1,16,8192,8228,0.007617445662617683,21.181906350389244,0.8796486854553223,0.22194737195968628,1
kodak,08.png,9.0,120.0,2182531276,-0.22211892902851105,0.03667211905121803,-0.5645694732666016,0.2299586534500122,same_codec_direct,0,4096,4096,12290,0.019613150507211685,17.074526389686827,0.6793396472930908,0.6179029941558838,1
kodak,08.png,9.0,120.0,2182531276,-0.22211892902851105,0.03667211905121803,-0.5645694732666016,0.2299586534500122,same_codec_full_HARQ,1,4096,8192,16388,0.012032655999064445,19.1963849914209,0.8294366598129272,0.4879111647605896,1
kodak,08.png,9.0,120.0,2182531276,-0.22211892902851105,0.03667211905121803,-0.5645694732666016,0.2299586534500122,adaptive_HARQ,1,4096,8192,16388,0.012032655999064445,19.1963849914209,0.8294366598129272,0.4879111647605896,1
kodak,08.png,9.0,120.0,2182531276,-0.22211892902851105,0.03667211905121803,-0.5645694732666016,0.2299586534500122,FlowHARQ,1,4096,8192,16388,0.012032655999064445,19.1963849914209,0.8294366598129272,0.4879111647605896,1
kodak,08.png,12.0,30.0,3388590031,0.6811166405677795,-1.3246769905090332,0.5093570351600647,-0.5204689502716064,SwinJSCC_author_one_shot,0,16,4096,4130,0.002281678607687354,26.417455293910024,0.9694178104400635,0.165835440158844,0
kodak,08.png,12.0,30.0,3388590031,0.6811166405677795,-1.3246769905090332,0.5093570351600647,-0.5204689502716064,SwinJSCC_author_Chase_wrapper,1,16,8192,8228,0.0022383853793144226,26.50065139567672,0.9703657031059265,0.167250394821167,0
kodak,08.png,12.0,30.0,3388590031,0.6811166405677795,-1.3246769905090332,0.5093570351600647,-0.5204689502716064,same_codec_direct,0,4096,4096,12290,0.010610571131110191,19.742612388683174,0.8612892031669617,0.45563751459121704,1
kodak,08.png,12.0,30.0,3388590031,0.6811166405677795,-1.3246769905090332,0.5093570351600647,-0.5204689502716064,same_codec_full_HARQ,1,4096,8192,16388,0.010594482533633709,19.749202506828397,0.8620590567588806,0.4552501440048218,1
kodak,08.png,12.0,30.0,3388590031,0.6811166405677795,-1.3246769905090332,0.5093570351600647,-0.5204689502716064,adaptive_HARQ,1,4096,8192,16388,0.010594482533633709,19.749202506828397,0.8620590567588806,0.4552501440048218,1
kodak,08.png,12.0,30.0,3388590031,0.6811166405677795,-1.3246769905090332,0.5093570351600647,-0.5204689502716064,FlowHARQ,1,4096,8192,16388,0.010594482533633709,19.749202506828397,0.8620590567588806,0.4552501440048218,1
kodak,08.png,12.0,60.0,2024949091,-0.13004405796527863,-0.39749687910079956,-0.604274332523346,-0.11338632553815842,SwinJSCC_author_one_shot,0,16,4096,4130,0.008989697322249413,20.4625493045696,0.8046051859855652,0.25702330470085144,1
kodak,08.png,12.0,60.0,2024949091,-0.13004405796527863,-0.39749687910079956,-0.604274332523346,-0.11338632553815842,SwinJSCC_author_Chase_wrapper,1,16,8192,8228,0.003121932502835989,25.055764907555865,0.9564778208732605,0.1786314994096756,0
kodak,08.png,12.0,60.0,2024949091,-0.13004405796527863,-0.39749687910079956,-0.604274332523346,-0.11338632553815842,same_codec_direct,0,4096,4096,12290,0.012232772074639797,19.124751161197764,0.8261209726333618,0.5058975219726562,1
kodak,08.png,12.0,60.0,2024949091,-0.13004405796527863,-0.39749687910079956,-0.604274332523346,-0.11338632553815842,same_codec_full_HARQ,1,4096,8192,16388,0.011026738211512566,19.575529359947478,0.8512552976608276,0.4687615633010864,1
kodak,08.png,12.0,60.0,2024949091,-0.13004405796527863,-0.39749687910079956,-0.604274332523346,-0.11338632553815842,adaptive_HARQ,1,4096,8192,16388,0.011026738211512566,19.575529359947478,0.8512552976608276,0.4687615633010864,1
kodak,08.png,12.0,60.0,2024949091,-0.13004405796527863,-0.39749687910079956,-0.604274332523346,-0.11338632553815842,FlowHARQ,1,4096,8192,16388,0.011026738211512566,19.575529359947478,0.8512552976608276,0.4687615633010864,1
kodak,08.png,12.0,90.0,3236317278,0.28059589862823486,-0.694365918636322,0.2021779716014862,-0.3847247064113617,SwinJSCC_author_one_shot,0,16,4096,4130,0.0030631613917648792,25.13830120494639,0.9554905891418457,0.1750113070011139,0
kodak,08.png,12.0,90.0,3236317278,0.28059589862823486,-0.694365918636322,0.2021779716014862,-0.3847247064113617,SwinJSCC_author_Chase_wrapper,1,16,8192,8228,0.00283564324490726,25.473484090722337,0.960110604763031,0.17534178495407104,0
kodak,08.png,12.0,90.0,3236317278,0.28059589862823486,-0.694365918636322,0.2021779716014862,-0.3847247064113617,same_codec_direct,0,4096,4096,12290,0.011189468204975128,19.51190553429913,0.8507265448570251,0.4580542743206024,1
kodak,08.png,12.0,90.0,3236317278,0.28059589862823486,-0.694365918636322,0.2021779716014862,-0.3847247064113617,same_codec_full_HARQ,1,4096,8192,16388,0.011073632165789604,19.557099065980598,0.8537165522575378,0.45395180583000183,1
kodak,08.png,12.0,90.0,3236317278,0.28059589862823486,-0.694365918636322,0.2021779716014862,-0.3847247064113617,adaptive_HARQ,1,4096,8192,16388,0.011073632165789604,19.557099065980598,0.8537165522575378,0.45395180583000183,1
kodak,08.png,12.0,90.0,3236317278,0.28059589862823486,-0.694365918636322,0.2021779716014862,-0.3847247064113617,FlowHARQ,1,4096,8192,16388,0.011073632165789604,19.557099065980598,0.8537165522575378,0.45395180583000183,1
kodak,08.png,12.0,120.0,800395566,-0.07300931960344315,-0.07501659542322159,-0.7304306626319885,-0.2050122618675232,SwinJSCC_author_one_shot,0,16,4096,4130,0.1677200049161911,7.754151335384751,0.032310664653778076,0.688525915145874,1
kodak,08.png,12.0,120.0,800395566,-0.07300931960344315,-0.07501659542322159,-0.7304306626319885,-0.2050122618675232,SwinJSCC_author_Chase_wrapper,1,16,8192,8228,0.0029058093205094337,25.36732887549195,0.9586159586906433,0.17041634023189545,0
kodak,08.png,12.0,120.0,800395566,-0.07300931960344315,-0.07501659542322159,-0.7304306626319885,-0.2050122618675232,same_codec_direct,0,4096,4096,12290,0.026718594133853912,15.731863970936601,0.5645141005516052,0.695452868938446,1
kodak,08.png,12.0,120.0,800395566,-0.07300931960344315,-0.07501659542322159,-0.7304306626319885,-0.2050122618675232,same_codec_full_HARQ,1,4096,8192,16388,0.011077223345637321,19.555690876934133,0.8513447642326355,0.4602305293083191,1
kodak,08.png,12.0,120.0,800395566,-0.07300931960344315,-0.07501659542322159,-0.7304306626319885,-0.2050122618675232,adaptive_HARQ,1,4096,8192,16388,0.011077223345637321,19.555690876934133,0.8513447642326355,0.4602305293083191,1
kodak,08.png,12.0,120.0,800395566,-0.07300931960344315,-0.07501659542322159,-0.7304306626319885,-0.2050122618675232,FlowHARQ,1,4096,8192,16388,0.011077223345637321,19.555690876934133,0.8513447642326355,0.4602305293083191,1
kodak,08.png,15.0,30.0,3195101806,0.9082381725311279,-0.03127671778202057,0.5254301428794861,0.08432745933532715,SwinJSCC_author_one_shot,0,16,4096,4130,0.0023507392033934593,26.28795549866849,0.9685022234916687,0.16439971327781677,0
kodak,08.png,15.0,30.0,3195101806,0.9082381725311279,-0.03127671778202057,0.5254301428794861,0.08432745933532715,SwinJSCC_author_Chase_wrapper,1,16,8192,8228,0.0022619389928877354,26.455191126773677,0.96985924243927,0.16544407606124878,0
kodak,08.png,15.0,30.0,3195101806,0.9082381725311279,-0.03127671778202057,0.5254301428794861,0.08432745933532715,same_codec_direct,0,4096,4096,12290,0.010657893493771553,19.723286240555517,0.8605881929397583,0.45336413383483887,1
kodak,08.png,15.0,30.0,3195101806,0.9082381725311279,-0.03127671778202057,0.5254301428794861,0.08432745933532715,same_codec_full_HARQ,1,4096,8192,16388,0.010624739341437817,19.736817157683628,0.8609708547592163,0.45361772179603577,1
kodak,08.png,15.0,30.0,3195101806,0.9082381725311279,-0.03127671778202057,0.5254301428794861,0.08432745933532715,adaptive_HARQ,1,4096,8192,16388,0.010624739341437817,19.736817157683628,0.8609708547592163,0.45361772179603577,1
kodak,08.png,15.0,30.0,3195101806,0.9082381725311279,-0.03127671778202057,0.5254301428794861,0.08432745933532715,FlowHARQ,1,4096,8192,16388,0.010624739341437817,19.736817157683628,0.8609708547592163,0.45361772179603577,1
kodak,08.png,15.0,60.0,862497090,-1.3906922340393066,-0.2616601586341858,-1.1517326831817627,0.8096808791160583,SwinJSCC_author_one_shot,0,16,4096,4130,0.002168821869418025,26.637761161765173,0.9715401530265808,0.1668064296245575,0
kodak,08.png,15.0,60.0,862497090,-1.3906922340393066,-0.2616601586341858,-1.1517326831817627,0.8096808791160583,SwinJSCC_author_Chase_wrapper,1,16,8192,8228,0.0021048940252512693,26.767697646298156,0.972529411315918,0.16425013542175293,0
kodak,08.png,15.0,60.0,862497090,-1.3906922340393066,-0.2616601586341858,-1.1517326831817627,0.8096808791160583,same_codec_direct,0,4096,4096,12290,0.010604854673147202,19.74495278593218,0.863835334777832,0.45199093222618103,1
kodak,08.png,15.0,60.0,862497090,-1.3906922340393066,-0.2616601586341858,-1.1517326831817627,0.8096808791160583,same_codec_full_HARQ,1,4096,8192,16388,0.010558558627963066,19.763953642498404,0.8646658658981323,0.4511690139770508,1
kodak,08.png,15.0,60.0,862497090,-1.3906922340393066,-0.2616601586341858,-1.1517326831817627,0.8096808791160583,adaptive_HARQ,1,4096,8192,16388,0.010558558627963066,19.763953642498404,0.8646658658981323,0.4511690139770508,1
kodak,08.png,15.0,60.0,862497090,-1.3906922340393066,-0.2616601586341858,-1.1517326831817627,0.8096808791160583,FlowHARQ,1,4096,8192,16388,0.010558558627963066,19.763953642498404,0.8646658658981323,0.4511690139770508,1
kodak,08.png,15.0,90.0,2824202509,-0.28497564792633057,0.7728510499000549,0.4887135922908783,-1.08463716506958,SwinJSCC_author_one_shot,0,16,4096,4130,0.0024480768479406834,26.111749533104856,0.9674367904663086,0.16899383068084717,0
kodak,08.png,15.0,90.0,2824202509,-0.28497564792633057,0.7728510499000549,0.4887135922908783,-1.08463716506958,SwinJSCC_author_Chase_wrapper,1,16,8192,8228,0.002157909329980612,26.659668072510485,0.971673846244812,0.16684812307357788,0
kodak,08.png,15.0,90.0,2824202509,-0.28497564792633057,0.7728510499000549,0.4887135922908783,-1.08463716506958,same_codec_direct,0,4096,4096,12290,0.010741747915744781,19.68925043739109,0.8601080775260925,0.4550425112247467,1
kodak,08.png,15.0,90.0,2824202509,-0.28497564792633057,0.7728510499000549,0.4887135922908783,-1.08463716506958,same_codec_full_HARQ,1,4096,8192,16388,0.010556898079812527,19.764636712640037,0.8639000654220581,0.4528394937515259,1
kodak,08.png,15.0,90.0,2824202509,-0.28497564792633057,0.7728510499000549,0.4887135922908783,-1.08463716506958,adaptive_HARQ,1,4096,8192,16388,0.010556898079812527,19.764636712640037,0.8639000654220581,0.4528394937515259,1
kodak,08.png,15.0,90.0,2824202509,-0.28497564792633057,0.7728510499000549,0.4887135922908783,-1.08463716506958,FlowHARQ,1,4096,8192,16388,0.010556898079812527,19.764636712640037,0.8639000654220581,0.4528394937515259,1
kodak,08.png,15.0,120.0,232552519,-0.5102172493934631,0.18348576128482819,0.14992070198059082,-0.676816463470459,SwinJSCC_author_one_shot,0,16,4096,4130,0.0031295872759073973,25.045129326179648,0.9548743963241577,0.17480851709842682,0
kodak,08.png,15.0,120.0,232552519,-0.5102172493934631,0.18348576128482819,0.14992070198059082,-0.676816463470459,SwinJSCC_author_Chase_wrapper,1,16,8192,8228,0.0023737240117043257,26.24569777024885,0.9685088992118835,0.16801846027374268,0
kodak,08.png,15.0,120.0,232552519,-0.5102172493934631,0.18348576128482819,0.14992070198059082,-0.676816463470459,same_codec_direct,0,4096,4096,12290,0.011091301217675209,19.550174999729585,0.8524595499038696,0.4644647538661957,1
kodak,08.png,15.0,120.0,232552519,-0.5102172493934631,0.18348576128482819,0.14992070198059082,-0.676816463470459,same_codec_full_HARQ,1,4096,8192,16388,0.0107650151476264,19.679853547372957,0.8604361414909363,0.4560268521308899,1
kodak,08.png,15.0,120.0,232552519,-0.5102172493934631,0.18348576128482819,0.14992070198059082,-0.676816463470459,adaptive_HARQ,1,4096,8192,16388,0.0107650151476264,19.679853547372957,0.8604361414909363,0.4560268521308899,1
kodak,08.png,15.0,120.0,232552519,-0.5102172493934631,0.18348576128482819,0.14992070198059082,-0.676816463470459,FlowHARQ,1,4096,8192,16388,0.0107650151476264,19.679853547372957,0.8604361414909363,0.4560268521308899,1
kodak,09.png,0.0,30.0,3717851491,0.5144891142845154,0.2452453225851059,-0.07487434148788452,0.02946801483631134,SwinJSCC_author_one_shot,0,16,4096,4130,0.03940416872501373,14.044578299891707,0.33745288848876953,0.7518974542617798,1
kodak,09.png,0.0,30.0,3717851491,0.5144891142845154,0.2452453225851059,-0.07487434148788452,0.02946801483631134,SwinJSCC_author_Chase_wrapper,1,16,8192,8228,0.040596652776002884,13.915097728474002,0.34445175528526306,0.7432575225830078,1
kodak,09.png,0.0,30.0,3717851491,0.5144891142845154,0.2452453225851059,-0.07487434148788452,0.02946801483631134,same_codec_direct,0,4096,4096,12290,0.01021808572113514,19.90630458273464,0.6864128112792969,0.6149641275405884,1
kodak,09.png,0.0,30.0,3717851491,0.5144891142845154,0.2452453225851059,-0.07487434148788452,0.02946801483631134,same_codec_full_HARQ,1,4096,8192,16388,0.010060971602797508,19.9736007679916,0.6893652677536011,0.6149621605873108,1
kodak,09.png,0.0,30.0,3717851491,0.5144891142845154,0.2452453225851059,-0.07487434148788452,0.02946801483631134,adaptive_HARQ,1,4096,8192,16388,0.010060971602797508,19.9736007679916,0.6893652677536011,0.6149621605873108,1
kodak,09.png,0.0,30.0,3717851491,0.5144891142845154,0.2452453225851059,-0.07487434148788452,0.02946801483631134,FlowHARQ,1,4096,8192,16388,0.010060971602797508,19.9736007679916,0.6893652677536011,0.6149621605873108,1
kodak,09.png,0.0,60.0,2567370131,0.5869611501693726,-1.1073449850082397,-1.046726942062378,-0.9247651100158691,SwinJSCC_author_one_shot,0,16,4096,4130,0.00666259229183197,21.76356761972015,0.8094557523727417,0.23890195786952972,1
kodak,09.png,0.0,60.0,2567370131,0.5869611501693726,-1.1073449850082397,-1.046726942062378,-0.9247651100158691,SwinJSCC_author_Chase_wrapper,1,16,8192,8228,0.0008188532083295286,30.86793945036012,0.9672402739524841,0.12011606991291046,0
kodak,09.png,0.0,60.0,2567370131,0.5869611501693726,-1.1073449850082397,-1.046726942062378,-0.9247651100158691,same_codec_direct,0,4096,4096,12290,0.00542826484888792,22.653389709598866,0.8359664678573608,0.46336477994918823,1
kodak,09.png,0.0,60.0,2567370131,0.5869611501693726,-1.1073449850082397,-1.046726942062378,-0.9247651100158691,same_codec_full_HARQ,1,4096,8192,16388,0.004729643929749727,23.251715538003943,0.8613054752349854,0.4122011065483093,1
kodak,09.png,0.0,60.0,2567370131,0.5869611501693726,-1.1073449850082397,-1.046726942062378,-0.9247651100158691,adaptive_HARQ,1,4096,8192,16388,0.004729643929749727,23.251715538003943,0.8613054752349854,0.4122011065483093,1
kodak,09.png,0.0,60.0,2567370131,0.5869611501693726,-1.1073449850082397,-1.046726942062378,-0.9247651100158691,FlowHARQ,1,4096,8192,16388,0.004729643929749727,23.251715538003943,0.8613054752349854,0.4122011065483093,1
kodak,09.png,0.0,90.0,2510685705,-0.22259944677352905,0.41033509373664856,-0.7959327697753906,-0.022262394428253174,SwinJSCC_author_one_shot,0,16,4096,4130,0.0478077232837677,13.205019379365018,0.29634398221969604,0.7665148377418518,1
kodak,09.png,0.0,90.0,2510685705,-0.22259944677352905,0.41033509373664856,-0.7959327697753906,-0.022262394428253174,SwinJSCC_author_Chase_wrapper,1,16,8192,8228,0.008580191060900688,20.665030413155115,0.7476210594177246,0.4094718396663666,1
kodak,09.png,0.0,90.0,2510685705,-0.22259944677352905,0.41033509373664856,-0.7959327697753906,-0.022262394428253174,same_codec_direct,0,4096,4096,12290,0.013101279735565186,18.826862803023335,0.6353912353515625,0.6468288898468018,1
kodak,09.png,0.0,90.0,2510685705,-0.22259944677352905,0.41033509373664856,-0.7959327697753906,-0.022262394428253174,same_codec_full_HARQ,1,4096,8192,16388,0.006824337877333164,21.659394791106475,0.7857834100723267,0.5165202021598816,1
kodak,09.png,0.0,90.0,2510685705,-0.22259944677352905,0.41033509373664856,-0.7959327697753906,-0.022262394428253174,adaptive_HARQ,1,4096,8192,16388,0.006824337877333164,21.659394791106475,0.7857834100723267,0.5165202021598816,1
kodak,09.png,0.0,90.0,2510685705,-0.22259944677352905,0.41033509373664856,-0.7959327697753906,-0.022262394428253174,FlowHARQ,1,4096,8192,16388,0.006824337877333164,21.659394791106475,0.7857834100723267,0.5165202021598816,1
kodak,09.png,0.0,120.0,519688337,1.5188071727752686,0.1739279180765152,-1.1581957340240479,-0.743842601776123,SwinJSCC_author_one_shot,0,16,4096,4130,0.0015457271365448833,28.108671686012556,0.9433845281600952,0.15624350309371948,0
kodak,09.png,0.0,120.0,519688337,1.5188071727752686,0.1739279180765152,-1.1581957340240479,-0.743842601776123,SwinJSCC_author_Chase_wrapper,1,16,8192,8228,0.0009937611175701022,30.02717999696641,0.9663718938827515,0.12259642034769058,0
kodak,09.png,0.0,120.0,519688337,1.5188071727752686,0.1739279180765152,-1.1581957340240479,-0.743842601776123,same_codec_direct,0,4096,4096,12290,0.004880014806985855,23.11578860254975,0.852961540222168,0.4283621907234192,1
kodak,09.png,0.0,120.0,519688337,1.5188071727752686,0.1739279180765152,-1.1581957340240479,-0.743842601776123,same_codec_full_HARQ,1,4096,8192,16388,0.004486718215048313,23.480712051476562,0.8695368766784668,0.40908509492874146,1
kodak,09.png,0.0,120.0,519688337,1.5188071727752686,0.1739279180765152,-1.1581957340240479,-0.743842601776123,adaptive_HARQ,1,4096,8192,16388,0.004486718215048313,23.480712051476562,0.8695368766784668,0.40908509492874146,1
kodak,09.png,0.0,120.0,519688337,1.5188071727752686,0.1739279180765152,-1.1581957340240479,-0.743842601776123,FlowHARQ,1,4096,8192,16388,0.004486718215048313,23.480712051476562,0.8695368766784668,0.40908509492874146,1
kodak,09.png,3.0,30.0,1487710890,-0.4011596441268921,0.6897186636924744,-0.5509805083274841,0.6860456466674805,SwinJSCC_author_one_shot,0,16,4096,4130,0.008382048457860947,20.76649832774331,0.8133475184440613,0.3152381479740143,1
kodak,09.png,3.0,30.0,1487710890,-0.4011596441268921,0.6897186636924744,-0.5509805083274841,0.6860456466674805,SwinJSCC_author_Chase_wrapper,1,16,8192,8228,0.0010244149016216397,29.895241127055808,0.9584810733795166,0.13256004452705383,0
kodak,09.png,3.0,30.0,1487710890,-0.4011596441268921,0.6897186636924744,-0.5509805083274841,0.6860456466674805,same_codec_direct,0,4096,4096,12290,0.006204144563525915,22.073180911920684,0.8127405643463135,0.47563350200653076,1
kodak,09.png,3.0,30.0,1487710890,-0.4011596441268921,0.6897186636924744,-0.5509805083274841,0.6860456466674805,same_codec_full_HARQ,1,4096,8192,16388,0.005057672969996929,22.96049255639579,0.8472650051116943,0.4204044044017792,1
kodak,09.png,3.0,30.0,1487710890,-0.4011596441268921,0.6897186636924744,-0.5509805083274841,0.6860456466674805,adaptive_HARQ,1,4096,8192,16388,0.005057672969996929,22.96049255639579,0.8472650051116943,0.4204044044017792,1
kodak,09.png,3.0,30.0,1487710890,-0.4011596441268921,0.6897186636924744,-0.5509805083274841,0.6860456466674805,FlowHARQ,1,4096,8192,16388,0.005057672969996929,22.96049255639579,0.8472650051116943,0.4204044044017792,1
kodak,09.png,3.0,60.0,2823217767,0.8848300576210022,1.6157100200653076,-1.175112009048462,0.684620201587677,SwinJSCC_author_one_shot,0,16,4096,4130,0.0005686600925400853,32.45147248620985,0.9783360958099365,0.10660093277692795,0
kodak,09.png,3.0,60.0,2823217767,0.8848300576210022,1.6157100200653076,-1.175112009048462,0.684620201587677,SwinJSCC_author_Chase_wrapper,1,16,8192,8228,0.0004911505966447294,33.087853240403874,0.9812321066856384,0.10316953808069229,0
kodak,09.png,3.0,60.0,2823217767,0.8848300576210022,1.6157100200653076,-1.175112009048462,0.684620201587677,same_codec_direct,0,4096,4096,12290,0.004356021527200937,23.609099826532972,0.8785486221313477,0.38586312532424927,1
kodak,09.png,3.0,60.0,2823217767,0.8848300576210022,1.6157100200653076,-1.175112009048462,0.684620201587677,same_codec_full_HARQ,1,4096,8192,16388,0.00433449586853385,23.630614066642657,0.883419394493103,0.37062060832977295,1
kodak,09.png,3.0,60.0,2823217767,0.8848300576210022,1.6157100200653076,-1.175112009048462,0.684620201587677,adaptive_HARQ,1,4096,8192,16388,0.00433449586853385,23.630614066642657,0.883419394493103,0.37062060832977295,1
kodak,09.png,3.0,60.0,2823217767,0.8848300576210022,1.6157100200653076,-1.175112009048462,0.684620201587677,FlowHARQ,0,4096,4096,12290,0.004253201186656952,23.71284073625406,0.8788816332817078,0.38961261510849,1
kodak,09.png,3.0,90.0,2774348202,-0.4297901690006256,0.2271994799375534,-0.14188605546951294,0.34950292110443115,SwinJSCC_author_one_shot,0,16,4096,4130,0.0381290465593338,14.187440543958074,0.43170151114463806,0.6833310127258301,1
kodak,09.png,3.0,90.0,2774348202,-0.4297901690006256,0.2271994799375534,-0.14188605546951294,0.34950292110443115,SwinJSCC_author_Chase_wrapper,1,16,8192,8228,0.024358278140425682,16.13353414747762,0.5850322842597961,0.5156916975975037,1
kodak,09.png,3.0,90.0,2774348202,-0.4297901690006256,0.2271994799375534,-0.14188605546951294,0.34950292110443115,same_codec_direct,0,4096,4096,12290,0.008486896753311157,20.71251081167283,0.7378398180007935,0.5634692311286926,1
kodak,09.png,3.0,90.0,2774348202,-0.4297901690006256,0.2271994799375534,-0.14188605546951294,0.34950292110443115,same_codec_full_HARQ,1,4096,8192,16388,0.007075647823512554,21.50233791380099,0.7802424430847168,0.5214508771896362,1
kodak,09.png,3.0,90.0,2774348202,-0.4297901690006256,0.2271994799375534,-0.14188605546951294,0.34950292110443115,adaptive_HARQ,1,4096,8192,16388,0.007075647823512554,21.50233791380099,0.7802424430847168,0.5214508771896362,1
kodak,09.png,3.0,90.0,2774348202,-0.4297901690006256,0.2271994799375534,-0.14188605546951294,0.34950292110443115,FlowHARQ,1,4096,8192,16388,0.007075647823512554,21.50233791380099,0.7802424430847168,0.5214508771896362,1
kodak,09.png,3.0,120.0,3753869492,-0.6131118535995483,-0.9212605357170105,0.2892790734767914,0.18815115094184875,SwinJSCC_author_one_shot,0,16,4096,4130,0.004841283429414034,23.15039491160537,0.9129480719566345,0.15535664558410645,1
kodak,09.png,3.0,120.0,3753869492,-0.6131118535995483,-0.9212605357170105,0.2892790734767914,0.18815115094184875,SwinJSCC_author_Chase_wrapper,1,16,8192,8228,0.0012515990529209375,29.02534774154293,0.9558517932891846,0.1315220594406128,0
kodak,09.png,3.0,120.0,3753869492,-0.6131118535995483,-0.9212605357170105,0.2892790734767914,0.18815115094184875,same_codec_direct,0,4096,4096,12290,0.00498468242585659,23.02362505374682,0.8543499708175659,0.41728079319000244,1
kodak,09.png,3.0,120.0,3753869492,-0.6131118535995483,-0.9212605357170105,0.2892790734767914,0.18815115094184875,same_codec_full_HARQ,1,4096,8192,16388,0.00491305673494935,23.086482206945767,0.8575754165649414,0.4153432846069336,1
kodak,09.png,3.0,120.0,3753869492,-0.6131118535995483,-0.9212605357170105,0.2892790734767914,0.18815115094184875,adaptive_HARQ,1,4096,8192,16388,0.00491305673494935,23.086482206945767,0.8575754165649414,0.4153432846069336,1
kodak,09.png,3.0,120.0,3753869492,-0.6131118535995483,-0.9212605357170105,0.2892790734767914,0.18815115094184875,FlowHARQ,1,4096,8192,16388,0.00491305673494935,23.086482206945767,0.8575754165649414,0.4153432846069336,1
kodak,09.png,6.0,30.0,1675385099,1.3632551431655884,-0.1410781592130661,1.3581489324569702,-0.13954944908618927,SwinJSCC_author_one_shot,0,16,4096,4130,0.0005055717774666846,32.96217177669868,0.9799350500106812,0.10532702505588531,0
kodak,09.png,6.0,30.0,1675385099,1.3632551431655884,-0.1410781592130661,1.3581489324569702,-0.13954944908618927,SwinJSCC_author_Chase_wrapper,1,16,8192,8228,0.0004336867423262447,33.62823853900488,0.9826483726501465,0.1041010320186615,0
kodak,09.png,6.0,30.0,1675385099,1.3632551431655884,-0.1410781592130661,1.3581489324569702,-0.13954944908618927,same_codec_direct,0,4096,4096,12290,0.0044355387799441814,23.530536193621437,0.8759562373161316,0.3814910352230072,1
kodak,09.png,6.0,30.0,1675385099,1.3632551431655884,-0.1410781592130661,1.3581489324569702,-0.13954944908618927,same_codec_full_HARQ,1,4096,8192,16388,0.004257503896951675,23.708449458494872,0.8861460089683533,0.366721510887146,1
kodak,09.png,6.0,30.0,1675385099,1.3632551431655884,-0.1410781592130661,1.3581489324569702,-0.13954944908618927,adaptive_HARQ,0,4096,4096,12290,0.0044355387799441814,23.530536193621437,0.8759562373161316,0.3814910352230072,1
kodak,09.png,6.0,30.0,1675385099,1.3632551431655884,-0.1410781592130661,1.3581489324569702,-0.13954944908618927,FlowHARQ,0,4096,4096,12290,0.004342358093708754,23.62274365195482,0.876733660697937,0.38230183720588684,1
kodak,09.png,6.0,60.0,4050235715,0.6045022010803223,-0.26033997535705566,0.30557969212532043,-0.17730963230133057,SwinJSCC_author_one_shot,0,16,4096,4130,0.0020392590668052435,26.9052759808799,0.9157399535179138,0.176660418510437,0
kodak,09.png,6.0,60.0,4050235715,0.6045022010803223,-0.26033997535705566,0.30557969212532043,-0.17730963230133057,SwinJSCC_author_Chase_wrapper,1,16,8192,8228,0.0014407242415472865,28.414191363510678,0.9449993968009949,0.14544521272182465,0
kodak,09.png,6.0,60.0,4050235715,0.6045022010803223,-0.26033997535705566,0.30557969212532043,-0.17730963230133057,same_codec_direct,0,4096,4096,12290,0.005459201987832785,22.628708367110143,0.8270947933197021,0.4602070152759552,1
kodak,09.png,6.0,60.0,4050235715,0.6045022010803223,-0.26033997535705566,0.30557969212532043,-0.17730963230133057,same_codec_full_HARQ,1,4096,8192,16388,0.005317379720509052,22.743023250848474,0.8387160301208496,0.438507080078125,1
kodak,09.png,6.0,60.0,4050235715,0.6045022010803223,-0.26033997535705566,0.30557969212532043,-0.17730963230133057,adaptive_HARQ,1,4096,8192,16388,0.005317379720509052,22.743023250848474,0.8387160301208496,0.438507080078125,1
kodak,09.png,6.0,60.0,4050235715,0.6045022010803223,-0.26033997535705566,0.30557969212532043,-0.17730963230133057,FlowHARQ,1,4096,8192,16388,0.005317379720509052,22.743023250848474,0.8387160301208496,0.438507080078125,1
kodak,09.png,6.0,90.0,803563407,-0.5425176024436951,-0.251427561044693,-0.12730278074741364,0.5885658264160156,SwinJSCC_author_one_shot,0,16,4096,4130,0.002378762001171708,26.236490076257844,0.894951343536377,0.22777485847473145,0
kodak,09.png,6.0,90.0,803563407,-0.5425176024436951,-0.251427561044693,-0.12730278074741364,0.5885658264160156,SwinJSCC_author_Chase_wrapper,1,16,8192,8228,0.0009332614718005061,30.299966629510426,0.963200032711029,0.12307251244783401,0
kodak,09.png,6.0,90.0,803563407,-0.5425176024436951,-0.251427561044693,-0.12730278074741364,0.5885658264160156,same_codec_direct,0,4096,4096,12290,0.005805931985378265,22.361280560944113,0.8202080726623535,0.47402164340019226,1
kodak,09.png,6.0,90.0,803563407,-0.5425176024436951,-0.251427561044693,-0.12730278074741364,0.5885658264160156,same_codec_full_HARQ,1,4096,8192,16388,0.0049740890972316265,23.032864397959795,0.8504295349121094,0.42358240485191345,1
kodak,09.png,6.0,90.0,803563407,-0.5425176024436951,-0.251427561044693,-0.12730278074741364,0.5885658264160156,adaptive_HARQ,1,4096,8192,16388,0.0049740890972316265,23.032864397959795,0.8504295349121094,0.42358240485191345,1
kodak,09.png,6.0,90.0,803563407,-0.5425176024436951,-0.251427561044693,-0.12730278074741364,0.5885658264160156,FlowHARQ,1,4096,8192,16388,0.0049740890972316265,23.032864397959795,0.8504295349121094,0.42358240485191345,1
kodak,09.png,6.0,120.0,754790455,0.702690839767456,-0.21373531222343445,-1.029969334602356,0.11975297331809998,SwinJSCC_author_one_shot,0,16,4096,4130,0.0014501409605145454,28.38589780249039,0.9347629547119141,0.14514610171318054,0
kodak,09.png,6.0,120.0,754790455,0.702690839767456,-0.21373531222343445,-1.029969334602356,0.11975297331809998,SwinJSCC_author_Chase_wrapper,1,16,8192,8228,0.0005653845146298409,32.47656090616411,0.9781052470207214,0.11227773129940033,0
kodak,09.png,6.0,120.0,754790455,0.702690839767456,-0.21373531222343445,-1.029969334602356,0.11975297331809998,same_codec_direct,0,4096,4096,12290,0.005297699477523565,22.75912681553133,0.8379654884338379,0.4373959004878998,1
kodak,09.png,6.0,120.0,754790455,0.702690839767456,-0.21373531222343445,-1.029969334602356,0.11975297331809998,same_codec_full_HARQ,1,4096,8192,16388,0.004502199590206146,23.465752558917433,0.8716778755187988,0.38669005036354065,1
kodak,09.png,6.0,120.0,754790455,0.702690839767456,-0.21373531222343445,-1.029969334602356,0.11975297331809998,adaptive_HARQ,1,4096,8192,16388,0.004502199590206146,23.465752558917433,0.8716778755187988,0.38669005036354065,1
kodak,09.png,6.0,120.0,754790455,0.702690839767456,-0.21373531222343445,-1.029969334602356,0.11975297331809998,FlowHARQ,1,4096,8192,16388,0.004502199590206146,23.465752558917433,0.8716778755187988,0.38669005036354065,1
kodak,09.png,9.0,30.0,3177718874,0.18504078686237335,-0.9896912574768066,-0.5901921987533569,-0.4061874747276306,SwinJSCC_author_one_shot,0,16,4096,4130,0.0005492053460329771,32.60265243938338,0.9793800115585327,0.10959740728139877,0
kodak,09.png,9.0,30.0,3177718874,0.18504078686237335,-0.9896912574768066,-0.5901921987533569,-0.4061874747276306,SwinJSCC_author_Chase_wrapper,1,16,8192,8228,0.0004676258540712297,33.30101485598158,0.9818688631057739,0.10508532077074051,0
kodak,09.png,9.0,30.0,3177718874,0.18504078686237335,-0.9896912574768066,-0.5901921987533569,-0.4061874747276306,same_codec_direct,0,4096,4096,12290,0.004450653679668903,23.515761983169774,0.8781883120536804,0.3746340274810791,1
kodak,09.png,9.0,30.0,3177718874,0.18504078686237335,-0.9896912574768066,-0.5901921987533569,-0.4061874747276306,same_codec_full_HARQ,1,4096,8192,16388,0.004315854515880346,23.649332034736688,0.8837501406669617,0.3673814833164215,1
kodak,09.png,9.0,30.0,3177718874,0.18504078686237335,-0.9896912574768066,-0.5901921987533569,-0.4061874747276306,adaptive_HARQ,0,4096,4096,12290,0.004450653679668903,23.515761983169774,0.8781883120536804,0.3746340274810791,1
kodak,09.png,9.0,30.0,3177718874,0.18504078686237335,-0.9896912574768066,-0.5901921987533569,-0.4061874747276306,FlowHARQ,0,4096,4096,12290,0.00438044173642993,23.584820917742995,0.8783554434776306,0.3763541579246521,1
kodak,09.png,9.0,60.0,3332402954,-0.24290427565574646,-1.3415628671646118,0.5572771430015564,0.17037731409072876,SwinJSCC_author_one_shot,0,16,4096,4130,0.00043039972661063075,33.66128013204892,0.9825100302696228,0.10462874174118042,0
kodak,09.png,9.0,60.0,3332402954,-0.24290427565574646,-1.3415628671646118,0.5572771430015564,0.17037731409072876,SwinJSCC_author_Chase_wrapper,1,16,8192,8228,0.00042133335955441,33.75374153745602,0.9830827116966248,0.10404273122549057,0
kodak,09.png,9.0,60.0,3332402954,-0.24290427565574646,-1.3415628671646118,0.5572771430015564,0.17037731409072876,same_codec_direct,0,4096,4096,12290,0.004261829424649477,23.704039364650704,0.8857273459434509,0.36901775002479553,1
kodak,09.png,9.0,60.0,3332402954,-0.24290427565574646,-1.3415628671646118,0.5572771430015564,0.17037731409072876,same_codec_full_HARQ,1,4096,8192,16388,0.004246981348842382,23.719196462644703,0.8873447775840759,0.36725127696990967,1
kodak,09.png,9.0,60.0,3332402954,-0.24290427565574646,-1.3415628671646118,0.5572771430015564,0.17037731409072876,adaptive_HARQ,0,4096,4096,12290,0.004261829424649477,23.704039364650704,0.8857273459434509,0.36901775002479553,1
kodak,09.png,9.0,60.0,3332402954,-0.24290427565574646,-1.3415628671646118,0.5572771430015564,0.17037731409072876,FlowHARQ,0,4096,4096,12290,0.004214497283101082,23.752542217974778,0.8860892653465271,0.3701269328594208,1
kodak,09.png,9.0,90.0,819217025,-0.25023284554481506,0.24426697194576263,-0.779604971408844,-0.9387772083282471,SwinJSCC_author_one_shot,0,16,4096,4130,0.0094123724848032,20.2630089440574,0.7280372977256775,0.3976283669471741,1
kodak,09.png,9.0,90.0,819217025,-0.25023284554481506,0.24426697194576263,-0.779604971408844,-0.9387772083282471,SwinJSCC_author_Chase_wrapper,1,16,8192,8228,0.0004350252856966108,33.61485499092818,0.9826249480247498,0.10573866218328476,0
kodak,09.png,9.0,90.0,819217025,-0.25023284554481506,0.24426697194576263,-0.779604971408844,-0.9387772083282471,same_codec_direct,0,4096,4096,12290,0.006527187302708626,21.85273924707782,0.7986972332000732,0.504000186920166,1
kodak,09.png,9.0,90.0,819217025,-0.25023284554481506,0.24426697194576263,-0.779604971408844,-0.9387772083282471,same_codec_full_HARQ,1,4096,8192,16388,0.00432319100946188,23.64195575818952,0.8857778906822205,0.36351799964904785,1
kodak,09.png,9.0,90.0,819217025,-0.25023284554481506,0.24426697194576263,-0.779604971408844,-0.9387772083282471,adaptive_HARQ,1,4096,8192,16388,0.00432319100946188,23.64195575818952,0.8857778906822205,0.36351799964904785,1
kodak,09.png,9.0,90.0,819217025,-0.25023284554481506,0.24426697194576263,-0.779604971408844,-0.9387772083282471,FlowHARQ,1,4096,8192,16388,0.00432319100946188,23.64195575818952,0.8857778906822205,0.36351799964904785,1
kodak,09.png,9.0,120.0,4243697057,-0.34938207268714905,-0.2721810042858124,-0.24844957888126373,0.4776687026023865,SwinJSCC_author_one_shot,0,16,4096,4130,0.006441640667617321,21.910035049779083,0.8566904067993164,0.23679852485656738,1
kodak,09.png,9.0,120.0,4243697057,-0.34938207268714905,-0.2721810042858124,-0.24844957888126373,0.4776687026023865,SwinJSCC_author_Chase_wrapper,1,16,8192,8228,0.0007097918423824012,31.48868996293959,0.9721918106079102,0.11933653056621552,0
kodak,09.png,9.0,120.0,4243697057,-0.34938207268714905,-0.2721810042858124,-0.24844957888126373,0.4776687026023865,same_codec_direct,0,4096,4096,12290,0.005504242610186338,22.593024319776546,0.8294271230697632,0.4697739779949188,1
kodak,09.png,9.0,120.0,4243697057,-0.34938207268714905,-0.2721810042858124,-0.24844957888126373,0.4776687026023865,same_codec_full_HARQ,1,4096,8192,16388,0.004574777092784643,23.396300621947024,0.8653445243835449,0.4053497314453125,1
kodak,09.png,9.0,120.0,4243697057,-0.34938207268714905,-0.2721810042858124,-0.24844957888126373,0.4776687026023865,adaptive_HARQ,1,4096,8192,16388,0.004574777092784643,23.396300621947024,0.8653445243835449,0.4053497314453125,1
kodak,09.png,9.0,120.0,4243697057,-0.34938207268714905,-0.2721810042858124,-0.24844957888126373,0.4776687026023865,FlowHARQ,1,4096,8192,16388,0.004574777092784643,23.396300621947024,0.8653445243835449,0.4053497314453125,1
kodak,09.png,12.0,30.0,2474420223,0.2365209460258484,0.424587219953537,0.2635408043861389,0.0547235906124115,SwinJSCC_author_one_shot,0,16,4096,4130,0.0007345028570853174,31.34006510542242,0.9712836742401123,0.11778117716312408,0
kodak,09.png,12.0,30.0,2474420223,0.2365209460258484,0.424587219953537,0.2635408043861389,0.0547235906124115,SwinJSCC_author_Chase_wrapper,1,16,8192,8228,0.000620377017185092,32.07344299663361,0.9762937426567078,0.1110624372959137,0
kodak,09.png,12.0,30.0,2474420223,0.2365209460258484,0.424587219953537,0.2635408043861389,0.0547235906124115,same_codec_direct,0,4096,4096,12290,0.004699152894318104,23.2798042429426,0.8640881776809692,0.4141334295272827,1
kodak,09.png,12.0,30.0,2474420223,0.2365209460258484,0.424587219953537,0.2635408043861389,0.0547235906124115,same_codec_full_HARQ,1,4096,8192,16388,0.004597511608153582,23.374771655481382,0.8726667165756226,0.4020557403564453,1
kodak,09.png,12.0,30.0,2474420223,0.2365209460258484,0.424587219953537,0.2635408043861389,0.0547235906124115,adaptive_HARQ,1,4096,8192,16388,0.004597511608153582,23.374771655481382,0.8726667165756226,0.4020557403564453,1
kodak,09.png,12.0,30.0,2474420223,0.2365209460258484,0.424587219953537,0.2635408043861389,0.0547235906124115,FlowHARQ,0,4096,4096,12290,0.004635315388441086,23.339207109693824,0.8630045652389526,0.41899096965789795,1
kodak,09.png,12.0,60.0,3778770853,-0.7331797480583191,-0.28713563084602356,-0.49111321568489075,0.5421704053878784,SwinJSCC_author_one_shot,0,16,4096,4130,0.00047293881652876735,33.25195039732876,0.9802502393722534,0.10414517670869827,0
kodak,09.png,12.0,60.0,3778770853,-0.7331797480583191,-0.28713563084602356,-0.49111321568489075,0.5421704053878784,SwinJSCC_author_Chase_wrapper,1,16,8192,8228,0.00040235172491520643,33.953941324765815,0.9828852415084839,0.10357991605997086,0
kodak,09.png,12.0,60.0,3778770853,-0.7331797480583191,-0.28713563084602356,-0.49111321568489075,0.5421704053878784,same_codec_direct,0,4096,4096,12290,0.004396825097501278,23.56860809954742,0.8795245885848999,0.37945374846458435,1
kodak,09.png,12.0,60.0,3778770853,-0.7331797480583191,-0.28713563084602356,-0.49111321568489075,0.5421704053878784,same_codec_full_HARQ,1,4096,8192,16388,0.004269398748874664,23.696332815163398,0.8861691951751709,0.37207192182540894,1
kodak,09.png,12.0,60.0,3778770853,-0.7331797480583191,-0.28713563084602356,-0.49111321568489075,0.5421704053878784,adaptive_HARQ,0,4096,4096,12290,0.004396825097501278,23.56860809954742,0.8795245885848999,0.37945374846458435,1
kodak,09.png,12.0,60.0,3778770853,-0.7331797480583191,-0.28713563084602356,-0.49111321568489075,0.5421704053878784,FlowHARQ,0,4096,4096,12290,0.004331689793616533,23.633426521723813,0.8794858455657959,0.3811584413051605,1
kodak,09.png,12.0,90.0,3773676489,0.16886833310127258,-0.6396359205245972,-1.2335599660873413,0.22299537062644958,SwinJSCC_author_one_shot,0,16,4096,4130,0.0005388126592151821,32.685622092320635,0.978878378868103,0.107718825340271,0
kodak,09.png,12.0,90.0,3773676489,0.16886833310127258,-0.6396359205245972,-1.2335599660873413,0.22299537062644958,SwinJSCC_author_Chase_wrapper,1,16,8192,8228,0.0003780474653467536,34.22453669358431,0.9844967722892761,0.10155691206455231,0
kodak,09.png,12.0,90.0,3773676489,0.16886833310127258,-0.6396359205245972,-1.2335599660873413,0.22299537062644958,same_codec_direct,0,4096,4096,12290,0.00433370191603899,23.631409639602445,0.8782178163528442,0.3790748119354248,1
kodak,09.png,12.0,90.0,3773676489,0.16886833310127258,-0.6396359205245972,-1.2335599660873413,0.22299537062644958,same_codec_full_HARQ,1,4096,8192,16388,0.00418440718203783,23.783660611608738,0.8906511068344116,0.35795193910598755,1
kodak,09.png,12.0,90.0,3773676489,0.16886833310127258,-0.6396359205245972,-1.2335599660873413,0.22299537062644958,adaptive_HARQ,0,4096,4096,12290,0.00433370191603899,23.631409639602445,0.8782178163528442,0.3790748119354248,1
kodak,09.png,12.0,90.0,3773676489,0.16886833310127258,-0.6396359205245972,-1.2335599660873413,0.22299537062644958,FlowHARQ,0,4096,4096,12290,0.004233648534864187,23.73285198679556,0.8788532018661499,0.3809574842453003,1
kodak,09.png,12.0,120.0,2903817072,-0.1885903924703598,-1.5441659688949585,-0.6654636263847351,0.8648121356964111,SwinJSCC_author_one_shot,0,16,4096,4130,0.00036738370545208454,34.348801098407094,0.9849371910095215,0.10507671535015106,0
kodak,09.png,12.0,120.0,2903817072,-0.1885903924703598,-1.5441659688949585,-0.6654636263847351,0.8648121356964111,SwinJSCC_author_Chase_wrapper,1,16,8192,8228,0.0003554022405296564,34.4927983863933,0.9853640794754028,0.10429747402667999,0
kodak,09.png,12.0,120.0,2903817072,-0.1885903924703598,-1.5441659688949585,-0.6654636263847351,0.8648121356964111,same_codec_direct,0,4096,4096,12290,0.004105363041162491,23.866484317718104,0.8909348249435425,0.3593370318412781,1
kodak,09.png,12.0,120.0,2903817072,-0.1885903924703598,-1.5441659688949585,-0.6654636263847351,0.8648121356964111,same_codec_full_HARQ,1,4096,8192,16388,0.00408694613724947,23.886010859119644,0.8923077583312988,0.3552544414997101,1
kodak,09.png,12.0,120.0,2903817072,-0.1885903924703598,-1.5441659688949585,-0.6654636263847351,0.8648121356964111,adaptive_HARQ,0,4096,4096,12290,0.004105363041162491,23.866484317718104,0.8909348249435425,0.3593370318412781,1
kodak,09.png,12.0,120.0,2903817072,-0.1885903924703598,-1.5441659688949585,-0.6654636263847351,0.8648121356964111,FlowHARQ,0,4096,4096,12290,0.004037272185087204,23.939119703081285,0.8915173411369324,0.36080729961395264,1
kodak,09.png,15.0,30.0,2442903988,0.49838462471961975,-0.9564568996429443,0.2527676820755005,-0.6705525517463684,SwinJSCC_author_one_shot,0,16,4096,4130,0.00037082526250742376,34.30830687165481,0.9846409559249878,0.102497898042202,0
kodak,09.png,15.0,30.0,2442903988,0.49838462471961975,-0.9564568996429443,0.2527676820755005,-0.6705525517463684,SwinJSCC_author_Chase_wrapper,1,16,8192,8228,0.0003589643747545779,34.44948650628439,0.9850901961326599,0.10224585235118866,0
kodak,09.png,15.0,30.0,2442903988,0.49838462471961975,-0.9564568996429443,0.2527676820755005,-0.6705525517463684,same_codec_direct,0,4096,4096,12290,0.004099089652299881,23.873125830073967,0.8923124074935913,0.3580063283443451,1
kodak,09.png,15.0,30.0,2442903988,0.49838462471961975,-0.9564568996429443,0.2527676820755005,-0.6705525517463684,same_codec_full_HARQ,1,4096,8192,16388,0.004081753548234701,23.89153221048884,0.8932332992553711,0.355695903301239,1
kodak,09.png,15.0,30.0,2442903988,0.49838462471961975,-0.9564568996429443,0.2527676820755005,-0.6705525517463684,adaptive_HARQ,0,4096,4096,12290,0.004099089652299881,23.873125830073967,0.8923124074935913,0.3580063283443451,1
kodak,09.png,15.0,30.0,2442903988,0.49838462471961975,-0.9564568996429443,0.2527676820755005,-0.6705525517463684,FlowHARQ,0,4096,4096,12290,0.004048938862979412,23.92658780818926,0.8926660418510437,0.35892045497894287,1
kodak,09.png,15.0,60.0,31431686,-0.24733173847198486,1.2049568891525269,0.9463652968406677,-0.16645660996437073,SwinJSCC_author_one_shot,0,16,4096,4130,0.00036213675048202276,34.411273997296156,0.9851342439651489,0.1029854416847229,0
kodak,09.png,15.0,60.0,31431686,-0.24733173847198486,1.2049568891525269,0.9463652968406677,-0.16645660996437073,SwinJSCC_author_Chase_wrapper,1,16,8192,8228,0.0003494312986731529,34.56638197715236,0.9854344129562378,0.10275077819824219,0
kodak,09.png,15.0,60.0,31431686,-0.24733173847198486,1.2049568891525269,0.9463652968406677,-0.16645660996437073,same_codec_direct,0,4096,4096,12290,0.004107664339244366,23.86405052311829,0.8939196467399597,0.3562936782836914,1
kodak,09.png,15.0,60.0,31431686,-0.24733173847198486,1.2049568891525269,0.9463652968406677,-0.16645660996437073,same_codec_full_HARQ,1,4096,8192,16388,0.004097285680472851,23.875037541021378,0.8940937519073486,0.356193870306015,1
kodak,09.png,15.0,60.0,31431686,-0.24733173847198486,1.2049568891525269,0.9463652968406677,-0.16645660996437073,adaptive_HARQ,0,4096,4096,12290,0.004107664339244366,23.86405052311829,0.8939196467399597,0.3562936782836914,1
kodak,09.png,15.0,60.0,31431686,-0.24733173847198486,1.2049568891525269,0.9463652968406677,-0.16645660996437073,FlowHARQ,0,4096,4096,12290,0.004044860135763884,23.930964909407393,0.8944424390792847,0.35709214210510254,1
kodak,09.png,15.0,90.0,2518905366,0.26020458340644836,-0.45760875940322876,0.08313556760549545,-0.7357845902442932,SwinJSCC_author_one_shot,0,16,4096,4130,0.0005085683660581708,32.936506572819134,0.9800540804862976,0.10755716264247894,0
kodak,09.png,15.0,90.0,2518905366,0.26020458340644836,-0.45760875940322876,0.08313556760549545,-0.7357845902442932,SwinJSCC_author_Chase_wrapper,1,16,8192,8228,0.0003843391314148903,34.152853956751834,0.9843425154685974,0.10152286291122437,0
kodak,09.png,15.0,90.0,2518905366,0.26020458340644836,-0.45760875940322876,0.08313556760549545,-0.7357845902442932,same_codec_direct,0,4096,4096,12290,0.004428371321409941,23.537559704314877,0.8797717094421387,0.37954601645469666,1
kodak,09.png,15.0,90.0,2518905366,0.26020458340644836,-0.45760875940322876,0.08313556760549545,-0.7357845902442932,same_codec_full_HARQ,1,4096,8192,16388,0.004183750133961439,23.784342607282895,0.8899153470993042,0.3598833978176117,1
kodak,09.png,15.0,90.0,2518905366,0.26020458340644836,-0.45760875940322876,0.08313556760549545,-0.7357845902442932,adaptive_HARQ,0,4096,4096,12290,0.004428371321409941,23.537559704314877,0.8797717094421387,0.37954601645469666,1
kodak,09.png,15.0,90.0,2518905366,0.26020458340644836,-0.45760875940322876,0.08313556760549545,-0.7357845902442932,FlowHARQ,0,4096,4096,12290,0.004352061077952385,23.61305018265862,0.8800270557403564,0.38089871406555176,1
kodak,09.png,15.0,120.0,2166629711,-0.9524037837982178,-0.6592268347740173,-0.04210779070854187,0.19226956367492676,SwinJSCC_author_one_shot,0,16,4096,4130,0.0003631451108958572,34.399197984673215,0.9848276376724243,0.10205602645874023,0
kodak,09.png,15.0,120.0,2166629711,-0.9524037837982178,-0.6592268347740173,-0.04210779070854187,0.19226956367492676,SwinJSCC_author_Chase_wrapper,1,16,8192,8228,0.00036263777292333543,34.4052696108503,0.9848827719688416,0.10202732682228088,0
kodak,09.png,15.0,120.0,2166629711,-0.9524037837982178,-0.6592268347740173,-0.04210779070854187,0.19226956367492676,same_codec_direct,0,4096,4096,12290,0.004086674191057682,23.886299849128395,0.8914141058921814,0.35831600427627563,1
kodak,09.png,15.0,120.0,2166629711,-0.9524037837982178,-0.6592268347740173,-0.04210779070854187,0.19226956367492676,same_codec_full_HARQ,1,4096,8192,16388,0.004087262321263552,23.885674882924892,0.8916796445846558,0.35847097635269165,1
kodak,09.png,15.0,120.0,2166629711,-0.9524037837982178,-0.6592268347740173,-0.04210779070854187,0.19226956367492676,adaptive_HARQ,0,4096,4096,12290,0.004086674191057682,23.886299849128395,0.8914141058921814,0.35831600427627563,1
kodak,09.png,15.0,120.0,2166629711,-0.9524037837982178,-0.6592268347740173,-0.04210779070854187,0.19226956367492676,FlowHARQ,0,4096,4096,12290,0.004033216275274754,23.94348488966842,0.8918395042419434,0.35890504717826843,1
kodak,10.png,0.0,30.0,2875833319,0.07323357462882996,0.5025941729545593,-0.16023588180541992,0.17849910259246826,SwinJSCC_author_one_shot,0,16,4096,4130,0.014431839808821678,18.40678300376614,0.3673498332500458,0.8526840806007385,1
kodak,10.png,0.0,30.0,2875833319,0.07323357462882996,0.5025941729545593,-0.16023588180541992,0.17849910259246826,SwinJSCC_author_Chase_wrapper,1,16,8192,8228,0.011915592476725578,19.238843584391873,0.42255353927612305,0.7997498512268066,1
kodak,10.png,0.0,30.0,2875833319,0.07323357462882996,0.5025941729545593,-0.16023588180541992,0.17849910259246826,same_codec_direct,0,4096,4096,12290,0.003592622233554721,24.445884467274226,0.7051591873168945,0.7090505957603455,0
kodak,10.png,0.0,30.0,2875833319,0.07323357462882996,0.5025941729545593,-0.16023588180541992,0.17849910259246826,same_codec_full_HARQ,1,4096,8192,16388,0.0033294525928795338,24.776271645219694,0.7204184532165527,0.7047451734542847,0
kodak,10.png,0.0,30.0,2875833319,0.07323357462882996,0.5025941729545593,-0.16023588180541992,0.17849910259246826,adaptive_HARQ,1,4096,8192,16388,0.0033294525928795338,24.776271645219694,0.7204184532165527,0.7047451734542847,0
kodak,10.png,0.0,30.0,2875833319,0.07323357462882996,0.5025941729545593,-0.16023588180541992,0.17849910259246826,FlowHARQ,0,4096,4096,12290,0.0038008892443031073,24.201147853005544,0.6652469635009766,0.7551027536392212,0
kodak,10.png,0.0,60.0,1619879188,-0.36635974049568176,0.5061510801315308,-1.1919885873794556,0.3152700662612915,SwinJSCC_author_one_shot,0,16,4096,4130,0.010432859882712364,19.815966253193093,0.5612456798553467,0.7298805117607117,1
kodak,10.png,0.0,60.0,1619879188,-0.36635974049568176,0.5061510801315308,-1.1919885873794556,0.3152700662612915,SwinJSCC_author_Chase_wrapper,1,16,8192,8228,0.000565448310226202,32.476070894291624,0.9523372650146484,0.21128572523593903,0
kodak,10.png,0.0,60.0,1619879188,-0.36635974049568176,0.5061510801315308,-1.1919885873794556,0.3152700662612915,same_codec_direct,0,4096,4096,12290,0.003028523176908493,25.187690983866954,0.7686848044395447,0.7080878615379333,0
kodak,10.png,0.0,60.0,1619879188,-0.36635974049568176,0.5061510801315308,-1.1919885873794556,0.3152700662612915,same_codec_full_HARQ,1,4096,8192,16388,0.0019969053100794554,26.9964252816133,0.8531157970428467,0.587297260761261,0
kodak,10.png,0.0,60.0,1619879188,-0.36635974049568176,0.5061510801315308,-1.1919885873794556,0.3152700662612915,adaptive_HARQ,0,4096,4096,12290,0.003028523176908493,25.187690983866954,0.7686848044395447,0.7080878615379333,0
kodak,10.png,0.0,60.0,1619879188,-0.36635974049568176,0.5061510801315308,-1.1919885873794556,0.3152700662612915,FlowHARQ,0,4096,4096,12290,0.003001569537445903,25.22651590879082,0.7541548609733582,0.722659707069397,0
kodak,10.png,0.0,90.0,3044482617,0.21278195083141327,-0.1810101717710495,1.1777352094650269,0.26991233229637146,SwinJSCC_author_one_shot,0,16,4096,4130,0.06424161046743393,11.921835803017142,0.0967550277709961,0.802262544631958,1
kodak,10.png,0.0,90.0,3044482617,0.21278195083141327,-0.1810101717710495,1.1777352094650269,0.26991233229637146,SwinJSCC_author_Chase_wrapper,1,16,8192,8228,0.00063712103292346,31.9577805755833,0.9418615698814392,0.2422623187303543,0
kodak,10.png,0.0,90.0,3044482617,0.21278195083141327,-0.1810101717710495,1.1777352094650269,0.26991233229637146,same_codec_direct,0,4096,4096,12290,0.005110958591103554,22.914976376767488,0.6391112804412842,0.7340847253799438,1
kodak,10.png,0.0,90.0,3044482617,0.21278195083141327,-0.1810101717710495,1.1777352094650269,0.26991233229637146,same_codec_full_HARQ,1,4096,8192,16388,0.002051255665719509,26.879802063837886,0.8465844988822937,0.5861923694610596,0
kodak,10.png,0.0,90.0,3044482617,0.21278195083141327,-0.1810101717710495,1.1777352094650269,0.26991233229637146,adaptive_HARQ,1,4096,8192,16388,0.002051255665719509,26.879802063837886,0.8465844988822937,0.5861923694610596,0
kodak,10.png,0.0,90.0,3044482617,0.21278195083141327,-0.1810101717710495,1.1777352094650269,0.26991233229637146,FlowHARQ,1,4096,8192,16388,0.002051255665719509,26.879802063837886,0.8465844988822937,0.5861923694610596,0
kodak,10.png,0.0,120.0,1650222528,0.2927088141441345,0.1087973490357399,-0.26707664132118225,-0.8694460988044739,SwinJSCC_author_one_shot,0,16,4096,4130,0.04418142884969711,13.547602429348304,0.13820312917232513,0.8680264949798584,1
kodak,10.png,0.0,120.0,1650222528,0.2927088141441345,0.1087973490357399,-0.26707664132118225,-0.8694460988044739,SwinJSCC_author_Chase_wrapper,1,16,8192,8228,0.001363914692774415,28.652127921545603,0.8670760989189148,0.435472309589386,0
kodak,10.png,0.0,120.0,1650222528,0.2927088141441345,0.1087973490357399,-0.26707664132118225,-0.8694460988044739,same_codec_direct,0,4096,4096,12290,0.005569816567003727,22.541591073845957,0.6312158703804016,0.6932657361030579,1
kodak,10.png,0.0,120.0,1650222528,0.2927088141441345,0.1087973490357399,-0.26707664132118225,-0.8694460988044739,same_codec_full_HARQ,1,4096,8192,16388,0.0022011427208781242,26.573517971193873,0.8156372904777527,0.6488026976585388,0
kodak,10.png,0.0,120.0,1650222528,0.2927088141441345,0.1087973490357399,-0.26707664132118225,-0.8694460988044739,adaptive_HARQ,1,4096,8192,16388,0.0022011427208781242,26.573517971193873,0.8156372904777527,0.6488026976585388,0
kodak,10.png,0.0,120.0,1650222528,0.2927088141441345,0.1087973490357399,-0.26707664132118225,-0.8694460988044739,FlowHARQ,1,4096,8192,16388,0.0022011427208781242,26.573517971193873,0.8156372904777527,0.6488026976585388,0
kodak,10.png,3.0,30.0,3620526014,0.606161892414093,1.099892020225525,0.7784519195556641,0.684223473072052,SwinJSCC_author_one_shot,0,16,4096,4130,0.00037862837780267,34.217868392331596,0.9677658081054688,0.18367034196853638,0
kodak,10.png,3.0,30.0,3620526014,0.606161892414093,1.099892020225525,0.7784519195556641,0.684223473072052,SwinJSCC_author_Chase_wrapper,1,16,8192,8228,0.00030392210464924574,35.17237711969824,0.975561797618866,0.17034995555877686,0
kodak,10.png,3.0,30.0,3620526014,0.606161892414093,1.099892020225525,0.7784519195556641,0.684223473072052,same_codec_direct,0,4096,4096,12290,0.001859546173363924,27.305930334447233,0.8774320483207703,0.5524473786354065,0
kodak,10.png,3.0,30.0,3620526014,0.606161892414093,1.099892020225525,0.7784519195556641,0.684223473072052,same_codec_full_HARQ,1,4096,8192,16388,0.0017003249377012253,27.69468075583123,0.8945906162261963,0.5231132507324219,0
kodak,10.png,3.0,30.0,3620526014,0.606161892414093,1.099892020225525,0.7784519195556641,0.684223473072052,adaptive_HARQ,0,4096,4096,12290,0.001859546173363924,27.305930334447233,0.8774320483207703,0.5524473786354065,0
kodak,10.png,3.0,30.0,3620526014,0.606161892414093,1.099892020225525,0.7784519195556641,0.684223473072052,FlowHARQ,0,4096,4096,12290,0.0018209200352430344,27.39709125602786,0.8767614364624023,0.5518129467964172,0
kodak,10.png,3.0,60.0,3029397256,0.1237088069319725,-0.5301152467727661,-0.6546885967254639,-0.1010081097483635,SwinJSCC_author_one_shot,0,16,4096,4130,0.0061105056665837765,22.139228488212627,0.7144471406936646,0.575934886932373,1
kodak,10.png,3.0,60.0,3029397256,0.1237088069319725,-0.5301152467727661,-0.6546885967254639,-0.1010081097483635,SwinJSCC_author_Chase_wrapper,1,16,8192,8228,0.000797042332123965,30.98518611954428,0.9299746751785278,0.23896224796772003,0
kodak,10.png,3.0,60.0,3029397256,0.1237088069319725,-0.5301152467727661,-0.6546885967254639,-0.1010081097483635,same_codec_direct,0,4096,4096,12290,0.0025369448121637106,25.95688980170252,0.7899360656738281,0.6971918344497681,0
kodak,10.png,3.0,60.0,3029397256,0.1237088069319725,-0.5301152467727661,-0.6546885967254639,-0.1010081097483635,same_codec_full_HARQ,1,4096,8192,16388,0.001984015805646777,27.024548723643825,0.8481796979904175,0.6209774613380432,0
kodak,10.png,3.0,60.0,3029397256,0.1237088069319725,-0.5301152467727661,-0.6546885967254639,-0.1010081097483635,adaptive_HARQ,0,4096,4096,12290,0.0025369448121637106,25.95688980170252,0.7899360656738281,0.6971918344497681,0
kodak,10.png,3.0,60.0,3029397256,0.1237088069319725,-0.5301152467727661,-0.6546885967254639,-0.1010081097483635,FlowHARQ,0,4096,4096,12290,0.0023638331331312656,26.263831842705237,0.7794346809387207,0.7078026533126831,0
kodak,10.png,3.0,90.0,1340693343,-0.5741328597068787,0.3376255929470062,0.24184086918830872,0.2036132514476776,SwinJSCC_author_one_shot,0,16,4096,4130,0.001695743529126048,27.706398315061733,0.8458971977233887,0.4287908673286438,0
kodak,10.png,3.0,90.0,1340693343,-0.5741328597068787,0.3376255929470062,0.24184086918830872,0.2036132514476776,SwinJSCC_author_Chase_wrapper,1,16,8192,8228,0.0011976112145930529,29.216841458538184,0.8972119688987732,0.3486593961715698,0
kodak,10.png,3.0,90.0,1340693343,-0.5741328597068787,0.3376255929470062,0.24184086918830872,0.2036132514476776,same_codec_direct,0,4096,4096,12290,0.002231673104688525,26.513694204993413,0.822392463684082,0.6548774242401123,0
kodak,10.png,3.0,90.0,1340693343,-0.5741328597068787,0.3376255929470062,0.24184086918830872,0.2036132514476776,same_codec_full_HARQ,1,4096,8192,16388,0.002109117805957794,26.758991618211944,0.829107940196991,0.6371552348136902,0
kodak,10.png,3.0,90.0,1340693343,-0.5741328597068787,0.3376255929470062,0.24184086918830872,0.2036132514476776,adaptive_HARQ,0,4096,4096,12290,0.002231673104688525,26.513694204993413,0.822392463684082,0.6548774242401123,0
kodak,10.png,3.0,90.0,1340693343,-0.5741328597068787,0.3376255929470062,0.24184086918830872,0.2036132514476776,FlowHARQ,0,4096,4096,12290,0.002093640388920903,26.790979122079314,0.8207427859306335,0.6581245064735413,0
kodak,10.png,3.0,120.0,3380911068,-0.05906091630458832,-0.4211510419845581,0.28776437044143677,0.19223004579544067,SwinJSCC_author_one_shot,0,16,4096,4130,0.007713936269283295,21.12723953493431,0.5425612926483154,0.7386247515678406,1
kodak,10.png,3.0,120.0,3380911068,-0.05906091630458832,-0.4211510419845581,0.28776437044143677,0.19223004579544067,SwinJSCC_author_Chase_wrapper,1,16,8192,8228,0.0029942570254206657,25.23710922786933,0.7505737543106079,0.566822350025177,0
kodak,10.png,3.0,120.0,3380911068,-0.05906091630458832,-0.4211510419845581,0.28776437044143677,0.19223004579544067,same_codec_direct,0,4096,4096,12290,0.0031791802030056715,24.976848546102556,0.7581073641777039,0.7164797186851501,0
kodak,10.png,3.0,120.0,3380911068,-0.05906091630458832,-0.4211510419845581,0.28776437044143677,0.19223004579544067,same_codec_full_HARQ,1,4096,8192,16388,0.0027277744375169277,25.641915447896935,0.7986768484115601,0.6741952300071716,0
kodak,10.png,3.0,120.0,3380911068,-0.05906091630458832,-0.4211510419845581,0.28776437044143677,0.19223004579544067,adaptive_HARQ,0,4096,4096,12290,0.0031791802030056715,24.976848546102556,0.7581073641777039,0.7164797186851501,0
kodak,10.png,3.0,120.0,3380911068,-0.05906091630458832,-0.4211510419845581,0.28776437044143677,0.19223004579544067,FlowHARQ,0,4096,4096,12290,0.0031400311272591352,25.030660467261878,0.7388509511947632,0.7366543412208557,0
kodak,10.png,6.0,30.0,2785316571,0.9078188538551331,-0.1163480281829834,0.45190519094467163,-0.8595253229141235,SwinJSCC_author_one_shot,0,16,4096,4130,0.0003977757296524942,34.003617189480174,0.9689032435417175,0.1780843436717987,0
kodak,10.png,6.0,30.0,2785316571,0.9078188538551331,-0.1163480281829834,0.45190519094467163,-0.8595253229141235,SwinJSCC_author_Chase_wrapper,1,16,8192,8228,0.0002995189861394465,35.235756430100615,0.9775397181510925,0.1681051403284073,0
kodak,10.png,6.0,30.0,2785316571,0.9078188538551331,-0.1163480281829834,0.45190519094467163,-0.8595253229141235,same_codec_direct,0,4096,4096,12290,0.0017372551374137402,27.601363953502588,0.8784491419792175,0.5321211218833923,0
kodak,10.png,6.0,30.0,2785316571,0.9078188538551331,-0.1163480281829834,0.45190519094467163,-0.8595253229141235,same_codec_full_HARQ,1,4096,8192,16388,0.0015730494633316994,28.032576211057197,0.9010372161865234,0.5028423070907593,0
kodak,10.png,6.0,30.0,2785316571,0.9078188538551331,-0.1163480281829834,0.45190519094467163,-0.8595253229141235,adaptive_HARQ,0,4096,4096,12290,0.0017372551374137402,27.601363953502588,0.8784491419792175,0.5321211218833923,0
kodak,10.png,6.0,30.0,2785316571,0.9078188538551331,-0.1163480281829834,0.45190519094467163,-0.8595253229141235,FlowHARQ,0,4096,4096,12290,0.0017158777918666601,27.65513646678418,0.877373456954956,0.531005859375,0
kodak,10.png,6.0,60.0,1728991366,-1.482480764389038,-0.7648828625679016,-0.17159123718738556,-1.197533369064331,SwinJSCC_author_one_shot,0,16,4096,4130,0.0002710419939830899,35.669634163498756,0.9800443053245544,0.16489863395690918,0
kodak,10.png,6.0,60.0,1728991366,-1.482480764389038,-0.7648828625679016,-0.17159123718738556,-1.197533369064331,SwinJSCC_author_Chase_wrapper,1,16,8192,8228,0.00024832680355757475,36.0497640163391,0.9815306067466736,0.16340696811676025,0
kodak,10.png,6.0,60.0,1728991366,-1.482480764389038,-0.7648828625679016,-0.17159123718738556,-1.197533369064331,same_codec_direct,0,4096,4096,12290,0.0015818200772628188,28.008429164740626,0.9067389369010925,0.5003446340560913,0
kodak,10.png,6.0,60.0,1728991366,-1.482480764389038,-0.7648828625679016,-0.17159123718738556,-1.197533369064331,same_codec_full_HARQ,1,4096,8192,16388,0.0015161940827965736,28.19245202600683,0.9112631678581238,0.49125993251800537,0
kodak,10.png,6.0,60.0,1728991366,-1.482480764389038,-0.7648828625679016,-0.17159123718738556,-1.197533369064331,adaptive_HARQ,0,4096,4096,12290,0.0015818200772628188,28.008429164740626,0.9067389369010925,0.5003446340560913,0
kodak,10.png,6.0,60.0,1728991366,-1.482480764389038,-0.7648828625679016,-0.17159123718738556,-1.197533369064331,FlowHARQ,0,4096,4096,12290,0.0015677721239626408,28.047170618668545,0.9065484404563904,0.49946388602256775,0
kodak,10.png,6.0,90.0,3882097932,0.26238757371902466,0.054963983595371246,-0.37657058238983154,-0.35569992661476135,SwinJSCC_author_one_shot,0,16,4096,4130,0.017406737431883812,17.592826216516848,0.4460574984550476,0.8125941753387451,1
kodak,10.png,6.0,90.0,3882097932,0.26238757371902466,0.054963983595371246,-0.37657058238983154,-0.35569992661476135,SwinJSCC_author_Chase_wrapper,1,16,8192,8228,0.0007367936777882278,31.326541093495706,0.9192220568656921,0.28251001238822937,0
kodak,10.png,6.0,90.0,3882097932,0.26238757371902466,0.054963983595371246,-0.37657058238983154,-0.35569992661476135,same_codec_direct,0,4096,4096,12290,0.0037357329856604338,24.27624172859083,0.7029017806053162,0.7470495700836182,0
kodak,10.png,6.0,90.0,3882097932,0.26238757371902466,0.054963983595371246,-0.37657058238983154,-0.35569992661476135,same_codec_full_HARQ,1,4096,8192,16388,0.0020136511884629726,26.960157572409607,0.8331367373466492,0.6109254956245422,0
kodak,10.png,6.0,90.0,3882097932,0.26238757371902466,0.054963983595371246,-0.37657058238983154,-0.35569992661476135,adaptive_HARQ,1,4096,8192,16388,0.0020136511884629726,26.960157572409607,0.8331367373466492,0.6109254956245422,0
kodak,10.png,6.0,90.0,3882097932,0.26238757371902466,0.054963983595371246,-0.37657058238983154,-0.35569992661476135,FlowHARQ,0,4096,4096,12290,0.0038613718934357166,24.132583689304536,0.6939082145690918,0.7753168344497681,0
kodak,10.png,6.0,120.0,3080173786,1.3322906494140625,-1.3681204319000244,-0.07587772607803345,1.9962007999420166,SwinJSCC_author_one_shot,0,16,4096,4130,0.0002589895739220083,35.86717718850329,0.9806646704673767,0.16480107605457306,0
kodak,10.png,6.0,120.0,3080173786,1.3322906494140625,-1.3681204319000244,-0.07587772607803345,1.9962007999420166,SwinJSCC_author_Chase_wrapper,1,16,8192,8228,0.000239139684708789,36.2134834768213,0.9825429320335388,0.16215147078037262,0
kodak,10.png,6.0,120.0,3080173786,1.3322906494140625,-1.3681204319000244,-0.07587772607803345,1.9962007999420166,same_codec_direct,0,4096,4096,12290,0.0015425070887431502,28.11772831447097,0.9077884554862976,0.49032965302467346,0
kodak,10.png,6.0,120.0,3080173786,1.3322906494140625,-1.3681204319000244,-0.07587772607803345,1.9962007999420166,same_codec_full_HARQ,1,4096,8192,16388,0.0014619500143453479,28.350674761230998,0.9144920110702515,0.47982528805732727,0
kodak,10.png,6.0,120.0,3080173786,1.3322906494140625,-1.3681204319000244,-0.07587772607803345,1.9962007999420166,adaptive_HARQ,0,4096,4096,12290,0.0015425070887431502,28.11772831447097,0.9077884554862976,0.49032965302467346,0
kodak,10.png,6.0,120.0,3080173786,1.3322906494140625,-1.3681204319000244,-0.07587772607803345,1.9962007999420166,FlowHARQ,0,4096,4096,12290,0.0015372976195067167,28.132420453194577,0.9076166152954102,0.4898116886615753,0
kodak,10.png,9.0,30.0,2130124702,1.3495842218399048,0.07374006509780884,1.688991904258728,0.1516285240650177,SwinJSCC_author_one_shot,0,16,4096,4130,0.00025788170751184225,35.885794628578765,0.9804888963699341,0.16595248878002167,0
kodak,10.png,9.0,30.0,2130124702,1.3495842218399048,0.07374006509780884,1.688991904258728,0.1516285240650177,SwinJSCC_author_Chase_wrapper,1,16,8192,8228,0.00023993049398995936,36.19914551823953,0.9826260805130005,0.16326984763145447,0
kodak,10.png,9.0,30.0,2130124702,1.3495842218399048,0.07374006509780884,1.688991904258728,0.1516285240650177,same_codec_direct,0,4096,4096,12290,0.001543763093650341,28.114193458490682,0.9075288772583008,0.4896531403064728,0
kodak,10.png,9.0,30.0,2130124702,1.3495842218399048,0.07374006509780884,1.688991904258728,0.1516285240650177,same_codec_full_HARQ,1,4096,8192,16388,0.0014717674348503351,28.32160810746339,0.9160060882568359,0.47608840465545654,0
kodak,10.png,9.0,30.0,2130124702,1.3495842218399048,0.07374006509780884,1.688991904258728,0.1516285240650177,adaptive_HARQ,0,4096,4096,12290,0.001543763093650341,28.114193458490682,0.9075288772583008,0.4896531403064728,0
kodak,10.png,9.0,30.0,2130124702,1.3495842218399048,0.07374006509780884,1.688991904258728,0.1516285240650177,FlowHARQ,0,4096,4096,12290,0.0015375835355371237,28.131612800811347,0.9072494506835938,0.48853790760040283,0
kodak,10.png,9.0,60.0,1595998173,0.004734797868877649,-0.06726367026567459,-1.1030861139297485,-1.1219342947006226,SwinJSCC_author_one_shot,0,16,4096,4130,0.1371428370475769,8.628268706110319,0.05527915060520172,0.8456973433494568,1
kodak,10.png,9.0,60.0,1595998173,0.004734797868877649,-0.06726367026567459,-1.1030861139297485,-1.1219342947006226,SwinJSCC_author_Chase_wrapper,1,16,8192,8228,0.0002459858951624483,36.090897946394506,0.9816716909408569,0.16024070978164673,0
kodak,10.png,9.0,60.0,1595998173,0.004734797868877649,-0.06726367026567459,-1.1030861139297485,-1.1219342947006226,same_codec_direct,0,4096,4096,12290,0.008199360221624374,20.862200333550636,0.5603623390197754,0.7602885961532593,1
kodak,10.png,9.0,60.0,1595998173,0.004734797868877649,-0.06726367026567459,-1.1030861139297485,-1.1219342947006226,same_codec_full_HARQ,1,4096,8192,16388,0.0015192324062809348,28.18375784369719,0.9123082160949707,0.478606253862381,0
kodak,10.png,9.0,60.0,1595998173,0.004734797868877649,-0.06726367026567459,-1.1030861139297485,-1.1219342947006226,adaptive_HARQ,1,4096,8192,16388,0.0015192324062809348,28.18375784369719,0.9123082160949707,0.478606253862381,0
kodak,10.png,9.0,60.0,1595998173,0.004734797868877649,-0.06726367026567459,-1.1030861139297485,-1.1219342947006226,FlowHARQ,1,4096,8192,16388,0.0015192324062809348,28.18375784369719,0.9123082160949707,0.478606253862381,0
kodak,10.png,9.0,90.0,1987348925,0.78203946352005,-1.1441714763641357,0.13393110036849976,1.0692973136901855,SwinJSCC_author_one_shot,0,16,4096,4130,0.00025815918343141675,35.88112421294075,0.9803837537765503,0.1662851870059967,0
kodak,10.png,9.0,90.0,1987348925,0.78203946352005,-1.1441714763641357,0.13393110036849976,1.0692973136901855,SwinJSCC_author_Chase_wrapper,1,16,8192,8228,0.0002413228212390095,36.17401606108112,0.9819096326828003,0.16240575909614563,0
kodak,10.png,9.0,90.0,1987348925,0.78203946352005,-1.1441714763641357,0.13393110036849976,1.0692973136901855,same_codec_direct,0,4096,4096,12290,0.0014403276145458221,28.41538712761214,0.9091331362724304,0.48583918809890747,0
kodak,10.png,9.0,90.0,1987348925,0.78203946352005,-1.1441714763641357,0.13393110036849976,1.0692973136901855,same_codec_full_HARQ,1,4096,8192,16388,0.0014429378788918257,28.407523656738142,0.9132747650146484,0.47476089000701904,0
kodak,10.png,9.0,90.0,1987348925,0.78203946352005,-1.1441714763641357,0.13393110036849976,1.0692973136901855,adaptive_HARQ,0,4096,4096,12290,0.0014403276145458221,28.41538712761214,0.9091331362724304,0.48583918809890747,0
kodak,10.png,9.0,90.0,1987348925,0.78203946352005,-1.1441714763641357,0.13393110036849976,1.0692973136901855,FlowHARQ,0,4096,4096,12290,0.0014318557223305106,28.441007405145182,0.909089982509613,0.4835417866706848,0
kodak,10.png,9.0,120.0,2042583974,0.7072463035583496,-0.2231130599975586,0.0061653852462768555,0.13046230375766754,SwinJSCC_author_one_shot,0,16,4096,4130,0.0003553615533746779,34.49329560381102,0.9724542498588562,0.18712851405143738,0
kodak,10.png,9.0,120.0,2042583974,0.7072463035583496,-0.2231130599975586,0.0061653852462768555,0.13046230375766754,SwinJSCC_author_Chase_wrapper,1,16,8192,8228,0.0003459578729234636,34.609767817585315,0.9730757474899292,0.18363656103610992,0
kodak,10.png,9.0,120.0,2042583974,0.7072463035583496,-0.2231130599975586,0.0061653852462768555,0.13046230375766754,same_codec_direct,0,4096,4096,12290,0.001603426644578576,27.949509038886223,0.8844380378723145,0.5251355767250061,0
kodak,10.png,9.0,120.0,2042583974,0.7072463035583496,-0.2231130599975586,0.0061653852462768555,0.13046230375766754,same_codec_full_HARQ,1,4096,8192,16388,0.0015962987672537565,27.96885821740629,0.8857507705688477,0.5245764255523682,0
kodak,10.png,9.0,120.0,2042583974,0.7072463035583496,-0.2231130599975586,0.0061653852462768555,0.13046230375766754,adaptive_HARQ,0,4096,4096,12290,0.001603426644578576,27.949509038886223,0.8844380378723145,0.5251355767250061,0
kodak,10.png,9.0,120.0,2042583974,0.7072463035583496,-0.2231130599975586,0.0061653852462768555,0.13046230375766754,FlowHARQ,0,4096,4096,12290,0.0016027037054300308,27.95146758987455,0.8838819861412048,0.5251221060752869,0
kodak,10.png,12.0,30.0,1948984730,0.17169904708862305,-0.8264248967170715,1.0321378707885742,0.19748824834823608,SwinJSCC_author_one_shot,0,16,4096,4130,0.0002697073796298355,35.691071703855606,0.9792990684509277,0.16200421750545502,0
kodak,10.png,12.0,30.0,1948984730,0.17169904708862305,-0.8264248967170715,1.0321378707885742,0.19748824834823608,SwinJSCC_author_Chase_wrapper,1,16,8192,8228,0.00023871577286627144,36.221188845438306,0.9827102422714233,0.1595694124698639,0
kodak,10.png,12.0,30.0,1948984730,0.17169904708862305,-0.8264248967170715,1.0321378707885742,0.19748824834823608,same_codec_direct,0,4096,4096,12290,0.0014932884369045496,28.258562977958853,0.9040693640708923,0.49120205640792847,0
kodak,10.png,12.0,30.0,1948984730,0.17169904708862305,-0.8264248967170715,1.0321378707885742,0.19748824834823608,same_codec_full_HARQ,1,4096,8192,16388,0.0014530415646731853,28.377219624053353,0.9137471914291382,0.48120197653770447,0
kodak,10.png,12.0,30.0,1948984730,0.17169904708862305,-0.8264248967170715,1.0321378707885742,0.19748824834823608,adaptive_HARQ,0,4096,4096,12290,0.0014932884369045496,28.258562977958853,0.9040693640708923,0.49120205640792847,0
kodak,10.png,12.0,30.0,1948984730,0.17169904708862305,-0.8264248967170715,1.0321378707885742,0.19748824834823608,FlowHARQ,0,4096,4096,12290,0.0014924159040674567,28.261101315074256,0.9038549661636353,0.49031469225883484,0
kodak,10.png,12.0,60.0,1241432671,-0.08128359168767929,0.9921149015426636,-0.5197187066078186,-0.9940524101257324,SwinJSCC_author_one_shot,0,16,4096,4130,0.0002537304535508156,35.956274042195794,0.9804667830467224,0.16560524702072144,0
kodak,10.png,12.0,60.0,1241432671,-0.08128359168767929,0.9921149015426636,-0.5197187066078186,-0.9940524101257324,SwinJSCC_author_Chase_wrapper,1,16,8192,8228,0.00023600945132784545,36.27070604753027,0.9824804067611694,0.16260312497615814,0
kodak,10.png,12.0,60.0,1241432671,-0.08128359168767929,0.9921149015426636,-0.5197187066078186,-0.9940524101257324,same_codec_direct,0,4096,4096,12290,0.0014844832476228476,28.284246990487432,0.909396767616272,0.48419272899627686,0
kodak,10.png,12.0,60.0,1241432671,-0.08128359168767929,0.9921149015426636,-0.5197187066078186,-0.9940524101257324,same_codec_full_HARQ,1,4096,8192,16388,0.0014399029314517975,28.41666784124033,0.9158886671066284,0.47752779722213745,0
kodak,10.png,12.0,60.0,1241432671,-0.08128359168767929,0.9921149015426636,-0.5197187066078186,-0.9940524101257324,adaptive_HARQ,0,4096,4096,12290,0.0014844832476228476,28.284246990487432,0.909396767616272,0.48419272899627686,0
kodak,10.png,12.0,60.0,1241432671,-0.08128359168767929,0.9921149015426636,-0.5197187066078186,-0.9940524101257324,FlowHARQ,0,4096,4096,12290,0.0014873053878545761,28.275998487995686,0.9092513918876648,0.48254820704460144,0
kodak,10.png,12.0,90.0,1047867984,1.2581665515899658,0.168335422873497,-0.7887751460075378,0.5665972828865051,SwinJSCC_author_one_shot,0,16,4096,4130,0.00024490526993758976,36.110018695090524,0.9823341369628906,0.16028666496276855,0
kodak,10.png,12.0,90.0,1047867984,1.2581665515899658,0.168335422873497,-0.7887751460075378,0.5665972828865051,SwinJSCC_author_Chase_wrapper,1,16,8192,8228,0.00023532574414275587,36.28330559319711,0.9831508994102478,0.15959501266479492,0
kodak,10.png,12.0,90.0,1047867984,1.2581665515899658,0.168335422873497,-0.7887751460075378,0.5665972828865051,same_codec_direct,0,4096,4096,12290,0.001487931003794074,28.27417206805083,0.9142264723777771,0.47719883918762207,0
kodak,10.png,12.0,90.0,1047867984,1.2581665515899658,0.168335422873497,-0.7887751460075378,0.5665972828865051,same_codec_full_HARQ,1,4096,8192,16388,0.001464224886149168,28.343922160965672,0.9156818389892578,0.4765833616256714,0
kodak,10.png,12.0,90.0,1047867984,1.2581665515899658,0.168335422873497,-0.7887751460075378,0.5665972828865051,adaptive_HARQ,0,4096,4096,12290,0.001487931003794074,28.27417206805083,0.9142264723777771,0.47719883918762207,0
kodak,10.png,12.0,90.0,1047867984,1.2581665515899658,0.168335422873497,-0.7887751460075378,0.5665972828865051,FlowHARQ,0,4096,4096,12290,0.001490281312726438,28.267317443171805,0.9139761328697205,0.4767301380634308,0
kodak,10.png,12.0,120.0,1629249622,0.20106656849384308,-1.2977046966552734,0.12329612672328949,1.4048008918762207,SwinJSCC_author_one_shot,0,16,4096,4130,0.00024022793513722718,36.1937649164366,0.9824010729789734,0.16234417259693146,0
kodak,10.png,12.0,120.0,1629249622,0.20106656849384308,-1.2977046966552734,0.12329612672328949,1.4048008918762207,SwinJSCC_author_Chase_wrapper,1,16,8192,8228,0.00023081146355252713,36.367426251784806,0.983433723449707,0.16203874349594116,0
kodak,10.png,12.0,120.0,1629249622,0.20106656849384308,-1.2977046966552734,0.12329612672328949,1.4048008918762207,same_codec_direct,0,4096,4096,12290,0.001445468980818987,28.399912236776487,0.9134084582328796,0.47201302647590637,0
kodak,10.png,12.0,120.0,1629249622,0.20106656849384308,-1.2977046966552734,0.12329612672328949,1.4048008918762207,same_codec_full_HARQ,1,4096,8192,16388,0.0014332984574139118,28.436633665379574,0.9176386594772339,0.468354195356369,0
kodak,10.png,12.0,120.0,1629249622,0.20106656849384308,-1.2977046966552734,0.12329612672328949,1.4048008918762207,adaptive_HARQ,0,4096,4096,12290,0.001445468980818987,28.399912236776487,0.9134084582328796,0.47201302647590637,0
kodak,10.png,12.0,120.0,1629249622,0.20106656849384308,-1.2977046966552734,0.12329612672328949,1.4048008918762207,FlowHARQ,0,4096,4096,12290,0.0014490642352029681,28.38912362371569,0.9130991697311401,0.4710969924926758,0
kodak,10.png,15.0,30.0,4177057734,-0.7887107133865356,0.6999415755271912,0.09237033128738403,0.8977341651916504,SwinJSCC_author_one_shot,0,16,4096,4130,0.00023191356740426272,36.34673843529121,0.9827429056167603,0.16459672152996063,0
kodak,10.png,15.0,30.0,4177057734,-0.7887107133865356,0.6999415755271912,0.09237033128738403,0.8977341651916504,SwinJSCC_author_Chase_wrapper,1,16,8192,8228,0.0002289558033226058,36.40248343972743,0.9834036231040955,0.1634981334209442,0
kodak,10.png,15.0,30.0,4177057734,-0.7887107133865356,0.6999415755271912,0.09237033128738403,0.8977341651916504,same_codec_direct,0,4096,4096,12290,0.0014927920419722795,28.260006888017138,0.9156935214996338,0.48118048906326294,0
kodak,10.png,15.0,30.0,4177057734,-0.7887107133865356,0.6999415755271912,0.09237033128738403,0.8977341651916504,same_codec_full_HARQ,1,4096,8192,16388,0.0014655034756287932,28.34013147239455,0.9176196455955505,0.4763046205043793,0
kodak,10.png,15.0,30.0,4177057734,-0.7887107133865356,0.6999415755271912,0.09237033128738403,0.8977341651916504,adaptive_HARQ,0,4096,4096,12290,0.0014927920419722795,28.260006888017138,0.9156935214996338,0.48118048906326294,0
kodak,10.png,15.0,30.0,4177057734,-0.7887107133865356,0.6999415755271912,0.09237033128738403,0.8977341651916504,FlowHARQ,0,4096,4096,12290,0.0014924556016921997,28.26098579613592,0.9153320789337158,0.4797268807888031,0
kodak,10.png,15.0,60.0,1135222617,-0.7213346362113953,-0.2561304271221161,0.8097733855247498,1.289626121520996,SwinJSCC_author_one_shot,0,16,4096,4130,0.00024914307869039476,36.035511732263025,0.9815382957458496,0.16209296882152557,0
kodak,10.png,15.0,60.0,1135222617,-0.7213346362113953,-0.2561304271221161,0.8097733855247498,1.289626121520996,SwinJSCC_author_Chase_wrapper,1,16,8192,8228,0.00022821323364041746,36.41659175297435,0.9837319254875183,0.1618034839630127,0
kodak,10.png,15.0,60.0,1135222617,-0.7213346362113953,-0.2561304271221161,0.8097733855247498,1.289626121520996,same_codec_direct,0,4096,4096,12290,0.0014891152968630195,28.270716750800187,0.9101881980895996,0.48917198181152344,0
kodak,10.png,15.0,60.0,1135222617,-0.7213346362113953,-0.2561304271221161,0.8097733855247498,1.289626121520996,same_codec_full_HARQ,1,4096,8192,16388,0.001443229615688324,28.40664567802376,0.9181076288223267,0.47030797600746155,0
kodak,10.png,15.0,60.0,1135222617,-0.7213346362113953,-0.2561304271221161,0.8097733855247498,1.289626121520996,adaptive_HARQ,0,4096,4096,12290,0.0014891152968630195,28.270716750800187,0.9101881980895996,0.48917198181152344,0
kodak,10.png,15.0,60.0,1135222617,-0.7213346362113953,-0.2561304271221161,0.8097733855247498,1.289626121520996,FlowHARQ,0,4096,4096,12290,0.0014982050051912665,28.24428756375063,0.9098758697509766,0.4878799319267273,0
kodak,10.png,15.0,90.0,3732593806,-0.9458635449409485,-0.03363753482699394,-1.137012004852295,0.04951469972729683,SwinJSCC_author_one_shot,0,16,4096,4130,0.00023883457470219582,36.219028026872934,0.9823929667472839,0.162765771150589,0
kodak,10.png,15.0,90.0,3732593806,-0.9458635449409485,-0.03363753482699394,-1.137012004852295,0.04951469972729683,SwinJSCC_author_Chase_wrapper,1,16,8192,8228,0.00023161794524639845,36.352277954646055,0.9832934141159058,0.16194702684879303,0
kodak,10.png,15.0,90.0,3732593806,-0.9458635449409485,-0.03363753482699394,-1.137012004852295,0.04951469972729683,same_codec_direct,0,4096,4096,12290,0.0014655360719189048,28.34003487602526,0.9152497053146362,0.47603994607925415,0
kodak,10.png,15.0,90.0,3732593806,-0.9458635449409485,-0.03363753482699394,-1.137012004852295,0.04951469972729683,same_codec_full_HARQ,1,4096,8192,16388,0.0014536429662257433,28.375422487992424,0.9182213544845581,0.471134752035141,0
kodak,10.png,15.0,90.0,3732593806,-0.9458635449409485,-0.03363753482699394,-1.137012004852295,0.04951469972729683,adaptive_HARQ,0,4096,4096,12290,0.0014655360719189048,28.34003487602526,0.9152497053146362,0.47603994607925415,0
kodak,10.png,15.0,90.0,3732593806,-0.9458635449409485,-0.03363753482699394,-1.137012004852295,0.04951469972729683,FlowHARQ,0,4096,4096,12290,0.001467889524064958,28.33306628952933,0.9149293899536133,0.47478991746902466,0
kodak,10.png,15.0,120.0,2096646073,0.9790138602256775,-0.8102384209632874,-0.9741502404212952,0.7962533235549927,SwinJSCC_author_one_shot,0,16,4096,4130,0.00023110429174266756,36.361919893419575,0.9833494424819946,0.16158261895179749,0
kodak,10.png,15.0,120.0,2096646073,0.9790138602256775,-0.8102384209632874,-0.9741502404212952,0.7962533235549927,SwinJSCC_author_Chase_wrapper,1,16,8192,8228,0.0002267882227897644,36.44379502293335,0.983913779258728,0.1614077389240265,0
kodak,10.png,15.0,120.0,2096646073,0.9790138602256775,-0.8102384209632874,-0.9741502404212952,0.7962533235549927,same_codec_direct,0,4096,4096,12290,0.001454121433198452,28.373993241744433,0.91733717918396,0.47409695386886597,0
kodak,10.png,15.0,120.0,2096646073,0.9790138602256775,-0.8102384209632874,-0.9741502404212952,0.7962533235549927,same_codec_full_HARQ,1,4096,8192,16388,0.0014589939964935184,28.359464951491127,0.9187755584716797,0.47128531336784363,0
kodak,10.png,15.0,120.0,2096646073,0.9790138602256775,-0.8102384209632874,-0.9741502404212952,0.7962533235549927,adaptive_HARQ,0,4096,4096,12290,0.001454121433198452,28.373993241744433,0.91733717918396,0.47409695386886597,0
kodak,10.png,15.0,120.0,2096646073,0.9790138602256775,-0.8102384209632874,-0.9741502404212952,0.7962533235549927,FlowHARQ,0,4096,4096,12290,0.001458613551221788,28.360597559495552,0.9170589447021484,0.47238656878471375,0
kodak,11.png,0.0,30.0,1722528733,-0.6082811951637268,-0.4759407043457031,0.3732050359249115,0.22871890664100647,SwinJSCC_author_one_shot,0,16,4096,4130,0.06430273503065109,11.9177055454921,0.3218103349208832,0.5996611714363098,1
kodak,11.png,0.0,30.0,1722528733,-0.6082811951637268,-0.4759407043457031,0.3732050359249115,0.22871890664100647,SwinJSCC_author_Chase_wrapper,1,16,8192,8228,0.05482849106192589,12.609937061956115,0.3996339440345764,0.603846549987793,1
kodak,11.png,0.0,30.0,1722528733,-0.6082811951637268,-0.4759407043457031,0.3732050359249115,0.22871890664100647,same_codec_direct,0,4096,4096,12290,0.014166559092700481,18.48735622478101,0.6830344200134277,0.6562544107437134,1
kodak,11.png,0.0,30.0,1722528733,-0.6082811951637268,-0.4759407043457031,0.3732050359249115,0.22871890664100647,same_codec_full_HARQ,1,4096,8192,16388,0.013653552159667015,18.647543462313088,0.7072617411613464,0.6366585493087769,1
kodak,11.png,0.0,30.0,1722528733,-0.6082811951637268,-0.4759407043457031,0.3732050359249115,0.22871890664100647,adaptive_HARQ,1,4096,8192,16388,0.013653552159667015,18.647543462313088,0.7072617411613464,0.6366585493087769,1
kodak,11.png,0.0,30.0,1722528733,-0.6082811951637268,-0.4759407043457031,0.3732050359249115,0.22871890664100647,FlowHARQ,1,4096,8192,16388,0.013653552159667015,18.647543462313088,0.7072617411613464,0.6366585493087769,1
kodak,11.png,0.0,60.0,2466795021,-0.39212659001350403,-0.470175564289093,0.6732838749885559,-0.5533357858657837,SwinJSCC_author_one_shot,0,16,4096,4130,0.1097826361656189,9.594663448931186,0.28764793276786804,0.6228311061859131,1
kodak,11.png,0.0,60.0,2466795021,-0.39212659001350403,-0.470175564289093,0.6732838749885559,-0.5533357858657837,SwinJSCC_author_Chase_wrapper,1,16,8192,8228,0.029644425958395004,15.280569550176242,0.5819931030273438,0.519326388835907,1
kodak,11.png,0.0,60.0,2466795021,-0.39212659001350403,-0.470175564289093,0.6732838749885559,-0.5533357858657837,same_codec_direct,0,4096,4096,12290,0.01612354815006256,17.925393811146286,0.6380497217178345,0.6395364999771118,1
kodak,11.png,0.0,60.0,2466795021,-0.39212659001350403,-0.470175564289093,0.6732838749885559,-0.5533357858657837,same_codec_full_HARQ,1,4096,8192,16388,0.013066483661532402,18.838412702509814,0.7379216551780701,0.5923377871513367,1
kodak,11.png,0.0,60.0,2466795021,-0.39212659001350403,-0.470175564289093,0.6732838749885559,-0.5533357858657837,adaptive_HARQ,1,4096,8192,16388,0.013066483661532402,18.838412702509814,0.7379216551780701,0.5923377871513367,1
kodak,11.png,0.0,60.0,2466795021,-0.39212659001350403,-0.470175564289093,0.6732838749885559,-0.5533357858657837,FlowHARQ,1,4096,8192,16388,0.013066483661532402,18.838412702509814,0.7379216551780701,0.5923377871513367,1
kodak,11.png,0.0,90.0,1187169525,-0.14655843377113342,-0.29309770464897156,-0.7310493588447571,-0.13301639258861542,SwinJSCC_author_one_shot,0,16,4096,4130,0.1718241423368454,7.649158152018502,0.1307782530784607,0.7182794213294983,1
kodak,11.png,0.0,90.0,1187169525,-0.14655843377113342,-0.29309770464897156,-0.7310493588447571,-0.13301639258861542,SwinJSCC_author_Chase_wrapper,1,16,8192,8228,0.051421504467725754,12.888552211106374,0.41485607624053955,0.6332566738128662,1
kodak,11.png,0.0,90.0,1187169525,-0.14655843377113342,-0.29309770464897156,-0.7310493588447571,-0.13301639258861542,same_codec_direct,0,4096,4096,12290,0.02256663888692856,16.465331206546537,0.45893406867980957,0.7497445940971375,1
kodak,11.png,0.0,90.0,1187169525,-0.14655843377113342,-0.29309770464897156,-0.7310493588447571,-0.13301639258861542,same_codec_full_HARQ,1,4096,8192,16388,0.014590381644666195,18.359333479965535,0.7027648687362671,0.6221309304237366,1
kodak,11.png,0.0,90.0,1187169525,-0.14655843377113342,-0.29309770464897156,-0.7310493588447571,-0.13301639258861542,adaptive_HARQ,1,4096,8192,16388,0.014590381644666195,18.359333479965535,0.7027648687362671,0.6221309304237366,1
kodak,11.png,0.0,90.0,1187169525,-0.14655843377113342,-0.29309770464897156,-0.7310493588447571,-0.13301639258861542,FlowHARQ,1,4096,8192,16388,0.014590381644666195,18.359333479965535,0.7027648687362671,0.6221309304237366,1
kodak,11.png,0.0,120.0,76026309,0.25643566250801086,-0.43257662653923035,1.29783034324646,-0.2087767869234085,SwinJSCC_author_one_shot,0,16,4096,4130,0.12902288138866425,8.893332635020844,0.23865818977355957,0.6309877038002014,1
kodak,11.png,0.0,120.0,76026309,0.25643566250801086,-0.43257662653923035,1.29783034324646,-0.2087767869234085,SwinJSCC_author_Chase_wrapper,1,16,8192,8228,0.014614555053412914,18.352144023926954,0.7640504240989685,0.4026133120059967,1
kodak,11.png,0.0,120.0,76026309,0.25643566250801086,-0.43257662653923035,1.29783034324646,-0.2087767869234085,same_codec_direct,0,4096,4096,12290,0.018412921577692032,17.34877296536585,0.5888241529464722,0.6926937103271484,1
kodak,11.png,0.0,120.0,76026309,0.25643566250801086,-0.43257662653923035,1.29783034324646,-0.2087767869234085,same_codec_full_HARQ,1,4096,8192,16388,0.0116238072514534,19.346516002176248,0.7725531458854675,0.5745457410812378,1
kodak,11.png,0.0,120.0,76026309,0.25643566250801086,-0.43257662653923035,1.29783034324646,-0.2087767869234085,adaptive_HARQ,1,4096,8192,16388,0.0116238072514534,19.346516002176248,0.7725531458854675,0.5745457410812378,1
kodak,11.png,0.0,120.0,76026309,0.25643566250801086,-0.43257662653923035,1.29783034324646,-0.2087767869234085,FlowHARQ,1,4096,8192,16388,0.0116238072514534,19.346516002176248,0.7725531458854675,0.5745457410812378,1
kodak,11.png,3.0,30.0,2363744434,0.4048227071762085,1.2894749641418457,-0.508989691734314,0.8209526538848877,SwinJSCC_author_one_shot,0,16,4096,4130,0.005903236102312803,22.28909846648183,0.8927132487297058,0.2932242155075073,1
kodak,11.png,3.0,30.0,2363744434,0.4048227071762085,1.2894749641418457,-0.508989691734314,0.8209526538848877,SwinJSCC_author_Chase_wrapper,1,16,8192,8228,0.0047145201824605465,23.265625007449625,0.913346529006958,0.2811930477619171,1
kodak,11.png,3.0,30.0,2363744434,0.4048227071762085,1.2894749641418457,-0.508989691734314,0.8209526538848877,same_codec_direct,0,4096,4096,12290,0.011037543416023254,19.57127575119721,0.7944843173027039,0.55153489112854,1
kodak,11.png,3.0,30.0,2363744434,0.4048227071762085,1.2894749641418457,-0.508989691734314,0.8209526538848877,same_codec_full_HARQ,1,4096,8192,16388,0.010598108172416687,19.747716520566478,0.8048006296157837,0.5401011109352112,1
kodak,11.png,3.0,30.0,2363744434,0.4048227071762085,1.2894749641418457,-0.508989691734314,0.8209526538848877,adaptive_HARQ,1,4096,8192,16388,0.010598108172416687,19.747716520566478,0.8048006296157837,0.5401011109352112,1
kodak,11.png,3.0,30.0,2363744434,0.4048227071762085,1.2894749641418457,-0.508989691734314,0.8209526538848877,FlowHARQ,1,4096,8192,16388,0.010598108172416687,19.747716520566478,0.8048006296157837,0.5401011109352112,1
kodak,11.png,3.0,60.0,457747719,-0.1515643149614334,0.8258695602416992,-0.24664264917373657,-0.02057047188282013,SwinJSCC_author_one_shot,0,16,4096,4130,0.025943469256162643,15.859719489125425,0.604524552822113,0.46343857049942017,1
kodak,11.png,3.0,60.0,457747719,-0.1515643149614334,0.8258695602416992,-0.24664264917373657,-0.02057047188282013,SwinJSCC_author_Chase_wrapper,1,16,8192,8228,0.02432059310376644,16.140258381759423,0.6289628744125366,0.46012604236602783,1
kodak,11.png,3.0,60.0,457747719,-0.1515643149614334,0.8258695602416992,-0.24664264917373657,-0.02057047188282013,same_codec_direct,0,4096,4096,12290,0.012268423102796078,19.112112548577088,0.747673511505127,0.589978814125061,1
kodak,11.png,3.0,60.0,457747719,-0.1515643149614334,0.8258695602416992,-0.24664264917373657,-0.02057047188282013,same_codec_full_HARQ,1,4096,8192,16388,0.012124823406338692,19.163245780214638,0.7518016695976257,0.584887683391571,1
kodak,11.png,3.0,60.0,457747719,-0.1515643149614334,0.8258695602416992,-0.24664264917373657,-0.02057047188282013,adaptive_HARQ,1,4096,8192,16388,0.012124823406338692,19.163245780214638,0.7518016695976257,0.584887683391571,1
kodak,11.png,3.0,60.0,457747719,-0.1515643149614334,0.8258695602416992,-0.24664264917373657,-0.02057047188282013,FlowHARQ,1,4096,8192,16388,0.012124823406338692,19.163245780214638,0.7518016695976257,0.584887683391571,1
kodak,11.png,3.0,90.0,957203485,0.91175776720047,-0.3002129793167114,-0.07675962150096893,1.0041571855545044,SwinJSCC_author_one_shot,0,16,4096,4130,0.015313200652599335,18.149340267749082,0.7461721897125244,0.41247114539146423,1
kodak,11.png,3.0,90.0,957203485,0.91175776720047,-0.3002129793167114,-0.07675962150096893,1.0041571855545044,SwinJSCC_author_Chase_wrapper,1,16,8192,8228,0.007346200756728649,21.339372074434728,0.8881639242172241,0.3089844882488251,1
kodak,11.png,3.0,90.0,957203485,0.91175776720047,-0.3002129793167114,-0.07675962150096893,1.0041571855545044,same_codec_direct,0,4096,4096,12290,0.01188281737267971,19.250805775076138,0.7572497129440308,0.5717835426330566,1
kodak,11.png,3.0,90.0,957203485,0.91175776720047,-0.3002129793167114,-0.07675962150096893,1.0041571855545044,same_codec_full_HARQ,1,4096,8192,16388,0.010793386027216911,19.668422900484156,0.7950378656387329,0.5597648024559021,1
kodak,11.png,3.0,90.0,957203485,0.91175776720047,-0.3002129793167114,-0.07675962150096893,1.0041571855545044,adaptive_HARQ,1,4096,8192,16388,0.010793386027216911,19.668422900484156,0.7950378656387329,0.5597648024559021,1
kodak,11.png,3.0,90.0,957203485,0.91175776720047,-0.3002129793167114,-0.07675962150096893,1.0041571855545044,FlowHARQ,1,4096,8192,16388,0.010793386027216911,19.668422900484156,0.7950378656387329,0.5597648024559021,1
kodak,11.png,3.0,120.0,3953702001,0.6847169399261475,-0.4187406599521637,0.20851457118988037,0.04162445664405823,SwinJSCC_author_one_shot,0,16,4096,4130,0.02761395089328289,15.588714518034408,0.6022554039955139,0.4751583933830261,1
kodak,11.png,3.0,120.0,3953702001,0.6847169399261475,-0.4187406599521637,0.20851457118988037,0.04162445664405823,SwinJSCC_author_Chase_wrapper,1,16,8192,8228,0.022847061976790428,16.41169640202698,0.6365498304367065,0.4564402103424072,1
kodak,11.png,3.0,120.0,3953702001,0.6847169399261475,-0.4187406599521637,0.20851457118988037,0.04162445664405823,same_codec_direct,0,4096,4096,12290,0.012121866457164288,19.16430504786998,0.7477636337280273,0.5852795839309692,1
kodak,11.png,3.0,120.0,3953702001,0.6847169399261475,-0.4187406599521637,0.20851457118988037,0.04162445664405823,same_codec_full_HARQ,1,4096,8192,16388,0.012010350823402405,19.204443066318543,0.751863420009613,0.5756184458732605,1
kodak,11.png,3.0,120.0,3953702001,0.6847169399261475,-0.4187406599521637,0.20851457118988037,0.04162445664405823,adaptive_HARQ,1,4096,8192,16388,0.012010350823402405,19.204443066318543,0.751863420009613,0.5756184458732605,1
kodak,11.png,3.0,120.0,3953702001,0.6847169399261475,-0.4187406599521637,0.20851457118988037,0.04162445664405823,FlowHARQ,1,4096,8192,16388,0.012010350823402405,19.204443066318543,0.751863420009613,0.5756184458732605,1
kodak,11.png,6.0,30.0,2805081425,-1.414811134338379,-0.3813658058643341,-1.0164045095443726,0.131877601146698,SwinJSCC_author_one_shot,0,16,4096,4130,0.0039679501205682755,24.014337958167783,0.9293069839477539,0.2734073996543884,0
kodak,11.png,6.0,30.0,2805081425,-1.414811134338379,-0.3813658058643341,-1.0164045095443726,0.131877601146698,SwinJSCC_author_Chase_wrapper,1,16,8192,8228,0.0035802244674414396,24.460897437708912,0.9390963315963745,0.2584061324596405,0
kodak,11.png,6.0,30.0,2805081425,-1.414811134338379,-0.3813658058643341,-1.0164045095443726,0.131877601146698,same_codec_direct,0,4096,4096,12290,0.010058259591460228,19.974771599574975,0.8185204267501831,0.536374032497406,1
kodak,11.png,6.0,30.0,2805081425,-1.414811134338379,-0.3813658058643341,-1.0164045095443726,0.131877601146698,same_codec_full_HARQ,1,4096,8192,16388,0.009982223622500896,20.007727052642924,0.8226116895675659,0.5367233157157898,1
kodak,11.png,6.0,30.0,2805081425,-1.414811134338379,-0.3813658058643341,-1.0164045095443726,0.131877601146698,adaptive_HARQ,1,4096,8192,16388,0.009982223622500896,20.007727052642924,0.8226116895675659,0.5367233157157898,1
kodak,11.png,6.0,30.0,2805081425,-1.414811134338379,-0.3813658058643341,-1.0164045095443726,0.131877601146698,FlowHARQ,1,4096,8192,16388,0.009982223622500896,20.007727052642924,0.8226116895675659,0.5367233157157898,1
kodak,11.png,6.0,60.0,112750848,-0.6582077145576477,1.5846138000488281,-0.9315516352653503,-0.37105801701545715,SwinJSCC_author_one_shot,0,16,4096,4130,0.0037256672512739897,24.287959356417872,0.9360895156860352,0.2595585882663727,0
kodak,11.png,6.0,60.0,112750848,-0.6582077145576477,1.5846138000488281,-0.9315516352653503,-0.37105801701545715,SwinJSCC_author_Chase_wrapper,1,16,8192,8228,0.0034947972744703293,24.56578011658616,0.9413254261016846,0.2550816833972931,0
kodak,11.png,6.0,60.0,112750848,-0.6582077145576477,1.5846138000488281,-0.9315516352653503,-0.37105801701545715,same_codec_direct,0,4096,4096,12290,0.010043783113360405,19.9810267406423,0.8198034763336182,0.5318484902381897,1
kodak,11.png,6.0,60.0,112750848,-0.6582077145576477,1.5846138000488281,-0.9315516352653503,-0.37105801701545715,same_codec_full_HARQ,1,4096,8192,16388,0.009946410544216633,20.02333618961812,0.822773814201355,0.5284427404403687,1
kodak,11.png,6.0,60.0,112750848,-0.6582077145576477,1.5846138000488281,-0.9315516352653503,-0.37105801701545715,adaptive_HARQ,1,4096,8192,16388,0.009946410544216633,20.02333618961812,0.822773814201355,0.5284427404403687,1
kodak,11.png,6.0,60.0,112750848,-0.6582077145576477,1.5846138000488281,-0.9315516352653503,-0.37105801701545715,FlowHARQ,1,4096,8192,16388,0.009946410544216633,20.02333618961812,0.822773814201355,0.5284427404403687,1
kodak,11.png,6.0,90.0,2798263577,-0.6635807752609253,0.2261163890361786,0.3476409316062927,0.01858285814523697,SwinJSCC_author_one_shot,0,16,4096,4130,0.019546836614608765,17.089235171418803,0.727820873260498,0.3992650806903839,1
kodak,11.png,6.0,90.0,2798263577,-0.6635807752609253,0.2261163890361786,0.3476409316062927,0.01858285814523697,SwinJSCC_author_Chase_wrapper,1,16,8192,8228,0.016383042559027672,17.856054405553987,0.7728232145309448,0.3715813159942627,1
kodak,11.png,6.0,90.0,2798263577,-0.6635807752609253,0.2261163890361786,0.3476409316062927,0.01858285814523697,same_codec_direct,0,4096,4096,12290,0.011688828468322754,19.322290145215717,0.7691155672073364,0.5685336589813232,1
kodak,11.png,6.0,90.0,2798263577,-0.6635807752609253,0.2261163890361786,0.3476409316062927,0.01858285814523697,same_codec_full_HARQ,1,4096,8192,16388,0.011383669450879097,19.437177234072056,0.7807122468948364,0.5569474101066589,1
kodak,11.png,6.0,90.0,2798263577,-0.6635807752609253,0.2261163890361786,0.3476409316062927,0.01858285814523697,adaptive_HARQ,1,4096,8192,16388,0.011383669450879097,19.437177234072056,0.7807122468948364,0.5569474101066589,1
kodak,11.png,6.0,90.0,2798263577,-0.6635807752609253,0.2261163890361786,0.3476409316062927,0.01858285814523697,FlowHARQ,1,4096,8192,16388,0.011383669450879097,19.437177234072056,0.7807122468948364,0.5569474101066589,1
kodak,11.png,6.0,120.0,204207696,-0.36505362391471863,0.4338259696960449,0.9026123285293579,-0.7215522527694702,SwinJSCC_author_one_shot,0,16,4096,4130,0.02247842401266098,16.482341409053717,0.5963231325149536,0.5072453022003174,1
kodak,11.png,6.0,120.0,204207696,-0.36505362391471863,0.4338259696960449,0.9026123285293579,-0.7215522527694702,SwinJSCC_author_Chase_wrapper,1,16,8192,8228,0.004466929938644171,23.499908591464393,0.9177204966545105,0.2887125611305237,1
kodak,11.png,6.0,120.0,204207696,-0.36505362391471863,0.4338259696960449,0.9026123285293579,-0.7215522527694702,same_codec_direct,0,4096,4096,12290,0.012585187330842018,19.001403155828033,0.7447804808616638,0.5744184255599976,1
kodak,11.png,6.0,120.0,204207696,-0.36505362391471863,0.4338259696960449,0.9026123285293579,-0.7215522527694702,same_codec_full_HARQ,1,4096,8192,16388,0.01060501765459776,19.744886041593944,0.8076788783073425,0.5399274826049805,1
kodak,11.png,6.0,120.0,204207696,-0.36505362391471863,0.4338259696960449,0.9026123285293579,-0.7215522527694702,adaptive_HARQ,1,4096,8192,16388,0.01060501765459776,19.744886041593944,0.8076788783073425,0.5399274826049805,1
kodak,11.png,6.0,120.0,204207696,-0.36505362391471863,0.4338259696960449,0.9026123285293579,-0.7215522527694702,FlowHARQ,1,4096,8192,16388,0.01060501765459776,19.744886041593944,0.8076788783073425,0.5399274826049805,1
kodak,11.png,9.0,30.0,2344505103,0.4719800055027008,-0.5499659776687622,0.31001603603363037,0.1990249752998352,SwinJSCC_author_one_shot,0,16,4096,4130,0.005675373133271933,22.46005580056631,0.8933452367782593,0.3030397295951843,1
kodak,11.png,9.0,30.0,2344505103,0.4719800055027008,-0.5499659776687622,0.31001603603363037,0.1990249752998352,SwinJSCC_author_Chase_wrapper,1,16,8192,8228,0.004781816620379686,23.204070828175386,0.9086838960647583,0.2854771912097931,1
kodak,11.png,9.0,30.0,2344505103,0.4719800055027008,-0.5499659776687622,0.31001603603363037,0.1990249752998352,same_codec_direct,0,4096,4096,12290,0.010909037664532661,19.622135587990748,0.7983879446983337,0.5464151501655579,1
kodak,11.png,9.0,30.0,2344505103,0.4719800055027008,-0.5499659776687622,0.31001603603363037,0.1990249752998352,same_codec_full_HARQ,1,4096,8192,16388,0.010619091801345348,19.7391262473575,0.8065122365951538,0.5436802506446838,1
kodak,11.png,9.0,30.0,2344505103,0.4719800055027008,-0.5499659776687622,0.31001603603363037,0.1990249752998352,adaptive_HARQ,1,4096,8192,16388,0.010619091801345348,19.7391262473575,0.8065122365951538,0.5436802506446838,1
kodak,11.png,9.0,30.0,2344505103,0.4719800055027008,-0.5499659776687622,0.31001603603363037,0.1990249752998352,FlowHARQ,1,4096,8192,16388,0.010619091801345348,19.7391262473575,0.8065122365951538,0.5436802506446838,1
kodak,11.png,9.0,60.0,1292418899,0.1539347767829895,-1.2466849088668823,-0.5336194634437561,-0.5714777708053589,SwinJSCC_author_one_shot,0,16,4096,4130,0.0036393366754055023,24.389777659286445,0.9385042190551758,0.26469576358795166,0
kodak,11.png,9.0,60.0,1292418899,0.1539347767829895,-1.2466849088668823,-0.5336194634437561,-0.5714777708053589,SwinJSCC_author_Chase_wrapper,1,16,8192,8228,0.003407438052818179,24.675720308898505,0.9436509609222412,0.2605981230735779,0
kodak,11.png,9.0,60.0,1292418899,0.1539347767829895,-1.2466849088668823,-0.5336194634437561,-0.5714777708053589,same_codec_direct,0,4096,4096,12290,0.010053264908492565,19.976928734203245,0.8198482990264893,0.5325067043304443,1
kodak,11.png,9.0,60.0,1292418899,0.1539347767829895,-1.2466849088668823,-0.5336194634437561,-0.5714777708053589,same_codec_full_HARQ,1,4096,8192,16388,0.009891774505376816,20.04725792450931,0.824110209941864,0.5308716893196106,1
kodak,11.png,9.0,60.0,1292418899,0.1539347767829895,-1.2466849088668823,-0.5336194634437561,-0.5714777708053589,adaptive_HARQ,1,4096,8192,16388,0.009891774505376816,20.04725792450931,0.824110209941864,0.5308716893196106,1
kodak,11.png,9.0,60.0,1292418899,0.1539347767829895,-1.2466849088668823,-0.5336194634437561,-0.5714777708053589,FlowHARQ,1,4096,8192,16388,0.009891774505376816,20.04725792450931,0.824110209941864,0.5308716893196106,1
kodak,11.png,9.0,90.0,4128451709,-1.0002601146697998,0.5147656798362732,1.2253364324569702,-0.8584645390510559,SwinJSCC_author_one_shot,0,16,4096,4130,0.003764654975384474,24.242748200350835,0.9358893632888794,0.26213449239730835,0
kodak,11.png,9.0,90.0,4128451709,-1.0002601146697998,0.5147656798362732,1.2253364324569702,-0.8584645390510559,SwinJSCC_author_Chase_wrapper,1,16,8192,8228,0.0032332572154700756,24.90359744563863,0.9478163719177246,0.25606492161750793,0
kodak,11.png,9.0,90.0,4128451709,-1.0002601146697998,0.5147656798362732,1.2253364324569702,-0.8584645390510559,same_codec_direct,0,4096,4096,12290,0.010135335847735405,19.94161855811462,0.819241464138031,0.5281505584716797,1
kodak,11.png,9.0,90.0,4128451709,-1.0002601146697998,0.5147656798362732,1.2253364324569702,-0.8584645390510559,same_codec_full_HARQ,1,4096,8192,16388,0.009768586605787277,20.10168268800364,0.8282614946365356,0.528306782245636,1
kodak,11.png,9.0,90.0,4128451709,-1.0002601146697998,0.5147656798362732,1.2253364324569702,-0.8584645390510559,adaptive_HARQ,1,4096,8192,16388,0.009768586605787277,20.10168268800364,0.8282614946365356,0.528306782245636,1
kodak,11.png,9.0,90.0,4128451709,-1.0002601146697998,0.5147656798362732,1.2253364324569702,-0.8584645390510559,FlowHARQ,1,4096,8192,16388,0.009768586605787277,20.10168268800364,0.8282614946365356,0.528306782245636,1
kodak,11.png,9.0,120.0,662806578,-0.7614618539810181,0.07779181003570557,-0.6181379556655884,0.27421873807907104,SwinJSCC_author_one_shot,0,16,4096,4130,0.0053087747655808926,22.750057000007864,0.9001337885856628,0.2943553924560547,1
kodak,11.png,9.0,120.0,662806578,-0.7614618539810181,0.07779181003570557,-0.6181379556655884,0.27421873807907104,SwinJSCC_author_Chase_wrapper,1,16,8192,8228,0.004137871321290731,23.832230190647515,0.9244248270988464,0.26476573944091797,1
kodak,11.png,9.0,120.0,662806578,-0.7614618539810181,0.07779181003570557,-0.6181379556655884,0.27421873807907104,same_codec_direct,0,4096,4096,12290,0.010434779338538647,19.81516730409576,0.8025906085968018,0.5397117137908936,1
kodak,11.png,9.0,120.0,662806578,-0.7614618539810181,0.07779181003570557,-0.6181379556655884,0.27421873807907104,same_codec_full_HARQ,1,4096,8192,16388,0.010067596100270748,19.970742161413803,0.8152005076408386,0.53142249584198,1
kodak,11.png,9.0,120.0,662806578,-0.7614618539810181,0.07779181003570557,-0.6181379556655884,0.27421873807907104,adaptive_HARQ,1,4096,8192,16388,0.010067596100270748,19.970742161413803,0.8152005076408386,0.53142249584198,1
kodak,11.png,9.0,120.0,662806578,-0.7614618539810181,0.07779181003570557,-0.6181379556655884,0.27421873807907104,FlowHARQ,1,4096,8192,16388,0.010067596100270748,19.970742161413803,0.8152005076408386,0.53142249584198,1
kodak,11.png,12.0,30.0,472606349,0.434690922498703,0.4560246765613556,0.8970447778701782,0.07365989685058594,SwinJSCC_author_one_shot,0,16,4096,4130,0.004516696557402611,23.45179085412103,0.9143046736717224,0.2760962247848511,1
kodak,11.png,12.0,30.0,472606349,0.434690922498703,0.4560246765613556,0.8970447778701782,0.07365989685058594,SwinJSCC_author_Chase_wrapper,1,16,8192,8228,0.0033833617344498634,24.706515668360215,0.9437065124511719,0.24758955836296082,0
kodak,11.png,12.0,30.0,472606349,0.434690922498703,0.4560246765613556,0.8970447778701782,0.07365989685058594,same_codec_direct,0,4096,4096,12290,0.010526319965720177,19.777234329854053,0.809113621711731,0.5413409471511841,1
kodak,11.png,12.0,30.0,472606349,0.434690922498703,0.4560246765613556,0.8970447778701782,0.07365989685058594,same_codec_full_HARQ,1,4096,8192,16388,0.009871461428701878,20.05618547083457,0.8237616419792175,0.5302972793579102,1
kodak,11.png,12.0,30.0,472606349,0.434690922498703,0.4560246765613556,0.8970447778701782,0.07365989685058594,adaptive_HARQ,1,4096,8192,16388,0.009871461428701878,20.05618547083457,0.8237616419792175,0.5302972793579102,1
kodak,11.png,12.0,30.0,472606349,0.434690922498703,0.4560246765613556,0.8970447778701782,0.07365989685058594,FlowHARQ,1,4096,8192,16388,0.009871461428701878,20.05618547083457,0.8237616419792175,0.5302972793579102,1
kodak,11.png,12.0,60.0,1012289524,0.553498387336731,-1.1920487880706787,0.3106018602848053,0.6938866376876831,SwinJSCC_author_one_shot,0,16,4096,4130,0.0032393857836723328,24.895373280802275,0.9476872682571411,0.2603510320186615,0
kodak,11.png,12.0,60.0,1012289524,0.553498387336731,-1.1920487880706787,0.3106018602848053,0.6938866376876831,SwinJSCC_author_Chase_wrapper,1,16,8192,8228,0.0031561804935336113,25.008381686108297,0.949426531791687,0.25708475708961487,0
kodak,11.png,12.0,60.0,1012289524,0.553498387336731,-1.1920487880706787,0.3106018602848053,0.6938866376876831,same_codec_direct,0,4096,4096,12290,0.009790826588869095,20.091806414112966,0.828027606010437,0.5314593315124512,1
kodak,11.png,12.0,60.0,1012289524,0.553498387336731,-1.1920487880706787,0.3106018602848053,0.6938866376876831,same_codec_full_HARQ,1,4096,8192,16388,0.009717084467411041,20.124640220750308,0.8295226097106934,0.5266799330711365,1
kodak,11.png,12.0,60.0,1012289524,0.553498387336731,-1.1920487880706787,0.3106018602848053,0.6938866376876831,adaptive_HARQ,1,4096,8192,16388,0.009717084467411041,20.124640220750308,0.8295226097106934,0.5266799330711365,1
kodak,11.png,12.0,60.0,1012289524,0.553498387336731,-1.1920487880706787,0.3106018602848053,0.6938866376876831,FlowHARQ,1,4096,8192,16388,0.009717084467411041,20.124640220750308,0.8295226097106934,0.5266799330711365,1
kodak,11.png,12.0,90.0,1687611096,-0.4138355851173401,0.23477447032928467,0.2991848289966583,-0.0946149155497551,SwinJSCC_author_one_shot,0,16,4096,4130,0.006852411665022373,21.64156554276697,0.8757456541061401,0.32101961970329285,1
kodak,11.png,12.0,90.0,1687611096,-0.4138355851173401,0.23477447032928467,0.2991848289966583,-0.0946149155497551,SwinJSCC_author_Chase_wrapper,1,16,8192,8228,0.0054264431819319725,22.65484739950082,0.9050544500350952,0.29108691215515137,1
kodak,11.png,12.0,90.0,1687611096,-0.4138355851173401,0.23477447032928467,0.2991848289966583,-0.0946149155497551,same_codec_direct,0,4096,4096,12290,0.010797692462801933,19.666690461563228,0.797156035900116,0.551563024520874,1
kodak,11.png,12.0,90.0,1687611096,-0.4138355851173401,0.23477447032928467,0.2991848289966583,-0.0946149155497551,same_codec_full_HARQ,1,4096,8192,16388,0.010419303551316261,19.821613092446245,0.8074035048484802,0.537460207939148,1
kodak,11.png,12.0,90.0,1687611096,-0.4138355851173401,0.23477447032928467,0.2991848289966583,-0.0946149155497551,adaptive_HARQ,1,4096,8192,16388,0.010419303551316261,19.821613092446245,0.8074035048484802,0.537460207939148,1
kodak,11.png,12.0,90.0,1687611096,-0.4138355851173401,0.23477447032928467,0.2991848289966583,-0.0946149155497551,FlowHARQ,1,4096,8192,16388,0.010419303551316261,19.821613092446245,0.8074035048484802,0.537460207939148,1
kodak,11.png,12.0,120.0,1245512202,-0.30420535802841187,-0.013490133918821812,-0.08592089265584946,0.2858258783817291,SwinJSCC_author_one_shot,0,16,4096,4130,0.022361597046256065,16.50497182735166,0.6178257465362549,0.4935080409049988,1
kodak,11.png,12.0,120.0,1245512202,-0.30420535802841187,-0.013490133918821812,-0.08592089265584946,0.2858258783817291,SwinJSCC_author_Chase_wrapper,1,16,8192,8228,0.00814042054116726,20.893531585026125,0.8517823219299316,0.3353097140789032,1
kodak,11.png,12.0,120.0,1245512202,-0.30420535802841187,-0.013490133918821812,-0.08592089265584946,0.2858258783817291,same_codec_direct,0,4096,4096,12290,0.01156200747936964,19.369667540192054,0.7559318542480469,0.5820959806442261,1
kodak,11.png,12.0,120.0,1245512202,-0.30420535802841187,-0.013490133918821812,-0.08592089265584946,0.2858258783817291,same_codec_full_HARQ,1,4096,8192,16388,0.010881632566452026,19.63305942743333,0.7908860445022583,0.541976809501648,1
kodak,11.png,12.0,120.0,1245512202,-0.30420535802841187,-0.013490133918821812,-0.08592089265584946,0.2858258783817291,adaptive_HARQ,1,4096,8192,16388,0.010881632566452026,19.63305942743333,0.7908860445022583,0.541976809501648,1
kodak,11.png,12.0,120.0,1245512202,-0.30420535802841187,-0.013490133918821812,-0.08592089265584946,0.2858258783817291,FlowHARQ,1,4096,8192,16388,0.010881632566452026,19.63305942743333,0.7908860445022583,0.541976809501648,1
kodak,11.png,15.0,30.0,1751357971,0.15502487123012543,0.15421029925346375,0.3550913631916046,-0.07587455958127975,SwinJSCC_author_one_shot,0,16,4096,4130,0.01956511102616787,17.085176832646944,0.7016482353210449,0.4473673105239868,1
kodak,11.png,15.0,30.0,1751357971,0.15502487123012543,0.15421029925346375,0.3550913631916046,-0.07587455958127975,SwinJSCC_author_Chase_wrapper,1,16,8192,8228,0.005621408578008413,22.501548479527802,0.9101898074150085,0.28368377685546875,1
kodak,11.png,15.0,30.0,1751357971,0.15502487123012543,0.15421029925346375,0.3550913631916046,-0.07587455958127975,same_codec_direct,0,4096,4096,12290,0.012003287672996521,19.206997853953116,0.7515419721603394,0.590671181678772,1
kodak,11.png,15.0,30.0,1751357971,0.15502487123012543,0.15421029925346375,0.3550913631916046,-0.07587455958127975,same_codec_full_HARQ,1,4096,8192,16388,0.010209912434220314,19.9097798264355,0.807377278804779,0.5418195724487305,1
kodak,11.png,15.0,30.0,1751357971,0.15502487123012543,0.15421029925346375,0.3550913631916046,-0.07587455958127975,adaptive_HARQ,1,4096,8192,16388,0.010209912434220314,19.9097798264355,0.807377278804779,0.5418195724487305,1
kodak,11.png,15.0,30.0,1751357971,0.15502487123012543,0.15421029925346375,0.3550913631916046,-0.07587455958127975,FlowHARQ,1,4096,8192,16388,0.010209912434220314,19.9097798264355,0.807377278804779,0.5418195724487305,1
kodak,11.png,15.0,60.0,3448048018,-0.7048521637916565,1.5815068483352661,-0.5697956085205078,-0.5454084277153015,SwinJSCC_author_one_shot,0,16,4096,4130,0.0030015194788575172,25.226588338730306,0.9531086683273315,0.2547568380832672,0
kodak,11.png,15.0,60.0,3448048018,-0.7048521637916565,1.5815068483352661,-0.5697956085205078,-0.5454084277153015,SwinJSCC_author_Chase_wrapper,1,16,8192,8228,0.0029872856102883816,25.247232531098213,0.953474223613739,0.2537693679332733,0
kodak,11.png,15.0,60.0,3448048018,-0.7048521637916565,1.5815068483352661,-0.5697956085205078,-0.5454084277153015,same_codec_direct,0,4096,4096,12290,0.009658614173531532,20.15085182069345,0.8312870860099792,0.5223379135131836,1
kodak,11.png,15.0,60.0,3448048018,-0.7048521637916565,1.5815068483352661,-0.5697956085205078,-0.5454084277153015,same_codec_full_HARQ,1,4096,8192,16388,0.009666239842772484,20.147424331677215,0.8315949440002441,0.5237657427787781,1
kodak,11.png,15.0,60.0,3448048018,-0.7048521637916565,1.5815068483352661,-0.5697956085205078,-0.5454084277153015,adaptive_HARQ,1,4096,8192,16388,0.009666239842772484,20.147424331677215,0.8315949440002441,0.5237657427787781,1
kodak,11.png,15.0,60.0,3448048018,-0.7048521637916565,1.5815068483352661,-0.5697956085205078,-0.5454084277153015,FlowHARQ,1,4096,8192,16388,0.009666239842772484,20.147424331677215,0.8315949440002441,0.5237657427787781,1
kodak,11.png,15.0,90.0,4011009364,-0.026362821459770203,0.17137451469898224,-0.6928949356079102,-0.6389386057853699,SwinJSCC_author_one_shot,0,16,4096,4130,0.027092402800917625,15.671524760704234,0.5750858187675476,0.48443150520324707,1
kodak,11.png,15.0,90.0,4011009364,-0.026362821459770203,0.17137451469898224,-0.6928949356079102,-0.6389386057853699,SwinJSCC_author_Chase_wrapper,1,16,8192,8228,0.0032076712232083082,24.938101520037495,0.9476258754730225,0.25811874866485596,0
kodak,11.png,15.0,90.0,4011009364,-0.026362821459770203,0.17137451469898224,-0.6928949356079102,-0.6389386057853699,same_codec_direct,0,4096,4096,12290,0.013624327257275581,18.65684933136912,0.7258857488632202,0.5824962854385376,1
kodak,11.png,15.0,90.0,4011009364,-0.026362821459770203,0.17137451469898224,-0.6928949356079102,-0.6389386057853699,same_codec_full_HARQ,1,4096,8192,16388,0.009712668135762215,20.12661450064727,0.8281213641166687,0.5212823152542114,1
kodak,11.png,15.0,90.0,4011009364,-0.026362821459770203,0.17137451469898224,-0.6928949356079102,-0.6389386057853699,adaptive_HARQ,1,4096,8192,16388,0.009712668135762215,20.12661450064727,0.8281213641166687,0.5212823152542114,1
kodak,11.png,15.0,90.0,4011009364,-0.026362821459770203,0.17137451469898224,-0.6928949356079102,-0.6389386057853699,FlowHARQ,1,4096,8192,16388,0.009712668135762215,20.12661450064727,0.8281213641166687,0.5212823152542114,1
kodak,11.png,15.0,120.0,1749123928,0.13269159197807312,0.31902948021888733,-1.0008870363235474,-0.729407787322998,SwinJSCC_author_one_shot,0,16,4096,4130,0.005928695201873779,22.270408764465564,0.8772119283676147,0.307270348072052,1
kodak,11.png,15.0,120.0,1749123928,0.13269159197807312,0.31902948021888733,-1.0008870363235474,-0.729407787322998,SwinJSCC_author_Chase_wrapper,1,16,8192,8228,0.003069172380492091,25.12978718673393,0.951244056224823,0.2531202435493469,0
kodak,11.png,15.0,120.0,1749123928,0.13269159197807312,0.31902948021888733,-1.0008870363235474,-0.729407787322998,same_codec_direct,0,4096,4096,12290,0.0107322558760643,19.693089815239478,0.7994951605796814,0.5486526489257812,1
kodak,11.png,15.0,120.0,1749123928,0.13269159197807312,0.31902948021888733,-1.0008870363235474,-0.729407787322998,same_codec_full_HARQ,1,4096,8192,16388,0.009707684628665447,20.128843409366297,0.8308420181274414,0.5237435102462769,1
kodak,11.png,15.0,120.0,1749123928,0.13269159197807312,0.31902948021888733,-1.0008870363235474,-0.729407787322998,adaptive_HARQ,1,4096,8192,16388,0.009707684628665447,20.128843409366297,0.8308420181274414,0.5237435102462769,1
kodak,11.png,15.0,120.0,1749123928,0.13269159197807312,0.31902948021888733,-1.0008870363235474,-0.729407787322998,FlowHARQ,1,4096,8192,16388,0.009707684628665447,20.128843409366297,0.8308420181274414,0.5237435102462769,1
kodak,12.png,0.0,30.0,4150233652,-0.06584715098142624,-0.07210469245910645,0.5726864337921143,0.28637605905532837,SwinJSCC_author_one_shot,0,16,4096,4130,0.15043309330940247,8.226566141387048,0.03493480011820793,0.800226092338562,1
kodak,12.png,0.0,30.0,4150233652,-0.06584715098142624,-0.07210469245910645,0.5726864337921143,0.28637605905532837,SwinJSCC_author_Chase_wrapper,1,16,8192,8228,0.04420663043856621,13.545125870553878,0.2922264039516449,0.7605075836181641,1
kodak,12.png,0.0,30.0,4150233652,-0.06584715098142624,-0.07210469245910645,0.5726864337921143,0.28637605905532837,same_codec_direct,0,4096,4096,12290,0.021699925884604454,16.635417494677046,0.39193055033683777,0.8175304532051086,1
kodak,12.png,0.0,30.0,4150233652,-0.06584715098142624,-0.07210469245910645,0.5726864337921143,0.28637605905532837,same_codec_full_HARQ,1,4096,8192,16388,0.008471888490021229,20.720197691998123,0.7124370336532593,0.640657365322113,1
kodak,12.png,0.0,30.0,4150233652,-0.06584715098142624,-0.07210469245910645,0.5726864337921143,0.28637605905532837,adaptive_HARQ,1,4096,8192,16388,0.008471888490021229,20.720197691998123,0.7124370336532593,0.640657365322113,1
kodak,12.png,0.0,30.0,4150233652,-0.06584715098142624,-0.07210469245910645,0.5726864337921143,0.28637605905532837,FlowHARQ,1,4096,8192,16388,0.008471888490021229,20.720197691998123,0.7124370336532593,0.640657365322113,1
kodak,12.png,0.0,60.0,681040649,0.214066743850708,0.10752273350954056,-0.18877378106117249,0.9084688425064087,SwinJSCC_author_one_shot,0,16,4096,4130,0.19018352031707764,7.208271180265312,0.0,0.7602355480194092,1
kodak,12.png,0.0,60.0,681040649,0.214066743850708,0.10752273350954056,-0.18877378106117249,0.9084688425064087,SwinJSCC_author_Chase_wrapper,1,16,8192,8228,0.011141052469611168,19.530737804231435,0.6075073480606079,0.5263255834579468,1
kodak,12.png,0.0,60.0,681040649,0.214066743850708,0.10752273350954056,-0.18877378106117249,0.9084688425064087,same_codec_direct,0,4096,4096,12290,0.015476712957024574,18.10321272090516,0.5437795519828796,0.7103151082992554,1
kodak,12.png,0.0,60.0,681040649,0.214066743850708,0.10752273350954056,-0.18877378106117249,0.9084688425064087,same_codec_full_HARQ,1,4096,8192,16388,0.006975892931222916,21.56400193748642,0.7707216143608093,0.5792997479438782,1
kodak,12.png,0.0,60.0,681040649,0.214066743850708,0.10752273350954056,-0.18877378106117249,0.9084688425064087,adaptive_HARQ,1,4096,8192,16388,0.006975892931222916,21.56400193748642,0.7707216143608093,0.5792997479438782,1
kodak,12.png,0.0,60.0,681040649,0.214066743850708,0.10752273350954056,-0.18877378106117249,0.9084688425064087,FlowHARQ,1,4096,8192,16388,0.006975892931222916,21.56400193748642,0.7707216143608093,0.5792997479438782,1
kodak,12.png,0.0,90.0,3120317414,-0.5170010328292847,-0.7107757925987244,-0.13913032412528992,0.42077022790908813,SwinJSCC_author_one_shot,0,16,4096,4130,0.015874838456511497,17.992906854251274,0.5652865171432495,0.5715012550354004,1
kodak,12.png,0.0,90.0,3120317414,-0.5170010328292847,-0.7107757925987244,-0.13913032412528992,0.42077022790908813,SwinJSCC_author_Chase_wrapper,1,16,8192,8228,0.006249353289604187,22.041649230220436,0.7145334482192993,0.4549790024757385,1
kodak,12.png,0.0,90.0,3120317414,-0.5170010328292847,-0.7107757925987244,-0.13913032412528992,0.42077022790908813,same_codec_direct,0,4096,4096,12290,0.007776063866913319,21.092401810892248,0.7417916059494019,0.6049498319625854,1
kodak,12.png,0.0,90.0,3120317414,-0.5170010328292847,-0.7107757925987244,-0.13913032412528992,0.42077022790908813,same_codec_full_HARQ,1,4096,8192,16388,0.006937707774341106,21.587839971811803,0.7602466940879822,0.5888734459877014,1
kodak,12.png,0.0,90.0,3120317414,-0.5170010328292847,-0.7107757925987244,-0.13913032412528992,0.42077022790908813,adaptive_HARQ,1,4096,8192,16388,0.006937707774341106,21.587839971811803,0.7602466940879822,0.5888734459877014,1
kodak,12.png,0.0,90.0,3120317414,-0.5170010328292847,-0.7107757925987244,-0.13913032412528992,0.42077022790908813,FlowHARQ,1,4096,8192,16388,0.006937707774341106,21.587839971811803,0.7602466940879822,0.5888734459877014,1
kodak,12.png,0.0,120.0,1803580804,-0.20498144626617432,-1.2324758768081665,1.41269052028656,1.2195208072662354,SwinJSCC_author_one_shot,0,16,4096,4130,0.003957831300795078,24.02542721169342,0.8294615149497986,0.30546247959136963,0
kodak,12.png,0.0,120.0,1803580804,-0.20498144626617432,-1.2324758768081665,1.41269052028656,1.2195208072662354,SwinJSCC_author_Chase_wrapper,1,16,8192,8228,0.0010926228715106845,29.61529712784533,0.9375272989273071,0.21312718093395233,0
kodak,12.png,0.0,120.0,1803580804,-0.20498144626617432,-1.2324758768081665,1.41269052028656,1.2195208072662354,same_codec_direct,0,4096,4096,12290,0.006089639849960804,22.154083914064977,0.7961851954460144,0.5698806643486023,1
kodak,12.png,0.0,120.0,1803580804,-0.20498144626617432,-1.2324758768081665,1.41269052028656,1.2195208072662354,same_codec_full_HARQ,1,4096,8192,16388,0.004868887364864349,23.12570272154391,0.8319190740585327,0.5214001536369324,1
kodak,12.png,0.0,120.0,1803580804,-0.20498144626617432,-1.2324758768081665,1.41269052028656,1.2195208072662354,adaptive_HARQ,0,4096,4096,12290,0.006089639849960804,22.154083914064977,0.7961851954460144,0.5698806643486023,1
kodak,12.png,0.0,120.0,1803580804,-0.20498144626617432,-1.2324758768081665,1.41269052028656,1.2195208072662354,FlowHARQ,0,4096,4096,12290,0.005799786187708378,22.36588016645686,0.7929362058639526,0.5798705220222473,1
kodak,12.png,3.0,30.0,2368537482,-0.09000121802091599,0.026673467829823494,0.2462116777896881,-0.28581511974334717,SwinJSCC_author_one_shot,0,16,4096,4130,0.15598498284816742,8.069172104923636,0.025106340646743774,0.7932583093643188,1
kodak,12.png,3.0,30.0,2368537482,-0.09000121802091599,0.026673467829823494,0.2462116777896881,-0.28581511974334717,SwinJSCC_author_Chase_wrapper,1,16,8192,8228,0.07342042028903961,11.341831337425706,0.127473384141922,0.7882807850837708,1
kodak,12.png,3.0,30.0,2368537482,-0.09000121802091599,0.026673467829823494,0.2462116777896881,-0.28581511974334717,same_codec_direct,0,4096,4096,12290,0.024015221744775772,16.195133989443235,0.4274342656135559,0.8540548086166382,1
kodak,12.png,3.0,30.0,2368537482,-0.09000121802091599,0.026673467829823494,0.2462116777896881,-0.28581511974334717,same_codec_full_HARQ,1,4096,8192,16388,0.009785997681319714,20.093948914771815,0.6894664764404297,0.6515653133392334,1
kodak,12.png,3.0,30.0,2368537482,-0.09000121802091599,0.026673467829823494,0.2462116777896881,-0.28581511974334717,adaptive_HARQ,1,4096,8192,16388,0.009785997681319714,20.093948914771815,0.6894664764404297,0.6515653133392334,1
kodak,12.png,3.0,30.0,2368537482,-0.09000121802091599,0.026673467829823494,0.2462116777896881,-0.28581511974334717,FlowHARQ,1,4096,8192,16388,0.009785997681319714,20.093948914771815,0.6894664764404297,0.6515653133392334,1
kodak,12.png,3.0,60.0,98188767,-0.13905350863933563,0.4538046717643738,0.3896360993385315,-0.40138211846351624,SwinJSCC_author_one_shot,0,16,4096,4130,0.061257969588041306,12.128374020988746,0.32038891315460205,0.7394744157791138,1
kodak,12.png,3.0,60.0,98188767,-0.13905350863933563,0.4538046717643738,0.3896360993385315,-0.40138211846351624,SwinJSCC_author_Chase_wrapper,1,16,8192,8228,0.005931161344051361,22.2686026179062,0.7285841703414917,0.4537931978702545,1
kodak,12.png,3.0,60.0,98188767,-0.13905350863933563,0.4538046717643738,0.3896360993385315,-0.40138211846351624,same_codec_direct,0,4096,4096,12290,0.007902629673480988,21.022283691340398,0.7217386960983276,0.6070067286491394,1
kodak,12.png,3.0,60.0,98188767,-0.13905350863933563,0.4538046717643738,0.3896360993385315,-0.40138211846351624,same_codec_full_HARQ,1,4096,8192,16388,0.006530136801302433,21.850777204969873,0.7692481279373169,0.5753977298736572,1
kodak,12.png,3.0,60.0,98188767,-0.13905350863933563,0.4538046717643738,0.3896360993385315,-0.40138211846351624,adaptive_HARQ,1,4096,8192,16388,0.006530136801302433,21.850777204969873,0.7692481279373169,0.5753977298736572,1
kodak,12.png,3.0,60.0,98188767,-0.13905350863933563,0.4538046717643738,0.3896360993385315,-0.40138211846351624,FlowHARQ,1,4096,8192,16388,0.006530136801302433,21.850777204969873,0.7692481279373169,0.5753977298736572,1
kodak,12.png,3.0,90.0,3699863247,0.3716498613357544,-0.13365177810192108,-0.04109863191843033,-0.119026780128479,SwinJSCC_author_one_shot,0,16,4096,4130,0.06268496066331863,12.028366423333402,0.2369203418493271,0.8215275406837463,1
kodak,12.png,3.0,90.0,3699863247,0.3716498613357544,-0.13365177810192108,-0.04109863191843033,-0.119026780128479,SwinJSCC_author_Chase_wrapper,1,16,8192,8228,0.05650060623884201,12.47946892273105,0.25345855951309204,0.8106199502944946,1
kodak,12.png,3.0,90.0,3699863247,0.3716498613357544,-0.13365177810192108,-0.04109863191843033,-0.119026780128479,same_codec_direct,0,4096,4096,12290,0.009868649765849113,20.057422636783787,0.6930203437805176,0.6362514495849609,1
kodak,12.png,3.0,90.0,3699863247,0.3716498613357544,-0.13365177810192108,-0.04109863191843033,-0.119026780128479,same_codec_full_HARQ,1,4096,8192,16388,0.009533502161502838,20.20747530629796,0.7009320259094238,0.6255778074264526,1
kodak,12.png,3.0,90.0,3699863247,0.3716498613357544,-0.13365177810192108,-0.04109863191843033,-0.119026780128479,adaptive_HARQ,1,4096,8192,16388,0.009533502161502838,20.20747530629796,0.7009320259094238,0.6255778074264526,1
kodak,12.png,3.0,90.0,3699863247,0.3716498613357544,-0.13365177810192108,-0.04109863191843033,-0.119026780128479,FlowHARQ,1,4096,8192,16388,0.009533502161502838,20.20747530629796,0.7009320259094238,0.6255778074264526,1
kodak,12.png,3.0,120.0,3929732762,-0.4842243194580078,-0.7306286096572876,0.7827167510986328,-0.9453321099281311,SwinJSCC_author_one_shot,0,16,4096,4130,0.00367879681289196,24.342941984359804,0.8220453262329102,0.3264100253582001,0
kodak,12.png,3.0,120.0,3929732762,-0.4842243194580078,-0.7306286096572876,0.7827167510986328,-0.9453321099281311,SwinJSCC_author_Chase_wrapper,1,16,8192,8228,0.0011950492626056075,29.226141917561705,0.9322356581687927,0.21485334634780884,0
kodak,12.png,3.0,120.0,3929732762,-0.4842243194580078,-0.7306286096572876,0.7827167510986328,-0.9453321099281311,same_codec_direct,0,4096,4096,12290,0.005927980877459049,22.270932059780215,0.7863041758537292,0.5704612135887146,1
kodak,12.png,3.0,120.0,3929732762,-0.4842243194580078,-0.7306286096572876,0.7827167510986328,-0.9453321099281311,same_codec_full_HARQ,1,4096,8192,16388,0.004874796606600285,23.120434998575263,0.8246299624443054,0.5196171998977661,1
kodak,12.png,3.0,120.0,3929732762,-0.4842243194580078,-0.7306286096572876,0.7827167510986328,-0.9453321099281311,adaptive_HARQ,0,4096,4096,12290,0.005927980877459049,22.270932059780215,0.7863041758537292,0.5704612135887146,1
kodak,12.png,3.0,120.0,3929732762,-0.4842243194580078,-0.7306286096572876,0.7827167510986328,-0.9453321099281311,FlowHARQ,0,4096,4096,12290,0.005625009536743164,22.498767369052363,0.7831563949584961,0.5831559896469116,1
kodak,12.png,6.0,30.0,2481334677,0.5325422883033752,-1.2607288360595703,-0.022882819175720215,-0.29495012760162354,SwinJSCC_author_one_shot,0,16,4096,4130,0.0009765424765646458,30.103088615042076,0.9454142451286316,0.21086178719997406,0
kodak,12.png,6.0,30.0,2481334677,0.5325422883033752,-1.2607288360595703,-0.022882819175720215,-0.29495012760162354,SwinJSCC_author_Chase_wrapper,1,16,8192,8228,0.0009614889277145267,30.17055712632127,0.9461226463317871,0.21115592122077942,0
kodak,12.png,6.0,30.0,2481334677,0.5325422883033752,-1.2607288360595703,-0.022882819175720215,-0.29495012760162354,same_codec_direct,0,4096,4096,12290,0.004753907676786184,23.22949256737339,0.8385552167892456,0.5142835974693298,1
kodak,12.png,6.0,30.0,2481334677,0.5325422883033752,-1.2607288360595703,-0.022882819175720215,-0.29495012760162354,same_codec_full_HARQ,1,4096,8192,16388,0.004709060303866863,23.27065747979676,0.8392800092697144,0.5152688026428223,1
kodak,12.png,6.0,30.0,2481334677,0.5325422883033752,-1.2607288360595703,-0.022882819175720215,-0.29495012760162354,adaptive_HARQ,0,4096,4096,12290,0.004753907676786184,23.22949256737339,0.8385552167892456,0.5142835974693298,1
kodak,12.png,6.0,30.0,2481334677,0.5325422883033752,-1.2607288360595703,-0.022882819175720215,-0.29495012760162354,FlowHARQ,0,4096,4096,12290,0.004616358783096075,23.357004452024974,0.8388776183128357,0.5132730007171631,1
kodak,12.png,6.0,60.0,1861602472,0.0030962424352765083,-0.467525452375412,0.22982753813266754,-0.2579929828643799,SwinJSCC_author_one_shot,0,16,4096,4130,0.009411854669451714,20.26324787482254,0.6590951681137085,0.5235021710395813,1
kodak,12.png,6.0,60.0,1861602472,0.0030962424352765083,-0.467525452375412,0.22982753813266754,-0.2579929828643799,SwinJSCC_author_Chase_wrapper,1,16,8192,8228,0.0038724890910089016,24.120097969958216,0.7960366010665894,0.37111225724220276,0
kodak,12.png,6.0,60.0,1861602472,0.0030962424352765083,-0.467525452375412,0.22982753813266754,-0.2579929828643799,same_codec_direct,0,4096,4096,12290,0.006612960249185562,21.796040878526867,0.765725314617157,0.588811457157135,1
kodak,12.png,6.0,60.0,1861602472,0.0030962424352765083,-0.467525452375412,0.22982753813266754,-0.2579929828643799,same_codec_full_HARQ,1,4096,8192,16388,0.005871317815035582,22.312644105812037,0.785310685634613,0.5801000595092773,1
kodak,12.png,6.0,60.0,1861602472,0.0030962424352765083,-0.467525452375412,0.22982753813266754,-0.2579929828643799,adaptive_HARQ,1,4096,8192,16388,0.005871317815035582,22.312644105812037,0.785310685634613,0.5801000595092773,1
kodak,12.png,6.0,60.0,1861602472,0.0030962424352765083,-0.467525452375412,0.22982753813266754,-0.2579929828643799,FlowHARQ,1,4096,8192,16388,0.005871317815035582,22.312644105812037,0.785310685634613,0.5801000595092773,1
kodak,12.png,6.0,90.0,2042340810,-1.8952075242996216,-0.29015326499938965,0.5390803217887878,-0.2392578423023224,SwinJSCC_author_one_shot,0,16,4096,4130,0.000853740784805268,30.686739710173754,0.9536460638046265,0.21037232875823975,0
kodak,12.png,6.0,90.0,2042340810,-1.8952075242996216,-0.29015326499938965,0.5390803217887878,-0.2392578423023224,SwinJSCC_author_Chase_wrapper,1,16,8192,8228,0.0008431453024968505,30.740975752746742,0.9543452262878418,0.21092763543128967,0
kodak,12.png,6.0,90.0,2042340810,-1.8952075242996216,-0.29015326499938965,0.5390803217887878,-0.2392578423023224,same_codec_direct,0,4096,4096,12290,0.00434173783287406,23.623364040906267,0.847901463508606,0.5027915835380554,1
kodak,12.png,6.0,90.0,2042340810,-1.8952075242996216,-0.29015326499938965,0.5390803217887878,-0.2392578423023224,same_codec_full_HARQ,1,4096,8192,16388,0.004369540140032768,23.595642667263867,0.8487739562988281,0.5026293396949768,1
kodak,12.png,6.0,90.0,2042340810,-1.8952075242996216,-0.29015326499938965,0.5390803217887878,-0.2392578423023224,adaptive_HARQ,0,4096,4096,12290,0.00434173783287406,23.623364040906267,0.847901463508606,0.5027915835380554,1
kodak,12.png,6.0,90.0,2042340810,-1.8952075242996216,-0.29015326499938965,0.5390803217887878,-0.2392578423023224,FlowHARQ,0,4096,4096,12290,0.004270009696483612,23.695711387631388,0.8477498888969421,0.5023285150527954,1
kodak,12.png,6.0,120.0,3976751794,-0.7148062586784363,-1.2542303800582886,0.35729512572288513,0.6298590898513794,SwinJSCC_author_one_shot,0,16,4096,4130,0.0009592424030415714,30.18071631619028,0.9469494819641113,0.21494510769844055,0
kodak,12.png,6.0,120.0,3976751794,-0.7148062586784363,-1.2542303800582886,0.35729512572288513,0.6298590898513794,SwinJSCC_author_Chase_wrapper,1,16,8192,8228,0.0009085561032406986,30.4164824989083,0.950171172618866,0.21619752049446106,0
kodak,12.png,6.0,120.0,3976751794,-0.7148062586784363,-1.2542303800582886,0.35729512572288513,0.6298590898513794,same_codec_direct,0,4096,4096,12290,0.004755692556500435,23.227862291860546,0.838895320892334,0.5166954398155212,1
kodak,12.png,6.0,120.0,3976751794,-0.7148062586784363,-1.2542303800582886,0.35729512572288513,0.6298590898513794,same_codec_full_HARQ,1,4096,8192,16388,0.00460475031286478,23.36793913932915,0.8421732187271118,0.5142723321914673,1
kodak,12.png,6.0,120.0,3976751794,-0.7148062586784363,-1.2542303800582886,0.35729512572288513,0.6298590898513794,adaptive_HARQ,0,4096,4096,12290,0.004755692556500435,23.227862291860546,0.838895320892334,0.5166954398155212,1
kodak,12.png,6.0,120.0,3976751794,-0.7148062586784363,-1.2542303800582886,0.35729512572288513,0.6298590898513794,FlowHARQ,0,4096,4096,12290,0.004622592590749264,23.351143811425572,0.8390548229217529,0.5161460638046265,1
kodak,12.png,9.0,30.0,950640589,-1.225611925125122,-0.09316769242286682,-0.22021842002868652,-0.4039114713668823,SwinJSCC_author_one_shot,0,16,4096,4130,0.0008969961199909449,30.472094355179667,0.9513279795646667,0.2130974382162094,0
kodak,12.png,9.0,30.0,950640589,-1.225611925125122,-0.09316769242286682,-0.22021842002868652,-0.4039114713668823,SwinJSCC_author_Chase_wrapper,1,16,8192,8228,0.0008736115414649248,30.586816370461378,0.9525364637374878,0.21215763688087463,0
kodak,12.png,9.0,30.0,950640589,-1.225611925125122,-0.09316769242286682,-0.22021842002868652,-0.4039114713668823,same_codec_direct,0,4096,4096,12290,0.0043918415904045105,23.57353332868961,0.8430209159851074,0.5008133053779602,1
kodak,12.png,9.0,30.0,950640589,-1.225611925125122,-0.09316769242286682,-0.22021842002868652,-0.4039114713668823,same_codec_full_HARQ,1,4096,8192,16388,0.00436622928828001,23.59893461476149,0.8454136848449707,0.5007193088531494,1
kodak,12.png,9.0,30.0,950640589,-1.225611925125122,-0.09316769242286682,-0.22021842002868652,-0.4039114713668823,adaptive_HARQ,0,4096,4096,12290,0.0043918415904045105,23.57353332868961,0.8430209159851074,0.5008133053779602,1
kodak,12.png,9.0,30.0,950640589,-1.225611925125122,-0.09316769242286682,-0.22021842002868652,-0.4039114713668823,FlowHARQ,0,4096,4096,12290,0.004305421840399504,23.659842904397234,0.8428556323051453,0.5009589195251465,1
kodak,12.png,9.0,60.0,951661046,-0.9854797720909119,0.40514233708381653,0.2805357575416565,2.019010543823242,SwinJSCC_author_one_shot,0,16,4096,4130,0.0009809073526412249,30.083720100887454,0.9479227066040039,0.22152000665664673,0
kodak,12.png,9.0,60.0,951661046,-0.9854797720909119,0.40514233708381653,0.2805357575416565,2.019010543823242,SwinJSCC_author_Chase_wrapper,1,16,8192,8228,0.0007721490692347288,31.12298847725931,0.9591161608695984,0.21410629153251648,0
kodak,12.png,9.0,60.0,951661046,-0.9854797720909119,0.40514233708381653,0.2805357575416565,2.019010543823242,same_codec_direct,0,4096,4096,12290,0.004555722698569298,23.414427187778216,0.8433367609977722,0.5168431401252747,1
kodak,12.png,9.0,60.0,951661046,-0.9854797720909119,0.40514233708381653,0.2805357575416565,2.019010543823242,same_codec_full_HARQ,1,4096,8192,16388,0.004333491902798414,23.631620105858154,0.8554955720901489,0.501065731048584,1
kodak,12.png,9.0,60.0,951661046,-0.9854797720909119,0.40514233708381653,0.2805357575416565,2.019010543823242,adaptive_HARQ,0,4096,4096,12290,0.004555722698569298,23.414427187778216,0.8433367609977722,0.5168431401252747,1
kodak,12.png,9.0,60.0,951661046,-0.9854797720909119,0.40514233708381653,0.2805357575416565,2.019010543823242,FlowHARQ,0,4096,4096,12290,0.0044596437364816666,23.5069983399191,0.8434955477714539,0.5168191194534302,1
kodak,12.png,9.0,90.0,1368695383,0.6687948703765869,0.5943254232406616,0.7085011601448059,-1.3641239404678345,SwinJSCC_author_one_shot,0,16,4096,4130,0.0010499611962586641,29.788267509892453,0.9424766302108765,0.20731613039970398,0
kodak,12.png,9.0,90.0,1368695383,0.6687948703765869,0.5943254232406616,0.7085011601448059,-1.3641239404678345,SwinJSCC_author_Chase_wrapper,1,16,8192,8228,0.0008021630346775055,30.957373550762274,0.9562966823577881,0.21711735427379608,0
kodak,12.png,9.0,90.0,1368695383,0.6687948703765869,0.5943254232406616,0.7085011601448059,-1.3641239404678345,same_codec_direct,0,4096,4096,12290,0.004460669122636318,23.50599990060922,0.837481677532196,0.5137186646461487,1
kodak,12.png,9.0,90.0,1368695383,0.6687948703765869,0.5943254232406616,0.7085011601448059,-1.3641239404678345,same_codec_full_HARQ,1,4096,8192,16388,0.004286556504666805,23.67891447102707,0.8521918058395386,0.5049375891685486,1
kodak,12.png,9.0,90.0,1368695383,0.6687948703765869,0.5943254232406616,0.7085011601448059,-1.3641239404678345,adaptive_HARQ,0,4096,4096,12290,0.004460669122636318,23.50599990060922,0.837481677532196,0.5137186646461487,1
kodak,12.png,9.0,90.0,1368695383,0.6687948703765869,0.5943254232406616,0.7085011601448059,-1.3641239404678345,FlowHARQ,0,4096,4096,12290,0.004361138213425875,23.604001494244848,0.8368961811065674,0.5128391981124878,1
kodak,12.png,9.0,120.0,416705046,0.06228023022413254,-0.02533082477748394,0.12049362063407898,0.7182652950286865,SwinJSCC_author_one_shot,0,16,4096,4130,0.15303924679756165,8.1519718041194,0.05346349999308586,0.7782497406005859,1
kodak,12.png,9.0,120.0,416705046,0.06228023022413254,-0.02533082477748394,0.12049362063407898,0.7182652950286865,SwinJSCC_author_Chase_wrapper,1,16,8192,8228,0.0011979935225099325,29.215455301485424,0.9322323203086853,0.21327318251132965,0
kodak,12.png,9.0,120.0,416705046,0.06228023022413254,-0.02533082477748394,0.12049362063407898,0.7182652950286865,same_codec_direct,0,4096,4096,12290,0.019621536135673523,17.072669954712914,0.4518587589263916,0.7883633375167847,1
kodak,12.png,9.0,120.0,416705046,0.06228023022413254,-0.02533082477748394,0.12049362063407898,0.7182652950286865,same_codec_full_HARQ,1,4096,8192,16388,0.004817098379135132,23.172144840407185,0.8269309997558594,0.5203384160995483,1
kodak,12.png,9.0,120.0,416705046,0.06228023022413254,-0.02533082477748394,0.12049362063407898,0.7182652950286865,adaptive_HARQ,1,4096,8192,16388,0.004817098379135132,23.172144840407185,0.8269309997558594,0.5203384160995483,1
kodak,12.png,9.0,120.0,416705046,0.06228023022413254,-0.02533082477748394,0.12049362063407898,0.7182652950286865,FlowHARQ,1,4096,8192,16388,0.004817098379135132,23.172144840407185,0.8269309997558594,0.5203384160995483,1
kodak,12.png,12.0,30.0,23957767,-0.23791465163230896,0.5285649299621582,-0.714823842048645,0.9952179193496704,SwinJSCC_author_one_shot,0,16,4096,4130,0.0010976333869621158,29.595426914032757,0.9386345148086548,0.21244937181472778,0
kodak,12.png,12.0,30.0,23957767,-0.23791465163230896,0.5285649299621582,-0.714823842048645,0.9952179193496704,SwinJSCC_author_Chase_wrapper,1,16,8192,8228,0.0007887528627179563,31.03059051506471,0.9580022096633911,0.21013078093528748,0
kodak,12.png,12.0,30.0,23957767,-0.23791465163230896,0.5285649299621582,-0.714823842048645,0.9952179193496704,same_codec_direct,0,4096,4096,12290,0.004774457309395075,23.21075985531408,0.8290225863456726,0.5176392793655396,1
kodak,12.png,12.0,30.0,23957767,-0.23791465163230896,0.5285649299621582,-0.714823842048645,0.9952179193496704,same_codec_full_HARQ,1,4096,8192,16388,0.004329740535467863,23.635381284482158,0.8538553714752197,0.502415657043457,1
kodak,12.png,12.0,30.0,23957767,-0.23791465163230896,0.5285649299621582,-0.714823842048645,0.9952179193496704,adaptive_HARQ,0,4096,4096,12290,0.004774457309395075,23.21075985531408,0.8290225863456726,0.5176392793655396,1
kodak,12.png,12.0,30.0,23957767,-0.23791465163230896,0.5285649299621582,-0.714823842048645,0.9952179193496704,FlowHARQ,0,4096,4096,12290,0.004624318331480026,23.34952277345609,0.8287572264671326,0.5208640098571777,1
kodak,12.png,12.0,60.0,4216705739,-0.10575508326292038,0.6853023767471313,0.9849385619163513,-0.6120820045471191,SwinJSCC_author_one_shot,0,16,4096,4130,0.0010044341906905174,29.98078512431142,0.9461588859558105,0.20845714211463928,0
kodak,12.png,12.0,60.0,4216705739,-0.10575508326292038,0.6853023767471313,0.9849385619163513,-0.6120820045471191,SwinJSCC_author_Chase_wrapper,1,16,8192,8228,0.0007900760392658412,31.023311089065523,0.9574858546257019,0.21263903379440308,0
kodak,12.png,12.0,60.0,4216705739,-0.10575508326292038,0.6853023767471313,0.9849385619163513,-0.6120820045471191,same_codec_direct,0,4096,4096,12290,0.004681061953306198,23.296556109979655,0.8392215967178345,0.5152104496955872,1
kodak,12.png,12.0,60.0,4216705739,-0.10575508326292038,0.6853023767471313,0.9849385619163513,-0.6120820045471191,same_codec_full_HARQ,1,4096,8192,16388,0.004388267174363136,23.577069387957543,0.8532425761222839,0.5082781314849854,1
kodak,12.png,12.0,60.0,4216705739,-0.10575508326292038,0.6853023767471313,0.9849385619163513,-0.6120820045471191,adaptive_HARQ,0,4096,4096,12290,0.004681061953306198,23.296556109979655,0.8392215967178345,0.5152104496955872,1
kodak,12.png,12.0,60.0,4216705739,-0.10575508326292038,0.6853023767471313,0.9849385619163513,-0.6120820045471191,FlowHARQ,0,4096,4096,12290,0.00450225779786706,23.465696410579227,0.8394927978515625,0.5162269473075867,1
kodak,12.png,12.0,90.0,2604088505,1.022568702697754,0.7685866355895996,-0.2918606996536255,-0.5581184029579163,SwinJSCC_author_one_shot,0,16,4096,4130,0.0008003705879673362,30.967088792039732,0.9568440318107605,0.2161109447479248,0
kodak,12.png,12.0,90.0,2604088505,1.022568702697754,0.7685866355895996,-0.2918606996536255,-0.5581184029579163,SwinJSCC_author_Chase_wrapper,1,16,8192,8228,0.0007891813293099403,31.028231979682282,0.9573754072189331,0.2141617238521576,0
kodak,12.png,12.0,90.0,2604088505,1.022568702697754,0.7685866355895996,-0.2918606996536255,-0.5581184029579163,same_codec_direct,0,4096,4096,12290,0.004372559487819672,23.59264273317306,0.8530210256576538,0.499063104391098,1
kodak,12.png,12.0,90.0,2604088505,1.022568702697754,0.7685866355895996,-0.2918606996536255,-0.5581184029579163,same_codec_full_HARQ,1,4096,8192,16388,0.004333174787461758,23.631937924567055,0.8541539907455444,0.49800366163253784,1
kodak,12.png,12.0,90.0,2604088505,1.022568702697754,0.7685866355895996,-0.2918606996536255,-0.5581184029579163,adaptive_HARQ,0,4096,4096,12290,0.004372559487819672,23.59264273317306,0.8530210256576538,0.499063104391098,1
kodak,12.png,12.0,90.0,2604088505,1.022568702697754,0.7685866355895996,-0.2918606996536255,-0.5581184029579163,FlowHARQ,0,4096,4096,12290,0.004288236610591412,23.677212597333792,0.8527080416679382,0.4992489218711853,1
kodak,12.png,12.0,120.0,3051919829,0.7758299112319946,0.9989526271820068,0.15560930967330933,-0.21149924397468567,SwinJSCC_author_one_shot,0,16,4096,4130,0.0007980893133208156,30.979485044989797,0.9565038084983826,0.20958000421524048,0
kodak,12.png,12.0,120.0,3051919829,0.7758299112319946,0.9989526271820068,0.15560930967330933,-0.21149924397468567,SwinJSCC_author_Chase_wrapper,1,16,8192,8228,0.000795119209215045,30.995677543333294,0.9567767381668091,0.20997503399848938,0
kodak,12.png,12.0,120.0,3051919829,0.7758299112319946,0.9989526271820068,0.15560930967330933,-0.21149924397468567,same_codec_direct,0,4096,4096,12290,0.0043810210190713406,23.58424663177725,0.8534326553344727,0.5121370553970337,1
kodak,12.png,12.0,120.0,3051919829,0.7758299112319946,0.9989526271820068,0.15560930967330933,-0.21149924397468567,same_codec_full_HARQ,1,4096,8192,16388,0.004378681071102619,23.58656686254416,0.853862464427948,0.5117455720901489,1
kodak,12.png,12.0,120.0,3051919829,0.7758299112319946,0.9989526271820068,0.15560930967330933,-0.21149924397468567,adaptive_HARQ,0,4096,4096,12290,0.0043810210190713406,23.58424663177725,0.8534326553344727,0.5121370553970337,1
kodak,12.png,12.0,120.0,3051919829,0.7758299112319946,0.9989526271820068,0.15560930967330933,-0.21149924397468567,FlowHARQ,0,4096,4096,12290,0.004289297387003899,23.67613842066494,0.8531712293624878,0.5112232565879822,1
kodak,12.png,15.0,30.0,1999837690,0.5590502023696899,-0.6911084651947021,0.3365420699119568,-1.0518070459365845,SwinJSCC_author_one_shot,0,16,4096,4130,0.0008005815907381475,30.965944006570446,0.9566715955734253,0.21118353307247162,0
kodak,12.png,15.0,30.0,1999837690,0.5590502023696899,-0.6911084651947021,0.3365420699119568,-1.0518070459365845,SwinJSCC_author_Chase_wrapper,1,16,8192,8228,0.0007561405654996634,31.213974622418654,0.9596037268638611,0.21218256652355194,0
kodak,12.png,15.0,30.0,1999837690,0.5590502023696899,-0.6911084651947021,0.3365420699119568,-1.0518070459365845,same_codec_direct,0,4096,4096,12290,0.004380426369607449,23.58483615305102,0.8507354259490967,0.508902907371521,1
kodak,12.png,15.0,30.0,1999837690,0.5590502023696899,-0.6911084651947021,0.3365420699119568,-1.0518070459365845,same_codec_full_HARQ,1,4096,8192,16388,0.004308140836656094,23.65710107699307,0.8554753065109253,0.49991166591644287,1
kodak,12.png,15.0,30.0,1999837690,0.5590502023696899,-0.6911084651947021,0.3365420699119568,-1.0518070459365845,adaptive_HARQ,0,4096,4096,12290,0.004380426369607449,23.58483615305102,0.8507354259490967,0.508902907371521,1
kodak,12.png,15.0,30.0,1999837690,0.5590502023696899,-0.6911084651947021,0.3365420699119568,-1.0518070459365845,FlowHARQ,0,4096,4096,12290,0.004319868981838226,23.64529424788688,0.8503204584121704,0.5082793235778809,1
kodak,12.png,15.0,60.0,1768944502,0.01533003244549036,0.9078456163406372,-0.11318646371364594,0.22854188084602356,SwinJSCC_author_one_shot,0,16,4096,4130,0.0007963700918480754,30.988850585256493,0.9569823741912842,0.21051467955112457,0
kodak,12.png,15.0,60.0,1768944502,0.01533003244549036,0.9078456163406372,-0.11318646371364594,0.22854188084602356,SwinJSCC_author_Chase_wrapper,1,16,8192,8228,0.0007884161313995719,31.03244498413208,0.9574661254882812,0.20962606370449066,0
kodak,12.png,15.0,60.0,1768944502,0.01533003244549036,0.9078456163406372,-0.11318646371364594,0.22854188084602356,same_codec_direct,0,4096,4096,12290,0.004252650775015354,23.713402798091323,0.8526157140731812,0.5064110159873962,1
kodak,12.png,15.0,60.0,1768944502,0.01533003244549036,0.9078456163406372,-0.11318646371364594,0.22854188084602356,same_codec_full_HARQ,1,4096,8192,16388,0.004273463971912861,23.692199530750052,0.8530733585357666,0.5064396858215332,1
kodak,12.png,15.0,60.0,1768944502,0.01533003244549036,0.9078456163406372,-0.11318646371364594,0.22854188084602356,adaptive_HARQ,0,4096,4096,12290,0.004252650775015354,23.713402798091323,0.8526157140731812,0.5064110159873962,1
kodak,12.png,15.0,60.0,1768944502,0.01533003244549036,0.9078456163406372,-0.11318646371364594,0.22854188084602356,FlowHARQ,0,4096,4096,12290,0.004188442137092352,23.779474799148083,0.852352499961853,0.5055795907974243,1
kodak,12.png,15.0,90.0,4021421034,0.6384055614471436,0.10388927161693573,-0.20544780790805817,0.7029582858085632,SwinJSCC_author_one_shot,0,16,4096,4130,0.0008698303136043251,30.605654612353167,0.9527124762535095,0.21562129259109497,0
kodak,12.png,15.0,90.0,4021421034,0.6384055614471436,0.10388927161693573,-0.20544780790805817,0.7029582858085632,SwinJSCC_author_Chase_wrapper,1,16,8192,8228,0.0007859173929318786,31.046230998629095,0.9582917094230652,0.21349912881851196,0
kodak,12.png,15.0,90.0,4021421034,0.6384055614471436,0.10388927161693573,-0.20544780790805817,0.7029582858085632,same_codec_direct,0,4096,4096,12290,0.0045860810205340385,23.385582770243012,0.8480092883110046,0.5080128312110901,1
kodak,12.png,15.0,90.0,4021421034,0.6384055614471436,0.10388927161693573,-0.20544780790805817,0.7029582858085632,same_codec_full_HARQ,1,4096,8192,16388,0.004301802255213261,23.663495570921,0.8536314964294434,0.5048023462295532,1
kodak,12.png,15.0,90.0,4021421034,0.6384055614471436,0.10388927161693573,-0.20544780790805817,0.7029582858085632,adaptive_HARQ,0,4096,4096,12290,0.0045860810205340385,23.385582770243012,0.8480092883110046,0.5080128312110901,1
kodak,12.png,15.0,90.0,4021421034,0.6384055614471436,0.10388927161693573,-0.20544780790805817,0.7029582858085632,FlowHARQ,0,4096,4096,12290,0.004497750662267208,23.4700462382322,0.8477517366409302,0.5086979269981384,1
kodak,12.png,15.0,120.0,1567190181,-0.2472817748785019,0.5825250744819641,0.810685932636261,0.37541621923446655,SwinJSCC_author_one_shot,0,16,4096,4130,0.0008932074415497482,30.490476673622098,0.9515446424484253,0.21086449921131134,0
kodak,12.png,15.0,120.0,1567190181,-0.2472817748785019,0.5825250744819641,0.810685932636261,0.37541621923446655,SwinJSCC_author_Chase_wrapper,1,16,8192,8228,0.0007672428619116545,31.150671433611777,0.9588398337364197,0.21527275443077087,0
kodak,12.png,15.0,120.0,1567190181,-0.2472817748785019,0.5825250744819641,0.810685932636261,0.37541621923446655,same_codec_direct,0,4096,4096,12290,0.004534064792096615,23.43512278067248,0.846080482006073,0.5163686275482178,1
kodak,12.png,15.0,120.0,1567190181,-0.2472817748785019,0.5825250744819641,0.810685932636261,0.37541621923446655,same_codec_full_HARQ,1,4096,8192,16388,0.004417526535689831,23.548208330449548,0.8536178469657898,0.5043513774871826,1
kodak,12.png,15.0,120.0,1567190181,-0.2472817748785019,0.5825250744819641,0.810685932636261,0.37541621923446655,adaptive_HARQ,0,4096,4096,12290,0.004534064792096615,23.43512278067248,0.846080482006073,0.5163686275482178,1
kodak,12.png,15.0,120.0,1567190181,-0.2472817748785019,0.5825250744819641,0.810685932636261,0.37541621923446655,FlowHARQ,0,4096,4096,12290,0.004411973059177399,23.553671481553096,0.8462463617324829,0.5167496800422668,1
kodak,13.png,0.0,30.0,2016143640,0.7085933089256287,-0.4045298397541046,-0.3578546643257141,-0.7689515352249146,SwinJSCC_author_one_shot,0,16,4096,4130,0.032647669315338135,14.861478171336834,0.40612372756004333,0.6998714804649353,1
kodak,13.png,0.0,30.0,2016143640,0.7085933089256287,-0.4045298397541046,-0.3578546643257141,-0.7689515352249146,SwinJSCC_author_Chase_wrapper,1,16,8192,8228,0.013552035205066204,18.679954788148642,0.6520562171936035,0.6267541646957397,1
kodak,13.png,0.0,30.0,2016143640,0.7085933089256287,-0.4045298397541046,-0.3578546643257141,-0.7689515352249146,same_codec_direct,0,4096,4096,12290,0.01181800663471222,19.27455770540301,0.6447820067405701,0.8238390684127808,1
kodak,13.png,0.0,30.0,2016143640,0.7085933089256287,-0.4045298397541046,-0.3578546643257141,-0.7689515352249146,same_codec_full_HARQ,1,4096,8192,16388,0.01082544308155775,19.655543190912244,0.6969760656356812,0.7824810743331909,1
kodak,13.png,0.0,30.0,2016143640,0.7085933089256287,-0.4045298397541046,-0.3578546643257141,-0.7689515352249146,adaptive_HARQ,1,4096,8192,16388,0.01082544308155775,19.655543190912244,0.6969760656356812,0.7824810743331909,1
kodak,13.png,0.0,30.0,2016143640,0.7085933089256287,-0.4045298397541046,-0.3578546643257141,-0.7689515352249146,FlowHARQ,1,4096,8192,16388,0.01082544308155775,19.655543190912244,0.6969760656356812,0.7824810743331909,1
kodak,13.png,0.0,60.0,705320630,0.5945714116096497,1.194556713104248,-0.8656247854232788,1.4904944896697998,SwinJSCC_author_one_shot,0,16,4096,4130,0.011754493229091167,19.29796089852827,0.6912053823471069,0.590117871761322,1
kodak,13.png,0.0,60.0,705320630,0.5945714116096497,1.194556713104248,-0.8656247854232788,1.4904944896697998,SwinJSCC_author_Chase_wrapper,1,16,8192,8228,0.006539271678775549,21.84470619183791,0.8559966087341309,0.5219876766204834,1
kodak,13.png,0.0,60.0,705320630,0.5945714116096497,1.194556713104248,-0.8656247854232788,1.4904944896697998,same_codec_direct,0,4096,4096,12290,0.010763327591121197,19.680534413976115,0.7121342420578003,0.7823337316513062,1
kodak,13.png,0.0,60.0,705320630,0.5945714116096497,1.194556713104248,-0.8656247854232788,1.4904944896697998,same_codec_full_HARQ,1,4096,8192,16388,0.010222958400845528,19.904234064283862,0.7526098489761353,0.7421280145645142,1
kodak,13.png,0.0,60.0,705320630,0.5945714116096497,1.194556713104248,-0.8656247854232788,1.4904944896697998,adaptive_HARQ,1,4096,8192,16388,0.010222958400845528,19.904234064283862,0.7526098489761353,0.7421280145645142,1
kodak,13.png,0.0,60.0,705320630,0.5945714116096497,1.194556713104248,-0.8656247854232788,1.4904944896697998,FlowHARQ,1,4096,8192,16388,0.010222958400845528,19.904234064283862,0.7526098489761353,0.7421280145645142,1
kodak,13.png,0.0,90.0,2233086951,-0.3369632065296173,-0.7415042519569397,-0.037350066006183624,0.0866851955652237,SwinJSCC_author_one_shot,0,16,4096,4130,0.040065016597509384,13.97234673010173,0.38790804147720337,0.7268757224082947,1
kodak,13.png,0.0,90.0,2233086951,-0.3369632065296173,-0.7415042519569397,-0.037350066006183624,0.0866851955652237,SwinJSCC_author_Chase_wrapper,1,16,8192,8228,0.03943702206015587,14.040958866230675,0.39499151706695557,0.7254629135131836,1
kodak,13.png,0.0,90.0,2233086951,-0.3369632065296173,-0.7415042519569397,-0.037350066006183624,0.0866851955652237,same_codec_direct,0,4096,4096,12290,0.012796834111213684,18.928974598905857,0.6376292705535889,0.8228307962417603,1
kodak,13.png,0.0,90.0,2233086951,-0.3369632065296173,-0.7415042519569397,-0.037350066006183624,0.0866851955652237,same_codec_full_HARQ,1,4096,8192,16388,0.012709303759038448,18.958782403106525,0.6371986865997314,0.8250870704650879,1
kodak,13.png,0.0,90.0,2233086951,-0.3369632065296173,-0.7415042519569397,-0.037350066006183624,0.0866851955652237,adaptive_HARQ,1,4096,8192,16388,0.012709303759038448,18.958782403106525,0.6371986865997314,0.8250870704650879,1
kodak,13.png,0.0,90.0,2233086951,-0.3369632065296173,-0.7415042519569397,-0.037350066006183624,0.0866851955652237,FlowHARQ,1,4096,8192,16388,0.012709303759038448,18.958782403106525,0.6371986865997314,0.8250870704650879,1
kodak,13.png,0.0,120.0,1164533502,1.0596951246261597,-0.3777240514755249,-0.2998873293399811,0.3029819130897522,SwinJSCC_author_one_shot,0,16,4096,4130,0.016209786757826805,17.90222698322878,0.6078372001647949,0.6230340003967285,1
kodak,13.png,0.0,120.0,1164533502,1.0596951246261597,-0.3777240514755249,-0.2998873293399811,0.3029819130897522,SwinJSCC_author_Chase_wrapper,1,16,8192,8228,0.013643848709762096,18.6506310492572,0.6468088626861572,0.6042658686637878,1
kodak,13.png,0.0,120.0,1164533502,1.0596951246261597,-0.3777240514755249,-0.2998873293399811,0.3029819130897522,same_codec_direct,0,4096,4096,12290,0.011476313695311546,19.40197589192087,0.6895429491996765,0.7951552271842957,1
kodak,13.png,0.0,120.0,1164533502,1.0596951246261597,-0.3777240514755249,-0.2998873293399811,0.3029819130897522,same_codec_full_HARQ,1,4096,8192,16388,0.011492263525724411,19.395944238865155,0.6963374614715576,0.7972702980041504,1
kodak,13.png,0.0,120.0,1164533502,1.0596951246261597,-0.3777240514755249,-0.2998873293399811,0.3029819130897522,adaptive_HARQ,1,4096,8192,16388,0.011492263525724411,19.395944238865155,0.6963374614715576,0.7972702980041504,1
kodak,13.png,0.0,120.0,1164533502,1.0596951246261597,-0.3777240514755249,-0.2998873293399811,0.3029819130897522,FlowHARQ,1,4096,8192,16388,0.011492263525724411,19.395944238865155,0.6963374614715576,0.7972702980041504,1
kodak,13.png,3.0,30.0,3459982112,0.530152440071106,-0.03674764558672905,-0.602323591709137,-0.3008945882320404,SwinJSCC_author_one_shot,0,16,4096,4130,0.03856294974684715,14.138297535611601,0.3971729874610901,0.7020333409309387,1
kodak,13.png,3.0,30.0,3459982112,0.530152440071106,-0.03674764558672905,-0.602323591709137,-0.3008945882320404,SwinJSCC_author_Chase_wrapper,1,16,8192,8228,0.013740587048232555,18.6199471222831,0.6546342372894287,0.6184799671173096,1
kodak,13.png,3.0,30.0,3459982112,0.530152440071106,-0.03674764558672905,-0.602323591709137,-0.3008945882320404,same_codec_direct,0,4096,4096,12290,0.0122056370601058,19.134395481215837,0.6335172057151794,0.8451220989227295,1
kodak,13.png,3.0,30.0,3459982112,0.530152440071106,-0.03674764558672905,-0.602323591709137,-0.3008945882320404,same_codec_full_HARQ,1,4096,8192,16388,0.010922526940703392,19.61676875418175,0.7053095698356628,0.7797585129737854,1
kodak,13.png,3.0,30.0,3459982112,0.530152440071106,-0.03674764558672905,-0.602323591709137,-0.3008945882320404,adaptive_HARQ,1,4096,8192,16388,0.010922526940703392,19.61676875418175,0.7053095698356628,0.7797585129737854,1
kodak,13.png,3.0,30.0,3459982112,0.530152440071106,-0.03674764558672905,-0.602323591709137,-0.3008945882320404,FlowHARQ,1,4096,8192,16388,0.010922526940703392,19.61676875418175,0.7053095698356628,0.7797585129737854,1
kodak,13.png,3.0,60.0,4050849481,0.23946787416934967,-0.015315944328904152,-0.64137202501297,-0.5029652118682861,SwinJSCC_author_one_shot,0,16,4096,4130,0.15956547856330872,7.970610609246991,0.09857787936925888,0.8005540370941162,1
kodak,13.png,3.0,60.0,4050849481,0.23946787416934967,-0.015315944328904152,-0.64137202501297,-0.5029652118682861,SwinJSCC_author_Chase_wrapper,1,16,8192,8228,0.013393810018897057,18.73095865496138,0.6534948348999023,0.6127576231956482,1
kodak,13.png,3.0,60.0,4050849481,0.23946787416934967,-0.015315944328904152,-0.64137202501297,-0.5029652118682861,same_codec_direct,0,4096,4096,12290,0.016770532354712486,17.75453151165859,0.4756987988948822,0.9746626615524292,1
kodak,13.png,3.0,60.0,4050849481,0.23946787416934967,-0.015315944328904152,-0.64137202501297,-0.5029652118682861,same_codec_full_HARQ,1,4096,8192,16388,0.010941809974610806,19.609108318446545,0.7058981657028198,0.7710325717926025,1
kodak,13.png,3.0,60.0,4050849481,0.23946787416934967,-0.015315944328904152,-0.64137202501297,-0.5029652118682861,adaptive_HARQ,1,4096,8192,16388,0.010941809974610806,19.609108318446545,0.7058981657028198,0.7710325717926025,1
kodak,13.png,3.0,60.0,4050849481,0.23946787416934967,-0.015315944328904152,-0.64137202501297,-0.5029652118682861,FlowHARQ,1,4096,8192,16388,0.010941809974610806,19.609108318446545,0.7058981657028198,0.7710325717926025,1
kodak,13.png,3.0,90.0,3981311937,-0.07415774464607239,-0.5296005606651306,-0.5403843522071838,1.0059382915496826,SwinJSCC_author_one_shot,0,16,4096,4130,0.04135362058877945,13.83486461132166,0.3251354694366455,0.6968151926994324,1
kodak,13.png,3.0,90.0,3981311937,-0.07415774464607239,-0.5296005606651306,-0.5403843522071838,1.0059382915496826,SwinJSCC_author_Chase_wrapper,1,16,8192,8228,0.007814832031726837,21.07080352062979,0.7982975840568542,0.5183188915252686,1
kodak,13.png,3.0,90.0,3981311937,-0.07415774464607239,-0.5296005606651306,-0.5403843522071838,1.0059382915496826,same_codec_direct,0,4096,4096,12290,0.01369637530297041,18.633943521283744,0.6162310242652893,0.8268787264823914,1
kodak,13.png,3.0,90.0,3981311937,-0.07415774464607239,-0.5296005606651306,-0.5403843522071838,1.0059382915496826,same_codec_full_HARQ,1,4096,8192,16388,0.010570362210273743,19.75910130646408,0.73594731092453,0.7589209079742432,1
kodak,13.png,3.0,90.0,3981311937,-0.07415774464607239,-0.5296005606651306,-0.5403843522071838,1.0059382915496826,adaptive_HARQ,1,4096,8192,16388,0.010570362210273743,19.75910130646408,0.73594731092453,0.7589209079742432,1
kodak,13.png,3.0,90.0,3981311937,-0.07415774464607239,-0.5296005606651306,-0.5403843522071838,1.0059382915496826,FlowHARQ,1,4096,8192,16388,0.010570362210273743,19.75910130646408,0.73594731092453,0.7589209079742432,1
kodak,13.png,3.0,120.0,431013307,-0.18184088170528412,-0.5921394228935242,-0.3751038908958435,0.998375415802002,SwinJSCC_author_one_shot,0,16,4096,4130,0.030258502811193466,15.191525646447296,0.4458024501800537,0.6587245464324951,1
kodak,13.png,3.0,120.0,431013307,-0.18184088170528412,-0.5921394228935242,-0.3751038908958435,0.998375415802002,SwinJSCC_author_Chase_wrapper,1,16,8192,8228,0.007973034866154194,20.983763367287594,0.80611652135849,0.5245424509048462,1
kodak,13.png,3.0,120.0,431013307,-0.18184088170528412,-0.5921394228935242,-0.3751038908958435,0.998375415802002,same_codec_direct,0,4096,4096,12290,0.01194190513342619,19.229263831787883,0.6557203531265259,0.8115276098251343,1
kodak,13.png,3.0,120.0,431013307,-0.18184088170528412,-0.5921394228935242,-0.3751038908958435,0.998375415802002,same_codec_full_HARQ,1,4096,8192,16388,0.010559022426605225,19.763762877097275,0.7345618605613708,0.7542641758918762,1
kodak,13.png,3.0,120.0,431013307,-0.18184088170528412,-0.5921394228935242,-0.3751038908958435,0.998375415802002,adaptive_HARQ,1,4096,8192,16388,0.010559022426605225,19.763762877097275,0.7345618605613708,0.7542641758918762,1
kodak,13.png,3.0,120.0,431013307,-0.18184088170528412,-0.5921394228935242,-0.3751038908958435,0.998375415802002,FlowHARQ,1,4096,8192,16388,0.010559022426605225,19.763762877097275,0.7345618605613708,0.7542641758918762,1
kodak,13.png,6.0,30.0,164995801,0.0341663658618927,0.8714780211448669,-0.5579993724822998,0.4060211479663849,SwinJSCC_author_one_shot,0,16,4096,4130,0.008243565447628498,20.83884909744736,0.7746402025222778,0.5445271730422974,1
kodak,13.png,6.0,30.0,164995801,0.0341663658618927,0.8714780211448669,-0.5579993724822998,0.4060211479663849,SwinJSCC_author_Chase_wrapper,1,16,8192,8228,0.006372429430484772,21.95694965293101,0.8593181371688843,0.522002100944519,1
kodak,13.png,6.0,30.0,164995801,0.0341663658618927,0.8714780211448669,-0.5579993724822998,0.4060211479663849,same_codec_direct,0,4096,4096,12290,0.010500269941985607,19.787995359007443,0.7392210364341736,0.7497850060462952,1
kodak,13.png,6.0,30.0,164995801,0.0341663658618927,0.8714780211448669,-0.5579993724822998,0.4060211479663849,same_codec_full_HARQ,1,4096,8192,16388,0.010275514796376228,19.881964110455698,0.7542807459831238,0.7384518980979919,1
kodak,13.png,6.0,30.0,164995801,0.0341663658618927,0.8714780211448669,-0.5579993724822998,0.4060211479663849,adaptive_HARQ,1,4096,8192,16388,0.010275514796376228,19.881964110455698,0.7542807459831238,0.7384518980979919,1
kodak,13.png,6.0,30.0,164995801,0.0341663658618927,0.8714780211448669,-0.5579993724822998,0.4060211479663849,FlowHARQ,1,4096,8192,16388,0.010275514796376228,19.881964110455698,0.7542807459831238,0.7384518980979919,1
kodak,13.png,6.0,60.0,3056649653,-0.24634753167629242,0.8090992569923401,0.6665602326393127,0.5248075723648071,SwinJSCC_author_one_shot,0,16,4096,4130,0.008039809763431549,20.9475422732983,0.8102018237113953,0.5396852493286133,1
kodak,13.png,6.0,60.0,3056649653,-0.24634753167629242,0.8090992569923401,0.6665602326393127,0.5248075723648071,SwinJSCC_author_Chase_wrapper,1,16,8192,8228,0.006432648748159409,21.916101624035996,0.8593770861625671,0.509438157081604,1
kodak,13.png,6.0,60.0,3056649653,-0.24634753167629242,0.8090992569923401,0.6665602326393127,0.5248075723648071,same_codec_direct,0,4096,4096,12290,0.010489573702216148,19.79242161238011,0.7363890409469604,0.7543886303901672,1
kodak,13.png,6.0,60.0,3056649653,-0.24634753167629242,0.8090992569923401,0.6665602326393127,0.5248075723648071,same_codec_full_HARQ,1,4096,8192,16388,0.01024538278579712,19.894718109422534,0.7564053535461426,0.7398736476898193,1
kodak,13.png,6.0,60.0,3056649653,-0.24634753167629242,0.8090992569923401,0.6665602326393127,0.5248075723648071,adaptive_HARQ,1,4096,8192,16388,0.01024538278579712,19.894718109422534,0.7564053535461426,0.7398736476898193,1
kodak,13.png,6.0,60.0,3056649653,-0.24634753167629242,0.8090992569923401,0.6665602326393127,0.5248075723648071,FlowHARQ,1,4096,8192,16388,0.01024538278579712,19.894718109422534,0.7564053535461426,0.7398736476898193,1
kodak,13.png,6.0,90.0,2606964985,0.6276133060455322,-0.2703171372413635,-0.6359184384346008,0.14990702271461487,SwinJSCC_author_one_shot,0,16,4096,4130,0.010972648859024048,19.59688518643007,0.7229408025741577,0.5798847675323486,1
kodak,13.png,6.0,90.0,2606964985,0.6276133060455322,-0.2703171372413635,-0.6359184384346008,0.14990702271461487,SwinJSCC_author_Chase_wrapper,1,16,8192,8228,0.00744382431730628,21.282038852624957,0.8187536001205444,0.5351150631904602,1
kodak,13.png,6.0,90.0,2606964985,0.6276133060455322,-0.2703171372413635,-0.6359184384346008,0.14990702271461487,same_codec_direct,0,4096,4096,12290,0.010850438848137856,19.645526963343087,0.7148320078849792,0.7622543573379517,1
kodak,13.png,6.0,90.0,2606964985,0.6276133060455322,-0.2703171372413635,-0.6359184384346008,0.14990702271461487,same_codec_full_HARQ,1,4096,8192,16388,0.010338511317968369,19.85541992473926,0.7468687891960144,0.7371786236763,1
kodak,13.png,6.0,90.0,2606964985,0.6276133060455322,-0.2703171372413635,-0.6359184384346008,0.14990702271461487,adaptive_HARQ,1,4096,8192,16388,0.010338511317968369,19.85541992473926,0.7468687891960144,0.7371786236763,1
kodak,13.png,6.0,90.0,2606964985,0.6276133060455322,-0.2703171372413635,-0.6359184384346008,0.14990702271461487,FlowHARQ,1,4096,8192,16388,0.010338511317968369,19.85541992473926,0.7468687891960144,0.7371786236763,1
kodak,13.png,6.0,120.0,2137811047,0.5627181529998779,-0.22144295275211334,-0.23651441931724548,0.5137817859649658,SwinJSCC_author_one_shot,0,16,4096,4130,0.01254563219845295,19.01507448866576,0.6825659275054932,0.5907831788063049,1
kodak,13.png,6.0,120.0,2137811047,0.5627181529998779,-0.22144295275211334,-0.23651441931724548,0.5137817859649658,SwinJSCC_author_Chase_wrapper,1,16,8192,8228,0.007873047143220901,21.038571480271283,0.8102330565452576,0.515139639377594,1
kodak,13.png,6.0,120.0,2137811047,0.5627181529998779,-0.22144295275211334,-0.23651441931724548,0.5137817859649658,same_codec_direct,0,4096,4096,12290,0.011155012995004654,19.525299194495716,0.7097429633140564,0.7678600549697876,1
kodak,13.png,6.0,120.0,2137811047,0.5627181529998779,-0.22144295275211334,-0.23651441931724548,0.5137817859649658,same_codec_full_HARQ,1,4096,8192,16388,0.01072081457823515,19.697722152596214,0.7375773191452026,0.7606487274169922,1
kodak,13.png,6.0,120.0,2137811047,0.5627181529998779,-0.22144295275211334,-0.23651441931724548,0.5137817859649658,adaptive_HARQ,1,4096,8192,16388,0.01072081457823515,19.697722152596214,0.7375773191452026,0.7606487274169922,1
kodak,13.png,6.0,120.0,2137811047,0.5627181529998779,-0.22144295275211334,-0.23651441931724548,0.5137817859649658,FlowHARQ,1,4096,8192,16388,0.01072081457823515,19.697722152596214,0.7375773191452026,0.7606487274169922,1
kodak,13.png,9.0,30.0,1166207386,0.00795934721827507,0.1418260782957077,0.570724368095398,0.6106126308441162,SwinJSCC_author_one_shot,0,16,4096,4130,0.14791624248027802,8.29984134101506,0.15501855313777924,0.8050278425216675,1
kodak,13.png,9.0,30.0,1166207386,0.00795934721827507,0.1418260782957077,0.570724368095398,0.6106126308441162,SwinJSCC_author_Chase_wrapper,1,16,8192,8228,0.006213170476257801,22.066867301012998,0.8696054816246033,0.4886762499809265,1
kodak,13.png,9.0,30.0,1166207386,0.00795934721827507,0.1418260782957077,0.570724368095398,0.6106126308441162,same_codec_direct,0,4096,4096,12290,0.01489473320543766,18.269672714649786,0.511776328086853,0.8993004560470581,1
kodak,13.png,9.0,30.0,1166207386,0.00795934721827507,0.1418260782957077,0.570724368095398,0.6106126308441162,same_codec_full_HARQ,1,4096,8192,16388,0.01003880426287651,19.983180135815108,0.7591370344161987,0.7365430593490601,1
kodak,13.png,9.0,30.0,1166207386,0.00795934721827507,0.1418260782957077,0.570724368095398,0.6106126308441162,adaptive_HARQ,1,4096,8192,16388,0.01003880426287651,19.983180135815108,0.7591370344161987,0.7365430593490601,1
kodak,13.png,9.0,30.0,1166207386,0.00795934721827507,0.1418260782957077,0.570724368095398,0.6106126308441162,FlowHARQ,1,4096,8192,16388,0.01003880426287651,19.983180135815108,0.7591370344161987,0.7365430593490601,1
kodak,13.png,9.0,60.0,881769239,1.103626012802124,-0.6788939833641052,-0.15357907116413116,0.4867149591445923,SwinJSCC_author_one_shot,0,16,4096,4130,0.005254331976175308,22.79482491339374,0.8974787592887878,0.47573214769363403,1
kodak,13.png,9.0,60.0,881769239,1.103626012802124,-0.6788939833641052,-0.15357907116413116,0.4867149591445923,SwinJSCC_author_Chase_wrapper,1,16,8192,8228,0.005161129869520664,22.87255212639684,0.900143027305603,0.4807896018028259,1
kodak,13.png,9.0,60.0,881769239,1.103626012802124,-0.6788939833641052,-0.15357907116413116,0.4867149591445923,same_codec_direct,0,4096,4096,12290,0.009859932586550713,20.061260543680298,0.7709175944328308,0.7367852330207825,1
kodak,13.png,9.0,60.0,881769239,1.103626012802124,-0.6788939833641052,-0.15357907116413116,0.4867149591445923,same_codec_full_HARQ,1,4096,8192,16388,0.009853328578174114,20.064170345848215,0.7726119756698608,0.7352910041809082,1
kodak,13.png,9.0,60.0,881769239,1.103626012802124,-0.6788939833641052,-0.15357907116413116,0.4867149591445923,adaptive_HARQ,1,4096,8192,16388,0.009853328578174114,20.064170345848215,0.7726119756698608,0.7352910041809082,1
kodak,13.png,9.0,60.0,881769239,1.103626012802124,-0.6788939833641052,-0.15357907116413116,0.4867149591445923,FlowHARQ,1,4096,8192,16388,0.009853328578174114,20.064170345848215,0.7726119756698608,0.7352910041809082,1
kodak,13.png,9.0,90.0,545278833,-0.3151029348373413,0.2524402141571045,1.1034882068634033,1.035504937171936,SwinJSCC_author_one_shot,0,16,4096,4130,0.01355712115764618,18.67832522717148,0.6536057591438293,0.5907124876976013,1
kodak,13.png,9.0,90.0,545278833,-0.3151029348373413,0.2524402141571045,1.1034882068634033,1.035504937171936,SwinJSCC_author_Chase_wrapper,1,16,8192,8228,0.005060936789959669,22.95769086904441,0.9033384323120117,0.48057860136032104,1
kodak,13.png,9.0,90.0,545278833,-0.3151029348373413,0.2524402141571045,1.1034882068634033,1.035504937171936,same_codec_direct,0,4096,4096,12290,0.011184393428266048,19.513875643523516,0.6962679624557495,0.7695507407188416,1
kodak,13.png,9.0,90.0,545278833,-0.3151029348373413,0.2524402141571045,1.1034882068634033,1.035504937171936,same_codec_full_HARQ,1,4096,8192,16388,0.009772194549441338,20.100078954739004,0.7753348350524902,0.7365503907203674,1
kodak,13.png,9.0,90.0,545278833,-0.3151029348373413,0.2524402141571045,1.1034882068634033,1.035504937171936,adaptive_HARQ,1,4096,8192,16388,0.009772194549441338,20.100078954739004,0.7753348350524902,0.7365503907203674,1
kodak,13.png,9.0,90.0,545278833,-0.3151029348373413,0.2524402141571045,1.1034882068634033,1.035504937171936,FlowHARQ,1,4096,8192,16388,0.009772194549441338,20.100078954739004,0.7753348350524902,0.7365503907203674,1
kodak,13.png,9.0,120.0,3116905626,-0.4905974864959717,0.34175458550453186,-0.37138834595680237,-0.5817327499389648,SwinJSCC_author_one_shot,0,16,4096,4130,0.007860551588237286,21.04546977710889,0.8113034963607788,0.5247029662132263,1
kodak,13.png,9.0,120.0,3116905626,-0.4905974864959717,0.34175458550453186,-0.37138834595680237,-0.5817327499389648,SwinJSCC_author_Chase_wrapper,1,16,8192,8228,0.00593147799372673,22.268370765275726,0.8698762655258179,0.4910692274570465,1
kodak,13.png,9.0,120.0,3116905626,-0.4905974864959717,0.34175458550453186,-0.37138834595680237,-0.5817327499389648,same_codec_direct,0,4096,4096,12290,0.010332955047488213,19.8577545996239,0.735231339931488,0.7485722899436951,1
kodak,13.png,9.0,120.0,3116905626,-0.4905974864959717,0.34175458550453186,-0.37138834595680237,-0.5817327499389648,same_codec_full_HARQ,1,4096,8192,16388,0.009948033839464188,20.022627460933393,0.7634273767471313,0.7430673241615295,1
kodak,13.png,9.0,120.0,3116905626,-0.4905974864959717,0.34175458550453186,-0.37138834595680237,-0.5817327499389648,adaptive_HARQ,1,4096,8192,16388,0.009948033839464188,20.022627460933393,0.7634273767471313,0.7430673241615295,1
kodak,13.png,9.0,120.0,3116905626,-0.4905974864959717,0.34175458550453186,-0.37138834595680237,-0.5817327499389648,FlowHARQ,1,4096,8192,16388,0.009948033839464188,20.022627460933393,0.7634273767471313,0.7430673241615295,1
kodak,13.png,12.0,30.0,3571157957,0.1953195333480835,-0.4010433852672577,-0.056137606501579285,-0.22362786531448364,SwinJSCC_author_one_shot,0,16,4096,4130,0.007574836723506451,21.20626723993236,0.8165813684463501,0.5111370086669922,1
kodak,13.png,12.0,30.0,3571157957,0.1953195333480835,-0.4010433852672577,-0.056137606501579285,-0.22362786531448364,SwinJSCC_author_Chase_wrapper,1,16,8192,8228,0.006850483827292919,21.642787546239006,0.8402218818664551,0.48652181029319763,1
kodak,13.png,12.0,30.0,3571157957,0.1953195333480835,-0.4010433852672577,-0.056137606501579285,-0.22362786531448364,same_codec_direct,0,4096,4096,12290,0.01037050224840641,19.842002100112055,0.7411278486251831,0.7404378652572632,1
kodak,13.png,12.0,30.0,3571157957,0.1953195333480835,-0.4010433852672577,-0.056137606501579285,-0.22362786531448364,same_codec_full_HARQ,1,4096,8192,16388,0.010176951065659523,19.923823137173553,0.7476136684417725,0.7319843173027039,1
kodak,13.png,12.0,30.0,3571157957,0.1953195333480835,-0.4010433852672577,-0.056137606501579285,-0.22362786531448364,adaptive_HARQ,1,4096,8192,16388,0.010176951065659523,19.923823137173553,0.7476136684417725,0.7319843173027039,1
kodak,13.png,12.0,30.0,3571157957,0.1953195333480835,-0.4010433852672577,-0.056137606501579285,-0.22362786531448364,FlowHARQ,1,4096,8192,16388,0.010176951065659523,19.923823137173553,0.7476136684417725,0.7319843173027039,1
kodak,13.png,12.0,60.0,3052962708,0.6582183837890625,-1.9866018295288086,0.9932116866111755,-1.660722017288208,SwinJSCC_author_one_shot,0,16,4096,4130,0.004741701763123274,23.24065765141264,0.9137715697288513,0.47464340925216675,1
kodak,13.png,12.0,60.0,3052962708,0.6582183837890625,-1.9866018295288086,0.9932116866111755,-1.660722017288208,SwinJSCC_author_Chase_wrapper,1,16,8192,8228,0.004696878604590893,23.281906644362135,0.9154719114303589,0.47595399618148804,1
kodak,13.png,12.0,60.0,3052962708,0.6582183837890625,-1.9866018295288086,0.9932116866111755,-1.660722017288208,same_codec_direct,0,4096,4096,12290,0.009697258472442627,20.13351028473631,0.7813624739646912,0.7278157472610474,1
kodak,13.png,12.0,60.0,3052962708,0.6582183837890625,-1.9866018295288086,0.9932116866111755,-1.660722017288208,same_codec_full_HARQ,1,4096,8192,16388,0.009706750512123108,20.12926132691802,0.7821218371391296,0.7279020547866821,1
kodak,13.png,12.0,60.0,3052962708,0.6582183837890625,-1.9866018295288086,0.9932116866111755,-1.660722017288208,adaptive_HARQ,1,4096,8192,16388,0.009706750512123108,20.12926132691802,0.7821218371391296,0.7279020547866821,1
kodak,13.png,12.0,60.0,3052962708,0.6582183837890625,-1.9866018295288086,0.9932116866111755,-1.660722017288208,FlowHARQ,1,4096,8192,16388,0.009706750512123108,20.12926132691802,0.7821218371391296,0.7279020547866821,1
kodak,13.png,12.0,90.0,3434022284,-0.4304588735103607,0.5562036037445068,-0.5195887684822083,-0.32042568922042847,SwinJSCC_author_one_shot,0,16,4096,4130,0.005671410821378231,22.463088924785186,0.8802258968353271,0.4981886148452759,1
kodak,13.png,12.0,90.0,3434022284,-0.4304588735103607,0.5562036037445068,-0.5195887684822083,-0.32042568922042847,SwinJSCC_author_Chase_wrapper,1,16,8192,8228,0.005211701150983572,22.830204955304136,0.896703839302063,0.4816964268684387,1
kodak,13.png,12.0,90.0,3434022284,-0.4304588735103607,0.5562036037445068,-0.5195887684822083,-0.32042568922042847,same_codec_direct,0,4096,4096,12290,0.01004202850162983,19.981785503304238,0.7643736600875854,0.7384322881698608,1
kodak,13.png,12.0,90.0,3434022284,-0.4304588735103607,0.5562036037445068,-0.5195887684822083,-0.32042568922042847,same_codec_full_HARQ,1,4096,8192,16388,0.00991060771048069,20.038997141104513,0.7718533277511597,0.7275360226631165,1
kodak,13.png,12.0,90.0,3434022284,-0.4304588735103607,0.5562036037445068,-0.5195887684822083,-0.32042568922042847,adaptive_HARQ,1,4096,8192,16388,0.00991060771048069,20.038997141104513,0.7718533277511597,0.7275360226631165,1
kodak,13.png,12.0,90.0,3434022284,-0.4304588735103607,0.5562036037445068,-0.5195887684822083,-0.32042568922042847,FlowHARQ,1,4096,8192,16388,0.00991060771048069,20.038997141104513,0.7718533277511597,0.7275360226631165,1
kodak,13.png,12.0,120.0,2805622559,-0.7248502373695374,0.4110180735588074,-0.20242619514465332,-0.09560109674930573,SwinJSCC_author_one_shot,0,16,4096,4130,0.0054091415368020535,22.668716545631288,0.8909955024719238,0.4839586019515991,1
kodak,13.png,12.0,120.0,2805622559,-0.7248502373695374,0.4110180735588074,-0.20242619514465332,-0.09560109674930573,SwinJSCC_author_Chase_wrapper,1,16,8192,8228,0.005349058657884598,22.717226395968652,0.892589807510376,0.4798334836959839,1
kodak,13.png,12.0,120.0,2805622559,-0.7248502373695374,0.4110180735588074,-0.20242619514465332,-0.09560109674930573,same_codec_direct,0,4096,4096,12290,0.0099259614944458,20.032274138840258,0.7694426774978638,0.7363389134407043,1
kodak,13.png,12.0,120.0,2805622559,-0.7248502373695374,0.4110180735588074,-0.20242619514465332,-0.09560109674930573,same_codec_full_HARQ,1,4096,8192,16388,0.00989086739718914,20.047656205065177,0.7708232402801514,0.735877275466919,1
kodak,13.png,12.0,120.0,2805622559,-0.7248502373695374,0.4110180735588074,-0.20242619514465332,-0.09560109674930573,adaptive_HARQ,1,4096,8192,16388,0.00989086739718914,20.047656205065177,0.7708232402801514,0.735877275466919,1
kodak,13.png,12.0,120.0,2805622559,-0.7248502373695374,0.4110180735588074,-0.20242619514465332,-0.09560109674930573,FlowHARQ,1,4096,8192,16388,0.00989086739718914,20.047656205065177,0.7708232402801514,0.735877275466919,1
kodak,13.png,15.0,30.0,1917784032,-0.5736722350120544,-1.2997605800628662,-0.585503101348877,-2.156479835510254,SwinJSCC_author_one_shot,0,16,4096,4130,0.00476831616833806,23.2163495594982,0.9134829044342041,0.4787173271179199,1
kodak,13.png,15.0,30.0,1917784032,-0.5736722350120544,-1.2997605800628662,-0.585503101348877,-2.156479835510254,SwinJSCC_author_Chase_wrapper,1,16,8192,8228,0.004679088480770588,23.298387422950825,0.9160143733024597,0.48145490884780884,1
kodak,13.png,15.0,30.0,1917784032,-0.5736722350120544,-1.2997605800628662,-0.585503101348877,-2.156479835510254,same_codec_direct,0,4096,4096,12290,0.009734692052006721,20.116777824315246,0.7802314758300781,0.7350872159004211,1
kodak,13.png,15.0,30.0,1917784032,-0.5736722350120544,-1.2997605800628662,-0.585503101348877,-2.156479835510254,same_codec_full_HARQ,1,4096,8192,16388,0.00970766693353653,20.128851325676045,0.7825726270675659,0.7297239899635315,1
kodak,13.png,15.0,30.0,1917784032,-0.5736722350120544,-1.2997605800628662,-0.585503101348877,-2.156479835510254,adaptive_HARQ,1,4096,8192,16388,0.00970766693353653,20.128851325676045,0.7825726270675659,0.7297239899635315,1
kodak,13.png,15.0,30.0,1917784032,-0.5736722350120544,-1.2997605800628662,-0.585503101348877,-2.156479835510254,FlowHARQ,1,4096,8192,16388,0.00970766693353653,20.128851325676045,0.7825726270675659,0.7297239899635315,1
kodak,13.png,15.0,60.0,4243834831,0.6221094131469727,1.0465049743652344,-0.11700328439474106,0.3208381235599518,SwinJSCC_author_one_shot,0,16,4096,4130,0.004794012755155563,23.193008147983374,0.9119250774383545,0.475608766078949,1
kodak,13.png,15.0,60.0,4243834831,0.6221094131469727,1.0465049743652344,-0.11700328439474106,0.3208381235599518,SwinJSCC_author_Chase_wrapper,1,16,8192,8228,0.004787599202245474,23.1988221405905,0.9121446013450623,0.4750152826309204,1
kodak,13.png,15.0,60.0,4243834831,0.6221094131469727,1.0465049743652344,-0.11700328439474106,0.3208381235599518,same_codec_direct,0,4096,4096,12290,0.0097986850887537,20.088321995128805,0.7804901599884033,0.7299193739891052,1
kodak,13.png,15.0,60.0,4243834831,0.6221094131469727,1.0465049743652344,-0.11700328439474106,0.3208381235599518,same_codec_full_HARQ,1,4096,8192,16388,0.009797116741538048,20.08901716907353,0.7806558609008789,0.7306438684463501,1
kodak,13.png,15.0,60.0,4243834831,0.6221094131469727,1.0465049743652344,-0.11700328439474106,0.3208381235599518,adaptive_HARQ,1,4096,8192,16388,0.009797116741538048,20.08901716907353,0.7806558609008789,0.7306438684463501,1
kodak,13.png,15.0,60.0,4243834831,0.6221094131469727,1.0465049743652344,-0.11700328439474106,0.3208381235599518,FlowHARQ,1,4096,8192,16388,0.009797116741538048,20.08901716907353,0.7806558609008789,0.7306438684463501,1
kodak,13.png,15.0,90.0,980803595,0.292536199092865,-0.3007923662662506,-0.4257924556732178,-0.9628510475158691,SwinJSCC_author_one_shot,0,16,4096,4130,0.006151285953819752,22.11034083530732,0.8652057647705078,0.49744194746017456,1
kodak,13.png,15.0,90.0,980803595,0.292536199092865,-0.3007923662662506,-0.4257924556732178,-0.9628510475158691,SwinJSCC_author_Chase_wrapper,1,16,8192,8228,0.004845473915338516,23.146637400268496,0.9109091758728027,0.478177547454834,1
kodak,13.png,15.0,90.0,980803595,0.292536199092865,-0.3007923662662506,-0.4257924556732178,-0.9628510475158691,same_codec_direct,0,4096,4096,12290,0.010234213434159756,19.89945530073373,0.7542705535888672,0.7497537732124329,1
kodak,13.png,15.0,90.0,980803595,0.292536199092865,-0.3007923662662506,-0.4257924556732178,-0.9628510475158691,same_codec_full_HARQ,1,4096,8192,16388,0.009747850708663464,20.110911307901596,0.7786042094230652,0.7295733690261841,1
kodak,13.png,15.0,90.0,980803595,0.292536199092865,-0.3007923662662506,-0.4257924556732178,-0.9628510475158691,adaptive_HARQ,1,4096,8192,16388,0.009747850708663464,20.110911307901596,0.7786042094230652,0.7295733690261841,1
kodak,13.png,15.0,90.0,980803595,0.292536199092865,-0.3007923662662506,-0.4257924556732178,-0.9628510475158691,FlowHARQ,1,4096,8192,16388,0.009747850708663464,20.110911307901596,0.7786042094230652,0.7295733690261841,1
kodak,13.png,15.0,120.0,1256600141,-0.5369438529014587,0.06340209394693375,-1.0988080501556396,-0.4261668622493744,SwinJSCC_author_one_shot,0,16,4096,4130,0.005547657608985901,22.55890350611853,0.8864550590515137,0.4791174829006195,1
kodak,13.png,15.0,120.0,1256600141,-0.5369438529014587,0.06340209394693375,-1.0988080501556396,-0.4261668622493744,SwinJSCC_author_Chase_wrapper,1,16,8192,8228,0.004792248830199242,23.19460639955798,0.9125716686248779,0.4748700261116028,1
kodak,13.png,15.0,120.0,1256600141,-0.5369438529014587,0.06340209394693375,-1.0988080501556396,-0.4261668622493744,same_codec_direct,0,4096,4096,12290,0.009911682456731796,20.03852620019625,0.7652968168258667,0.7360525131225586,1
kodak,13.png,15.0,120.0,1256600141,-0.5369438529014587,0.06340209394693375,-1.0988080501556396,-0.4261668622493744,same_codec_full_HARQ,1,4096,8192,16388,0.009705375880002975,20.129876401365156,0.7810813784599304,0.7312608957290649,1
kodak,13.png,15.0,120.0,1256600141,-0.5369438529014587,0.06340209394693375,-1.0988080501556396,-0.4261668622493744,adaptive_HARQ,1,4096,8192,16388,0.009705375880002975,20.129876401365156,0.7810813784599304,0.7312608957290649,1
kodak,13.png,15.0,120.0,1256600141,-0.5369438529014587,0.06340209394693375,-1.0988080501556396,-0.4261668622493744,FlowHARQ,1,4096,8192,16388,0.009705375880002975,20.129876401365156,0.7810813784599304,0.7312608957290649,1
kodak,14.png,0.0,30.0,2862656912,-0.34241601824760437,-0.656434178352356,0.2984016239643097,-0.5896361470222473,SwinJSCC_author_one_shot,0,16,4096,4130,0.05364249274134636,12.704910488916996,0.4112967848777771,0.570601761341095,1
kodak,14.png,0.0,30.0,2862656912,-0.34241601824760437,-0.656434178352356,0.2984016239643097,-0.5896361470222473,SwinJSCC_author_Chase_wrapper,1,16,8192,8228,0.032943643629550934,14.822283687152575,0.5866893529891968,0.5282028913497925,1
kodak,14.png,0.0,30.0,2862656912,-0.34241601824760437,-0.656434178352356,0.2984016239643097,-0.5896361470222473,same_codec_direct,0,4096,4096,12290,0.017273394390940666,17.626223109327427,0.6344401836395264,0.6290796995162964,1
kodak,14.png,0.0,30.0,2862656912,-0.34241601824760437,-0.656434178352356,0.2984016239643097,-0.5896361470222473,same_codec_full_HARQ,1,4096,8192,16388,0.014677206054329872,18.333566086345666,0.6972209811210632,0.6039080619812012,1
kodak,14.png,0.0,30.0,2862656912,-0.34241601824760437,-0.656434178352356,0.2984016239643097,-0.5896361470222473,adaptive_HARQ,1,4096,8192,16388,0.014677206054329872,18.333566086345666,0.6972209811210632,0.6039080619812012,1
kodak,14.png,0.0,30.0,2862656912,-0.34241601824760437,-0.656434178352356,0.2984016239643097,-0.5896361470222473,FlowHARQ,1,4096,8192,16388,0.014677206054329872,18.333566086345666,0.6972209811210632,0.6039080619812012,1
kodak,14.png,0.0,60.0,2100413105,-0.2896881699562073,-0.3895309865474701,-0.19880343973636627,-1.2623083591461182,SwinJSCC_author_one_shot,0,16,4096,4130,0.13249018788337708,8.778162840358316,0.171646386384964,0.6492587327957153,1
kodak,14.png,0.0,60.0,2100413105,-0.2896881699562073,-0.3895309865474701,-0.19880343973636627,-1.2623083591461182,SwinJSCC_author_Chase_wrapper,1,16,8192,8228,0.014414552599191666,18.41198832756706,0.7289935946464539,0.3909304440021515,1
kodak,14.png,0.0,60.0,2100413105,-0.2896881699562073,-0.3895309865474701,-0.19880343973636627,-1.2623083591461182,same_codec_direct,0,4096,4096,12290,0.019754722714424133,17.043290618793034,0.5476822853088379,0.6749916672706604,1
kodak,14.png,0.0,60.0,2100413105,-0.2896881699562073,-0.3895309865474701,-0.19880343973636627,-1.2623083591461182,same_codec_full_HARQ,1,4096,8192,16388,0.012725534848868847,18.95323955393485,0.7354375123977661,0.5688883662223816,1
kodak,14.png,0.0,60.0,2100413105,-0.2896881699562073,-0.3895309865474701,-0.19880343973636627,-1.2623083591461182,adaptive_HARQ,1,4096,8192,16388,0.012725534848868847,18.95323955393485,0.7354375123977661,0.5688883662223816,1
kodak,14.png,0.0,60.0,2100413105,-0.2896881699562073,-0.3895309865474701,-0.19880343973636627,-1.2623083591461182,FlowHARQ,1,4096,8192,16388,0.012725534848868847,18.95323955393485,0.7354375123977661,0.5688883662223816,1
kodak,14.png,0.0,90.0,214845280,-0.6500580310821533,0.7261711359024048,0.9549212455749512,-0.16079527139663696,SwinJSCC_author_one_shot,0,16,4096,4130,0.025888875126838684,15.868868192762092,0.5770816802978516,0.521294116973877,1
kodak,14.png,0.0,90.0,214845280,-0.6500580310821533,0.7261711359024048,0.9549212455749512,-0.16079527139663696,SwinJSCC_author_Chase_wrapper,1,16,8192,8228,0.012543531134724617,19.015801878713294,0.7729453444480896,0.37379467487335205,1
kodak,14.png,0.0,90.0,214845280,-0.6500580310821533,0.7261711359024048,0.9549212455749512,-0.16079527139663696,same_codec_direct,0,4096,4096,12290,0.015511622652411461,18.093427687803555,0.6743850111961365,0.599882960319519,1
kodak,14.png,0.0,90.0,214845280,-0.6500580310821533,0.7261711359024048,0.9549212455749512,-0.16079527139663696,same_codec_full_HARQ,1,4096,8192,16388,0.013691815547645092,18.635389601899814,0.7268108129501343,0.5606166124343872,1
kodak,14.png,0.0,90.0,214845280,-0.6500580310821533,0.7261711359024048,0.9549212455749512,-0.16079527139663696,adaptive_HARQ,1,4096,8192,16388,0.013691815547645092,18.635389601899814,0.7268108129501343,0.5606166124343872,1
kodak,14.png,0.0,90.0,214845280,-0.6500580310821533,0.7261711359024048,0.9549212455749512,-0.16079527139663696,FlowHARQ,1,4096,8192,16388,0.013691815547645092,18.635389601899814,0.7268108129501343,0.5606166124343872,1
kodak,14.png,0.0,120.0,3016249540,0.001815961441025138,-0.4857100546360016,-0.3260999619960785,1.3689552545547485,SwinJSCC_author_one_shot,0,16,4096,4130,0.1291065216064453,8.89051819498439,0.24441757798194885,0.6387104988098145,1
kodak,14.png,0.0,120.0,3016249540,0.001815961441025138,-0.4857100546360016,-0.3260999619960785,1.3689552545547485,SwinJSCC_author_Chase_wrapper,1,16,8192,8228,0.012295231223106384,19.102632995421857,0.7837369441986084,0.35138776898384094,1
kodak,14.png,0.0,120.0,3016249540,0.001815961441025138,-0.4857100546360016,-0.3260999619960785,1.3689552545547485,same_codec_direct,0,4096,4096,12290,0.021770045161247253,16.62140670028261,0.5357433557510376,0.671122670173645,1
kodak,14.png,0.0,120.0,3016249540,0.001815961441025138,-0.4857100546360016,-0.3260999619960785,1.3689552545547485,same_codec_full_HARQ,1,4096,8192,16388,0.012757156044244766,18.942461321942613,0.746109664440155,0.5491728186607361,1
kodak,14.png,0.0,120.0,3016249540,0.001815961441025138,-0.4857100546360016,-0.3260999619960785,1.3689552545547485,adaptive_HARQ,1,4096,8192,16388,0.012757156044244766,18.942461321942613,0.746109664440155,0.5491728186607361,1
kodak,14.png,0.0,120.0,3016249540,0.001815961441025138,-0.4857100546360016,-0.3260999619960785,1.3689552545547485,FlowHARQ,1,4096,8192,16388,0.012757156044244766,18.942461321942613,0.746109664440155,0.5491728186607361,1
kodak,14.png,3.0,30.0,2441408201,1.5246803760528564,0.8213933706283569,1.4227709770202637,0.788925290107727,SwinJSCC_author_one_shot,0,16,4096,4130,0.004365568980574608,23.599591450809534,0.915904700756073,0.24511781334877014,1
kodak,14.png,3.0,30.0,2441408201,1.5246803760528564,0.8213933706283569,1.4227709770202637,0.788925290107727,SwinJSCC_author_Chase_wrapper,1,16,8192,8228,0.003263478633016348,24.86319226416288,0.936598539352417,0.2225382775068283,0
kodak,14.png,3.0,30.0,2441408201,1.5246803760528564,0.8213933706283569,1.4227709770202637,0.788925290107727,same_codec_direct,0,4096,4096,12290,0.011902492493391037,19.243620837522023,0.7820758819580078,0.5207071900367737,1
kodak,14.png,3.0,30.0,2441408201,1.5246803760528564,0.8213933706283569,1.4227709770202637,0.788925290107727,same_codec_full_HARQ,1,4096,8192,16388,0.011261789128184319,19.483926088830703,0.794826865196228,0.509098470211029,1
kodak,14.png,3.0,30.0,2441408201,1.5246803760528564,0.8213933706283569,1.4227709770202637,0.788925290107727,adaptive_HARQ,1,4096,8192,16388,0.011261789128184319,19.483926088830703,0.794826865196228,0.509098470211029,1
kodak,14.png,3.0,30.0,2441408201,1.5246803760528564,0.8213933706283569,1.4227709770202637,0.788925290107727,FlowHARQ,1,4096,8192,16388,0.011261789128184319,19.483926088830703,0.794826865196228,0.509098470211029,1
kodak,14.png,3.0,60.0,2940424656,-0.023840172216296196,0.6144946217536926,-0.4499482214450836,-0.02362862229347229,SwinJSCC_author_one_shot,0,16,4096,4130,0.036440134048461914,14.384200341029844,0.5127800703048706,0.5843213200569153,1
kodak,14.png,3.0,60.0,2940424656,-0.023840172216296196,0.6144946217536926,-0.4499482214450836,-0.02362862229347229,SwinJSCC_author_Chase_wrapper,1,16,8192,8228,0.02242434397339821,16.4928025342994,0.6465422511100769,0.4978286325931549,1
kodak,14.png,3.0,60.0,2940424656,-0.023840172216296196,0.6144946217536926,-0.4499482214450836,-0.02362862229347229,same_codec_direct,0,4096,4096,12290,0.017138376832008362,17.660303123009687,0.669705331325531,0.6347901225090027,1
kodak,14.png,3.0,60.0,2940424656,-0.023840172216296196,0.6144946217536926,-0.4499482214450836,-0.02362862229347229,same_codec_full_HARQ,1,4096,8192,16388,0.015198765322566032,18.181916906983638,0.7091536521911621,0.5838205814361572,1
kodak,14.png,3.0,60.0,2940424656,-0.023840172216296196,0.6144946217536926,-0.4499482214450836,-0.02362862229347229,adaptive_HARQ,1,4096,8192,16388,0.015198765322566032,18.181916906983638,0.7091536521911621,0.5838205814361572,1
kodak,14.png,3.0,60.0,2940424656,-0.023840172216296196,0.6144946217536926,-0.4499482214450836,-0.02362862229347229,FlowHARQ,1,4096,8192,16388,0.015198765322566032,18.181916906983638,0.7091536521911621,0.5838205814361572,1
kodak,14.png,3.0,90.0,2894914206,0.3721615672111511,1.0170398950576782,0.1364850401878357,-0.6627508997917175,SwinJSCC_author_one_shot,0,16,4096,4130,0.012344143353402615,19.085390434233418,0.7670178413391113,0.354350209236145,1
kodak,14.png,3.0,90.0,2894914206,0.3721615672111511,1.0170398950576782,0.1364850401878357,-0.6627508997917175,SwinJSCC_author_Chase_wrapper,1,16,8192,8228,0.007326756604015827,21.35088235551018,0.8525420427322388,0.27400389313697815,1
kodak,14.png,3.0,90.0,2894914206,0.3721615672111511,1.0170398950576782,0.1364850401878357,-0.6627508997917175,same_codec_direct,0,4096,4096,12290,0.012739144265651703,18.948597441503846,0.7506167888641357,0.5409327149391174,1
kodak,14.png,3.0,90.0,2894914206,0.3721615672111511,1.0170398950576782,0.1364850401878357,-0.6627508997917175,same_codec_full_HARQ,1,4096,8192,16388,0.012244150042533875,19.120713571010626,0.766514241695404,0.5330002307891846,1
kodak,14.png,3.0,90.0,2894914206,0.3721615672111511,1.0170398950576782,0.1364850401878357,-0.6627508997917175,adaptive_HARQ,1,4096,8192,16388,0.012244150042533875,19.120713571010626,0.766514241695404,0.5330002307891846,1
kodak,14.png,3.0,90.0,2894914206,0.3721615672111511,1.0170398950576782,0.1364850401878357,-0.6627508997917175,FlowHARQ,1,4096,8192,16388,0.012244150042533875,19.120713571010626,0.766514241695404,0.5330002307891846,1
kodak,14.png,3.0,120.0,191777352,0.8551435470581055,-1.378568172454834,-1.788527011871338,0.30133530497550964,SwinJSCC_author_one_shot,0,16,4096,4130,0.004663649946451187,23.312740551680015,0.9114179611206055,0.23505792021751404,1
kodak,14.png,3.0,120.0,191777352,0.8551435470581055,-1.378568172454834,-1.788527011871338,0.30133530497550964,SwinJSCC_author_Chase_wrapper,1,16,8192,8228,0.003188168164342642,24.964587792081968,0.9386242628097534,0.20985528826713562,0
kodak,14.png,3.0,120.0,191777352,0.8551435470581055,-1.378568172454834,-1.788527011871338,0.30133530497550964,same_codec_direct,0,4096,4096,12290,0.01172594353556633,19.30852201422841,0.7774664759635925,0.5225087404251099,1
kodak,14.png,3.0,120.0,191777352,0.8551435470581055,-1.378568172454834,-1.788527011871338,0.30133530497550964,same_codec_full_HARQ,1,4096,8192,16388,0.011071940883994102,19.55776241693648,0.7956554889678955,0.5158288478851318,1
kodak,14.png,3.0,120.0,191777352,0.8551435470581055,-1.378568172454834,-1.788527011871338,0.30133530497550964,adaptive_HARQ,1,4096,8192,16388,0.011071940883994102,19.55776241693648,0.7956554889678955,0.5158288478851318,1
kodak,14.png,3.0,120.0,191777352,0.8551435470581055,-1.378568172454834,-1.788527011871338,0.30133530497550964,FlowHARQ,1,4096,8192,16388,0.011071940883994102,19.55776241693648,0.7956554889678955,0.5158288478851318,1
kodak,14.png,6.0,30.0,1227791269,-0.39862126111984253,0.7695102095603943,-0.03026527166366577,0.9725162982940674,SwinJSCC_author_one_shot,0,16,4096,4130,0.0078300591558218,21.062349568501112,0.8292492628097534,0.31745171546936035,1
kodak,14.png,6.0,30.0,1227791269,-0.39862126111984253,0.7695102095603943,-0.03026527166366577,0.9725162982940674,SwinJSCC_author_Chase_wrapper,1,16,8192,8228,0.003890284104272723,24.100186813446086,0.9225578308105469,0.22003373503684998,0
kodak,14.png,6.0,30.0,1227791269,-0.39862126111984253,0.7695102095603943,-0.03026527166366577,0.9725162982940674,same_codec_direct,0,4096,4096,12290,0.012598961591720581,18.996652480229066,0.7550930380821228,0.5296412110328674,1
kodak,14.png,6.0,30.0,1227791269,-0.39862126111984253,0.7695102095603943,-0.03026527166366577,0.9725162982940674,same_codec_full_HARQ,1,4096,8192,16388,0.011429844424128532,19.419596809085085,0.7813208103179932,0.5192282199859619,1
kodak,14.png,6.0,30.0,1227791269,-0.39862126111984253,0.7695102095603943,-0.03026527166366577,0.9725162982940674,adaptive_HARQ,1,4096,8192,16388,0.011429844424128532,19.419596809085085,0.7813208103179932,0.5192282199859619,1
kodak,14.png,6.0,30.0,1227791269,-0.39862126111984253,0.7695102095603943,-0.03026527166366577,0.9725162982940674,FlowHARQ,1,4096,8192,16388,0.011429844424128532,19.419596809085085,0.7813208103179932,0.5192282199859619,1
kodak,14.png,6.0,60.0,1909225385,1.4528218507766724,-1.7683823108673096,0.892310619354248,-0.6285226345062256,SwinJSCC_author_one_shot,0,16,4096,4130,0.002829119097441435,25.48348769661104,0.9477856159210205,0.20037969946861267,0
kodak,14.png,6.0,60.0,1909225385,1.4528218507766724,-1.7683823108673096,0.892310619354248,-0.6285226345062256,SwinJSCC_author_Chase_wrapper,1,16,8192,8228,0.0027252817526459694,25.645885916281017,0.9501053690910339,0.1991414725780487,0
kodak,14.png,6.0,60.0,1909225385,1.4528218507766724,-1.7683823108673096,0.892310619354248,-0.6285226345062256,same_codec_direct,0,4096,4096,12290,0.010975274257361889,19.595846185144794,0.8022453188896179,0.4961753487586975,1
kodak,14.png,6.0,60.0,1909225385,1.4528218507766724,-1.7683823108673096,0.892310619354248,-0.6285226345062256,same_codec_full_HARQ,1,4096,8192,16388,0.010863104835152626,19.64046029253844,0.8039181232452393,0.49600231647491455,1
kodak,14.png,6.0,60.0,1909225385,1.4528218507766724,-1.7683823108673096,0.892310619354248,-0.6285226345062256,adaptive_HARQ,1,4096,8192,16388,0.010863104835152626,19.64046029253844,0.8039181232452393,0.49600231647491455,1
kodak,14.png,6.0,60.0,1909225385,1.4528218507766724,-1.7683823108673096,0.892310619354248,-0.6285226345062256,FlowHARQ,1,4096,8192,16388,0.010863104835152626,19.64046029253844,0.8039181232452393,0.49600231647491455,1
kodak,14.png,6.0,90.0,4199739488,0.6545431017875671,-0.5476335287094116,0.5312438011169434,-1.0304439067840576,SwinJSCC_author_one_shot,0,16,4096,4130,0.0072777485474944115,21.38002953740464,0.8534935712814331,0.29181987047195435,1
kodak,14.png,6.0,90.0,4199739488,0.6545431017875671,-0.5476335287094116,0.5312438011169434,-1.0304439067840576,SwinJSCC_author_Chase_wrapper,1,16,8192,8228,0.003615231951698661,24.41863833331785,0.928692102432251,0.21342599391937256,0
kodak,14.png,6.0,90.0,4199739488,0.6545431017875671,-0.5476335287094116,0.5312438011169434,-1.0304439067840576,same_codec_direct,0,4096,4096,12290,0.012556659989058971,19.01125865473306,0.7587485313415527,0.5163227319717407,1
kodak,14.png,6.0,90.0,4199739488,0.6545431017875671,-0.5476335287094116,0.5312438011169434,-1.0304439067840576,same_codec_full_HARQ,1,4096,8192,16388,0.011337809264659882,19.454708533957174,0.788603663444519,0.5143577456474304,1
kodak,14.png,6.0,90.0,4199739488,0.6545431017875671,-0.5476335287094116,0.5312438011169434,-1.0304439067840576,adaptive_HARQ,1,4096,8192,16388,0.011337809264659882,19.454708533957174,0.788603663444519,0.5143577456474304,1
kodak,14.png,6.0,90.0,4199739488,0.6545431017875671,-0.5476335287094116,0.5312438011169434,-1.0304439067840576,FlowHARQ,1,4096,8192,16388,0.011337809264659882,19.454708533957174,0.788603663444519,0.5143577456474304,1
kodak,14.png,6.0,120.0,1794467428,-0.5213994383811951,1.410022258758545,0.15790051221847534,-1.0200002193450928,SwinJSCC_author_one_shot,0,16,4096,4130,0.003534385934472084,24.516860297980458,0.9287921190261841,0.21628020703792572,0
kodak,14.png,6.0,120.0,1794467428,-0.5213994383811951,1.410022258758545,0.15790051221847534,-1.0200002193450928,SwinJSCC_author_Chase_wrapper,1,16,8192,8228,0.003059409325942397,25.143624137948105,0.9407341480255127,0.20431303977966309,0
kodak,14.png,6.0,120.0,1794467428,-0.5213994383811951,1.410022258758545,0.15790051221847534,-1.0200002193450928,same_codec_direct,0,4096,4096,12290,0.01139322854578495,19.433531906763704,0.7909123301506042,0.5117601156234741,1
kodak,14.png,6.0,120.0,1794467428,-0.5213994383811951,1.410022258758545,0.15790051221847534,-1.0200002193450928,same_codec_full_HARQ,1,4096,8192,16388,0.01111127994954586,19.54235910185415,0.7970342636108398,0.5097709894180298,1
kodak,14.png,6.0,120.0,1794467428,-0.5213994383811951,1.410022258758545,0.15790051221847534,-1.0200002193450928,adaptive_HARQ,1,4096,8192,16388,0.01111127994954586,19.54235910185415,0.7970342636108398,0.5097709894180298,1
kodak,14.png,6.0,120.0,1794467428,-0.5213994383811951,1.410022258758545,0.15790051221847534,-1.0200002193450928,FlowHARQ,1,4096,8192,16388,0.01111127994954586,19.54235910185415,0.7970342636108398,0.5097709894180298,1
kodak,14.png,9.0,30.0,2124184294,0.7649263143539429,-0.5258737802505493,1.333944320678711,-0.7153260111808777,SwinJSCC_author_one_shot,0,16,4096,4130,0.003923955373466015,24.0627594042758,0.9220556616783142,0.2247542440891266,0
kodak,14.png,9.0,30.0,2124184294,0.7649263143539429,-0.5258737802505493,1.333944320678711,-0.7153260111808777,SwinJSCC_author_Chase_wrapper,1,16,8192,8228,0.0026856879703700542,25.709444461044843,0.9499603509902954,0.19801920652389526,0
kodak,14.png,9.0,30.0,2124184294,0.7649263143539429,-0.5258737802505493,1.333944320678711,-0.7153260111808777,same_codec_direct,0,4096,4096,12290,0.01155876275151968,19.370886502532578,0.7828534841537476,0.5130902528762817,1
kodak,14.png,9.0,30.0,2124184294,0.7649263143539429,-0.5258737802505493,1.333944320678711,-0.7153260111808777,same_codec_full_HARQ,1,4096,8192,16388,0.010959425941109657,19.602121937656772,0.8020097613334656,0.5003407597541809,1
kodak,14.png,9.0,30.0,2124184294,0.7649263143539429,-0.5258737802505493,1.333944320678711,-0.7153260111808777,adaptive_HARQ,1,4096,8192,16388,0.010959425941109657,19.602121937656772,0.8020097613334656,0.5003407597541809,1
kodak,14.png,9.0,30.0,2124184294,0.7649263143539429,-0.5258737802505493,1.333944320678711,-0.7153260111808777,FlowHARQ,1,4096,8192,16388,0.010959425941109657,19.602121937656772,0.8020097613334656,0.5003407597541809,1
kodak,14.png,9.0,60.0,3506957213,-0.6146112680435181,-0.22506053745746613,-0.9943209290504456,0.39128392934799194,SwinJSCC_author_one_shot,0,16,4096,4130,0.0067941355518996716,21.67865792636027,0.8600687980651855,0.27061226963996887,1
kodak,14.png,9.0,60.0,3506957213,-0.6146112680435181,-0.22506053745746613,-0.9943209290504456,0.39128392934799194,SwinJSCC_author_Chase_wrapper,1,16,8192,8228,0.0031835930421948433,24.970824531281334,0.9391054511070251,0.21047067642211914,0
kodak,14.png,9.0,60.0,3506957213,-0.6146112680435181,-0.22506053745746613,-0.9943209290504456,0.39128392934799194,same_codec_direct,0,4096,4096,12290,0.012263125739991665,19.113988186748244,0.760653018951416,0.5267654657363892,1
kodak,14.png,9.0,60.0,3506957213,-0.6146112680435181,-0.22506053745746613,-0.9943209290504456,0.39128392934799194,same_codec_full_HARQ,1,4096,8192,16388,0.011095693334937096,19.548455548894456,0.794867217540741,0.5091691017150879,1
kodak,14.png,9.0,60.0,3506957213,-0.6146112680435181,-0.22506053745746613,-0.9943209290504456,0.39128392934799194,adaptive_HARQ,1,4096,8192,16388,0.011095693334937096,19.548455548894456,0.794867217540741,0.5091691017150879,1
kodak,14.png,9.0,60.0,3506957213,-0.6146112680435181,-0.22506053745746613,-0.9943209290504456,0.39128392934799194,FlowHARQ,1,4096,8192,16388,0.011095693334937096,19.548455548894456,0.794867217540741,0.5091691017150879,1
kodak,14.png,9.0,90.0,3689847171,0.806635856628418,-0.1297890990972519,-0.07411234080791473,-0.1717858612537384,SwinJSCC_author_one_shot,0,16,4096,4130,0.004838911350816488,23.152523341228047,0.9039636850357056,0.24211107194423676,1
kodak,14.png,9.0,90.0,3689847171,0.806635856628418,-0.1297890990972519,-0.07411234080791473,-0.1717858612537384,SwinJSCC_author_Chase_wrapper,1,16,8192,8228,0.0048991357907652855,23.09880522910936,0.9026038646697998,0.241653710603714,1
kodak,14.png,9.0,90.0,3689847171,0.806635856628418,-0.1297890990972519,-0.07411234080791473,-0.1717858612537384,same_codec_direct,0,4096,4096,12290,0.011590253561735153,19.359070628062202,0.7790626883506775,0.5278345346450806,1
kodak,14.png,9.0,90.0,3689847171,0.806635856628418,-0.1297890990972519,-0.07411234080791473,-0.1717858612537384,same_codec_full_HARQ,1,4096,8192,16388,0.011568037793040276,19.36740301197363,0.7795681953430176,0.5288882851600647,1
kodak,14.png,9.0,90.0,3689847171,0.806635856628418,-0.1297890990972519,-0.07411234080791473,-0.1717858612537384,adaptive_HARQ,1,4096,8192,16388,0.011568037793040276,19.36740301197363,0.7795681953430176,0.5288882851600647,1
kodak,14.png,9.0,90.0,3689847171,0.806635856628418,-0.1297890990972519,-0.07411234080791473,-0.1717858612537384,FlowHARQ,1,4096,8192,16388,0.011568037793040276,19.36740301197363,0.7795681953430176,0.5288882851600647,1
kodak,14.png,9.0,120.0,1760381239,-1.7949907779693604,-0.3073277771472931,0.9126026630401611,0.1572054773569107,SwinJSCC_author_one_shot,0,16,4096,4130,0.002701041055843234,25.68468814483169,0.9498295187950134,0.19951432943344116,0
kodak,14.png,9.0,120.0,1760381239,-1.7949907779693604,-0.3073277771472931,0.9126026630401611,0.1572054773569107,SwinJSCC_author_Chase_wrapper,1,16,8192,8228,0.0026141656562685966,25.82666895208493,0.9520426988601685,0.19759459793567657,0
kodak,14.png,9.0,120.0,1760381239,-1.7949907779693604,-0.3073277771472931,0.9126026630401611,0.1572054773569107,same_codec_direct,0,4096,4096,12290,0.010899900458753109,19.625774681521875,0.8024134039878845,0.4996221959590912,1
kodak,14.png,9.0,120.0,1760381239,-1.7949907779693604,-0.3073277771472931,0.9126026630401611,0.1572054773569107,same_codec_full_HARQ,1,4096,8192,16388,0.010817233473062515,19.658837966241972,0.8045181035995483,0.4993757903575897,1
kodak,14.png,9.0,120.0,1760381239,-1.7949907779693604,-0.3073277771472931,0.9126026630401611,0.1572054773569107,adaptive_HARQ,1,4096,8192,16388,0.010817233473062515,19.658837966241972,0.8045181035995483,0.4993757903575897,1
kodak,14.png,9.0,120.0,1760381239,-1.7949907779693604,-0.3073277771472931,0.9126026630401611,0.1572054773569107,FlowHARQ,1,4096,8192,16388,0.010817233473062515,19.658837966241972,0.8045181035995483,0.4993757903575897,1
kodak,14.png,12.0,30.0,145460531,-0.19567617774009705,1.7149971723556519,0.09832249581813812,1.0269222259521484,SwinJSCC_author_one_shot,0,16,4096,4130,0.002552673453465104,25.930047380467794,0.9528971910476685,0.19204527139663696,0
kodak,14.png,12.0,30.0,145460531,-0.19567617774009705,1.7149971723556519,0.09832249581813812,1.0269222259521484,SwinJSCC_author_Chase_wrapper,1,16,8192,8228,0.00249007367528975,26.037878029852145,0.9543234705924988,0.19164742529392242,0
kodak,14.png,12.0,30.0,145460531,-0.19567617774009705,1.7149971723556519,0.09832249581813812,1.0269222259521484,same_codec_direct,0,4096,4096,12290,0.010739370249211788,19.690211846803184,0.8070628643035889,0.5038947463035583,1
kodak,14.png,12.0,30.0,145460531,-0.19567617774009705,1.7149971723556519,0.09832249581813812,1.0269222259521484,same_codec_full_HARQ,1,4096,8192,16388,0.010769407264888287,19.678081990856956,0.8081337809562683,0.5006219744682312,1
kodak,14.png,12.0,30.0,145460531,-0.19567617774009705,1.7149971723556519,0.09832249581813812,1.0269222259521484,adaptive_HARQ,1,4096,8192,16388,0.010769407264888287,19.678081990856956,0.8081337809562683,0.5006219744682312,1
kodak,14.png,12.0,30.0,145460531,-0.19567617774009705,1.7149971723556519,0.09832249581813812,1.0269222259521484,FlowHARQ,1,4096,8192,16388,0.010769407264888287,19.678081990856956,0.8081337809562683,0.5006219744682312,1
kodak,14.png,12.0,60.0,2810645102,-0.5477828979492188,-0.530523955821991,1.1511695384979248,0.8983237147331238,SwinJSCC_author_one_shot,0,16,4096,4130,0.0036313615273684263,24.39930511889857,0.9287086725234985,0.21510723233222961,0
kodak,14.png,12.0,60.0,2810645102,-0.5477828979492188,-0.530523955821991,1.1511695384979248,0.8983237147331238,SwinJSCC_author_Chase_wrapper,1,16,8192,8228,0.0025785164907574654,25.88630086742406,0.9527983665466309,0.19832246005535126,0
kodak,14.png,12.0,60.0,2810645102,-0.5477828979492188,-0.530523955821991,1.1511695384979248,0.8983237147331238,same_codec_direct,0,4096,4096,12290,0.011054927483201027,19.56444101909232,0.7932184934616089,0.5125789642333984,1
kodak,14.png,12.0,60.0,2810645102,-0.5477828979492188,-0.530523955821991,1.1511695384979248,0.8983237147331238,same_codec_full_HARQ,1,4096,8192,16388,0.010776450857520103,19.675242471999674,0.8073949813842773,0.5009371638298035,1
kodak,14.png,12.0,60.0,2810645102,-0.5477828979492188,-0.530523955821991,1.1511695384979248,0.8983237147331238,adaptive_HARQ,1,4096,8192,16388,0.010776450857520103,19.675242471999674,0.8073949813842773,0.5009371638298035,1
kodak,14.png,12.0,60.0,2810645102,-0.5477828979492188,-0.530523955821991,1.1511695384979248,0.8983237147331238,FlowHARQ,1,4096,8192,16388,0.010776450857520103,19.675242471999674,0.8073949813842773,0.5009371638298035,1
kodak,14.png,12.0,90.0,1091587370,0.12016717344522476,0.41216355562210083,0.28201836347579956,0.03096737712621689,SwinJSCC_author_one_shot,0,16,4096,4130,0.00852668471634388,20.692197952415796,0.8373717665672302,0.3129715621471405,1
kodak,14.png,12.0,90.0,1091587370,0.12016717344522476,0.41216355562210083,0.28201836347579956,0.03096737712621689,SwinJSCC_author_Chase_wrapper,1,16,8192,8228,0.0054192449897527695,22.660612152373353,0.8913049697875977,0.26367512345314026,1
kodak,14.png,12.0,90.0,1091587370,0.12016717344522476,0.41216355562210083,0.28201836347579956,0.03096737712621689,same_codec_direct,0,4096,4096,12290,0.0124102383852005,19.06219876165831,0.7570667266845703,0.5251717567443848,1
kodak,14.png,12.0,90.0,1091587370,0.12016717344522476,0.41216355562210083,0.28201836347579956,0.03096737712621689,same_codec_full_HARQ,1,4096,8192,16388,0.012079345062375069,19.179566123628472,0.7697705030441284,0.5094298720359802,1
kodak,14.png,12.0,90.0,1091587370,0.12016717344522476,0.41216355562210083,0.28201836347579956,0.03096737712621689,adaptive_HARQ,1,4096,8192,16388,0.012079345062375069,19.179566123628472,0.7697705030441284,0.5094298720359802,1
kodak,14.png,12.0,90.0,1091587370,0.12016717344522476,0.41216355562210083,0.28201836347579956,0.03096737712621689,FlowHARQ,1,4096,8192,16388,0.012079345062375069,19.179566123628472,0.7697705030441284,0.5094298720359802,1
kodak,14.png,12.0,120.0,118894308,-0.6296764016151428,1.3267467021942139,-0.6262407898902893,-0.5351587533950806,SwinJSCC_author_one_shot,0,16,4096,4130,0.0025969285052269697,25.855400065558403,0.9521410465240479,0.19774329662322998,0
kodak,14.png,12.0,120.0,118894308,-0.6296764016151428,1.3267467021942139,-0.6262407898902893,-0.5351587533950806,SwinJSCC_author_Chase_wrapper,1,16,8192,8228,0.0025291340425610542,25.970281527030735,0.9538547992706299,0.1978152096271515,0
kodak,14.png,12.0,120.0,118894308,-0.6296764016151428,1.3267467021942139,-0.6262407898902893,-0.5351587533950806,same_codec_direct,0,4096,4096,12290,0.010809620842337608,19.661895390687455,0.8062757849693298,0.5011013746261597,1
kodak,14.png,12.0,120.0,118894308,-0.6296764016151428,1.3267467021942139,-0.6262407898902893,-0.5351587533950806,same_codec_full_HARQ,1,4096,8192,16388,0.010789896361529827,19.669827267565584,0.8070645332336426,0.5018467307090759,1
kodak,14.png,12.0,120.0,118894308,-0.6296764016151428,1.3267467021942139,-0.6262407898902893,-0.5351587533950806,adaptive_HARQ,1,4096,8192,16388,0.010789896361529827,19.669827267565584,0.8070645332336426,0.5018467307090759,1
kodak,14.png,12.0,120.0,118894308,-0.6296764016151428,1.3267467021942139,-0.6262407898902893,-0.5351587533950806,FlowHARQ,1,4096,8192,16388,0.010789896361529827,19.669827267565584,0.8070645332336426,0.5018467307090759,1
kodak,14.png,15.0,30.0,2209968671,0.26331424713134766,0.18230575323104858,0.5979115962982178,0.2070619910955429,SwinJSCC_author_one_shot,0,16,4096,4130,0.007477169390767813,21.262627805620337,0.847074031829834,0.27293866872787476,1
kodak,14.png,15.0,30.0,2209968671,0.26331424713134766,0.18230575323104858,0.5979115962982178,0.2070619910955429,SwinJSCC_author_Chase_wrapper,1,16,8192,8228,0.0029407432302832603,25.315428940714217,0.9456237554550171,0.19519799947738647,0
kodak,14.png,15.0,30.0,2209968671,0.26331424713134766,0.18230575323104858,0.5979115962982178,0.2070619910955429,same_codec_direct,0,4096,4096,12290,0.012277658097445965,19.10884464819546,0.7687877416610718,0.5178404450416565,1
kodak,14.png,15.0,30.0,2209968671,0.26331424713134766,0.18230575323104858,0.5979115962982178,0.2070619910955429,same_codec_full_HARQ,1,4096,8192,16388,0.011197952553629875,19.508613769678778,0.7996748685836792,0.509543776512146,1
kodak,14.png,15.0,30.0,2209968671,0.26331424713134766,0.18230575323104858,0.5979115962982178,0.2070619910955429,adaptive_HARQ,1,4096,8192,16388,0.011197952553629875,19.508613769678778,0.7996748685836792,0.509543776512146,1
kodak,14.png,15.0,30.0,2209968671,0.26331424713134766,0.18230575323104858,0.5979115962982178,0.2070619910955429,FlowHARQ,1,4096,8192,16388,0.011197952553629875,19.508613769678778,0.7996748685836792,0.509543776512146,1
kodak,14.png,15.0,60.0,2157222131,0.7335782647132874,-0.10516954213380814,0.3369557559490204,0.5979506969451904,SwinJSCC_author_one_shot,0,16,4096,4130,0.0028578564524650574,25.439595892147402,0.9466690421104431,0.1979486346244812,0
kodak,14.png,15.0,60.0,2157222131,0.7335782647132874,-0.10516954213380814,0.3369557559490204,0.5979506969451904,SwinJSCC_author_Chase_wrapper,1,16,8192,8228,0.002623602282255888,25.811019999796734,0.9523015022277832,0.1977682113647461,0
kodak,14.png,15.0,60.0,2157222131,0.7335782647132874,-0.10516954213380814,0.3369557559490204,0.5979506969451904,same_codec_direct,0,4096,4096,12290,0.01110299676656723,19.545597866611523,0.7994987368583679,0.5035466551780701,1
kodak,14.png,15.0,60.0,2157222131,0.7335782647132874,-0.10516954213380814,0.3369557559490204,0.5979506969451904,same_codec_full_HARQ,1,4096,8192,16388,0.010884332470595837,19.631982008191553,0.8044884204864502,0.4968582093715668,1
kodak,14.png,15.0,60.0,2157222131,0.7335782647132874,-0.10516954213380814,0.3369557559490204,0.5979506969451904,adaptive_HARQ,1,4096,8192,16388,0.010884332470595837,19.631982008191553,0.8044884204864502,0.4968582093715668,1
kodak,14.png,15.0,60.0,2157222131,0.7335782647132874,-0.10516954213380814,0.3369557559490204,0.5979506969451904,FlowHARQ,1,4096,8192,16388,0.010884332470595837,19.631982008191553,0.8044884204864502,0.4968582093715668,1
kodak,14.png,15.0,90.0,1103260023,-1.031550645828247,1.6195796728134155,1.2526135444641113,-0.7791141271591187,SwinJSCC_author_one_shot,0,16,4096,4130,0.002406736835837364,26.18571394972992,0.9569061994552612,0.19291511178016663,0
kodak,14.png,15.0,90.0,1103260023,-1.031550645828247,1.6195796728134155,1.2526135444641113,-0.7791141271591187,SwinJSCC_author_Chase_wrapper,1,16,8192,8228,0.002379385055974126,26.235352703827314,0.9575386047363281,0.1922113448381424,0
kodak,14.png,15.0,90.0,1103260023,-1.031550645828247,1.6195796728134155,1.2526135444641113,-0.7791141271591187,same_codec_direct,0,4096,4096,12290,0.010687610134482384,19.71119396890529,0.8093936443328857,0.5001651644706726,1
kodak,14.png,15.0,90.0,1103260023,-1.031550645828247,1.6195796728134155,1.2526135444641113,-0.7791141271591187,same_codec_full_HARQ,1,4096,8192,16388,0.010680596344172955,19.714044980796295,0.809958815574646,0.5007756948471069,1
kodak,14.png,15.0,90.0,1103260023,-1.031550645828247,1.6195796728134155,1.2526135444641113,-0.7791141271591187,adaptive_HARQ,1,4096,8192,16388,0.010680596344172955,19.714044980796295,0.809958815574646,0.5007756948471069,1
kodak,14.png,15.0,90.0,1103260023,-1.031550645828247,1.6195796728134155,1.2526135444641113,-0.7791141271591187,FlowHARQ,1,4096,8192,16388,0.010680596344172955,19.714044980796295,0.809958815574646,0.5007756948471069,1
kodak,14.png,15.0,120.0,2937046846,0.05694198235869408,0.16333599388599396,-0.7249927520751953,0.04428552836179733,SwinJSCC_author_one_shot,0,16,4096,4130,0.033581167459487915,14.73904209555922,0.5244418978691101,0.5789501667022705,1
kodak,14.png,15.0,120.0,2937046846,0.05694198235869408,0.16333599388599396,-0.7249927520751953,0.04428552836179733,SwinJSCC_author_Chase_wrapper,1,16,8192,8228,0.0029172569047659636,25.350253235661842,0.9456843137741089,0.20059360563755035,0
kodak,14.png,15.0,120.0,2937046846,0.05694198235869408,0.16333599388599396,-0.7249927520751953,0.04428552836179733,same_codec_direct,0,4096,4096,12290,0.014557631686329842,18.369092726341414,0.697959303855896,0.5988380908966064,1
kodak,14.png,15.0,120.0,2937046846,0.05694198235869408,0.16333599388599396,-0.7249927520751953,0.04428552836179733,same_codec_full_HARQ,1,4096,8192,16388,0.010946097783744335,19.60740676534195,0.8009557723999023,0.5055090188980103,1
kodak,14.png,15.0,120.0,2937046846,0.05694198235869408,0.16333599388599396,-0.7249927520751953,0.04428552836179733,adaptive_HARQ,1,4096,8192,16388,0.010946097783744335,19.60740676534195,0.8009557723999023,0.5055090188980103,1
kodak,14.png,15.0,120.0,2937046846,0.05694198235869408,0.16333599388599396,-0.7249927520751953,0.04428552836179733,FlowHARQ,1,4096,8192,16388,0.010946097783744335,19.60740676534195,0.8009557723999023,0.5055090188980103,1
kodak,15.png,0.0,30.0,1615329258,0.9295743703842163,-1.2599002122879028,1.3291380405426025,-0.9322621822357178,SwinJSCC_author_one_shot,0,16,4096,4130,0.002271027769893408,26.437775552396513,0.9108867645263672,0.3398180902004242,0
kodak,15.png,0.0,30.0,1615329258,0.9295743703842163,-1.2599002122879028,1.3291380405426025,-0.9322621822357178,SwinJSCC_author_Chase_wrapper,1,16,8192,8228,0.0014062444679439068,28.519391730218324,0.9456583261489868,0.2958517372608185,0
kodak,15.png,0.0,30.0,1615329258,0.9295743703842163,-1.2599002122879028,1.3291380405426025,-0.9322621822357178,same_codec_direct,0,4096,4096,12290,0.00613759458065033,22.12001802316952,0.82893967628479,0.5114588737487793,1
kodak,15.png,0.0,30.0,1615329258,0.9295743703842163,-1.2599002122879028,1.3291380405426025,-0.9322621822357178,same_codec_full_HARQ,1,4096,8192,16388,0.005326889455318451,22.73526315688109,0.8508736491203308,0.49094122648239136,1
kodak,15.png,0.0,30.0,1615329258,0.9295743703842163,-1.2599002122879028,1.3291380405426025,-0.9322621822357178,adaptive_HARQ,1,4096,8192,16388,0.005326889455318451,22.73526315688109,0.8508736491203308,0.49094122648239136,1
kodak,15.png,0.0,30.0,1615329258,0.9295743703842163,-1.2599002122879028,1.3291380405426025,-0.9322621822357178,FlowHARQ,1,4096,8192,16388,0.005326889455318451,22.73526315688109,0.8508736491203308,0.49094122648239136,1
kodak,15.png,0.0,60.0,3850104616,-1.609778642654419,-0.10775461047887802,0.8767284154891968,0.9288840889930725,SwinJSCC_author_one_shot,0,16,4096,4130,0.0019433837151154876,27.114414408287352,0.9221698045730591,0.3196873664855957,0
kodak,15.png,0.0,60.0,3850104616,-1.609778642654419,-0.10775461047887802,0.8767284154891968,0.9288840889930725,SwinJSCC_author_Chase_wrapper,1,16,8192,8228,0.001402539201080799,28.530849913372904,0.9446985721588135,0.3051423728466034,0
kodak,15.png,0.0,60.0,3850104616,-1.609778642654419,-0.10775461047887802,0.8767284154891968,0.9288840889930725,same_codec_direct,0,4096,4096,12290,0.006115495227277279,22.13568368428954,0.8328646421432495,0.5299432277679443,1
kodak,15.png,0.0,60.0,3850104616,-1.609778642654419,-0.10775461047887802,0.8767284154891968,0.9288840889930725,same_codec_full_HARQ,1,4096,8192,16388,0.005596466362476349,22.520861022197245,0.8483964800834656,0.51966392993927,1
kodak,15.png,0.0,60.0,3850104616,-1.609778642654419,-0.10775461047887802,0.8767284154891968,0.9288840889930725,adaptive_HARQ,1,4096,8192,16388,0.005596466362476349,22.520861022197245,0.8483964800834656,0.51966392993927,1
kodak,15.png,0.0,60.0,3850104616,-1.609778642654419,-0.10775461047887802,0.8767284154891968,0.9288840889930725,FlowHARQ,1,4096,8192,16388,0.005596466362476349,22.520861022197245,0.8483964800834656,0.51966392993927,1
kodak,15.png,0.0,90.0,51542593,-0.7658515572547913,-0.004316944163292646,-0.207779660820961,-0.16179706156253815,SwinJSCC_author_one_shot,0,16,4096,4130,0.057700954377651215,12.388170035250347,0.40859565138816833,0.7420896887779236,1
kodak,15.png,0.0,90.0,51542593,-0.7658515572547913,-0.004316944163292646,-0.207779660820961,-0.16179706156253815,SwinJSCC_author_Chase_wrapper,1,16,8192,8228,0.04443250223994255,13.522992285462195,0.44605201482772827,0.7150036692619324,1
kodak,15.png,0.0,90.0,51542593,-0.7658515572547913,-0.004316944163292646,-0.207779660820961,-0.16179706156253815,same_codec_direct,0,4096,4096,12290,0.0087759830057621,20.567042264213683,0.7513019442558289,0.6197574138641357,1
kodak,15.png,0.0,90.0,51542593,-0.7658515572547913,-0.004316944163292646,-0.207779660820961,-0.16179706156253815,same_codec_full_HARQ,1,4096,8192,16388,0.008540108799934387,20.685365964175354,0.7600541114807129,0.6080917119979858,1
kodak,15.png,0.0,90.0,51542593,-0.7658515572547913,-0.004316944163292646,-0.207779660820961,-0.16179706156253815,adaptive_HARQ,1,4096,8192,16388,0.008540108799934387,20.685365964175354,0.7600541114807129,0.6080917119979858,1
kodak,15.png,0.0,90.0,51542593,-0.7658515572547913,-0.004316944163292646,-0.207779660820961,-0.16179706156253815,FlowHARQ,1,4096,8192,16388,0.008540108799934387,20.685365964175354,0.7600541114807129,0.6080917119979858,1
kodak,15.png,0.0,120.0,739519578,0.037080831825733185,-1.1228911876678467,-0.0799407884478569,-0.6097310781478882,SwinJSCC_author_one_shot,0,16,4096,4130,0.008428746834397316,20.74236990424191,0.7484731078147888,0.4919719398021698,1
kodak,15.png,0.0,120.0,739519578,0.037080831825733185,-1.1228911876678467,-0.0799407884478569,-0.6097310781478882,SwinJSCC_author_Chase_wrapper,1,16,8192,8228,0.00846082717180252,20.725871761349115,0.7783421874046326,0.4290864169597626,1
kodak,15.png,0.0,120.0,739519578,0.037080831825733185,-1.1228911876678467,-0.0799407884478569,-0.6097310781478882,same_codec_direct,0,4096,4096,12290,0.006558844819664955,21.83172644255834,0.7989396452903748,0.5587391257286072,1
kodak,15.png,0.0,120.0,739519578,0.037080831825733185,-1.1228911876678467,-0.0799407884478569,-0.6097310781478882,same_codec_full_HARQ,1,4096,8192,16388,0.006186778657138348,22.08535421349157,0.8094749450683594,0.5400742292404175,1
kodak,15.png,0.0,120.0,739519578,0.037080831825733185,-1.1228911876678467,-0.0799407884478569,-0.6097310781478882,adaptive_HARQ,1,4096,8192,16388,0.006186778657138348,22.08535421349157,0.8094749450683594,0.5400742292404175,1
kodak,15.png,0.0,120.0,739519578,0.037080831825733185,-1.1228911876678467,-0.0799407884478569,-0.6097310781478882,FlowHARQ,1,4096,8192,16388,0.006186778657138348,22.08535421349157,0.8094749450683594,0.5400742292404175,1
kodak,15.png,3.0,30.0,2071831803,-0.6572313904762268,0.20842596888542175,-0.8874948024749756,0.49864184856414795,SwinJSCC_author_one_shot,0,16,4096,4130,0.01544493343681097,18.11213959041908,0.6675324440002441,0.5798317790031433,1
kodak,15.png,3.0,30.0,2071831803,-0.6572313904762268,0.20842596888542175,-0.8874948024749756,0.49864184856414795,SwinJSCC_author_Chase_wrapper,1,16,8192,8228,0.0028081813361495733,25.515748514046408,0.8962456583976746,0.33366766571998596,0
kodak,15.png,3.0,30.0,2071831803,-0.6572313904762268,0.20842596888542175,-0.8874948024749756,0.49864184856414795,same_codec_direct,0,4096,4096,12290,0.0075279464945197105,21.233234763525076,0.7907928228378296,0.5900498628616333,1
kodak,15.png,3.0,30.0,2071831803,-0.6572313904762268,0.20842596888542175,-0.8874948024749756,0.49864184856414795,same_codec_full_HARQ,1,4096,8192,16388,0.0056333765387535095,22.492312192532758,0.839900016784668,0.5308555960655212,1
kodak,15.png,3.0,30.0,2071831803,-0.6572313904762268,0.20842596888542175,-0.8874948024749756,0.49864184856414795,adaptive_HARQ,1,4096,8192,16388,0.0056333765387535095,22.492312192532758,0.839900016784668,0.5308555960655212,1
kodak,15.png,3.0,30.0,2071831803,-0.6572313904762268,0.20842596888542175,-0.8874948024749756,0.49864184856414795,FlowHARQ,1,4096,8192,16388,0.0056333765387535095,22.492312192532758,0.839900016784668,0.5308555960655212,1
kodak,15.png,3.0,60.0,2408476313,-0.8986790180206299,0.32391759753227234,0.813069760799408,0.43795305490493774,SwinJSCC_author_one_shot,0,16,4096,4130,0.0047452193684875965,23.23743705613615,0.8556463122367859,0.3946704864501953,1
kodak,15.png,3.0,60.0,2408476313,-0.8986790180206299,0.32391759753227234,0.813069760799408,0.43795305490493774,SwinJSCC_author_Chase_wrapper,1,16,8192,8228,0.0015754601918160915,28.02592565954294,0.939786434173584,0.3168424367904663,0
kodak,15.png,3.0,60.0,2408476313,-0.8986790180206299,0.32391759753227234,0.813069760799408,0.43795305490493774,same_codec_direct,0,4096,4096,12290,0.006387813948094845,21.946477416400757,0.819267213344574,0.5350892543792725,1
kodak,15.png,3.0,60.0,2408476313,-0.8986790180206299,0.32391759753227234,0.813069760799408,0.43795305490493774,same_codec_full_HARQ,1,4096,8192,16388,0.005499186925590038,22.597015177481016,0.8462905883789062,0.5061196088790894,1
kodak,15.png,3.0,60.0,2408476313,-0.8986790180206299,0.32391759753227234,0.813069760799408,0.43795305490493774,adaptive_HARQ,1,4096,8192,16388,0.005499186925590038,22.597015177481016,0.8462905883789062,0.5061196088790894,1
kodak,15.png,3.0,60.0,2408476313,-0.8986790180206299,0.32391759753227234,0.813069760799408,0.43795305490493774,FlowHARQ,1,4096,8192,16388,0.005499186925590038,22.597015177481016,0.8462905883789062,0.5061196088790894,1
kodak,15.png,3.0,90.0,2611267631,-0.04036933183670044,0.4707956612110138,-0.1234850361943245,0.011404573917388916,SwinJSCC_author_one_shot,0,16,4096,4130,0.057526543736457825,12.401317181225192,0.3386920392513275,0.7807408571243286,1
kodak,15.png,3.0,90.0,2611267631,-0.04036933183670044,0.4707956612110138,-0.1234850361943245,0.011404573917388916,SwinJSCC_author_Chase_wrapper,1,16,8192,8228,0.05064493417739868,12.954639889775448,0.3794390857219696,0.7739168405532837,1
kodak,15.png,3.0,90.0,2611267631,-0.04036933183670044,0.4707956612110138,-0.1234850361943245,0.011404573917388916,same_codec_direct,0,4096,4096,12290,0.009565398097038269,20.19296950597564,0.7315890192985535,0.645165741443634,1
kodak,15.png,3.0,90.0,2611267631,-0.04036933183670044,0.4707956612110138,-0.1234850361943245,0.011404573917388916,same_codec_full_HARQ,1,4096,8192,16388,0.009190713986754417,20.36650748846437,0.7394372224807739,0.6411470770835876,1
kodak,15.png,3.0,90.0,2611267631,-0.04036933183670044,0.4707956612110138,-0.1234850361943245,0.011404573917388916,adaptive_HARQ,1,4096,8192,16388,0.009190713986754417,20.36650748846437,0.7394372224807739,0.6411470770835876,1
kodak,15.png,3.0,90.0,2611267631,-0.04036933183670044,0.4707956612110138,-0.1234850361943245,0.011404573917388916,FlowHARQ,1,4096,8192,16388,0.009190713986754417,20.36650748846437,0.7394372224807739,0.6411470770835876,1
kodak,15.png,3.0,120.0,259860962,-0.031887248158454895,0.7406689524650574,-0.06372516602277756,0.07385045289993286,SwinJSCC_author_one_shot,0,16,4096,4130,0.017313307151198387,17.616199661898747,0.6716588735580444,0.5350713133811951,1
kodak,15.png,3.0,120.0,259860962,-0.031887248158454895,0.7406689524650574,-0.06372516602277756,0.07385045289993286,SwinJSCC_author_Chase_wrapper,1,16,8192,8228,0.016789715737104416,17.74956656741763,0.6814470291137695,0.5299068689346313,1
kodak,15.png,3.0,120.0,259860962,-0.031887248158454895,0.7406689524650574,-0.06372516602277756,0.07385045289993286,same_codec_direct,0,4096,4096,12290,0.0068888007663190365,21.61856375465513,0.7993771433830261,0.5712660551071167,1
kodak,15.png,3.0,120.0,259860962,-0.031887248158454895,0.7406689524650574,-0.06372516602277756,0.07385045289993286,same_codec_full_HARQ,1,4096,8192,16388,0.006785556674003601,21.684145178596705,0.8016643524169922,0.5672371983528137,1
kodak,15.png,3.0,120.0,259860962,-0.031887248158454895,0.7406689524650574,-0.06372516602277756,0.07385045289993286,adaptive_HARQ,1,4096,8192,16388,0.006785556674003601,21.684145178596705,0.8016643524169922,0.5672371983528137,1
kodak,15.png,3.0,120.0,259860962,-0.031887248158454895,0.7406689524650574,-0.06372516602277756,0.07385045289993286,FlowHARQ,1,4096,8192,16388,0.006785556674003601,21.684145178596705,0.8016643524169922,0.5672371983528137,1
kodak,15.png,6.0,30.0,1285867498,0.2165931612253189,-0.34661754965782166,0.05617623031139374,-0.7409061193466187,SwinJSCC_author_one_shot,0,16,4096,4130,0.07261904329061508,11.389494769370838,0.3916664123535156,0.7224571704864502,1
kodak,15.png,6.0,30.0,1285867498,0.2165931612253189,-0.34661754965782166,0.05617623031139374,-0.7409061193466187,SwinJSCC_author_Chase_wrapper,1,16,8192,8228,0.0020907472353428602,26.796984688232794,0.9200646281242371,0.31205761432647705,0
kodak,15.png,6.0,30.0,1285867498,0.2165931612253189,-0.34661754965782166,0.05617623031139374,-0.7409061193466187,same_codec_direct,0,4096,4096,12290,0.008195853792130947,20.864057976887427,0.7640287280082703,0.6079336404800415,1
kodak,15.png,6.0,30.0,1285867498,0.2165931612253189,-0.34661754965782166,0.05617623031139374,-0.7409061193466187,same_codec_full_HARQ,1,4096,8192,16388,0.005449290852993727,22.636600112408463,0.8381792902946472,0.5222268104553223,1
kodak,15.png,6.0,30.0,1285867498,0.2165931612253189,-0.34661754965782166,0.05617623031139374,-0.7409061193466187,adaptive_HARQ,1,4096,8192,16388,0.005449290852993727,22.636600112408463,0.8381792902946472,0.5222268104553223,1
kodak,15.png,6.0,30.0,1285867498,0.2165931612253189,-0.34661754965782166,0.05617623031139374,-0.7409061193466187,FlowHARQ,1,4096,8192,16388,0.005449290852993727,22.636600112408463,0.8381792902946472,0.5222268104553223,1
kodak,15.png,6.0,60.0,2445901563,0.121858611702919,-0.009216462261974812,-1.318910002708435,-0.41610604524612427,SwinJSCC_author_one_shot,0,16,4096,4130,0.19995716214179993,6.990630355266811,0.03820651024580002,0.7953314781188965,1
kodak,15.png,6.0,60.0,2445901563,0.121858611702919,-0.009216462261974812,-1.318910002708435,-0.41610604524612427,SwinJSCC_author_Chase_wrapper,1,16,8192,8228,0.0012314317282289267,29.095896608653536,0.9532774686813354,0.28632456064224243,0
kodak,15.png,6.0,60.0,2445901563,0.121858611702919,-0.009216462261974812,-1.318910002708435,-0.41610604524612427,same_codec_direct,0,4096,4096,12290,0.02058320865035057,16.864869235229584,0.476847380399704,0.8169394731521606,1
kodak,15.png,6.0,60.0,2445901563,0.121858611702919,-0.009216462261974812,-1.318910002708435,-0.41610604524612427,same_codec_full_HARQ,1,4096,8192,16388,0.0050233593210577965,22.990057556307498,0.8605954051017761,0.49783024191856384,1
kodak,15.png,6.0,60.0,2445901563,0.121858611702919,-0.009216462261974812,-1.318910002708435,-0.41610604524612427,adaptive_HARQ,1,4096,8192,16388,0.0050233593210577965,22.990057556307498,0.8605954051017761,0.49783024191856384,1
kodak,15.png,6.0,60.0,2445901563,0.121858611702919,-0.009216462261974812,-1.318910002708435,-0.41610604524612427,FlowHARQ,1,4096,8192,16388,0.0050233593210577965,22.990057556307498,0.8605954051017761,0.49783024191856384,1
kodak,15.png,6.0,90.0,2283620044,0.8634900450706482,-0.3663767874240875,-0.32138335704803467,-0.385775625705719,SwinJSCC_author_one_shot,0,16,4096,4130,0.001657193759456277,27.806267108062844,0.9311807155609131,0.31728145480155945,0
kodak,15.png,6.0,90.0,2283620044,0.8634900450706482,-0.3663767874240875,-0.32138335704803467,-0.385775625705719,SwinJSCC_author_Chase_wrapper,1,16,8192,8228,0.0014958949759602547,28.250988964194423,0.9407687187194824,0.3161943554878235,0
kodak,15.png,6.0,90.0,2283620044,0.8634900450706482,-0.3663767874240875,-0.32138335704803467,-0.385775625705719,same_codec_direct,0,4096,4096,12290,0.005813932977616787,22.355299790360018,0.8412712812423706,0.5206721425056458,1
kodak,15.png,6.0,90.0,2283620044,0.8634900450706482,-0.3663767874240875,-0.32138335704803467,-0.385775625705719,same_codec_full_HARQ,1,4096,8192,16388,0.0055503821931779385,22.55677110810059,0.8478857278823853,0.5072433948516846,1
kodak,15.png,6.0,90.0,2283620044,0.8634900450706482,-0.3663767874240875,-0.32138335704803467,-0.385775625705719,adaptive_HARQ,1,4096,8192,16388,0.0055503821931779385,22.55677110810059,0.8478857278823853,0.5072433948516846,1
kodak,15.png,6.0,90.0,2283620044,0.8634900450706482,-0.3663767874240875,-0.32138335704803467,-0.385775625705719,FlowHARQ,1,4096,8192,16388,0.0055503821931779385,22.55677110810059,0.8478857278823853,0.5072433948516846,1
kodak,15.png,6.0,120.0,571996289,0.19040575623512268,-0.14065150916576385,0.5960369110107422,-0.04217375069856644,SwinJSCC_author_one_shot,0,16,4096,4130,0.0802309438586235,10.956580986091627,0.21145305037498474,0.8193099498748779,1
kodak,15.png,6.0,120.0,571996289,0.19040575623512268,-0.14065150916576385,0.5960369110107422,-0.04217375069856644,SwinJSCC_author_Chase_wrapper,1,16,8192,8228,0.006148049142211676,22.112626697822364,0.8092672228813171,0.4566938877105713,1
kodak,15.png,6.0,120.0,571996289,0.19040575623512268,-0.14065150916576385,0.5960369110107422,-0.04217375069856644,same_codec_direct,0,4096,4096,12290,0.01243830006569624,19.052389703312937,0.6708230376243591,0.6658937335014343,1
kodak,15.png,6.0,120.0,571996289,0.19040575623512268,-0.14065150916576385,0.5960369110107422,-0.04217375069856644,same_codec_full_HARQ,1,4096,8192,16388,0.006403001025319099,21.936164286318075,0.8137558698654175,0.5508489012718201,1
kodak,15.png,6.0,120.0,571996289,0.19040575623512268,-0.14065150916576385,0.5960369110107422,-0.04217375069856644,adaptive_HARQ,1,4096,8192,16388,0.006403001025319099,21.936164286318075,0.8137558698654175,0.5508489012718201,1
kodak,15.png,6.0,120.0,571996289,0.19040575623512268,-0.14065150916576385,0.5960369110107422,-0.04217375069856644,FlowHARQ,1,4096,8192,16388,0.006403001025319099,21.936164286318075,0.8137558698654175,0.5508489012718201,1
kodak,15.png,9.0,30.0,4017451168,-0.43769508600234985,0.6666590571403503,-1.0304436683654785,0.12771618366241455,SwinJSCC_author_one_shot,0,16,4096,4130,0.0014081837143748999,28.513406825983726,0.9455598592758179,0.29632723331451416,0
kodak,15.png,9.0,30.0,4017451168,-0.43769508600234985,0.6666590571403503,-1.0304436683654785,0.12771618366241455,SwinJSCC_author_Chase_wrapper,1,16,8192,8228,0.001143203116953373,29.418766001077397,0.9572986364364624,0.28904885053634644,0
kodak,15.png,9.0,30.0,4017451168,-0.43769508600234985,0.6666590571403503,-1.0304436683654785,0.12771618366241455,same_codec_direct,0,4096,4096,12290,0.00506879948079586,22.950948889120014,0.8544049263000488,0.49188879132270813,1
kodak,15.png,9.0,30.0,4017451168,-0.43769508600234985,0.6666590571403503,-1.0304436683654785,0.12771618366241455,same_codec_full_HARQ,1,4096,8192,16388,0.004910603631287813,23.08865119358856,0.8695205450057983,0.4783157706260681,1
kodak,15.png,9.0,30.0,4017451168,-0.43769508600234985,0.6666590571403503,-1.0304436683654785,0.12771618366241455,adaptive_HARQ,1,4096,8192,16388,0.004910603631287813,23.08865119358856,0.8695205450057983,0.4783157706260681,1
kodak,15.png,9.0,30.0,4017451168,-0.43769508600234985,0.6666590571403503,-1.0304436683654785,0.12771618366241455,FlowHARQ,1,4096,8192,16388,0.004910603631287813,23.08865119358856,0.8695205450057983,0.4783157706260681,1
kodak,15.png,9.0,60.0,1176330433,-0.02822975069284439,0.7472005486488342,0.3504050076007843,0.31305593252182007,SwinJSCC_author_one_shot,0,16,4096,4130,0.0014794389717280865,28.299029451964117,0.9421688318252563,0.3055727183818817,0
kodak,15.png,9.0,60.0,1176330433,-0.02822975069284439,0.7472005486488342,0.3504050076007843,0.31305593252182007,SwinJSCC_author_Chase_wrapper,1,16,8192,8228,0.0012815950904041529,28.9224916497275,0.9503645300865173,0.2951665222644806,0
kodak,15.png,9.0,60.0,1176330433,-0.02822975069284439,0.7472005486488342,0.3504050076007843,0.31305593252182007,same_codec_direct,0,4096,4096,12290,0.005464076064527035,22.624832635405745,0.8507827520370483,0.4995945692062378,1
kodak,15.png,9.0,60.0,1176330433,-0.02822975069284439,0.7472005486488342,0.3504050076007843,0.31305593252182007,same_codec_full_HARQ,1,4096,8192,16388,0.00532469293102622,22.737054324349735,0.8565365672111511,0.49709999561309814,1
kodak,15.png,9.0,60.0,1176330433,-0.02822975069284439,0.7472005486488342,0.3504050076007843,0.31305593252182007,adaptive_HARQ,1,4096,8192,16388,0.00532469293102622,22.737054324349735,0.8565365672111511,0.49709999561309814,1
kodak,15.png,9.0,60.0,1176330433,-0.02822975069284439,0.7472005486488342,0.3504050076007843,0.31305593252182007,FlowHARQ,1,4096,8192,16388,0.00532469293102622,22.737054324349735,0.8565365672111511,0.49709999561309814,1
kodak,15.png,9.0,90.0,4287693626,-0.7140293121337891,-0.533785879611969,-0.029529184103012085,1.2324379682540894,SwinJSCC_author_one_shot,0,16,4096,4130,0.0013077545445412397,28.834737620932973,0.9499565362930298,0.29267555475234985,0
kodak,15.png,9.0,90.0,4287693626,-0.7140293121337891,-0.533785879611969,-0.029529184103012085,1.2324379682540894,SwinJSCC_author_Chase_wrapper,1,16,8192,8228,0.0010991895105689764,29.58927424683859,0.9598439931869507,0.2871071994304657,0
kodak,15.png,9.0,90.0,4287693626,-0.7140293121337891,-0.533785879611969,-0.029529184103012085,1.2324379682540894,same_codec_direct,0,4096,4096,12290,0.005195428617298603,22.843786177990097,0.8574331998825073,0.4936070442199707,1
kodak,15.png,9.0,90.0,4287693626,-0.7140293121337891,-0.533785879611969,-0.029529184103012085,1.2324379682540894,same_codec_full_HARQ,1,4096,8192,16388,0.004796197637915611,23.19102929141231,0.8717803955078125,0.4814395308494568,1
kodak,15.png,9.0,90.0,4287693626,-0.7140293121337891,-0.533785879611969,-0.029529184103012085,1.2324379682540894,adaptive_HARQ,1,4096,8192,16388,0.004796197637915611,23.19102929141231,0.8717803955078125,0.4814395308494568,1
kodak,15.png,9.0,90.0,4287693626,-0.7140293121337891,-0.533785879611969,-0.029529184103012085,1.2324379682540894,FlowHARQ,1,4096,8192,16388,0.004796197637915611,23.19102929141231,0.8717803955078125,0.4814395308494568,1
kodak,15.png,9.0,120.0,358341893,-0.5892918109893799,0.2791092097759247,0.07808548212051392,0.7065727710723877,SwinJSCC_author_one_shot,0,16,4096,4130,0.0016660862602293491,27.783025171118204,0.9331350326538086,0.31256920099258423,0
kodak,15.png,9.0,120.0,358341893,-0.5892918109893799,0.2791092097759247,0.07808548212051392,0.7065727710723877,SwinJSCC_author_Chase_wrapper,1,16,8192,8228,0.001253134454600513,29.020023290391016,0.9522441625595093,0.2957136631011963,0
kodak,15.png,9.0,120.0,358341893,-0.5892918109893799,0.2791092097759247,0.07808548212051392,0.7065727710723877,same_codec_direct,0,4096,4096,12290,0.006014979910105467,22.207658188552934,0.8396576642990112,0.5204208493232727,1
kodak,15.png,9.0,120.0,358341893,-0.5892918109893799,0.2791092097759247,0.07808548212051392,0.7065727710723877,same_codec_full_HARQ,1,4096,8192,16388,0.005308191757649183,22.75053396699716,0.8602489233016968,0.48843351006507874,1
kodak,15.png,9.0,120.0,358341893,-0.5892918109893799,0.2791092097759247,0.07808548212051392,0.7065727710723877,adaptive_HARQ,1,4096,8192,16388,0.005308191757649183,22.75053396699716,0.8602489233016968,0.48843351006507874,1
kodak,15.png,9.0,120.0,358341893,-0.5892918109893799,0.2791092097759247,0.07808548212051392,0.7065727710723877,FlowHARQ,1,4096,8192,16388,0.005308191757649183,22.75053396699716,0.8602489233016968,0.48843351006507874,1
kodak,15.png,12.0,30.0,571664575,-0.06769395619630814,-0.0667414516210556,0.3833421766757965,0.7919683456420898,SwinJSCC_author_one_shot,0,16,4096,4130,0.14658479392528534,8.339110791959751,0.12433956563472748,0.7824231386184692,1
kodak,15.png,12.0,30.0,571664575,-0.06769395619630814,-0.0667414516210556,0.3833421766757965,0.7919683456420898,SwinJSCC_author_Chase_wrapper,1,16,8192,8228,0.0011446985881775618,29.413088528207393,0.9573038816452026,0.2851592004299164,0
kodak,15.png,12.0,30.0,571664575,-0.06769395619630814,-0.0667414516210556,0.3833421766757965,0.7919683456420898,same_codec_direct,0,4096,4096,12290,0.016507353633642197,17.82322544812689,0.58678138256073,0.7246674299240112,1
kodak,15.png,12.0,30.0,571664575,-0.06769395619630814,-0.0667414516210556,0.3833421766757965,0.7919683456420898,same_codec_full_HARQ,1,4096,8192,16388,0.004787594545632601,23.19882636471657,0.8701066970825195,0.47679150104522705,1
kodak,15.png,12.0,30.0,571664575,-0.06769395619630814,-0.0667414516210556,0.3833421766757965,0.7919683456420898,adaptive_HARQ,1,4096,8192,16388,0.004787594545632601,23.19882636471657,0.8701066970825195,0.47679150104522705,1
kodak,15.png,12.0,30.0,571664575,-0.06769395619630814,-0.0667414516210556,0.3833421766757965,0.7919683456420898,FlowHARQ,1,4096,8192,16388,0.004787594545632601,23.19882636471657,0.8701066970825195,0.47679150104522705,1
kodak,15.png,12.0,60.0,405070837,0.4641273617744446,-0.257849782705307,0.2758999764919281,-0.46085917949676514,SwinJSCC_author_one_shot,0,16,4096,4130,0.001673688879236579,27.76325269513891,0.9387675523757935,0.3157988488674164,0
kodak,15.png,12.0,60.0,405070837,0.4641273617744446,-0.257849782705307,0.2758999764919281,-0.46085917949676514,SwinJSCC_author_Chase_wrapper,1,16,8192,8228,0.0012039539869874716,29.193901107354144,0.9554685354232788,0.2918440103530884,0
kodak,15.png,12.0,60.0,405070837,0.4641273617744446,-0.257849782705307,0.2758999764919281,-0.46085917949676514,same_codec_direct,0,4096,4096,12290,0.00556021137163043,22.549086983841544,0.8497502207756042,0.4840516448020935,1
kodak,15.png,12.0,60.0,405070837,0.4641273617744446,-0.257849782705307,0.2758999764919281,-0.46085917949676514,same_codec_full_HARQ,1,4096,8192,16388,0.005087270867079496,22.935151381409696,0.8640753030776978,0.47607478499412537,1
kodak,15.png,12.0,60.0,405070837,0.4641273617744446,-0.257849782705307,0.2758999764919281,-0.46085917949676514,adaptive_HARQ,1,4096,8192,16388,0.005087270867079496,22.935151381409696,0.8640753030776978,0.47607478499412537,1
kodak,15.png,12.0,60.0,405070837,0.4641273617744446,-0.257849782705307,0.2758999764919281,-0.46085917949676514,FlowHARQ,1,4096,8192,16388,0.005087270867079496,22.935151381409696,0.8640753030776978,0.47607478499412537,1
kodak,15.png,12.0,90.0,1122349779,-0.6766679883003235,0.10015024244785309,-0.02572469413280487,-0.2896011471748352,SwinJSCC_author_one_shot,0,16,4096,4130,0.0012685172259807587,28.96703630848563,0.951084315776825,0.3005673885345459,0
kodak,15.png,12.0,90.0,1122349779,-0.6766679883003235,0.10015024244785309,-0.02572469413280487,-0.2896011471748352,SwinJSCC_author_Chase_wrapper,1,16,8192,8228,0.0012166054220870137,29.148502523337044,0.9537793397903442,0.2979816198348999,0
kodak,15.png,12.0,90.0,1122349779,-0.6766679883003235,0.10015024244785309,-0.02572469413280487,-0.2896011471748352,same_codec_direct,0,4096,4096,12290,0.005033917725086212,22.980938868871906,0.8605272769927979,0.4870355427265167,1
kodak,15.png,12.0,90.0,1122349779,-0.6766679883003235,0.10015024244785309,-0.02572469413280487,-0.2896011471748352,same_codec_full_HARQ,1,4096,8192,16388,0.004860138054937124,23.133513941850655,0.8632404208183289,0.4870940148830414,1
kodak,15.png,12.0,90.0,1122349779,-0.6766679883003235,0.10015024244785309,-0.02572469413280487,-0.2896011471748352,adaptive_HARQ,1,4096,8192,16388,0.004860138054937124,23.133513941850655,0.8632404208183289,0.4870940148830414,1
kodak,15.png,12.0,90.0,1122349779,-0.6766679883003235,0.10015024244785309,-0.02572469413280487,-0.2896011471748352,FlowHARQ,1,4096,8192,16388,0.004860138054937124,23.133513941850655,0.8632404208183289,0.4870940148830414,1
kodak,15.png,12.0,120.0,2912609653,0.7429702877998352,-0.0490817129611969,-0.05643706023693085,-0.17283236980438232,SwinJSCC_author_one_shot,0,16,4096,4130,0.0012077837018296123,29.180108351791194,0.9551414251327515,0.2984601855278015,0
kodak,15.png,12.0,120.0,2912609653,0.7429702877998352,-0.0490817129611969,-0.05643706023693085,-0.17283236980438232,SwinJSCC_author_Chase_wrapper,1,16,8192,8228,0.0011951776687055826,29.22567530027123,0.955623984336853,0.2971968948841095,0
kodak,15.png,12.0,120.0,2912609653,0.7429702877998352,-0.0490817129611969,-0.05643706023693085,-0.17283236980438232,same_codec_direct,0,4096,4096,12290,0.005094897001981735,22.928645912302965,0.8603668212890625,0.4847932457923889,1
kodak,15.png,12.0,120.0,2912609653,0.7429702877998352,-0.0490817129611969,-0.05643706023693085,-0.17283236980438232,same_codec_full_HARQ,1,4096,8192,16388,0.005106162279844284,22.919053869228847,0.861422061920166,0.4832451045513153,1
kodak,15.png,12.0,120.0,2912609653,0.7429702877998352,-0.0490817129611969,-0.05643706023693085,-0.17283236980438232,adaptive_HARQ,1,4096,8192,16388,0.005106162279844284,22.919053869228847,0.861422061920166,0.4832451045513153,1
kodak,15.png,12.0,120.0,2912609653,0.7429702877998352,-0.0490817129611969,-0.05643706023693085,-0.17283236980438232,FlowHARQ,1,4096,8192,16388,0.005106162279844284,22.919053869228847,0.861422061920166,0.4832451045513153,1
kodak,15.png,15.0,30.0,980120686,-1.6615310907363892,-0.9708667397499084,-1.2269026041030884,-0.1797890067100525,SwinJSCC_author_one_shot,0,16,4096,4130,0.001004616031423211,29.979998957533304,0.9639949798583984,0.28488782048225403,0
kodak,15.png,15.0,30.0,980120686,-1.6615310907363892,-0.9708667397499084,-1.2269026041030884,-0.1797890067100525,SwinJSCC_author_Chase_wrapper,1,16,8192,8228,0.0010000928305089474,29.99959686093363,0.964263916015625,0.28574877977371216,0
kodak,15.png,15.0,30.0,980120686,-1.6615310907363892,-0.9708667397499084,-1.2269026041030884,-0.1797890067100525,same_codec_direct,0,4096,4096,12290,0.004700027871876955,23.278995666246082,0.8770939707756042,0.46990966796875,1
kodak,15.png,15.0,30.0,980120686,-1.6615310907363892,-0.9708667397499084,-1.2269026041030884,-0.1797890067100525,same_codec_full_HARQ,1,4096,8192,16388,0.004653014242649078,23.322656181105245,0.8776833415031433,0.468986839056015,1
kodak,15.png,15.0,30.0,980120686,-1.6615310907363892,-0.9708667397499084,-1.2269026041030884,-0.1797890067100525,adaptive_HARQ,0,4096,4096,12290,0.004700027871876955,23.278995666246082,0.8770939707756042,0.46990966796875,1
kodak,15.png,15.0,30.0,980120686,-1.6615310907363892,-0.9708667397499084,-1.2269026041030884,-0.1797890067100525,FlowHARQ,0,4096,4096,12290,0.004665479063987732,23.311037550977236,0.876553475856781,0.4698057770729065,1
kodak,15.png,15.0,60.0,3217111608,-0.11645478755235672,-0.0016337551642209291,0.4263184070587158,0.3598237931728363,SwinJSCC_author_one_shot,0,16,4096,4130,0.04629151150584221,13.344986384453264,0.3374900221824646,0.7570768594741821,1
kodak,15.png,15.0,60.0,3217111608,-0.11645478755235672,-0.0016337551642209291,0.4263184070587158,0.3598237931728363,SwinJSCC_author_Chase_wrapper,1,16,8192,8228,0.001180405030027032,29.279689485211723,0.9559105634689331,0.28757980465888977,0
kodak,15.png,15.0,60.0,3217111608,-0.11645478755235672,-0.0016337551642209291,0.4263184070587158,0.3598237931728363,same_codec_direct,0,4096,4096,12290,0.010136629454791546,19.941064288808597,0.7059466242790222,0.6554701328277588,1
kodak,15.png,15.0,60.0,3217111608,-0.11645478755235672,-0.0016337551642209291,0.4263184070587158,0.3598237931728363,same_codec_full_HARQ,1,4096,8192,16388,0.0048588658683001995,23.13465089712691,0.8644770383834839,0.48934030532836914,1
kodak,15.png,15.0,60.0,3217111608,-0.11645478755235672,-0.0016337551642209291,0.4263184070587158,0.3598237931728363,adaptive_HARQ,1,4096,8192,16388,0.0048588658683001995,23.13465089712691,0.8644770383834839,0.48934030532836914,1
kodak,15.png,15.0,60.0,3217111608,-0.11645478755235672,-0.0016337551642209291,0.4263184070587158,0.3598237931728363,FlowHARQ,1,4096,8192,16388,0.0048588658683001995,23.13465089712691,0.8644770383834839,0.48934030532836914,1
kodak,15.png,15.0,90.0,1633586689,1.5530688762664795,0.4807375371456146,1.6821322441101074,0.4856547713279724,SwinJSCC_author_one_shot,0,16,4096,4130,0.0010126696433871984,29.945322085917745,0.9635492563247681,0.2842085361480713,0
kodak,15.png,15.0,90.0,1633586689,1.5530688762664795,0.4807375371456146,1.6821322441101074,0.4856547713279724,SwinJSCC_author_Chase_wrapper,1,16,8192,8228,0.0010014137951657176,29.993864301898743,0.9642373919487,0.28474658727645874,0
kodak,15.png,15.0,90.0,1633586689,1.5530688762664795,0.4807375371456146,1.6821322441101074,0.4856547713279724,same_codec_direct,0,4096,4096,12290,0.00463518314063549,23.33933101779227,0.8775445222854614,0.47143247723579407,1
kodak,15.png,15.0,90.0,1633586689,1.5530688762664795,0.4807375371456146,1.6821322441101074,0.4856547713279724,same_codec_full_HARQ,1,4096,8192,16388,0.004685104358941317,23.29280730921864,0.8779239058494568,0.47067198157310486,1
kodak,15.png,15.0,90.0,1633586689,1.5530688762664795,0.4807375371456146,1.6821322441101074,0.4856547713279724,adaptive_HARQ,0,4096,4096,12290,0.00463518314063549,23.33933101779227,0.8775445222854614,0.47143247723579407,1
kodak,15.png,15.0,90.0,1633586689,1.5530688762664795,0.4807375371456146,1.6821322441101074,0.4856547713279724,FlowHARQ,0,4096,4096,12290,0.00459594139829278,23.376255175295164,0.8770076632499695,0.471583753824234,1
kodak,15.png,15.0,120.0,607042803,-0.3523707687854767,-0.7086145281791687,0.05903702974319458,1.0046133995056152,SwinJSCC_author_one_shot,0,16,4096,4130,0.001077346270903945,29.67644687256542,0.9600589275360107,0.2897185683250427,0
kodak,15.png,15.0,120.0,607042803,-0.3523707687854767,-0.7086145281791687,0.05903702974319458,1.0046133995056152,SwinJSCC_author_Chase_wrapper,1,16,8192,8228,0.0010186460567638278,29.919766916526825,0.963240385055542,0.28479111194610596,0
kodak,15.png,15.0,120.0,607042803,-0.3523707687854767,-0.7086145281791687,0.05903702974319458,1.0046133995056152,same_codec_direct,0,4096,4096,12290,0.004882290028035641,23.113764252805254,0.8701045513153076,0.47505760192871094,1
kodak,15.png,15.0,120.0,607042803,-0.3523707687854767,-0.7086145281791687,0.05903702974319458,1.0046133995056152,same_codec_full_HARQ,1,4096,8192,16388,0.004759249743074179,23.224615048685738,0.8752360343933105,0.4706602096557617,1
kodak,15.png,15.0,120.0,607042803,-0.3523707687854767,-0.7086145281791687,0.05903702974319458,1.0046133995056152,adaptive_HARQ,0,4096,4096,12290,0.004882290028035641,23.113764252805254,0.8701045513153076,0.47505760192871094,1
kodak,15.png,15.0,120.0,607042803,-0.3523707687854767,-0.7086145281791687,0.05903702974319458,1.0046133995056152,FlowHARQ,0,4096,4096,12290,0.004766776226460934,23.2177523529643,0.8698593974113464,0.47457993030548096,1
kodak,16.png,0.0,30.0,333646981,-0.805149257183075,0.2692318856716156,-0.041596412658691406,-0.5326920747756958,SwinJSCC_author_one_shot,0,16,4096,4130,0.006815130822360516,21.665258030891806,0.6670998930931091,0.5624505877494812,1
kodak,16.png,0.0,30.0,333646981,-0.805149257183075,0.2692318856716156,-0.041596412658691406,-0.5326920747756958,SwinJSCC_author_Chase_wrapper,1,16,8192,8228,0.00462988018989563,23.344302473277146,0.7611984014511108,0.4646741449832916,1
kodak,16.png,0.0,30.0,333646981,-0.805149257183075,0.2692318856716156,-0.041596412658691406,-0.5326920747756958,same_codec_direct,0,4096,4096,12290,0.0043235886842012405,23.641556284741284,0.7723802924156189,0.6296061277389526,1
kodak,16.png,0.0,30.0,333646981,-0.805149257183075,0.2692318856716156,-0.041596412658691406,-0.5326920747756958,same_codec_full_HARQ,1,4096,8192,16388,0.004272038582712412,23.693648336519182,0.7849306464195251,0.6004528403282166,1
kodak,16.png,0.0,30.0,333646981,-0.805149257183075,0.2692318856716156,-0.041596412658691406,-0.5326920747756958,adaptive_HARQ,1,4096,8192,16388,0.004272038582712412,23.693648336519182,0.7849306464195251,0.6004528403282166,1
kodak,16.png,0.0,30.0,333646981,-0.805149257183075,0.2692318856716156,-0.041596412658691406,-0.5326920747756958,FlowHARQ,1,4096,8192,16388,0.004272038582712412,23.693648336519182,0.7849306464195251,0.6004528403282166,1
kodak,16.png,0.0,60.0,1469774605,-0.6675360202789307,-0.6580893397331238,-0.08006139099597931,-0.2551901340484619,SwinJSCC_author_one_shot,0,16,4096,4130,0.005474208854138851,22.616786372383334,0.6955047845840454,0.5253509283065796,1
kodak,16.png,0.0,60.0,1469774605,-0.6675360202789307,-0.6580893397331238,-0.08006139099597931,-0.2551901340484619,SwinJSCC_author_Chase_wrapper,1,16,8192,8228,0.0048876008950173855,23.109042643383727,0.7149714827537537,0.5064200758934021,1
kodak,16.png,0.0,60.0,1469774605,-0.6675360202789307,-0.6580893397331238,-0.08006139099597931,-0.2551901340484619,same_codec_direct,0,4096,4096,12290,0.004300711676478386,23.664596719568788,0.7719634771347046,0.6300660371780396,1
kodak,16.png,0.0,60.0,1469774605,-0.6675360202789307,-0.6580893397331238,-0.08006139099597931,-0.2551901340484619,same_codec_full_HARQ,1,4096,8192,16388,0.004178367089480162,23.789934078376938,0.7759523391723633,0.6334596872329712,1
kodak,16.png,0.0,60.0,1469774605,-0.6675360202789307,-0.6580893397331238,-0.08006139099597931,-0.2551901340484619,adaptive_HARQ,0,4096,4096,12290,0.004300711676478386,23.664596719568788,0.7719634771347046,0.6300660371780396,1
kodak,16.png,0.0,60.0,1469774605,-0.6675360202789307,-0.6580893397331238,-0.08006139099597931,-0.2551901340484619,FlowHARQ,0,4096,4096,12290,0.004161906894296408,23.807076395846487,0.7619336843490601,0.6471113562583923,1
kodak,16.png,0.0,90.0,987900935,-0.3558851480484009,0.2736594080924988,1.9500904083251953,1.371979832649231,SwinJSCC_author_one_shot,0,16,4096,4130,0.05009923875331879,13.001688730897351,0.2124166488647461,0.7441554069519043,1
kodak,16.png,0.0,90.0,987900935,-0.3558851480484009,0.2736594080924988,1.9500904083251953,1.371979832649231,SwinJSCC_author_Chase_wrapper,1,16,8192,8228,0.0012071714736521244,29.18231035808551,0.944297194480896,0.24633976817131042,0
kodak,16.png,0.0,90.0,987900935,-0.3558851480484009,0.2736594080924988,1.9500904083251953,1.371979832649231,same_codec_direct,0,4096,4096,12290,0.0068207490257918835,21.66167930342619,0.6492068767547607,0.6634164452552795,1
kodak,16.png,0.0,90.0,987900935,-0.3558851480484009,0.2736594080924988,1.9500904083251953,1.371979832649231,same_codec_full_HARQ,1,4096,8192,16388,0.0035569039173424244,24.489278662540812,0.8463901281356812,0.5743922591209412,0
kodak,16.png,0.0,90.0,987900935,-0.3558851480484009,0.2736594080924988,1.9500904083251953,1.371979832649231,adaptive_HARQ,1,4096,8192,16388,0.0035569039173424244,24.489278662540812,0.8463901281356812,0.5743922591209412,0
kodak,16.png,0.0,90.0,987900935,-0.3558851480484009,0.2736594080924988,1.9500904083251953,1.371979832649231,FlowHARQ,1,4096,8192,16388,0.0035569039173424244,24.489278662540812,0.8463901281356812,0.5743922591209412,0
kodak,16.png,0.0,120.0,212401675,-0.46128204464912415,-0.6893684267997742,1.0603843927383423,0.3136206567287445,SwinJSCC_author_one_shot,0,16,4096,4130,0.007512642070651054,21.24207302021965,0.6212420463562012,0.5730715990066528,1
kodak,16.png,0.0,120.0,212401675,-0.46128204464912415,-0.6893684267997742,1.0603843927383423,0.3136206567287445,SwinJSCC_author_Chase_wrapper,1,16,8192,8228,0.002126640873029828,26.723058434446195,0.8827378749847412,0.28928661346435547,0
kodak,16.png,0.0,120.0,212401675,-0.46128204464912415,-0.6893684267997742,1.0603843927383423,0.3136206567287445,same_codec_direct,0,4096,4096,12290,0.004509155638515949,23.45904774278235,0.75721275806427,0.645490825176239,1
kodak,16.png,0.0,120.0,212401675,-0.46128204464912415,-0.6893684267997742,1.0603843927383423,0.3136206567287445,same_codec_full_HARQ,1,4096,8192,16388,0.003790445625782013,24.213097289656265,0.814119815826416,0.6065481901168823,0
kodak,16.png,0.0,120.0,212401675,-0.46128204464912415,-0.6893684267997742,1.0603843927383423,0.3136206567287445,adaptive_HARQ,0,4096,4096,12290,0.004509155638515949,23.45904774278235,0.75721275806427,0.645490825176239,1
kodak,16.png,0.0,120.0,212401675,-0.46128204464912415,-0.6893684267997742,1.0603843927383423,0.3136206567287445,FlowHARQ,0,4096,4096,12290,0.004421521909534931,23.544282186265605,0.7447762489318848,0.6725392937660217,1
kodak,16.png,3.0,30.0,2710256835,0.15646985173225403,0.17655611038208008,0.9122650623321533,1.1220555305480957,SwinJSCC_author_one_shot,0,16,4096,4130,0.09721031039953232,10.122876701338763,0.1101527065038681,0.7376428842544556,1
kodak,16.png,3.0,30.0,2710256835,0.15646985173225403,0.17655611038208008,0.9122650623321533,1.1220555305480957,SwinJSCC_author_Chase_wrapper,1,16,8192,8228,0.001323942095041275,28.78131009121382,0.9351770281791687,0.23100189864635468,0
kodak,16.png,3.0,30.0,2710256835,0.15646985173225403,0.17655611038208008,0.9122650623321533,1.1220555305480957,same_codec_direct,0,4096,4096,12290,0.007927445694804192,21.008667243280144,0.5906414985656738,0.7356346845626831,1
kodak,16.png,3.0,30.0,2710256835,0.15646985173225403,0.17655611038208008,0.9122650623321533,1.1220555305480957,same_codec_full_HARQ,1,4096,8192,16388,0.003567513544112444,24.4763436940543,0.8369500041007996,0.5728116631507874,0
kodak,16.png,3.0,30.0,2710256835,0.15646985173225403,0.17655611038208008,0.9122650623321533,1.1220555305480957,adaptive_HARQ,1,4096,8192,16388,0.003567513544112444,24.4763436940543,0.8369500041007996,0.5728116631507874,0
kodak,16.png,3.0,30.0,2710256835,0.15646985173225403,0.17655611038208008,0.9122650623321533,1.1220555305480957,FlowHARQ,1,4096,8192,16388,0.003567513544112444,24.4763436940543,0.8369500041007996,0.5728116631507874,0
kodak,16.png,3.0,60.0,984837532,-0.3380938470363617,-0.37191280722618103,-1.328709602355957,1.2113598585128784,SwinJSCC_author_one_shot,0,16,4096,4130,0.012896686792373657,18.895218472669622,0.4585709273815155,0.7050392627716064,1
kodak,16.png,3.0,60.0,984837532,-0.3380938470363617,-0.37191280722618103,-1.328709602355957,1.2113598585128784,SwinJSCC_author_Chase_wrapper,1,16,8192,8228,0.0011697042500600219,29.319239321029002,0.9468727111816406,0.2332744300365448,0
kodak,16.png,3.0,60.0,984837532,-0.3380938470363617,-0.37191280722618103,-1.328709602355957,1.2113598585128784,same_codec_direct,0,4096,4096,12290,0.004689725115895271,23.288526123272355,0.744337797164917,0.6587098240852356,1
kodak,16.png,3.0,60.0,984837532,-0.3380938470363617,-0.37191280722618103,-1.328709602355957,1.2113598585128784,same_codec_full_HARQ,1,4096,8192,16388,0.003457258455455303,24.61268152542536,0.8491126894950867,0.5639563202857971,0
kodak,16.png,3.0,60.0,984837532,-0.3380938470363617,-0.37191280722618103,-1.328709602355957,1.2113598585128784,adaptive_HARQ,1,4096,8192,16388,0.003457258455455303,24.61268152542536,0.8491126894950867,0.5639563202857971,0
kodak,16.png,3.0,60.0,984837532,-0.3380938470363617,-0.37191280722618103,-1.328709602355957,1.2113598585128784,FlowHARQ,1,4096,8192,16388,0.003457258455455303,24.61268152542536,0.8491126894950867,0.5639563202857971,0
kodak,16.png,3.0,90.0,1049680660,0.9424399137496948,0.10282249003648758,-0.21933795511722565,-1.417870283126831,SwinJSCC_author_one_shot,0,16,4096,4130,0.0022614281624555588,26.456172036928468,0.8730689883232117,0.3059985637664795,0
kodak,16.png,3.0,90.0,1049680660,0.9424399137496948,0.10282249003648758,-0.21933795511722565,-1.417870283126831,SwinJSCC_author_Chase_wrapper,1,16,8192,8228,0.0012605569791048765,28.994375187685336,0.942483127117157,0.24336639046669006,0
kodak,16.png,3.0,90.0,1049680660,0.9424399137496948,0.10282249003648758,-0.21933795511722565,-1.417870283126831,same_codec_direct,0,4096,4096,12290,0.00410449830815196,23.86739919011412,0.8016234636306763,0.5974721908569336,1
kodak,16.png,3.0,90.0,1049680660,0.9424399137496948,0.10282249003648758,-0.21933795511722565,-1.417870283126831,same_codec_full_HARQ,1,4096,8192,16388,0.003487918060272932,24.57433726259342,0.843990683555603,0.5665374994277954,0
kodak,16.png,3.0,90.0,1049680660,0.9424399137496948,0.10282249003648758,-0.21933795511722565,-1.417870283126831,adaptive_HARQ,0,4096,4096,12290,0.00410449830815196,23.86739919011412,0.8016234636306763,0.5974721908569336,1
kodak,16.png,3.0,90.0,1049680660,0.9424399137496948,0.10282249003648758,-0.21933795511722565,-1.417870283126831,FlowHARQ,0,4096,4096,12290,0.0038237401749938726,24.175116259147977,0.8045164942741394,0.6052803993225098,0
kodak,16.png,3.0,120.0,2693017817,-0.8773720860481262,0.6101329922676086,-0.3460626006126404,-1.1624889373779297,SwinJSCC_author_one_shot,0,16,4096,4130,0.0018768643494695425,27.265671149150087,0.8942216634750366,0.274064838886261,0
kodak,16.png,3.0,120.0,2693017817,-0.8773720860481262,0.6101329922676086,-0.3460626006126404,-1.1624889373779297,SwinJSCC_author_Chase_wrapper,1,16,8192,8228,0.0012708916328847408,28.958914795377524,0.9399368166923523,0.24589259922504425,0
kodak,16.png,3.0,120.0,2693017817,-0.8773720860481262,0.6101329922676086,-0.3460626006126404,-1.1624889373779297,same_codec_direct,0,4096,4096,12290,0.003681651782244444,24.339572903027488,0.8206414580345154,0.6060726642608643,0
kodak,16.png,3.0,120.0,2693017817,-0.8773720860481262,0.6101329922676086,-0.3460626006126404,-1.1624889373779297,same_codec_full_HARQ,1,4096,8192,16388,0.003393759485334158,24.693189392409188,0.844196081161499,0.570953905582428,0
kodak,16.png,3.0,120.0,2693017817,-0.8773720860481262,0.6101329922676086,-0.3460626006126404,-1.1624889373779297,adaptive_HARQ,0,4096,4096,12290,0.003681651782244444,24.339572903027488,0.8206414580345154,0.6060726642608643,0
kodak,16.png,3.0,120.0,2693017817,-0.8773720860481262,0.6101329922676086,-0.3460626006126404,-1.1624889373779297,FlowHARQ,0,4096,4096,12290,0.0035053379833698273,24.552701011678447,0.8206650018692017,0.6092371940612793,0
kodak,16.png,6.0,30.0,2772489370,-0.15652833878993988,1.0874769687652588,-0.1544545739889145,2.3744473457336426,SwinJSCC_author_one_shot,0,16,4096,4130,0.0012812917120754719,28.923519830406907,0.9392282366752625,0.24460464715957642,0
kodak,16.png,6.0,30.0,2772489370,-0.15652833878993988,1.0874769687652588,-0.1544545739889145,2.3744473457336426,SwinJSCC_author_Chase_wrapper,1,16,8192,8228,0.0009935862617567182,30.02794422083454,0.9595904350280762,0.23950466513633728,0
kodak,16.png,6.0,30.0,2772489370,-0.15652833878993988,1.0874769687652588,-0.1544545739889145,2.3744473457336426,same_codec_direct,0,4096,4096,12290,0.0035812759306281805,24.459622161194705,0.8415891528129578,0.5676177740097046,0
kodak,16.png,6.0,30.0,2772489370,-0.15652833878993988,1.0874769687652588,-0.1544545739889145,2.3744473457336426,same_codec_full_HARQ,1,4096,8192,16388,0.0033149521332234144,24.795227382779185,0.862497091293335,0.5535517930984497,0
kodak,16.png,6.0,30.0,2772489370,-0.15652833878993988,1.0874769687652588,-0.1544545739889145,2.3744473457336426,adaptive_HARQ,0,4096,4096,12290,0.0035812759306281805,24.459622161194705,0.8415891528129578,0.5676177740097046,0
kodak,16.png,6.0,30.0,2772489370,-0.15652833878993988,1.0874769687652588,-0.1544545739889145,2.3744473457336426,FlowHARQ,0,4096,4096,12290,0.003436132101342082,24.639301481641077,0.8416284322738647,0.5716392397880554,0
kodak,16.png,6.0,60.0,3871943445,-0.319454550743103,0.3362449109554291,0.5643585324287415,-0.887814998626709,SwinJSCC_author_one_shot,0,16,4096,4130,0.008425391279160976,20.744099211468775,0.6834773421287537,0.5889354348182678,1
kodak,16.png,6.0,60.0,3871943445,-0.319454550743103,0.3362449109554291,0.5643585324287415,-0.887814998626709,SwinJSCC_author_Chase_wrapper,1,16,8192,8228,0.001252427464351058,29.02247417352365,0.9421195983886719,0.24043256044387817,0
kodak,16.png,6.0,60.0,3871943445,-0.319454550743103,0.3362449109554291,0.5643585324287415,-0.887814998626709,same_codec_direct,0,4096,4096,12290,0.004421984776854515,23.543827568589467,0.7680355906486511,0.6388713717460632,1
kodak,16.png,6.0,60.0,3871943445,-0.319454550743103,0.3362449109554291,0.5643585324287415,-0.887814998626709,same_codec_full_HARQ,1,4096,8192,16388,0.0033918616827577353,24.69561866214811,0.845874011516571,0.5735796689987183,0
kodak,16.png,6.0,60.0,3871943445,-0.319454550743103,0.3362449109554291,0.5643585324287415,-0.887814998626709,adaptive_HARQ,0,4096,4096,12290,0.004421984776854515,23.543827568589467,0.7680355906486511,0.6388713717460632,1
kodak,16.png,6.0,60.0,3871943445,-0.319454550743103,0.3362449109554291,0.5643585324287415,-0.887814998626709,FlowHARQ,0,4096,4096,12290,0.004206128418445587,23.761174718848622,0.7603148221969604,0.6580979228019714,1
kodak,16.png,6.0,90.0,1563031085,-1.1104437112808228,0.2888013422489166,0.3750760555267334,-0.2945471704006195,SwinJSCC_author_one_shot,0,16,4096,4130,0.0012376740342006087,29.073937202499167,0.9418732523918152,0.22911140322685242,0
kodak,16.png,6.0,90.0,1563031085,-1.1104437112808228,0.2888013422489166,0.3750760555267334,-0.2945471704006195,SwinJSCC_author_Chase_wrapper,1,16,8192,8228,0.0011875256896018982,29.253569865606384,0.9454905986785889,0.2265949696302414,0
kodak,16.png,6.0,90.0,1563031085,-1.1104437112808228,0.2888013422489166,0.3750760555267334,-0.2945471704006195,same_codec_direct,0,4096,4096,12290,0.0035622462164610624,24.482760661319325,0.8468338251113892,0.57282555103302,0
kodak,16.png,6.0,90.0,1563031085,-1.1104437112808228,0.2888013422489166,0.3750760555267334,-0.2945471704006195,same_codec_full_HARQ,1,4096,8192,16388,0.003475410398095846,24.589939038495427,0.8499061465263367,0.5665833950042725,0
kodak,16.png,6.0,90.0,1563031085,-1.1104437112808228,0.2888013422489166,0.3750760555267334,-0.2945471704006195,adaptive_HARQ,0,4096,4096,12290,0.0035622462164610624,24.482760661319325,0.8468338251113892,0.57282555103302,0
kodak,16.png,6.0,90.0,1563031085,-1.1104437112808228,0.2888013422489166,0.3750760555267334,-0.2945471704006195,FlowHARQ,0,4096,4096,12290,0.0034588647540658712,24.61066419110592,0.8470585346221924,0.5767648816108704,0
kodak,16.png,6.0,120.0,4087861266,0.013494139537215233,0.9564246535301208,0.42408591508865356,-0.37906062602996826,SwinJSCC_author_one_shot,0,16,4096,4130,0.0014323373325169086,28.439546884542366,0.9294255971908569,0.23937958478927612,0
kodak,16.png,6.0,120.0,4087861266,0.013494139537215233,0.9564246535301208,0.42408591508865356,-0.37906062602996826,SwinJSCC_author_Chase_wrapper,1,16,8192,8228,0.0012850553030148149,28.91078181844476,0.9392828345298767,0.23180323839187622,0
kodak,16.png,6.0,120.0,4087861266,0.013494139537215233,0.9564246535301208,0.42408591508865356,-0.37906062602996826,same_codec_direct,0,4096,4096,12290,0.0037519801408052444,24.257394690034,0.8360278010368347,0.5854920148849487,0
kodak,16.png,6.0,120.0,4087861266,0.013494139537215233,0.9564246535301208,0.42408591508865356,-0.37906062602996826,same_codec_full_HARQ,1,4096,8192,16388,0.0036638532765209675,24.360619265088786,0.8439943194389343,0.5786675810813904,0
kodak,16.png,6.0,120.0,4087861266,0.013494139537215233,0.9564246535301208,0.42408591508865356,-0.37906062602996826,adaptive_HARQ,0,4096,4096,12290,0.0037519801408052444,24.257394690034,0.8360278010368347,0.5854920148849487,0
kodak,16.png,6.0,120.0,4087861266,0.013494139537215233,0.9564246535301208,0.42408591508865356,-0.37906062602996826,FlowHARQ,0,4096,4096,12290,0.0036132908426225185,24.420970795993256,0.8363769054412842,0.5894454121589661,0
kodak,16.png,9.0,30.0,933345267,0.270630419254303,-0.18734855949878693,-0.8063332438468933,0.07271133363246918,SwinJSCC_author_one_shot,0,16,4096,4130,0.004856162238866091,23.137068124049375,0.7156996726989746,0.5444023609161377,1
kodak,16.png,9.0,30.0,933345267,0.270630419254303,-0.18734855949878693,-0.8063332438468933,0.07271133363246918,SwinJSCC_author_Chase_wrapper,1,16,8192,8228,0.0012057626154273748,29.187381855273035,0.944781482219696,0.2340373545885086,0
kodak,16.png,9.0,30.0,933345267,0.270630419254303,-0.18734855949878693,-0.8063332438468933,0.07271133363246918,same_codec_direct,0,4096,4096,12290,0.004248492419719696,23.71765152290719,0.7683392763137817,0.6545190215110779,1
kodak,16.png,9.0,30.0,933345267,0.270630419254303,-0.18734855949878693,-0.8063332438468933,0.07271133363246918,same_codec_full_HARQ,1,4096,8192,16388,0.003530857153236866,24.52119852195013,0.8425987958908081,0.5723752975463867,0
kodak,16.png,9.0,30.0,933345267,0.270630419254303,-0.18734855949878693,-0.8063332438468933,0.07271133363246918,adaptive_HARQ,0,4096,4096,12290,0.004248492419719696,23.71765152290719,0.7683392763137817,0.6545190215110779,1
kodak,16.png,9.0,30.0,933345267,0.270630419254303,-0.18734855949878693,-0.8063332438468933,0.07271133363246918,FlowHARQ,0,4096,4096,12290,0.004065138753503561,23.909246262439552,0.7553015947341919,0.6806549429893494,1
kodak,16.png,9.0,60.0,4290329995,-1.49149751663208,-0.7478305697441101,-1.1120777130126953,-0.5477924942970276,SwinJSCC_author_one_shot,0,16,4096,4130,0.0010155716445297003,29.93289433434587,0.9581500291824341,0.23559114336967468,0
kodak,16.png,9.0,60.0,4290329995,-1.49149751663208,-0.7478305697441101,-1.1120777130126953,-0.5477924942970276,SwinJSCC_author_Chase_wrapper,1,16,8192,8228,0.0009846361353993416,30.06724229992713,0.9601459503173828,0.23537953197956085,0
kodak,16.png,9.0,60.0,4290329995,-1.49149751663208,-0.7478305697441101,-1.1120777130126953,-0.5477924942970276,same_codec_direct,0,4096,4096,12290,0.003272898029536009,24.850675253671245,0.8627948760986328,0.5587660670280457,0
kodak,16.png,9.0,60.0,4290329995,-1.49149751663208,-0.7478305697441101,-1.1120777130126953,-0.5477924942970276,same_codec_full_HARQ,1,4096,8192,16388,0.0032485872507095337,24.883054644403,0.8647071123123169,0.5580028295516968,0
kodak,16.png,9.0,60.0,4290329995,-1.49149751663208,-0.7478305697441101,-1.1120777130126953,-0.5477924942970276,adaptive_HARQ,0,4096,4096,12290,0.003272898029536009,24.850675253671245,0.8627948760986328,0.5587660670280457,0
kodak,16.png,9.0,60.0,4290329995,-1.49149751663208,-0.7478305697441101,-1.1120777130126953,-0.5477924942970276,FlowHARQ,0,4096,4096,12290,0.003210606751963496,24.934128853120683,0.8627375960350037,0.5597578287124634,0
kodak,16.png,9.0,90.0,3593398805,0.2680850028991699,-0.5016996264457703,-0.16420452296733856,0.3819063603878021,SwinJSCC_author_one_shot,0,16,4096,4130,0.0016565935220569372,27.8078404123885,0.907172679901123,0.2530360817909241,0
kodak,16.png,9.0,90.0,3593398805,0.2680850028991699,-0.5016996264457703,-0.16420452296733856,0.3819063603878021,SwinJSCC_author_Chase_wrapper,1,16,8192,8228,0.0013952541630715132,28.55346672988841,0.9305831789970398,0.23744893074035645,0
kodak,16.png,9.0,90.0,3593398805,0.2680850028991699,-0.5016996264457703,-0.16420452296733856,0.3819063603878021,same_codec_direct,0,4096,4096,12290,0.0038004606030881405,24.201637651576352,0.8212481737136841,0.5818631052970886,0
kodak,16.png,9.0,90.0,3593398805,0.2680850028991699,-0.5016996264457703,-0.16420452296733856,0.3819063603878021,same_codec_full_HARQ,1,4096,8192,16388,0.003601394360885024,24.435293197898527,0.8347842693328857,0.5720928311347961,0
kodak,16.png,9.0,90.0,3593398805,0.2680850028991699,-0.5016996264457703,-0.16420452296733856,0.3819063603878021,adaptive_HARQ,0,4096,4096,12290,0.0038004606030881405,24.201637651576352,0.8212481737136841,0.5818631052970886,0
kodak,16.png,9.0,90.0,3593398805,0.2680850028991699,-0.5016996264457703,-0.16420452296733856,0.3819063603878021,FlowHARQ,0,4096,4096,12290,0.0036652893759310246,24.358917319617643,0.8212200999259949,0.5886469483375549,0
kodak,16.png,9.0,120.0,3573220113,-0.06817120313644409,-1.156679391860962,-1.785281777381897,2.619448661804199,SwinJSCC_author_one_shot,0,16,4096,4130,0.001088918768800795,29.630045165503635,0.9529889822006226,0.24148960411548615,0
kodak,16.png,9.0,120.0,3573220113,-0.06817120313644409,-1.156679391860962,-1.785281777381897,2.619448661804199,SwinJSCC_author_Chase_wrapper,1,16,8192,8228,0.0009682266972959042,30.140229465573046,0.9622306823730469,0.24159947037696838,0
kodak,16.png,9.0,120.0,3573220113,-0.06817120313644409,-1.156679391860962,-1.785281777381897,2.619448661804199,same_codec_direct,0,4096,4096,12290,0.0033788452856242657,24.712316937350035,0.8558779954910278,0.5622168183326721,0
kodak,16.png,9.0,120.0,3573220113,-0.06817120313644409,-1.156679391860962,-1.785281777381897,2.619448661804199,same_codec_full_HARQ,1,4096,8192,16388,0.0032633296214044094,24.863390569117744,0.8677176833152771,0.5507487654685974,0
kodak,16.png,9.0,120.0,3573220113,-0.06817120313644409,-1.156679391860962,-1.785281777381897,2.619448661804199,adaptive_HARQ,0,4096,4096,12290,0.0033788452856242657,24.712316937350035,0.8558779954910278,0.5622168183326721,0
kodak,16.png,9.0,120.0,3573220113,-0.06817120313644409,-1.156679391860962,-1.785281777381897,2.619448661804199,FlowHARQ,0,4096,4096,12290,0.0033011517953127623,24.813345052513256,0.8560227751731873,0.5652661323547363,0
kodak,16.png,12.0,30.0,1178385847,0.05918623507022858,-0.529409646987915,-0.32141831517219543,-0.04472285509109497,SwinJSCC_author_one_shot,0,16,4096,4130,0.0013153457548469305,28.809600725090093,0.9371704459190369,0.23563747107982635,0
kodak,16.png,12.0,30.0,1178385847,0.05918623507022858,-0.529409646987915,-0.32141831517219543,-0.04472285509109497,SwinJSCC_author_Chase_wrapper,1,16,8192,8228,0.0012091872049495578,29.17506456969909,0.9443981647491455,0.24104554951190948,0
kodak,16.png,12.0,30.0,1178385847,0.05918623507022858,-0.529409646987915,-0.32141831517219543,-0.04472285509109497,same_codec_direct,0,4096,4096,12290,0.0036493809893727303,24.377807946389197,0.8396615386009216,0.5811284184455872,0
kodak,16.png,12.0,30.0,1178385847,0.05918623507022858,-0.529409646987915,-0.32141831517219543,-0.04472285509109497,same_codec_full_HARQ,1,4096,8192,16388,0.0036100069992244244,24.424919560661987,0.8453487157821655,0.5785838961601257,0
kodak,16.png,12.0,30.0,1178385847,0.05918623507022858,-0.529409646987915,-0.32141831517219543,-0.04472285509109497,adaptive_HARQ,0,4096,4096,12290,0.0036493809893727303,24.377807946389197,0.8396615386009216,0.5811284184455872,0
kodak,16.png,12.0,30.0,1178385847,0.05918623507022858,-0.529409646987915,-0.32141831517219543,-0.04472285509109497,FlowHARQ,0,4096,4096,12290,0.0035068062134087086,24.5508823262793,0.8403234481811523,0.5820916295051575,0
kodak,16.png,12.0,60.0,3366753856,-0.5729357600212097,0.6772732734680176,0.9166529774665833,-0.7519910335540771,SwinJSCC_author_one_shot,0,16,4096,4130,0.0010761034209281206,29.68145987981897,0.9539830088615417,0.2334703654050827,0
kodak,16.png,12.0,60.0,3366753856,-0.5729357600212097,0.6772732734680176,0.9166529774665833,-0.7519910335540771,SwinJSCC_author_Chase_wrapper,1,16,8192,8228,0.0009895721450448036,30.04552537937943,0.9604617953300476,0.2379610240459442,0
kodak,16.png,12.0,60.0,3366753856,-0.5729357600212097,0.6772732734680176,0.9166529774665833,-0.7519910335540771,same_codec_direct,0,4096,4096,12290,0.003276624483987689,24.845733278812094,0.8589596152305603,0.559600830078125,0
kodak,16.png,12.0,60.0,3366753856,-0.5729357600212097,0.6772732734680176,0.9166529774665833,-0.7519910335540771,same_codec_full_HARQ,1,4096,8192,16388,0.0032962847035378218,24.819752848888722,0.8647099733352661,0.5534260869026184,0
kodak,16.png,12.0,60.0,3366753856,-0.5729357600212097,0.6772732734680176,0.9166529774665833,-0.7519910335540771,adaptive_HARQ,0,4096,4096,12290,0.003276624483987689,24.845733278812094,0.8589596152305603,0.559600830078125,0
kodak,16.png,12.0,60.0,3366753856,-0.5729357600212097,0.6772732734680176,0.9166529774665833,-0.7519910335540771,FlowHARQ,0,4096,4096,12290,0.003207315457984805,24.93858322602149,0.8591126799583435,0.5616998076438904,0
kodak,16.png,12.0,90.0,87184654,0.1989806890487671,-0.3059973120689392,-1.6263446807861328,0.07628615945577621,SwinJSCC_author_one_shot,0,16,4096,4130,0.002072866540402174,26.834286586551638,0.8836857676506042,0.28324222564697266,0
kodak,16.png,12.0,90.0,87184654,0.1989806890487671,-0.3059973120689392,-1.6263446807861328,0.07628615945577621,SwinJSCC_author_Chase_wrapper,1,16,8192,8228,0.0009731996688060462,30.117980475379014,0.960737943649292,0.23465695977210999,0
kodak,16.png,12.0,90.0,87184654,0.1989806890487671,-0.3059973120689392,-1.6263446807861328,0.07628615945577621,same_codec_direct,0,4096,4096,12290,0.003764260560274124,24.243203225527697,0.8137466311454773,0.5839225649833679,0
kodak,16.png,12.0,90.0,87184654,0.1989806890487671,-0.3059973120689392,-1.6263446807861328,0.07628615945577621,same_codec_full_HARQ,1,4096,8192,16388,0.003241340396925807,24.892753581242925,0.8655376434326172,0.551224946975708,0
kodak,16.png,12.0,90.0,87184654,0.1989806890487671,-0.3059973120689392,-1.6263446807861328,0.07628615945577621,adaptive_HARQ,0,4096,4096,12290,0.003764260560274124,24.243203225527697,0.8137466311454773,0.5839225649833679,0
kodak,16.png,12.0,90.0,87184654,0.1989806890487671,-0.3059973120689392,-1.6263446807861328,0.07628615945577621,FlowHARQ,0,4096,4096,12290,0.0036337035708129406,24.396505043287906,0.8131377100944519,0.5902976393699646,0
kodak,16.png,12.0,120.0,2537177375,0.7593492269515991,0.465859591960907,-0.6081157326698303,0.1491549164056778,SwinJSCC_author_one_shot,0,16,4096,4130,0.0010639529209583998,29.730775887894076,0.9554428458213806,0.2405686229467392,0
kodak,16.png,12.0,120.0,2537177375,0.7593492269515991,0.465859591960907,-0.6081157326698303,0.1491549164056778,SwinJSCC_author_Chase_wrapper,1,16,8192,8228,0.0010219021933153272,29.905906687180604,0.9581131935119629,0.24184155464172363,0
kodak,16.png,12.0,120.0,2537177375,0.7593492269515991,0.465859591960907,-0.6081157326698303,0.1491549164056778,same_codec_direct,0,4096,4096,12290,0.0033213458955287933,24.786858932372134,0.8569080829620361,0.5550455451011658,0
kodak,16.png,12.0,120.0,2537177375,0.7593492269515991,0.465859591960907,-0.6081157326698303,0.1491549164056778,same_codec_full_HARQ,1,4096,8192,16388,0.0033211957197636366,24.787055304513736,0.8610655069351196,0.5533950328826904,0
kodak,16.png,12.0,120.0,2537177375,0.7593492269515991,0.465859591960907,-0.6081157326698303,0.1491549164056778,adaptive_HARQ,0,4096,4096,12290,0.0033213458955287933,24.786858932372134,0.8569080829620361,0.5550455451011658,0
kodak,16.png,12.0,120.0,2537177375,0.7593492269515991,0.465859591960907,-0.6081157326698303,0.1491549164056778,FlowHARQ,0,4096,4096,12290,0.0032569856848567724,24.871841502473387,0.8571867942810059,0.5576585531234741,0
kodak,16.png,15.0,30.0,3137724061,0.28207966685295105,-0.20705004036426544,0.8823732137680054,-0.2286771535873413,SwinJSCC_author_one_shot,0,16,4096,4130,0.0014099519466981292,28.507956885073607,0.9313793182373047,0.23983433842658997,0
kodak,16.png,15.0,30.0,3137724061,0.28207966685295105,-0.20705004036426544,0.8823732137680054,-0.2286771535873413,SwinJSCC_author_Chase_wrapper,1,16,8192,8228,0.0009968560189008713,30.013675645694008,0.9598133563995361,0.2373250424861908,0
kodak,16.png,15.0,30.0,3137724061,0.28207966685295105,-0.20705004036426544,0.8823732137680054,-0.2286771535873413,same_codec_direct,0,4096,4096,12290,0.0036270420532673597,24.404474090194874,0.8353211283683777,0.5901083946228027,0
kodak,16.png,15.0,30.0,3137724061,0.28207966685295105,-0.20705004036426544,0.8823732137680054,-0.2286771535873413,same_codec_full_HARQ,1,4096,8192,16388,0.0032615135423839092,24.865808138698718,0.8650600910186768,0.5528814792633057,0
kodak,16.png,15.0,30.0,3137724061,0.28207966685295105,-0.20705004036426544,0.8823732137680054,-0.2286771535873413,adaptive_HARQ,0,4096,4096,12290,0.0036270420532673597,24.404474090194874,0.8353211283683777,0.5901083946228027,0
kodak,16.png,15.0,30.0,3137724061,0.28207966685295105,-0.20705004036426544,0.8823732137680054,-0.2286771535873413,FlowHARQ,0,4096,4096,12290,0.0034991176798939705,24.56041451381294,0.8350189924240112,0.5940264463424683,0
kodak,16.png,15.0,60.0,1322754911,-1.1341811418533325,0.5422903299331665,-0.8486624956130981,0.45006507635116577,SwinJSCC_author_one_shot,0,16,4096,4130,0.000976945273578167,30.10129763864342,0.961211085319519,0.24209433794021606,0
kodak,16.png,15.0,60.0,1322754911,-1.1341811418533325,0.5422903299331665,-0.8486624956130981,0.45006507635116577,SwinJSCC_author_Chase_wrapper,1,16,8192,8228,0.0009662768570706248,30.148984219579905,0.9620170593261719,0.24000242352485657,0
kodak,16.png,15.0,60.0,1322754911,-1.1341811418533325,0.5422903299331665,-0.8486624956130981,0.45006507635116577,same_codec_direct,0,4096,4096,12290,0.0032628150656819344,24.864075410542753,0.8656232357025146,0.5532014966011047,0
kodak,16.png,15.0,60.0,1322754911,-1.1341811418533325,0.5422903299331665,-0.8486624956130981,0.45006507635116577,same_codec_full_HARQ,1,4096,8192,16388,0.0032604315783828497,24.867249092251345,0.8664523959159851,0.5537868738174438,0
kodak,16.png,15.0,60.0,1322754911,-1.1341811418533325,0.5422903299331665,-0.8486624956130981,0.45006507635116577,adaptive_HARQ,0,4096,4096,12290,0.0032628150656819344,24.864075410542753,0.8656232357025146,0.5532014966011047,0
kodak,16.png,15.0,60.0,1322754911,-1.1341811418533325,0.5422903299331665,-0.8486624956130981,0.45006507635116577,FlowHARQ,0,4096,4096,12290,0.0032179716508835554,24.92417786190709,0.8657285571098328,0.555216372013092,0
kodak,16.png,15.0,90.0,4271499266,0.15228119492530823,0.5806444883346558,0.21509523689746857,1.5619043111801147,SwinJSCC_author_one_shot,0,16,4096,4130,0.0010822638869285583,29.65666832885792,0.9530248641967773,0.23867356777191162,0
kodak,16.png,15.0,90.0,4271499266,0.15228119492530823,0.5806444883346558,0.21509523689746857,1.5619043111801147,SwinJSCC_author_Chase_wrapper,1,16,8192,8228,0.0009593544527888298,30.180209043525462,0.9622349143028259,0.23956581950187683,0
kodak,16.png,15.0,90.0,4271499266,0.15228119492530823,0.5806444883346558,0.21509523689746857,1.5619043111801147,same_codec_direct,0,4096,4096,12290,0.0032814396545290947,24.839355779821,0.8555848598480225,0.5626316070556641,0
kodak,16.png,15.0,90.0,4271499266,0.15228119492530823,0.5806444883346558,0.21509523689746857,1.5619043111801147,same_codec_full_HARQ,1,4096,8192,16388,0.00324448524042964,24.888541971608117,0.8673086166381836,0.5529140830039978,0
kodak,16.png,15.0,90.0,4271499266,0.15228119492530823,0.5806444883346558,0.21509523689746857,1.5619043111801147,adaptive_HARQ,0,4096,4096,12290,0.0032814396545290947,24.839355779821,0.8555848598480225,0.5626316070556641,0
kodak,16.png,15.0,90.0,4271499266,0.15228119492530823,0.5806444883346558,0.21509523689746857,1.5619043111801147,FlowHARQ,0,4096,4096,12290,0.003225405467674136,24.914156821745543,0.855564296245575,0.5662250518798828,0
kodak,16.png,15.0,120.0,642005382,1.1384975910186768,0.7435787320137024,-0.6738371253013611,1.1491543054580688,SwinJSCC_author_one_shot,0,16,4096,4130,0.0009742008405737579,30.113515000399754,0.9614474177360535,0.23788970708847046,0
kodak,16.png,15.0,120.0,642005382,1.1384975910186768,0.7435787320137024,-0.6738371253013611,1.1491543054580688,SwinJSCC_author_Chase_wrapper,1,16,8192,8228,0.00095976865850389,30.178334361717315,0.962120771408081,0.2411457598209381,0
kodak,16.png,15.0,120.0,642005382,1.1384975910186768,0.7435787320137024,-0.6738371253013611,1.1491543054580688,same_codec_direct,0,4096,4096,12290,0.003287866245955229,24.830858583537378,0.8664678931236267,0.5536705255508423,0
kodak,16.png,15.0,120.0,642005382,1.1384975910186768,0.7435787320137024,-0.6738371253013611,1.1491543054580688,same_codec_full_HARQ,1,4096,8192,16388,0.0032775697764009237,24.844480538153555,0.8677428960800171,0.5517409443855286,0
kodak,16.png,15.0,120.0,642005382,1.1384975910186768,0.7435787320137024,-0.6738371253013611,1.1491543054580688,adaptive_HARQ,0,4096,4096,12290,0.003287866245955229,24.830858583537378,0.8664678931236267,0.5536705255508423,0
kodak,16.png,15.0,120.0,642005382,1.1384975910186768,0.7435787320137024,-0.6738371253013611,1.1491543054580688,FlowHARQ,0,4096,4096,12290,0.003249251749366522,24.882166385703563,0.8665055632591248,0.5548921227455139,0
kodak,17.png,0.0,30.0,3322567175,-0.7018746137619019,-0.24369576573371887,-0.5078333020210266,-0.1221214011311531,SwinJSCC_author_one_shot,0,16,4096,4130,0.018019046634435654,17.442681907352494,0.4919931888580322,0.6767434477806091,1
kodak,17.png,0.0,30.0,3322567175,-0.7018746137619019,-0.24369576573371887,-0.5078333020210266,-0.1221214011311531,SwinJSCC_author_Chase_wrapper,1,16,8192,8228,0.008249998092651367,20.835461518562667,0.6701241731643677,0.5300434827804565,1
kodak,17.png,0.0,30.0,3322567175,-0.7018746137619019,-0.24369576573371887,-0.5078333020210266,-0.1221214011311531,same_codec_direct,0,4096,4096,12290,0.004954727832227945,23.049801967201667,0.7445052862167358,0.6305036544799805,1
kodak,17.png,0.0,30.0,3322567175,-0.7018746137619019,-0.24369576573371887,-0.5078333020210266,-0.1221214011311531,same_codec_full_HARQ,1,4096,8192,16388,0.004427670501172543,23.538247059611162,0.7804360389709473,0.6338090300559998,1
kodak,17.png,0.0,30.0,3322567175,-0.7018746137619019,-0.24369576573371887,-0.5078333020210266,-0.1221214011311531,adaptive_HARQ,1,4096,8192,16388,0.004427670501172543,23.538247059611162,0.7804360389709473,0.6338090300559998,1
kodak,17.png,0.0,30.0,3322567175,-0.7018746137619019,-0.24369576573371887,-0.5078333020210266,-0.1221214011311531,FlowHARQ,1,4096,8192,16388,0.004427670501172543,23.538247059611162,0.7804360389709473,0.6338090300559998,1
kodak,17.png,0.0,60.0,2224500333,-0.07674235850572586,0.061669182032346725,0.05146019905805588,0.0019338689744472504,SwinJSCC_author_one_shot,0,16,4096,4130,0.10022810101509094,9.99010497981825,0.06941458582878113,0.732329249382019,1
kodak,17.png,0.0,60.0,2224500333,-0.07674235850572586,0.061669182032346725,0.05146019905805588,0.0019338689744472504,SwinJSCC_author_Chase_wrapper,1,16,8192,8228,0.10150226205587387,9.935242790568083,0.06259466707706451,0.7275691628456116,1
kodak,17.png,0.0,60.0,2224500333,-0.07674235850572586,0.061669182032346725,0.05146019905805588,0.0019338689744472504,same_codec_direct,0,4096,4096,12290,0.025920912623405457,15.863497118935868,0.26180922985076904,0.8309307098388672,1
kodak,17.png,0.0,60.0,2224500333,-0.07674235850572586,0.061669182032346725,0.05146019905805588,0.0019338689744472504,same_codec_full_HARQ,1,4096,8192,16388,0.023201055824756622,16.34492250952549,0.2987673282623291,0.8235529661178589,1
kodak,17.png,0.0,60.0,2224500333,-0.07674235850572586,0.061669182032346725,0.05146019905805588,0.0019338689744472504,adaptive_HARQ,1,4096,8192,16388,0.023201055824756622,16.34492250952549,0.2987673282623291,0.8235529661178589,1
kodak,17.png,0.0,60.0,2224500333,-0.07674235850572586,0.061669182032346725,0.05146019905805588,0.0019338689744472504,FlowHARQ,1,4096,8192,16388,0.023201055824756622,16.34492250952549,0.2987673282623291,0.8235529661178589,1
kodak,17.png,0.0,90.0,1433889392,-0.16621148586273193,0.13327939808368683,-0.1997169703245163,-0.48471498489379883,SwinJSCC_author_one_shot,0,16,4096,4130,0.13912977278232574,8.565799241309179,0.09248315542936325,0.7252813577651978,1
kodak,17.png,0.0,90.0,1433889392,-0.16621148586273193,0.13327939808368683,-0.1997169703245163,-0.48471498489379883,SwinJSCC_author_Chase_wrapper,1,16,8192,8228,0.03314253315329552,14.796143006102792,0.32709217071533203,0.7458944320678711,1
kodak,17.png,0.0,90.0,1433889392,-0.16621148586273193,0.13327939808368683,-0.1997169703245163,-0.48471498489379883,same_codec_direct,0,4096,4096,12290,0.01279885321855545,18.928289415368944,0.3898871839046478,0.7942008972167969,1
kodak,17.png,0.0,90.0,1433889392,-0.16621148586273193,0.13327939808368683,-0.1997169703245163,-0.48471498489379883,same_codec_full_HARQ,1,4096,8192,16388,0.006729934364557266,21.719891713257407,0.6515246033668518,0.7127701044082642,1
kodak,17.png,0.0,90.0,1433889392,-0.16621148586273193,0.13327939808368683,-0.1997169703245163,-0.48471498489379883,adaptive_HARQ,1,4096,8192,16388,0.006729934364557266,21.719891713257407,0.6515246033668518,0.7127701044082642,1
kodak,17.png,0.0,90.0,1433889392,-0.16621148586273193,0.13327939808368683,-0.1997169703245163,-0.48471498489379883,FlowHARQ,1,4096,8192,16388,0.006729934364557266,21.719891713257407,0.6515246033668518,0.7127701044082642,1
kodak,17.png,0.0,120.0,3756787574,0.8845114707946777,0.04387294128537178,-0.3283722400665283,0.017491115257143974,SwinJSCC_author_one_shot,0,16,4096,4130,0.008937627077102661,20.487777702546822,0.655657172203064,0.5836032629013062,1
kodak,17.png,0.0,120.0,3756787574,0.8845114707946777,0.04387294128537178,-0.3283722400665283,0.017491115257143974,SwinJSCC_author_Chase_wrapper,1,16,8192,8228,0.007235794793814421,21.405137581717803,0.7088373899459839,0.5667780637741089,1
kodak,17.png,0.0,120.0,3756787574,0.8845114707946777,0.04387294128537178,-0.3283722400665283,0.017491115257143974,same_codec_direct,0,4096,4096,12290,0.004420328885316849,23.545454166770266,0.7825877666473389,0.606572151184082,1
kodak,17.png,0.0,120.0,3756787574,0.8845114707946777,0.04387294128537178,-0.3283722400665283,0.017491115257143974,same_codec_full_HARQ,1,4096,8192,16388,0.004284108988940716,23.681394891255575,0.7899203300476074,0.6105211973190308,1
kodak,17.png,0.0,120.0,3756787574,0.8845114707946777,0.04387294128537178,-0.3283722400665283,0.017491115257143974,adaptive_HARQ,1,4096,8192,16388,0.004284108988940716,23.681394891255575,0.7899203300476074,0.6105211973190308,1
kodak,17.png,0.0,120.0,3756787574,0.8845114707946777,0.04387294128537178,-0.3283722400665283,0.017491115257143974,FlowHARQ,1,4096,8192,16388,0.004284108988940716,23.681394891255575,0.7899203300476074,0.6105211973190308,1
kodak,17.png,3.0,30.0,1758529395,1.0106958150863647,0.5065509676933289,0.684281051158905,-0.0003485381603240967,SwinJSCC_author_one_shot,0,16,4096,4130,0.0015860905405133963,27.996720250114624,0.9231595993041992,0.2397589385509491,0
kodak,17.png,3.0,30.0,1758529395,1.0106958150863647,0.5065509676933289,0.684281051158905,-0.0003485381603240967,SwinJSCC_author_Chase_wrapper,1,16,8192,8228,0.0012725284323096275,28.953325053705896,0.9423031806945801,0.2068464457988739,0
kodak,17.png,3.0,30.0,1758529395,1.0106958150863647,0.5065509676933289,0.684281051158905,-0.0003485381603240967,same_codec_direct,0,4096,4096,12290,0.0032396106980741024,24.8950717554537,0.8504170179367065,0.5561398267745972,0
kodak,17.png,3.0,30.0,1758529395,1.0106958150863647,0.5065509676933289,0.684281051158905,-0.0003485381603240967,same_codec_full_HARQ,1,4096,8192,16388,0.0030617746524512768,25.14026776667921,0.864195704460144,0.5376608967781067,0
kodak,17.png,3.0,30.0,1758529395,1.0106958150863647,0.5065509676933289,0.684281051158905,-0.0003485381603240967,adaptive_HARQ,0,4096,4096,12290,0.0032396106980741024,24.8950717554537,0.8504170179367065,0.5561398267745972,0
kodak,17.png,3.0,30.0,1758529395,1.0106958150863647,0.5065509676933289,0.684281051158905,-0.0003485381603240967,FlowHARQ,0,4096,4096,12290,0.003134686267003417,25.038059187335364,0.8494014739990234,0.5518320202827454,0
kodak,17.png,3.0,60.0,2827585608,-0.46504709124565125,1.278409719467163,-0.5838496685028076,0.5599398612976074,SwinJSCC_author_one_shot,0,16,4096,4130,0.0012086492497473955,29.17699713200463,0.9464716911315918,0.2147083282470703,0
kodak,17.png,3.0,60.0,2827585608,-0.46504709124565125,1.278409719467163,-0.5838496685028076,0.5599398612976074,SwinJSCC_author_Chase_wrapper,1,16,8192,8228,0.0010027186945080757,29.988208880744416,0.9562797546386719,0.19904248416423798,0
kodak,17.png,3.0,60.0,2827585608,-0.46504709124565125,1.278409719467163,-0.5838496685028076,0.5599398612976074,same_codec_direct,0,4096,4096,12290,0.0031294669024646282,25.045296372255553,0.8651282787322998,0.5308569073677063,0
kodak,17.png,3.0,60.0,2827585608,-0.46504709124565125,1.278409719467163,-0.5838496685028076,0.5599398612976074,same_codec_full_HARQ,1,4096,8192,16388,0.002997694071382284,25.232126909973953,0.8754814863204956,0.5219975113868713,0
kodak,17.png,3.0,60.0,2827585608,-0.46504709124565125,1.278409719467163,-0.5838496685028076,0.5599398612976074,adaptive_HARQ,0,4096,4096,12290,0.0031294669024646282,25.045296372255553,0.8651282787322998,0.5308569073677063,0
kodak,17.png,3.0,60.0,2827585608,-0.46504709124565125,1.278409719467163,-0.5838496685028076,0.5599398612976074,FlowHARQ,0,4096,4096,12290,0.0030331069137901068,25.18112281001327,0.8655141592025757,0.5299454927444458,0
kodak,17.png,3.0,90.0,4175856395,-0.34074124693870544,0.32114896178245544,0.5479568839073181,-1.2440820932388306,SwinJSCC_author_one_shot,0,16,4096,4130,0.02039964124560356,16.903774701439417,0.4182738959789276,0.6894782781600952,1
kodak,17.png,3.0,90.0,4175856395,-0.34074124693870544,0.32114896178245544,0.5479568839073181,-1.2440820932388306,SwinJSCC_author_Chase_wrapper,1,16,8192,8228,0.001111550722271204,29.54070714791454,0.949237048625946,0.2013973891735077,0
kodak,17.png,3.0,90.0,4175856395,-0.34074124693870544,0.32114896178245544,0.5479568839073181,-1.2440820932388306,same_codec_direct,0,4096,4096,12290,0.0055348193272948265,22.568965511970994,0.7051810026168823,0.6443389654159546,1
kodak,17.png,3.0,90.0,4175856395,-0.34074124693870544,0.32114896178245544,0.5479568839073181,-1.2440820932388306,same_codec_full_HARQ,1,4096,8192,16388,0.0031196202617138624,25.058982676095166,0.865373969078064,0.538902759552002,0
kodak,17.png,3.0,90.0,4175856395,-0.34074124693870544,0.32114896178245544,0.5479568839073181,-1.2440820932388306,adaptive_HARQ,1,4096,8192,16388,0.0031196202617138624,25.058982676095166,0.865373969078064,0.538902759552002,0
kodak,17.png,3.0,90.0,4175856395,-0.34074124693870544,0.32114896178245544,0.5479568839073181,-1.2440820932388306,FlowHARQ,1,4096,8192,16388,0.0031196202617138624,25.058982676095166,0.865373969078064,0.538902759552002,0
kodak,17.png,3.0,120.0,363587231,-0.2370866984128952,-0.7428886890411377,-0.37324222922325134,0.7481012344360352,SwinJSCC_author_one_shot,0,16,4096,4130,0.004778091795742512,23.207455109273965,0.8042396306991577,0.40359437465667725,1
kodak,17.png,3.0,120.0,363587231,-0.2370866984128952,-0.7428886890411377,-0.37324222922325134,0.7481012344360352,SwinJSCC_author_Chase_wrapper,1,16,8192,8228,0.001976568251848221,27.04088184665665,0.9179193377494812,0.24604329466819763,0
kodak,17.png,3.0,120.0,363587231,-0.2370866984128952,-0.7428886890411377,-0.37324222922325134,0.7481012344360352,same_codec_direct,0,4096,4096,12290,0.003863391000777483,24.1303133615058,0.7996675968170166,0.5943676829338074,0
kodak,17.png,3.0,120.0,363587231,-0.2370866984128952,-0.7428886890411377,-0.37324222922325134,0.7481012344360352,same_codec_full_HARQ,1,4096,8192,16388,0.003306110855191946,24.80682588456343,0.8454852104187012,0.5427601337432861,0
kodak,17.png,3.0,120.0,363587231,-0.2370866984128952,-0.7428886890411377,-0.37324222922325134,0.7481012344360352,adaptive_HARQ,1,4096,8192,16388,0.003306110855191946,24.80682588456343,0.8454852104187012,0.5427601337432861,0
kodak,17.png,3.0,120.0,363587231,-0.2370866984128952,-0.7428886890411377,-0.37324222922325134,0.7481012344360352,FlowHARQ,1,4096,8192,16388,0.003306110855191946,24.80682588456343,0.8454852104187012,0.5427601337432861,0
kodak,17.png,6.0,30.0,3974844314,-0.17203454673290253,0.6451005935668945,-1.1156665086746216,-0.3766900897026062,SwinJSCC_author_one_shot,0,16,4096,4130,0.004632824566215277,23.341541451599337,0.8198845386505127,0.3074353337287903,1
kodak,17.png,6.0,30.0,3974844314,-0.17203454673290253,0.6451005935668945,-1.1156665086746216,-0.3766900897026062,SwinJSCC_author_Chase_wrapper,1,16,8192,8228,0.0008647814393043518,30.630936401627523,0.9636106491088867,0.1857905089855194,0
kodak,17.png,6.0,30.0,3974844314,-0.17203454673290253,0.6451005935668945,-1.1156665086746216,-0.3766900897026062,same_codec_direct,0,4096,4096,12290,0.003606398357078433,24.429263034800208,0.8316115736961365,0.5488109588623047,0
kodak,17.png,6.0,30.0,3974844314,-0.17203454673290253,0.6451005935668945,-1.1156665086746216,-0.3766900897026062,same_codec_full_HARQ,1,4096,8192,16388,0.002704712562263012,25.678788818535278,0.8873363733291626,0.497305691242218,0
kodak,17.png,6.0,30.0,3974844314,-0.17203454673290253,0.6451005935668945,-1.1156665086746216,-0.3766900897026062,adaptive_HARQ,1,4096,8192,16388,0.002704712562263012,25.678788818535278,0.8873363733291626,0.497305691242218,0
kodak,17.png,6.0,30.0,3974844314,-0.17203454673290253,0.6451005935668945,-1.1156665086746216,-0.3766900897026062,FlowHARQ,0,4096,4096,12290,0.003498646430671215,24.560999446183107,0.8317387104034424,0.5465591549873352,0
kodak,17.png,6.0,60.0,356690329,0.19199225306510925,-0.8034466505050659,-0.7915173768997192,-0.2537948191165924,SwinJSCC_author_one_shot,0,16,4096,4130,0.001690095174126327,27.720888383247555,0.9214078783988953,0.24095529317855835,0
kodak,17.png,6.0,60.0,356690329,0.19199225306510925,-0.8034466505050659,-0.7915173768997192,-0.2537948191165924,SwinJSCC_author_Chase_wrapper,1,16,8192,8228,0.0009866253240033984,30.05847741566165,0.9574482440948486,0.19681328535079956,0
kodak,17.png,6.0,60.0,356690329,0.19199225306510925,-0.8034466505050659,-0.7915173768997192,-0.2537948191165924,same_codec_direct,0,4096,4096,12290,0.0031672276090830564,24.993207254449903,0.851539134979248,0.5438938140869141,0
kodak,17.png,6.0,60.0,356690329,0.19199225306510925,-0.8034466505050659,-0.7915173768997192,-0.2537948191165924,same_codec_full_HARQ,1,4096,8192,16388,0.0029317946173250675,25.328664568435283,0.8784956336021423,0.5120021104812622,0
kodak,17.png,6.0,60.0,356690329,0.19199225306510925,-0.8034466505050659,-0.7915173768997192,-0.2537948191165924,adaptive_HARQ,0,4096,4096,12290,0.0031672276090830564,24.993207254449903,0.851539134979248,0.5438938140869141,0
kodak,17.png,6.0,60.0,356690329,0.19199225306510925,-0.8034466505050659,-0.7915173768997192,-0.2537948191165924,FlowHARQ,0,4096,4096,12290,0.003088824450969696,25.102067735184328,0.8497991561889648,0.5418920516967773,0
kodak,17.png,6.0,90.0,1025539207,-0.5936972498893738,0.14588527381420135,0.7758646011352539,-0.005483962595462799,SwinJSCC_author_one_shot,0,16,4096,4130,0.0029744617640972137,25.26591609441427,0.8547794818878174,0.34443026781082153,0
kodak,17.png,6.0,90.0,1025539207,-0.5936972498893738,0.14588527381420135,0.7758646011352539,-0.005483962595462799,SwinJSCC_author_Chase_wrapper,1,16,8192,8228,0.0011384087847545743,29.437017615923278,0.9500303268432617,0.20343424379825592,0
kodak,17.png,6.0,90.0,1025539207,-0.5936972498893738,0.14588527381420135,0.7758646011352539,-0.005483962595462799,same_codec_direct,0,4096,4096,12290,0.0037390305660665035,24.272409845329275,0.8152908682823181,0.5548703670501709,0
kodak,17.png,6.0,90.0,1025539207,-0.5936972498893738,0.14588527381420135,0.7758646011352539,-0.005483962595462799,same_codec_full_HARQ,1,4096,8192,16388,0.003082830226048827,25.11050391562939,0.8690155744552612,0.5294007658958435,0
kodak,17.png,6.0,90.0,1025539207,-0.5936972498893738,0.14588527381420135,0.7758646011352539,-0.005483962595462799,adaptive_HARQ,1,4096,8192,16388,0.003082830226048827,25.11050391562939,0.8690155744552612,0.5294007658958435,0
kodak,17.png,6.0,90.0,1025539207,-0.5936972498893738,0.14588527381420135,0.7758646011352539,-0.005483962595462799,FlowHARQ,0,4096,4096,12290,0.0036178072914481163,24.41554570281529,0.8151463866233826,0.5536859631538391,0
kodak,17.png,6.0,120.0,3503339573,-0.5117422342300415,-0.7160285115242004,0.6708506345748901,0.871981143951416,SwinJSCC_author_one_shot,0,16,4096,4130,0.0015408856561407447,28.12229587595388,0.9323186874389648,0.21222716569900513,0
kodak,17.png,6.0,120.0,3503339573,-0.5117422342300415,-0.7160285115242004,0.6708506345748901,0.871981143951416,SwinJSCC_author_Chase_wrapper,1,16,8192,8228,0.0008284909417852759,30.81712235529709,0.9655781984329224,0.1841125786304474,0
kodak,17.png,6.0,120.0,3503339573,-0.5117422342300415,-0.7160285115242004,0.6708506345748901,0.871981143951416,same_codec_direct,0,4096,4096,12290,0.0032618194818496704,24.865400776936323,0.8604080677032471,0.5553185343742371,0
kodak,17.png,6.0,120.0,3503339573,-0.5117422342300415,-0.7160285115242004,0.6708506345748901,0.871981143951416,same_codec_full_HARQ,1,4096,8192,16388,0.0028171571902930737,25.501889197972247,0.8869704008102417,0.5137210488319397,0
kodak,17.png,6.0,120.0,3503339573,-0.5117422342300415,-0.7160285115242004,0.6708506345748901,0.871981143951416,adaptive_HARQ,0,4096,4096,12290,0.0032618194818496704,24.865400776936323,0.8604080677032471,0.5553185343742371,0
kodak,17.png,6.0,120.0,3503339573,-0.5117422342300415,-0.7160285115242004,0.6708506345748901,0.871981143951416,FlowHARQ,0,4096,4096,12290,0.0031561562791466713,25.008415005542947,0.859725832939148,0.5489588379859924,0
kodak,17.png,9.0,30.0,3832607453,1.1840171813964844,0.11799579113721848,1.032267689704895,0.08191434293985367,SwinJSCC_author_one_shot,0,16,4096,4130,0.0007640329422429204,31.168879158668584,0.9696199893951416,0.18719343841075897,0
kodak,17.png,9.0,30.0,3832607453,1.1840171813964844,0.11799579113721848,1.032267689704895,0.08191434293985367,SwinJSCC_author_Chase_wrapper,1,16,8192,8228,0.0006938834558241069,31.587134672149396,0.9735125303268433,0.18639378249645233,0
kodak,17.png,9.0,30.0,3832607453,1.1840171813964844,0.11799579113721848,1.032267689704895,0.08191434293985367,same_codec_direct,0,4096,4096,12290,0.002735661342740059,25.62937666484986,0.8921998739242554,0.4999644458293915,0
kodak,17.png,9.0,30.0,3832607453,1.1840171813964844,0.11799579113721848,1.032267689704895,0.08191434293985367,same_codec_full_HARQ,1,4096,8192,16388,0.002674227114766836,25.728017120697373,0.8991162180900574,0.4994335472583771,0
kodak,17.png,9.0,30.0,3832607453,1.1840171813964844,0.11799579113721848,1.032267689704895,0.08191434293985367,adaptive_HARQ,0,4096,4096,12290,0.002735661342740059,25.62937666484986,0.8921998739242554,0.4999644458293915,0
kodak,17.png,9.0,30.0,3832607453,1.1840171813964844,0.11799579113721848,1.032267689704895,0.08191434293985367,FlowHARQ,0,4096,4096,12290,0.0026864137034863234,25.708271058496706,0.8917779326438904,0.49790117144584656,0
kodak,17.png,9.0,60.0,939033338,-0.38717636466026306,1.2435963153839111,-0.2967336177825928,-0.19878506660461426,SwinJSCC_author_one_shot,0,16,4096,4130,0.0007306815823540092,31.36271839394663,0.9710887670516968,0.19011560082435608,0
kodak,17.png,9.0,60.0,939033338,-0.38717636466026306,1.2435963153839111,-0.2967336177825928,-0.19878506660461426,SwinJSCC_author_Chase_wrapper,1,16,8192,8228,0.0007229121401906013,31.409144818880893,0.9715844988822937,0.1899578720331192,0
kodak,17.png,9.0,60.0,939033338,-0.38717636466026306,1.2435963153839111,-0.2967336177825928,-0.19878506660461426,same_codec_direct,0,4096,4096,12290,0.0027326408307999372,25.634174467750654,0.8949474096298218,0.5113335847854614,0
kodak,17.png,9.0,60.0,939033338,-0.38717636466026306,1.2435963153839111,-0.2967336177825928,-0.19878506660461426,same_codec_full_HARQ,1,4096,8192,16388,0.0027142497710883617,25.663501901271854,0.8958806991577148,0.5111125111579895,0
kodak,17.png,9.0,60.0,939033338,-0.38717636466026306,1.2435963153839111,-0.2967336177825928,-0.19878506660461426,adaptive_HARQ,0,4096,4096,12290,0.0027326408307999372,25.634174467750654,0.8949474096298218,0.5113335847854614,0
kodak,17.png,9.0,60.0,939033338,-0.38717636466026306,1.2435963153839111,-0.2967336177825928,-0.19878506660461426,FlowHARQ,0,4096,4096,12290,0.002682839520275593,25.714053047947836,0.8949106931686401,0.50738525390625,0
kodak,17.png,9.0,90.0,2760025688,-0.43021315336227417,0.09139686077833176,0.10315286368131638,1.0459849834442139,SwinJSCC_author_one_shot,0,16,4096,4130,0.005230294074863195,22.81473892107893,0.7964433431625366,0.34147849678993225,1
kodak,17.png,9.0,90.0,2760025688,-0.43021315336227417,0.09139686077833176,0.10315286368131638,1.0459849834442139,SwinJSCC_author_Chase_wrapper,1,16,8192,8228,0.0007733643869869411,31.116158308292356,0.9692487120628357,0.18467387557029724,0
kodak,17.png,9.0,90.0,2760025688,-0.43021315336227417,0.09139686077833176,0.10315286368131638,1.0459849834442139,same_codec_direct,0,4096,4096,12290,0.003660149872303009,24.365011311680007,0.8191832900047302,0.5771560072898865,0
kodak,17.png,9.0,90.0,2760025688,-0.43021315336227417,0.09139686077833176,0.10315286368131638,1.0459849834442139,same_codec_full_HARQ,1,4096,8192,16388,0.002799172420054674,25.529703495609724,0.8899942636489868,0.516465961933136,0
kodak,17.png,9.0,90.0,2760025688,-0.43021315336227417,0.09139686077833176,0.10315286368131638,1.0459849834442139,adaptive_HARQ,1,4096,8192,16388,0.002799172420054674,25.529703495609724,0.8899942636489868,0.516465961933136,0
kodak,17.png,9.0,90.0,2760025688,-0.43021315336227417,0.09139686077833176,0.10315286368131638,1.0459849834442139,FlowHARQ,0,4096,4096,12290,0.0035773261915892363,24.46441457740768,0.8177506923675537,0.5781617164611816,0
kodak,17.png,9.0,120.0,2139848402,-1.5108698606491089,1.5057979822158813,-0.2641669511795044,-0.9671574831008911,SwinJSCC_author_one_shot,0,16,4096,4130,0.0006399537087418139,31.938514397115647,0.9761671423912048,0.1817389279603958,0
kodak,17.png,9.0,120.0,2139848402,-1.5108698606491089,1.5057979822158813,-0.2641669511795044,-0.9671574831008911,SwinJSCC_author_Chase_wrapper,1,16,8192,8228,0.0006306119030341506,32.00237836040918,0.9766858816146851,0.18334072828292847,0
kodak,17.png,9.0,120.0,2139848402,-1.5108698606491089,1.5057979822158813,-0.2641669511795044,-0.9671574831008911,same_codec_direct,0,4096,4096,12290,0.0026027944404631853,25.845601295848468,0.903538167476654,0.48969966173171997,0
kodak,17.png,9.0,120.0,2139848402,-1.5108698606491089,1.5057979822158813,-0.2641669511795044,-0.9671574831008911,same_codec_full_HARQ,1,4096,8192,16388,0.0026092128828167915,25.834904858438502,0.9042622447013855,0.4899902641773224,0
kodak,17.png,9.0,120.0,2139848402,-1.5108698606491089,1.5057979822158813,-0.2641669511795044,-0.9671574831008911,adaptive_HARQ,0,4096,4096,12290,0.0026027944404631853,25.845601295848468,0.903538167476654,0.48969966173171997,0
kodak,17.png,9.0,120.0,2139848402,-1.5108698606491089,1.5057979822158813,-0.2641669511795044,-0.9671574831008911,FlowHARQ,0,4096,4096,12290,0.002586542395874858,25.872803986994732,0.9031610488891602,0.4890851378440857,0
kodak,17.png,12.0,30.0,2183141862,-0.3744335174560547,-0.04208920896053314,-1.2686960697174072,-0.7832056879997253,SwinJSCC_author_one_shot,0,16,4096,4130,0.0023570042103528976,26.27639641688066,0.8964304327964783,0.2593768239021301,0
kodak,17.png,12.0,30.0,2183141862,-0.3744335174560547,-0.04208920896053314,-1.2686960697174072,-0.7832056879997253,SwinJSCC_author_Chase_wrapper,1,16,8192,8228,0.0006358263781294227,31.966614587452213,0.9763404130935669,0.18445740640163422,0
kodak,17.png,12.0,30.0,2183141862,-0.3744335174560547,-0.04208920896053314,-1.2686960697174072,-0.7832056879997253,same_codec_direct,0,4096,4096,12290,0.003396233543753624,24.69002452916875,0.842467188835144,0.5433380007743835,0
kodak,17.png,12.0,30.0,2183141862,-0.3744335174560547,-0.04208920896053314,-1.2686960697174072,-0.7832056879997253,same_codec_full_HARQ,1,4096,8192,16388,0.0026354144793003798,25.791510723234513,0.902861475944519,0.5006564855575562,0
kodak,17.png,12.0,30.0,2183141862,-0.3744335174560547,-0.04208920896053314,-1.2686960697174072,-0.7832056879997253,adaptive_HARQ,1,4096,8192,16388,0.0026354144793003798,25.791510723234513,0.902861475944519,0.5006564855575562,0
kodak,17.png,12.0,30.0,2183141862,-0.3744335174560547,-0.04208920896053314,-1.2686960697174072,-0.7832056879997253,FlowHARQ,0,4096,4096,12290,0.0033357716165483,24.76803690968389,0.8407999873161316,0.5478317737579346,0
kodak,17.png,12.0,60.0,738206676,-1.8271763324737549,-0.3739243745803833,-0.6735749840736389,0.41245800256729126,SwinJSCC_author_one_shot,0,16,4096,4130,0.0006180884083732963,32.08949401088192,0.9772595167160034,0.1864333599805832,0
kodak,17.png,12.0,60.0,738206676,-1.8271763324737549,-0.3739243745803833,-0.6735749840736389,0.41245800256729126,SwinJSCC_author_Chase_wrapper,1,16,8192,8228,0.0006121128099039197,32.13168531769603,0.977591872215271,0.1859164834022522,0
kodak,17.png,12.0,60.0,738206676,-1.8271763324737549,-0.3739243745803833,-0.6735749840736389,0.41245800256729126,same_codec_direct,0,4096,4096,12290,0.002567520597949624,25.904860635865838,0.9053741693496704,0.49576079845428467,0
kodak,17.png,12.0,60.0,738206676,-1.8271763324737549,-0.3739243745803833,-0.6735749840736389,0.41245800256729126,same_codec_full_HARQ,1,4096,8192,16388,0.002562005538493395,25.914199357410126,0.9058969020843506,0.49699077010154724,0
kodak,17.png,12.0,60.0,738206676,-1.8271763324737549,-0.3739243745803833,-0.6735749840736389,0.41245800256729126,adaptive_HARQ,0,4096,4096,12290,0.002567520597949624,25.904860635865838,0.9053741693496704,0.49576079845428467,0
kodak,17.png,12.0,60.0,738206676,-1.8271763324737549,-0.3739243745803833,-0.6735749840736389,0.41245800256729126,FlowHARQ,0,4096,4096,12290,0.0025406270287930965,25.95059085924049,0.9050173163414001,0.49413585662841797,0
kodak,17.png,12.0,90.0,2866326284,-0.8071121573448181,-0.6403024792671204,0.7573318481445312,0.7031887173652649,SwinJSCC_author_one_shot,0,16,4096,4130,0.0007181611144915223,31.437781138562162,0.9720937609672546,0.18793365359306335,0
kodak,17.png,12.0,90.0,2866326284,-0.8071121573448181,-0.6403024792671204,0.7573318481445312,0.7031887173652649,SwinJSCC_author_Chase_wrapper,1,16,8192,8228,0.0006410666974261403,31.930967835588262,0.976033627986908,0.18781636655330658,0
kodak,17.png,12.0,90.0,2866326284,-0.8071121573448181,-0.6403024792671204,0.7573318481445312,0.7031887173652649,same_codec_direct,0,4096,4096,12290,0.002664167433977127,25.744384846941788,0.8987334966659546,0.5062018632888794,0
kodak,17.png,12.0,90.0,2866326284,-0.8071121573448181,-0.6403024792671204,0.7573318481445312,0.7031887173652649,same_codec_full_HARQ,1,4096,8192,16388,0.002576325787231326,25.88999219475808,0.9031230211257935,0.4968940019607544,0
kodak,17.png,12.0,90.0,2866326284,-0.8071121573448181,-0.6403024792671204,0.7573318481445312,0.7031887173652649,adaptive_HARQ,0,4096,4096,12290,0.002664167433977127,25.744384846941788,0.8987334966659546,0.5062018632888794,0
kodak,17.png,12.0,90.0,2866326284,-0.8071121573448181,-0.6403024792671204,0.7573318481445312,0.7031887173652649,FlowHARQ,0,4096,4096,12290,0.0026187782641500235,25.81901272377687,0.8980832099914551,0.5037064552307129,0
kodak,17.png,12.0,120.0,1623339777,-0.5382411479949951,0.3929777443408966,0.19566042721271515,0.052551209926605225,SwinJSCC_author_one_shot,0,16,4096,4130,0.0008745570667088032,30.58211846621989,0.963246762752533,0.18943679332733154,0
kodak,17.png,12.0,120.0,1623339777,-0.5382411479949951,0.3929777443408966,0.19566042721271515,0.052551209926605225,SwinJSCC_author_Chase_wrapper,1,16,8192,8228,0.0008648584480397403,30.630549679869958,0.9640680551528931,0.18788665533065796,0
kodak,17.png,12.0,120.0,1623339777,-0.5382411479949951,0.3929777443408966,0.19566042721271515,0.052551209926605225,same_codec_direct,0,4096,4096,12290,0.0028499606996774673,25.451611287742594,0.8840230703353882,0.5107225179672241,0
kodak,17.png,12.0,120.0,1623339777,-0.5382411479949951,0.3929777443408966,0.19566042721271515,0.052551209926605225,same_codec_full_HARQ,1,4096,8192,16388,0.002835493069142103,25.473714099322123,0.8854230642318726,0.5061689019203186,0
kodak,17.png,12.0,120.0,1623339777,-0.5382411479949951,0.3929777443408966,0.19566042721271515,0.052551209926605225,adaptive_HARQ,0,4096,4096,12290,0.0028499606996774673,25.451611287742594,0.8840230703353882,0.5107225179672241,0
kodak,17.png,12.0,120.0,1623339777,-0.5382411479949951,0.3929777443408966,0.19566042721271515,0.052551209926605225,FlowHARQ,0,4096,4096,12290,0.0027753575704991817,25.566810554636106,0.8836065530776978,0.506790041923523,0
kodak,17.png,15.0,30.0,2014692377,0.47250792384147644,-1.0823581218719482,0.5441207885742188,-0.6431961059570312,SwinJSCC_author_one_shot,0,16,4096,4130,0.0006257126806303859,32.036250435649116,0.976767897605896,0.18760395050048828,0
kodak,17.png,15.0,30.0,2014692377,0.47250792384147644,-1.0823581218719482,0.5441207885742188,-0.6431961059570312,SwinJSCC_author_Chase_wrapper,1,16,8192,8228,0.0006134615396149457,32.12212659761074,0.9777178764343262,0.18775762617588043,0
kodak,17.png,15.0,30.0,2014692377,0.47250792384147644,-1.0823581218719482,0.5441207885742188,-0.6431961059570312,same_codec_direct,0,4096,4096,12290,0.0026056193746626377,25.84089025137922,0.9048856496810913,0.4972311556339264,0
kodak,17.png,15.0,30.0,2014692377,0.47250792384147644,-1.0823581218719482,0.5441207885742188,-0.6431961059570312,same_codec_full_HARQ,1,4096,8192,16388,0.0025841768365353346,25.87677770667769,0.9061655402183533,0.4933896064758301,0
kodak,17.png,15.0,30.0,2014692377,0.47250792384147644,-1.0823581218719482,0.5441207885742188,-0.6431961059570312,adaptive_HARQ,0,4096,4096,12290,0.0026056193746626377,25.84089025137922,0.9048856496810913,0.4972311556339264,0
kodak,17.png,15.0,30.0,2014692377,0.47250792384147644,-1.0823581218719482,0.5441207885742188,-0.6431961059570312,FlowHARQ,0,4096,4096,12290,0.0025740419514477253,25.89384379291078,0.9046926498413086,0.49632859230041504,0
kodak,17.png,15.0,60.0,3418319630,0.4508761167526245,-1.3584179878234863,1.5852978229522705,-0.8235676288604736,SwinJSCC_author_one_shot,0,16,4096,4130,0.0006151900161057711,32.10990721297255,0.9775721430778503,0.18400588631629944,0
kodak,17.png,15.0,60.0,3418319630,0.4508761167526245,-1.3584179878234863,1.5852978229522705,-0.8235676288604736,SwinJSCC_author_Chase_wrapper,1,16,8192,8228,0.0005952397477813065,32.253080760076685,0.978594183921814,0.1835387498140335,0
kodak,17.png,15.0,60.0,3418319630,0.4508761167526245,-1.3584179878234863,1.5852978229522705,-0.8235676288604736,same_codec_direct,0,4096,4096,12290,0.002604905515909195,25.842080246344906,0.906378984451294,0.49461090564727783,0
kodak,17.png,15.0,60.0,3418319630,0.4508761167526245,-1.3584179878234863,1.5852978229522705,-0.8235676288604736,same_codec_full_HARQ,1,4096,8192,16388,0.0025844494812190533,25.87631952659467,0.907931923866272,0.4940982460975647,0
kodak,17.png,15.0,60.0,3418319630,0.4508761167526245,-1.3584179878234863,1.5852978229522705,-0.8235676288604736,adaptive_HARQ,0,4096,4096,12290,0.002604905515909195,25.842080246344906,0.906378984451294,0.49461090564727783,0
kodak,17.png,15.0,60.0,3418319630,0.4508761167526245,-1.3584179878234863,1.5852978229522705,-0.8235676288604736,FlowHARQ,0,4096,4096,12290,0.002572985365986824,25.895626838593166,0.9059548377990723,0.49380719661712646,0
kodak,17.png,15.0,90.0,597170280,0.32767385244369507,1.2359696626663208,1.7141962051391602,-0.5316889882087708,SwinJSCC_author_one_shot,0,16,4096,4130,0.0006191525026224554,32.08202367312518,0.9770506620407104,0.18435996770858765,0
kodak,17.png,15.0,90.0,597170280,0.32767385244369507,1.2359696626663208,1.7141962051391602,-0.5316889882087708,SwinJSCC_author_Chase_wrapper,1,16,8192,8228,0.0005978122935630381,32.2343515826346,0.9786917567253113,0.1856219619512558,0
kodak,17.png,15.0,90.0,597170280,0.32767385244369507,1.2359696626663208,1.7141962051391602,-0.5316889882087708,same_codec_direct,0,4096,4096,12290,0.002609062707051635,25.835154828011856,0.9042622447013855,0.49617666006088257,0
kodak,17.png,15.0,90.0,597170280,0.32767385244369507,1.2359696626663208,1.7141962051391602,-0.5316889882087708,same_codec_full_HARQ,1,4096,8192,16388,0.0025668530724942684,25.90598989774677,0.9072805643081665,0.4950132369995117,0
kodak,17.png,15.0,90.0,597170280,0.32767385244369507,1.2359696626663208,1.7141962051391602,-0.5316889882087708,adaptive_HARQ,0,4096,4096,12290,0.002609062707051635,25.835154828011856,0.9042622447013855,0.49617666006088257,0
kodak,17.png,15.0,90.0,597170280,0.32767385244369507,1.2359696626663208,1.7141962051391602,-0.5316889882087708,FlowHARQ,0,4096,4096,12290,0.002584574045613408,25.87611021189978,0.9037610292434692,0.49559715390205383,0
kodak,17.png,15.0,120.0,3979497522,-0.17969022691249847,1.079487681388855,-0.39247575402259827,-0.6295410394668579,SwinJSCC_author_one_shot,0,16,4096,4130,0.000639632809907198,31.940692672582188,0.9764200448989868,0.18857942521572113,0
kodak,17.png,15.0,120.0,3979497522,-0.17969022691249847,1.079487681388855,-0.39247575402259827,-0.6295410394668579,SwinJSCC_author_Chase_wrapper,1,16,8192,8228,0.0006216070614755154,32.06484060580323,0.9773828983306885,0.187856063246727,0
kodak,17.png,15.0,120.0,3979497522,-0.17969022691249847,1.079487681388855,-0.39247575402259827,-0.6295410394668579,same_codec_direct,0,4096,4096,12290,0.002623740117996931,25.8107918412464,0.9042367339134216,0.4958525002002716,0
kodak,17.png,15.0,120.0,3979497522,-0.17969022691249847,1.079487681388855,-0.39247575402259827,-0.6295410394668579,same_codec_full_HARQ,1,4096,8192,16388,0.0025955839082598686,25.857649269834667,0.9060959219932556,0.49487707018852234,0
kodak,17.png,15.0,120.0,3979497522,-0.17969022691249847,1.079487681388855,-0.39247575402259827,-0.6295410394668579,adaptive_HARQ,0,4096,4096,12290,0.002623740117996931,25.8107918412464,0.9042367339134216,0.4958525002002716,0
kodak,17.png,15.0,120.0,3979497522,-0.17969022691249847,1.079487681388855,-0.39247575402259827,-0.6295410394668579,FlowHARQ,0,4096,4096,12290,0.0025914781726896763,25.86452444752426,0.9039005041122437,0.49486857652664185,0
kodak,18.png,0.0,30.0,1614810808,-1.1028709411621094,0.07239259034395218,-1.0924468040466309,-0.41585057973861694,SwinJSCC_author_one_shot,0,16,4096,4130,0.018902789801359177,17.234740949842273,0.5585474967956543,0.5450094938278198,1
kodak,18.png,0.0,30.0,1614810808,-1.1028709411621094,0.07239259034395218,-1.0924468040466309,-0.41585057973861694,SwinJSCC_author_Chase_wrapper,1,16,8192,8228,0.005152028985321522,22.880217023000725,0.8608212471008301,0.393115371465683,1
kodak,18.png,0.0,30.0,1614810808,-1.1028709411621094,0.07239259034395218,-1.0924468040466309,-0.41585057973861694,same_codec_direct,0,4096,4096,12290,0.011108438484370708,19.543469856390924,0.7524734735488892,0.5878684520721436,1
kodak,18.png,0.0,30.0,1614810808,-1.1028709411621094,0.07239259034395218,-1.0924468040466309,-0.41585057973861694,same_codec_full_HARQ,1,4096,8192,16388,0.010382765904068947,19.8368693773399,0.7936646342277527,0.5534933805465698,1
kodak,18.png,0.0,30.0,1614810808,-1.1028709411621094,0.07239259034395218,-1.0924468040466309,-0.41585057973861694,adaptive_HARQ,1,4096,8192,16388,0.010382765904068947,19.8368693773399,0.7936646342277527,0.5534933805465698,1
kodak,18.png,0.0,30.0,1614810808,-1.1028709411621094,0.07239259034395218,-1.0924468040466309,-0.41585057973861694,FlowHARQ,1,4096,8192,16388,0.010382765904068947,19.8368693773399,0.7936646342277527,0.5534933805465698,1
kodak,18.png,0.0,60.0,216319158,-0.262506365776062,0.35049787163734436,-0.7986218929290771,-0.09156785905361176,SwinJSCC_author_one_shot,0,16,4096,4130,0.1461765468120575,8.351223018458226,0.11853795498609543,0.6651055812835693,1
kodak,18.png,0.0,60.0,216319158,-0.262506365776062,0.35049787163734436,-0.7986218929290771,-0.09156785905361176,SwinJSCC_author_Chase_wrapper,1,16,8192,8228,0.026792295277118683,15.719900790947712,0.5117921829223633,0.5733310580253601,1
kodak,18.png,0.0,60.0,216319158,-0.262506365776062,0.35049787163734436,-0.7986218929290771,-0.09156785905361176,same_codec_direct,0,4096,4096,12290,0.017112670466303825,17.666822126515918,0.5672085285186768,0.7487843632698059,1
kodak,18.png,0.0,60.0,216319158,-0.262506365776062,0.35049787163734436,-0.7986218929290771,-0.09156785905361176,same_codec_full_HARQ,1,4096,8192,16388,0.01307226624339819,18.836491154275436,0.6983586549758911,0.6187686920166016,1
kodak,18.png,0.0,60.0,216319158,-0.262506365776062,0.35049787163734436,-0.7986218929290771,-0.09156785905361176,adaptive_HARQ,1,4096,8192,16388,0.01307226624339819,18.836491154275436,0.6983586549758911,0.6187686920166016,1
kodak,18.png,0.0,60.0,216319158,-0.262506365776062,0.35049787163734436,-0.7986218929290771,-0.09156785905361176,FlowHARQ,1,4096,8192,16388,0.01307226624339819,18.836491154275436,0.6983586549758911,0.6187686920166016,1
kodak,18.png,0.0,90.0,2713594584,0.03322356566786766,0.1447049081325531,-0.8430370092391968,-0.47970378398895264,SwinJSCC_author_one_shot,0,16,4096,4130,0.1437445729970932,8.424085428950779,0.05472474917769432,0.7723832130432129,1
kodak,18.png,0.0,90.0,2713594584,0.03322356566786766,0.1447049081325531,-0.8430370092391968,-0.47970378398895264,SwinJSCC_author_Chase_wrapper,1,16,8192,8228,0.031017359346151352,15.083951784827896,0.4878517985343933,0.5904957056045532,1
kodak,18.png,0.0,90.0,2713594584,0.03322356566786766,0.1447049081325531,-0.8430370092391968,-0.47970378398895264,same_codec_direct,0,4096,4096,12290,0.025658659636974335,15.90766034144636,0.3966299891471863,0.8447607159614563,1
kodak,18.png,0.0,90.0,2713594584,0.03322356566786766,0.1447049081325531,-0.8430370092391968,-0.47970378398895264,same_codec_full_HARQ,1,4096,8192,16388,0.012625737115740776,18.987432574901895,0.7069882750511169,0.6122618317604065,1
kodak,18.png,0.0,90.0,2713594584,0.03322356566786766,0.1447049081325531,-0.8430370092391968,-0.47970378398895264,adaptive_HARQ,1,4096,8192,16388,0.012625737115740776,18.987432574901895,0.7069882750511169,0.6122618317604065,1
kodak,18.png,0.0,90.0,2713594584,0.03322356566786766,0.1447049081325531,-0.8430370092391968,-0.47970378398895264,FlowHARQ,1,4096,8192,16388,0.012625737115740776,18.987432574901895,0.7069882750511169,0.6122618317604065,1
kodak,18.png,0.0,120.0,2402409348,0.3939676582813263,-0.8458543419837952,-0.6542107462882996,-0.273345410823822,SwinJSCC_author_one_shot,0,16,4096,4130,0.021074291318655014,16.76247020811045,0.5297067165374756,0.6043052077293396,1
kodak,18.png,0.0,120.0,2402409348,0.3939676582813263,-0.8458543419837952,-0.6542107462882996,-0.273345410823822,SwinJSCC_author_Chase_wrapper,1,16,8192,8228,0.01077582873404026,19.67549319702696,0.7038680911064148,0.5109533667564392,1
kodak,18.png,0.0,120.0,2402409348,0.3939676582813263,-0.8458543419837952,-0.6542107462882996,-0.273345410823822,same_codec_direct,0,4096,4096,12290,0.013146847486495972,18.811783751862357,0.7019412517547607,0.5980982780456543,1
kodak,18.png,0.0,120.0,2402409348,0.3939676582813263,-0.8458543419837952,-0.6542107462882996,-0.273345410823822,same_codec_full_HARQ,1,4096,8192,16388,0.011898627504706383,19.245031311712527,0.7462660074234009,0.5776590704917908,1
kodak,18.png,0.0,120.0,2402409348,0.3939676582813263,-0.8458543419837952,-0.6542107462882996,-0.273345410823822,adaptive_HARQ,1,4096,8192,16388,0.011898627504706383,19.245031311712527,0.7462660074234009,0.5776590704917908,1
kodak,18.png,0.0,120.0,2402409348,0.3939676582813263,-0.8458543419837952,-0.6542107462882996,-0.273345410823822,FlowHARQ,1,4096,8192,16388,0.011898627504706383,19.245031311712527,0.7462660074234009,0.5776590704917908,1
kodak,18.png,3.0,30.0,2174526390,0.8987005352973938,0.5677548050880432,0.7182294130325317,0.13034480810165405,SwinJSCC_author_one_shot,0,16,4096,4130,0.005865444894880056,22.316990409971233,0.8196640014648438,0.4411242604255676,1
kodak,18.png,3.0,30.0,2174526390,0.8987005352973938,0.5677548050880432,0.7182294130325317,0.13034480810165405,SwinJSCC_author_Chase_wrapper,1,16,8192,8228,0.004362660460174084,23.602485862364087,0.8853909373283386,0.3861877918243408,1
kodak,18.png,3.0,30.0,2174526390,0.8987005352973938,0.5677548050880432,0.7182294130325317,0.13034480810165405,same_codec_direct,0,4096,4096,12290,0.01056421734392643,19.76162672374529,0.7832604646682739,0.5538812875747681,1
kodak,18.png,3.0,30.0,2174526390,0.8987005352973938,0.5677548050880432,0.7182294130325317,0.13034480810165405,same_codec_full_HARQ,1,4096,8192,16388,0.01029795128852129,19.87249166808303,0.7968301773071289,0.5511828064918518,1
kodak,18.png,3.0,30.0,2174526390,0.8987005352973938,0.5677548050880432,0.7182294130325317,0.13034480810165405,adaptive_HARQ,1,4096,8192,16388,0.01029795128852129,19.87249166808303,0.7968301773071289,0.5511828064918518,1
kodak,18.png,3.0,30.0,2174526390,0.8987005352973938,0.5677548050880432,0.7182294130325317,0.13034480810165405,FlowHARQ,1,4096,8192,16388,0.01029795128852129,19.87249166808303,0.7968301773071289,0.5511828064918518,1
kodak,18.png,3.0,60.0,2266562581,-0.4276937246322632,0.5025690793991089,0.8658992052078247,1.007712483406067,SwinJSCC_author_one_shot,0,16,4096,4130,0.024801861494779587,16.055157221346047,0.47792643308639526,0.6158372759819031,1
kodak,18.png,3.0,60.0,2266562581,-0.4276937246322632,0.5025690793991089,0.8658992052078247,1.007712483406067,SwinJSCC_author_Chase_wrapper,1,16,8192,8228,0.003922139294445515,24.064769864625234,0.9160393476486206,0.3398314118385315,0
kodak,18.png,3.0,60.0,2266562581,-0.4276937246322632,0.5025690793991089,0.8658992052078247,1.007712483406067,same_codec_direct,0,4096,4096,12290,0.012468891218304634,19.04172163937768,0.7176501154899597,0.6073902249336243,1
kodak,18.png,3.0,60.0,2266562581,-0.4276937246322632,0.5025690793991089,0.8658992052078247,1.007712483406067,same_codec_full_HARQ,1,4096,8192,16388,0.010316107422113419,19.864841441816193,0.8032410144805908,0.5457690954208374,1
kodak,18.png,3.0,60.0,2266562581,-0.4276937246322632,0.5025690793991089,0.8658992052078247,1.007712483406067,adaptive_HARQ,1,4096,8192,16388,0.010316107422113419,19.864841441816193,0.8032410144805908,0.5457690954208374,1
kodak,18.png,3.0,60.0,2266562581,-0.4276937246322632,0.5025690793991089,0.8658992052078247,1.007712483406067,FlowHARQ,1,4096,8192,16388,0.010316107422113419,19.864841441816193,0.8032410144805908,0.5457690954208374,1
kodak,18.png,3.0,90.0,1583144758,0.17304402589797974,1.6446208953857422,1.212890386581421,0.9222588539123535,SwinJSCC_author_one_shot,0,16,4096,4130,0.0036771693266928196,24.34486371231173,0.9176673889160156,0.33843493461608887,0
kodak,18.png,3.0,90.0,1583144758,0.17304402589797974,1.6446208953857422,1.212890386581421,0.9222588539123535,SwinJSCC_author_Chase_wrapper,1,16,8192,8228,0.0031508165411651134,25.015768832364028,0.9449663162231445,0.30823856592178345,0
kodak,18.png,3.0,90.0,1583144758,0.17304402589797974,1.6446208953857422,1.212890386581421,0.9222588539123535,same_codec_direct,0,4096,4096,12290,0.009953534230589867,20.020226856552263,0.8129830360412598,0.5465268492698669,1
kodak,18.png,3.0,90.0,1583144758,0.17304402589797974,1.6446208953857422,1.212890386581421,0.9222588539123535,same_codec_full_HARQ,1,4096,8192,16388,0.00966191291809082,20.149368810870335,0.8241418600082397,0.5342391729354858,1
kodak,18.png,3.0,90.0,1583144758,0.17304402589797974,1.6446208953857422,1.212890386581421,0.9222588539123535,adaptive_HARQ,1,4096,8192,16388,0.00966191291809082,20.149368810870335,0.8241418600082397,0.5342391729354858,1
kodak,18.png,3.0,90.0,1583144758,0.17304402589797974,1.6446208953857422,1.212890386581421,0.9222588539123535,FlowHARQ,1,4096,8192,16388,0.00966191291809082,20.149368810870335,0.8241418600082397,0.5342391729354858,1
kodak,18.png,3.0,120.0,2704654781,1.1516777276992798,-0.17627018690109253,-0.13671904802322388,-0.33248642086982727,SwinJSCC_author_one_shot,0,16,4096,4130,0.005989858414977789,22.225834431066133,0.8516344428062439,0.39882710576057434,1
kodak,18.png,3.0,120.0,2704654781,1.1516777276992798,-0.17627018690109253,-0.13671904802322388,-0.33248642086982727,SwinJSCC_author_Chase_wrapper,1,16,8192,8228,0.005163514520972967,22.870545973068467,0.8721124529838562,0.3849056363105774,1
kodak,18.png,3.0,120.0,2704654781,1.1516777276992798,-0.17627018690109253,-0.13671904802322388,-0.33248642086982727,same_codec_direct,0,4096,4096,12290,0.010315289720892906,19.865185696861683,0.7894574403762817,0.552040696144104,1
kodak,18.png,3.0,120.0,2704654781,1.1516777276992798,-0.17627018690109253,-0.13671904802322388,-0.33248642086982727,same_codec_full_HARQ,1,4096,8192,16388,0.010218086652457714,19.906304186899014,0.7932137846946716,0.5502587556838989,1
kodak,18.png,3.0,120.0,2704654781,1.1516777276992798,-0.17627018690109253,-0.13671904802322388,-0.33248642086982727,adaptive_HARQ,1,4096,8192,16388,0.010218086652457714,19.906304186899014,0.7932137846946716,0.5502587556838989,1
kodak,18.png,3.0,120.0,2704654781,1.1516777276992798,-0.17627018690109253,-0.13671904802322388,-0.33248642086982727,FlowHARQ,1,4096,8192,16388,0.010218086652457714,19.906304186899014,0.7932137846946716,0.5502587556838989,1
kodak,18.png,6.0,30.0,556154345,-0.934503436088562,0.08178236335515976,0.16933012008666992,-0.049508530646562576,SwinJSCC_author_one_shot,0,16,4096,4130,0.0042351423762738705,23.73131985052109,0.8961400985717773,0.3633536398410797,1
kodak,18.png,6.0,30.0,556154345,-0.934503436088562,0.08178236335515976,0.16933012008666992,-0.049508530646562576,SwinJSCC_author_Chase_wrapper,1,16,8192,8228,0.00419209897518158,23.775684722390785,0.8995883464813232,0.3618044853210449,1
kodak,18.png,6.0,30.0,556154345,-0.934503436088562,0.08178236335515976,0.16933012008666992,-0.049508530646562576,same_codec_direct,0,4096,4096,12290,0.010187903419137001,19.919151807809268,0.8009477853775024,0.5469426512718201,1
kodak,18.png,6.0,30.0,556154345,-0.934503436088562,0.08178236335515976,0.16933012008666992,-0.049508530646562576,same_codec_full_HARQ,1,4096,8192,16388,0.010178624652326107,19.92310900413601,0.8021156787872314,0.5455610752105713,1
kodak,18.png,6.0,30.0,556154345,-0.934503436088562,0.08178236335515976,0.16933012008666992,-0.049508530646562576,adaptive_HARQ,1,4096,8192,16388,0.010178624652326107,19.92310900413601,0.8021156787872314,0.5455610752105713,1
kodak,18.png,6.0,30.0,556154345,-0.934503436088562,0.08178236335515976,0.16933012008666992,-0.049508530646562576,FlowHARQ,1,4096,8192,16388,0.010178624652326107,19.92310900413601,0.8021156787872314,0.5455610752105713,1
kodak,18.png,6.0,60.0,2879232675,-1.1591778993606567,0.6667231917381287,-1.0921659469604492,-0.8053857684135437,SwinJSCC_author_one_shot,0,16,4096,4130,0.0032970707397907972,24.818717348188677,0.9388169050216675,0.31392255425453186,0
kodak,18.png,6.0,60.0,2879232675,-1.1591778993606567,0.6667231917381287,-1.0921659469604492,-0.8053857684135437,SwinJSCC_author_Chase_wrapper,1,16,8192,8228,0.002983399201184511,25.25288630891399,0.953025221824646,0.3025747537612915,0
kodak,18.png,6.0,60.0,2879232675,-1.1591778993606567,0.6667231917381287,-1.0921659469604492,-0.8053857684135437,same_codec_direct,0,4096,4096,12290,0.009727008640766144,20.120206983287545,0.8184947371482849,0.5319733619689941,1
kodak,18.png,6.0,60.0,2879232675,-1.1591778993606567,0.6667231917381287,-1.0921659469604492,-0.8053857684135437,same_codec_full_HARQ,1,4096,8192,16388,0.009607112966477871,20.174071025605905,0.8294918537139893,0.5284357666969299,1
kodak,18.png,6.0,60.0,2879232675,-1.1591778993606567,0.6667231917381287,-1.0921659469604492,-0.8053857684135437,adaptive_HARQ,1,4096,8192,16388,0.009607112966477871,20.174071025605905,0.8294918537139893,0.5284357666969299,1
kodak,18.png,6.0,60.0,2879232675,-1.1591778993606567,0.6667231917381287,-1.0921659469604492,-0.8053857684135437,FlowHARQ,1,4096,8192,16388,0.009607112966477871,20.174071025605905,0.8294918537139893,0.5284357666969299,1
kodak,18.png,6.0,90.0,3683367567,0.006089715752750635,-0.6333831548690796,1.3258951902389526,-0.05633005499839783,SwinJSCC_author_one_shot,0,16,4096,4130,0.01034546922892332,19.852498066985195,0.7066640853881836,0.499614953994751,1
kodak,18.png,6.0,90.0,3683367567,0.006089715752750635,-0.6333831548690796,1.3258951902389526,-0.05633005499839783,SwinJSCC_author_Chase_wrapper,1,16,8192,8228,0.003223228035494685,24.917089681290832,0.9433185458183289,0.31064358353614807,0
kodak,18.png,6.0,90.0,3683367567,0.006089715752750635,-0.6333831548690796,1.3258951902389526,-0.05633005499839783,same_codec_direct,0,4096,4096,12290,0.01148098986595869,19.400206663987667,0.7585143446922302,0.5947569608688354,1
kodak,18.png,6.0,90.0,3683367567,0.006089715752750635,-0.6333831548690796,1.3258951902389526,-0.05633005499839783,same_codec_full_HARQ,1,4096,8192,16388,0.009730054065585136,20.11884746543565,0.8228200674057007,0.5367372632026672,1
kodak,18.png,6.0,90.0,3683367567,0.006089715752750635,-0.6333831548690796,1.3258951902389526,-0.05633005499839783,adaptive_HARQ,1,4096,8192,16388,0.009730054065585136,20.11884746543565,0.8228200674057007,0.5367372632026672,1
kodak,18.png,6.0,90.0,3683367567,0.006089715752750635,-0.6333831548690796,1.3258951902389526,-0.05633005499839783,FlowHARQ,1,4096,8192,16388,0.009730054065585136,20.11884746543565,0.8228200674057007,0.5367372632026672,1
kodak,18.png,6.0,120.0,4282852177,0.12933598458766937,-0.5711202025413513,-0.7534863948822021,-0.3506838083267212,SwinJSCC_author_one_shot,0,16,4096,4130,0.011571183800697327,19.366222078753065,0.6620868444442749,0.5133105516433716,1
kodak,18.png,6.0,120.0,4282852177,0.12933598458766937,-0.5711202025413513,-0.7534863948822021,-0.3506838083267212,SwinJSCC_author_Chase_wrapper,1,16,8192,8228,0.004182279109954834,23.78586987331741,0.9034596681594849,0.35070642828941345,1
kodak,18.png,6.0,120.0,4282852177,0.12933598458766937,-0.5711202025413513,-0.7534863948822021,-0.3506838083267212,same_codec_direct,0,4096,4096,12290,0.01157478615641594,19.364870238043018,0.7549949884414673,0.589222252368927,1
kodak,18.png,6.0,120.0,4282852177,0.12933598458766937,-0.5711202025413513,-0.7534863948822021,-0.3506838083267212,same_codec_full_HARQ,1,4096,8192,16388,0.010371471755206585,19.841596110350697,0.8057096004486084,0.5516005158424377,1
kodak,18.png,6.0,120.0,4282852177,0.12933598458766937,-0.5711202025413513,-0.7534863948822021,-0.3506838083267212,adaptive_HARQ,1,4096,8192,16388,0.010371471755206585,19.841596110350697,0.8057096004486084,0.5516005158424377,1
kodak,18.png,6.0,120.0,4282852177,0.12933598458766937,-0.5711202025413513,-0.7534863948822021,-0.3506838083267212,FlowHARQ,1,4096,8192,16388,0.010371471755206585,19.841596110350697,0.8057096004486084,0.5516005158424377,1
kodak,18.png,9.0,30.0,2897133946,0.2690472900867462,-0.8948619365692139,-0.1360114961862564,-0.9588746428489685,SwinJSCC_author_one_shot,0,16,4096,4130,0.0034468728117644787,24.625747415900076,0.9342555999755859,0.31216496229171753,0
kodak,18.png,9.0,30.0,2897133946,0.2690472900867462,-0.8948619365692139,-0.1360114961862564,-0.9588746428489685,SwinJSCC_author_Chase_wrapper,1,16,8192,8228,0.0030112657696008682,25.212509126448396,0.9523283243179321,0.30162450671195984,0
kodak,18.png,9.0,30.0,2897133946,0.2690472900867462,-0.8948619365692139,-0.1360114961862564,-0.9588746428489685,same_codec_direct,0,4096,4096,12290,0.0099454615265131,20.02375058314601,0.8142672777175903,0.5355267524719238,1
kodak,18.png,9.0,30.0,2897133946,0.2690472900867462,-0.8948619365692139,-0.1360114961862564,-0.9588746428489685,same_codec_full_HARQ,1,4096,8192,16388,0.009508049115538597,20.21908583511769,0.8277548551559448,0.5255115032196045,1
kodak,18.png,9.0,30.0,2897133946,0.2690472900867462,-0.8948619365692139,-0.1360114961862564,-0.9588746428489685,adaptive_HARQ,1,4096,8192,16388,0.009508049115538597,20.21908583511769,0.8277548551559448,0.5255115032196045,1
kodak,18.png,9.0,30.0,2897133946,0.2690472900867462,-0.8948619365692139,-0.1360114961862564,-0.9588746428489685,FlowHARQ,1,4096,8192,16388,0.009508049115538597,20.21908583511769,0.8277548551559448,0.5255115032196045,1
kodak,18.png,9.0,60.0,4051737743,-0.19201111793518066,0.2501924932003021,-0.6579574346542358,0.8055168390274048,SwinJSCC_author_one_shot,0,16,4096,4130,0.03615576773881912,14.418224121361153,0.46163663268089294,0.6564083099365234,1
kodak,18.png,9.0,60.0,4051737743,-0.19201111793518066,0.2501924932003021,-0.6579574346542358,0.8055168390274048,SwinJSCC_author_Chase_wrapper,1,16,8192,8228,0.003184028435498476,24.97023062377543,0.9444257020950317,0.3086535632610321,0
kodak,18.png,9.0,60.0,4051737743,-0.19201111793518066,0.2501924932003021,-0.6579574346542358,0.8055168390274048,same_codec_direct,0,4096,4096,12290,0.0133854104205966,18.7336830802821,0.6869895458221436,0.6395248174667358,1
kodak,18.png,9.0,60.0,4051737743,-0.19201111793518066,0.2501924932003021,-0.6579574346542358,0.8055168390274048,same_codec_full_HARQ,1,4096,8192,16388,0.009743580594658852,20.112814181990327,0.8192970752716064,0.5318411588668823,1
kodak,18.png,9.0,60.0,4051737743,-0.19201111793518066,0.2501924932003021,-0.6579574346542358,0.8055168390274048,adaptive_HARQ,1,4096,8192,16388,0.009743580594658852,20.112814181990327,0.8192970752716064,0.5318411588668823,1
kodak,18.png,9.0,60.0,4051737743,-0.19201111793518066,0.2501924932003021,-0.6579574346542358,0.8055168390274048,FlowHARQ,1,4096,8192,16388,0.009743580594658852,20.112814181990327,0.8192970752716064,0.5318411588668823,1
kodak,18.png,9.0,90.0,892228651,1.4546821117401123,-0.776699960231781,0.13876846432685852,0.3944416046142578,SwinJSCC_author_one_shot,0,16,4096,4130,0.002895711688324809,25.38244680873639,0.9558998346328735,0.2970309853553772,0
kodak,18.png,9.0,90.0,892228651,1.4546821117401123,-0.776699960231781,0.13876846432685852,0.3944416046142578,SwinJSCC_author_Chase_wrapper,1,16,8192,8228,0.0028803437016904354,25.405556862541665,0.9564857482910156,0.2975044548511505,0
kodak,18.png,9.0,90.0,892228651,1.4546821117401123,-0.776699960231781,0.13876846432685852,0.3944416046142578,same_codec_direct,0,4096,4096,12290,0.009561721235513687,20.194639219708016,0.8321183919906616,0.5248544812202454,1
kodak,18.png,9.0,90.0,892228651,1.4546821117401123,-0.776699960231781,0.13876846432685852,0.3944416046142578,same_codec_full_HARQ,1,4096,8192,16388,0.009542898274958134,20.2031970562491,0.8324279189109802,0.5258802175521851,1
kodak,18.png,9.0,90.0,892228651,1.4546821117401123,-0.776699960231781,0.13876846432685852,0.3944416046142578,adaptive_HARQ,1,4096,8192,16388,0.009542898274958134,20.2031970562491,0.8324279189109802,0.5258802175521851,1
kodak,18.png,9.0,90.0,892228651,1.4546821117401123,-0.776699960231781,0.13876846432685852,0.3944416046142578,FlowHARQ,1,4096,8192,16388,0.009542898274958134,20.2031970562491,0.8324279189109802,0.5258802175521851,1
kodak,18.png,9.0,120.0,1713096946,0.11229313164949417,-0.09990939497947693,0.4795146882534027,0.14238637685775757,SwinJSCC_author_one_shot,0,16,4096,4130,0.14563815295696259,8.367248376046527,0.09576521813869476,0.677169919013977,1
kodak,18.png,9.0,120.0,1713096946,0.11229313164949417,-0.09990939497947693,0.4795146882534027,0.14238637685775757,SwinJSCC_author_Chase_wrapper,1,16,8192,8228,0.007032295223325491,21.529029054015947,0.7946575880050659,0.4395226836204529,1
kodak,18.png,9.0,120.0,1713096946,0.11229313164949417,-0.09990939497947693,0.4795146882534027,0.14238637685775757,same_codec_direct,0,4096,4096,12290,0.017144735902547836,17.658692003682,0.5698070526123047,0.73880934715271,1
kodak,18.png,9.0,120.0,1713096946,0.11229313164949417,-0.09990939497947693,0.4795146882534027,0.14238637685775757,same_codec_full_HARQ,1,4096,8192,16388,0.010869065299630165,19.63807802065208,0.7768759727478027,0.5626160502433777,1
kodak,18.png,9.0,120.0,1713096946,0.11229313164949417,-0.09990939497947693,0.4795146882534027,0.14238637685775757,adaptive_HARQ,1,4096,8192,16388,0.010869065299630165,19.63807802065208,0.7768759727478027,0.5626160502433777,1
kodak,18.png,9.0,120.0,1713096946,0.11229313164949417,-0.09990939497947693,0.4795146882534027,0.14238637685775757,FlowHARQ,1,4096,8192,16388,0.010869065299630165,19.63807802065208,0.7768759727478027,0.5626160502433777,1
kodak,18.png,12.0,30.0,3845952620,0.6518238186836243,-0.998347282409668,-0.07731309533119202,-0.7710051536560059,SwinJSCC_author_one_shot,0,16,4096,4130,0.002899502869695425,25.376764570857016,0.9565747976303101,0.3031410574913025,0
kodak,18.png,12.0,30.0,3845952620,0.6518238186836243,-0.998347282409668,-0.07731309533119202,-0.7710051536560059,SwinJSCC_author_Chase_wrapper,1,16,8192,8228,0.002831507008522749,25.47982359074009,0.9590024352073669,0.2996324896812439,0
kodak,18.png,12.0,30.0,3845952620,0.6518238186836243,-0.998347282409668,-0.07731309533119202,-0.7710051536560059,same_codec_direct,0,4096,4096,12290,0.009466874413192272,20.2379338416068,0.8342089653015137,0.5256781578063965,1
kodak,18.png,12.0,30.0,3845952620,0.6518238186836243,-0.998347282409668,-0.07731309533119202,-0.7710051536560059,same_codec_full_HARQ,1,4096,8192,16388,0.009364248253405094,20.28527081342905,0.8374204635620117,0.525722324848175,1
kodak,18.png,12.0,30.0,3845952620,0.6518238186836243,-0.998347282409668,-0.07731309533119202,-0.7710051536560059,adaptive_HARQ,1,4096,8192,16388,0.009364248253405094,20.28527081342905,0.8374204635620117,0.525722324848175,1
kodak,18.png,12.0,30.0,3845952620,0.6518238186836243,-0.998347282409668,-0.07731309533119202,-0.7710051536560059,FlowHARQ,1,4096,8192,16388,0.009364248253405094,20.28527081342905,0.8374204635620117,0.525722324848175,1
kodak,18.png,12.0,60.0,3318663967,0.15216007828712463,1.2010436058044434,0.4196421504020691,0.4859699606895447,SwinJSCC_author_one_shot,0,16,4096,4130,0.0028884827625006437,25.39330219839096,0.957168459892273,0.3013944923877716,0
kodak,18.png,12.0,60.0,3318663967,0.15216007828712463,1.2010436058044434,0.4196421504020691,0.4859699606895447,SwinJSCC_author_Chase_wrapper,1,16,8192,8228,0.0028402674943208694,25.4664075648928,0.9590132236480713,0.2982345521450043,0
kodak,18.png,12.0,60.0,3318663967,0.15216007828712463,1.2010436058044434,0.4196421504020691,0.4859699606895447,same_codec_direct,0,4096,4096,12290,0.009571760892868042,20.190081588054664,0.832514762878418,0.5322935581207275,1
kodak,18.png,12.0,60.0,3318663967,0.15216007828712463,1.2010436058044434,0.4196421504020691,0.4859699606895447,same_codec_full_HARQ,1,4096,8192,16388,0.00951291248202324,20.21686498706756,0.8346571922302246,0.5321623086929321,1
kodak,18.png,12.0,60.0,3318663967,0.15216007828712463,1.2010436058044434,0.4196421504020691,0.4859699606895447,adaptive_HARQ,1,4096,8192,16388,0.00951291248202324,20.21686498706756,0.8346571922302246,0.5321623086929321,1
kodak,18.png,12.0,60.0,3318663967,0.15216007828712463,1.2010436058044434,0.4196421504020691,0.4859699606895447,FlowHARQ,1,4096,8192,16388,0.00951291248202324,20.21686498706756,0.8346571922302246,0.5321623086929321,1
kodak,18.png,12.0,90.0,1156803060,0.10253355652093887,0.2342783510684967,-0.12705427408218384,-0.057413823902606964,SwinJSCC_author_one_shot,0,16,4096,4130,0.01708003506064415,17.675112421582163,0.5699747800827026,0.5758132338523865,1
kodak,18.png,12.0,90.0,1156803060,0.10253355652093887,0.2342783510684967,-0.12705427408218384,-0.057413823902606964,SwinJSCC_author_Chase_wrapper,1,16,8192,8228,0.012445664964616299,19.04981894334743,0.6613219380378723,0.5258212089538574,1
kodak,18.png,12.0,90.0,1156803060,0.10253355652093887,0.2342783510684967,-0.12705427408218384,-0.057413823902606964,same_codec_direct,0,4096,4096,12290,0.012382112443447113,19.072052564249653,0.7219464182853699,0.605670154094696,1
kodak,18.png,12.0,90.0,1156803060,0.10253355652093887,0.2342783510684967,-0.12705427408218384,-0.057413823902606964,same_codec_full_HARQ,1,4096,8192,16388,0.011892199516296387,19.24737813215863,0.7330238819122314,0.5900924205780029,1
kodak,18.png,12.0,90.0,1156803060,0.10253355652093887,0.2342783510684967,-0.12705427408218384,-0.057413823902606964,adaptive_HARQ,1,4096,8192,16388,0.011892199516296387,19.24737813215863,0.7330238819122314,0.5900924205780029,1
kodak,18.png,12.0,90.0,1156803060,0.10253355652093887,0.2342783510684967,-0.12705427408218384,-0.057413823902606964,FlowHARQ,1,4096,8192,16388,0.011892199516296387,19.24737813215863,0.7330238819122314,0.5900924205780029,1
kodak,18.png,12.0,120.0,205885065,-0.17311924695968628,0.6079116463661194,0.1368584930896759,-0.07595649361610413,SwinJSCC_author_one_shot,0,16,4096,4130,0.003687957301735878,24.332141157441786,0.9189081192016602,0.3313177824020386,0
kodak,18.png,12.0,120.0,205885065,-0.17311924695968628,0.6079116463661194,0.1368584930896759,-0.07595649361610413,SwinJSCC_author_Chase_wrapper,1,16,8192,8228,0.0035836342722177505,24.456763186701558,0.9247779846191406,0.3247976303100586,0
kodak,18.png,12.0,120.0,205885065,-0.17311924695968628,0.6079116463661194,0.1368584930896759,-0.07595649361610413,same_codec_direct,0,4096,4096,12290,0.00999614130705595,20.001676132457785,0.8147355318069458,0.5281224250793457,1
kodak,18.png,12.0,120.0,205885065,-0.17311924695968628,0.6079116463661194,0.1368584930896759,-0.07595649361610413,same_codec_full_HARQ,1,4096,8192,16388,0.009895183145999908,20.04576163199772,0.8168607950210571,0.5274848341941833,1
kodak,18.png,12.0,120.0,205885065,-0.17311924695968628,0.6079116463661194,0.1368584930896759,-0.07595649361610413,adaptive_HARQ,1,4096,8192,16388,0.009895183145999908,20.04576163199772,0.8168607950210571,0.5274848341941833,1
kodak,18.png,12.0,120.0,205885065,-0.17311924695968628,0.6079116463661194,0.1368584930896759,-0.07595649361610413,FlowHARQ,1,4096,8192,16388,0.009895183145999908,20.04576163199772,0.8168607950210571,0.5274848341941833,1
kodak,18.png,15.0,30.0,3901153948,0.05022105574607849,0.2890753448009491,0.31723105907440186,-0.12421867251396179,SwinJSCC_author_one_shot,0,16,4096,4130,0.005156779196113348,22.87621463893368,0.8418627977371216,0.39161932468414307,1
kodak,18.png,15.0,30.0,3901153948,0.05022105574607849,0.2890753448009491,0.31723105907440186,-0.12421867251396179,SwinJSCC_author_Chase_wrapper,1,16,8192,8228,0.0034701141994446516,24.59656232594559,0.9306204319000244,0.3175294101238251,0
kodak,18.png,15.0,30.0,3901153948,0.05022105574607849,0.2890753448009491,0.31723105907440186,-0.12421867251396179,same_codec_direct,0,4096,4096,12290,0.010773394256830215,19.67647446676795,0.7868747711181641,0.5594511032104492,1
kodak,18.png,15.0,30.0,3901153948,0.05022105574607849,0.2890753448009491,0.31723105907440186,-0.12421867251396179,same_codec_full_HARQ,1,4096,8192,16388,0.009989075362682343,20.004747103195278,0.816474437713623,0.5401838421821594,1
kodak,18.png,15.0,30.0,3901153948,0.05022105574607849,0.2890753448009491,0.31723105907440186,-0.12421867251396179,adaptive_HARQ,1,4096,8192,16388,0.009989075362682343,20.004747103195278,0.816474437713623,0.5401838421821594,1
kodak,18.png,15.0,30.0,3901153948,0.05022105574607849,0.2890753448009491,0.31723105907440186,-0.12421867251396179,FlowHARQ,1,4096,8192,16388,0.009989075362682343,20.004747103195278,0.816474437713623,0.5401838421821594,1
kodak,18.png,15.0,60.0,3419590,0.7364276647567749,-1.2467960119247437,0.06188231706619263,0.2380831390619278,SwinJSCC_author_one_shot,0,16,4096,4130,0.0027480870485305786,25.609695146628034,0.9618959426879883,0.29520899057388306,0
kodak,18.png,15.0,60.0,3419590,0.7364276647567749,-1.2467960119247437,0.06188231706619263,0.2380831390619278,SwinJSCC_author_Chase_wrapper,1,16,8192,8228,0.002746792510151863,25.611741454937018,0.9619231224060059,0.2953519821166992,0
kodak,18.png,15.0,60.0,3419590,0.7364276647567749,-1.2467960119247437,0.06188231706619263,0.2380831390619278,same_codec_direct,0,4096,4096,12290,0.009282778017222881,20.32322034879863,0.8388001322746277,0.522987961769104,1
kodak,18.png,15.0,60.0,3419590,0.7364276647567749,-1.2467960119247437,0.06188231706619263,0.2380831390619278,same_codec_full_HARQ,1,4096,8192,16388,0.009289626963436604,20.320017252930963,0.8388643264770508,0.5230503678321838,1
kodak,18.png,15.0,60.0,3419590,0.7364276647567749,-1.2467960119247437,0.06188231706619263,0.2380831390619278,adaptive_HARQ,1,4096,8192,16388,0.009289626963436604,20.320017252930963,0.8388643264770508,0.5230503678321838,1
kodak,18.png,15.0,60.0,3419590,0.7364276647567749,-1.2467960119247437,0.06188231706619263,0.2380831390619278,FlowHARQ,1,4096,8192,16388,0.009289626963436604,20.320017252930963,0.8388643264770508,0.5230503678321838,1
kodak,18.png,15.0,90.0,1631420885,0.3811231553554535,0.27757489681243896,1.0571730136871338,1.0893498659133911,SwinJSCC_author_one_shot,0,16,4096,4130,0.0033681392669677734,24.726099594452013,0.9353957176208496,0.30707278847694397,0
kodak,18.png,15.0,90.0,1631420885,0.3811231553554535,0.27757489681243896,1.0571730136871338,1.0893498659133911,SwinJSCC_author_Chase_wrapper,1,16,8192,8228,0.0027481354773044586,25.609618612793525,0.962220311164856,0.29598692059516907,0
kodak,18.png,15.0,90.0,1631420885,0.3811231553554535,0.27757489681243896,1.0571730136871338,1.0893498659133911,same_codec_direct,0,4096,4096,12290,0.009852911345660686,20.064354248793663,0.8176330327987671,0.544623851776123,1
kodak,18.png,15.0,90.0,1631420885,0.3811231553554535,0.27757489681243896,1.0571730136871338,1.0893498659133911,same_codec_full_HARQ,1,4096,8192,16388,0.009322576224803925,20.304640570010996,0.8399548530578613,0.5226067304611206,1
kodak,18.png,15.0,90.0,1631420885,0.3811231553554535,0.27757489681243896,1.0571730136871338,1.0893498659133911,adaptive_HARQ,1,4096,8192,16388,0.009322576224803925,20.304640570010996,0.8399548530578613,0.5226067304611206,1
kodak,18.png,15.0,90.0,1631420885,0.3811231553554535,0.27757489681243896,1.0571730136871338,1.0893498659133911,FlowHARQ,1,4096,8192,16388,0.009322576224803925,20.304640570010996,0.8399548530578613,0.5226067304611206,1
kodak,18.png,15.0,120.0,3778082507,0.985517144203186,0.864192008972168,-0.55904221534729,-0.2484380602836609,SwinJSCC_author_one_shot,0,16,4096,4130,0.0027710115537047386,25.57361663427529,0.9613628387451172,0.2971334457397461,0
kodak,18.png,15.0,120.0,3778082507,0.985517144203186,0.864192008972168,-0.55904221534729,-0.2484380602836609,SwinJSCC_author_Chase_wrapper,1,16,8192,8228,0.0027582496404647827,25.59366429759188,0.9619371294975281,0.29691776633262634,0
kodak,18.png,15.0,120.0,3778082507,0.985517144203186,0.864192008972168,-0.55904221534729,-0.2484380602836609,same_codec_direct,0,4096,4096,12290,0.00938859861344099,20.27399227741308,0.8371111750602722,0.521550714969635,1
kodak,18.png,15.0,120.0,3778082507,0.985517144203186,0.864192008972168,-0.55904221534729,-0.2484380602836609,same_codec_full_HARQ,1,4096,8192,16388,0.009348545223474503,20.29255966728964,0.8387300968170166,0.5206955671310425,1
kodak,18.png,15.0,120.0,3778082507,0.985517144203186,0.864192008972168,-0.55904221534729,-0.2484380602836609,adaptive_HARQ,1,4096,8192,16388,0.009348545223474503,20.29255966728964,0.8387300968170166,0.5206955671310425,1
kodak,18.png,15.0,120.0,3778082507,0.985517144203186,0.864192008972168,-0.55904221534729,-0.2484380602836609,FlowHARQ,1,4096,8192,16388,0.009348545223474503,20.29255966728964,0.8387300968170166,0.5206955671310425,1
kodak,19.png,0.0,30.0,852803551,-0.05590074509382248,0.12254638224840164,-1.180253505706787,0.2203226387500763,SwinJSCC_author_one_shot,0,16,4096,4130,0.13989557325839996,8.541960277516788,0.0692044049501419,0.7906771302223206,1
kodak,19.png,0.0,30.0,852803551,-0.05590074509382248,0.12254638224840164,-1.180253505706787,0.2203226387500763,SwinJSCC_author_Chase_wrapper,1,16,8192,8228,0.005879338830709457,22.30671510372734,0.7948282957077026,0.35847803950309753,1
kodak,19.png,0.0,30.0,852803551,-0.05590074509382248,0.12254638224840164,-1.180253505706787,0.2203226387500763,same_codec_direct,0,4096,4096,12290,0.02939676307141781,15.317004878740729,0.38058993220329285,0.8439714908599854,1
kodak,19.png,0.0,30.0,852803551,-0.05590074509382248,0.12254638224840164,-1.180253505706787,0.2203226387500763,same_codec_full_HARQ,1,4096,8192,16388,0.009227501228451729,20.34915888314936,0.7689423561096191,0.5952659845352173,1
kodak,19.png,0.0,30.0,852803551,-0.05590074509382248,0.12254638224840164,-1.180253505706787,0.2203226387500763,adaptive_HARQ,1,4096,8192,16388,0.009227501228451729,20.34915888314936,0.7689423561096191,0.5952659845352173,1
kodak,19.png,0.0,30.0,852803551,-0.05590074509382248,0.12254638224840164,-1.180253505706787,0.2203226387500763,FlowHARQ,1,4096,8192,16388,0.009227501228451729,20.34915888314936,0.7689423561096191,0.5952659845352173,1
kodak,19.png,0.0,60.0,2127230848,0.34064164757728577,0.16873110830783844,0.06503419578075409,0.23599959909915924,SwinJSCC_author_one_shot,0,16,4096,4130,0.13690361380577087,8.635850877667366,0.0988970398902893,0.7014715671539307,1
kodak,19.png,0.0,60.0,2127230848,0.34064164757728577,0.16873110830783844,0.06503419578075409,0.23599959909915924,SwinJSCC_author_Chase_wrapper,1,16,8192,8228,0.09350314736366272,10.291737703075247,0.15528754889965057,0.7000294923782349,1
kodak,19.png,0.0,60.0,2127230848,0.34064164757728577,0.16873110830783844,0.06503419578075409,0.23599959909915924,same_codec_direct,0,4096,4096,12290,0.014206974767148495,18.474983908838382,0.6047238707542419,0.7565478682518005,1
kodak,19.png,0.0,60.0,2127230848,0.34064164757728577,0.16873110830783844,0.06503419578075409,0.23599959909915924,same_codec_full_HARQ,1,4096,8192,16388,0.012942376546561718,18.879859689308255,0.6295887231826782,0.7493951320648193,1
kodak,19.png,0.0,60.0,2127230848,0.34064164757728577,0.16873110830783844,0.06503419578075409,0.23599959909915924,adaptive_HARQ,1,4096,8192,16388,0.012942376546561718,18.879859689308255,0.6295887231826782,0.7493951320648193,1
kodak,19.png,0.0,60.0,2127230848,0.34064164757728577,0.16873110830783844,0.06503419578075409,0.23599959909915924,FlowHARQ,1,4096,8192,16388,0.012942376546561718,18.879859689308255,0.6295887231826782,0.7493951320648193,1
kodak,19.png,0.0,90.0,2685293590,-0.10261241346597672,0.24177634716033936,-0.08424762636423111,-1.0461268424987793,SwinJSCC_author_one_shot,0,16,4096,4130,0.15354375541210175,8.137678415147139,0.0779556930065155,0.7429242134094238,1
kodak,19.png,0.0,90.0,2685293590,-0.10261241346597672,0.24177634716033936,-0.08424762636423111,-1.0461268424987793,SwinJSCC_author_Chase_wrapper,1,16,8192,8228,0.02031140960752964,16.92259935604128,0.5906476974487305,0.5102505087852478,1
kodak,19.png,0.0,90.0,2685293590,-0.10261241346597672,0.24177634716033936,-0.08424762636423111,-1.0461268424987793,same_codec_direct,0,4096,4096,12290,0.019555753096938133,17.087254546007898,0.4955527186393738,0.8319404125213623,1
kodak,19.png,0.0,90.0,2685293590,-0.10261241346597672,0.24177634716033936,-0.08424762636423111,-1.0461268424987793,same_codec_full_HARQ,1,4096,8192,16388,0.009527270682156086,20.210314957358285,0.7596017122268677,0.6137688755989075,1
kodak,19.png,0.0,90.0,2685293590,-0.10261241346597672,0.24177634716033936,-0.08424762636423111,-1.0461268424987793,adaptive_HARQ,1,4096,8192,16388,0.009527270682156086,20.210314957358285,0.7596017122268677,0.6137688755989075,1
kodak,19.png,0.0,90.0,2685293590,-0.10261241346597672,0.24177634716033936,-0.08424762636423111,-1.0461268424987793,FlowHARQ,1,4096,8192,16388,0.009527270682156086,20.210314957358285,0.7596017122268677,0.6137688755989075,1
kodak,19.png,0.0,120.0,873658173,1.3375648260116577,-0.5248283743858337,-1.2334233522415161,0.8312658071517944,SwinJSCC_author_one_shot,0,16,4096,4130,0.0044451383873820305,23.5211471389718,0.8538923263549805,0.3067459166049957,1
kodak,19.png,0.0,120.0,873658173,1.3375648260116577,-0.5248283743858337,-1.2334233522415161,0.8312658071517944,SwinJSCC_author_Chase_wrapper,1,16,8192,8228,0.00211357232183218,26.74982886971344,0.9338066577911377,0.1959894895553589,0
kodak,19.png,0.0,120.0,873658173,1.3375648260116577,-0.5248283743858337,-1.2334233522415161,0.8312658071517944,same_codec_direct,0,4096,4096,12290,0.008768633008003235,20.570681059902242,0.7844828963279724,0.593242883682251,1
kodak,19.png,0.0,120.0,873658173,1.3375648260116577,-0.5248283743858337,-1.2334233522415161,0.8312658071517944,same_codec_full_HARQ,1,4096,8192,16388,0.008367173373699188,20.774212320348717,0.8110648393630981,0.5547009706497192,1
kodak,19.png,0.0,120.0,873658173,1.3375648260116577,-0.5248283743858337,-1.2334233522415161,0.8312658071517944,adaptive_HARQ,1,4096,8192,16388,0.008367173373699188,20.774212320348717,0.8110648393630981,0.5547009706497192,1
kodak,19.png,0.0,120.0,873658173,1.3375648260116577,-0.5248283743858337,-1.2334233522415161,0.8312658071517944,FlowHARQ,1,4096,8192,16388,0.008367173373699188,20.774212320348717,0.8110648393630981,0.5547009706497192,1
kodak,19.png,3.0,30.0,86284264,-0.36158329248428345,0.4332931935787201,-0.688586950302124,-0.00026738643646240234,SwinJSCC_author_one_shot,0,16,4096,4130,0.02557934634387493,15.92110557702372,0.48372599482536316,0.6654005646705627,1
kodak,19.png,3.0,30.0,86284264,-0.36158329248428345,0.4332931935787201,-0.688586950302124,-0.00026738643646240234,SwinJSCC_author_Chase_wrapper,1,16,8192,8228,0.006372438278049231,21.956943623133746,0.7978879809379578,0.3807404041290283,1
kodak,19.png,3.0,30.0,86284264,-0.36158329248428345,0.4332931935787201,-0.688586950302124,-0.00026738643646240234,same_codec_direct,0,4096,4096,12290,0.010016596876084805,19.992798043146994,0.7071894407272339,0.6612844467163086,1
kodak,19.png,3.0,30.0,86284264,-0.36158329248428345,0.4332931935787201,-0.688586950302124,-0.00026738643646240234,same_codec_full_HARQ,1,4096,8192,16388,0.008820283226668835,20.545174690853564,0.7721017599105835,0.6065029501914978,1
kodak,19.png,3.0,30.0,86284264,-0.36158329248428345,0.4332931935787201,-0.688586950302124,-0.00026738643646240234,adaptive_HARQ,1,4096,8192,16388,0.008820283226668835,20.545174690853564,0.7721017599105835,0.6065029501914978,1
kodak,19.png,3.0,30.0,86284264,-0.36158329248428345,0.4332931935787201,-0.688586950302124,-0.00026738643646240234,FlowHARQ,1,4096,8192,16388,0.008820283226668835,20.545174690853564,0.7721017599105835,0.6065029501914978,1
kodak,19.png,3.0,60.0,3768647870,0.6737870573997498,-0.7649958729743958,-0.14426469802856445,-0.5739453434944153,SwinJSCC_author_one_shot,0,16,4096,4130,0.004420149605721235,23.545630311396785,0.8444675803184509,0.30973535776138306,1
kodak,19.png,3.0,60.0,3768647870,0.6737870573997498,-0.7649958729743958,-0.14426469802856445,-0.5739453434944153,SwinJSCC_author_Chase_wrapper,1,16,8192,8228,0.002965856809169054,25.27849820431339,0.9016155004501343,0.23352037370204926,0
kodak,19.png,3.0,60.0,3768647870,0.6737870573997498,-0.7649958729743958,-0.14426469802856445,-0.5739453434944153,same_codec_direct,0,4096,4096,12290,0.008744897320866585,20.58245285469792,0.7845122218132019,0.5985754728317261,1
kodak,19.png,3.0,60.0,3768647870,0.6737870573997498,-0.7649958729743958,-0.14426469802856445,-0.5739453434944153,same_codec_full_HARQ,1,4096,8192,16388,0.008437421172857285,20.737902715657214,0.7963635325431824,0.5919164419174194,1
kodak,19.png,3.0,60.0,3768647870,0.6737870573997498,-0.7649958729743958,-0.14426469802856445,-0.5739453434944153,adaptive_HARQ,1,4096,8192,16388,0.008437421172857285,20.737902715657214,0.7963635325431824,0.5919164419174194,1
kodak,19.png,3.0,60.0,3768647870,0.6737870573997498,-0.7649958729743958,-0.14426469802856445,-0.5739453434944153,FlowHARQ,1,4096,8192,16388,0.008437421172857285,20.737902715657214,0.7963635325431824,0.5919164419174194,1
kodak,19.png,3.0,90.0,3619063545,0.18356522917747498,-0.3548617362976074,-0.0901915580034256,-0.27710074186325073,SwinJSCC_author_one_shot,0,16,4096,4130,0.04960668832063675,13.04459764942849,0.2698870599269867,0.6917315721511841,1
kodak,19.png,3.0,90.0,3619063545,0.18356522917747498,-0.3548617362976074,-0.0901915580034256,-0.27710074186325073,SwinJSCC_author_Chase_wrapper,1,16,8192,8228,0.03718731552362442,14.296051713413767,0.3302300274372101,0.706359326839447,1
kodak,19.png,3.0,90.0,3619063545,0.18356522917747498,-0.3548617362976074,-0.0901915580034256,-0.27710074186325073,same_codec_direct,0,4096,4096,12290,0.011696552857756615,19.319421122228732,0.6690329313278198,0.7440049648284912,1
kodak,19.png,3.0,90.0,3619063545,0.18356522917747498,-0.3548617362976074,-0.0901915580034256,-0.27710074186325073,same_codec_full_HARQ,1,4096,8192,16388,0.010094445198774338,19.959175453416485,0.7109682559967041,0.6944489479064941,1
kodak,19.png,3.0,90.0,3619063545,0.18356522917747498,-0.3548617362976074,-0.0901915580034256,-0.27710074186325073,adaptive_HARQ,1,4096,8192,16388,0.010094445198774338,19.959175453416485,0.7109682559967041,0.6944489479064941,1
kodak,19.png,3.0,90.0,3619063545,0.18356522917747498,-0.3548617362976074,-0.0901915580034256,-0.27710074186325073,FlowHARQ,1,4096,8192,16388,0.010094445198774338,19.959175453416485,0.7109682559967041,0.6944489479064941,1
kodak,19.png,3.0,120.0,3638380393,-0.4523047208786011,-0.12515652179718018,-0.18880656361579895,0.6357133388519287,SwinJSCC_author_one_shot,0,16,4096,4130,0.044095538556575775,13.556053488150685,0.2679912745952606,0.765602707862854,1
kodak,19.png,3.0,120.0,3638380393,-0.4523047208786011,-0.12515652179718018,-0.18880656361579895,0.6357133388519287,SwinJSCC_author_Chase_wrapper,1,16,8192,8228,0.008579529821872711,20.665365118437528,0.7235517501831055,0.4232514798641205,1
kodak,19.png,3.0,120.0,3638380393,-0.4523047208786011,-0.12515652179718018,-0.18880656361579895,0.6357133388519287,same_codec_direct,0,4096,4096,12290,0.01108100451529026,19.55420868156936,0.6892985105514526,0.6929364204406738,1
kodak,19.png,3.0,120.0,3638380393,-0.4523047208786011,-0.12515652179718018,-0.18880656361579895,0.6357133388519287,same_codec_full_HARQ,1,4096,8192,16388,0.00940193235874176,20.26782877624566,0.7648203372955322,0.6079378724098206,1
kodak,19.png,3.0,120.0,3638380393,-0.4523047208786011,-0.12515652179718018,-0.18880656361579895,0.6357133388519287,adaptive_HARQ,1,4096,8192,16388,0.00940193235874176,20.26782877624566,0.7648203372955322,0.6079378724098206,1
kodak,19.png,3.0,120.0,3638380393,-0.4523047208786011,-0.12515652179718018,-0.18880656361579895,0.6357133388519287,FlowHARQ,1,4096,8192,16388,0.00940193235874176,20.26782877624566,0.7648203372955322,0.6079378724098206,1
kodak,19.png,6.0,30.0,3405621817,-0.8199027180671692,0.29807397723197937,-0.8599851727485657,0.3486798107624054,SwinJSCC_author_one_shot,0,16,4096,4130,0.0025790061336010695,25.88547624986556,0.908744215965271,0.21275906264781952,0
kodak,19.png,6.0,30.0,3405621817,-0.8199027180671692,0.29807397723197937,-0.8599851727485657,0.3486798107624054,SwinJSCC_author_Chase_wrapper,1,16,8192,8228,0.001927526667714119,27.149996046850625,0.9475576281547546,0.16963578760623932,0
kodak,19.png,6.0,30.0,3405621817,-0.8199027180671692,0.29807397723197937,-0.8599851727485657,0.3486798107624054,same_codec_direct,0,4096,4096,12290,0.008567159995436668,20.671631223852,0.7961210608482361,0.5756957530975342,1
kodak,19.png,6.0,30.0,3405621817,-0.8199027180671692,0.29807397723197937,-0.8599851727485657,0.3486798107624054,same_codec_full_HARQ,1,4096,8192,16388,0.008155914023518562,20.885273610337048,0.8194842338562012,0.5475789904594421,1
kodak,19.png,6.0,30.0,3405621817,-0.8199027180671692,0.29807397723197937,-0.8599851727485657,0.3486798107624054,adaptive_HARQ,1,4096,8192,16388,0.008155914023518562,20.885273610337048,0.8194842338562012,0.5475789904594421,1
kodak,19.png,6.0,30.0,3405621817,-0.8199027180671692,0.29807397723197937,-0.8599851727485657,0.3486798107624054,FlowHARQ,1,4096,8192,16388,0.008155914023518562,20.885273610337048,0.8194842338562012,0.5475789904594421,1
kodak,19.png,6.0,60.0,2707342499,0.008978597819805145,-0.45063140988349915,1.2126202583312988,-0.44576510787010193,SwinJSCC_author_one_shot,0,16,4096,4130,0.01840076595544815,17.35164098550196,0.5441664457321167,0.5818231105804443,1
kodak,19.png,6.0,60.0,2707342499,0.008978597819805145,-0.45063140988349915,1.2126202583312988,-0.44576510787010193,SwinJSCC_author_Chase_wrapper,1,16,8192,8228,0.0017057971563190222,27.680726139240303,0.9515038728713989,0.18087385594844818,0
kodak,19.png,6.0,60.0,2707342499,0.008978597819805145,-0.45063140988349915,1.2126202583312988,-0.44576510787010193,same_codec_direct,0,4096,4096,12290,0.009805239737033844,20.085417834140372,0.7365806102752686,0.6494675874710083,1
kodak,19.png,6.0,60.0,2707342499,0.008978597819805145,-0.45063140988349915,1.2126202583312988,-0.44576510787010193,same_codec_full_HARQ,1,4096,8192,16388,0.008109313435852528,20.91015913192357,0.8202476501464844,0.5511144399642944,1
kodak,19.png,6.0,60.0,2707342499,0.008978597819805145,-0.45063140988349915,1.2126202583312988,-0.44576510787010193,adaptive_HARQ,1,4096,8192,16388,0.008109313435852528,20.91015913192357,0.8202476501464844,0.5511144399642944,1
kodak,19.png,6.0,60.0,2707342499,0.008978597819805145,-0.45063140988349915,1.2126202583312988,-0.44576510787010193,FlowHARQ,1,4096,8192,16388,0.008109313435852528,20.91015913192357,0.8202476501464844,0.5511144399642944,1
kodak,19.png,6.0,90.0,3107727621,0.8016023635864258,1.3928511142730713,-0.38980740308761597,-1.135494589805603,SwinJSCC_author_one_shot,0,16,4096,4130,0.0015299696242436767,28.1531719150548,0.9574954509735107,0.17504078149795532,0
kodak,19.png,6.0,90.0,3107727621,0.8016023635864258,1.3928511142730713,-0.38980740308761597,-1.135494589805603,SwinJSCC_author_Chase_wrapper,1,16,8192,8228,0.0014126267051324248,28.499725878469757,0.9624733328819275,0.17497318983078003,0
kodak,19.png,6.0,90.0,3107727621,0.8016023635864258,1.3928511142730713,-0.38980740308761597,-1.135494589805603,same_codec_direct,0,4096,4096,12290,0.008104102686047554,20.91295064723136,0.82664555311203,0.5376535654067993,1
kodak,19.png,6.0,90.0,3107727621,0.8016023635864258,1.3928511142730713,-0.38980740308761597,-1.135494589805603,same_codec_full_HARQ,1,4096,8192,16388,0.008020172826945782,20.958162729901307,0.8325521945953369,0.533499538898468,1
kodak,19.png,6.0,90.0,3107727621,0.8016023635864258,1.3928511142730713,-0.38980740308761597,-1.135494589805603,adaptive_HARQ,0,4096,4096,12290,0.008104102686047554,20.91295064723136,0.82664555311203,0.5376535654067993,1
kodak,19.png,6.0,90.0,3107727621,0.8016023635864258,1.3928511142730713,-0.38980740308761597,-1.135494589805603,FlowHARQ,0,4096,4096,12290,0.008076286874711514,20.92788263045454,0.8262082934379578,0.5389469861984253,1
kodak,19.png,6.0,120.0,317988835,0.7701143622398376,-1.1095919609069824,-1.0866597890853882,-0.17523372173309326,SwinJSCC_author_one_shot,0,16,4096,4130,0.0017237489810213447,27.63525977545282,0.9500041007995605,0.17203131318092346,0
kodak,19.png,6.0,120.0,317988835,0.7701143622398376,-1.1095919609069824,-1.0866597890853882,-0.17523372173309326,SwinJSCC_author_Chase_wrapper,1,16,8192,8228,0.0015230225399136543,28.172936692918714,0.958238959312439,0.17161321640014648,0
kodak,19.png,6.0,120.0,317988835,0.7701143622398376,-1.1095919609069824,-1.0866597890853882,-0.17523372173309326,same_codec_direct,0,4096,4096,12290,0.008163971826434135,20.880985026876306,0.8191790580749512,0.5469679832458496,1
kodak,19.png,6.0,120.0,317988835,0.7701143622398376,-1.1095919609069824,-1.0866597890853882,-0.17523372173309326,same_codec_full_HARQ,1,4096,8192,16388,0.008120587095618248,20.904125713536228,0.8250535726547241,0.5340571403503418,1
kodak,19.png,6.0,120.0,317988835,0.7701143622398376,-1.1095919609069824,-1.0866597890853882,-0.17523372173309326,adaptive_HARQ,1,4096,8192,16388,0.008120587095618248,20.904125713536228,0.8250535726547241,0.5340571403503418,1
kodak,19.png,6.0,120.0,317988835,0.7701143622398376,-1.1095919609069824,-1.0866597890853882,-0.17523372173309326,FlowHARQ,1,4096,8192,16388,0.008120587095618248,20.904125713536228,0.8250535726547241,0.5340571403503418,1
kodak,19.png,9.0,30.0,1814018820,-0.7964032292366028,0.50107741355896,-0.4864095151424408,0.11327439546585083,SwinJSCC_author_one_shot,0,16,4096,4130,0.0016927975229918957,27.713949851315213,0.9518879652023315,0.17757809162139893,0
kodak,19.png,9.0,30.0,1814018820,-0.7964032292366028,0.50107741355896,-0.4864095151424408,0.11327439546585083,SwinJSCC_author_Chase_wrapper,1,16,8192,8228,0.0015769231831654906,28.02189461991258,0.9559056162834167,0.1737532764673233,0
kodak,19.png,9.0,30.0,1814018820,-0.7964032292366028,0.50107741355896,-0.4864095151424408,0.11327439546585083,same_codec_direct,0,4096,4096,12290,0.008160155266523361,20.883015776734926,0.8212275505065918,0.5427967309951782,1
kodak,19.png,9.0,30.0,1814018820,-0.7964032292366028,0.50107741355896,-0.4864095151424408,0.11327439546585083,same_codec_full_HARQ,1,4096,8192,16388,0.008089099079370499,20.92099845093007,0.8255529403686523,0.5378007292747498,1
kodak,19.png,9.0,30.0,1814018820,-0.7964032292366028,0.50107741355896,-0.4864095151424408,0.11327439546585083,adaptive_HARQ,1,4096,8192,16388,0.008089099079370499,20.92099845093007,0.8255529403686523,0.5378007292747498,1
kodak,19.png,9.0,30.0,1814018820,-0.7964032292366028,0.50107741355896,-0.4864095151424408,0.11327439546585083,FlowHARQ,1,4096,8192,16388,0.008089099079370499,20.92099845093007,0.8255529403686523,0.5378007292747498,1
kodak,19.png,9.0,60.0,4196141084,0.7973986268043518,-0.23021432757377625,0.11586590111255646,-0.2646966874599457,SwinJSCC_author_one_shot,0,16,4096,4130,0.0018831825582310557,27.2510757685572,0.9437944293022156,0.18168053030967712,0
kodak,19.png,9.0,60.0,4196141084,0.7973986268043518,-0.23021432757377625,0.11586590111255646,-0.2646966874599457,SwinJSCC_author_Chase_wrapper,1,16,8192,8228,0.00179132423363626,27.468257987771075,0.9470897912979126,0.1746010184288025,0
kodak,19.png,9.0,60.0,4196141084,0.7973986268043518,-0.23021432757377625,0.11586590111255646,-0.2646966874599457,same_codec_direct,0,4096,4096,12290,0.00830827746540308,20.804890080828578,0.8148679137229919,0.552560031414032,1
kodak,19.png,9.0,60.0,4196141084,0.7973986268043518,-0.23021432757377625,0.11586590111255646,-0.2646966874599457,same_codec_full_HARQ,1,4096,8192,16388,0.008239748887717724,20.84086023538358,0.8174044489860535,0.5477877855300903,1
kodak,19.png,9.0,60.0,4196141084,0.7973986268043518,-0.23021432757377625,0.11586590111255646,-0.2646966874599457,adaptive_HARQ,1,4096,8192,16388,0.008239748887717724,20.84086023538358,0.8174044489860535,0.5477877855300903,1
kodak,19.png,9.0,60.0,4196141084,0.7973986268043518,-0.23021432757377625,0.11586590111255646,-0.2646966874599457,FlowHARQ,1,4096,8192,16388,0.008239748887717724,20.84086023538358,0.8174044489860535,0.5477877855300903,1
kodak,19.png,9.0,90.0,1009742811,0.32999637722969055,-0.4368359446525574,-0.9451196193695068,0.45777928829193115,SwinJSCC_author_one_shot,0,16,4096,4130,0.0063550760969519615,21.96879244749869,0.8282660245895386,0.2796693444252014,1
kodak,19.png,9.0,90.0,1009742811,0.32999637722969055,-0.4368359446525574,-0.9451196193695068,0.45777928829193115,SwinJSCC_author_Chase_wrapper,1,16,8192,8228,0.0015257243067026138,28.165239348573472,0.9579035043716431,0.17373420298099518,0
kodak,19.png,9.0,90.0,1009742811,0.32999637722969055,-0.4368359446525574,-0.9451196193695068,0.45777928829193115,same_codec_direct,0,4096,4096,12290,0.008645458146929741,20.63211987304878,0.7941040992736816,0.5768938064575195,1
kodak,19.png,9.0,90.0,1009742811,0.32999637722969055,-0.4368359446525574,-0.9451196193695068,0.45777928829193115,same_codec_full_HARQ,1,4096,8192,16388,0.008109545335173607,20.910034939960454,0.8290347456932068,0.5390965342521667,1
kodak,19.png,9.0,90.0,1009742811,0.32999637722969055,-0.4368359446525574,-0.9451196193695068,0.45777928829193115,adaptive_HARQ,1,4096,8192,16388,0.008109545335173607,20.910034939960454,0.8290347456932068,0.5390965342521667,1
kodak,19.png,9.0,90.0,1009742811,0.32999637722969055,-0.4368359446525574,-0.9451196193695068,0.45777928829193115,FlowHARQ,1,4096,8192,16388,0.008109545335173607,20.910034939960454,0.8290347456932068,0.5390965342521667,1
kodak,19.png,9.0,120.0,807187271,0.6041750907897949,1.2508553266525269,0.07358892261981964,-0.19792571663856506,SwinJSCC_author_one_shot,0,16,4096,4130,0.001437185681425035,28.424871182897324,0.961523175239563,0.17509928345680237,0
kodak,19.png,9.0,120.0,807187271,0.6041750907897949,1.2508553266525269,0.07358892261981964,-0.19792571663856506,SwinJSCC_author_Chase_wrapper,1,16,8192,8228,0.0014324573567137122,28.43918297821014,0.9616472125053406,0.17404869198799133,0
kodak,19.png,9.0,120.0,807187271,0.6041750907897949,1.2508553266525269,0.07358892261981964,-0.19792571663856506,same_codec_direct,0,4096,4096,12290,0.008075798861682415,20.92814506264956,0.8317343592643738,0.5354906320571899,1
kodak,19.png,9.0,120.0,807187271,0.6041750907897949,1.2508553266525269,0.07358892261981964,-0.19792571663856506,same_codec_full_HARQ,1,4096,8192,16388,0.008088142611086369,20.92151199817916,0.8319577574729919,0.5352420210838318,1
kodak,19.png,9.0,120.0,807187271,0.6041750907897949,1.2508553266525269,0.07358892261981964,-0.19792571663856506,adaptive_HARQ,0,4096,4096,12290,0.008075798861682415,20.92814506264956,0.8317343592643738,0.5354906320571899,1
kodak,19.png,9.0,120.0,807187271,0.6041750907897949,1.2508553266525269,0.07358892261981964,-0.19792571663856506,FlowHARQ,0,4096,4096,12290,0.008017550222575665,20.959583109356412,0.8318061232566833,0.5364632606506348,1
kodak,19.png,12.0,30.0,1350690619,1.058032512664795,-1.060233235359192,1.4531216621398926,-0.9152118563652039,SwinJSCC_author_one_shot,0,16,4096,4130,0.0013172661419957876,28.803264708066116,0.9655689001083374,0.17141292989253998,0
kodak,19.png,12.0,30.0,1350690619,1.058032512664795,-1.060233235359192,1.4531216621398926,-0.9152118563652039,SwinJSCC_author_Chase_wrapper,1,16,8192,8228,0.0012591788545250893,28.99912578060121,0.9677896499633789,0.17068824172019958,0
kodak,19.png,12.0,30.0,1350690619,1.058032512664795,-1.060233235359192,1.4531216621398926,-0.9152118563652039,same_codec_direct,0,4096,4096,12290,0.008018968626856804,20.95881485639603,0.8360998034477234,0.5320695042610168,1
kodak,19.png,12.0,30.0,1350690619,1.058032512664795,-1.060233235359192,1.4531216621398926,-0.9152118563652039,same_codec_full_HARQ,1,4096,8192,16388,0.007956812158226967,20.992608944974766,0.8387071490287781,0.5258025527000427,1
kodak,19.png,12.0,30.0,1350690619,1.058032512664795,-1.060233235359192,1.4531216621398926,-0.9152118563652039,adaptive_HARQ,0,4096,4096,12290,0.008018968626856804,20.95881485639603,0.8360998034477234,0.5320695042610168,1
kodak,19.png,12.0,30.0,1350690619,1.058032512664795,-1.060233235359192,1.4531216621398926,-0.9152118563652039,FlowHARQ,0,4096,4096,12290,0.007996117696166039,20.971208220552633,0.8354079127311707,0.5324264168739319,1
kodak,19.png,12.0,60.0,1849387472,-0.10934390872716904,-0.1083856001496315,-0.5638356804847717,2.1019937992095947,SwinJSCC_author_one_shot,0,16,4096,4130,0.0525113046169281,12.797471917511354,0.2937086820602417,0.7141863107681274,1
kodak,19.png,12.0,60.0,1849387472,-0.10934390872716904,-0.1083856001496315,-0.5638356804847717,2.1019937992095947,SwinJSCC_author_Chase_wrapper,1,16,8192,8228,0.0012583981733769178,29.001819207828152,0.9676895141601562,0.16860710084438324,0
kodak,19.png,12.0,60.0,1849387472,-0.10934390872716904,-0.1083856001496315,-0.5638356804847717,2.1019937992095947,same_codec_direct,0,4096,4096,12290,0.011104258708655834,19.545104285145086,0.679132342338562,0.6963385343551636,1
kodak,19.png,12.0,60.0,1849387472,-0.10934390872716904,-0.1083856001496315,-0.5638356804847717,2.1019937992095947,same_codec_full_HARQ,1,4096,8192,16388,0.007945697754621506,20.998679590385954,0.838753879070282,0.5279364585876465,1
kodak,19.png,12.0,60.0,1849387472,-0.10934390872716904,-0.1083856001496315,-0.5638356804847717,2.1019937992095947,adaptive_HARQ,1,4096,8192,16388,0.007945697754621506,20.998679590385954,0.838753879070282,0.5279364585876465,1
kodak,19.png,12.0,60.0,1849387472,-0.10934390872716904,-0.1083856001496315,-0.5638356804847717,2.1019937992095947,FlowHARQ,1,4096,8192,16388,0.007945697754621506,20.998679590385954,0.838753879070282,0.5279364585876465,1
kodak,19.png,12.0,90.0,939413992,-0.08486099541187286,-0.01967621222138405,0.04919604957103729,-0.7363452315330505,SwinJSCC_author_one_shot,0,16,4096,4130,0.1457315981388092,8.364462724613928,0.10855978727340698,0.7275730967521667,1
kodak,19.png,12.0,90.0,939413992,-0.08486099541187286,-0.01967621222138405,0.04919604957103729,-0.7363452315330505,SwinJSCC_author_Chase_wrapper,1,16,8192,8228,0.0016022155759856105,27.952790505724785,0.9552050828933716,0.17383112013339996,0
kodak,19.png,12.0,90.0,939413992,-0.08486099541187286,-0.01967621222138405,0.04919604957103729,-0.7363452315330505,same_codec_direct,0,4096,4096,12290,0.015826955437660217,18.00602620437219,0.5908632278442383,0.7608179450035095,1
kodak,19.png,12.0,90.0,939413992,-0.08486099541187286,-0.01967621222138405,0.04919604957103729,-0.7363452315330505,same_codec_full_HARQ,1,4096,8192,16388,0.008262939751148224,20.828654138705993,0.822960615158081,0.5476554036140442,1
kodak,19.png,12.0,90.0,939413992,-0.08486099541187286,-0.01967621222138405,0.04919604957103729,-0.7363452315330505,adaptive_HARQ,1,4096,8192,16388,0.008262939751148224,20.828654138705993,0.822960615158081,0.5476554036140442,1
kodak,19.png,12.0,90.0,939413992,-0.08486099541187286,-0.01967621222138405,0.04919604957103729,-0.7363452315330505,FlowHARQ,1,4096,8192,16388,0.008262939751148224,20.828654138705993,0.822960615158081,0.5476554036140442,1
kodak,19.png,12.0,120.0,590830512,0.08304815739393234,-0.3920368254184723,-0.6799103617668152,-0.009468182921409607,SwinJSCC_author_one_shot,0,16,4096,4130,0.0031732467468827963,24.984961565024285,0.8896445035934448,0.25004521012306213,0
kodak,19.png,12.0,120.0,590830512,0.08304815739393234,-0.3920368254184723,-0.6799103617668152,-0.009468182921409607,SwinJSCC_author_Chase_wrapper,1,16,8192,8228,0.0015776067739352584,28.020012376232067,0.9566232562065125,0.17906077206134796,0
kodak,19.png,12.0,120.0,590830512,0.08304815739393234,-0.3920368254184723,-0.6799103617668152,-0.009468182921409607,same_codec_direct,0,4096,4096,12290,0.008486267179250717,20.712832991487513,0.7932831645011902,0.5780261754989624,1
kodak,19.png,12.0,120.0,590830512,0.08304815739393234,-0.3920368254184723,-0.6799103617668152,-0.009468182921409607,same_codec_full_HARQ,1,4096,8192,16388,0.008073065429925919,20.929615276676262,0.8253518342971802,0.5425523519515991,1
kodak,19.png,12.0,120.0,590830512,0.08304815739393234,-0.3920368254184723,-0.6799103617668152,-0.009468182921409607,adaptive_HARQ,1,4096,8192,16388,0.008073065429925919,20.929615276676262,0.8253518342971802,0.5425523519515991,1
kodak,19.png,12.0,120.0,590830512,0.08304815739393234,-0.3920368254184723,-0.6799103617668152,-0.009468182921409607,FlowHARQ,1,4096,8192,16388,0.008073065429925919,20.929615276676262,0.8253518342971802,0.5425523519515991,1
kodak,19.png,15.0,30.0,297139763,1.1338390111923218,0.3506113588809967,0.5856338739395142,0.3842923641204834,SwinJSCC_author_one_shot,0,16,4096,4130,0.0012941556051373482,28.880135023461172,0.9665517807006836,0.16944091022014618,0
kodak,19.png,15.0,30.0,297139763,1.1338390111923218,0.3506113588809967,0.5856338739395142,0.3842923641204834,SwinJSCC_author_Chase_wrapper,1,16,8192,8228,0.001274877693504095,28.945314776489322,0.9672735929489136,0.16803516447544098,0
kodak,19.png,15.0,30.0,297139763,1.1338390111923218,0.3506113588809967,0.5856338739395142,0.3842923641204834,same_codec_direct,0,4096,4096,12290,0.008020259439945221,20.958115828986056,0.8372149467468262,0.5301910638809204,1
kodak,19.png,15.0,30.0,297139763,1.1338390111923218,0.3506113588809967,0.5856338739395142,0.3842923641204834,same_codec_full_HARQ,1,4096,8192,16388,0.007990573532879353,20.974220475664346,0.8381432294845581,0.5291095972061157,1
kodak,19.png,15.0,30.0,297139763,1.1338390111923218,0.3506113588809967,0.5856338739395142,0.3842923641204834,adaptive_HARQ,0,4096,4096,12290,0.008020259439945221,20.958115828986056,0.8372149467468262,0.5301910638809204,1
kodak,19.png,15.0,30.0,297139763,1.1338390111923218,0.3506113588809967,0.5856338739395142,0.3842923641204834,FlowHARQ,0,4096,4096,12290,0.00798637606203556,20.976502436255785,0.8367668390274048,0.5303089618682861,1
kodak,19.png,15.0,60.0,4023362844,-0.2928272485733032,-0.359178751707077,0.3920857012271881,-0.12518125772476196,SwinJSCC_author_one_shot,0,16,4096,4130,0.001854526111856103,27.31767047395936,0.9472753405570984,0.18063399195671082,0
kodak,19.png,15.0,60.0,4023362844,-0.2928272485733032,-0.359178751707077,0.3920857012271881,-0.12518125772476196,SwinJSCC_author_Chase_wrapper,1,16,8192,8228,0.0015125371282920241,28.20293955905615,0.9590456485748291,0.17426884174346924,0
kodak,19.png,15.0,60.0,4023362844,-0.2928272485733032,-0.359178751707077,0.3920857012271881,-0.12518125772476196,same_codec_direct,0,4096,4096,12290,0.008227648213505745,20.847242855479713,0.8186299204826355,0.5483680963516235,1
kodak,19.png,15.0,60.0,4023362844,-0.2928272485733032,-0.359178751707077,0.3920857012271881,-0.12518125772476196,same_codec_full_HARQ,1,4096,8192,16388,0.008115483447909355,20.90685603686737,0.8264098167419434,0.5401524901390076,1
kodak,19.png,15.0,60.0,4023362844,-0.2928272485733032,-0.359178751707077,0.3920857012271881,-0.12518125772476196,adaptive_HARQ,1,4096,8192,16388,0.008115483447909355,20.90685603686737,0.8264098167419434,0.5401524901390076,1
kodak,19.png,15.0,60.0,4023362844,-0.2928272485733032,-0.359178751707077,0.3920857012271881,-0.12518125772476196,FlowHARQ,1,4096,8192,16388,0.008115483447909355,20.90685603686737,0.8264098167419434,0.5401524901390076,1
kodak,19.png,15.0,90.0,1427878404,0.15317034721374512,0.7712950110435486,-1.1287806034088135,-0.17748329043388367,SwinJSCC_author_one_shot,0,16,4096,4130,0.0013885560911148787,28.574365721113082,0.9632107615470886,0.16803675889968872,0
kodak,19.png,15.0,90.0,1427878404,0.15317034721374512,0.7712950110435486,-1.1287806034088135,-0.17748329043388367,SwinJSCC_author_Chase_wrapper,1,16,8192,8228,0.0012592424172908068,28.99890655629017,0.9676496386528015,0.16854770481586456,0
kodak,19.png,15.0,90.0,1427878404,0.15317034721374512,0.7712950110435486,-1.1287806034088135,-0.17748329043388367,same_codec_direct,0,4096,4096,12290,0.008010489866137505,20.963409246579324,0.8332056403160095,0.5354344248771667,1
kodak,19.png,15.0,90.0,1427878404,0.15317034721374512,0.7712950110435486,-1.1287806034088135,-0.17748329043388367,same_codec_full_HARQ,1,4096,8192,16388,0.007927894592285156,21.0084213277773,0.8387705683708191,0.5318189859390259,1
kodak,19.png,15.0,90.0,1427878404,0.15317034721374512,0.7712950110435486,-1.1287806034088135,-0.17748329043388367,adaptive_HARQ,0,4096,4096,12290,0.008010489866137505,20.963409246579324,0.8332056403160095,0.5354344248771667,1
kodak,19.png,15.0,90.0,1427878404,0.15317034721374512,0.7712950110435486,-1.1287806034088135,-0.17748329043388367,FlowHARQ,0,4096,4096,12290,0.00798097439110279,20.979440827287583,0.8326522707939148,0.5361505746841431,1
kodak,19.png,15.0,120.0,1408665831,-0.5673248767852783,-0.2717019021511078,-0.010853350162506104,-0.035886846482753754,SwinJSCC_author_one_shot,0,16,4096,4130,0.0015032791998237371,28.229603516273762,0.9598426818847656,0.1725894957780838,0
kodak,19.png,15.0,120.0,1408665831,-0.5673248767852783,-0.2717019021511078,-0.010853350162506104,-0.035886846482753754,SwinJSCC_author_Chase_wrapper,1,16,8192,8228,0.0015037879347801208,28.228134039361365,0.9598657488822937,0.17260843515396118,0
kodak,19.png,15.0,120.0,1408665831,-0.5673248767852783,-0.2717019021511078,-0.010853350162506104,-0.035886846482753754,same_codec_direct,0,4096,4096,12290,0.008036499843001366,20.949330594416608,0.8291797637939453,0.535855770111084,1
kodak,19.png,15.0,120.0,1408665831,-0.5673248767852783,-0.2717019021511078,-0.010853350162506104,-0.035886846482753754,same_codec_full_HARQ,1,4096,8192,16388,0.00803727563470602,20.94891137485345,0.8292654752731323,0.5359639525413513,1
kodak,19.png,15.0,120.0,1408665831,-0.5673248767852783,-0.2717019021511078,-0.010853350162506104,-0.035886846482753754,adaptive_HARQ,0,4096,4096,12290,0.008036499843001366,20.949330594416608,0.8291797637939453,0.535855770111084,1
kodak,19.png,15.0,120.0,1408665831,-0.5673248767852783,-0.2717019021511078,-0.010853350162506104,-0.035886846482753754,FlowHARQ,0,4096,4096,12290,0.008009180426597595,20.964119226694326,0.8290122747421265,0.5368961691856384,1
kodak,20.png,0.0,30.0,2071016350,-0.2782503068447113,-0.757426381111145,-1.407071590423584,-0.8247148990631104,SwinJSCC_author_one_shot,0,16,4096,4130,0.03054528497159481,15.150558187718207,0.5825347900390625,0.6221526265144348,1
kodak,20.png,0.0,30.0,2071016350,-0.2782503068447113,-0.757426381111145,-1.407071590423584,-0.8247148990631104,SwinJSCC_author_Chase_wrapper,1,16,8192,8228,0.0017021421808749437,27.690041658786868,0.9675143957138062,0.11461746692657471,0
kodak,20.png,0.0,30.0,2071016350,-0.2782503068447113,-0.757426381111145,-1.407071590423584,-0.8247148990631104,same_codec_direct,0,4096,4096,12290,0.007048075553029776,21.519294490784073,0.8384127616882324,0.39250513911247253,1
kodak,20.png,0.0,30.0,2071016350,-0.2782503068447113,-0.757426381111145,-1.407071590423584,-0.8247148990631104,same_codec_full_HARQ,1,4096,8192,16388,0.004843886010348797,23.148060855246506,0.9070011377334595,0.320394366979599,1
kodak,20.png,0.0,30.0,2071016350,-0.2782503068447113,-0.757426381111145,-1.407071590423584,-0.8247148990631104,adaptive_HARQ,1,4096,8192,16388,0.004843886010348797,23.148060855246506,0.9070011377334595,0.320394366979599,1
kodak,20.png,0.0,30.0,2071016350,-0.2782503068447113,-0.757426381111145,-1.407071590423584,-0.8247148990631104,FlowHARQ,1,4096,8192,16388,0.004843886010348797,23.148060855246506,0.9070011377334595,0.320394366979599,1
kodak,20.png,0.0,60.0,1503207189,-0.7490854263305664,1.7645601034164429,-0.9399300813674927,-0.4361308813095093,SwinJSCC_author_one_shot,0,16,4096,4130,0.0016416923608630896,27.847082226715756,0.9711825251579285,0.11323030292987823,0
kodak,20.png,0.0,60.0,1503207189,-0.7490854263305664,1.7645601034164429,-0.9399300813674927,-0.4361308813095093,SwinJSCC_author_Chase_wrapper,1,16,8192,8228,0.0015245096292346716,28.168698281629652,0.9745522737503052,0.10451880097389221,0
kodak,20.png,0.0,60.0,1503207189,-0.7490854263305664,1.7645601034164429,-0.9399300813674927,-0.4361308813095093,same_codec_direct,0,4096,4096,12290,0.004764743614941835,23.219604632547547,0.9068114757537842,0.31590548157691956,1
kodak,20.png,0.0,60.0,1503207189,-0.7490854263305664,1.7645601034164429,-0.9399300813674927,-0.4361308813095093,same_codec_full_HARQ,1,4096,8192,16388,0.004634946584701538,23.339552665039594,0.913402795791626,0.3071861267089844,1
kodak,20.png,0.0,60.0,1503207189,-0.7490854263305664,1.7645601034164429,-0.9399300813674927,-0.4361308813095093,adaptive_HARQ,1,4096,8192,16388,0.004634946584701538,23.339552665039594,0.913402795791626,0.3071861267089844,1
kodak,20.png,0.0,60.0,1503207189,-0.7490854263305664,1.7645601034164429,-0.9399300813674927,-0.4361308813095093,FlowHARQ,1,4096,8192,16388,0.004634946584701538,23.339552665039594,0.913402795791626,0.3071861267089844,1
kodak,20.png,0.0,90.0,141243965,0.4715130925178528,-0.7274085879325867,0.4626297354698181,0.31872299313545227,SwinJSCC_author_one_shot,0,16,4096,4130,0.02502182498574257,16.016810178906766,0.6364248991012573,0.5834716558456421,1
kodak,20.png,0.0,90.0,141243965,0.4715130925178528,-0.7274085879325867,0.4626297354698181,0.31872299313545227,SwinJSCC_author_Chase_wrapper,1,16,8192,8228,0.025848612189292908,15.87562769193315,0.6873621940612793,0.5286620259284973,1
kodak,20.png,0.0,90.0,141243965,0.4715130925178528,-0.7274085879325867,0.4626297354698181,0.31872299313545227,same_codec_direct,0,4096,4096,12290,0.006538542918860912,21.845190212172536,0.8528504371643066,0.39765074849128723,1
kodak,20.png,0.0,90.0,141243965,0.4715130925178528,-0.7274085879325867,0.4626297354698181,0.31872299313545227,same_codec_full_HARQ,1,4096,8192,16388,0.006043171044439077,22.187351134125084,0.870572030544281,0.36738768219947815,1
kodak,20.png,0.0,90.0,141243965,0.4715130925178528,-0.7274085879325867,0.4626297354698181,0.31872299313545227,adaptive_HARQ,1,4096,8192,16388,0.006043171044439077,22.187351134125084,0.870572030544281,0.36738768219947815,1
kodak,20.png,0.0,90.0,141243965,0.4715130925178528,-0.7274085879325867,0.4626297354698181,0.31872299313545227,FlowHARQ,1,4096,8192,16388,0.006043171044439077,22.187351134125084,0.870572030544281,0.36738768219947815,1
kodak,20.png,0.0,120.0,2580752216,-1.4551786184310913,0.14581303298473358,0.7005707025527954,-0.9010011553764343,SwinJSCC_author_one_shot,0,16,4096,4130,0.004008582793176174,23.97009142065788,0.9238964915275574,0.24176087975502014,1
kodak,20.png,0.0,120.0,2580752216,-1.4551786184310913,0.14581303298473358,0.7005707025527954,-0.9010011553764343,SwinJSCC_author_Chase_wrapper,1,16,8192,8228,0.0017093420028686523,27.671710355245402,0.9685751795768738,0.11184202134609222,0
kodak,20.png,0.0,120.0,2580752216,-1.4551786184310913,0.14581303298473358,0.7005707025527954,-0.9010011553764343,same_codec_direct,0,4096,4096,12290,0.005274209193885326,22.778426485379825,0.8903452157974243,0.3402278423309326,1
kodak,20.png,0.0,120.0,2580752216,-1.4551786184310913,0.14581303298473358,0.7005707025527954,-0.9010011553764343,same_codec_full_HARQ,1,4096,8192,16388,0.004929875023663044,23.071640903011634,0.9043835401535034,0.32964181900024414,1
kodak,20.png,0.0,120.0,2580752216,-1.4551786184310913,0.14581303298473358,0.7005707025527954,-0.9010011553764343,adaptive_HARQ,1,4096,8192,16388,0.004929875023663044,23.071640903011634,0.9043835401535034,0.32964181900024414,1
kodak,20.png,0.0,120.0,2580752216,-1.4551786184310913,0.14581303298473358,0.7005707025527954,-0.9010011553764343,FlowHARQ,1,4096,8192,16388,0.004929875023663044,23.071640903011634,0.9043835401535034,0.32964181900024414,1
kodak,20.png,3.0,30.0,758839525,0.5717132091522217,-0.2344149500131607,0.36056438088417053,-0.19761064648628235,SwinJSCC_author_one_shot,0,16,4096,4130,0.030234819278120995,15.194926229485432,0.5758546590805054,0.6309760212898254,1
kodak,20.png,3.0,30.0,758839525,0.5717132091522217,-0.2344149500131607,0.36056438088417053,-0.19761064648628235,SwinJSCC_author_Chase_wrapper,1,16,8192,8228,0.021744554862380028,16.626494784466004,0.6876988410949707,0.5130996108055115,1
kodak,20.png,3.0,30.0,758839525,0.5717132091522217,-0.2344149500131607,0.36056438088417053,-0.19761064648628235,same_codec_direct,0,4096,4096,12290,0.006619454361498356,21.791778077743,0.8469856977462769,0.4072532057762146,1
kodak,20.png,3.0,30.0,758839525,0.5717132091522217,-0.2344149500131607,0.36056438088417053,-0.19761064648628235,same_codec_full_HARQ,1,4096,8192,16388,0.006033443845808506,22.194347249578932,0.8683339357376099,0.3812892436981201,1
kodak,20.png,3.0,30.0,758839525,0.5717132091522217,-0.2344149500131607,0.36056438088417053,-0.19761064648628235,adaptive_HARQ,1,4096,8192,16388,0.006033443845808506,22.194347249578932,0.8683339357376099,0.3812892436981201,1
kodak,20.png,3.0,30.0,758839525,0.5717132091522217,-0.2344149500131607,0.36056438088417053,-0.19761064648628235,FlowHARQ,1,4096,8192,16388,0.006033443845808506,22.194347249578932,0.8683339357376099,0.3812892436981201,1
kodak,20.png,3.0,60.0,4109301298,0.09507593512535095,-0.31638720631599426,1.306673526763916,0.2646165192127228,SwinJSCC_author_one_shot,0,16,4096,4130,0.20282062888145447,6.928878750105076,0.11533670127391815,0.8249208331108093,1
kodak,20.png,3.0,60.0,4109301298,0.09507593512535095,-0.31638720631599426,1.306673526763916,0.2646165192127228,SwinJSCC_author_Chase_wrapper,1,16,8192,8228,0.001978183165192604,27.03733498406408,0.9712343215942383,0.11320355534553528,0
kodak,20.png,3.0,60.0,4109301298,0.09507593512535095,-0.31638720631599426,1.306673526763916,0.2646165192127228,same_codec_direct,0,4096,4096,12290,0.010330315679311752,19.85886406874535,0.7729463577270508,0.4514833390712738,1
kodak,20.png,3.0,60.0,4109301298,0.09507593512535095,-0.31638720631599426,1.306673526763916,0.2646165192127228,same_codec_full_HARQ,1,4096,8192,16388,0.004878823645412922,23.11684880024289,0.9097120761871338,0.3230213522911072,1
kodak,20.png,3.0,60.0,4109301298,0.09507593512535095,-0.31638720631599426,1.306673526763916,0.2646165192127228,adaptive_HARQ,1,4096,8192,16388,0.004878823645412922,23.11684880024289,0.9097120761871338,0.3230213522911072,1
kodak,20.png,3.0,60.0,4109301298,0.09507593512535095,-0.31638720631599426,1.306673526763916,0.2646165192127228,FlowHARQ,1,4096,8192,16388,0.004878823645412922,23.11684880024289,0.9097120761871338,0.3230213522911072,1
kodak,20.png,3.0,90.0,3139661476,0.702146053314209,1.7674978971481323,-0.4953768253326416,-0.07126355171203613,SwinJSCC_author_one_shot,0,16,4096,4130,0.0014307694509625435,28.444303412516337,0.9772229194641113,0.10246575623750687,0
kodak,20.png,3.0,90.0,3139661476,0.702146053314209,1.7674978971481323,-0.4953768253326416,-0.07126355171203613,SwinJSCC_author_Chase_wrapper,1,16,8192,8228,0.0014240791788324714,28.46465863245475,0.9775161147117615,0.10305437445640564,0
kodak,20.png,3.0,90.0,3139661476,0.702146053314209,1.7674978971481323,-0.4953768253326416,-0.07126355171203613,same_codec_direct,0,4096,4096,12290,0.004692371468991041,23.286076145132093,0.9209298491477966,0.3113471567630768,1
kodak,20.png,3.0,90.0,3139661476,0.702146053314209,1.7674978971481323,-0.4953768253326416,-0.07126355171203613,same_codec_full_HARQ,1,4096,8192,16388,0.00465778261423111,23.318207845095724,0.9219042658805847,0.30931252241134644,1
kodak,20.png,3.0,90.0,3139661476,0.702146053314209,1.7674978971481323,-0.4953768253326416,-0.07126355171203613,adaptive_HARQ,0,4096,4096,12290,0.004692371468991041,23.286076145132093,0.9209298491477966,0.3113471567630768,1
kodak,20.png,3.0,90.0,3139661476,0.702146053314209,1.7674978971481323,-0.4953768253326416,-0.07126355171203613,FlowHARQ,0,4096,4096,12290,0.004647476598620415,23.32782788348019,0.9207320213317871,0.31163206696510315,1
kodak,20.png,3.0,120.0,1320082608,0.5052459836006165,-0.041831132024526596,0.8334429264068604,-0.22895558178424835,SwinJSCC_author_one_shot,0,16,4096,4130,0.047943636775016785,13.192690255502551,0.4378282427787781,0.7011903524398804,1
kodak,20.png,3.0,120.0,1320082608,0.5052459836006165,-0.041831132024526596,0.8334429264068604,-0.22895558178424835,SwinJSCC_author_Chase_wrapper,1,16,8192,8228,0.0034997041802853346,24.559686637352335,0.9137236475944519,0.2582052946090698,0
kodak,20.png,3.0,120.0,1320082608,0.5052459836006165,-0.041831132024526596,0.8334429264068604,-0.22895558178424835,same_codec_direct,0,4096,4096,12290,0.007523026317358017,21.23607418911455,0.8295630216598511,0.40825286507606506,1
kodak,20.png,3.0,120.0,1320082608,0.5052459836006165,-0.041831132024526596,0.8334429264068604,-0.22895558178424835,same_codec_full_HARQ,1,4096,8192,16388,0.005664866417646408,22.468103267119783,0.8897560834884644,0.33531177043914795,1
kodak,20.png,3.0,120.0,1320082608,0.5052459836006165,-0.041831132024526596,0.8334429264068604,-0.22895558178424835,adaptive_HARQ,1,4096,8192,16388,0.005664866417646408,22.468103267119783,0.8897560834884644,0.33531177043914795,1
kodak,20.png,3.0,120.0,1320082608,0.5052459836006165,-0.041831132024526596,0.8334429264068604,-0.22895558178424835,FlowHARQ,1,4096,8192,16388,0.005664866417646408,22.468103267119783,0.8897560834884644,0.33531177043914795,1
kodak,20.png,6.0,30.0,3026328539,0.990854024887085,-0.6305870413780212,0.9120726585388184,-0.04424974322319031,SwinJSCC_author_one_shot,0,16,4096,4130,0.0014472417533397675,28.394589164471064,0.9758176803588867,0.1029294952750206,0
kodak,20.png,6.0,30.0,3026328539,0.990854024887085,-0.6305870413780212,0.9120726585388184,-0.04424974322319031,SwinJSCC_author_Chase_wrapper,1,16,8192,8228,0.0013240843545645475,28.780843460481904,0.979041337966919,0.1000489741563797,0
kodak,20.png,6.0,30.0,3026328539,0.990854024887085,-0.6305870413780212,0.9120726585388184,-0.04424974322319031,same_codec_direct,0,4096,4096,12290,0.004707142245024443,23.272426775600298,0.9157291650772095,0.30726033449172974,1
kodak,20.png,6.0,30.0,3026328539,0.990854024887085,-0.6305870413780212,0.9120726585388184,-0.04424974322319031,same_codec_full_HARQ,1,4096,8192,16388,0.004615349695086479,23.357953878357275,0.9218145608901978,0.3007725179195404,1
kodak,20.png,6.0,30.0,3026328539,0.990854024887085,-0.6305870413780212,0.9120726585388184,-0.04424974322319031,adaptive_HARQ,0,4096,4096,12290,0.004707142245024443,23.272426775600298,0.9157291650772095,0.30726033449172974,1
kodak,20.png,6.0,30.0,3026328539,0.990854024887085,-0.6305870413780212,0.9120726585388184,-0.04424974322319031,FlowHARQ,0,4096,4096,12290,0.0046625686809420586,23.3137475785683,0.9157156944274902,0.3074624538421631,1
kodak,20.png,6.0,60.0,2450680534,0.0149064427241683,-0.3023751676082611,0.4353032112121582,-0.2933107614517212,SwinJSCC_author_one_shot,0,16,4096,4130,0.12030218541622162,9.19726483170672,0.19450533390045166,0.8328522443771362,1
kodak,20.png,6.0,60.0,2450680534,0.0149064427241683,-0.3023751676082611,0.4353032112121582,-0.2933107614517212,SwinJSCC_author_Chase_wrapper,1,16,8192,8228,0.014302147552371025,18.445987457434804,0.825935959815979,0.35214969515800476,1
kodak,20.png,6.0,60.0,2450680534,0.0149064427241683,-0.3023751676082611,0.4353032112121582,-0.2933107614517212,same_codec_direct,0,4096,4096,12290,0.007884363643825054,21.032333533341795,0.8047468662261963,0.4228168725967407,1
kodak,20.png,6.0,60.0,2450680534,0.0149064427241683,-0.3023751676082611,0.4353032112121582,-0.2933107614517212,same_codec_full_HARQ,1,4096,8192,16388,0.005651409737765789,22.478432043991795,0.8800740242004395,0.3538650870323181,1
kodak,20.png,6.0,60.0,2450680534,0.0149064427241683,-0.3023751676082611,0.4353032112121582,-0.2933107614517212,adaptive_HARQ,1,4096,8192,16388,0.005651409737765789,22.478432043991795,0.8800740242004395,0.3538650870323181,1
kodak,20.png,6.0,60.0,2450680534,0.0149064427241683,-0.3023751676082611,0.4353032112121582,-0.2933107614517212,FlowHARQ,1,4096,8192,16388,0.005651409737765789,22.478432043991795,0.8800740242004395,0.3538650870323181,1
kodak,20.png,6.0,90.0,4192352250,-0.9454055428504944,-1.3697307109832764,0.7255198955535889,0.7907553911209106,SwinJSCC_author_one_shot,0,16,4096,4130,0.001291058724746108,28.890540030835822,0.9793380498886108,0.10207365453243256,0
kodak,20.png,6.0,90.0,4192352250,-0.9454055428504944,-1.3697307109832764,0.7255198955535889,0.7907553911209106,SwinJSCC_author_Chase_wrapper,1,16,8192,8228,0.001255046809092164,29.013400761340794,0.9799811244010925,0.1008225753903389,0
kodak,20.png,6.0,90.0,4192352250,-0.9454055428504944,-1.3697307109832764,0.7255198955535889,0.7907553911209106,same_codec_direct,0,4096,4096,12290,0.004644645377993584,23.330474390997903,0.924289882183075,0.3078896999359131,1
kodak,20.png,6.0,90.0,4192352250,-0.9454055428504944,-1.3697307109832764,0.7255198955535889,0.7907553911209106,same_codec_full_HARQ,1,4096,8192,16388,0.0045601981692016125,23.410162841073394,0.9261002540588379,0.3049733638763428,1
kodak,20.png,6.0,90.0,4192352250,-0.9454055428504944,-1.3697307109832764,0.7255198955535889,0.7907553911209106,adaptive_HARQ,0,4096,4096,12290,0.004644645377993584,23.330474390997903,0.924289882183075,0.3078896999359131,1
kodak,20.png,6.0,90.0,4192352250,-0.9454055428504944,-1.3697307109832764,0.7255198955535889,0.7907553911209106,FlowHARQ,0,4096,4096,12290,0.00459679588675499,23.375447799616843,0.9242649078369141,0.30771350860595703,1
kodak,20.png,6.0,120.0,402334192,-0.6052950620651245,0.4954656958580017,-0.06059795618057251,0.24661721289157867,SwinJSCC_author_one_shot,0,16,4096,4130,0.002929406240582466,25.33220397587951,0.9325460195541382,0.18644309043884277,0
kodak,20.png,6.0,120.0,402334192,-0.6052950620651245,0.4954656958580017,-0.06059795618057251,0.24661721289157867,SwinJSCC_author_Chase_wrapper,1,16,8192,8228,0.0024676283355802298,26.07720251430376,0.9469501376152039,0.16006068885326385,0
kodak,20.png,6.0,120.0,402334192,-0.6052950620651245,0.4954656958580017,-0.06059795618057251,0.24661721289157867,same_codec_direct,0,4096,4096,12290,0.005079782567918301,22.941548766086388,0.8978170156478882,0.3359074890613556,1
kodak,20.png,6.0,120.0,402334192,-0.6052950620651245,0.4954656958580017,-0.06059795618057251,0.24661721289157867,same_codec_full_HARQ,1,4096,8192,16388,0.005047934129834175,22.968863208075405,0.9019419550895691,0.3278517425060272,1
kodak,20.png,6.0,120.0,402334192,-0.6052950620651245,0.4954656958580017,-0.06059795618057251,0.24661721289157867,adaptive_HARQ,1,4096,8192,16388,0.005047934129834175,22.968863208075405,0.9019419550895691,0.3278517425060272,1
kodak,20.png,6.0,120.0,402334192,-0.6052950620651245,0.4954656958580017,-0.06059795618057251,0.24661721289157867,FlowHARQ,0,4096,4096,12290,0.0050192526541650295,22.993609426825557,0.8990212678909302,0.3334803283214569,1
kodak,20.png,9.0,30.0,2410354077,-0.04242248088121414,-0.698819100856781,-0.5381019115447998,-0.6813371181488037,SwinJSCC_author_one_shot,0,16,4096,4130,0.0017147387843579054,27.658020290627995,0.9708463549613953,0.1048370897769928,0
kodak,20.png,9.0,30.0,2410354077,-0.04242248088121414,-0.698819100856781,-0.5381019115447998,-0.6813371181488037,SwinJSCC_author_Chase_wrapper,1,16,8192,8228,0.0013573853066191077,28.672968562560737,0.9786538481712341,0.09918837994337082,0
kodak,20.png,9.0,30.0,2410354077,-0.04242248088121414,-0.698819100856781,-0.5381019115447998,-0.6813371181488037,same_codec_direct,0,4096,4096,12290,0.004709075205028057,23.270643737178442,0.9102612733840942,0.32177451252937317,1
kodak,20.png,9.0,30.0,2410354077,-0.04242248088121414,-0.698819100856781,-0.5381019115447998,-0.6813371181488037,same_codec_full_HARQ,1,4096,8192,16388,0.004489513114094734,23.47800755506141,0.9234341382980347,0.2997758686542511,1
kodak,20.png,9.0,30.0,2410354077,-0.04242248088121414,-0.698819100856781,-0.5381019115447998,-0.6813371181488037,adaptive_HARQ,1,4096,8192,16388,0.004489513114094734,23.47800755506141,0.9234341382980347,0.2997758686542511,1
kodak,20.png,9.0,30.0,2410354077,-0.04242248088121414,-0.698819100856781,-0.5381019115447998,-0.6813371181488037,FlowHARQ,0,4096,4096,12290,0.004644275642931461,23.330820123073718,0.9105257391929626,0.3207682967185974,1
kodak,20.png,9.0,60.0,520217276,-0.08367284387350082,-0.2860860228538513,-1.2489532232284546,0.2244560569524765,SwinJSCC_author_one_shot,0,16,4096,4130,0.03586416691541672,14.453392528876435,0.5883573293685913,0.6461853981018066,1
kodak,20.png,9.0,60.0,520217276,-0.08367284387350082,-0.2860860228538513,-1.2489532232284546,0.2244560569524765,SwinJSCC_author_Chase_wrapper,1,16,8192,8228,0.0012921954039484262,28.886718079819566,0.9794444441795349,0.09965132176876068,0
kodak,20.png,9.0,60.0,520217276,-0.08367284387350082,-0.2860860228538513,-1.2489532232284546,0.2244560569524765,same_codec_direct,0,4096,4096,12290,0.006951299495995045,21.57933999555972,0.8340510725975037,0.39710554480552673,1
kodak,20.png,9.0,60.0,520217276,-0.08367284387350082,-0.2860860228538513,-1.2489532232284546,0.2244560569524765,same_codec_full_HARQ,1,4096,8192,16388,0.004530692473053932,23.438354151521544,0.9260730147361755,0.30054229497909546,1
kodak,20.png,9.0,60.0,520217276,-0.08367284387350082,-0.2860860228538513,-1.2489532232284546,0.2244560569524765,adaptive_HARQ,1,4096,8192,16388,0.004530692473053932,23.438354151521544,0.9260730147361755,0.30054229497909546,1
kodak,20.png,9.0,60.0,520217276,-0.08367284387350082,-0.2860860228538513,-1.2489532232284546,0.2244560569524765,FlowHARQ,1,4096,8192,16388,0.004530692473053932,23.438354151521544,0.9260730147361755,0.30054229497909546,1
kodak,20.png,9.0,90.0,330144817,-0.9460206627845764,-0.226364865899086,1.2306668758392334,0.4948250651359558,SwinJSCC_author_one_shot,0,16,4096,4130,0.0013744207099080086,28.61880309471065,0.9774516820907593,0.10250216722488403,0
kodak,20.png,9.0,90.0,330144817,-0.9460206627845764,-0.226364865899086,1.2306668758392334,0.4948250651359558,SwinJSCC_author_Chase_wrapper,1,16,8192,8228,0.0012216692557558417,29.130463553392822,0.9808371067047119,0.0954630896449089,0
kodak,20.png,9.0,90.0,330144817,-0.9460206627845764,-0.226364865899086,1.2306668758392334,0.4948250651359558,same_codec_direct,0,4096,4096,12290,0.004591148346662521,23.380786743226135,0.9208618998527527,0.3078466057777405,1
kodak,20.png,9.0,90.0,330144817,-0.9460206627845764,-0.226364865899086,1.2306668758392334,0.4948250651359558,same_codec_full_HARQ,1,4096,8192,16388,0.004378604702651501,23.58664260838087,0.9280617237091064,0.29729849100112915,1
kodak,20.png,9.0,90.0,330144817,-0.9460206627845764,-0.226364865899086,1.2306668758392334,0.4948250651359558,adaptive_HARQ,0,4096,4096,12290,0.004591148346662521,23.380786743226135,0.9208618998527527,0.3078466057777405,1
kodak,20.png,9.0,90.0,330144817,-0.9460206627845764,-0.226364865899086,1.2306668758392334,0.4948250651359558,FlowHARQ,0,4096,4096,12290,0.004498324356973171,23.46949232456451,0.9207305312156677,0.3068273663520813,1
kodak,20.png,9.0,120.0,1509931685,0.3303539752960205,-0.4347195029258728,-1.2765682935714722,-0.37599819898605347,SwinJSCC_author_one_shot,0,16,4096,4130,0.0027626296505331993,25.586773313376426,0.9351901412010193,0.1867693066596985,0
kodak,20.png,9.0,120.0,1509931685,0.3303539752960205,-0.4347195029258728,-1.2765682935714722,-0.37599819898605347,SwinJSCC_author_Chase_wrapper,1,16,8192,8228,0.0012449086643755436,29.048625104259006,0.9801093935966492,0.09681899845600128,0
kodak,20.png,9.0,120.0,1509931685,0.3303539752960205,-0.4347195029258728,-1.2765682935714722,-0.37599819898605347,same_codec_direct,0,4096,4096,12290,0.0052342722192406654,22.811436947187186,0.8979898691177368,0.3432043492794037,1
kodak,20.png,9.0,120.0,1509931685,0.3303539752960205,-0.4347195029258728,-1.2765682935714722,-0.37599819898605347,same_codec_full_HARQ,1,4096,8192,16388,0.004465887323021889,23.500922386329542,0.928658127784729,0.3004663586616516,1
kodak,20.png,9.0,120.0,1509931685,0.3303539752960205,-0.4347195029258728,-1.2765682935714722,-0.37599819898605347,adaptive_HARQ,1,4096,8192,16388,0.004465887323021889,23.500922386329542,0.928658127784729,0.3004663586616516,1
kodak,20.png,9.0,120.0,1509931685,0.3303539752960205,-0.4347195029258728,-1.2765682935714722,-0.37599819898605347,FlowHARQ,1,4096,8192,16388,0.004465887323021889,23.500922386329542,0.928658127784729,0.3004663586616516,1
kodak,20.png,12.0,30.0,4158165397,0.5815401673316956,0.5386149287223816,0.7039511799812317,0.3432427942752838,SwinJSCC_author_one_shot,0,16,4096,4130,0.001294127432629466,28.880229566171813,0.9789709448814392,0.10266274213790894,0
kodak,20.png,12.0,30.0,4158165397,0.5815401673316956,0.5386149287223816,0.7039511799812317,0.3432427942752838,SwinJSCC_author_Chase_wrapper,1,16,8192,8228,0.0012278524227440357,29.10853828503823,0.9805423021316528,0.09675734490156174,0
kodak,20.png,12.0,30.0,4158165397,0.5815401673316956,0.5386149287223816,0.7039511799812317,0.3432427942752838,same_codec_direct,0,4096,4096,12290,0.0045203580521047115,23.44827163884489,0.9238618612289429,0.3016914129257202,1
kodak,20.png,12.0,30.0,4158165397,0.5815401673316956,0.5386149287223816,0.7039511799812317,0.3432427942752838,same_codec_full_HARQ,1,4096,8192,16388,0.004410021007061005,23.555593417727636,0.9288749098777771,0.2973121106624603,1
kodak,20.png,12.0,30.0,4158165397,0.5815401673316956,0.5386149287223816,0.7039511799812317,0.3432427942752838,adaptive_HARQ,0,4096,4096,12290,0.0045203580521047115,23.44827163884489,0.9238618612289429,0.3016914129257202,1
kodak,20.png,12.0,30.0,4158165397,0.5815401673316956,0.5386149287223816,0.7039511799812317,0.3432427942752838,FlowHARQ,0,4096,4096,12290,0.004469841718673706,23.497078553744775,0.9239089488983154,0.3014918267726898,1
kodak,20.png,12.0,60.0,2933935144,-0.4123055934906006,-0.47019028663635254,-0.38205546140670776,-1.219010829925537,SwinJSCC_author_one_shot,0,16,4096,4130,0.001438527600839734,28.420818009426533,0.9766403436660767,0.10289672017097473,0
kodak,20.png,12.0,60.0,2933935144,-0.4123055934906006,-0.47019028663635254,-0.38205546140670776,-1.219010829925537,SwinJSCC_author_Chase_wrapper,1,16,8192,8228,0.001214848249219358,29.154779678621004,0.9811705946922302,0.09638217091560364,0
kodak,20.png,12.0,60.0,2933935144,-0.4123055934906006,-0.47019028663635254,-0.38205546140670776,-1.219010829925537,same_codec_direct,0,4096,4096,12290,0.0046866475604474545,23.291377045356768,0.9175464510917664,0.3052682876586914,1
kodak,20.png,12.0,60.0,2933935144,-0.4123055934906006,-0.47019028663635254,-0.38205546140670776,-1.219010829925537,same_codec_full_HARQ,1,4096,8192,16388,0.0043816938996315,23.583579650556153,0.9298548698425293,0.2963681221008301,1
kodak,20.png,12.0,60.0,2933935144,-0.4123055934906006,-0.47019028663635254,-0.38205546140670776,-1.219010829925537,adaptive_HARQ,0,4096,4096,12290,0.0046866475604474545,23.291377045356768,0.9175464510917664,0.3052682876586914,1
kodak,20.png,12.0,60.0,2933935144,-0.4123055934906006,-0.47019028663635254,-0.38205546140670776,-1.219010829925537,FlowHARQ,0,4096,4096,12290,0.004651928320527077,23.323669857405346,0.9174784421920776,0.30613967776298523,1
kodak,20.png,12.0,90.0,3763640404,-1.1521053314208984,-0.6441842913627625,0.6584721803665161,-0.3379955291748047,SwinJSCC_author_one_shot,0,16,4096,4130,0.0012117805890738964,29.165760085366447,0.9809898138046265,0.09794266521930695,0
kodak,20.png,12.0,90.0,3763640404,-1.1521053314208984,-0.6441842913627625,0.6584721803665161,-0.3379955291748047,SwinJSCC_author_Chase_wrapper,1,16,8192,8228,0.0011953463545069098,29.225062386013917,0.9812173843383789,0.09633076936006546,0
kodak,20.png,12.0,90.0,3763640404,-1.1521053314208984,-0.6441842913627625,0.6584721803665161,-0.3379955291748047,same_codec_direct,0,4096,4096,12290,0.0043621729128062725,23.602971233540075,0.9300093650817871,0.3021506369113922,1
kodak,20.png,12.0,90.0,3763640404,-1.1521053314208984,-0.6441842913627625,0.6584721803665161,-0.3379955291748047,same_codec_full_HARQ,1,4096,8192,16388,0.004364426713436842,23.600727946943113,0.9302769899368286,0.3026205003261566,1
kodak,20.png,12.0,90.0,3763640404,-1.1521053314208984,-0.6441842913627625,0.6584721803665161,-0.3379955291748047,adaptive_HARQ,0,4096,4096,12290,0.0043621729128062725,23.602971233540075,0.9300093650817871,0.3021506369113922,1
kodak,20.png,12.0,90.0,3763640404,-1.1521053314208984,-0.6441842913627625,0.6584721803665161,-0.3379955291748047,FlowHARQ,0,4096,4096,12290,0.004268762655556202,23.696979914241545,0.9297478199005127,0.3014800548553467,1
kodak,20.png,12.0,120.0,985997487,-0.37497296929359436,0.2723200023174286,0.9823144674301147,-0.4030444324016571,SwinJSCC_author_one_shot,0,16,4096,4130,0.001750243827700615,27.56901445228818,0.9673765897750854,0.11244382709264755,0
kodak,20.png,12.0,120.0,985997487,-0.37497296929359436,0.2723200023174286,0.9823144674301147,-0.4030444324016571,SwinJSCC_author_Chase_wrapper,1,16,8192,8228,0.0012083268957212567,29.178155576003874,0.9807626605033875,0.0950642004609108,0
kodak,20.png,12.0,120.0,985997487,-0.37497296929359436,0.2723200023174286,0.9823144674301147,-0.4030444324016571,same_codec_direct,0,4096,4096,12290,0.0049973176792263985,23.012630416021018,0.9080445766448975,0.30848658084869385,1
kodak,20.png,12.0,120.0,985997487,-0.37497296929359436,0.2723200023174286,0.9823144674301147,-0.4030444324016571,same_codec_full_HARQ,1,4096,8192,16388,0.004404264967888594,23.561265610376374,0.9278613328933716,0.302736759185791,1
kodak,20.png,12.0,120.0,985997487,-0.37497296929359436,0.2723200023174286,0.9823144674301147,-0.4030444324016571,adaptive_HARQ,1,4096,8192,16388,0.004404264967888594,23.561265610376374,0.9278613328933716,0.302736759185791,1
kodak,20.png,12.0,120.0,985997487,-0.37497296929359436,0.2723200023174286,0.9823144674301147,-0.4030444324016571,FlowHARQ,1,4096,8192,16388,0.004404264967888594,23.561265610376374,0.9278613328933716,0.302736759185791,1
kodak,20.png,15.0,30.0,54165583,-0.0466952882707119,-1.1000430583953857,-0.4113748371601105,-0.6797670722007751,SwinJSCC_author_one_shot,0,16,4096,4130,0.0011974226217716932,29.2175254139844,0.9813680648803711,0.09646184742450714,0
kodak,20.png,15.0,30.0,54165583,-0.0466952882707119,-1.1000430583953857,-0.4113748371601105,-0.6797670722007751,SwinJSCC_author_Chase_wrapper,1,16,8192,8228,0.001187086571007967,29.25517607970359,0.9815376996994019,0.09583312273025513,0
kodak,20.png,15.0,30.0,54165583,-0.0466952882707119,-1.1000430583953857,-0.4113748371601105,-0.6797670722007751,same_codec_direct,0,4096,4096,12290,0.004383138380944729,23.582148179310277,0.9307700991630554,0.2997763454914093,1
kodak,20.png,15.0,30.0,54165583,-0.0466952882707119,-1.1000430583953857,-0.4113748371601105,-0.6797670722007751,same_codec_full_HARQ,1,4096,8192,16388,0.004372619092464447,23.592583532624815,0.931778073310852,0.2992210388183594,1
kodak,20.png,15.0,30.0,54165583,-0.0466952882707119,-1.1000430583953857,-0.4113748371601105,-0.6797670722007751,adaptive_HARQ,0,4096,4096,12290,0.004383138380944729,23.582148179310277,0.9307700991630554,0.2997763454914093,1
kodak,20.png,15.0,30.0,54165583,-0.0466952882707119,-1.1000430583953857,-0.4113748371601105,-0.6797670722007751,FlowHARQ,0,4096,4096,12290,0.00430590845644474,23.659352075091675,0.9305664896965027,0.2992434799671173,1
kodak,20.png,15.0,60.0,4070340120,0.5755741000175476,0.42788273096084595,-0.021790318191051483,0.21294525265693665,SwinJSCC_author_one_shot,0,16,4096,4130,0.001277389470487833,28.936766680495527,0.9800781011581421,0.09879162162542343,0
kodak,20.png,15.0,60.0,4070340120,0.5755741000175476,0.42788273096084595,-0.021790318191051483,0.21294525265693665,SwinJSCC_author_Chase_wrapper,1,16,8192,8228,0.0012620839988812804,28.989117393576414,0.980290412902832,0.09771214425563812,0
kodak,20.png,15.0,60.0,4070340120,0.5755741000175476,0.42788273096084595,-0.021790318191051483,0.21294525265693665,same_codec_direct,0,4096,4096,12290,0.004537399858236313,23.43192946858377,0.9270658493041992,0.30032381415367126,1
kodak,20.png,15.0,60.0,4070340120,0.5755741000175476,0.42788273096084595,-0.021790318191051483,0.21294525265693665,same_codec_full_HARQ,1,4096,8192,16388,0.0045253681018948555,23.443460886975195,0.9280330538749695,0.29917702078819275,1
kodak,20.png,15.0,60.0,4070340120,0.5755741000175476,0.42788273096084595,-0.021790318191051483,0.21294525265693665,adaptive_HARQ,0,4096,4096,12290,0.004537399858236313,23.43192946858377,0.9270658493041992,0.30032381415367126,1
kodak,20.png,15.0,60.0,4070340120,0.5755741000175476,0.42788273096084595,-0.021790318191051483,0.21294525265693665,FlowHARQ,0,4096,4096,12290,0.004446888342499733,23.51943775171039,0.9269629716873169,0.30017125606536865,1
kodak,20.png,15.0,90.0,221594827,-0.3750176727771759,0.6378544569015503,0.605170488357544,-0.26178261637687683,SwinJSCC_author_one_shot,0,16,4096,4130,0.001259614247828722,28.997624355883698,0.9801546931266785,0.09749262779951096,0
kodak,20.png,15.0,90.0,221594827,-0.3750176727771759,0.6378544569015503,0.605170488357544,-0.26178261637687683,SwinJSCC_author_Chase_wrapper,1,16,8192,8228,0.0012277888599783182,29.108763113954453,0.9809350371360779,0.09656280279159546,0
kodak,20.png,15.0,90.0,221594827,-0.3750176727771759,0.6378544569015503,0.605170488357544,-0.26178261637687683,same_codec_direct,0,4096,4096,12290,0.004423523787409067,23.542316329765107,0.9274286031723022,0.30081093311309814,1
kodak,20.png,15.0,90.0,221594827,-0.3750176727771759,0.6378544569015503,0.605170488357544,-0.26178261637687683,same_codec_full_HARQ,1,4096,8192,16388,0.004377009347081184,23.5882252595224,0.9290866255760193,0.300146222114563,1
kodak,20.png,15.0,90.0,221594827,-0.3750176727771759,0.6378544569015503,0.605170488357544,-0.26178261637687683,adaptive_HARQ,0,4096,4096,12290,0.004423523787409067,23.542316329765107,0.9274286031723022,0.30081093311309814,1
kodak,20.png,15.0,90.0,221594827,-0.3750176727771759,0.6378544569015503,0.605170488357544,-0.26178261637687683,FlowHARQ,0,4096,4096,12290,0.004341443069279194,23.62365889645335,0.9274156093597412,0.30013346672058105,1
kodak,20.png,15.0,120.0,985354746,-0.5578728914260864,-0.029748525470495224,-1.2957926988601685,-0.8130082488059998,SwinJSCC_author_one_shot,0,16,4096,4130,0.0013502076035365462,28.69599450661621,0.9786030054092407,0.1009574830532074,0
kodak,20.png,15.0,120.0,985354746,-0.5578728914260864,-0.029748525470495224,-1.2957926988601685,-0.8130082488059998,SwinJSCC_author_Chase_wrapper,1,16,8192,8228,0.001177679281681776,29.289729652026416,0.981782078742981,0.09655620157718658,0
kodak,20.png,15.0,120.0,985354746,-0.5578728914260864,-0.029748525470495224,-1.2957926988601685,-0.8130082488059998,same_codec_direct,0,4096,4096,12290,0.004483001306653023,23.48431134551091,0.9239118099212646,0.30323925614356995,1
kodak,20.png,15.0,120.0,985354746,-0.5578728914260864,-0.029748525470495224,-1.2957926988601685,-0.8130082488059998,same_codec_full_HARQ,1,4096,8192,16388,0.004343854263424873,23.621247537811136,0.9323350191116333,0.2983779013156891,1
kodak,20.png,15.0,120.0,985354746,-0.5578728914260864,-0.029748525470495224,-1.2957926988601685,-0.8130082488059998,adaptive_HARQ,0,4096,4096,12290,0.004483001306653023,23.48431134551091,0.9239118099212646,0.30323925614356995,1
kodak,20.png,15.0,120.0,985354746,-0.5578728914260864,-0.029748525470495224,-1.2957926988601685,-0.8130082488059998,FlowHARQ,0,4096,4096,12290,0.004418551921844482,23.54720037301023,0.9241153001785278,0.3038886785507202,1
kodak,21.png,0.0,30.0,2931799966,0.2593387961387634,-0.5184542536735535,-0.34472939372062683,-0.36512038111686707,SwinJSCC_author_one_shot,0,16,4096,4130,0.0606679692864418,12.170405417701875,0.28057050704956055,0.7583019733428955,1
kodak,21.png,0.0,30.0,2931799966,0.2593387961387634,-0.5184542536735535,-0.34472939372062683,-0.36512038111686707,SwinJSCC_author_Chase_wrapper,1,16,8192,8228,0.03614477813243866,14.419544367394861,0.38458797335624695,0.7815974354743958,1
kodak,21.png,0.0,30.0,2931799966,0.2593387961387634,-0.5184542536735535,-0.34472939372062683,-0.36512038111686707,same_codec_direct,0,4096,4096,12290,0.011915668845176697,19.238815750030554,0.6907325983047485,0.6150153875350952,1
kodak,21.png,0.0,30.0,2931799966,0.2593387961387634,-0.5184542536735535,-0.34472939372062683,-0.36512038111686707,same_codec_full_HARQ,1,4096,8192,16388,0.01100793294608593,19.582942245694618,0.7289654612541199,0.5635603666305542,1
kodak,21.png,0.0,30.0,2931799966,0.2593387961387634,-0.5184542536735535,-0.34472939372062683,-0.36512038111686707,adaptive_HARQ,1,4096,8192,16388,0.01100793294608593,19.582942245694618,0.7289654612541199,0.5635603666305542,1
kodak,21.png,0.0,30.0,2931799966,0.2593387961387634,-0.5184542536735535,-0.34472939372062683,-0.36512038111686707,FlowHARQ,1,4096,8192,16388,0.01100793294608593,19.582942245694618,0.7289654612541199,0.5635603666305542,1
kodak,21.png,0.0,60.0,1918883961,-0.4683001637458801,-0.4773896038532257,-0.6294139623641968,1.1185088157653809,SwinJSCC_author_one_shot,0,16,4096,4130,0.04955974221229553,13.048709612965537,0.2989864945411682,0.7782880067825317,1
kodak,21.png,0.0,60.0,1918883961,-0.4683001637458801,-0.4773896038532257,-0.6294139623641968,1.1185088157653809,SwinJSCC_author_Chase_wrapper,1,16,8192,8228,0.008966049179434776,20.473988833267324,0.8030998706817627,0.4275195300579071,1
kodak,21.png,0.0,60.0,1918883961,-0.4683001637458801,-0.4773896038532257,-0.6294139623641968,1.1185088157653809,same_codec_direct,0,4096,4096,12290,0.011286373250186443,19.474455913319787,0.7015928030014038,0.5764752626419067,1
kodak,21.png,0.0,60.0,1918883961,-0.4683001637458801,-0.4773896038532257,-0.6294139623641968,1.1185088157653809,same_codec_full_HARQ,1,4096,8192,16388,0.007838970981538296,21.05740943230154,0.8161273002624512,0.5143986940383911,1
kodak,21.png,0.0,60.0,1918883961,-0.4683001637458801,-0.4773896038532257,-0.6294139623641968,1.1185088157653809,adaptive_HARQ,1,4096,8192,16388,0.007838970981538296,21.05740943230154,0.8161273002624512,0.5143986940383911,1
kodak,21.png,0.0,60.0,1918883961,-0.4683001637458801,-0.4773896038532257,-0.6294139623641968,1.1185088157653809,FlowHARQ,1,4096,8192,16388,0.007838970981538296,21.05740943230154,0.8161273002624512,0.5143986940383911,1
kodak,21.png,0.0,90.0,3383251130,0.8616361021995544,-0.5780697464942932,0.6547727584838867,-0.8844687342643738,SwinJSCC_author_one_shot,0,16,4096,4130,0.025431469082832336,15.946285514979323,0.5017768144607544,0.6733512878417969,1
kodak,21.png,0.0,90.0,3383251130,0.8616361021995544,-0.5780697464942932,0.6547727584838867,-0.8844687342643738,SwinJSCC_author_Chase_wrapper,1,16,8192,8228,0.0070984624326229095,21.488357117516557,0.8348342180252075,0.41574275493621826,1
kodak,21.png,0.0,90.0,3383251130,0.8616361021995544,-0.5780697464942932,0.6547727584838867,-0.8844687342643738,same_codec_direct,0,4096,4096,12290,0.00887790322303772,20.516895934771053,0.786344051361084,0.5519659519195557,1
kodak,21.png,0.0,90.0,3383251130,0.8616361021995544,-0.5780697464942932,0.6547727584838867,-0.8844687342643738,same_codec_full_HARQ,1,4096,8192,16388,0.007979461923241615,20.980263933166636,0.8211480975151062,0.5367209911346436,1
kodak,21.png,0.0,90.0,3383251130,0.8616361021995544,-0.5780697464942932,0.6547727584838867,-0.8844687342643738,adaptive_HARQ,1,4096,8192,16388,0.007979461923241615,20.980263933166636,0.8211480975151062,0.5367209911346436,1
kodak,21.png,0.0,90.0,3383251130,0.8616361021995544,-0.5780697464942932,0.6547727584838867,-0.8844687342643738,FlowHARQ,1,4096,8192,16388,0.007979461923241615,20.980263933166636,0.8211480975151062,0.5367209911346436,1
kodak,21.png,0.0,120.0,379907689,-0.5924562811851501,-0.1471172422170639,-0.39597979187965393,0.30129575729370117,SwinJSCC_author_one_shot,0,16,4096,4130,0.059996142983436584,12.218766685305653,0.27975064516067505,0.7503274083137512,1
kodak,21.png,0.0,120.0,379907689,-0.5924562811851501,-0.1471172422170639,-0.39597979187965393,0.30129575729370117,SwinJSCC_author_Chase_wrapper,1,16,8192,8228,0.0399416983127594,13.985734729610822,0.38962194323539734,0.7548474073410034,1
kodak,21.png,0.0,120.0,379907689,-0.5924562811851501,-0.1471172422170639,-0.39597979187965393,0.30129575729370117,same_codec_direct,0,4096,4096,12290,0.012022426351904869,19.2000787468745,0.7106248736381531,0.5951516628265381,1
kodak,21.png,0.0,120.0,379907689,-0.5924562811851501,-0.1471172422170639,-0.39597979187965393,0.30129575729370117,same_codec_full_HARQ,1,4096,8192,16388,0.010425640270113945,19.81897264197005,0.747803807258606,0.5627448558807373,1
kodak,21.png,0.0,120.0,379907689,-0.5924562811851501,-0.1471172422170639,-0.39597979187965393,0.30129575729370117,adaptive_HARQ,1,4096,8192,16388,0.010425640270113945,19.81897264197005,0.747803807258606,0.5627448558807373,1
kodak,21.png,0.0,120.0,379907689,-0.5924562811851501,-0.1471172422170639,-0.39597979187965393,0.30129575729370117,FlowHARQ,1,4096,8192,16388,0.010425640270113945,19.81897264197005,0.747803807258606,0.5627448558807373,1
kodak,21.png,3.0,30.0,3820417567,-0.28489983081817627,1.1869639158248901,-0.15896886587142944,1.5540536642074585,SwinJSCC_author_one_shot,0,16,4096,4130,0.004750311840325594,23.232778796199153,0.8916853666305542,0.33939146995544434,1
kodak,21.png,3.0,30.0,3820417567,-0.28489983081817627,1.1869639158248901,-0.15896886587142944,1.5540536642074585,SwinJSCC_author_Chase_wrapper,1,16,8192,8228,0.0026808995753526688,25.71719454083904,0.952816367149353,0.2502578794956207,0
kodak,21.png,3.0,30.0,3820417567,-0.28489983081817627,1.1869639158248901,-0.15896886587142944,1.5540536642074585,same_codec_direct,0,4096,4096,12290,0.0076082549057900906,21.187149452920522,0.8341790437698364,0.50945645570755,1
kodak,21.png,3.0,30.0,3820417567,-0.28489983081817627,1.1869639158248901,-0.15896886587142944,1.5540536642074585,same_codec_full_HARQ,1,4096,8192,16388,0.007073058746755123,21.503927347797575,0.8569998145103455,0.48220908641815186,1
kodak,21.png,3.0,30.0,3820417567,-0.28489983081817627,1.1869639158248901,-0.15896886587142944,1.5540536642074585,adaptive_HARQ,1,4096,8192,16388,0.007073058746755123,21.503927347797575,0.8569998145103455,0.48220908641815186,1
kodak,21.png,3.0,30.0,3820417567,-0.28489983081817627,1.1869639158248901,-0.15896886587142944,1.5540536642074585,FlowHARQ,1,4096,8192,16388,0.007073058746755123,21.503927347797575,0.8569998145103455,0.48220908641815186,1
kodak,21.png,3.0,60.0,1905784060,-0.5615828633308411,0.521381676197052,0.35042163729667664,0.8769804239273071,SwinJSCC_author_one_shot,0,16,4096,4130,0.017857596278190613,17.48176999723695,0.6202820539474487,0.6210666298866272,1
kodak,21.png,3.0,60.0,1905784060,-0.5615828633308411,0.521381676197052,0.35042163729667664,0.8769804239273071,SwinJSCC_author_Chase_wrapper,1,16,8192,8228,0.004878480918705463,23.117153893349155,0.8753075003623962,0.3598862290382385,1
kodak,21.png,3.0,60.0,1905784060,-0.5615828633308411,0.521381676197052,0.35042163729667664,0.8769804239273071,same_codec_direct,0,4096,4096,12290,0.008827155455946922,20.541792249403123,0.7945455312728882,0.5470618605613708,1
kodak,21.png,3.0,60.0,1905784060,-0.5615828633308411,0.521381676197052,0.35042163729667664,0.8769804239273071,same_codec_full_HARQ,1,4096,8192,16388,0.007844824343919754,21.05416776400873,0.8321747779846191,0.5095908641815186,1
kodak,21.png,3.0,60.0,1905784060,-0.5615828633308411,0.521381676197052,0.35042163729667664,0.8769804239273071,adaptive_HARQ,1,4096,8192,16388,0.007844824343919754,21.05416776400873,0.8321747779846191,0.5095908641815186,1
kodak,21.png,3.0,60.0,1905784060,-0.5615828633308411,0.521381676197052,0.35042163729667664,0.8769804239273071,FlowHARQ,1,4096,8192,16388,0.007844824343919754,21.05416776400873,0.8321747779846191,0.5095908641815186,1
kodak,21.png,3.0,90.0,4125065508,0.4382580518722534,-1.857222557067871,1.2095365524291992,0.40078675746917725,SwinJSCC_author_one_shot,0,16,4096,4130,0.0027437377721071243,25.61657397910199,0.9481139183044434,0.24098876118659973,0
kodak,21.png,3.0,90.0,4125065508,0.4382580518722534,-1.857222557067871,1.2095365524291992,0.40078675746917725,SwinJSCC_author_Chase_wrapper,1,16,8192,8228,0.0025617030914872885,25.914712076127987,0.9539892077445984,0.23969930410385132,0
kodak,21.png,3.0,90.0,4125065508,0.4382580518722534,-1.857222557067871,1.2095365524291992,0.40078675746917725,same_codec_direct,0,4096,4096,12290,0.007178265601396561,21.439804764727036,0.8542997241020203,0.48937177658081055,1
kodak,21.png,3.0,90.0,4125065508,0.4382580518722534,-1.857222557067871,1.2095365524291992,0.40078675746917725,same_codec_full_HARQ,1,4096,8192,16388,0.00709996884688735,21.487435568660796,0.8598327040672302,0.483592689037323,1
kodak,21.png,3.0,90.0,4125065508,0.4382580518722534,-1.857222557067871,1.2095365524291992,0.40078675746917725,adaptive_HARQ,1,4096,8192,16388,0.00709996884688735,21.487435568660796,0.8598327040672302,0.483592689037323,1
kodak,21.png,3.0,90.0,4125065508,0.4382580518722534,-1.857222557067871,1.2095365524291992,0.40078675746917725,FlowHARQ,1,4096,8192,16388,0.00709996884688735,21.487435568660796,0.8598327040672302,0.483592689037323,1
kodak,21.png,3.0,120.0,1574299799,0.22465011477470398,0.24420802295207977,-0.5672295093536377,-0.7073774933815002,SwinJSCC_author_one_shot,0,16,4096,4130,0.0875532329082489,10.577278129352962,0.22166447341442108,0.7405917048454285,1
kodak,21.png,3.0,120.0,1574299799,0.22465011477470398,0.24420802295207977,-0.5672295093536377,-0.7073774933815002,SwinJSCC_author_Chase_wrapper,1,16,8192,8228,0.008678842335939407,20.615382011649572,0.7927473783493042,0.44256943464279175,1
kodak,21.png,3.0,120.0,1574299799,0.22465011477470398,0.24420802295207977,-0.5672295093536377,-0.7073774933815002,same_codec_direct,0,4096,4096,12290,0.014216281473636627,18.472139863537805,0.649429976940155,0.6487907767295837,1
kodak,21.png,3.0,120.0,1574299799,0.22465011477470398,0.24420802295207977,-0.5672295093536377,-0.7073774933815002,same_codec_full_HARQ,1,4096,8192,16388,0.008466431871056557,20.722995820192263,0.81553053855896,0.5125947594642639,1
kodak,21.png,3.0,120.0,1574299799,0.22465011477470398,0.24420802295207977,-0.5672295093536377,-0.7073774933815002,adaptive_HARQ,1,4096,8192,16388,0.008466431871056557,20.722995820192263,0.81553053855896,0.5125947594642639,1
kodak,21.png,3.0,120.0,1574299799,0.22465011477470398,0.24420802295207977,-0.5672295093536377,-0.7073774933815002,FlowHARQ,1,4096,8192,16388,0.008466431871056557,20.722995820192263,0.81553053855896,0.5125947594642639,1
kodak,21.png,6.0,30.0,2340345216,-0.571169376373291,0.1669844388961792,-0.9271368980407715,-0.7483653426170349,SwinJSCC_author_one_shot,0,16,4096,4130,0.01095592137426138,19.603510931437924,0.7044789791107178,0.4986633062362671,1
kodak,21.png,6.0,30.0,2340345216,-0.571169376373291,0.1669844388961792,-0.9271368980407715,-0.7483653426170349,SwinJSCC_author_Chase_wrapper,1,16,8192,8228,0.002778117312118411,25.562494191707664,0.9494168758392334,0.2334783524274826,0
kodak,21.png,6.0,30.0,2340345216,-0.571169376373291,0.1669844388961792,-0.9271368980407715,-0.7483653426170349,same_codec_direct,0,4096,4096,12290,0.008910558186471462,20.5009508948598,0.8004217147827148,0.533514678478241,1
kodak,21.png,6.0,30.0,2340345216,-0.571169376373291,0.1669844388961792,-0.9271368980407715,-0.7483653426170349,same_codec_full_HARQ,1,4096,8192,16388,0.007205549627542496,21.423328863135943,0.8553866147994995,0.4850756525993347,1
kodak,21.png,6.0,30.0,2340345216,-0.571169376373291,0.1669844388961792,-0.9271368980407715,-0.7483653426170349,adaptive_HARQ,1,4096,8192,16388,0.007205549627542496,21.423328863135943,0.8553866147994995,0.4850756525993347,1
kodak,21.png,6.0,30.0,2340345216,-0.571169376373291,0.1669844388961792,-0.9271368980407715,-0.7483653426170349,FlowHARQ,1,4096,8192,16388,0.007205549627542496,21.423328863135943,0.8553866147994995,0.4850756525993347,1
kodak,21.png,6.0,60.0,4239737101,0.10233387351036072,-0.5457788109779358,0.014016788452863693,-0.5151575207710266,SwinJSCC_author_one_shot,0,16,4096,4130,0.020552758127450943,16.871298886708686,0.609856367111206,0.5977685451507568,1
kodak,21.png,6.0,60.0,4239737101,0.10233387351036072,-0.5457788109779358,0.014016788452863693,-0.5151575207710266,SwinJSCC_author_Chase_wrapper,1,16,8192,8228,0.007663415279239416,21.155776394576193,0.822138786315918,0.3955903649330139,1
kodak,21.png,6.0,60.0,4239737101,0.10233387351036072,-0.5457788109779358,0.014016788452863693,-0.5151575207710266,same_codec_direct,0,4096,4096,12290,0.008906800299882889,20.502782849281648,0.7949113249778748,0.5483308434486389,1
kodak,21.png,6.0,60.0,4239737101,0.10233387351036072,-0.5457788109779358,0.014016788452863693,-0.5151575207710266,same_codec_full_HARQ,1,4096,8192,16388,0.008052288554608822,20.940806705160053,0.8222543597221375,0.5221192836761475,1
kodak,21.png,6.0,60.0,4239737101,0.10233387351036072,-0.5457788109779358,0.014016788452863693,-0.5151575207710266,adaptive_HARQ,1,4096,8192,16388,0.008052288554608822,20.940806705160053,0.8222543597221375,0.5221192836761475,1
kodak,21.png,6.0,60.0,4239737101,0.10233387351036072,-0.5457788109779358,0.014016788452863693,-0.5151575207710266,FlowHARQ,1,4096,8192,16388,0.008052288554608822,20.940806705160053,0.8222543597221375,0.5221192836761475,1
kodak,21.png,6.0,90.0,810367269,0.16660535335540771,0.5679483413696289,-1.3579920530319214,0.024532824754714966,SwinJSCC_author_one_shot,0,16,4096,4130,0.01329214870929718,18.764048085860814,0.6862651705741882,0.5658858418464661,1
kodak,21.png,6.0,90.0,810367269,0.16660535335540771,0.5679483413696289,-1.3579920530319214,0.024532824754714966,SwinJSCC_author_Chase_wrapper,1,16,8192,8228,0.0026929094456136227,25.697782503506645,0.9532458782196045,0.24797697365283966,0
kodak,21.png,6.0,90.0,810367269,0.16660535335540771,0.5679483413696289,-1.3579920530319214,0.024532824754714966,same_codec_direct,0,4096,4096,12290,0.009156741201877594,20.382590601590493,0.7943586111068726,0.5214138031005859,1
kodak,21.png,6.0,90.0,810367269,0.16660535335540771,0.5679483413696289,-1.3579920530319214,0.024532824754714966,same_codec_full_HARQ,1,4096,8192,16388,0.0073406882584095,21.342632189917943,0.8567647337913513,0.4886832535266876,1
kodak,21.png,6.0,90.0,810367269,0.16660535335540771,0.5679483413696289,-1.3579920530319214,0.024532824754714966,adaptive_HARQ,1,4096,8192,16388,0.0073406882584095,21.342632189917943,0.8567647337913513,0.4886832535266876,1
kodak,21.png,6.0,90.0,810367269,0.16660535335540771,0.5679483413696289,-1.3579920530319214,0.024532824754714966,FlowHARQ,1,4096,8192,16388,0.0073406882584095,21.342632189917943,0.8567647337913513,0.4886832535266876,1
kodak,21.png,6.0,120.0,3483196589,-0.6961634159088135,-0.5538679361343384,0.273293673992157,0.32985448837280273,SwinJSCC_author_one_shot,0,16,4096,4130,0.0040285950526595116,23.94846384940744,0.9064058065414429,0.3205597400665283,1
kodak,21.png,6.0,120.0,3483196589,-0.6961634159088135,-0.5538679361343384,0.273293673992157,0.32985448837280273,SwinJSCC_author_Chase_wrapper,1,16,8192,8228,0.00353247276507318,24.51921177823078,0.9242813587188721,0.28632745146751404,0
kodak,21.png,6.0,120.0,3483196589,-0.6961634159088135,-0.5538679361343384,0.273293673992157,0.32985448837280273,same_codec_direct,0,4096,4096,12290,0.00755245890468359,21.219116291818196,0.8352062106132507,0.50147545337677,1
kodak,21.png,6.0,120.0,3483196589,-0.6961634159088135,-0.5538679361343384,0.273293673992157,0.32985448837280273,same_codec_full_HARQ,1,4096,8192,16388,0.007435602601617575,21.28683829300426,0.8402437567710876,0.4992884397506714,1
kodak,21.png,6.0,120.0,3483196589,-0.6961634159088135,-0.5538679361343384,0.273293673992157,0.32985448837280273,adaptive_HARQ,1,4096,8192,16388,0.007435602601617575,21.28683829300426,0.8402437567710876,0.4992884397506714,1
kodak,21.png,6.0,120.0,3483196589,-0.6961634159088135,-0.5538679361343384,0.273293673992157,0.32985448837280273,FlowHARQ,1,4096,8192,16388,0.007435602601617575,21.28683829300426,0.8402437567710876,0.4992884397506714,1
kodak,21.png,9.0,30.0,2982260557,0.017884371802210808,1.279937744140625,-0.12052001059055328,1.2530854940414429,SwinJSCC_author_one_shot,0,16,4096,4130,0.0024588843807578087,26.092618917490398,0.9576221704483032,0.23612560331821442,0
kodak,21.png,9.0,30.0,2982260557,0.017884371802210808,1.279937744140625,-0.12052001059055328,1.2530854940414429,SwinJSCC_author_Chase_wrapper,1,16,8192,8228,0.0022902211640030146,26.40122576320277,0.9632202386856079,0.23880498111248016,0
kodak,21.png,9.0,30.0,2982260557,0.017884371802210808,1.279937744140625,-0.12052001059055328,1.2530854940414429,same_codec_direct,0,4096,4096,12290,0.007068522274494171,21.506713691042872,0.8613286018371582,0.4785837233066559,1
kodak,21.png,9.0,30.0,2982260557,0.017884371802210808,1.279937744140625,-0.12052001059055328,1.2530854940414429,same_codec_full_HARQ,1,4096,8192,16388,0.006908086594194174,21.60642227105594,0.8677067756652832,0.4749070405960083,1
kodak,21.png,9.0,30.0,2982260557,0.017884371802210808,1.279937744140625,-0.12052001059055328,1.2530854940414429,adaptive_HARQ,1,4096,8192,16388,0.006908086594194174,21.60642227105594,0.8677067756652832,0.4749070405960083,1
kodak,21.png,9.0,30.0,2982260557,0.017884371802210808,1.279937744140625,-0.12052001059055328,1.2530854940414429,FlowHARQ,1,4096,8192,16388,0.006908086594194174,21.60642227105594,0.8677067756652832,0.4749070405960083,1
kodak,21.png,9.0,60.0,3393293818,-0.4213384985923767,0.47824913263320923,0.1290040761232376,-0.4132756292819977,SwinJSCC_author_one_shot,0,16,4096,4130,0.004245287738740444,23.7209286864448,0.903166651725769,0.3154528737068176,1
kodak,21.png,9.0,60.0,3393293818,-0.4213384985923767,0.47824913263320923,0.1290040761232376,-0.4132756292819977,SwinJSCC_author_Chase_wrapper,1,16,8192,8228,0.0031729675829410553,24.985343649061228,0.9360784292221069,0.27067476511001587,0
kodak,21.png,9.0,60.0,3393293818,-0.4213384985923767,0.47824913263320923,0.1290040761232376,-0.4132756292819977,same_codec_direct,0,4096,4096,12290,0.007658143527805805,21.158764984284023,0.8360413312911987,0.5006437301635742,1
kodak,21.png,9.0,60.0,3393293818,-0.4213384985923767,0.47824913263320923,0.1290040761232376,-0.4132756292819977,same_codec_full_HARQ,1,4096,8192,16388,0.007297404110431671,21.368316030318294,0.8482586145401001,0.49117499589920044,1
kodak,21.png,9.0,60.0,3393293818,-0.4213384985923767,0.47824913263320923,0.1290040761232376,-0.4132756292819977,adaptive_HARQ,1,4096,8192,16388,0.007297404110431671,21.368316030318294,0.8482586145401001,0.49117499589920044,1
kodak,21.png,9.0,60.0,3393293818,-0.4213384985923767,0.47824913263320923,0.1290040761232376,-0.4132756292819977,FlowHARQ,1,4096,8192,16388,0.007297404110431671,21.368316030318294,0.8482586145401001,0.49117499589920044,1
kodak,21.png,9.0,90.0,3462567428,-1.2766767740249634,0.5670514106750488,1.1626836061477661,0.2703920602798462,SwinJSCC_author_one_shot,0,16,4096,4130,0.002377075608819723,26.239570042327113,0.9600133895874023,0.2332145869731903,0
kodak,21.png,9.0,90.0,3462567428,-1.2766767740249634,0.5670514106750488,1.1626836061477661,0.2703920602798462,SwinJSCC_author_Chase_wrapper,1,16,8192,8228,0.0022526229731738567,26.473114910867288,0.963671863079071,0.23420219123363495,0
kodak,21.png,9.0,90.0,3462567428,-1.2766767740249634,0.5670514106750488,1.1626836061477661,0.2703920602798462,same_codec_direct,0,4096,4096,12290,0.006879100576043129,21.624683408918393,0.8642853498458862,0.4753919243812561,1
kodak,21.png,9.0,90.0,3462567428,-1.2766767740249634,0.5670514106750488,1.1626836061477661,0.2703920602798462,same_codec_full_HARQ,1,4096,8192,16388,0.0068147918209433556,21.665474065052397,0.8677517771720886,0.4785726070404053,1
kodak,21.png,9.0,90.0,3462567428,-1.2766767740249634,0.5670514106750488,1.1626836061477661,0.2703920602798462,adaptive_HARQ,1,4096,8192,16388,0.0068147918209433556,21.665474065052397,0.8677517771720886,0.4785726070404053,1
kodak,21.png,9.0,90.0,3462567428,-1.2766767740249634,0.5670514106750488,1.1626836061477661,0.2703920602798462,FlowHARQ,1,4096,8192,16388,0.0068147918209433556,21.665474065052397,0.8677517771720886,0.4785726070404053,1
kodak,21.png,9.0,120.0,2574904308,0.6653368473052979,-0.3046347498893738,-0.15491265058517456,0.08327335864305496,SwinJSCC_author_one_shot,0,16,4096,4130,0.003340822411701083,24.761466095663344,0.931430459022522,0.26244497299194336,0
kodak,21.png,9.0,120.0,2574904308,0.6653368473052979,-0.3046347498893738,-0.15491265058517456,0.08327335864305496,SwinJSCC_author_Chase_wrapper,1,16,8192,8228,0.003251008689403534,24.879818697056688,0.9337692260742188,0.2565254271030426,0
kodak,21.png,9.0,120.0,2574904308,0.6653368473052979,-0.3046347498893738,-0.15491265058517456,0.08327335864305496,same_codec_direct,0,4096,4096,12290,0.007674326188862324,21.14959745532239,0.8399362564086914,0.5135639905929565,1
kodak,21.png,9.0,120.0,2574904308,0.6653368473052979,-0.3046347498893738,-0.15491265058517456,0.08327335864305496,same_codec_full_HARQ,1,4096,8192,16388,0.007540104445070028,21.22622638267704,0.8425278663635254,0.5075130462646484,1
kodak,21.png,9.0,120.0,2574904308,0.6653368473052979,-0.3046347498893738,-0.15491265058517456,0.08327335864305496,adaptive_HARQ,1,4096,8192,16388,0.007540104445070028,21.22622638267704,0.8425278663635254,0.5075130462646484,1
kodak,21.png,9.0,120.0,2574904308,0.6653368473052979,-0.3046347498893738,-0.15491265058517456,0.08327335864305496,FlowHARQ,1,4096,8192,16388,0.007540104445070028,21.22622638267704,0.8425278663635254,0.5075130462646484,1
kodak,21.png,12.0,30.0,103675914,-0.25225573778152466,0.7758771777153015,-0.043271467089653015,1.2638030052185059,SwinJSCC_author_one_shot,0,16,4096,4130,0.0025210226885974407,25.984232457601543,0.9565153121948242,0.23460015654563904,0
kodak,21.png,12.0,30.0,103675914,-0.25225573778152466,0.7758771777153015,-0.043271467089653015,1.2638030052185059,SwinJSCC_author_Chase_wrapper,1,16,8192,8228,0.0022020493634045124,26.57172949663134,0.965458333492279,0.22803246974945068,0
kodak,21.png,12.0,30.0,103675914,-0.25225573778152466,0.7758771777153015,-0.043271467089653015,1.2638030052185059,same_codec_direct,0,4096,4096,12290,0.0070394352078437805,21.524621840335378,0.8614777326583862,0.48638758063316345,1
kodak,21.png,12.0,30.0,103675914,-0.25225573778152466,0.7758771777153015,-0.043271467089653015,1.2638030052185059,same_codec_full_HARQ,1,4096,8192,16388,0.006817977875471115,21.663444124025805,0.8693759441375732,0.47591257095336914,1
kodak,21.png,12.0,30.0,103675914,-0.25225573778152466,0.7758771777153015,-0.043271467089653015,1.2638030052185059,adaptive_HARQ,1,4096,8192,16388,0.006817977875471115,21.663444124025805,0.8693759441375732,0.47591257095336914,1
kodak,21.png,12.0,30.0,103675914,-0.25225573778152466,0.7758771777153015,-0.043271467089653015,1.2638030052185059,FlowHARQ,1,4096,8192,16388,0.006817977875471115,21.663444124025805,0.8693759441375732,0.47591257095336914,1
kodak,21.png,12.0,60.0,168143611,0.8623518347740173,1.1359413862228394,-0.00763152539730072,0.850642740726471,SwinJSCC_author_one_shot,0,16,4096,4130,0.0022297920659184456,26.51735634187114,0.964312732219696,0.2298705279827118,0
kodak,21.png,12.0,60.0,168143611,0.8623518347740173,1.1359413862228394,-0.00763152539730072,0.850642740726471,SwinJSCC_author_Chase_wrapper,1,16,8192,8228,0.0022021043114364147,26.57162112790123,0.9650338888168335,0.2297462373971939,0
kodak,21.png,12.0,60.0,168143611,0.8623518347740173,1.1359413862228394,-0.00763152539730072,0.850642740726471,same_codec_direct,0,4096,4096,12290,0.006822120398283005,21.66080620336341,0.8689627051353455,0.4736018776893616,1
kodak,21.png,12.0,60.0,168143611,0.8623518347740173,1.1359413862228394,-0.00763152539730072,0.850642740726471,same_codec_full_HARQ,1,4096,8192,16388,0.006779346615076065,21.688121608734782,0.8702043294906616,0.47484657168388367,1
kodak,21.png,12.0,60.0,168143611,0.8623518347740173,1.1359413862228394,-0.00763152539730072,0.850642740726471,adaptive_HARQ,1,4096,8192,16388,0.006779346615076065,21.688121608734782,0.8702043294906616,0.47484657168388367,1
kodak,21.png,12.0,60.0,168143611,0.8623518347740173,1.1359413862228394,-0.00763152539730072,0.850642740726471,FlowHARQ,1,4096,8192,16388,0.006779346615076065,21.688121608734782,0.8702043294906616,0.47484657168388367,1
kodak,21.png,12.0,90.0,222023117,-0.0651068314909935,-0.18586620688438416,0.9118256568908691,1.254237174987793,SwinJSCC_author_one_shot,0,16,4096,4130,0.031790442764759064,14.977034233607046,0.4542602300643921,0.735692024230957,1
kodak,21.png,12.0,90.0,222023117,-0.0651068314909935,-0.18586620688438416,0.9118256568908691,1.254237174987793,SwinJSCC_author_Chase_wrapper,1,16,8192,8228,0.002206539735198021,26.562882474047072,0.9652614593505859,0.2336159497499466,0
kodak,21.png,12.0,90.0,222023117,-0.0651068314909935,-0.18586620688438416,0.9118256568908691,1.254237174987793,same_codec_direct,0,4096,4096,12290,0.010402354411780834,19.8286835374724,0.7439807653427124,0.5857242345809937,1
kodak,21.png,12.0,90.0,222023117,-0.0651068314909935,-0.18586620688438416,0.9118256568908691,1.254237174987793,same_codec_full_HARQ,1,4096,8192,16388,0.006781845819205046,21.68652087844515,0.8706082105636597,0.47068145871162415,1
kodak,21.png,12.0,90.0,222023117,-0.0651068314909935,-0.18586620688438416,0.9118256568908691,1.254237174987793,adaptive_HARQ,1,4096,8192,16388,0.006781845819205046,21.68652087844515,0.8706082105636597,0.47068145871162415,1
kodak,21.png,12.0,90.0,222023117,-0.0651068314909935,-0.18586620688438416,0.9118256568908691,1.254237174987793,FlowHARQ,1,4096,8192,16388,0.006781845819205046,21.68652087844515,0.8706082105636597,0.47068145871162415,1
kodak,21.png,12.0,120.0,2578638817,0.4407505691051483,-0.23221395909786224,-0.1355934888124466,0.9459295868873596,SwinJSCC_author_one_shot,0,16,4096,4130,0.0034552894067019224,24.615155713086327,0.9293287992477417,0.27611294388771057,0
kodak,21.png,12.0,120.0,2578638817,0.4407505691051483,-0.23221395909786224,-0.1355934888124466,0.9459295868873596,SwinJSCC_author_Chase_wrapper,1,16,8192,8228,0.0023298971354961395,26.32663252567354,0.9614373445510864,0.23450106382369995,0
kodak,21.png,12.0,120.0,2578638817,0.4407505691051483,-0.23221395909786224,-0.1355934888124466,0.9459295868873596,same_codec_direct,0,4096,4096,12290,0.007686228957027197,21.142866829353558,0.837978720664978,0.49362796545028687,1
kodak,21.png,12.0,120.0,2578638817,0.4407505691051483,-0.23221395909786224,-0.1355934888124466,0.9459295868873596,same_codec_full_HARQ,1,4096,8192,16388,0.006930937524884939,21.59208015843429,0.864799439907074,0.47461432218551636,1
kodak,21.png,12.0,120.0,2578638817,0.4407505691051483,-0.23221395909786224,-0.1355934888124466,0.9459295868873596,adaptive_HARQ,1,4096,8192,16388,0.006930937524884939,21.59208015843429,0.864799439907074,0.47461432218551636,1
kodak,21.png,12.0,120.0,2578638817,0.4407505691051483,-0.23221395909786224,-0.1355934888124466,0.9459295868873596,FlowHARQ,1,4096,8192,16388,0.006930937524884939,21.59208015843429,0.864799439907074,0.47461432218551636,1
kodak,21.png,15.0,30.0,3597771933,0.13824529945850372,-0.1125885471701622,-0.03301865607500076,0.18220609426498413,SwinJSCC_author_one_shot,0,16,4096,4130,0.015356682240962982,18.13702602018045,0.6370658278465271,0.608404278755188,1
kodak,21.png,15.0,30.0,3597771933,0.13824529945850372,-0.1125885471701622,-0.03301865607500076,0.18220609426498413,SwinJSCC_author_Chase_wrapper,1,16,8192,8228,0.007020985241979361,21.536019398457785,0.8395249247550964,0.41048017144203186,1
kodak,21.png,15.0,30.0,3597771933,0.13824529945850372,-0.1125885471701622,-0.03301865607500076,0.18220609426498413,same_codec_direct,0,4096,4096,12290,0.009408144280314445,20.264960310145415,0.7826117277145386,0.555564820766449,1
kodak,21.png,15.0,30.0,3597771933,0.13824529945850372,-0.1125885471701622,-0.03301865607500076,0.18220609426498413,same_codec_full_HARQ,1,4096,8192,16388,0.008236855268478394,20.84238565029235,0.8186254501342773,0.5289697051048279,1
kodak,21.png,15.0,30.0,3597771933,0.13824529945850372,-0.1125885471701622,-0.03301865607500076,0.18220609426498413,adaptive_HARQ,1,4096,8192,16388,0.008236855268478394,20.84238565029235,0.8186254501342773,0.5289697051048279,1
kodak,21.png,15.0,30.0,3597771933,0.13824529945850372,-0.1125885471701622,-0.03301865607500076,0.18220609426498413,FlowHARQ,1,4096,8192,16388,0.008236855268478394,20.84238565029235,0.8186254501342773,0.5289697051048279,1
kodak,21.png,15.0,60.0,1726118152,0.6047309637069702,0.7152549624443054,0.1317661851644516,0.5459005236625671,SwinJSCC_author_one_shot,0,16,4096,4130,0.0022447507362812757,26.488318773189082,0.964144229888916,0.22960638999938965,0
kodak,21.png,15.0,60.0,1726118152,0.6047309637069702,0.7152549624443054,0.1317661851644516,0.5459005236625671,SwinJSCC_author_Chase_wrapper,1,16,8192,8228,0.002207886427640915,26.560232702170325,0.965229868888855,0.23217140138149261,0
kodak,21.png,15.0,60.0,1726118152,0.6047309637069702,0.7152549624443054,0.1317661851644516,0.5459005236625671,same_codec_direct,0,4096,4096,12290,0.006813609506934881,21.666227597970448,0.8688452243804932,0.4772566556930542,1
kodak,21.png,15.0,60.0,1726118152,0.6047309637069702,0.7152549624443054,0.1317661851644516,0.5459005236625671,same_codec_full_HARQ,1,4096,8192,16388,0.0067831603810191154,21.685679143564485,0.8700196743011475,0.4757087826728821,1
kodak,21.png,15.0,60.0,1726118152,0.6047309637069702,0.7152549624443054,0.1317661851644516,0.5459005236625671,adaptive_HARQ,1,4096,8192,16388,0.0067831603810191154,21.685679143564485,0.8700196743011475,0.4757087826728821,1
kodak,21.png,15.0,60.0,1726118152,0.6047309637069702,0.7152549624443054,0.1317661851644516,0.5459005236625671,FlowHARQ,1,4096,8192,16388,0.0067831603810191154,21.685679143564485,0.8700196743011475,0.4757087826728821,1
kodak,21.png,15.0,90.0,4078661129,-0.7250532507896423,-0.8221907019615173,-1.125702142715454,-0.017417222261428833,SwinJSCC_author_one_shot,0,16,4096,4130,0.0021936947014182806,26.58823813732706,0.9651186466217041,0.23082804679870605,0
kodak,21.png,15.0,90.0,4078661129,-0.7250532507896423,-0.8221907019615173,-1.125702142715454,-0.017417222261428833,SwinJSCC_author_Chase_wrapper,1,16,8192,8228,0.0021344181150197983,26.70720501847244,0.9669532775878906,0.22930499911308289,0
kodak,21.png,15.0,90.0,4078661129,-0.7250532507896423,-0.8221907019615173,-1.125702142715454,-0.017417222261428833,same_codec_direct,0,4096,4096,12290,0.006731025874614716,21.71918739976489,0.8688511252403259,0.4731185734272003,1
kodak,21.png,15.0,90.0,4078661129,-0.7250532507896423,-0.8221907019615173,-1.125702142715454,-0.017417222261428833,same_codec_full_HARQ,1,4096,8192,16388,0.006704976316541433,21.73602751833789,0.8709208965301514,0.4737839996814728,1
kodak,21.png,15.0,90.0,4078661129,-0.7250532507896423,-0.8221907019615173,-1.125702142715454,-0.017417222261428833,adaptive_HARQ,1,4096,8192,16388,0.006704976316541433,21.73602751833789,0.8709208965301514,0.4737839996814728,1
kodak,21.png,15.0,90.0,4078661129,-0.7250532507896423,-0.8221907019615173,-1.125702142715454,-0.017417222261428833,FlowHARQ,1,4096,8192,16388,0.006704976316541433,21.73602751833789,0.8709208965301514,0.4737839996814728,1
kodak,21.png,15.0,120.0,2244055000,0.5772435069084167,-0.8815359473228455,-0.5438929200172424,-0.23989859223365784,SwinJSCC_author_one_shot,0,16,4096,4130,0.002220736350864172,26.535029984805515,0.9651280641555786,0.22745229303836823,0
kodak,21.png,15.0,120.0,2244055000,0.5772435069084167,-0.8815359473228455,-0.5438929200172424,-0.23989859223365784,SwinJSCC_author_Chase_wrapper,1,16,8192,8228,0.002187036443501711,26.601439800717248,0.965947151184082,0.22969651222229004,0
kodak,21.png,15.0,120.0,2244055000,0.5772435069084167,-0.8815359473228455,-0.5438929200172424,-0.23989859223365784,same_codec_direct,0,4096,4096,12290,0.006774734705686569,21.691077068169907,0.8693585395812988,0.4751654267311096,1
kodak,21.png,15.0,120.0,2244055000,0.5772435069084167,-0.8815359473228455,-0.5438929200172424,-0.23989859223365784,same_codec_full_HARQ,1,4096,8192,16388,0.006739725358784199,21.713578004371875,0.8705975413322449,0.4743396043777466,1
kodak,21.png,15.0,120.0,2244055000,0.5772435069084167,-0.8815359473228455,-0.5438929200172424,-0.23989859223365784,adaptive_HARQ,1,4096,8192,16388,0.006739725358784199,21.713578004371875,0.8705975413322449,0.4743396043777466,1
kodak,21.png,15.0,120.0,2244055000,0.5772435069084167,-0.8815359473228455,-0.5438929200172424,-0.23989859223365784,FlowHARQ,1,4096,8192,16388,0.006739725358784199,21.713578004371875,0.8705975413322449,0.4743396043777466,1
kodak,22.png,0.0,30.0,3733919900,0.1943911910057068,-0.2534862160682678,0.4948652386665344,-0.38285085558891296,SwinJSCC_author_one_shot,0,16,4096,4130,0.1678224802017212,7.7514986488014,0.03458857536315918,0.721728503704071,1
kodak,22.png,0.0,30.0,3733919900,0.1943911910057068,-0.2534862160682678,0.4948652386665344,-0.38285085558891296,SwinJSCC_author_Chase_wrapper,1,16,8192,8228,0.03379052132368088,14.712051078329356,0.3542024493217468,0.6976563334465027,1
kodak,22.png,0.0,30.0,3733919900,0.1943911910057068,-0.2534862160682678,0.4948652386665344,-0.38285085558891296,same_codec_direct,0,4096,4096,12290,0.01637081615626812,17.85929668582684,0.5056477785110474,0.825911283493042,1
kodak,22.png,0.0,30.0,3733919900,0.1943911910057068,-0.2534862160682678,0.4948652386665344,-0.38285085558891296,same_codec_full_HARQ,1,4096,8192,16388,0.01058280747383833,19.753991046397836,0.6373223066329956,0.6943560838699341,1
kodak,22.png,0.0,30.0,3733919900,0.1943911910057068,-0.2534862160682678,0.4948652386665344,-0.38285085558891296,adaptive_HARQ,1,4096,8192,16388,0.01058280747383833,19.753991046397836,0.6373223066329956,0.6943560838699341,1
kodak,22.png,0.0,30.0,3733919900,0.1943911910057068,-0.2534862160682678,0.4948652386665344,-0.38285085558891296,FlowHARQ,1,4096,8192,16388,0.01058280747383833,19.753991046397836,0.6373223066329956,0.6943560838699341,1
kodak,22.png,0.0,60.0,2034094890,-0.29778823256492615,-0.2370290905237198,-0.8520072102546692,-0.05441117659211159,SwinJSCC_author_one_shot,0,16,4096,4130,0.1358325481414795,8.669961521134212,0.13035868108272552,0.6970755457878113,1
kodak,22.png,0.0,60.0,2034094890,-0.29778823256492615,-0.2370290905237198,-0.8520072102546692,-0.05441117659211159,SwinJSCC_author_Chase_wrapper,1,16,8192,8228,0.015982668846845627,17.963506988217688,0.5693036317825317,0.6120442748069763,1
kodak,22.png,0.0,60.0,2034094890,-0.29778823256492615,-0.2370290905237198,-0.8520072102546692,-0.05441117659211159,same_codec_direct,0,4096,4096,12290,0.014224795624613762,18.469539646334255,0.5235891938209534,0.7900956273078918,1
kodak,22.png,0.0,60.0,2034094890,-0.29778823256492615,-0.2370290905237198,-0.8520072102546692,-0.05441117659211159,same_codec_full_HARQ,1,4096,8192,16388,0.009707274846732616,20.12902673813653,0.6885679960250854,0.6782841086387634,1
kodak,22.png,0.0,60.0,2034094890,-0.29778823256492615,-0.2370290905237198,-0.8520072102546692,-0.05441117659211159,adaptive_HARQ,1,4096,8192,16388,0.009707274846732616,20.12902673813653,0.6885679960250854,0.6782841086387634,1
kodak,22.png,0.0,60.0,2034094890,-0.29778823256492615,-0.2370290905237198,-0.8520072102546692,-0.05441117659211159,FlowHARQ,1,4096,8192,16388,0.009707274846732616,20.12902673813653,0.6885679960250854,0.6782841086387634,1
kodak,22.png,0.0,90.0,1067982688,0.25800153613090515,0.8704885244369507,-0.2011476755142212,-0.17786598205566406,SwinJSCC_author_one_shot,0,16,4096,4130,0.019214129075407982,17.16379296149754,0.5771611928939819,0.6167951822280884,1
kodak,22.png,0.0,90.0,1067982688,0.25800153613090515,0.8704885244369507,-0.2011476755142212,-0.17786598205566406,SwinJSCC_author_Chase_wrapper,1,16,8192,8228,0.015484793111681938,18.100945927647427,0.6172155737876892,0.5970906019210815,1
kodak,22.png,0.0,90.0,1067982688,0.25800153613090515,0.8704885244369507,-0.2011476755142212,-0.17786598205566406,same_codec_direct,0,4096,4096,12290,0.010175843723118305,19.924295713800685,0.6892682909965515,0.6632436513900757,1
kodak,22.png,0.0,90.0,1067982688,0.25800153613090515,0.8704885244369507,-0.2011476755142212,-0.17786598205566406,same_codec_full_HARQ,1,4096,8192,16388,0.00979530718177557,20.089819399389523,0.6962783336639404,0.6575304269790649,1
kodak,22.png,0.0,90.0,1067982688,0.25800153613090515,0.8704885244369507,-0.2011476755142212,-0.17786598205566406,adaptive_HARQ,1,4096,8192,16388,0.00979530718177557,20.089819399389523,0.6962783336639404,0.6575304269790649,1
kodak,22.png,0.0,90.0,1067982688,0.25800153613090515,0.8704885244369507,-0.2011476755142212,-0.17786598205566406,FlowHARQ,1,4096,8192,16388,0.00979530718177557,20.089819399389523,0.6962783336639404,0.6575304269790649,1
kodak,22.png,0.0,120.0,4175508939,0.8984510898590088,-0.6166279911994934,-0.20851323008537292,1.0539216995239258,SwinJSCC_author_one_shot,0,16,4096,4130,0.013068480417132378,18.837749085802436,0.6686813831329346,0.4991315007209778,1
kodak,22.png,0.0,120.0,4175508939,0.8984510898590088,-0.6166279911994934,-0.20851323008537292,1.0539216995239258,SwinJSCC_author_Chase_wrapper,1,16,8192,8228,0.003780292347073555,24.224746129110972,0.8506588339805603,0.35532671213150024,0
kodak,22.png,0.0,120.0,4175508939,0.8984510898590088,-0.6166279911994934,-0.20851323008537292,1.0539216995239258,same_codec_direct,0,4096,4096,12290,0.00897262990474701,20.470802452815548,0.7148232460021973,0.646378755569458,1
kodak,22.png,0.0,120.0,4175508939,0.8984510898590088,-0.6166279911994934,-0.20851323008537292,1.0539216995239258,same_codec_full_HARQ,1,4096,8192,16388,0.008156901225447655,20.884747966731933,0.7491822242736816,0.6105555891990662,1
kodak,22.png,0.0,120.0,4175508939,0.8984510898590088,-0.6166279911994934,-0.20851323008537292,1.0539216995239258,adaptive_HARQ,1,4096,8192,16388,0.008156901225447655,20.884747966731933,0.7491822242736816,0.6105555891990662,1
kodak,22.png,0.0,120.0,4175508939,0.8984510898590088,-0.6166279911994934,-0.20851323008537292,1.0539216995239258,FlowHARQ,1,4096,8192,16388,0.008156901225447655,20.884747966731933,0.7491822242736816,0.6105555891990662,1
kodak,22.png,3.0,30.0,1185465912,-0.5973342657089233,0.26635581254959106,0.4026944637298584,-0.4038679599761963,SwinJSCC_author_one_shot,0,16,4096,4130,0.021402612328529358,16.69533214939378,0.5490371584892273,0.5856192111968994,1
kodak,22.png,3.0,30.0,1185465912,-0.5973342657089233,0.26635581254959106,0.4026944637298584,-0.4038679599761963,SwinJSCC_author_Chase_wrapper,1,16,8192,8228,0.009730031713843346,20.118857441998166,0.7370094656944275,0.47020119428634644,1
kodak,22.png,3.0,30.0,1185465912,-0.5973342657089233,0.26635581254959106,0.4026944637298584,-0.4038679599761963,same_codec_direct,0,4096,4096,12290,0.010492054745554924,19.79139452009402,0.6870200037956238,0.6647822260856628,1
kodak,22.png,3.0,30.0,1185465912,-0.5973342657089233,0.26635581254959106,0.4026944637298584,-0.4038679599761963,same_codec_full_HARQ,1,4096,8192,16388,0.00902533158659935,20.445368333464067,0.7319492101669312,0.6212616562843323,1
kodak,22.png,3.0,30.0,1185465912,-0.5973342657089233,0.26635581254959106,0.4026944637298584,-0.4038679599761963,adaptive_HARQ,1,4096,8192,16388,0.00902533158659935,20.445368333464067,0.7319492101669312,0.6212616562843323,1
kodak,22.png,3.0,30.0,1185465912,-0.5973342657089233,0.26635581254959106,0.4026944637298584,-0.4038679599761963,FlowHARQ,1,4096,8192,16388,0.00902533158659935,20.445368333464067,0.7319492101669312,0.6212616562843323,1
kodak,22.png,3.0,60.0,3740805274,1.8679344654083252,0.23127219080924988,0.5942078232765198,0.5358721613883972,SwinJSCC_author_one_shot,0,16,4096,4130,0.0020680029410868883,26.84448847929692,0.9233369827270508,0.2784089148044586,0
kodak,22.png,3.0,60.0,3740805274,1.8679344654083252,0.23127219080924988,0.5942078232765198,0.5358721613883972,SwinJSCC_author_Chase_wrapper,1,16,8192,8228,0.0019413771806284785,27.11890079474118,0.9278022646903992,0.2752838730812073,0
kodak,22.png,3.0,60.0,3740805274,1.8679344654083252,0.23127219080924988,0.5942078232765198,0.5358721613883972,same_codec_direct,0,4096,4096,12290,0.007519494742155075,21.23811340002232,0.7887338995933533,0.5764634013175964,1
kodak,22.png,3.0,60.0,3740805274,1.8679344654083252,0.23127219080924988,0.5942078232765198,0.5358721613883972,same_codec_full_HARQ,1,4096,8192,16388,0.007461292203515768,21.271859515812977,0.7930182218551636,0.5771579742431641,1
kodak,22.png,3.0,60.0,3740805274,1.8679344654083252,0.23127219080924988,0.5942078232765198,0.5358721613883972,adaptive_HARQ,1,4096,8192,16388,0.007461292203515768,21.271859515812977,0.7930182218551636,0.5771579742431641,1
kodak,22.png,3.0,60.0,3740805274,1.8679344654083252,0.23127219080924988,0.5942078232765198,0.5358721613883972,FlowHARQ,1,4096,8192,16388,0.007461292203515768,21.271859515812977,0.7930182218551636,0.5771579742431641,1
kodak,22.png,3.0,90.0,1492601461,1.2941832542419434,0.20387031137943268,0.12404775619506836,0.11655238270759583,SwinJSCC_author_one_shot,0,16,4096,4130,0.0037348391488194466,24.277280975391818,0.8717142939567566,0.32688701152801514,0
kodak,22.png,3.0,90.0,1492601461,1.2941832542419434,0.20387031137943268,0.12404775619506836,0.11655238270759583,SwinJSCC_author_Chase_wrapper,1,16,8192,8228,0.0032706677448004484,24.853635720256705,0.880746066570282,0.3206065595149994,0
kodak,22.png,3.0,90.0,1492601461,1.2941832542419434,0.20387031137943268,0.12404775619506836,0.11655238270759583,same_codec_direct,0,4096,4096,12290,0.00760181900113821,21.190824751357972,0.7715561389923096,0.5883111953735352,1
kodak,22.png,3.0,90.0,1492601461,1.2941832542419434,0.20387031137943268,0.12404775619506836,0.11655238270759583,same_codec_full_HARQ,1,4096,8192,16388,0.007563532795757055,21.212753056455153,0.7734397649765015,0.588781476020813,1
kodak,22.png,3.0,90.0,1492601461,1.2941832542419434,0.20387031137943268,0.12404775619506836,0.11655238270759583,adaptive_HARQ,1,4096,8192,16388,0.007563532795757055,21.212753056455153,0.7734397649765015,0.588781476020813,1
kodak,22.png,3.0,90.0,1492601461,1.2941832542419434,0.20387031137943268,0.12404775619506836,0.11655238270759583,FlowHARQ,1,4096,8192,16388,0.007563532795757055,21.212753056455153,0.7734397649765015,0.588781476020813,1
kodak,22.png,3.0,120.0,3507369687,-0.5019443035125732,-1.1031244993209839,0.4497755169868469,0.06458079814910889,SwinJSCC_author_one_shot,0,16,4096,4130,0.004567593801766634,23.403125250544967,0.8443927764892578,0.33212995529174805,1
kodak,22.png,3.0,120.0,3507369687,-0.5019443035125732,-1.1031244993209839,0.4497755169868469,0.06458079814910889,SwinJSCC_author_Chase_wrapper,1,16,8192,8228,0.0034994015004485846,24.560062263007847,0.8703586459159851,0.32503074407577515,0
kodak,22.png,3.0,120.0,3507369687,-0.5019443035125732,-1.1031244993209839,0.4497755169868469,0.06458079814910889,same_codec_direct,0,4096,4096,12290,0.007929514162242413,21.007534208943667,0.7664729356765747,0.5860607624053955,1
kodak,22.png,3.0,120.0,3507369687,-0.5019443035125732,-1.1031244993209839,0.4497755169868469,0.06458079814910889,same_codec_full_HARQ,1,4096,8192,16388,0.007897786796092987,21.024945943941216,0.7702717781066895,0.5877975821495056,1
kodak,22.png,3.0,120.0,3507369687,-0.5019443035125732,-1.1031244993209839,0.4497755169868469,0.06458079814910889,adaptive_HARQ,1,4096,8192,16388,0.007897786796092987,21.024945943941216,0.7702717781066895,0.5877975821495056,1
kodak,22.png,3.0,120.0,3507369687,-0.5019443035125732,-1.1031244993209839,0.4497755169868469,0.06458079814910889,FlowHARQ,1,4096,8192,16388,0.007897786796092987,21.024945943941216,0.7702717781066895,0.5877975821495056,1
kodak,22.png,6.0,30.0,3732933297,0.15564006567001343,0.3483468294143677,0.5579409599304199,1.1715672016143799,SwinJSCC_author_one_shot,0,16,4096,4130,0.0330997034907341,14.801758966446677,0.41800594329833984,0.690947413444519,1
kodak,22.png,6.0,30.0,3732933297,0.15564006567001343,0.3483468294143677,0.5579409599304199,1.1715672016143799,SwinJSCC_author_Chase_wrapper,1,16,8192,8228,0.001968422904610634,27.058815901487602,0.9240044355392456,0.2723631262779236,0
kodak,22.png,6.0,30.0,3732933297,0.15564006567001343,0.3483468294143677,0.5579409599304199,1.1715672016143799,same_codec_direct,0,4096,4096,12290,0.010647627525031567,19.7274714974345,0.6548797488212585,0.6947987079620361,1
kodak,22.png,6.0,30.0,3732933297,0.15564006567001343,0.3483468294143677,0.5579409599304199,1.1715672016143799,same_codec_full_HARQ,1,4096,8192,16388,0.007322733756154776,21.353267558856576,0.7964426875114441,0.5798168182373047,1
kodak,22.png,6.0,30.0,3732933297,0.15564006567001343,0.3483468294143677,0.5579409599304199,1.1715672016143799,adaptive_HARQ,1,4096,8192,16388,0.007322733756154776,21.353267558856576,0.7964426875114441,0.5798168182373047,1
kodak,22.png,6.0,30.0,3732933297,0.15564006567001343,0.3483468294143677,0.5579409599304199,1.1715672016143799,FlowHARQ,1,4096,8192,16388,0.007322733756154776,21.353267558856576,0.7964426875114441,0.5798168182373047,1
kodak,22.png,6.0,60.0,4241117421,-0.1209011822938919,0.14104442298412323,1.4545493125915527,1.515853762626648,SwinJSCC_author_one_shot,0,16,4096,4130,0.14358356595039368,8.428952650066268,0.11495411396026611,0.7068585157394409,1
kodak,22.png,6.0,60.0,4241117421,-0.1209011822938919,0.14104442298412323,1.4545493125915527,1.515853762626648,SwinJSCC_author_Chase_wrapper,1,16,8192,8228,0.0015944450860843062,27.973904335996025,0.9426969885826111,0.26498717069625854,0
kodak,22.png,6.0,60.0,4241117421,-0.1209011822938919,0.14104442298412323,1.4545493125915527,1.515853762626648,same_codec_direct,0,4096,4096,12290,0.014489109627902508,18.38958301593671,0.5110507607460022,0.8013007640838623,1
kodak,22.png,6.0,60.0,4241117421,-0.1209011822938919,0.14104442298412323,1.4545493125915527,1.515853762626648,same_codec_full_HARQ,1,4096,8192,16388,0.007093631662428379,21.491313660653603,0.8078917860984802,0.5605190992355347,1
kodak,22.png,6.0,60.0,4241117421,-0.1209011822938919,0.14104442298412323,1.4545493125915527,1.515853762626648,adaptive_HARQ,1,4096,8192,16388,0.007093631662428379,21.491313660653603,0.8078917860984802,0.5605190992355347,1
kodak,22.png,6.0,60.0,4241117421,-0.1209011822938919,0.14104442298412323,1.4545493125915527,1.515853762626648,FlowHARQ,1,4096,8192,16388,0.007093631662428379,21.491313660653603,0.8078917860984802,0.5605190992355347,1
kodak,22.png,6.0,90.0,1270365308,-1.981560468673706,0.5760931372642517,0.7703630328178406,-1.118969202041626,SwinJSCC_author_one_shot,0,16,4096,4130,0.0016385761555284262,27.85533369260447,0.9418184757232666,0.2758305072784424,0
kodak,22.png,6.0,90.0,1270365308,-1.981560468673706,0.5760931372642517,0.7703630328178406,-1.118969202041626,SwinJSCC_author_Chase_wrapper,1,16,8192,8228,0.0015622444916516542,28.06250997945245,0.9449590444564819,0.27294060587882996,0
kodak,22.png,6.0,90.0,1270365308,-1.981560468673706,0.5760931372642517,0.7703630328178406,-1.118969202041626,same_codec_direct,0,4096,4096,12290,0.007373468950390816,21.32328144221079,0.8064479827880859,0.5596908926963806,1
kodak,22.png,6.0,90.0,1270365308,-1.981560468673706,0.5760931372642517,0.7703630328178406,-1.118969202041626,same_codec_full_HARQ,1,4096,8192,16388,0.0072751655243337154,21.38157121175461,0.8089565634727478,0.5601757764816284,1
kodak,22.png,6.0,90.0,1270365308,-1.981560468673706,0.5760931372642517,0.7703630328178406,-1.118969202041626,adaptive_HARQ,1,4096,8192,16388,0.0072751655243337154,21.38157121175461,0.8089565634727478,0.5601757764816284,1
kodak,22.png,6.0,90.0,1270365308,-1.981560468673706,0.5760931372642517,0.7703630328178406,-1.118969202041626,FlowHARQ,1,4096,8192,16388,0.0072751655243337154,21.38157121175461,0.8089565634727478,0.5601757764816284,1
kodak,22.png,6.0,120.0,3323958386,0.38175275921821594,-0.981916606426239,0.1603499799966812,0.9360412359237671,SwinJSCC_author_one_shot,0,16,4096,4130,0.0024621589109301567,26.08683920570867,0.9013447165489197,0.29777106642723083,0
kodak,22.png,6.0,120.0,3323958386,0.38175275921821594,-0.981916606426239,0.1603499799966812,0.9360412359237671,SwinJSCC_author_Chase_wrapper,1,16,8192,8228,0.001924051670357585,27.15783269174578,0.927111804485321,0.2772386372089386,0
kodak,22.png,6.0,120.0,3323958386,0.38175275921821594,-0.981916606426239,0.1603499799966812,0.9360412359237671,same_codec_direct,0,4096,4096,12290,0.00779558252543211,21.08151426577995,0.7801574468612671,0.574425220489502,1
kodak,22.png,6.0,120.0,3323958386,0.38175275921821594,-0.981916606426239,0.1603499799966812,0.9360412359237671,same_codec_full_HARQ,1,4096,8192,16388,0.007556679658591747,21.216689879257622,0.7943515777587891,0.5689226388931274,1
kodak,22.png,6.0,120.0,3323958386,0.38175275921821594,-0.981916606426239,0.1603499799966812,0.9360412359237671,adaptive_HARQ,1,4096,8192,16388,0.007556679658591747,21.216689879257622,0.7943515777587891,0.5689226388931274,1
kodak,22.png,6.0,120.0,3323958386,0.38175275921821594,-0.981916606426239,0.1603499799966812,0.9360412359237671,FlowHARQ,1,4096,8192,16388,0.007556679658591747,21.216689879257622,0.7943515777587891,0.5689226388931274,1
kodak,22.png,9.0,30.0,1624104178,0.8426924347877502,-0.5008341670036316,-0.05613213777542114,-0.8241082429885864,SwinJSCC_author_one_shot,0,16,4096,4130,0.0019894770812243223,27.01261059561142,0.9231580495834351,0.2843201458454132,0
kodak,22.png,9.0,30.0,1624104178,0.8426924347877502,-0.5008341670036316,-0.05613213777542114,-0.8241082429885864,SwinJSCC_author_Chase_wrapper,1,16,8192,8228,0.0017460547387599945,27.579421452989653,0.9365276098251343,0.27781906723976135,0
kodak,22.png,9.0,30.0,1624104178,0.8426924347877502,-0.5008341670036316,-0.05613213777542114,-0.8241082429885864,same_codec_direct,0,4096,4096,12290,0.007569419220089912,21.20937441396404,0.7960101962089539,0.5735915899276733,1
kodak,22.png,9.0,30.0,1624104178,0.8426924347877502,-0.5008341670036316,-0.05613213777542114,-0.8241082429885864,same_codec_full_HARQ,1,4096,8192,16388,0.007417847868055105,21.297220778207944,0.8041782379150391,0.5653761029243469,1
kodak,22.png,9.0,30.0,1624104178,0.8426924347877502,-0.5008341670036316,-0.05613213777542114,-0.8241082429885864,adaptive_HARQ,1,4096,8192,16388,0.007417847868055105,21.297220778207944,0.8041782379150391,0.5653761029243469,1
kodak,22.png,9.0,30.0,1624104178,0.8426924347877502,-0.5008341670036316,-0.05613213777542114,-0.8241082429885864,FlowHARQ,1,4096,8192,16388,0.007417847868055105,21.297220778207944,0.8041782379150391,0.5653761029243469,1
kodak,22.png,9.0,60.0,2305924104,1.369920015335083,0.05604347959160805,-0.4426470100879669,-0.3600863516330719,SwinJSCC_author_one_shot,0,16,4096,4130,0.001682547153905034,27.74032755696085,0.939665675163269,0.2689208388328552,0
kodak,22.png,9.0,60.0,2305924104,1.369920015335083,0.05604347959160805,-0.4426470100879669,-0.3600863516330719,SwinJSCC_author_Chase_wrapper,1,16,8192,8228,0.0016439799219369888,27.841034908380735,0.94161456823349,0.26498106122016907,0
kodak,22.png,9.0,60.0,2305924104,1.369920015335083,0.05604347959160805,-0.4426470100879669,-0.3600863516330719,same_codec_direct,0,4096,4096,12290,0.007157707121223211,21.452260760268867,0.8056501746177673,0.5680957436561584,1
kodak,22.png,9.0,60.0,2305924104,1.369920015335083,0.05604347959160805,-0.4426470100879669,-0.3600863516330719,same_codec_full_HARQ,1,4096,8192,16388,0.007132371887564659,21.46766020445288,0.8074674010276794,0.5652545690536499,1
kodak,22.png,9.0,60.0,2305924104,1.369920015335083,0.05604347959160805,-0.4426470100879669,-0.3600863516330719,adaptive_HARQ,1,4096,8192,16388,0.007132371887564659,21.46766020445288,0.8074674010276794,0.5652545690536499,1
kodak,22.png,9.0,60.0,2305924104,1.369920015335083,0.05604347959160805,-0.4426470100879669,-0.3600863516330719,FlowHARQ,1,4096,8192,16388,0.007132371887564659,21.46766020445288,0.8074674010276794,0.5652545690536499,1
kodak,22.png,9.0,90.0,1927288590,0.24766986072063446,0.17682960629463196,-0.3073129653930664,-0.3684053421020508,SwinJSCC_author_one_shot,0,16,4096,4130,0.022336704656481743,16.50980898143857,0.4969073235988617,0.6202945113182068,1
kodak,22.png,9.0,90.0,1927288590,0.24766986072063446,0.17682960629463196,-0.3073129653930664,-0.3684053421020508,SwinJSCC_author_Chase_wrapper,1,16,8192,8228,0.0039023514837026596,24.086736163977072,0.8524936437606812,0.345944344997406,0
kodak,22.png,9.0,90.0,1927288590,0.24766986072063446,0.17682960629463196,-0.3073129653930664,-0.3684053421020508,same_codec_direct,0,4096,4096,12290,0.009457681328058243,20.242153234139984,0.6678522825241089,0.6739603281021118,1
kodak,22.png,9.0,90.0,1927288590,0.24766986072063446,0.17682960629463196,-0.3073129653930664,-0.3684053421020508,same_codec_full_HARQ,1,4096,8192,16388,0.007852381095290184,21.049986311854674,0.7592374682426453,0.6103894114494324,1
kodak,22.png,9.0,90.0,1927288590,0.24766986072063446,0.17682960629463196,-0.3073129653930664,-0.3684053421020508,adaptive_HARQ,1,4096,8192,16388,0.007852381095290184,21.049986311854674,0.7592374682426453,0.6103894114494324,1
kodak,22.png,9.0,90.0,1927288590,0.24766986072063446,0.17682960629463196,-0.3073129653930664,-0.3684053421020508,FlowHARQ,1,4096,8192,16388,0.007852381095290184,21.049986311854674,0.7592374682426453,0.6103894114494324,1
kodak,22.png,9.0,120.0,2422699786,0.4697993993759155,0.25812968611717224,-0.21366223692893982,-0.057132501155138016,SwinJSCC_author_one_shot,0,16,4096,4130,0.004832595586776733,23.15819547046099,0.8268563747406006,0.35866910219192505,1
kodak,22.png,9.0,120.0,2422699786,0.4697993993759155,0.25812968611717224,-0.21366223692893982,-0.057132501155138016,SwinJSCC_author_Chase_wrapper,1,16,8192,8228,0.00401108805090189,23.96737804335707,0.8582096099853516,0.3289889097213745,1
kodak,22.png,9.0,120.0,2422699786,0.4697993993759155,0.25812968611717224,-0.21366223692893982,-0.057132501155138016,same_codec_direct,0,4096,4096,12290,0.00825594738125801,20.83233083655589,0.7491368651390076,0.6006353497505188,1
kodak,22.png,9.0,120.0,2422699786,0.4697993993759155,0.25812968611717224,-0.21366223692893982,-0.057132501155138016,same_codec_full_HARQ,1,4096,8192,16388,0.008064741268754005,20.93409560991059,0.7583362460136414,0.5867595672607422,1
kodak,22.png,9.0,120.0,2422699786,0.4697993993759155,0.25812968611717224,-0.21366223692893982,-0.057132501155138016,adaptive_HARQ,1,4096,8192,16388,0.008064741268754005,20.93409560991059,0.7583362460136414,0.5867595672607422,1
kodak,22.png,9.0,120.0,2422699786,0.4697993993759155,0.25812968611717224,-0.21366223692893982,-0.057132501155138016,FlowHARQ,1,4096,8192,16388,0.008064741268754005,20.93409560991059,0.7583362460136414,0.5867595672607422,1
kodak,22.png,12.0,30.0,2703171411,-0.27311933040618896,-0.17138990759849548,-0.3628156781196594,0.2651817798614502,SwinJSCC_author_one_shot,0,16,4096,4130,0.006188917439430952,22.083853107857312,0.7466614246368408,0.4285845160484314,1
kodak,22.png,12.0,30.0,2703171411,-0.27311933040618896,-0.17138990759849548,-0.3628156781196594,0.2651817798614502,SwinJSCC_author_Chase_wrapper,1,16,8192,8228,0.0023473564069718122,26.294209650116464,0.9110627174377441,0.31306153535842896,0
kodak,22.png,12.0,30.0,2703171411,-0.27311933040618896,-0.17138990759849548,-0.3628156781196594,0.2651817798614502,same_codec_direct,0,4096,4096,12290,0.008494294248521328,20.708726988085232,0.7336227893829346,0.6242778897285461,1
kodak,22.png,12.0,30.0,2703171411,-0.27311933040618896,-0.17138990759849548,-0.3628156781196594,0.2651817798614502,same_codec_full_HARQ,1,4096,8192,16388,0.007583826780319214,21.201115951334195,0.7837826609611511,0.5829684734344482,1
kodak,22.png,12.0,30.0,2703171411,-0.27311933040618896,-0.17138990759849548,-0.3628156781196594,0.2651817798614502,adaptive_HARQ,1,4096,8192,16388,0.007583826780319214,21.201115951334195,0.7837826609611511,0.5829684734344482,1
kodak,22.png,12.0,30.0,2703171411,-0.27311933040618896,-0.17138990759849548,-0.3628156781196594,0.2651817798614502,FlowHARQ,1,4096,8192,16388,0.007583826780319214,21.201115951334195,0.7837826609611511,0.5829684734344482,1
kodak,22.png,12.0,60.0,2290471210,0.4055215120315552,-1.469282627105713,-0.6808446049690247,-0.7473993301391602,SwinJSCC_author_one_shot,0,16,4096,4130,0.0015104133635759354,28.209041805528834,0.9473937749862671,0.2686561942100525,0
kodak,22.png,12.0,60.0,2290471210,0.4055215120315552,-1.469282627105713,-0.6808446049690247,-0.7473993301391602,SwinJSCC_author_Chase_wrapper,1,16,8192,8228,0.0014780856436118484,28.303004012115267,0.9490038752555847,0.26736024022102356,0
kodak,22.png,12.0,60.0,2290471210,0.4055215120315552,-1.469282627105713,-0.6808446049690247,-0.7473993301391602,same_codec_direct,0,4096,4096,12290,0.007175756152719259,21.441323279527897,0.8114845752716064,0.5634165406227112,1
kodak,22.png,12.0,60.0,2290471210,0.4055215120315552,-1.469282627105713,-0.6808446049690247,-0.7473993301391602,same_codec_full_HARQ,1,4096,8192,16388,0.007161855697631836,21.449744337225486,0.8136144876480103,0.5594871044158936,1
kodak,22.png,12.0,60.0,2290471210,0.4055215120315552,-1.469282627105713,-0.6808446049690247,-0.7473993301391602,adaptive_HARQ,1,4096,8192,16388,0.007161855697631836,21.449744337225486,0.8136144876480103,0.5594871044158936,1
kodak,22.png,12.0,60.0,2290471210,0.4055215120315552,-1.469282627105713,-0.6808446049690247,-0.7473993301391602,FlowHARQ,1,4096,8192,16388,0.007161855697631836,21.449744337225486,0.8136144876480103,0.5594871044158936,1
kodak,22.png,12.0,90.0,2238286013,0.8966176509857178,-0.7923167943954468,-0.4396071434020996,0.7977229952812195,SwinJSCC_author_one_shot,0,16,4096,4130,0.001571966102346778,28.035568232600138,0.9445871114730835,0.2717149257659912,0
kodak,22.png,12.0,90.0,2238286013,0.8966176509857178,-0.7923167943954468,-0.4396071434020996,0.7977229952812195,SwinJSCC_author_Chase_wrapper,1,16,8192,8228,0.0015057440614327788,28.222488409862446,0.9476772546768188,0.2693344056606293,0
kodak,22.png,12.0,90.0,2238286013,0.8966176509857178,-0.7923167943954468,-0.4396071434020996,0.7977229952812195,same_codec_direct,0,4096,4096,12290,0.007167315110564232,21.446435013807633,0.808964729309082,0.5578909516334534,1
kodak,22.png,12.0,90.0,2238286013,0.8966176509857178,-0.7923167943954468,-0.4396071434020996,0.7977229952812195,same_codec_full_HARQ,1,4096,8192,16388,0.007081866264343262,21.498522788213638,0.8130447268486023,0.5554842948913574,1
kodak,22.png,12.0,90.0,2238286013,0.8966176509857178,-0.7923167943954468,-0.4396071434020996,0.7977229952812195,adaptive_HARQ,1,4096,8192,16388,0.007081866264343262,21.498522788213638,0.8130447268486023,0.5554842948913574,1
kodak,22.png,12.0,90.0,2238286013,0.8966176509857178,-0.7923167943954468,-0.4396071434020996,0.7977229952812195,FlowHARQ,1,4096,8192,16388,0.007081866264343262,21.498522788213638,0.8130447268486023,0.5554842948913574,1
kodak,22.png,12.0,120.0,1661392916,0.06023797765374184,0.12175553292036057,0.328939825296402,1.9746145009994507,SwinJSCC_author_one_shot,0,16,4096,4130,0.06310036778450012,11.999681094355259,0.23155073821544647,0.7123000025749207,1
kodak,22.png,12.0,120.0,1661392916,0.06023797765374184,0.12175553292036057,0.328939825296402,1.9746145009994507,SwinJSCC_author_Chase_wrapper,1,16,8192,8228,0.0014607193879783154,28.354332063501634,0.9501816630363464,0.2670952081680298,0
kodak,22.png,12.0,120.0,1661392916,0.06023797765374184,0.12175553292036057,0.328939825296402,1.9746145009994507,same_codec_direct,0,4096,4096,12290,0.012957848608493805,18.874670983897527,0.6106773614883423,0.7136757969856262,1
kodak,22.png,12.0,120.0,1661392916,0.06023797765374184,0.12175553292036057,0.328939825296402,1.9746145009994507,same_codec_full_HARQ,1,4096,8192,16388,0.007075391244143248,21.50249540188895,0.8154991865158081,0.5611205101013184,1
kodak,22.png,12.0,120.0,1661392916,0.06023797765374184,0.12175553292036057,0.328939825296402,1.9746145009994507,adaptive_HARQ,1,4096,8192,16388,0.007075391244143248,21.50249540188895,0.8154991865158081,0.5611205101013184,1
kodak,22.png,12.0,120.0,1661392916,0.06023797765374184,0.12175553292036057,0.328939825296402,1.9746145009994507,FlowHARQ,1,4096,8192,16388,0.007075391244143248,21.50249540188895,0.8154991865158081,0.5611205101013184,1
kodak,22.png,15.0,30.0,4073867840,-0.17790867388248444,1.0333631038665771,-0.5167669653892517,0.6322647333145142,SwinJSCC_author_one_shot,0,16,4096,4130,0.0014978901017457247,28.245200490906498,0.9475173950195312,0.27163031697273254,0
kodak,22.png,15.0,30.0,4073867840,-0.17790867388248444,1.0333631038665771,-0.5167669653892517,0.6322647333145142,SwinJSCC_author_Chase_wrapper,1,16,8192,8228,0.0014565186575055122,28.366839478370057,0.9493789672851562,0.2689950466156006,0
kodak,22.png,15.0,30.0,4073867840,-0.17790867388248444,1.0333631038665771,-0.5167669653892517,0.6322647333145142,same_codec_direct,0,4096,4096,12290,0.007202181965112686,21.425359102563167,0.8115248680114746,0.5570160150527954,1
kodak,22.png,15.0,30.0,4073867840,-0.17790867388248444,1.0333631038665771,-0.5167669653892517,0.6322647333145142,same_codec_full_HARQ,1,4096,8192,16388,0.0071449242532253265,21.46002371013058,0.8137978315353394,0.5574209094047546,1
kodak,22.png,15.0,30.0,4073867840,-0.17790867388248444,1.0333631038665771,-0.5167669653892517,0.6322647333145142,adaptive_HARQ,1,4096,8192,16388,0.0071449242532253265,21.46002371013058,0.8137978315353394,0.5574209094047546,1
kodak,22.png,15.0,30.0,4073867840,-0.17790867388248444,1.0333631038665771,-0.5167669653892517,0.6322647333145142,FlowHARQ,1,4096,8192,16388,0.0071449242532253265,21.46002371013058,0.8137978315353394,0.5574209094047546,1
kodak,22.png,15.0,60.0,4069407,0.9483520984649658,-0.515334963798523,1.1742348670959473,0.1542954444885254,SwinJSCC_author_one_shot,0,16,4096,4130,0.0014916041400283575,28.263464199011196,0.9484841227531433,0.2729127109050751,0
kodak,22.png,15.0,60.0,4069407,0.9483520984649658,-0.515334963798523,1.1742348670959473,0.1542954444885254,SwinJSCC_author_Chase_wrapper,1,16,8192,8228,0.0014399070059880614,28.41665555189725,0.9508418440818787,0.26762980222702026,0
kodak,22.png,15.0,60.0,4069407,0.9483520984649658,-0.515334963798523,1.1742348670959473,0.1542954444885254,same_codec_direct,0,4096,4096,12290,0.007158391177654266,21.451845728285512,0.8137243986129761,0.5571351051330566,1
kodak,22.png,15.0,60.0,4069407,0.9483520984649658,-0.515334963798523,1.1742348670959473,0.1542954444885254,same_codec_full_HARQ,1,4096,8192,16388,0.007139928638935089,21.46306128822087,0.8154354095458984,0.5562826991081238,1
kodak,22.png,15.0,60.0,4069407,0.9483520984649658,-0.515334963798523,1.1742348670959473,0.1542954444885254,adaptive_HARQ,1,4096,8192,16388,0.007139928638935089,21.46306128822087,0.8154354095458984,0.5562826991081238,1
kodak,22.png,15.0,60.0,4069407,0.9483520984649658,-0.515334963798523,1.1742348670959473,0.1542954444885254,FlowHARQ,1,4096,8192,16388,0.007139928638935089,21.46306128822087,0.8154354095458984,0.5562826991081238,1
kodak,22.png,15.0,90.0,3858813473,-0.1537361741065979,0.4898729920387268,-0.6254819631576538,-0.17166514694690704,SwinJSCC_author_one_shot,0,16,4096,4130,0.0019150350708514452,27.178232682030394,0.927777886390686,0.28229573369026184,0
kodak,22.png,15.0,90.0,3858813473,-0.1537361741065979,0.4898729920387268,-0.6254819631576538,-0.17166514694690704,SwinJSCC_author_Chase_wrapper,1,16,8192,8228,0.0016057559987530112,27.943204468816866,0.9436675310134888,0.27280324697494507,0
kodak,22.png,15.0,90.0,3858813473,-0.1537361741065979,0.4898729920387268,-0.6254819631576538,-0.17166514694690704,same_codec_direct,0,4096,4096,12290,0.007735201623290777,21.11528361636056,0.7944905161857605,0.571069598197937,1
kodak,22.png,15.0,90.0,3858813473,-0.1537361741065979,0.4898729920387268,-0.6254819631576538,-0.17166514694690704,same_codec_full_HARQ,1,4096,8192,16388,0.007333050481975079,21.347153252365253,0.8090817332267761,0.5639102458953857,1
kodak,22.png,15.0,90.0,3858813473,-0.1537361741065979,0.4898729920387268,-0.6254819631576538,-0.17166514694690704,adaptive_HARQ,1,4096,8192,16388,0.007333050481975079,21.347153252365253,0.8090817332267761,0.5639102458953857,1
kodak,22.png,15.0,90.0,3858813473,-0.1537361741065979,0.4898729920387268,-0.6254819631576538,-0.17166514694690704,FlowHARQ,1,4096,8192,16388,0.007333050481975079,21.347153252365253,0.8090817332267761,0.5639102458953857,1
kodak,22.png,15.0,120.0,1197606679,1.2550857067108154,0.5648036003112793,0.4053407311439514,-0.021235346794128418,SwinJSCC_author_one_shot,0,16,4096,4130,0.0014597926056012511,28.35708840544907,0.9500049948692322,0.27249637246131897,0
kodak,22.png,15.0,120.0,1197606679,1.2550857067108154,0.5648036003112793,0.4053407311439514,-0.021235346794128418,SwinJSCC_author_Chase_wrapper,1,16,8192,8228,0.0014560346025973558,28.368283039113585,0.9502359628677368,0.27272891998291016,0
kodak,22.png,15.0,120.0,1197606679,1.2550857067108154,0.5648036003112793,0.4053407311439514,-0.021235346794128418,same_codec_direct,0,4096,4096,12290,0.007104167249053717,21.484868227803954,0.8151311874389648,0.558134913444519,1
kodak,22.png,15.0,120.0,1197606679,1.2550857067108154,0.5648036003112793,0.4053407311439514,-0.021235346794128418,same_codec_full_HARQ,1,4096,8192,16388,0.007101302966475487,21.486619584311445,0.8151068687438965,0.5573008060455322,1
kodak,22.png,15.0,120.0,1197606679,1.2550857067108154,0.5648036003112793,0.4053407311439514,-0.021235346794128418,adaptive_HARQ,1,4096,8192,16388,0.007101302966475487,21.486619584311445,0.8151068687438965,0.5573008060455322,1
kodak,22.png,15.0,120.0,1197606679,1.2550857067108154,0.5648036003112793,0.4053407311439514,-0.021235346794128418,FlowHARQ,1,4096,8192,16388,0.007101302966475487,21.486619584311445,0.8151068687438965,0.5573008060455322,1
kodak,23.png,0.0,30.0,471038386,0.6775464415550232,0.4566076099872589,0.9515475630760193,-0.1787731945514679,SwinJSCC_author_one_shot,0,16,4096,4130,0.022938324138522148,16.394383145942363,0.5019732713699341,0.6344625353813171,1
kodak,23.png,0.0,30.0,471038386,0.6775464415550232,0.4566076099872589,0.9515475630760193,-0.1787731945514679,SwinJSCC_author_Chase_wrapper,1,16,8192,8228,0.005065332166850567,22.953920698495658,0.8496823310852051,0.2917294502258301,1
kodak,23.png,0.0,30.0,471038386,0.6775464415550232,0.4566076099872589,0.9515475630760193,-0.1787731945514679,same_codec_direct,0,4096,4096,12290,0.007549305912107229,21.220929758408232,0.8037195205688477,0.47573399543762207,1
kodak,23.png,0.0,30.0,471038386,0.6775464415550232,0.4566076099872589,0.9515475630760193,-0.1787731945514679,same_codec_full_HARQ,1,4096,8192,16388,0.005605650600045919,22.513739752880028,0.8561115264892578,0.4072381556034088,1
kodak,23.png,0.0,30.0,471038386,0.6775464415550232,0.4566076099872589,0.9515475630760193,-0.1787731945514679,adaptive_HARQ,1,4096,8192,16388,0.005605650600045919,22.513739752880028,0.8561115264892578,0.4072381556034088,1
kodak,23.png,0.0,30.0,471038386,0.6775464415550232,0.4566076099872589,0.9515475630760193,-0.1787731945514679,FlowHARQ,1,4096,8192,16388,0.005605650600045919,22.513739752880028,0.8561115264892578,0.4072381556034088,1
kodak,23.png,0.0,60.0,617251007,0.1613432914018631,-0.4511573910713196,-0.2947250008583069,-1.2745301723480225,SwinJSCC_author_one_shot,0,16,4096,4130,0.05746253952383995,12.406151845254332,0.21780836582183838,0.7789920568466187,1
kodak,23.png,0.0,60.0,617251007,0.1613432914018631,-0.4511573910713196,-0.2947250008583069,-1.2745301723480225,SwinJSCC_author_Chase_wrapper,1,16,8192,8228,0.003646591678261757,24.381128634494836,0.8988064527511597,0.24905617535114288,0
kodak,23.png,0.0,60.0,617251007,0.1613432914018631,-0.4511573910713196,-0.2947250008583069,-1.2745301723480225,same_codec_direct,0,4096,4096,12290,0.012903346680104733,18.892976341814226,0.7078174948692322,0.5524624586105347,1
kodak,23.png,0.0,60.0,617251007,0.1613432914018631,-0.4511573910713196,-0.2947250008583069,-1.2745301723480225,same_codec_full_HARQ,1,4096,8192,16388,0.005345332436263561,22.72025280025779,0.8620347380638123,0.3761257827281952,1
kodak,23.png,0.0,60.0,617251007,0.1613432914018631,-0.4511573910713196,-0.2947250008583069,-1.2745301723480225,adaptive_HARQ,1,4096,8192,16388,0.005345332436263561,22.72025280025779,0.8620347380638123,0.3761257827281952,1
kodak,23.png,0.0,60.0,617251007,0.1613432914018631,-0.4511573910713196,-0.2947250008583069,-1.2745301723480225,FlowHARQ,1,4096,8192,16388,0.005345332436263561,22.72025280025779,0.8620347380638123,0.3761257827281952,1
kodak,23.png,0.0,90.0,157143941,0.4418123960494995,-0.5471208095550537,0.04915802180767059,0.08696765452623367,SwinJSCC_author_one_shot,0,16,4096,4130,0.029007550328969955,15.374889455693294,0.4594009816646576,0.764575719833374,1
kodak,23.png,0.0,90.0,157143941,0.4418123960494995,-0.5471208095550537,0.04915802180767059,0.08696765452623367,SwinJSCC_author_Chase_wrapper,1,16,8192,8228,0.02743532322347164,15.616899188889604,0.4703368544578552,0.7499428987503052,1
kodak,23.png,0.0,90.0,157143941,0.4418123960494995,-0.5471208095550537,0.04915802180767059,0.08696765452623367,same_codec_direct,0,4096,4096,12290,0.008474779315292835,20.718716020804465,0.7828242182731628,0.47560495138168335,1
kodak,23.png,0.0,90.0,157143941,0.4418123960494995,-0.5471208095550537,0.04915802180767059,0.08696765452623367,same_codec_full_HARQ,1,4096,8192,16388,0.00844904500991106,20.731923763005213,0.7861860990524292,0.4783335030078888,1
kodak,23.png,0.0,90.0,157143941,0.4418123960494995,-0.5471208095550537,0.04915802180767059,0.08696765452623367,adaptive_HARQ,1,4096,8192,16388,0.00844904500991106,20.731923763005213,0.7861860990524292,0.4783335030078888,1
kodak,23.png,0.0,90.0,157143941,0.4418123960494995,-0.5471208095550537,0.04915802180767059,0.08696765452623367,FlowHARQ,1,4096,8192,16388,0.00844904500991106,20.731923763005213,0.7861860990524292,0.4783335030078888,1
kodak,23.png,0.0,120.0,3298628327,-0.327310711145401,0.2594297230243683,-0.3305569887161255,-0.4366688132286072,SwinJSCC_author_one_shot,0,16,4096,4130,0.07010074704885483,11.542773538241171,0.18620896339416504,0.8094249367713928,1
kodak,23.png,0.0,120.0,3298628327,-0.327310711145401,0.2594297230243683,-0.3305569887161255,-0.4366688132286072,SwinJSCC_author_Chase_wrapper,1,16,8192,8228,0.021046219393610954,16.768259066669827,0.47961318492889404,0.7221208214759827,1
kodak,23.png,0.0,120.0,3298628327,-0.327310711145401,0.2594297230243683,-0.3305569887161255,-0.4366688132286072,same_codec_direct,0,4096,4096,12290,0.016866378486156464,17.72978158212348,0.6787129640579224,0.6011587381362915,1
kodak,23.png,0.0,120.0,3298628327,-0.327310711145401,0.2594297230243683,-0.3305569887161255,-0.4366688132286072,same_codec_full_HARQ,1,4096,8192,16388,0.0091735003516078,20.374649180572064,0.7745802402496338,0.47698211669921875,1
kodak,23.png,0.0,120.0,3298628327,-0.327310711145401,0.2594297230243683,-0.3305569887161255,-0.4366688132286072,adaptive_HARQ,1,4096,8192,16388,0.0091735003516078,20.374649180572064,0.7745802402496338,0.47698211669921875,1
kodak,23.png,0.0,120.0,3298628327,-0.327310711145401,0.2594297230243683,-0.3305569887161255,-0.4366688132286072,FlowHARQ,1,4096,8192,16388,0.0091735003516078,20.374649180572064,0.7745802402496338,0.47698211669921875,1
kodak,23.png,3.0,30.0,2271023879,0.1631716936826706,1.0197994709014893,-0.08342540264129639,0.4339669644832611,SwinJSCC_author_one_shot,0,16,4096,4130,0.0038846246898174286,24.106509338810508,0.8990463018417358,0.2551698386669159,0
kodak,23.png,3.0,30.0,2271023879,0.1631716936826706,1.0197994709014893,-0.08342540264129639,0.4339669644832611,SwinJSCC_author_Chase_wrapper,1,16,8192,8228,0.002041221596300602,26.901098454424105,0.9335054159164429,0.200300931930542,0
kodak,23.png,3.0,30.0,2271023879,0.1631716936826706,1.0197994709014893,-0.08342540264129639,0.4339669644832611,same_codec_direct,0,4096,4096,12290,0.004973439499735832,23.033431607403895,0.8626641035079956,0.37141573429107666,1
kodak,23.png,3.0,30.0,2271023879,0.1631716936826706,1.0197994709014893,-0.08342540264129639,0.4339669644832611,same_codec_full_HARQ,1,4096,8192,16388,0.004756228998303413,23.227372435602163,0.8699476718902588,0.35689038038253784,1
kodak,23.png,3.0,30.0,2271023879,0.1631716936826706,1.0197994709014893,-0.08342540264129639,0.4339669644832611,adaptive_HARQ,1,4096,8192,16388,0.004756228998303413,23.227372435602163,0.8699476718902588,0.35689038038253784,1
kodak,23.png,3.0,30.0,2271023879,0.1631716936826706,1.0197994709014893,-0.08342540264129639,0.4339669644832611,FlowHARQ,1,4096,8192,16388,0.004756228998303413,23.227372435602163,0.8699476718902588,0.35689038038253784,1
kodak,23.png,3.0,60.0,3217242352,1.0491763353347778,1.2780170440673828,0.15113325417041779,0.16336607933044434,SwinJSCC_author_one_shot,0,16,4096,4130,0.0009186521638184786,30.36848897677823,0.9740177392959595,0.13639084994792938,0
kodak,23.png,3.0,60.0,3217242352,1.0491763353347778,1.2780170440673828,0.15113325417041779,0.16336607933044434,SwinJSCC_author_Chase_wrapper,1,16,8192,8228,0.0009040229488164186,30.438205447261474,0.9741896390914917,0.13595247268676758,0
kodak,23.png,3.0,60.0,3217242352,1.0491763353347778,1.2780170440673828,0.15113325417041779,0.16336607933044434,same_codec_direct,0,4096,4096,12290,0.004189731553196907,23.778138024991307,0.9020780920982361,0.31016892194747925,1
kodak,23.png,3.0,60.0,3217242352,1.0491763353347778,1.2780170440673828,0.15113325417041779,0.16336607933044434,same_codec_full_HARQ,1,4096,8192,16388,0.0041742585599422455,23.79420653574747,0.9019352793693542,0.3098997473716736,1
kodak,23.png,3.0,60.0,3217242352,1.0491763353347778,1.2780170440673828,0.15113325417041779,0.16336607933044434,adaptive_HARQ,0,4096,4096,12290,0.004189731553196907,23.778138024991307,0.9020780920982361,0.31016892194747925,1
kodak,23.png,3.0,60.0,3217242352,1.0491763353347778,1.2780170440673828,0.15113325417041779,0.16336607933044434,FlowHARQ,0,4096,4096,12290,0.00396932614967227,24.01283214727638,0.9023668169975281,0.31175073981285095,0
kodak,23.png,3.0,90.0,751740600,0.5910898447036743,-0.5340700745582581,-0.16968917846679688,0.44657474756240845,SwinJSCC_author_one_shot,0,16,4096,4130,0.010737158358097076,19.691106416057508,0.7533184885978699,0.3904508352279663,1
kodak,23.png,3.0,90.0,751740600,0.5910898447036743,-0.5340700745582581,-0.16968917846679688,0.44657474756240845,SwinJSCC_author_Chase_wrapper,1,16,8192,8228,0.00681375153362751,21.66613707213979,0.8221365809440613,0.29329800605773926,1
kodak,23.png,3.0,90.0,751740600,0.5910898447036743,-0.5340700745582581,-0.16968917846679688,0.44657474756240845,same_codec_direct,0,4096,4096,12290,0.005633827298879623,22.491964701463356,0.8513211607933044,0.3886411488056183,1
kodak,23.png,3.0,90.0,751740600,0.5910898447036743,-0.5340700745582581,-0.16968917846679688,0.44657474756240845,same_codec_full_HARQ,1,4096,8192,16388,0.00491348234936595,23.086105997191595,0.8677977323532104,0.36847802996635437,1
kodak,23.png,3.0,90.0,751740600,0.5910898447036743,-0.5340700745582581,-0.16968917846679688,0.44657474756240845,adaptive_HARQ,1,4096,8192,16388,0.00491348234936595,23.086105997191595,0.8677977323532104,0.36847802996635437,1
kodak,23.png,3.0,90.0,751740600,0.5910898447036743,-0.5340700745582581,-0.16968917846679688,0.44657474756240845,FlowHARQ,1,4096,8192,16388,0.00491348234936595,23.086105997191595,0.8677977323532104,0.36847802996635437,1
kodak,23.png,3.0,120.0,3281998893,-0.2922215759754181,0.42221444845199585,-0.5471695065498352,-0.84483402967453,SwinJSCC_author_one_shot,0,16,4096,4130,0.032217126339673996,14.919131998100404,0.4685758054256439,0.7202298641204834,1
kodak,23.png,3.0,120.0,3281998893,-0.2922215759754181,0.42221444845199585,-0.5471695065498352,-0.84483402967453,SwinJSCC_author_Chase_wrapper,1,16,8192,8228,0.0017302625346928835,27.618879958781424,0.9462687373161316,0.19009564816951752,0
kodak,23.png,3.0,120.0,3281998893,-0.2922215759754181,0.42221444845199585,-0.5471695065498352,-0.84483402967453,same_codec_direct,0,4096,4096,12290,0.007978132925927639,20.980987320627857,0.8016279935836792,0.4595305621623993,1
kodak,23.png,3.0,120.0,3281998893,-0.2922215759754181,0.42221444845199585,-0.5471695065498352,-0.84483402967453,same_codec_full_HARQ,1,4096,8192,16388,0.004648234695196152,23.32711951991356,0.8816039562225342,0.3317462205886841,1
kodak,23.png,3.0,120.0,3281998893,-0.2922215759754181,0.42221444845199585,-0.5471695065498352,-0.84483402967453,adaptive_HARQ,1,4096,8192,16388,0.004648234695196152,23.32711951991356,0.8816039562225342,0.3317462205886841,1
kodak,23.png,3.0,120.0,3281998893,-0.2922215759754181,0.42221444845199585,-0.5471695065498352,-0.84483402967453,FlowHARQ,1,4096,8192,16388,0.004648234695196152,23.32711951991356,0.8816039562225342,0.3317462205886841,1
kodak,23.png,6.0,30.0,2920733903,0.3993503749370575,-0.10973011702299118,0.5567016005516052,-0.10124441236257553,SwinJSCC_author_one_shot,0,16,4096,4130,0.02213718742132187,16.54877558027887,0.5208581686019897,0.6482446193695068,1
kodak,23.png,6.0,30.0,2920733903,0.3993503749370575,-0.10973011702299118,0.5567016005516052,-0.10124441236257553,SwinJSCC_author_Chase_wrapper,1,16,8192,8228,0.002542987233027816,25.94655820178003,0.9167634844779968,0.22847771644592285,0
kodak,23.png,6.0,30.0,2920733903,0.3993503749370575,-0.10973011702299118,0.5567016005516052,-0.10124441236257553,same_codec_direct,0,4096,4096,12290,0.00698495376855135,21.558364640135768,0.808264970779419,0.44678443670272827,1
kodak,23.png,6.0,30.0,2920733903,0.3993503749370575,-0.10973011702299118,0.5567016005516052,-0.10124441236257553,same_codec_full_HARQ,1,4096,8192,16388,0.004904642701148987,23.093926250977642,0.8625319004058838,0.37177056074142456,1
kodak,23.png,6.0,30.0,2920733903,0.3993503749370575,-0.10973011702299118,0.5567016005516052,-0.10124441236257553,adaptive_HARQ,1,4096,8192,16388,0.004904642701148987,23.093926250977642,0.8625319004058838,0.37177056074142456,1
kodak,23.png,6.0,30.0,2920733903,0.3993503749370575,-0.10973011702299118,0.5567016005516052,-0.10124441236257553,FlowHARQ,1,4096,8192,16388,0.004904642701148987,23.093926250977642,0.8625319004058838,0.37177056074142456,1
kodak,23.png,6.0,60.0,3563212401,-0.8804225921630859,0.024899626150727272,1.2660953998565674,0.2758753001689911,SwinJSCC_author_one_shot,0,16,4096,4130,0.0012523478362709284,29.022750302370884,0.9602236151695251,0.14564388990402222,0
kodak,23.png,6.0,60.0,3563212401,-0.8804225921630859,0.024899626150727272,1.2660953998565674,0.2758753001689911,SwinJSCC_author_Chase_wrapper,1,16,8192,8228,0.0007099736831150949,31.487577491537692,0.9795999526977539,0.1303122639656067,0
kodak,23.png,6.0,60.0,3563212401,-0.8804225921630859,0.024899626150727272,1.2660953998565674,0.2758753001689911,same_codec_direct,0,4096,4096,12290,0.004800173919647932,23.187430270046143,0.8857544660568237,0.33240920305252075,1
kodak,23.png,6.0,60.0,3563212401,-0.8804225921630859,0.024899626150727272,1.2660953998565674,0.2758753001689911,same_codec_full_HARQ,1,4096,8192,16388,0.0038752323016524315,24.117022584991233,0.9125680923461914,0.26948481798171997,0
kodak,23.png,6.0,60.0,3563212401,-0.8804225921630859,0.024899626150727272,1.2660953998565674,0.2758753001689911,adaptive_HARQ,0,4096,4096,12290,0.004800173919647932,23.187430270046143,0.8857544660568237,0.33240920305252075,1
kodak,23.png,6.0,60.0,3563212401,-0.8804225921630859,0.024899626150727272,1.2660953998565674,0.2758753001689911,FlowHARQ,0,4096,4096,12290,0.004475520923733711,23.491564081388233,0.8855697512626648,0.3358849585056305,1
kodak,23.png,6.0,90.0,4040387047,-0.6336396336555481,0.262983113527298,0.7598278522491455,0.032464802265167236,SwinJSCC_author_one_shot,0,16,4096,4130,0.0032061943784356117,24.940101516877405,0.8976346254348755,0.26121971011161804,0
kodak,23.png,6.0,90.0,4040387047,-0.6336396336555481,0.262983113527298,0.7598278522491455,0.032464802265167236,SwinJSCC_author_Chase_wrapper,1,16,8192,8228,0.0011143558658659458,29.529760965037248,0.966691255569458,0.14690005779266357,0
kodak,23.png,6.0,90.0,4040387047,-0.6336396336555481,0.262983113527298,0.7598278522491455,0.032464802265167236,same_codec_direct,0,4096,4096,12290,0.005179831758141518,22.856843459878476,0.8622459173202515,0.3534075617790222,1
kodak,23.png,6.0,90.0,4040387047,-0.6336396336555481,0.262983113527298,0.7598278522491455,0.032464802265167236,same_codec_full_HARQ,1,4096,8192,16388,0.004396549426019192,23.568880401388324,0.8920387029647827,0.3148982524871826,1
kodak,23.png,6.0,90.0,4040387047,-0.6336396336555481,0.262983113527298,0.7598278522491455,0.032464802265167236,adaptive_HARQ,1,4096,8192,16388,0.004396549426019192,23.568880401388324,0.8920387029647827,0.3148982524871826,1
kodak,23.png,6.0,90.0,4040387047,-0.6336396336555481,0.262983113527298,0.7598278522491455,0.032464802265167236,FlowHARQ,1,4096,8192,16388,0.004396549426019192,23.568880401388324,0.8920387029647827,0.3148982524871826,1
kodak,23.png,6.0,120.0,2520382768,-0.147434264421463,-0.27649956941604614,-0.5570207834243774,0.11469957232475281,SwinJSCC_author_one_shot,0,16,4096,4130,0.03672957047820091,14.349841503380143,0.3269215226173401,0.7873905301094055,1
kodak,23.png,6.0,120.0,2520382768,-0.147434264421463,-0.27649956941604614,-0.5570207834243774,0.11469957232475281,SwinJSCC_author_Chase_wrapper,1,16,8192,8228,0.004090292379260063,23.882456469655526,0.8464838862419128,0.28811949491500854,1
kodak,23.png,6.0,120.0,2520382768,-0.147434264421463,-0.27649956941604614,-0.5570207834243774,0.11469957232475281,same_codec_direct,0,4096,4096,12290,0.008732747286558151,20.588491075320476,0.7794767618179321,0.47130611538887024,1
kodak,23.png,6.0,120.0,2520382768,-0.147434264421463,-0.27649956941604614,-0.5570207834243774,0.11469957232475281,same_codec_full_HARQ,1,4096,8192,16388,0.005208434071391821,22.832928287880634,0.8603769540786743,0.36101123690605164,1
kodak,23.png,6.0,120.0,2520382768,-0.147434264421463,-0.27649956941604614,-0.5570207834243774,0.11469957232475281,adaptive_HARQ,1,4096,8192,16388,0.005208434071391821,22.832928287880634,0.8603769540786743,0.36101123690605164,1
kodak,23.png,6.0,120.0,2520382768,-0.147434264421463,-0.27649956941604614,-0.5570207834243774,0.11469957232475281,FlowHARQ,1,4096,8192,16388,0.005208434071391821,22.832928287880634,0.8603769540786743,0.36101123690605164,1
kodak,23.png,9.0,30.0,3403630728,-0.6527496576309204,0.9117116928100586,-0.7894265055656433,0.9183956980705261,SwinJSCC_author_one_shot,0,16,4096,4130,0.0007171078468672931,31.444155252565857,0.9792428016662598,0.1323598325252533,0
kodak,23.png,9.0,30.0,3403630728,-0.6527496576309204,0.9117116928100586,-0.7894265055656433,0.9183956980705261,SwinJSCC_author_Chase_wrapper,1,16,8192,8228,0.0006257957429625094,32.03567395510982,0.9831234812736511,0.12896475195884705,0
kodak,23.png,9.0,30.0,3403630728,-0.6527496576309204,0.9117116928100586,-0.7894265055656433,0.9183956980705261,same_codec_direct,0,4096,4096,12290,0.003938028588891029,24.04721135340473,0.9124022722244263,0.2885094881057739,0
kodak,23.png,9.0,30.0,3403630728,-0.6527496576309204,0.9117116928100586,-0.7894265055656433,0.9183956980705261,same_codec_full_HARQ,1,4096,8192,16388,0.0038360494654625654,24.161158012826753,0.9202496409416199,0.2720341086387634,0
kodak,23.png,9.0,30.0,3403630728,-0.6527496576309204,0.9117116928100586,-0.7894265055656433,0.9183956980705261,adaptive_HARQ,0,4096,4096,12290,0.003938028588891029,24.04721135340473,0.9124022722244263,0.2885094881057739,0
kodak,23.png,9.0,30.0,3403630728,-0.6527496576309204,0.9117116928100586,-0.7894265055656433,0.9183956980705261,FlowHARQ,0,4096,4096,12290,0.0037764813750982285,24.229126528209143,0.9123345613479614,0.28703057765960693,0
kodak,23.png,9.0,60.0,2506956071,-1.039397954940796,-0.5554534792900085,-0.9179525375366211,0.3361847400665283,SwinJSCC_author_one_shot,0,16,4096,4130,0.0007107685087248683,31.482718222707714,0.9801320433616638,0.12798850238323212,0
kodak,23.png,9.0,60.0,2506956071,-1.039397954940796,-0.5554534792900085,-0.9179525375366211,0.3361847400665283,SwinJSCC_author_Chase_wrapper,1,16,8192,8228,0.0006398051627911627,31.939522597775966,0.9827749133110046,0.12660880386829376,0
kodak,23.png,9.0,60.0,2506956071,-1.039397954940796,-0.5554534792900085,-0.9179525375366211,0.3361847400665283,same_codec_direct,0,4096,4096,12290,0.003864289727061987,24.129303195890508,0.9144314527511597,0.27819642424583435,0
kodak,23.png,9.0,60.0,2506956071,-1.039397954940796,-0.5554534792900085,-0.9179525375366211,0.3361847400665283,same_codec_full_HARQ,1,4096,8192,16388,0.0037634081672877073,24.244186769265855,0.920052707195282,0.2677362561225891,0
kodak,23.png,9.0,60.0,2506956071,-1.039397954940796,-0.5554534792900085,-0.9179525375366211,0.3361847400665283,adaptive_HARQ,0,4096,4096,12290,0.003864289727061987,24.129303195890508,0.9144314527511597,0.27819642424583435,0
kodak,23.png,9.0,60.0,2506956071,-1.039397954940796,-0.5554534792900085,-0.9179525375366211,0.3361847400665283,FlowHARQ,0,4096,4096,12290,0.0036540997680276632,24.372195992625244,0.9146930575370789,0.2776205241680145,0
kodak,23.png,9.0,90.0,4188607284,-1.227662444114685,0.2214583158493042,1.392660140991211,-0.5020878911018372,SwinJSCC_author_one_shot,0,16,4096,4130,0.0006900614826008677,31.61112213081967,0.9806835055351257,0.13073262572288513,0
kodak,23.png,9.0,90.0,4188607284,-1.227662444114685,0.2214583158493042,1.392660140991211,-0.5020878911018372,SwinJSCC_author_Chase_wrapper,1,16,8192,8228,0.0006006711046211421,32.21363259355165,0.984069287776947,0.12598522007465363,0
kodak,23.png,9.0,90.0,4188607284,-1.227662444114685,0.2214583158493042,1.392660140991211,-0.5020878911018372,same_codec_direct,0,4096,4096,12290,0.003984452225267887,23.996313761236884,0.9147943258285522,0.2760429382324219,1
kodak,23.png,9.0,90.0,4188607284,-1.227662444114685,0.2214583158493042,1.392660140991211,-0.5020878911018372,same_codec_full_HARQ,1,4096,8192,16388,0.0037675376515835524,24.239423987895048,0.9227045774459839,0.26343709230422974,0
kodak,23.png,9.0,90.0,4188607284,-1.227662444114685,0.2214583158493042,1.392660140991211,-0.5020878911018372,adaptive_HARQ,0,4096,4096,12290,0.003984452225267887,23.996313761236884,0.9147943258285522,0.2760429382324219,1
kodak,23.png,9.0,90.0,4188607284,-1.227662444114685,0.2214583158493042,1.392660140991211,-0.5020878911018372,FlowHARQ,0,4096,4096,12290,0.003793207695707679,24.20993377009772,0.9150597453117371,0.27674147486686707,0
kodak,23.png,9.0,120.0,2393082014,0.7219178676605225,0.7444851994514465,-0.7690259218215942,-0.49041205644607544,SwinJSCC_author_one_shot,0,16,4096,4130,0.0007409709505736828,31.301988180029273,0.9788720011711121,0.1265312135219574,0
kodak,23.png,9.0,120.0,2393082014,0.7219178676605225,0.7444851994514465,-0.7690259218215942,-0.49041205644607544,SwinJSCC_author_Chase_wrapper,1,16,8192,8228,0.0006717205396853387,31.728113717614228,0.9816967248916626,0.12678886950016022,0
kodak,23.png,9.0,120.0,2393082014,0.7219178676605225,0.7444851994514465,-0.7690259218215942,-0.49041205644607544,same_codec_direct,0,4096,4096,12290,0.004045957233756781,23.929787120846413,0.9088138937950134,0.28828442096710205,1
kodak,23.png,9.0,120.0,2393082014,0.7219178676605225,0.7444851994514465,-0.7690259218215942,-0.49041205644607544,same_codec_full_HARQ,1,4096,8192,16388,0.0038333008997142315,24.164270889229364,0.9171552062034607,0.2783748209476471,0
kodak,23.png,9.0,120.0,2393082014,0.7219178676605225,0.7444851994514465,-0.7690259218215942,-0.49041205644607544,adaptive_HARQ,0,4096,4096,12290,0.004045957233756781,23.929787120846413,0.9088138937950134,0.28828442096710205,1
kodak,23.png,9.0,120.0,2393082014,0.7219178676605225,0.7444851994514465,-0.7690259218215942,-0.49041205644607544,FlowHARQ,0,4096,4096,12290,0.0038122914265841246,24.188139075825884,0.9082647562026978,0.2885741889476776,0
kodak,23.png,12.0,30.0,2292019553,-0.4911811351776123,-0.7385412454605103,0.06377601623535156,-0.6042253971099854,SwinJSCC_author_one_shot,0,16,4096,4130,0.0006877050618641078,31.62597779014732,0.9811362028121948,0.12712042033672333,0
kodak,23.png,12.0,30.0,2292019553,-0.4911811351776123,-0.7385412454605103,0.06377601623535156,-0.6042253971099854,SwinJSCC_author_Chase_wrapper,1,16,8192,8228,0.0006475101690739393,31.88753406647454,0.9826594591140747,0.12682639062404633,0
kodak,23.png,12.0,30.0,2292019553,-0.4911811351776123,-0.7385412454605103,0.06377601623535156,-0.6042253971099854,same_codec_direct,0,4096,4096,12290,0.004106165375560522,23.8656356342937,0.9130852222442627,0.29131150245666504,1
kodak,23.png,12.0,30.0,2292019553,-0.4911811351776123,-0.7385412454605103,0.06377601623535156,-0.6042253971099854,same_codec_full_HARQ,1,4096,8192,16388,0.0038863520603626966,24.10457859694244,0.9180046916007996,0.27701646089553833,0
kodak,23.png,12.0,30.0,2292019553,-0.4911811351776123,-0.7385412454605103,0.06377601623535156,-0.6042253971099854,adaptive_HARQ,0,4096,4096,12290,0.004106165375560522,23.8656356342937,0.9130852222442627,0.29131150245666504,1
kodak,23.png,12.0,30.0,2292019553,-0.4911811351776123,-0.7385412454605103,0.06377601623535156,-0.6042253971099854,FlowHARQ,0,4096,4096,12290,0.003937056288123131,24.048283760539356,0.9135000705718994,0.29253891110420227,0
kodak,23.png,12.0,60.0,3615703075,0.9383711814880371,-0.6925182938575745,0.01772087812423706,1.2428723573684692,SwinJSCC_author_one_shot,0,16,4096,4130,0.0006198140326887369,32.07738595488966,0.9833433628082275,0.12248492240905762,0
kodak,23.png,12.0,60.0,3615703075,0.9383711814880371,-0.6925182938575745,0.01772087812423706,1.2428723573684692,SwinJSCC_author_Chase_wrapper,1,16,8192,8228,0.0005816097836941481,32.35368296494543,0.9847972393035889,0.1229574978351593,0
kodak,23.png,12.0,60.0,3615703075,0.9383711814880371,-0.6925182938575745,0.01772087812423706,1.2428723573684692,same_codec_direct,0,4096,4096,12290,0.0037700531538575888,24.23652526647176,0.9201929569244385,0.26920780539512634,0
kodak,23.png,12.0,60.0,3615703075,0.9383711814880371,-0.6925182938575745,0.01772087812423706,1.2428723573684692,same_codec_full_HARQ,1,4096,8192,16388,0.0037077460438013077,24.3089001982225,0.9240581393241882,0.25929027795791626,0
kodak,23.png,12.0,60.0,3615703075,0.9383711814880371,-0.6925182938575745,0.01772087812423706,1.2428723573684692,adaptive_HARQ,0,4096,4096,12290,0.0037700531538575888,24.23652526647176,0.9201929569244385,0.26920780539512634,0
kodak,23.png,12.0,60.0,3615703075,0.9383711814880371,-0.6925182938575745,0.01772087812423706,1.2428723573684692,FlowHARQ,0,4096,4096,12290,0.0036326847039163113,24.3977229475814,0.9206680655479431,0.26875460147857666,0
kodak,23.png,12.0,90.0,2371578426,0.5243912935256958,-0.8947125673294067,-0.5120100378990173,-0.679958164691925,SwinJSCC_author_one_shot,0,16,4096,4130,0.0006468354258686304,31.8920620268347,0.9824541807174683,0.1244962215423584,0
kodak,23.png,12.0,90.0,2371578426,0.5243912935256958,-0.8947125673294067,-0.5120100378990173,-0.679958164691925,SwinJSCC_author_Chase_wrapper,1,16,8192,8228,0.0006051477394066751,32.181385847257,0.9840773344039917,0.1250256448984146,0
kodak,23.png,12.0,90.0,2371578426,0.5243912935256958,-0.8947125673294067,-0.5120100378990173,-0.679958164691925,same_codec_direct,0,4096,4096,12290,0.0038368410896509886,24.160261875926263,0.9170588254928589,0.27839964628219604,0
kodak,23.png,12.0,90.0,2371578426,0.5243912935256958,-0.8947125673294067,-0.5120100378990173,-0.679958164691925,same_codec_full_HARQ,1,4096,8192,16388,0.0037514627911150455,24.257993567424187,0.9215120673179626,0.26918545365333557,0
kodak,23.png,12.0,90.0,2371578426,0.5243912935256958,-0.8947125673294067,-0.5120100378990173,-0.679958164691925,adaptive_HARQ,0,4096,4096,12290,0.0038368410896509886,24.160261875926263,0.9170588254928589,0.27839964628219604,0
kodak,23.png,12.0,90.0,2371578426,0.5243912935256958,-0.8947125673294067,-0.5120100378990173,-0.679958164691925,FlowHARQ,0,4096,4096,12290,0.003696687053889036,24.32187313430621,0.9170458316802979,0.277222603559494,0
kodak,23.png,12.0,120.0,558851304,2.1889092922210693,0.2169714868068695,-0.330385684967041,-0.571670651435852,SwinJSCC_author_one_shot,0,16,4096,4130,0.000564180314540863,32.48582071380629,0.9856278896331787,0.12395873665809631,0
kodak,23.png,12.0,120.0,558851304,2.1889092922210693,0.2169714868068695,-0.330385684967041,-0.571670651435852,SwinJSCC_author_Chase_wrapper,1,16,8192,8228,0.0005612593377009034,32.508364205485464,0.9857181310653687,0.12432993203401566,0
kodak,23.png,12.0,120.0,558851304,2.1889092922210693,0.2169714868068695,-0.330385684967041,-0.571670651435852,same_codec_direct,0,4096,4096,12290,0.003696996485814452,24.321509622459672,0.9254335165023804,0.26168298721313477,0
kodak,23.png,12.0,120.0,558851304,2.1889092922210693,0.2169714868068695,-0.330385684967041,-0.571670651435852,same_codec_full_HARQ,1,4096,8192,16388,0.0036990016233175993,24.3191547809317,0.9256604909896851,0.2606981098651886,0
kodak,23.png,12.0,120.0,558851304,2.1889092922210693,0.2169714868068695,-0.330385684967041,-0.571670651435852,adaptive_HARQ,0,4096,4096,12290,0.003696996485814452,24.321509622459672,0.9254335165023804,0.26168298721313477,0
kodak,23.png,12.0,120.0,558851304,2.1889092922210693,0.2169714868068695,-0.330385684967041,-0.571670651435852,FlowHARQ,0,4096,4096,12290,0.003604564582929015,24.43147188823058,0.9253517985343933,0.26221928000450134,0
kodak,23.png,15.0,30.0,3681159244,-0.3715847432613373,-0.7858172655105591,-0.7109137773513794,-0.596097469329834,SwinJSCC_author_one_shot,0,16,4096,4130,0.0006201481446623802,32.07504551269467,0.9833248853683472,0.12255820631980896,0
kodak,23.png,15.0,30.0,3681159244,-0.3715847432613373,-0.7858172655105591,-0.7109137773513794,-0.596097469329834,SwinJSCC_author_Chase_wrapper,1,16,8192,8228,0.0005803318344987929,32.36323605261856,0.9850694537162781,0.12578751146793365,0
kodak,23.png,15.0,30.0,3681159244,-0.3715847432613373,-0.7858172655105591,-0.7109137773513794,-0.596097469329834,same_codec_direct,0,4096,4096,12290,0.003741226624697447,24.269859836289662,0.9211289286613464,0.2731288969516754,0
kodak,23.png,15.0,30.0,3681159244,-0.3715847432613373,-0.7858172655105591,-0.7109137773513794,-0.596097469329834,same_codec_full_HARQ,1,4096,8192,16388,0.003657457185909152,24.368207490118742,0.9246872663497925,0.26149246096611023,0
kodak,23.png,15.0,30.0,3681159244,-0.3715847432613373,-0.7858172655105591,-0.7109137773513794,-0.596097469329834,adaptive_HARQ,0,4096,4096,12290,0.003741226624697447,24.269859836289662,0.9211289286613464,0.2731288969516754,0
kodak,23.png,15.0,30.0,3681159244,-0.3715847432613373,-0.7858172655105591,-0.7109137773513794,-0.596097469329834,FlowHARQ,0,4096,4096,12290,0.0036088849883526564,24.426269582618282,0.9212402105331421,0.2738455533981323,0
kodak,23.png,15.0,60.0,2934601838,0.383877158164978,0.9886742830276489,0.5475935339927673,1.0473668575286865,SwinJSCC_author_one_shot,0,16,4096,4130,0.0005985299358144403,32.229141232293465,0.9842356443405151,0.12587980926036835,0
kodak,23.png,15.0,60.0,2934601838,0.383877158164978,0.9886742830276489,0.5475935339927673,1.0473668575286865,SwinJSCC_author_Chase_wrapper,1,16,8192,8228,0.0005688636447302997,32.449918204905,0.9854210615158081,0.1259322166442871,0
kodak,23.png,15.0,60.0,2934601838,0.383877158164978,0.9886742830276489,0.5475935339927673,1.0473668575286865,same_codec_direct,0,4096,4096,12290,0.0037700054235756397,24.23658025012436,0.922886073589325,0.26593929529190063,0
kodak,23.png,15.0,60.0,2934601838,0.383877158164978,0.9886742830276489,0.5475935339927673,1.0473668575286865,same_codec_full_HARQ,1,4096,8192,16388,0.0036959690041840076,24.322716795970322,0.9256812930107117,0.2629663646221161,0
kodak,23.png,15.0,60.0,2934601838,0.383877158164978,0.9886742830276489,0.5475935339927673,1.0473668575286865,adaptive_HARQ,0,4096,4096,12290,0.0037700054235756397,24.23658025012436,0.922886073589325,0.26593929529190063,0
kodak,23.png,15.0,60.0,2934601838,0.383877158164978,0.9886742830276489,0.5475935339927673,1.0473668575286865,FlowHARQ,0,4096,4096,12290,0.0036358609795570374,24.393927307761146,0.9232473373413086,0.2660377621650696,0
kodak,23.png,15.0,90.0,550171558,-0.04007989168167114,0.07540140300989151,-0.175786554813385,1.447198510169983,SwinJSCC_author_one_shot,0,16,4096,4130,0.05317329615354538,12.743064174190026,0.2305363416671753,0.8064278960227966,1
kodak,23.png,15.0,90.0,550171558,-0.04007989168167114,0.07540140300989151,-0.175786554813385,1.447198510169983,SwinJSCC_author_Chase_wrapper,1,16,8192,8228,0.0005612149252556264,32.50870787625919,0.9855625033378601,0.1253856122493744,0
kodak,23.png,15.0,90.0,550171558,-0.04007989168167114,0.07540140300989151,-0.175786554813385,1.447198510169983,same_codec_direct,0,4096,4096,12290,0.014019129797816277,18.53278943269191,0.7287017107009888,0.5483963489532471,1
kodak,23.png,15.0,90.0,550171558,-0.04007989168167114,0.07540140300989151,-0.175786554813385,1.447198510169983,same_codec_full_HARQ,1,4096,8192,16388,0.003699684515595436,24.318353080891253,0.9259316921234131,0.2606751322746277,0
kodak,23.png,15.0,90.0,550171558,-0.04007989168167114,0.07540140300989151,-0.175786554813385,1.447198510169983,adaptive_HARQ,1,4096,8192,16388,0.003699684515595436,24.318353080891253,0.9259316921234131,0.2606751322746277,0
kodak,23.png,15.0,90.0,550171558,-0.04007989168167114,0.07540140300989151,-0.175786554813385,1.447198510169983,FlowHARQ,1,4096,8192,16388,0.003699684515595436,24.318353080891253,0.9259316921234131,0.2606751322746277,0
kodak,23.png,15.0,120.0,3774608113,-0.25368785858154297,-0.02745768614113331,0.27500730752944946,-0.4927848279476166,SwinJSCC_author_one_shot,0,16,4096,4130,0.0025072619318962097,26.008002932316643,0.92588871717453,0.19802339375019073,0
kodak,23.png,15.0,120.0,3774608113,-0.25368785858154297,-0.02745768614113331,0.27500730752944946,-0.4927848279476166,SwinJSCC_author_Chase_wrapper,1,16,8192,8228,0.0007058467017486691,31.51289610299163,0.9802614450454712,0.12984786927700043,0
kodak,23.png,15.0,120.0,3774608113,-0.25368785858154297,-0.02745768614113331,0.27500730752944946,-0.4927848279476166,same_codec_direct,0,4096,4096,12290,0.0052046943455934525,22.836047700765697,0.868977427482605,0.36389055848121643,1
kodak,23.png,15.0,120.0,3774608113,-0.25368785858154297,-0.02745768614113331,0.27500730752944946,-0.4927848279476166,same_codec_full_HARQ,1,4096,8192,16388,0.003928081132471561,24.05819550665939,0.9139374494552612,0.2798078954219818,0
kodak,23.png,15.0,120.0,3774608113,-0.25368785858154297,-0.02745768614113331,0.27500730752944946,-0.4927848279476166,adaptive_HARQ,0,4096,4096,12290,0.0052046943455934525,22.836047700765697,0.868977427482605,0.36389055848121643,1
kodak,23.png,15.0,120.0,3774608113,-0.25368785858154297,-0.02745768614113331,0.27500730752944946,-0.4927848279476166,FlowHARQ,0,4096,4096,12290,0.005032965447753668,22.981760511052304,0.8664900064468384,0.37437766790390015,1
kodak,24.png,0.0,30.0,602379220,0.4719659090042114,-0.5010042786598206,0.556537389755249,-0.4996870756149292,SwinJSCC_author_one_shot,0,16,4096,4130,0.02094285748898983,16.789640625313535,0.39625388383865356,0.6788355708122253,1
kodak,24.png,0.0,30.0,602379220,0.4719659090042114,-0.5010042786598206,0.556537389755249,-0.4996870756149292,SwinJSCC_author_Chase_wrapper,1,16,8192,8228,0.008656355552375317,20.62664913598023,0.6397507190704346,0.5206126570701599,1
kodak,24.png,0.0,30.0,602379220,0.4719659090042114,-0.5010042786598206,0.556537389755249,-0.4996870756149292,same_codec_direct,0,4096,4096,12290,0.006862950976938009,21.63489103327214,0.7315524816513062,0.6749300956726074,1
kodak,24.png,0.0,30.0,602379220,0.4719659090042114,-0.5010042786598206,0.556537389755249,-0.4996870756149292,same_codec_full_HARQ,1,4096,8192,16388,0.005623891483992338,22.499630678527424,0.7865814566612244,0.6298838257789612,1
kodak,24.png,0.0,30.0,602379220,0.4719659090042114,-0.5010042786598206,0.556537389755249,-0.4996870756149292,adaptive_HARQ,1,4096,8192,16388,0.005623891483992338,22.499630678527424,0.7865814566612244,0.6298838257789612,1
kodak,24.png,0.0,30.0,602379220,0.4719659090042114,-0.5010042786598206,0.556537389755249,-0.4996870756149292,FlowHARQ,1,4096,8192,16388,0.005623891483992338,22.499630678527424,0.7865814566612244,0.6298838257789612,1
kodak,24.png,0.0,60.0,607788209,-0.2999989986419678,-0.12406234443187714,0.6137518286705017,1.1153560876846313,SwinJSCC_author_one_shot,0,16,4096,4130,0.13059890270233154,8.840604720067674,0.13167110085487366,0.684524655342102,1
kodak,24.png,0.0,60.0,607788209,-0.2999989986419678,-0.12406234443187714,0.6137518286705017,1.1153560876846313,SwinJSCC_author_Chase_wrapper,1,16,8192,8228,0.005774862132966518,22.38458379506223,0.783321738243103,0.38851773738861084,1
kodak,24.png,0.0,60.0,607788209,-0.2999989986419678,-0.12406234443187714,0.6137518286705017,1.1153560876846313,same_codec_direct,0,4096,4096,12290,0.010733617469668388,19.692538863894413,0.5535198450088501,0.778150737285614,1
kodak,24.png,0.0,60.0,607788209,-0.2999989986419678,-0.12406234443187714,0.6137518286705017,1.1153560876846313,same_codec_full_HARQ,1,4096,8192,16388,0.005211194045841694,22.830627549911252,0.8237866163253784,0.5960322618484497,1
kodak,24.png,0.0,60.0,607788209,-0.2999989986419678,-0.12406234443187714,0.6137518286705017,1.1153560876846313,adaptive_HARQ,1,4096,8192,16388,0.005211194045841694,22.830627549911252,0.8237866163253784,0.5960322618484497,1
kodak,24.png,0.0,60.0,607788209,-0.2999989986419678,-0.12406234443187714,0.6137518286705017,1.1153560876846313,FlowHARQ,1,4096,8192,16388,0.005211194045841694,22.830627549911252,0.8237866163253784,0.5960322618484497,1
kodak,24.png,0.0,90.0,1721834927,-0.03742409124970436,0.2991095185279846,-0.7392080426216125,-1.105182409286499,SwinJSCC_author_one_shot,0,16,4096,4130,0.14140336215496063,8.495402641742867,0.06067250296473503,0.6829127073287964,1
kodak,24.png,0.0,90.0,1721834927,-0.03742409124970436,0.2991095185279846,-0.7392080426216125,-1.105182409286499,SwinJSCC_author_Chase_wrapper,1,16,8192,8228,0.00387377617880702,24.11865475799962,0.8527295589447021,0.3489260673522949,0
kodak,24.png,0.0,90.0,1721834927,-0.03742409124970436,0.2991095185279846,-0.7392080426216125,-1.105182409286499,same_codec_direct,0,4096,4096,12290,0.009961008094251156,20.016967069964107,0.54328453540802,0.7492040395736694,1
kodak,24.png,0.0,90.0,1721834927,-0.03742409124970436,0.2991095185279846,-0.7392080426216125,-1.105182409286499,same_codec_full_HARQ,1,4096,8192,16388,0.005176394246518612,22.859726541772325,0.8176411986351013,0.6088196635246277,1
kodak,24.png,0.0,90.0,1721834927,-0.03742409124970436,0.2991095185279846,-0.7392080426216125,-1.105182409286499,adaptive_HARQ,1,4096,8192,16388,0.005176394246518612,22.859726541772325,0.8176411986351013,0.6088196635246277,1
kodak,24.png,0.0,90.0,1721834927,-0.03742409124970436,0.2991095185279846,-0.7392080426216125,-1.105182409286499,FlowHARQ,1,4096,8192,16388,0.005176394246518612,22.859726541772325,0.8176411986351013,0.6088196635246277,1
kodak,24.png,0.0,120.0,4134828107,-0.4704436659812927,1.3043416738510132,-0.5068522095680237,-0.024659186601638794,SwinJSCC_author_one_shot,0,16,4096,4130,0.0033811558969318867,24.709348045029742,0.8535685539245605,0.34399861097335815,0
kodak,24.png,0.0,120.0,4134828107,-0.4704436659812927,1.3043416738510132,-0.5068522095680237,-0.024659186601638794,SwinJSCC_author_Chase_wrapper,1,16,8192,8228,0.002573662903159857,25.89448337340245,0.8911275863647461,0.30093103647232056,0
kodak,24.png,0.0,120.0,4134828107,-0.4704436659812927,1.3043416738510132,-0.5068522095680237,-0.024659186601638794,same_codec_direct,0,4096,4096,12290,0.005251184105873108,22.797427551345514,0.8299262523651123,0.6000488996505737,1
kodak,24.png,0.0,120.0,4134828107,-0.4704436659812927,1.3043416738510132,-0.5068522095680237,-0.024659186601638794,same_codec_full_HARQ,1,4096,8192,16388,0.005156992934644222,22.876034635995154,0.8352363109588623,0.5920621156692505,1
kodak,24.png,0.0,120.0,4134828107,-0.4704436659812927,1.3043416738510132,-0.5068522095680237,-0.024659186601638794,adaptive_HARQ,1,4096,8192,16388,0.005156992934644222,22.876034635995154,0.8352363109588623,0.5920621156692505,1
kodak,24.png,0.0,120.0,4134828107,-0.4704436659812927,1.3043416738510132,-0.5068522095680237,-0.024659186601638794,FlowHARQ,0,4096,4096,12290,0.004972652532160282,23.03411886361491,0.8270479440689087,0.605791449546814,1
kodak,24.png,3.0,30.0,471908,0.2918698191642761,0.9984707236289978,-0.037936314940452576,0.6087356805801392,SwinJSCC_author_one_shot,0,16,4096,4130,0.0032254408579319715,24.914109169723105,0.8628948926925659,0.32581228017807007,0
kodak,24.png,3.0,30.0,471908,0.2918698191642761,0.9984707236289978,-0.037936314940452576,0.6087356805801392,SwinJSCC_author_Chase_wrapper,1,16,8192,8228,0.0020948597230017185,26.788450531587713,0.9177519679069519,0.26043108105659485,0
kodak,24.png,3.0,30.0,471908,0.2918698191642761,0.9984707236289978,-0.037936314940452576,0.6087356805801392,same_codec_direct,0,4096,4096,12290,0.004840501118451357,23.151096751918555,0.8319759368896484,0.6072466969490051,1
kodak,24.png,3.0,30.0,471908,0.2918698191642761,0.9984707236289978,-0.037936314940452576,0.6087356805801392,same_codec_full_HARQ,1,4096,8192,16388,0.004616632126271725,23.356747305810813,0.8449834585189819,0.5897295475006104,1
kodak,24.png,3.0,30.0,471908,0.2918698191642761,0.9984707236289978,-0.037936314940452576,0.6087356805801392,adaptive_HARQ,1,4096,8192,16388,0.004616632126271725,23.356747305810813,0.8449834585189819,0.5897295475006104,1
kodak,24.png,3.0,30.0,471908,0.2918698191642761,0.9984707236289978,-0.037936314940452576,0.6087356805801392,FlowHARQ,1,4096,8192,16388,0.004616632126271725,23.356747305810813,0.8449834585189819,0.5897295475006104,1
kodak,24.png,3.0,60.0,131697665,-0.5723647475242615,0.13355709612369537,-0.9026942253112793,-0.55406653881073,SwinJSCC_author_one_shot,0,16,4096,4130,0.012618104927241802,18.99005865491404,0.5746206045150757,0.6824923157691956,1
kodak,24.png,3.0,60.0,131697665,-0.5723647475242615,0.13355709612369537,-0.9026942253112793,-0.55406653881073,SwinJSCC_author_Chase_wrapper,1,16,8192,8228,0.002232547150924802,26.511993601347275,0.9000853896141052,0.26837873458862305,0
kodak,24.png,3.0,60.0,131697665,-0.5723647475242615,0.13355709612369537,-0.9026942253112793,-0.55406653881073,same_codec_direct,0,4096,4096,12290,0.006151094101369381,22.11047628952052,0.7618597745895386,0.6847323179244995,1
kodak,24.png,3.0,60.0,131697665,-0.5723647475242615,0.13355709612369537,-0.9026942253112793,-0.55406653881073,same_codec_full_HARQ,1,4096,8192,16388,0.004785311874002218,23.200897526113966,0.8427311778068542,0.5931986570358276,1
kodak,24.png,3.0,60.0,131697665,-0.5723647475242615,0.13355709612369537,-0.9026942253112793,-0.55406653881073,adaptive_HARQ,1,4096,8192,16388,0.004785311874002218,23.200897526113966,0.8427311778068542,0.5931986570358276,1
kodak,24.png,3.0,60.0,131697665,-0.5723647475242615,0.13355709612369537,-0.9026942253112793,-0.55406653881073,FlowHARQ,1,4096,8192,16388,0.004785311874002218,23.200897526113966,0.8427311778068542,0.5931986570358276,1
kodak,24.png,3.0,90.0,3055809285,-0.2214607447385788,0.32206618785858154,-0.5870461463928223,-0.2399369478225708,SwinJSCC_author_one_shot,0,16,4096,4130,0.03677952289581299,14.343939087319715,0.2515834867954254,0.6960345506668091,1
kodak,24.png,3.0,90.0,3055809285,-0.2214607447385788,0.32206618785858154,-0.5870461463928223,-0.2399369478225708,SwinJSCC_author_Chase_wrapper,1,16,8192,8228,0.0066505540162324905,21.77142174821606,0.7028281092643738,0.5257037281990051,1
kodak,24.png,3.0,90.0,3055809285,-0.2214607447385788,0.32206618785858154,-0.5870461463928223,-0.2399369478225708,same_codec_direct,0,4096,4096,12290,0.0077485754154622555,21.10778135696738,0.7031156420707703,0.7180109024047852,1
kodak,24.png,3.0,90.0,3055809285,-0.2214607447385788,0.32206618785858154,-0.5870461463928223,-0.2399369478225708,same_codec_full_HARQ,1,4096,8192,16388,0.00569508783519268,22.444995734206437,0.7964603304862976,0.6487585306167603,1
kodak,24.png,3.0,90.0,3055809285,-0.2214607447385788,0.32206618785858154,-0.5870461463928223,-0.2399369478225708,adaptive_HARQ,1,4096,8192,16388,0.00569508783519268,22.444995734206437,0.7964603304862976,0.6487585306167603,1
kodak,24.png,3.0,90.0,3055809285,-0.2214607447385788,0.32206618785858154,-0.5870461463928223,-0.2399369478225708,FlowHARQ,1,4096,8192,16388,0.00569508783519268,22.444995734206437,0.7964603304862976,0.6487585306167603,1
kodak,24.png,3.0,120.0,2454996583,0.5945216417312622,0.42959657311439514,0.3325503468513489,-0.7021414041519165,SwinJSCC_author_one_shot,0,16,4096,4130,0.007480905391275883,21.260458376114975,0.7042860984802246,0.5556374192237854,1
kodak,24.png,3.0,120.0,2454996583,0.5945216417312622,0.42959657311439514,0.3325503468513489,-0.7021414041519165,SwinJSCC_author_Chase_wrapper,1,16,8192,8228,0.003371107392013073,24.722274121139204,0.8773592710494995,0.30568671226501465,0
kodak,24.png,3.0,120.0,2454996583,0.5945216417312622,0.42959657311439514,0.3325503468513489,-0.7021414041519165,same_codec_direct,0,4096,4096,12290,0.005657318513840437,22.47389369269278,0.7950078845024109,0.6139472723007202,1
kodak,24.png,3.0,120.0,2454996583,0.5945216417312622,0.42959657311439514,0.3325503468513489,-0.7021414041519165,same_codec_full_HARQ,1,4096,8192,16388,0.004920640494674444,23.07978363655716,0.8380990028381348,0.5966293215751648,1
kodak,24.png,3.0,120.0,2454996583,0.5945216417312622,0.42959657311439514,0.3325503468513489,-0.7021414041519165,adaptive_HARQ,1,4096,8192,16388,0.004920640494674444,23.07978363655716,0.8380990028381348,0.5966293215751648,1
kodak,24.png,3.0,120.0,2454996583,0.5945216417312622,0.42959657311439514,0.3325503468513489,-0.7021414041519165,FlowHARQ,1,4096,8192,16388,0.004920640494674444,23.07978363655716,0.8380990028381348,0.5966293215751648,1
kodak,24.png,6.0,30.0,889679206,0.5717560052871704,-0.4794631004333496,0.1338503062725067,-0.40896159410476685,SwinJSCC_author_one_shot,0,16,4096,4130,0.0025454992428421974,25.942270278073558,0.8989459276199341,0.3019852638244629,0
kodak,24.png,6.0,30.0,889679206,0.5717560052871704,-0.4794631004333496,0.1338503062725067,-0.40896159410476685,SwinJSCC_author_Chase_wrapper,1,16,8192,8228,0.0019338945858180523,27.135672024584146,0.9245204925537109,0.24420544505119324,0
kodak,24.png,6.0,30.0,889679206,0.5717560052871704,-0.4794631004333496,0.1338503062725067,-0.40896159410476685,same_codec_direct,0,4096,4096,12290,0.005022586323320866,22.990725902850908,0.8317674398422241,0.6034838557243347,1
kodak,24.png,6.0,30.0,889679206,0.5717560052871704,-0.4794631004333496,0.1338503062725067,-0.40896159410476685,same_codec_full_HARQ,1,4096,8192,16388,0.0048517403192818165,23.14102452018372,0.8428347110748291,0.5885385274887085,1
kodak,24.png,6.0,30.0,889679206,0.5717560052871704,-0.4794631004333496,0.1338503062725067,-0.40896159410476685,adaptive_HARQ,1,4096,8192,16388,0.0048517403192818165,23.14102452018372,0.8428347110748291,0.5885385274887085,1
kodak,24.png,6.0,30.0,889679206,0.5717560052871704,-0.4794631004333496,0.1338503062725067,-0.40896159410476685,FlowHARQ,1,4096,8192,16388,0.0048517403192818165,23.14102452018372,0.8428347110748291,0.5885385274887085,1
kodak,24.png,6.0,60.0,3326080746,0.5215077996253967,-1.3867974281311035,1.1553407907485962,1.2478892803192139,SwinJSCC_author_one_shot,0,16,4096,4130,0.0015053367242217064,28.223663431834392,0.9638072848320007,0.1758025884628296,0
kodak,24.png,6.0,60.0,3326080746,0.5215077996253967,-1.3867974281311035,1.1553407907485962,1.2478892803192139,SwinJSCC_author_Chase_wrapper,1,16,8192,8228,0.0009838431142270565,30.070741495947132,0.9718265533447266,0.1611216962337494,0
kodak,24.png,6.0,60.0,3326080746,0.5215077996253967,-1.3867974281311035,1.1553407907485962,1.2478892803192139,same_codec_direct,0,4096,4096,12290,0.0043006520718336105,23.66465690995041,0.8755689859390259,0.558251142501831,1
kodak,24.png,6.0,60.0,3326080746,0.5215077996253967,-1.3867974281311035,1.1553407907485962,1.2478892803192139,same_codec_full_HARQ,1,4096,8192,16388,0.004123368300497532,23.847478721522876,0.8858298659324646,0.5532711744308472,1
kodak,24.png,6.0,60.0,3326080746,0.5215077996253967,-1.3867974281311035,1.1553407907485962,1.2478892803192139,adaptive_HARQ,0,4096,4096,12290,0.0043006520718336105,23.66465690995041,0.8755689859390259,0.558251142501831,1
kodak,24.png,6.0,60.0,3326080746,0.5215077996253967,-1.3867974281311035,1.1553407907485962,1.2478892803192139,FlowHARQ,0,4096,4096,12290,0.0042047034949064255,23.762646241386435,0.8749194145202637,0.5601553916931152,1
kodak,24.png,6.0,90.0,1259168458,0.7639546990394592,-0.04174089804291725,-0.08006797730922699,1.3043943643569946,SwinJSCC_author_one_shot,0,16,4096,4130,0.0026529673486948013,25.762680950493092,0.8928952217102051,0.30168622732162476,0
kodak,24.png,6.0,90.0,1259168458,0.7639546990394592,-0.04174089804291725,-0.08006797730922699,1.3043943643569946,SwinJSCC_author_Chase_wrapper,1,16,8192,8228,0.0011395929614081979,29.432502418044635,0.9643266201019287,0.1679510772228241,0
kodak,24.png,6.0,90.0,1259168458,0.7639546990394592,-0.04174089804291725,-0.08006797730922699,1.3043943643569946,same_codec_direct,0,4096,4096,12290,0.004724182188510895,23.256733621298128,0.8436441421508789,0.6018185019493103,1
kodak,24.png,6.0,90.0,1259168458,0.7639546990394592,-0.04174089804291725,-0.08006797730922699,1.3043943643569946,same_codec_full_HARQ,1,4096,8192,16388,0.004311122931540012,23.654095930755282,0.8757514953613281,0.5730023384094238,1
kodak,24.png,6.0,90.0,1259168458,0.7639546990394592,-0.04174089804291725,-0.08006797730922699,1.3043943643569946,adaptive_HARQ,1,4096,8192,16388,0.004311122931540012,23.654095930755282,0.8757514953613281,0.5730023384094238,1
kodak,24.png,6.0,90.0,1259168458,0.7639546990394592,-0.04174089804291725,-0.08006797730922699,1.3043943643569946,FlowHARQ,1,4096,8192,16388,0.004311122931540012,23.654095930755282,0.8757514953613281,0.5730023384094238,1
kodak,24.png,6.0,120.0,3544244955,-1.7415322065353394,1.3392248153686523,-0.04252743721008301,-0.9870591163635254,SwinJSCC_author_one_shot,0,16,4096,4130,0.000979571952484548,30.089636582712664,0.9717056155204773,0.15653195977210999,0
kodak,24.png,6.0,120.0,3544244955,-1.7415322065353394,1.3392248153686523,-0.04252743721008301,-0.9870591163635254,SwinJSCC_author_Chase_wrapper,1,16,8192,8228,0.0009607029496692121,30.174108758715697,0.9726772308349609,0.15416455268859863,0
kodak,24.png,6.0,120.0,3544244955,-1.7415322065353394,1.3392248153686523,-0.04252743721008301,-0.9870591163635254,same_codec_direct,0,4096,4096,12290,0.004157326649874449,23.811858507248086,0.8834461569786072,0.5580289363861084,1
kodak,24.png,6.0,120.0,3544244955,-1.7415322065353394,1.3392248153686523,-0.04252743721008301,-0.9870591163635254,same_codec_full_HARQ,1,4096,8192,16388,0.004136405419558287,23.83376901527235,0.8847553133964539,0.557435929775238,1
kodak,24.png,6.0,120.0,3544244955,-1.7415322065353394,1.3392248153686523,-0.04252743721008301,-0.9870591163635254,adaptive_HARQ,0,4096,4096,12290,0.004157326649874449,23.811858507248086,0.8834461569786072,0.5580289363861084,1
kodak,24.png,6.0,120.0,3544244955,-1.7415322065353394,1.3392248153686523,-0.04252743721008301,-0.9870591163635254,FlowHARQ,0,4096,4096,12290,0.004105175845324993,23.866682351295193,0.883105456829071,0.5583988428115845,1
kodak,24.png,9.0,30.0,4253289489,-0.8138599991798401,1.188608169555664,-0.5186589360237122,0.8850468993186951,SwinJSCC_author_one_shot,0,16,4096,4130,0.0010113988537341356,29.95077542909547,0.9709727168083191,0.1592990756034851,0
kodak,24.png,9.0,30.0,4253289489,-0.8138599991798401,1.188608169555664,-0.5186589360237122,0.8850468993186951,SwinJSCC_author_Chase_wrapper,1,16,8192,8228,0.0009569070534780622,30.191302441687718,0.9734995365142822,0.15338212251663208,0
kodak,24.png,9.0,30.0,4253289489,-0.8138599991798401,1.188608169555664,-0.5186589360237122,0.8850468993186951,same_codec_direct,0,4096,4096,12290,0.00421367771923542,23.753386842262827,0.8823444843292236,0.5519457459449768,1
kodak,24.png,9.0,30.0,4253289489,-0.8138599991798401,1.188608169555664,-0.5186589360237122,0.8850468993186951,same_codec_full_HARQ,1,4096,8192,16388,0.004174397327005863,23.7940621633579,0.8857778310775757,0.5518531203269958,1
kodak,24.png,9.0,30.0,4253289489,-0.8138599991798401,1.188608169555664,-0.5186589360237122,0.8850468993186951,adaptive_HARQ,0,4096,4096,12290,0.00421367771923542,23.753386842262827,0.8823444843292236,0.5519457459449768,1
kodak,24.png,9.0,30.0,4253289489,-0.8138599991798401,1.188608169555664,-0.5186589360237122,0.8850468993186951,FlowHARQ,0,4096,4096,12290,0.00414920412003994,23.820351995343838,0.8819799423217773,0.5531513690948486,1
kodak,24.png,9.0,60.0,314014778,-1.216927409172058,-0.8226938843727112,0.4842410981655121,-0.6628233194351196,SwinJSCC_author_one_shot,0,16,4096,4130,0.001005359459668398,29.976786313391823,0.9702239036560059,0.15550652146339417,0
kodak,24.png,9.0,60.0,314014778,-1.216927409172058,-0.8226938843727112,0.4842410981655121,-0.6628233194351196,SwinJSCC_author_Chase_wrapper,1,16,8192,8228,0.0009724163683131337,30.121477394541202,0.9722341299057007,0.15338364243507385,0
kodak,24.png,9.0,60.0,314014778,-1.216927409172058,-0.8226938843727112,0.4842410981655121,-0.6628233194351196,same_codec_direct,0,4096,4096,12290,0.004178153816610575,23.79015575730639,0.883520245552063,0.5590201616287231,1
kodak,24.png,9.0,60.0,314014778,-1.216927409172058,-0.8226938843727112,0.4842410981655121,-0.6628233194351196,same_codec_full_HARQ,1,4096,8192,16388,0.004175735171884298,23.79267052399554,0.8852161765098572,0.5574698448181152,1
kodak,24.png,9.0,60.0,314014778,-1.216927409172058,-0.8226938843727112,0.4842410981655121,-0.6628233194351196,adaptive_HARQ,0,4096,4096,12290,0.004178153816610575,23.79015575730639,0.883520245552063,0.5590201616287231,1
kodak,24.png,9.0,60.0,314014778,-1.216927409172058,-0.8226938843727112,0.4842410981655121,-0.6628233194351196,FlowHARQ,0,4096,4096,12290,0.004097559954971075,23.87474683169884,0.8830512762069702,0.5604772567749023,1
kodak,24.png,9.0,90.0,4180883215,0.09029452502727509,1.2596811056137085,0.8016365766525269,-0.4684659242630005,SwinJSCC_author_one_shot,0,16,4096,4130,0.0010631572222337127,29.734025062203298,0.9688287973403931,0.16064012050628662,0
kodak,24.png,9.0,90.0,4180883215,0.09029452502727509,1.2596811056137085,0.8016365766525269,-0.4684659242630005,SwinJSCC_author_Chase_wrapper,1,16,8192,8228,0.000988468644209206,30.050371026405486,0.9716939926147461,0.15420344471931458,0
kodak,24.png,9.0,90.0,4180883215,0.09029452502727509,1.2596811056137085,0.8016365766525269,-0.4684659242630005,same_codec_direct,0,4096,4096,12290,0.004241937305778265,23.72435754479465,0.88017737865448,0.5590847134590149,1
kodak,24.png,9.0,90.0,4180883215,0.09029452502727509,1.2596811056137085,0.8016365766525269,-0.4684659242630005,same_codec_full_HARQ,1,4096,8192,16388,0.004180642776191235,23.787569400690323,0.8844718933105469,0.5505773425102234,1
kodak,24.png,9.0,90.0,4180883215,0.09029452502727509,1.2596811056137085,0.8016365766525269,-0.4684659242630005,adaptive_HARQ,0,4096,4096,12290,0.004241937305778265,23.72435754479465,0.88017737865448,0.5590847134590149,1
kodak,24.png,9.0,90.0,4180883215,0.09029452502727509,1.2596811056137085,0.8016365766525269,-0.4684659242630005,FlowHARQ,0,4096,4096,12290,0.004141700454056263,23.828213143886572,0.8796809911727905,0.5608437061309814,1
kodak,24.png,9.0,120.0,2100620589,0.25934043526649475,0.008803874254226685,0.5735488533973694,0.3164863586425781,SwinJSCC_author_one_shot,0,16,4096,4130,0.019236484542489052,17.158742921368592,0.44831353425979614,0.7313826084136963,1
kodak,24.png,9.0,120.0,2100620589,0.25934043526649475,0.008803874254226685,0.5735488533973694,0.3164863586425781,SwinJSCC_author_Chase_wrapper,1,16,8192,8228,0.0015823130961507559,28.00707577426998,0.9372820854187012,0.22008633613586426,0
kodak,24.png,9.0,120.0,2100620589,0.25934043526649475,0.008803874254226685,0.5735488533973694,0.3164863586425781,same_codec_direct,0,4096,4096,12290,0.007212944328784943,21.418874197848133,0.7315014600753784,0.6995437145233154,1
kodak,24.png,9.0,120.0,2100620589,0.25934043526649475,0.008803874254226685,0.5735488533973694,0.3164863586425781,same_codec_full_HARQ,1,4096,8192,16388,0.00438188761472702,23.583387652805182,0.8577765226364136,0.5849783420562744,1
kodak,24.png,9.0,120.0,2100620589,0.25934043526649475,0.008803874254226685,0.5735488533973694,0.3164863586425781,adaptive_HARQ,1,4096,8192,16388,0.00438188761472702,23.583387652805182,0.8577765226364136,0.5849783420562744,1
kodak,24.png,9.0,120.0,2100620589,0.25934043526649475,0.008803874254226685,0.5735488533973694,0.3164863586425781,FlowHARQ,1,4096,8192,16388,0.00438188761472702,23.583387652805182,0.8577765226364136,0.5849783420562744,1
kodak,24.png,12.0,30.0,3996312520,-0.6166201829910278,0.4900962710380554,-0.9311652183532715,-0.02345830202102661,SwinJSCC_author_one_shot,0,16,4096,4130,0.0011260564206168056,29.484398487842522,0.9633309245109558,0.16836996376514435,0
kodak,24.png,12.0,30.0,3996312520,-0.6166201829910278,0.4900962710380554,-0.9311652183532715,-0.02345830202102661,SwinJSCC_author_Chase_wrapper,1,16,8192,8228,0.000968695618212223,30.138126647419167,0.9723976850509644,0.1558815836906433,0
kodak,24.png,12.0,30.0,3996312520,-0.6166201829910278,0.4900962710380554,-0.9311652183532715,-0.02345830202102661,same_codec_direct,0,4096,4096,12290,0.004257079213857651,23.708882685869707,0.8756313323974609,0.5602735280990601,1
kodak,24.png,12.0,30.0,3996312520,-0.6166201829910278,0.4900962710380554,-0.9311652183532715,-0.02345830202102661,same_codec_full_HARQ,1,4096,8192,16388,0.004222774412482977,23.744021186770766,0.8852725028991699,0.5576081275939941,1
kodak,24.png,12.0,30.0,3996312520,-0.6166201829910278,0.4900962710380554,-0.9311652183532715,-0.02345830202102661,adaptive_HARQ,0,4096,4096,12290,0.004257079213857651,23.708882685869707,0.8756313323974609,0.5602735280990601,1
kodak,24.png,12.0,30.0,3996312520,-0.6166201829910278,0.4900962710380554,-0.9311652183532715,-0.02345830202102661,FlowHARQ,0,4096,4096,12290,0.004173446446657181,23.795051549602697,0.8750594854354858,0.5612297058105469,1
kodak,24.png,12.0,60.0,4120444421,0.8446218371391296,-0.7638845443725586,0.04828634858131409,-0.3713160753250122,SwinJSCC_author_one_shot,0,16,4096,4130,0.0009842182043939829,30.06908606387148,0.9716894626617432,0.15433861315250397,0
kodak,24.png,12.0,60.0,4120444421,0.8446218371391296,-0.7638845443725586,0.04828634858131409,-0.3713160753250122,SwinJSCC_author_Chase_wrapper,1,16,8192,8228,0.0009736068896017969,30.116163615390263,0.9722079038619995,0.15503638982772827,0
kodak,24.png,12.0,60.0,4120444421,0.8446218371391296,-0.7638845443725586,0.04828634858131409,-0.3713160753250122,same_codec_direct,0,4096,4096,12290,0.004232702776789665,23.73382226903302,0.8852199912071228,0.5477646589279175,1
kodak,24.png,12.0,60.0,4120444421,0.8446218371391296,-0.7638845443725586,0.04828634858131409,-0.3713160753250122,same_codec_full_HARQ,1,4096,8192,16388,0.004225689452141523,23.74102422611908,0.8856321573257446,0.5479017496109009,1
kodak,24.png,12.0,60.0,4120444421,0.8446218371391296,-0.7638845443725586,0.04828634858131409,-0.3713160753250122,adaptive_HARQ,0,4096,4096,12290,0.004232702776789665,23.73382226903302,0.8852199912071228,0.5477646589279175,1
kodak,24.png,12.0,60.0,4120444421,0.8446218371391296,-0.7638845443725586,0.04828634858131409,-0.3713160753250122,FlowHARQ,0,4096,4096,12290,0.0041657621040940285,23.803055351154107,0.8848434686660767,0.5471011400222778,1
kodak,24.png,12.0,90.0,4156075973,-0.6813694834709167,-0.6658063530921936,1.4554990530014038,-0.3440263271331787,SwinJSCC_author_one_shot,0,16,4096,4130,0.0010273123625665903,29.882974856012794,0.9693917036056519,0.15971684455871582,0
kodak,24.png,12.0,90.0,4156075973,-0.6813694834709167,-0.6658063530921936,1.4554990530014038,-0.3440263271331787,SwinJSCC_author_Chase_wrapper,1,16,8192,8228,0.0009146002121269703,30.387687022276285,0.9755155444145203,0.15147516131401062,0
kodak,24.png,12.0,90.0,4156075973,-0.6813694834709167,-0.6658063530921936,1.4554990530014038,-0.3440263271331787,same_codec_direct,0,4096,4096,12290,0.004292963072657585,23.67242847232189,0.882057785987854,0.5535340309143066,1
kodak,24.png,12.0,90.0,4156075973,-0.6813694834709167,-0.6658063530921936,1.4554990530014038,-0.3440263271331787,same_codec_full_HARQ,1,4096,8192,16388,0.004141264595091343,23.828670205198325,0.8893051147460938,0.5496424436569214,1
kodak,24.png,12.0,90.0,4156075973,-0.6813694834709167,-0.6658063530921936,1.4554990530014038,-0.3440263271331787,adaptive_HARQ,0,4096,4096,12290,0.004292963072657585,23.67242847232189,0.882057785987854,0.5535340309143066,1
kodak,24.png,12.0,90.0,4156075973,-0.6813694834709167,-0.6658063530921936,1.4554990530014038,-0.3440263271331787,FlowHARQ,0,4096,4096,12290,0.004231760278344154,23.734789422822015,0.881438136100769,0.5536933541297913,1
kodak,24.png,12.0,120.0,1551013992,-1.6947028636932373,-0.16032689809799194,1.3079562187194824,0.8697071075439453,SwinJSCC_author_one_shot,0,16,4096,4130,0.0009155668085440993,30.383099599112423,0.9751607179641724,0.15155039727687836,0
kodak,24.png,12.0,120.0,1551013992,-1.6947028636932373,-0.16032689809799194,1.3079562187194824,0.8697071075439453,SwinJSCC_author_Chase_wrapper,1,16,8192,8228,0.0008912465418688953,30.50002142245458,0.9764017462730408,0.1498529016971588,0
kodak,24.png,12.0,120.0,1551013992,-1.6947028636932373,-0.16032689809799194,1.3079562187194824,0.8697071075439453,same_codec_direct,0,4096,4096,12290,0.0040868232026696205,23.886141496057014,0.8894530534744263,0.5557135343551636,1
kodak,24.png,12.0,120.0,1551013992,-1.6947028636932373,-0.16032689809799194,1.3079562187194824,0.8697071075439453,same_codec_full_HARQ,1,4096,8192,16388,0.004084698855876923,23.888399562801233,0.8912612795829773,0.5527309775352478,1
kodak,24.png,12.0,120.0,1551013992,-1.6947028636932373,-0.16032689809799194,1.3079562187194824,0.8697071075439453,adaptive_HARQ,0,4096,4096,12290,0.0040868232026696205,23.886141496057014,0.8894530534744263,0.5557135343551636,1
kodak,24.png,12.0,120.0,1551013992,-1.6947028636932373,-0.16032689809799194,1.3079562187194824,0.8697071075439453,FlowHARQ,0,4096,4096,12290,0.004038350656628609,23.937959732509885,0.8889150023460388,0.5561633706092834,1
kodak,24.png,15.0,30.0,400914211,-0.45861387252807617,-0.5816192626953125,0.628770112991333,-0.5903468132019043,SwinJSCC_author_one_shot,0,16,4096,4130,0.0010253733489662409,29.891179747318937,0.9704954028129578,0.1603403389453888,0
kodak,24.png,15.0,30.0,400914211,-0.45861387252807617,-0.5816192626953125,0.628770112991333,-0.5903468132019043,SwinJSCC_author_Chase_wrapper,1,16,8192,8228,0.0009340224787592888,30.296426716460907,0.9745845794677734,0.1506788581609726,0
kodak,24.png,15.0,30.0,400914211,-0.45861387252807617,-0.5816192626953125,0.628770112991333,-0.5903468132019043,same_codec_direct,0,4096,4096,12290,0.004188843071460724,23.77905909506356,0.881898045539856,0.5552109479904175,1
kodak,24.png,15.0,30.0,400914211,-0.45861387252807617,-0.5816192626953125,0.628770112991333,-0.5903468132019043,same_codec_full_HARQ,1,4096,8192,16388,0.004105283413082361,23.866568554777878,0.8881909847259521,0.5506848692893982,1
kodak,24.png,15.0,30.0,400914211,-0.45861387252807617,-0.5816192626953125,0.628770112991333,-0.5903468132019043,adaptive_HARQ,0,4096,4096,12290,0.004188843071460724,23.77905909506356,0.881898045539856,0.5552109479904175,1
kodak,24.png,15.0,30.0,400914211,-0.45861387252807617,-0.5816192626953125,0.628770112991333,-0.5903468132019043,FlowHARQ,0,4096,4096,12290,0.004116868134588003,23.854330434562286,0.8815938234329224,0.5560895204544067,1
kodak,24.png,15.0,60.0,2538520127,-0.11870577186346054,0.7237761616706848,-0.7980584502220154,0.2693120241165161,SwinJSCC_author_one_shot,0,16,4096,4130,0.0010006482480093837,29.99718560678008,0.9706563353538513,0.15572302043437958,0
kodak,24.png,15.0,60.0,2538520127,-0.11870577186346054,0.7237761616706848,-0.7980584502220154,0.2693120241165161,SwinJSCC_author_Chase_wrapper,1,16,8192,8228,0.0009217391489073634,30.35391966385143,0.9747046828269958,0.153815358877182,0
kodak,24.png,15.0,60.0,2538520127,-0.11870577186346054,0.7237761616706848,-0.7980584502220154,0.2693120241165161,same_codec_direct,0,4096,4096,12290,0.004190897103399038,23.77693002009055,0.8823533058166504,0.552179753780365,1
kodak,24.png,15.0,60.0,2538520127,-0.11870577186346054,0.7237761616706848,-0.7980584502220154,0.2693120241165161,same_codec_full_HARQ,1,4096,8192,16388,0.004127332009375095,23.843305943549673,0.8880357146263123,0.553935170173645,1
kodak,24.png,15.0,60.0,2538520127,-0.11870577186346054,0.7237761616706848,-0.7980584502220154,0.2693120241165161,adaptive_HARQ,0,4096,4096,12290,0.004190897103399038,23.77693002009055,0.8823533058166504,0.552179753780365,1
kodak,24.png,15.0,60.0,2538520127,-0.11870577186346054,0.7237761616706848,-0.7980584502220154,0.2693120241165161,FlowHARQ,0,4096,4096,12290,0.004120128229260445,23.850892673664717,0.8821619749069214,0.5520020127296448,1
kodak,24.png,15.0,90.0,271136442,0.22313599288463593,-1.0534905195236206,0.18287131190299988,0.028852075338363647,SwinJSCC_author_one_shot,0,16,4096,4130,0.0009286994463764131,30.321248133469176,0.97452712059021,0.15226897597312927,0
kodak,24.png,15.0,90.0,271136442,0.22313599288463593,-1.0534905195236206,0.18287131190299988,0.028852075338363647,SwinJSCC_author_Chase_wrapper,1,16,8192,8228,0.0009270118898712099,30.32914695550927,0.9745601415634155,0.1521514654159546,0
kodak,24.png,15.0,90.0,271136442,0.22313599288463593,-1.0534905195236206,0.18287131190299988,0.028852075338363647,same_codec_direct,0,4096,4096,12290,0.004118106793612242,23.853023951451085,0.8879107236862183,0.5515671968460083,1
kodak,24.png,15.0,90.0,271136442,0.22313599288463593,-1.0534905195236206,0.18287131190299988,0.028852075338363647,same_codec_full_HARQ,1,4096,8192,16388,0.0041245389729738235,23.846245883705652,0.888147234916687,0.552132248878479,1
kodak,24.png,15.0,90.0,271136442,0.22313599288463593,-1.0534905195236206,0.18287131190299988,0.028852075338363647,adaptive_HARQ,0,4096,4096,12290,0.004118106793612242,23.853023951451085,0.8879107236862183,0.5515671968460083,1
kodak,24.png,15.0,90.0,271136442,0.22313599288463593,-1.0534905195236206,0.18287131190299988,0.028852075338363647,FlowHARQ,0,4096,4096,12290,0.004067886155098677,23.906312098555567,0.88727867603302,0.5529208779335022,1
kodak,24.png,15.0,120.0,3695681739,0.8948567509651184,0.21127258241176605,0.7971979379653931,-0.3810032904148102,SwinJSCC_author_one_shot,0,16,4096,4130,0.0009488167124800384,30.22817674239154,0.9734460711479187,0.15130041539669037,0
kodak,24.png,15.0,120.0,3695681739,0.8948567509651184,0.21127258241176605,0.7971979379653931,-0.3810032904148102,SwinJSCC_author_Chase_wrapper,1,16,8192,8228,0.0009110940154641867,30.404368060230496,0.9754204154014587,0.14935776591300964,0
kodak,24.png,15.0,120.0,3695681739,0.8948567509651184,0.21127258241176605,0.7971979379653931,-0.3810032904148102,same_codec_direct,0,4096,4096,12290,0.004128572531044483,23.84200081285899,0.8866214752197266,0.5564920902252197,1
kodak,24.png,15.0,120.0,3695681739,0.8948567509651184,0.21127258241176605,0.7971979379653931,-0.3810032904148102,same_codec_full_HARQ,1,4096,8192,16388,0.00408882787451148,23.884011713540186,0.8892182111740112,0.5519598722457886,1
kodak,24.png,15.0,120.0,3695681739,0.8948567509651184,0.21127258241176605,0.7971979379653931,-0.3810032904148102,adaptive_HARQ,0,4096,4096,12290,0.004128572531044483,23.84200081285899,0.8866214752197266,0.5564920902252197,1
kodak,24.png,15.0,120.0,3695681739,0.8948567509651184,0.21127258241176605,0.7971979379653931,-0.3810032904148102,FlowHARQ,0,4096,4096,12290,0.004068938083946705,23.905189186512303,0.8862018585205078,0.5580624938011169,1
