step,loss,grad_norm,lr,elapsed_s
1,0.0017810601275414228,0.0010057971812784672,1.9999999306043452e-05,1.0887765884399414
2,0.0024128516670316458,0.004415743984282017,3.9999994448347814e-05,1.1892633438110352
3,0.001535765826702118,0.00028210904565639794,5.9999981263175064e-05,1.2899327278137207
4,0.0008844241383485496,0.00033794264891184866,7.999995558678933e-05,1.3885462284088135
5,0.0020329037215560675,0.0007980416412465274,9.999991325545793e-05,1.488121509552002
6,0.0013628134038299322,0.0006835281383246183,0.00011999985010545252,1.5794520378112793
7,0.0016687565948814154,0.0003881435259245336,0.00013999976197305,1.6754744052886963
8,0.0020674874540418386,0.0006096363067626953,0.0001599996446945338,1.7674665451049805
9,0.001022174721583724,0.0006625276291742921,0.00017999949410619473,1.8595695495605469
10,0.0028326031751930714,0.0024867735337466,0.00019999930604433237,1.9549336433410645
11,0.0021770326420664787,0.0015814182115718722,0.00021999907634525563,2.052985906600952
12,0.002183837816119194,0.001372946659103036,0.00023999880084528438,2.1454455852508545
13,0.0013857560697942972,0.0007266807951964438,0.0002599984753807501,2.2409260272979736
14,0.001102758338674903,0.0008116782992146909,0.0002799980957879972,2.3346595764160156
15,0.002150308107957244,0.0017759471666067839,0.00029999765790338393,2.430382490158081
16,0.0013151057064533234,0.000599225633777678,0.00031999715756328374,2.526338815689087
17,0.0024301158264279366,0.000632500508800149,0.0003399965906040858,2.62194561958313
18,0.0013387583894655108,0.0018152041593566537,0.00035999595286219653,2.7176380157470703
19,0.004353032913058996,0.0016392848920077085,0.00037999524017404075,2.8096184730529785
20,0.001480582170188427,0.0010593760525807738,0.00039999444837606217,2.902129888534546
21,0.002715471899136901,0.0010647468734532595,0.00041999357330472516,2.9941341876983643
22,0.0017447745194658637,0.00041416584281250834,0.0004399926107965153,3.0902857780456543
23,0.002137253526598215,0.0011563657317310572,0.0004599915566879408,3.1852498054504395
24,0.0016170631861314178,0.0007098999340087175,0.00047999040681553315,3.2806220054626465
25,0.0027920790016651154,0.0030018347315490246,0.0004999891570158488,3.377089500427246
26,0.0020273644477128983,0.28671151399612427,0.0005199878031254697,3.4752607345581055
27,0.002013065619394183,0.0030390629544854164,0.0005399863409810044,3.567159414291382
28,0.0018053551902994514,0.0004295938997529447,0.0005599847664190897,3.6594011783599854
29,0.000908686954062432,0.00024208608374465257,0.0005799830752763905,3.752528667449951
30,0.0014082384295761585,0.0015664146048948169,0.0005999812633896029,3.8507161140441895
31,0.0006902674213051796,0.0007440702174790204,0.0006199793265954528,3.94347882270813
32,0.0018282316159456968,0.0007465840899385512,0.0006399772607306991,4.035213232040405
33,0.001369446748867631,0.0004873361613135785,0.0006599750616321332,4.126655101776123
34,0.002243218943476677,0.0014697961742058396,0.0006799727251365812,4.220371246337891
35,0.001618960639461875,0.0006256550550460815,0.0006999702470809043,4.31255841255188
36,0.0014166247565299273,0.001702217268757522,0.000719967623302,4.408738851547241
37,0.0008991165086627007,0.0004558441578410566,0.0007399648496368039,4.505563974380493
38,0.001511704525910318,0.00045607806532643735,0.0007599619219222892,4.5991127490997314
39,0.0022769987117499113,0.0013259585248306394,0.0007799588359954693,4.693659543991089
40,0.002248148201033473,0.004229294136166573,0.0007999555876933978,4.790684461593628
41,0.0014212647220119834,0.0004564196278806776,0.0008199521728531707,4.883511543273926
42,0.002245718613266945,0.0013953722082078457,0.0008399485873119262,4.98223090171814
43,0.002979743294417858,0.002738718409091234,0.0008599448269068467,5.073448419570923
44,0.002021167427301407,0.0010747393826022744,0.0008799408874751593,5.165333986282349
45,0.0007626836886629462,0.0013886757660657167,0.0008999367648541374,5.2636353969573975
46,0.002089517889544368,0.0005730590200982988,0.0009199324548811011,5.356079339981079
47,0.0017617162084206939,0.0008525601588189602,0.0009399279533934193,5.459311246871948
48,0.0011654559057205915,0.0009202424553222954,0.0009599232562285094,5.550884485244751
49,0.001972571015357971,0.0007289622444659472,0.0009799183592238397,5.643197059631348
50,0.001545668113976717,0.00028683830169029534,0.0009999132582169292,5.737581968307495
51,0.0017157241236418486,0.0013801496243104339,0.0009999097539660294,5.8363776206970215
52,0.0006273862672969699,0.0005763558438047767,0.0009999061803333915,5.927592039108276
53,0.0011891918256878853,0.0018560898024588823,0.0009999025373195669,6.023211717605591
54,0.0019231898477301002,0.0021853679791092873,0.0009998988249251169,6.121697902679443
55,0.0006449656211771071,0.00022384282783605158,0.0009998950431506146,6.214988470077515
56,0.0008737061871215701,0.0004664022126235068,0.000999891191996643,6.310952425003052
57,0.0018098081927746534,0.0003779706312343478,0.0009998872714637955,6.402799129486084
58,0.002197732450440526,0.0021343519911170006,0.0009998832815526775,6.498989582061768
59,0.00084224360762164,0.0004062832740601152,0.0009998792222639036,6.590084791183472
60,0.002504127100110054,0.0018070075893774629,0.0009998750935981003,6.681718587875366
61,0.001709713600575924,0.000717944058123976,0.000999870895555904,6.774677276611328
62,0.0008705432410351932,0.001288605504669249,0.000999866628137962,6.866026878356934
63,0.0005287026870064437,0.0005105534219183028,0.0009998622913449328,6.962084770202637
64,0.0016456324374303222,0.001125783659517765,0.000999857885177485,7.054010391235352
65,0.0008833656902424991,0.0006475920672528446,0.000999853409636298,7.145308494567871
66,0.0012219971977174282,0.0005007964209653437,0.000999848864722062,7.241722106933594
67,0.0021952521055936813,0.0012994332937523723,0.0009998442504354779,7.341555833816528
68,0.002227671444416046,0.00047725558397360146,0.000999839566777257,7.438591241836548
69,0.0021534301340579987,0.0003240652149543166,0.0009998348137481223,7.533421516418457
70,0.0034064198844134808,0.0029569135513156652,0.0009998299913488063,7.626923561096191
71,0.003456124570220709,0.0007696758257225156,0.0009998250995800525,7.7190001010894775
72,0.0022997879423201084,0.0003421636065468192,0.0009998201384426155,7.810964107513428
73,0.0016773490933701396,0.0009989996906369925,0.0009998151079372603,7.903573274612427
74,0.0025561400689184666,0.0011064885184168816,0.000999810008064763,7.996537923812866
75,0.0023303446359932423,0.0010644326684996486,0.0009998048388259095,8.113133668899536
76,0.0011345625389367342,0.00020363955991342664,0.0009997996002214975,8.205385684967041
77,0.0012515345588326454,0.0014796594623476267,0.0009997942922523346,8.2991623878479
78,0.00048553821397945285,0.0003068563819397241,0.0009997889149192393,8.392735242843628
79,0.001713021658360958,0.00031627275166101754,0.0009997834682230408,8.489201545715332
80,0.0007815302233211696,0.0012156039010733366,0.0009997779521645793,8.580926656723022
81,0.001131837721914053,0.0006507390062324703,0.0009997723667447053,8.672876834869385
82,0.0017930924659594893,0.0010831983527168632,0.00099976671196428,8.767083644866943
83,0.002003235975280404,0.0003443234891165048,0.0009997609878241757,8.912344694137573
84,0.0021259672939777374,0.00041743461042642593,0.000999755194325275,9.004942893981934
85,0.0016534142196178436,0.0006186726386658847,0.0009997493314684715,9.097527742385864
86,0.0018311624880880117,0.00043852845556102693,0.000999743399254669,9.191200256347656
87,0.0019983539823442698,0.0003790573973674327,0.0009997373976847826,9.313166856765747
88,0.0019798623397946358,0.00042049968033097684,0.0009997313267597378,9.412864923477173
89,0.0018957298016175628,0.000754835840780288,0.0009997251864804707,9.506780624389648
90,0.000982469180598855,0.0004306485643610358,0.0009997189768479282,9.604587316513062
91,0.003409078111872077,0.0005480684340000153,0.000999712697863068,9.699411869049072
92,0.0009088885853998363,0.00034205487463623285,0.0009997063495268581,9.792366027832031
93,0.0016472495626658201,0.00026682906900532544,0.000999699931840278,9.883711814880371
94,0.003209676593542099,0.0006329347379505634,0.0009996934448043171,9.97727084159851
95,0.000964456470683217,0.0008576427935622633,0.0009996868884199759,10.100529670715332
96,0.0010699289850890636,0.0006473281537182629,0.0009996802626882652,10.191364765167236
97,0.0027958459686487913,0.0006066008354537189,0.000999673567610207,10.283012628555298
98,0.0017457886133342981,0.0008843934047035873,0.0009996668031868338,10.375462055206299
99,0.0019252266502007842,0.0006881118169985712,0.0009996599694191886,10.475229501724243
100,0.0010923754889518023,0.000185357392183505,0.0009996530663083255,10.574792623519897
101,0.0028870897367596626,0.0006067649810574949,0.0009996460938553086,11.08073377609253
102,0.0010170388268306851,0.0017594906967133284,0.0009996390520612137,11.179508686065674
103,0.0014222271274775267,0.00032124287099577487,0.000999631940927126,11.27339506149292
104,0.003948727622628212,0.0008010680903680623,0.000999624760454143,11.37448239326477
105,0.0023595746606588364,0.0008881563553586602,0.0009996175106433715,11.475621223449707
106,0.002917325822636485,0.001477888785302639,0.0009996101914959297,11.566840648651123
107,0.0017535802908241749,0.0007228979375213385,0.0009996028030129461,11.666646003723145
108,0.0010327203199267387,0.00032026710687205195,0.0009995953451955603,11.759825706481934
109,0.001367456978186965,0.00015828099276404828,0.000999587818044922,11.858359098434448
110,0.0017964246217161417,0.000984978978522122,0.0009995802215621928,11.999449253082275
111,0.0012206544633954763,0.00034446280915290117,0.0009995725557485435,12.090954780578613
112,0.0004325924383010715,0.00025083316722884774,0.0009995648206051562,12.184146404266357
113,0.0031883465126156807,0.0006893593235872686,0.000999557016133224,12.275679588317871
114,0.002497233683243394,0.0010592342587187886,0.0009995491423339504,12.381015300750732
115,0.0025670845061540604,0.0006842041620984674,0.0009995411992085499,12.48232889175415
116,0.0011110140476375818,0.0001332635583821684,0.000999533186758247,12.575640439987183
117,0.002925417385995388,0.0006331728654913604,0.0009995251049842776,12.666815519332886
118,0.0006526773213408887,0.000215486332308501,0.000999516953887888,12.815862894058228
119,0.00384192680940032,0.00044481674558483064,0.0009995087334703351,12.910216093063354
120,0.0022274856455624104,0.0019083995139226317,0.0009995004437328865,13.001608848571777
121,0.0008557219989597797,0.0002887605514843017,0.0009994920846768207,13.095702886581421
122,0.002489904873073101,0.0007231257040984929,0.0009994836563034268,13.214246988296509
123,0.0015674363821744919,0.00042713660513982177,0.0009994751586140046,13.305390357971191
124,0.001711457036435604,0.0002899033424910158,0.0009994665916098645,13.3990478515625
125,0.0015997111331671476,0.0002637424331624061,0.0009994579552923277,13.497899055480957
126,0.0036070605274289846,0.0005672534462064505,0.0009994492496627257,13.5912344455719
127,0.0012084695044904947,0.0004439505864866078,0.0009994404747224015,13.683358907699585
128,0.002764687640592456,0.0005388773861341178,0.000999431630472708,13.778773546218872
129,0.0023536188527941704,0.0010200260439887643,0.000999422716915009,13.872060060501099
130,0.0023033053148537874,0.00036796883796341717,0.0009994137340506794,13.970383882522583
131,0.001152900978922844,0.00025557479239068925,0.0009994046818811043,14.06282639503479
132,0.003237321740016341,0.0009172888239845634,0.0009993955604076798,14.156477689743042
133,0.0006630518473684788,0.00031410707742907107,0.0009993863696318125,14.24870777130127
134,0.001057966030202806,0.0018474312964826822,0.0009993771095549193,14.340280532836914
135,0.0015425961464643478,0.0005412263562902808,0.0009993677801784287,14.442475318908691
136,0.0025000525638461113,0.00032092962646856904,0.0009993583815037794,14.535281896591187
137,0.0022510653361678123,0.0006601870991289616,0.0009993489135324207,14.656905174255371
138,0.0029913955368101597,0.000391399982618168,0.0009993393762658127,14.751652717590332
139,0.0018962154863402247,0.00036721909418702126,0.0009993297697054257,14.852550268173218
140,0.001918958849273622,0.00031173526076599956,0.0009993200938527421,14.94558334350586
141,0.0012920063454657793,0.0008056407095864415,0.0009993103487092533,15.039175271987915
142,0.0011148916091769934,0.00022457817976828665,0.0009993005342764623,15.137646198272705
143,0.0011818986386060715,0.0002559026761446148,0.000999290650555883,15.23056960105896
144,0.0016372930258512497,0.002823804272338748,0.0009992806975490389,15.326905488967896
145,0.0008758272742852569,0.0002492766943760216,0.0009992706752574652,15.475047588348389
146,0.0015679036732763052,0.0006247680285014212,0.0009992605836827075,15.566276788711548
147,0.00039115999243222177,0.0002120223653037101,0.0009992504228263223,15.66093897819519
148,0.001182227279059589,0.0005430793389678001,0.000999240192689876,15.758159160614014
149,0.0010269730119034648,0.00014322747301775962,0.0009992298932749465,15.879096984863281
150,0.0017476489301770926,0.002745346399024129,0.0009992195245831224,15.973367691040039
151,0.0010130666196346283,0.0005156627157703042,0.000999209086616002,16.066120624542236
152,0.0012479376746341586,0.00043850531801581383,0.0009991985793751954,16.157807111740112
153,0.0021310867741703987,0.0011369215790182352,0.0009991880028623228,16.25475811958313
154,0.0015408075414597988,0.0012123740743845701,0.0009991773570790154,16.345937252044678
155,0.0017417462076991796,0.00032072688918560743,0.000999166642026915,16.442054271697998
156,0.002810712903738022,0.0012375842779874802,0.0009991558577076736,16.53581166267395
157,0.0010557074565440416,0.00015995906142052263,0.0009991450041229547,16.62784767150879
158,0.0014465160202234983,0.0003609958221204579,0.0009991340812744315,16.72153329849243
159,0.0012010077480226755,0.0003283620171714574,0.000999123089163789,16.815397024154663
160,0.0025140843354165554,0.00039132748497650027,0.0009991120277927223,16.909732818603516
161,0.0017011561430990696,0.000828640884719789,0.0009991008971629368,17.005631685256958
162,0.002119529526680708,0.0008979522390291095,0.0009990896972761492,17.09847927093506
163,0.001794935204088688,0.0004406309744808823,0.0009990784281340868,17.19424796104431
164,0.0015294639160856605,0.0002485847508069128,0.0009990670897384872,17.293344020843506
165,0.002899492159485817,0.0003672986349556595,0.0009990556820910989,17.446545362472534
166,0.002511795377358794,0.000780357513576746,0.0009990442051936816,17.54229426383972
167,0.001370711950585246,0.00022991467267274857,0.0009990326590480047,17.63503336906433
168,0.0013110514264553785,0.000354008428985253,0.0009990210436558488,17.725992918014526
169,0.0017395392060279846,0.00047550705494359136,0.000999009359019005,17.90362858772278
170,0.001336882240138948,0.00023288812371902168,0.0009989976051392757,18.00011444091797
171,0.0011687467340379953,0.00037416728446260095,0.0009989857820184732,18.092082023620605
172,0.0012262408854439855,0.00044038851046934724,0.000998973889658421,18.191275119781494
173,0.0008194167166948318,0.00026321187033317983,0.0009989619280609526,18.309163570404053
174,0.0023248130455613136,0.00023704303021077067,0.0009989498972279127,18.401811599731445
175,0.001178230158984661,0.0003428321797400713,0.0009989377971611573,18.499260187149048
176,0.0008192182285711169,0.001782648847438395,0.0009989256278625513,18.591368913650513
177,0.001472691772505641,0.0010550874285399914,0.0009989133893339723,18.735175371170044
178,0.002806744072586298,0.0008942980202846229,0.0009989010815773071,18.833719730377197
179,0.002165881684049964,0.0007284441962838173,0.000998888704594454,18.925736904144287
180,0.0017112977802753448,0.0009171917336061597,0.0009988762583873216,19.025429010391235
181,0.003780334023758769,0.002805797616019845,0.0009988637429578292,19.121952533721924
182,0.0010693136136978865,0.00019603998225647956,0.0009988511583079065,19.217963457107544
183,0.00214273645542562,0.00040956345037557185,0.000998838504439495,19.30921959877014
184,0.002073651645332575,0.0004609466122929007,0.0009988257813545458,19.402825832366943
185,0.0020007460843771696,0.00019323703600093722,0.0009988129890550204,19.500377893447876
186,0.01341196708381176,0.21983616054058075,0.0009988001275428923,19.594411373138428
187,0.001683406881056726,0.00044903464731760323,0.0009987871968201443,19.686577796936035
188,0.003628669772297144,0.002780606271699071,0.0009987741968887707,19.77971386909485
189,0.0023329444229602814,0.0036957666743546724,0.0009987611277507765,19.879356622695923
190,0.008311396464705467,0.24638305604457855,0.0009987479894081768,19.97183609008789
191,0.0025916798040270805,0.0033684000372886658,0.0009987347818629978,20.064854860305786
192,0.004223125986754894,0.00809752382338047,0.0009987215051172763,20.160688400268555
193,0.023343421518802643,1.3533647060394287,0.0009987081591730598,20.272696495056152
194,0.0017181535949930549,0.01061316393315792,0.000998694744032406,20.371124982833862
195,0.05382637307047844,0.6522428393363953,0.0009986812596973847,20.46768808364868
196,0.24585145711898804,5.166770935058594,0.000998667706170074,20.560388803482056
197,0.07249924540519714,3.2255654335021973,0.000998654083452565,20.650739192962646
198,0.03018658608198166,4.003162860870361,0.0009986403915469581,20.743886470794678
199,0.01647203043103218,5.754323482513428,0.000998626630455365,20.842470169067383
200,0.028970591723918915,1.6387382745742798,0.0009986128001799076,20.939059495925903
201,0.0019762497395277023,0.024607663974165916,0.000998598900722719,22.364754915237427
202,0.0011180434376001358,0.0009605971863493323,0.0009985849320859421,22.468523025512695
203,0.0010569707956165075,0.0015016259858384728,0.0009985708942717316,22.56015181541443
204,0.0015820504631847143,0.019695214927196503,0.000998556787282252,22.653509378433228
205,0.0016388376243412495,0.04200619459152222,0.000998542611119679,22.74633812904358
206,0.0049131023697555065,0.0699683129787445,0.0009985283657861985,22.842854499816895
207,0.0011187337804585695,0.005291518289595842,0.0009985140512840075,22.937109231948853
208,0.0022645562421530485,0.08068717271089554,0.0009984996676153134,23.031914234161377
209,0.003143226495012641,0.02323812060058117,0.0009984852147823344,23.12485432624817
210,0.006202917546033859,0.062035445123910904,0.0009984706927872993,23.218851804733276
211,0.004718414507806301,0.04999326914548874,0.0009984561016324475,23.312133312225342
212,0.0010304399766027927,0.015454667620360851,0.0009984414413200292,23.412984609603882
213,0.0015203675720840693,0.024367304518818855,0.0009984267118523051,23.51781988143921
214,0.002564044203609228,0.05387863144278526,0.0009984119132315469,23.60933208465576
215,0.003537885844707489,0.05128040164709091,0.0009983970454600364,23.701268196105957
216,0.0023410869762301445,0.10086635500192642,0.0009983821085400666,23.79344916343689
217,0.0017032105242833495,0.21759575605392456,0.000998367102473941,23.88533926010132
218,0.008675853721797466,0.15185099840164185,0.0009983520272639737,23.979195594787598
219,0.00227037793956697,0.0018962782341986895,0.0009983368829124895,24.07677388191223
220,0.0027710923459380865,0.009271807037293911,0.0009983216694218235,24.16871166229248
221,0.0033790557645261288,0.1693592220544815,0.0009983063867943225,24.262626886367798
222,0.005724692717194557,0.07539716362953186,0.0009982910350323426,24.381276845932007
223,0.04051749408245087,0.1430608183145523,0.0009982756141382516,24.47715473175049
224,0.010509880259633064,0.1076054498553276,0.0009982601241144277,24.56853199005127
225,0.0036915037781000137,0.04942888021469116,0.0009982445649632592,24.66073226928711
226,0.003293944988399744,0.017299290746450424,0.000998228936687146,24.764030933380127
227,0.003895661560818553,0.06895136833190918,0.0009982132392884978,24.855665683746338
228,0.007189200725406408,0.03402863070368767,0.0009981974727697356,24.95060420036316
229,0.01804511249065399,0.34894222021102905,0.0009981816371332907,25.042471647262573
230,0.002120449673384428,0.0067769247107207775,0.000998165732381605,25.15259337425232
231,0.008172830566763878,0.06838004291057587,0.0009981497585171317,25.2457492351532
232,0.01739971712231636,0.16878309845924377,0.0009981337155423335,25.337322235107422
233,0.006166215520352125,0.040201377123594284,0.000998117603459685,25.429502487182617
234,0.00818693172186613,0.14093947410583496,0.0009981014222716705,25.52626085281372
235,0.002298206090927124,0.009924559853971004,0.0009980851719807854,25.618364572525024
236,0.0038131563924252987,0.005571394227445126,0.0009980688525895363,25.71301817893982
237,0.003996639512479305,0.028241483494639397,0.0009980524641004388,25.86003017425537
238,0.006468641571700573,0.06474912911653519,0.000998036006516021,25.955901622772217
239,0.003016265109181404,0.006973642390221357,0.0009980194798388203,26.053696870803833
240,0.007967980578541756,0.10371719300746918,0.000998002884071386,26.14675211906433
241,0.008671188727021217,0.04082198813557625,0.000997986219216277,26.24360418319702
242,0.004038132261484861,0.03590257838368416,0.000997969485276063,26.343788623809814
243,0.0017941237892955542,0.13615724444389343,0.000997952682253325,26.441007137298584
244,0.0016037853201851249,0.0033287019468843937,0.0009979358101506542,26.5361430644989
245,0.0017574661178514361,0.05228175222873688,0.0009979188689706521,26.640788793563843
246,0.0015044620959088206,0.006110719405114651,0.000997901858715932,26.736384391784668
247,0.004601731896400452,0.051057375967502594,0.000997884779389116,26.833937168121338
248,0.0028879279270768166,0.0039255437441170216,0.0009978676309928389,26.928794145584106
249,0.0042891413904726505,0.0061793578788638115,0.0009978504135297445,27.022462129592896
250,0.0017456932691857219,0.0011880891397595406,0.0009978331270024887,27.118972778320312
251,0.004347863141447306,0.028932074084877968,0.0009978157714137365,27.211926460266113
252,0.0017503784038126469,0.012455672957003117,0.0009977983467661653,27.304409742355347
253,0.0038243229500949383,0.002155251568183303,0.0009977808530624611,27.406222105026245
254,0.0056903427466750145,0.0068343449383974075,0.0009977632903053224,27.504456520080566
255,0.0021133606787770987,0.32495948672294617,0.0009977456584974573,27.596173524856567
256,0.001659893780015409,0.005206359550356865,0.0009977279576415853,27.692662239074707
257,0.0019718657713383436,0.008049532771110535,0.0009977101877404351,27.8479745388031
258,0.0014373490121215582,0.0186652559787035,0.000997692348796748,27.939167261123657
259,0.003775953082367778,0.0012209496926516294,0.0009976744408132748,28.03191876411438
260,0.001176333986222744,0.01566571183502674,0.000997656463792777,28.125983953475952
261,0.013278447091579437,0.0841364786028862,0.0009976384177380266,28.21934461593628
262,0.003619728609919548,0.03510657325387001,0.000997620302651807,28.311216354370117
263,0.001373221050016582,0.012808326631784439,0.0009976021185369116,28.402567148208618
264,0.002625910099595785,0.0779581069946289,0.0009975838653961445,28.5002703666687
265,0.004100722726434469,0.04723919555544853,0.0009975655432323208,28.63549041748047
266,0.006702709477394819,0.02264733985066414,0.0009975471520482658,28.72774600982666
267,0.003878643736243248,0.010966426692903042,0.0009975286918468156,28.825454711914062
268,0.005912667140364647,0.007244273088872433,0.0009975101626308173,28.919100046157837
269,0.0023363446816802025,0.01751958206295967,0.000997491564403128,29.015869855880737
270,0.0034664233680814505,0.02317448891699314,0.0009974728971666163,29.107374906539917
271,0.0026652561500668526,0.11623291671276093,0.0009974541609241601,29.20752501487732
272,0.0016333346720784903,0.0028082714416086674,0.0009974353556786496,29.30170702934265
273,0.0030051576904952526,0.00936064962297678,0.000997416481432984,29.398929357528687
274,0.003904954297468066,0.022099796682596207,0.0009973975381900749,29.500080823898315
275,0.008050779812037945,0.051336441189050674,0.0009973785259528426,29.59160280227661
276,0.005666511133313179,0.014425624161958694,0.0009973594447242199,29.686020851135254
277,0.006543870549649,0.05341144651174545,0.0009973402945071487,29.808101177215576
278,0.002317206934094429,0.0024299141950905323,0.0009973210753045825,29.90049433708191
279,0.00452589662745595,0.005328070372343063,0.000997301787119485,29.992318391799927
280,0.002627152716740966,0.019423047080636024,0.000997282429954831,30.088547945022583
281,0.003716467646881938,0.02381278946995735,0.0009972630038136052,30.179802894592285
282,0.004069146700203419,0.006442606914788485,0.0009972435086988037,30.280268907546997
283,0.0016958843916654587,0.0018484151223674417,0.0009972239446134324,30.37470817565918
284,0.0010693407384678721,0.000268409785348922,0.000997204311560509,30.47246813774109
285,0.0008328346302732825,0.001606903737410903,0.000997184609543061,30.56710410118103
286,0.002032110933214426,0.004866312723606825,0.0009971648385641262,30.66383695602417
287,0.0007491669384762645,0.004203896038234234,0.000997144998626754,30.76358962059021
288,0.002213049679994583,0.002556585008278489,0.0009971250897340038,30.8563814163208
289,0.003509937785565853,0.0006704378174617887,0.0009971051118889459,30.955113887786865
290,0.0030225850641727448,0.07002266496419907,0.000997085065094661,31.047877311706543
291,0.0011149283964186907,0.00331849604845047,0.0009970649493542406,31.146728515625
292,0.0013953810557723045,0.0014972011558711529,0.000997044764670787,31.238686323165894
293,0.0015676760813221335,0.00221754121594131,0.0009970245110474127,31.337170839309692
294,0.0015442641451954842,0.0009693493484519422,0.0009970041884872411,31.433037757873535
295,0.0005090839113108814,0.0006945110508240759,0.0009969837969934063,31.53092885017395
296,0.001741764135658741,0.004446768201887608,0.0009969633365690526,31.622201919555664
297,0.0008571191574446857,0.0007659740513190627,0.000996942807217336,31.715675354003906
298,0.00182248349301517,0.0048433025367558,0.0009969222089414214,31.808491945266724
299,0.002001169603317976,0.0005662683397531509,0.0009969015417444862,31.902467727661133
300,0.0013477312168106437,0.0023369083646684885,0.000996880805629717,31.99297595024109
301,0.002984351245686412,0.005570973735302687,0.0009968600006003115,32.54698371887207
302,0.0032418747432529926,0.008188433013856411,0.0009968391266594785,32.63896942138672
303,0.003343869000673294,0.0021893514785915613,0.000996818183810437,32.73223567008972
304,0.0025687310844659805,0.005171341821551323,0.0009967971720564162,32.824668407440186
305,0.002839709399268031,0.0034020552411675453,0.0009967760914006568,32.98839354515076
306,0.0011308505199849606,0.0013723612064495683,0.0009967549418464095,33.083292722702026
307,0.0012165303342044353,0.0007145836134441197,0.000996733723396936,33.18083953857422
308,0.003101884853094816,0.002419297117739916,0.0009967124360555082,33.27519083023071
309,0.0027483184821903706,0.023242484778165817,0.0009966910798254092,33.4115264415741
310,0.0024941503070294857,0.008730565197765827,0.000996669654709932,33.50956702232361
311,0.001827194239012897,0.0026235715486109257,0.000996648160712381,33.60461664199829
312,0.0011561609571799636,0.004269425757229328,0.0009966265978360708,33.69652700424194
313,0.003010813845321536,0.18899132311344147,0.0009966049660843264,33.83658289909363
314,0.001652990817092359,0.0013993381289765239,0.0009965832654604838,33.9291558265686
315,0.0008828212739899755,0.0005399473593570292,0.0009965614959678896,34.02200675010681
316,0.002351803472265601,0.0012576464796438813,0.0009965396576099008,34.113513469696045
317,0.005226750858128071,0.018157359212636948,0.0009965177503898854,34.22716164588928
318,0.0011593325762078166,0.003955923952162266,0.0009964957743112215,34.3214054107666
319,0.0022874842397868633,0.006469592917710543,0.0009964737293772982,34.41976308822632
320,0.0021410160697996616,0.006661446299403906,0.000996451615591515,34.51666760444641
321,0.0009448713972233236,0.002917172387242317,0.0009964294329572823,34.63917684555054
322,0.0015248473500832915,0.0018700483487918973,0.000996407181478021,34.730738162994385
323,0.0033338412176817656,0.018695611506700516,0.0009963848611571622,34.8231258392334
324,0.0009639783529564738,0.0011927130399271846,0.0009963624719981482,34.920742988586426
325,0.002617673948407173,0.022755002602934837,0.0009963400140044318,35.058162450790405
326,0.0014848466962575912,0.013785564340651035,0.000996317487179476,35.15810704231262
327,0.0009889475768432021,0.0040072184056043625,0.000996294891526755,35.25115704536438
328,0.002267691772431135,0.042191747575998306,0.0009962722270497534,35.343459606170654
329,0.0015140156028792262,0.0006034622201696038,0.000996249493751966,35.43700623512268
330,0.002206327859312296,0.00957417581230402,0.0009962266916368988,35.53384971618652
331,0.0015167943201959133,0.01625445857644081,0.000996203820708068,35.62668061256409
332,0.002395855262875557,0.0011345719685778022,0.0009961808809690008,35.71879506111145
333,0.0032696668058633804,0.007854069583117962,0.0009961578724232347,35.8503942489624
334,0.002999086631461978,0.0035591344349086285,0.0009961347950743179,35.94142246246338
335,0.0037640384398400784,0.05767716467380524,0.0009961116489258092,36.039785861968994
336,0.0013146984856575727,0.000863590044900775,0.000996088433981278,36.13423204421997
337,0.0013457054737955332,0.000665630039293319,0.0009960651502443044,36.27827835083008
338,0.0009826341411098838,0.00039126002229750156,0.000996041797718479,36.370259523391724
339,0.0014059869572520256,0.0007856701267883182,0.000996018376407403,36.46710538864136
340,0.004112391732633114,0.0013240997213870287,0.0009959948863146888,36.561444997787476
341,0.001286376966163516,0.0013449444668367505,0.0009959713274439578,36.66155552864075
342,0.003791371826082468,0.0025308195035904646,0.0009959476997988442,36.75564789772034
343,0.0005443696863949299,0.001434101490303874,0.0009959240033829907,36.85041046142578
344,0.00390667375177145,0.023474080488085747,0.0009959002382000524,36.94238781929016
345,0.0023363789077848196,0.001060695736669004,0.0009958764042536938,37.03497385978699
346,0.004463738761842251,0.028483407571911812,0.0009958525015475903,37.131951570510864
347,0.0010979988146573305,0.0005330993444658816,0.0009958285300854283,37.22572088241577
348,0.07653956860303879,0.07718977332115173,0.000995804489870904,37.320316314697266
349,0.0009548552334308624,0.006872503086924553,0.0009957803809077252,37.41691279411316
350,0.002437738236039877,0.0033775153569877148,0.0009957562031996097,37.51431322097778
351,0.0018345415592193604,0.002287469105795026,0.0009957319567502861,37.612372398376465
352,0.0019150986336171627,0.0022961844224482775,0.000995707641563493,37.70560121536255
353,0.001679322449490428,0.001784086343832314,0.0009956832576429805,37.80210471153259
354,0.0025663478299975395,0.0032508336007595062,0.0009956588049925092,37.8992395401001
355,0.003051111241802573,0.001487575238570571,0.0009956342836158494,38.00245714187622
356,0.0006371410563588142,0.00026061362586915493,0.000995609693516783,38.09491968154907
357,0.001410766737535596,0.0007727773045189679,0.0009955850346991019,38.18900442123413
358,0.00111661315895617,0.0017230698140338063,0.000995560307166609,38.28324270248413
359,0.00298806163482368,0.0032006397377699614,0.0009955355109231173,38.37640929222107
360,0.0010929424315690994,0.0010694226948544383,0.000995510645972451,38.4741313457489
361,0.001578490948304534,0.0011781707871705294,0.0009954857123184442,38.60051083564758
362,0.001564663602039218,0.00028610535082407296,0.0009954607099649426,38.69264554977417
363,0.0019055008888244629,0.0005550439818762243,0.0009954356389158014,38.78420853614807
364,0.0010954344179481268,0.002064308151602745,0.0009954104991748867,38.88445258140564
365,0.0014943669084459543,0.00020072779443580657,0.000995385290746076,39.062443256378174
366,0.00262662535533309,0.0004402624617796391,0.0009953600136332562,39.15563225746155
367,0.0007632881752215326,0.0005080398404970765,0.0009953346678403256,39.24938678741455
368,0.003265061881393194,0.0021728852298110723,0.000995309253371193,39.34705591201782
369,0.0015610208502039313,0.0009353783098049462,0.0009952837702297773,39.440746545791626
370,0.0015929830260574818,0.0003291326283942908,0.0009952582184200084,39.53551959991455
371,0.0029356773011386395,0.0005350483697839081,0.0009952325979458267,39.6278817653656
372,0.003706353483721614,0.0004902866203337908,0.0009952069088111832,39.728461027145386
373,0.0017383097438141704,0.0009755995706655085,0.0009951811510200397,39.82291269302368
374,0.0017717954469844699,0.022914500907063484,0.0009951553245763683,39.91766095161438
375,0.00118068081792444,0.000892031064722687,0.0009951294294841516,40.01740074157715
376,0.0015366616426035762,0.00444999011233449,0.0009951034657473827,40.10977077484131
377,0.0038532845210283995,0.002469864906743169,0.0009950774333700662,40.22487783432007
378,0.001675325445830822,0.0009568480309098959,0.0009950513323562164,40.31754112243652
379,0.004380201455205679,0.0011468562297523022,0.000995025162709858,40.41650366783142
380,0.0019312910735607147,0.0005838399520143867,0.0009949989244350272,40.515913009643555
381,0.0008155609830282629,0.0009427174227312207,0.0009949726175357697,40.61146569252014
382,0.002173043554648757,0.0023510216269642115,0.000994946242016143,40.707141637802124
383,0.0006344425491988659,0.0004687237669713795,0.0009949197978802143,40.808770179748535
384,0.0023099035024642944,0.0011691914405673742,0.0009948932851320614,40.90671634674072
385,0.002422827295958996,0.0003972248232457787,0.000994866703775773,41.00679135322571
386,0.005058057606220245,0.0018442317377775908,0.0009948400538154485,41.10592436790466
387,0.0015580316539853811,0.0002755408058874309,0.0009948133352551973,41.204834938049316
388,0.0020178859122097492,0.0007321528973989189,0.0009947865480991402,41.30265808105469
389,0.0009670270374044776,0.0003074542910326272,0.0009947596923514075,41.40049457550049
390,0.0005964056472294033,0.0002507415192667395,0.0009947327680161413,41.5004825592041
391,0.003047182224690914,0.0006325286231003702,0.0009947057750974934,41.595136404037476
392,0.0011616091942414641,0.0014798102201893926,0.0009946787135996264,41.68763852119446
393,0.0010150205343961716,0.0007353085093200207,0.0009946515835267133,41.78100252151489
394,0.0013862139312550426,0.0014299958711490035,0.0009946243848829384,41.8809494972229
395,0.002277347259223461,0.0011528204195201397,0.0009945971176724962,41.972349882125854
396,0.003392654238268733,0.001178017701022327,0.000994569781899591,42.06521773338318
397,0.0018070514779537916,0.0007247707690112293,0.0009945423775684385,42.15947079658508
398,0.0022073728032410145,0.002328526694327593,0.000994514904683265,42.25148606300354
399,0.0009466366609558463,0.0022484802175313234,0.0009944873632483071,42.34344434738159
400,0.0023067654110491276,0.0015862028812989593,0.0009944597532678121,42.43757390975952
401,0.0027371817268431187,0.0003111456462647766,0.0009944320747460374,43.80256199836731
402,0.001691254205070436,0.0009928545914590359,0.000994404327687252,43.89601755142212
403,0.002224232768639922,0.0016946351388469338,0.0009943765120957345,43.99470281600952
404,0.0016808777581900358,0.0011138208210468292,0.0009943486279757744,44.09020018577576
405,0.004672426730394363,0.001965306233614683,0.0009943206753316718,44.18913459777832
406,0.0007589384913444519,0.0007561370730400085,0.0009942926541677375,44.28073596954346
407,0.0038608151953667402,0.002803493058308959,0.0009942645644882924,44.37323570251465
408,0.00128337019123137,0.0006251540035009384,0.0009942364062976686,44.46807622909546
409,0.0024328529834747314,0.001486424240283668,0.0009942081796002083,44.56299304962158
410,0.0006377588724717498,0.0004247877805028111,0.0009941798844002646,44.657848834991455
411,0.0018547404324635863,0.0008494989015161991,0.0009941515207022005,44.75060701370239
412,0.0009661015938036144,0.00039284484228119254,0.0009941230885103906,44.84199118614197
413,0.0013525516260415316,0.0009470998193137348,0.0009940945878292192,44.94305181503296
414,0.0013847131049260497,0.0006486746715381742,0.0009940660186630815,45.03520154953003
415,0.0007920617936179042,0.0010014200815930963,0.0009940373810163833,45.12805938720703
416,0.0009672839078120887,0.0008725934894755483,0.0009940086748935406,45.2252151966095
417,0.0010377062717452645,0.0004013965663034469,0.0009939799002989806,45.34315037727356
418,0.00257700402289629,0.0008268217206932604,0.0009939510572371407,45.438705921173096
419,0.003909891936928034,0.00046442760503850877,0.0009939221457124687,45.536937952041626
420,0.0013515673344954848,0.0013871545670554042,0.000993893165729423,45.63094878196716
421,0.0006214970489963889,0.0001830994733609259,0.000993864117292473,45.72572422027588
422,0.0016132163582369685,0.00034296303056180477,0.0009938350004060979,45.8181676864624
423,0.000782101764343679,0.00025777798146009445,0.0009938058150747884,45.91035509109497
424,0.001079172478057444,0.00021329865558072925,0.000993776561303045,46.007221937179565
425,0.002277180552482605,0.0008249841630458832,0.0009937472390953788,46.1084361076355
426,0.0028125406242907047,0.00021168580860830843,0.0009937178484563122,46.20139002799988
427,0.0010850484250113368,0.0017603967571631074,0.0009936883893903769,46.30142331123352
428,0.0024511939845979214,0.0012331962352618575,0.0009936588619021164,46.393388748168945
429,0.002106146886944771,0.0005149287753738463,0.000993629265996084,46.50911903381348
430,0.0013026436790823936,0.00021530227968469262,0.000993599601676844,46.608437299728394
431,0.001437704311683774,0.0005330273415893316,0.0009935698689489706,46.70104622840881
432,0.0013655232032760978,0.000449470360763371,0.000993540067817049,46.7959930896759
433,0.001664564711973071,0.0008597229025326669,0.0009935101982856754,46.93862271308899
434,0.0019024264765903354,0.00044533947948366404,0.0009934802603594555,47.03907084465027
435,0.0037678598891943693,0.0006304873968474567,0.0009934502540430066,47.138572454452515
436,0.0005476548103615642,0.00030535063706338406,0.0009934201793409553,47.23165464401245
437,0.001577800139784813,0.000910172937437892,0.0009933900362579403,47.34292387962341
438,0.0010092228185385466,0.0003304172423668206,0.0009933598247986097,47.436060428619385
439,0.0031593048479408026,0.0021581491455435753,0.0009933295449676225,47.527480125427246
440,0.001218107994645834,0.0002523773000575602,0.0009932991967696483,47.62077856063843
441,0.0017902035033330321,0.0003246137057431042,0.000993268780209367,47.728439807891846
442,0.001863805460743606,0.000531794794369489,0.0009932382952914695,47.82336235046387
443,0.001592789776623249,0.0006192079745233059,0.0009932077420206566,47.916064977645874
444,0.0024939572904258966,0.0005587677005678415,0.00099317712040164,48.01005434989929
445,0.00048085168236866593,0.0003022975579369813,0.0009931464304391428,48.104466676712036
446,0.003361987881362438,0.0007199229439720511,0.0009931156721378965,48.19739317893982
447,0.0026888165157288313,0.000491534301545471,0.000993084845502645,48.29013776779175
448,0.002605763264000416,0.0007443317444995046,0.0009930539505381426,48.38203811645508
449,0.0004100178775843233,0.0004982204991392791,0.000993022987249153,48.476579904556274
450,0.0008249670499935746,0.0003206118708476424,0.0009929919556404512,48.569812536239624
451,0.0022543303202837706,0.0008243826450780034,0.0009929608557168231,48.661702394485474
452,0.0007408735109493136,0.0002377657947363332,0.0009929296874830644,48.75586533546448
453,0.0020959959365427494,0.0010670546907931566,0.0009928984509439817,48.934741258621216
454,0.002841828390955925,0.0008184873149730265,0.000992867146104392,49.033159017562866
455,0.0012667608680203557,0.0003237837227061391,0.0009928357729691232,49.133310079574585
456,0.0014961318811401725,0.00031583080999553204,0.0009928043315430128,49.2291579246521
457,0.023002535104751587,0.12087880820035934,0.00099277282183091,49.32079553604126
458,0.0011282642371952534,0.00031652458710595965,0.0009927412438376741,49.415974140167236
459,0.005807605572044849,0.597721517086029,0.0009927095975681745,49.508350133895874
460,0.0013562472304329276,0.0010203516576439142,0.0009926778830272912,49.60717058181763
461,0.0008469356689602137,0.0016297766705974936,0.0009926461002199155,49.712398052215576
462,0.0025846180506050587,0.0028371226508170366,0.0009926142491509485,49.812562227249146
463,0.001612442429177463,0.0016182248946279287,0.000992582329825302,49.90676736831665
464,0.0012968566734343767,0.0017428819555789232,0.0009925503422478985,50.00141930580139
465,0.0012691360898315907,0.0010910985292866826,0.0009925182864236705,50.107428789138794
466,0.007493957877159119,0.1095709353685379,0.000992486162357562,50.20094347000122
467,0.02183576487004757,0.04353173449635506,0.0009924539700545266,50.29304504394531
468,0.004771433770656586,0.017196379601955414,0.0009924217095195287,50.38442087173462
469,0.011649305932223797,0.02843453176319599,0.0009923893807575433,50.51267075538635
470,0.011078997515141964,0.08297035843133926,0.0009923569837735561,50.60833168029785
471,0.005555675830692053,0.009795961901545525,0.0009923245185725633,50.702022552490234
472,0.004199350252747536,0.010116572491824627,0.0009922919851595706,50.79359173774719
473,0.0024365587159991264,0.014132154174149036,0.000992259383539596,50.88835668563843
474,0.002655481919646263,0.006031486205756664,0.0009922267137176665,50.983306884765625
475,0.0033784089609980583,0.0036603733897209167,0.0009921939756988205,51.075926780700684
476,0.001808212953619659,0.002379459096118808,0.0009921611694881061,51.167707204818726
477,0.0023752166889607906,0.004506925120949745,0.0009921282950905832,51.27267932891846
478,0.003924006130546331,0.0050544897094368935,0.0009920953525113208,51.364673137664795
479,0.0005599720752798021,0.0016193269984796643,0.0009920623417553997,51.458131074905396
480,0.002524683251976967,0.01873452216386795,0.00099202926282791,51.550469160079956
481,0.0024648967664688826,0.010353962890803814,0.000991996115733953,51.644875049591064
482,0.0019197622314095497,0.0039019600953906775,0.0009919629004786405,51.769115924835205
483,0.003610626794397831,0.0023353490978479385,0.0009919296170670948,51.86041021347046
484,0.0022482608910650015,0.004136477131396532,0.0009918962655044486,51.95170760154724
485,0.002821885049343109,0.0012804341968148947,0.0009918628457958449,52.04512858390808
486,0.0019287287723273039,0.02690231055021286,0.0009918293579464375,52.13948345184326
487,0.0011881482787430286,0.018091890960931778,0.000991795801961391,52.23214292526245
488,0.0018984520575031638,0.004706535022705793,0.0009917621778458795,52.325663805007935
489,0.001784217543900013,0.0006670958246104419,0.0009917284856050888,52.42473316192627
490,0.0028780344873666763,0.003126536961644888,0.0009916947252442147,52.52166962623596
491,0.004014790989458561,0.0010131191229447722,0.000991660896768463,52.61471772193909
492,0.0041869464330375195,0.012143313884735107,0.000991627000183051,52.707929372787476
493,0.0013134833425283432,0.0011350102722644806,0.0009915930354932056,52.800623416900635
494,0.0044242385774850845,0.0034079295583069324,0.0009915590027041647,52.9139723777771
495,0.0010674316436052322,0.0004665622836910188,0.000991524901821177,53.00543165206909
496,0.0027512311935424805,0.0011117372196167707,0.0009914907328495003,53.09668016433716
497,0.001329157268628478,0.0033446301240473986,0.0009914564957944048,53.188992977142334
498,0.0015336808282881975,0.0007743411115370691,0.0009914221906611698,53.3312566280365
499,0.0026273969560861588,0.0007723210146650672,0.000991387817455086,53.42514085769653
500,0.002489571226760745,0.0007517662597820163,0.0009913533761814538,53.51838231086731
501,0.0014349058037623763,0.0005334353190846741,0.0009913188668455844,54.060267210006714
502,0.0009097514557652175,0.00026974588399752975,0.0009912842894528,54.1521532535553
503,0.0019235268700867891,0.004299056250602007,0.0009912496440084326,54.24585175514221
504,0.00242920545861125,0.004035116173326969,0.000991214930517825,54.33777141571045
505,0.0015040412545204163,0.0018118794541805983,0.0009911801489863304,54.47773337364197
506,0.0012250007130205631,0.0013488689437508583,0.0009911452994193128,54.57824754714966
507,0.001325987628661096,0.000846152426674962,0.000991110381822146,54.66987919807434
508,0.0012142497580498457,0.0012096737045794725,0.0009910753962002151,54.76636743545532
509,0.0019230355974286795,0.0015122549375519156,0.0009910403425589152,54.89598536491394
510,0.0011278855381533504,0.001316965208388865,0.000991005220903652,54.9935667514801
511,0.004237496294081211,0.0036848143208771944,0.0009909700312398417,55.093616008758545
512,0.0029475782066583633,0.0009152445127256215,0.000990934773572911,55.18839693069458
513,0.0015878432895988226,0.0006374664953909814,0.0009908994479082972,55.28077054023743
514,0.003105043899267912,0.001431238604709506,0.0009908640542514479,55.375081062316895
515,0.002438456518575549,0.005454867612570524,0.000990828592607821,55.469425439834595
516,0.001427076174877584,0.0009900610893964767,0.0009907930629828854,55.561946392059326
517,0.0027449761983007193,0.0036593943368643522,0.00099075746538212,55.657981157302856
518,0.002031742362305522,0.0008716121083125472,0.0009907217998110147,55.749714374542236
519,0.0011202679015696049,0.004191447515040636,0.0009906860662750694,55.84103989601135
520,0.003351883962750435,0.0014463994884863496,0.0009906502647797945,55.934502601623535
521,0.0017390897264704108,0.0005015861825086176,0.0009906143953307114,56.02635097503662
522,0.0015049658250063658,0.0007974891923367977,0.0009905784579333514,56.12136173248291
523,0.0022779139690101147,0.0023567108437418938,0.0009905424525932566,56.220574617385864
524,0.001741777523420751,0.0007662287098355591,0.0009905063793159794,56.311994791030884
525,0.0014937266241759062,0.002601941581815481,0.0009904702381070827,56.42500829696655
526,0.0008171950466930866,0.0011265859939157963,0.0009904340289721397,56.51822829246521
527,0.0018934870604425669,0.0007918018382042646,0.0009903977519167349,56.6122088432312
528,0.0025986903347074986,0.0010904973605647683,0.0009903614069464626,56.70401883125305
529,0.0017207979690283537,0.014806542545557022,0.000990324994066927,56.84333658218384
530,0.0016314433887600899,0.0010540653020143509,0.000990288513283744,56.93941307067871
531,0.0034211259335279465,0.00037471402902156115,0.0009902519646025393,57.03319549560547
532,0.0015241231303662062,0.0003411577199585736,0.000990215348028949,57.13102579116821
533,0.00032310455571860075,0.00048418238293379545,0.0009901786635686202,57.22751712799072
534,0.002907739719375968,0.0016106037655845284,0.0009901419112272095,57.326186418533325
535,0.0014542264398187399,0.001083976123481989,0.000990105091010385,57.41833233833313
536,0.0017473915359005332,0.0005587965133599937,0.0009900682029238249,57.513150215148926
537,0.001632198109291494,0.00023089299793355167,0.0009900312469732176,57.61017656326294
538,0.0013338708085939288,0.000787836208473891,0.0009899942231642621,57.70645022392273
539,0.0017781918868422508,0.0005624454934149981,0.0009899571315026682,57.79801321029663
540,0.0023220586590468884,0.00039824124542064965,0.0009899199719941559,57.90077185630798
541,0.0008677266305312514,0.0005519910482689738,0.0009898827446444553,57.99225401878357
542,0.0020103291608393192,0.00040016532875597477,0.0009898454494593077,58.08751726150513
543,0.002206458244472742,0.001111179357394576,0.0009898080864444644,58.181808948516846
544,0.001432462828233838,0.0005182526656426489,0.0009897706556056872,58.273518085479736
545,0.003121110610663891,0.0006175912567414343,0.0009897331569487483,58.36559581756592
546,0.00244722212664783,0.0012510457308962941,0.0009896955904794304,58.45961308479309
547,0.0014016327913850546,0.0006742344121448696,0.000989657956203527,58.55140686035156
548,0.00200662505812943,0.0006146089290268719,0.000989620254126842,58.64397358894348
549,0.002179351169615984,0.0004979990189895034,0.0009895824842551888,58.75914192199707
550,0.0005420820089057088,0.00038489492726512253,0.0009895446465943926,58.85252022743225
551,0.0009535414865240455,0.00026505239657126367,0.000989506741150288,58.944819688797
552,0.002038879320025444,0.014576345682144165,0.0009894687679287211,59.046961307525635
553,0.001186436740681529,0.0003775452496483922,0.0009894307269355473,59.21331334114075
554,0.0021000606939196587,0.004526808392256498,0.0009893926181766331,59.30949926376343
555,0.002400730736553669,0.0004659141122829169,0.0009893544416578555,59.4074649810791
556,0.00510461675003171,0.0046960292384028435,0.0009893161973851016,59.503132820129395
557,0.002462835516780615,0.002292233519256115,0.0009892778853642695,59.59743928909302
558,0.001852695713751018,0.0003508793015498668,0.000989239505601267,59.691333055496216
559,0.00389885320328176,0.0015324825653806329,0.0009892010581020129,59.78571653366089
560,0.0026909103617072105,0.0007469173287972808,0.0009891625428724363,59.884074449539185
561,0.0031378332059830427,0.0007388467784039676,0.000989123959918477,59.98086476325989
562,0.003069453639909625,0.1831483542919159,0.0009890853092460843,60.07672357559204
563,0.0025203197728842497,0.0024688097182661295,0.0009890465908612193,60.169438123703
564,0.0017755096778273582,0.000583635934162885,0.0009890078047698524,60.265645027160645
565,0.004235169384628534,0.02048010379076004,0.000988968950977965,60.36114048957825
566,0.0015005974564701319,0.0019699556287378073,0.0009889300294915492,60.454344511032104
567,0.002173780230805278,0.00290689873509109,0.0009888910403166068,60.55523991584778
568,0.009331081062555313,0.04273015260696411,0.0009888519834591505,60.651520013809204
569,0.0011343358783051372,0.0020112423226237297,0.0009888128589252035,60.74309062957764
570,0.0010673693614080548,0.005256993696093559,0.000988773666720799,60.83866477012634
571,0.007921252399682999,0.04494096338748932,0.0009887344068519814,60.933866024017334
572,0.008080014027655125,0.0958106517791748,0.0009886950793248047,61.02743697166443
573,0.008544448763132095,0.7655405402183533,0.0009886556841453337,61.12037777900696
574,0.0017263810150325298,0.0009723466937430203,0.0009886162213196435,61.214062213897705
575,0.005299147218465805,0.025989098474383354,0.0009885766908538202,61.30535650253296
576,0.006908021401613951,0.1323835551738739,0.0009885370927539597,61.39829063415527
577,0.01616525650024414,0.1307348906993866,0.0009884974270261684,61.49129343032837
578,0.002707628533244133,0.0006993752904236317,0.0009884576936765636,61.58345031738281
579,0.00572518166154623,0.033085212111473083,0.0009884178927112722,61.67626404762268
580,0.007884366437792778,0.693182110786438,0.0009883780241364323,61.77522945404053
581,0.005151545628905296,0.03839598223567009,0.000988338087958192,61.894471883773804
582,0.011501956731081009,0.24732254445552826,0.0009882980841827101,61.986772298812866
583,0.015497777611017227,0.09237799793481827,0.0009882580128161556,62.0856294631958
584,0.00409015454351902,0.026045946404337883,0.000988217873864708,62.17806529998779
585,0.007050780579447746,0.02312185987830162,0.0009881776673345572,62.275513648986816
586,0.0066393837332725525,0.28792381286621094,0.000988137393231904,62.36739492416382
587,0.016484912484884262,0.12471771985292435,0.0009880970515629582,62.4666063785553
588,0.00555488420650363,0.02134736441075802,0.000988056642333942,62.56172013282776
589,0.0073266769759356976,0.032546717673540115,0.0009880161655510865,62.656938791275024
590,0.0037401430308818817,0.031207730993628502,0.0009879756212206336,62.75412368774414
591,0.006552624981850386,0.03796499967575073,0.0009879350093488363,62.84721326828003
592,0.0073527991771698,0.10818749666213989,0.000987894329941957,62.93983435630798
593,0.007582484744489193,0.14185017347335815,0.000987853583006269,63.03117251396179
594,0.0034644766710698605,0.03813144192099571,0.0009878127685480562,63.12534189224243
595,0.02042294107377529,0.19141201674938202,0.0009877718865736126,63.218573808670044
596,0.003318259259685874,0.038780342787504196,0.0009877309370892426,63.31033515930176
597,0.005145588889718056,0.09045031666755676,0.0009876899201012612,63.40599083900452
598,0.011213831603527069,0.35455307364463806,0.000987648835615994,63.50374627113342
599,0.01415533572435379,0.5355369448661804,0.0009876076836397762,63.59965491294861
600,0.0028123031370341778,0.30214226245880127,0.0009875664641789544,63.69834065437317
601,0.005988416261970997,0.07160511612892151,0.0009875251772398853,65.06555080413818
602,0.005387609358876944,0.01122363656759262,0.0009874838228289351,65.15696811676025
603,0.0072412751615047455,0.03385284170508385,0.000987442400952482,65.25143337249756
604,0.00884620938450098,0.04096429422497749,0.000987400911616913,65.34892797470093
605,0.003359527327120304,0.008429761976003647,0.0009873593548286274,65.45084500312805
606,0.0032793707214295864,0.10144451260566711,0.0009873177305940325,65.5429220199585
607,0.009219808503985405,0.039768461138010025,0.0009872760389195482,65.63710618019104
608,0.004969585686922073,0.10550592094659805,0.0009872342798116034,65.72831892967224
609,0.001682813512161374,0.0025577920023351908,0.0009871924532766378,65.83283543586731
610,0.00925956666469574,0.04558684304356575,0.0009871505593211022,65.92552447319031
611,0.008649826981127262,0.1629808247089386,0.0009871085979514566,66.01938080787659
612,0.005906740203499794,0.04252948984503746,0.0009870665691741722,66.11645650863647
613,0.0032644837629050016,0.003836079267784953,0.0009870244729957302,66.21013951301575
614,0.005422217305749655,0.04004231467843056,0.0009869823094226225,66.30204892158508
615,0.004129702690988779,0.01033671386539936,0.0009869400784613513,66.39365339279175
616,0.004075023345649242,0.028667181730270386,0.000986897780118429,66.48629140853882
617,0.004584107547998428,0.02263362891972065,0.0009868554144003786,66.57786679267883
618,0.004135934170335531,0.12163826823234558,0.0009868129813137335,66.6724145412445
619,0.002733316970989108,0.021250182762742043,0.0009867704808650373,66.76401257514954
620,0.0030231575947254896,0.005893690511584282,0.0009867279130608441,66.85632228851318
621,0.0032781600020825863,0.015309687703847885,0.0009866852779077185,66.97280979156494
622,0.00449800631031394,0.026709284633398056,0.0009866425754122353,67.066077709198
623,0.003789908718317747,0.01656872220337391,0.0009865998055809799,67.15976452827454
624,0.005021596327424049,0.08502136170864105,0.0009865569684205477,67.25319957733154
625,0.007531012874096632,0.026948625221848488,0.000986514063937545,67.34967017173767
626,0.001481203711591661,0.004953051917254925,0.0009864710921385876,67.44269394874573
627,0.0017928004963323474,0.027504492551088333,0.0009864280530303032,67.53843903541565
628,0.0012737116776406765,0.0027974487747997046,0.0009863849466193284,67.6373815536499
629,0.0027582752518355846,0.006507968995720148,0.000986341772912311,67.76107740402222
630,0.007247224450111389,0.03373517096042633,0.0009862985319159085,67.85889053344727
631,0.0017232181271538138,0.0049280207604169846,0.0009862552236367898,67.95240044593811
632,0.0025497637689113617,0.015034254640340805,0.0009862118480816332,68.04557800292969
633,0.0038589411415159702,0.03411463275551796,0.0009861684052571277,68.1560525894165
634,0.0017173138912767172,0.006416818127036095,0.0009861248951699732,68.24838447570801
635,0.0016390526434406638,0.005966339726001024,0.000986081317826879,68.34967732429504
636,0.003090249840170145,0.005308085586875677,0.0009860376732345655,68.44269943237305
637,0.003559023141860962,0.02818518690764904,0.0009859939613997629,68.5353274345398
638,0.0023599190171808004,0.0420825369656086,0.0009859501823292127,68.63009309768677
639,0.0023745920043438673,0.002574258018285036,0.000985906336029666,68.72341799736023
640,0.0027095344848930836,0.011316753923892975,0.000985862422507884,68.8171660900116
641,0.002634125528857112,0.13838285207748413,0.0009858184417706392,68.91896462440491
642,0.002738563809543848,0.0038487729616463184,0.000985774393824714,69.01150178909302
643,0.005861643701791763,0.0954035222530365,0.0009857302786769008,69.10474586486816
644,0.0015257725026458502,0.005109235644340515,0.000985686096334003,69.1981611251831
645,0.0011920919641852379,0.0036171323154121637,0.000985641846802834,69.31722331047058
646,0.004112573340535164,0.010372074320912361,0.0009855975300902175,69.41139936447144
647,0.004060748498886824,0.044503964483737946,0.0009855531462029878,69.5063750743866
648,0.002371283248066902,0.03636147081851959,0.0009855086951479895,69.5984137058258
649,0.003130450379103422,0.02085292525589466,0.0009854641769320774,69.71173191070557
650,0.0030896211974322796,0.003848758526146412,0.000985419591562117,69.80382680892944
651,0.0037497691810131073,0.00963456742465496,0.0009853749390449835,69.8957417011261
652,0.0018732170574367046,0.009128380566835403,0.0009853302193875634,69.98898315429688
653,0.003830716712400317,0.09589411318302155,0.0009852854325967525,70.11690211296082
654,0.002177309710532427,0.0053968848660588264,0.000985240578679458,70.20943927764893
655,0.003700071480125189,0.013579310849308968,0.0009851956576425968,70.30169034004211
656,0.001207886729389429,0.001304049277678132,0.000985150669493096,70.39465188980103
657,0.0024828347377479076,0.022141585126519203,0.0009851056142378934,70.53219175338745
658,0.0015697998460382223,0.004224399570375681,0.0009850604918839373,70.63179779052734
659,0.006930000614374876,0.0071195801720023155,0.000985015302438186,70.72884106636047
660,0.0018940576119348407,0.006326952483505011,0.0009849700459076084,70.8226387500763
661,0.0029924025293439627,0.04644586890935898,0.0009849247222991834,70.92924380302429
662,0.0016188996378332376,0.0004505066608544439,0.000984879331619901,71.02044796943665
663,0.003447157796472311,0.005285590887069702,0.00098483387387676,71.1154887676239
664,0.0012523820623755455,0.007655815687030554,0.0009847883490767717,71.20723104476929
665,0.002333367010578513,0.006193150300532579,0.0009847427572269559,71.31633472442627
666,0.003033396555110812,0.053030382841825485,0.0009846970983343436,71.40973734855652
667,0.0034177349880337715,0.01243302971124649,0.000984651372405976,71.50542950630188
668,0.006195534020662308,0.013836999423801899,0.0009846055794489048,71.59746265411377
669,0.001485405839048326,0.0052198562771081924,0.0009845597194701914,71.69394183158875
670,0.0010351669043302536,0.0020173853263258934,0.0009845137924769083,71.7866997718811
671,0.0030959758441895247,0.01566830649971962,0.000984467798476138,71.88116455078125
672,0.0036943217273801565,0.00505266897380352,0.0009844217374749733,71.9750542640686
673,0.0033992473036050797,0.009343092329800129,0.0009843756094805175,72.06663298606873
674,0.002566594397649169,0.007171189412474632,0.0009843294144998838,72.1635205745697
675,0.0026631741784512997,0.00918553490191698,0.0009842831525401963,72.25707793235779
676,0.0032816731836646795,0.0034363027662038803,0.0009842368236085892,72.34927678108215
677,0.002273601945489645,0.002303728135302663,0.000984190427712207,72.44944071769714
678,0.002445550635457039,0.05262516066431999,0.0009841439648582044,72.54198694229126
679,0.002604852430522442,0.0021170827094465494,0.0009840974350537467,72.63574171066284
680,0.001914100255817175,0.0320846363902092,0.0009840508383060092,72.75858879089355
681,0.0024031749926507473,0.0031113075092434883,0.0009840041746221777,72.85157585144043
682,0.0034121430944651365,0.0013626895379275084,0.0009839574440094487,72.94357109069824
683,0.00213822303339839,0.00874479953199625,0.0009839106464750282,73.03948044776917
684,0.0023193960078060627,0.04387087747454643,0.0009838637820261333,73.17541217803955
685,0.0016820752061903477,0.00530830817297101,0.0009838168506699908,73.27208828926086
686,0.0030666205566376448,0.042709365487098694,0.0009837698524138383,73.36384773254395
687,0.0019697779789566994,0.008063922636210918,0.0009837227872649236,73.45910954475403
688,0.00045112724183127284,0.0010036928579211235,0.0009836756552305044,73.55426216125488
689,0.002003735862672329,0.007046389859169722,0.0009836284563178495,73.65287065505981
690,0.00435107946395874,0.0014408057322725654,0.000983581190534237,73.74605417251587
691,0.0013366395141929388,0.006100231781601906,0.0009835338578869563,73.84940695762634
692,0.001587684964761138,0.008752001449465752,0.0009834864583833066,73.9877860546112
693,0.0026302337646484375,0.03097662702202797,0.0009834389920305975,74.08083176612854
694,0.0013827718794345856,0.004131699912250042,0.000983391458836149,74.17274808883667
695,0.001001342898234725,0.010393046773970127,0.0009833438588072911,74.26570987701416
696,0.001658155582845211,0.0012204815866425633,0.0009832961919513646,74.35805225372314
697,0.0015020293649286032,0.0023977570235729218,0.0009832484582757198,74.45093989372253
698,0.0015194675652310252,0.000846986542455852,0.0009832006577877184,74.54256057739258
699,0.001967238960787654,0.0016135770129039884,0.0009831527904947317,74.63884162902832
700,0.001626645214855671,0.0024053561501204967,0.0009831048564041412,74.73911952972412
701,0.0029258024878799915,0.00624515675008297,0.0009830568555233394,75.30565547943115
702,0.001914102933369577,0.0013808304211124778,0.000983008787859728,75.39731884002686
703,0.0022169449366629124,0.0016877157613635063,0.0009829606534207203,75.49213361740112
704,0.0007475874735973775,0.00027216647868044674,0.0009829124522137385,75.58353066444397
705,0.00168372574262321,0.0009440180147066712,0.0009828641842462168,75.70152568817139
706,0.0014577279798686504,0.002604546258226037,0.0009828158495255978,75.7964916229248
707,0.00128517160192132,0.003970734309405088,0.0009827674480593358,75.89209294319153
708,0.0011141241993755102,0.005802407395094633,0.0009827189798548948,75.98860311508179
709,0.0006616704049520195,0.00175908871460706,0.0009826704449197492,76.09143114089966
710,0.0019029354443773627,0.00256248633377254,0.0009826218432613838,76.19177007675171
711,0.0018389287870377302,0.005851884372532368,0.0009825731748872933,76.2863700389862
712,0.0026834493037313223,0.008704095147550106,0.0009825244398049835,76.3818850517273
713,0.001419301494024694,0.004851886071264744,0.0009824756380219695,76.48138642311096
714,0.002116467570886016,0.000672477122861892,0.0009824267695457771,76.5835452079773
715,0.0014935641083866358,0.000957164098508656,0.0009823778343839428,76.68349838256836
716,0.0024649822153151035,0.004255566280335188,0.0009823288325440127,76.7818717956543
717,0.0025100477505475283,0.0007465652888640761,0.0009822797640335439,76.87756252288818
718,0.006209399085491896,0.1439076066017151,0.000982230628860103,76.97256779670715
719,0.0012727631255984306,0.006092684343457222,0.0009821814270312673,77.06577062606812
720,0.0018833543872460723,0.001809293869882822,0.0009821321585546244,77.16256833076477
721,0.0007837532320991158,0.0007414613501168787,0.0009820828234377722,77.25788855552673
722,0.0024521101731806993,0.0033595655113458633,0.0009820334216883186,77.35841155052185
723,0.0031738984398543835,0.005144505761563778,0.0009819839533138823,77.45090913772583
724,0.010681889951229095,0.02132583223283291,0.0009819344183220917,77.54685139656067
725,0.002378733828663826,0.021318376064300537,0.0009818848167205858,77.6461181640625
726,0.0022282095160335302,0.009053975343704224,0.000981835148517014,77.74075555801392
727,0.002545253373682499,0.012797458097338676,0.0009817854137190352,77.83708119392395
728,0.0021831472404301167,0.02551990933716297,0.0009817356123343194,77.92860150337219
729,0.0010777374263852835,0.0015708376886323094,0.0009816857443705467,78.02754044532776
730,0.0021616085432469845,0.0018417553510516882,0.0009816358098354073,78.12028050422668
731,0.0034624659456312656,0.008053692989051342,0.0009815858087366017,78.218337059021
732,0.0023103307466953993,0.02083074301481247,0.000981535741081841,78.31040644645691
733,0.0024506007321178913,0.004650029353797436,0.0009814856068788458,78.40206956863403
734,0.0024163376074284315,0.004265316296368837,0.0009814354061353477,78.49450707435608
735,0.0014583521988242865,0.0049302838742733,0.0009813851388590883,78.58816123008728
736,0.003010918153449893,0.006329269148409367,0.0009813348050578192,78.68816447257996
737,0.0030146720819175243,0.022863104939460754,0.0009812844047393026,78.78457808494568
738,0.0027541115414351225,0.008040116168558598,0.0009812339379113113,78.87627935409546
739,0.0017850541044026613,0.002342384774237871,0.0009811834045816272,78.96899914741516
740,0.0016628256998956203,0.0029085928108543158,0.0009811328047580436,79.06128978729248
741,0.0018435235833749175,0.002658027922734618,0.0009810821384483638,79.15313267707825
742,0.0038546770811080933,0.011326652951538563,0.0009810314056604005,79.24793601036072
743,0.0013782012974843383,0.004039142280817032,0.0009809806064019781,79.34616613388062
744,0.0028770039789378643,0.002043535001575947,0.00098092974068093,79.43752336502075
745,0.002623587381094694,0.001892480649985373,0.0009808788085051005,79.53012919425964
746,0.0021001489367336035,0.0008108228212222457,0.000980827809882344,79.62291121482849
747,0.0021812894847244024,0.0009470726363360882,0.0009807767448205252,79.71748971939087
748,0.0030285052489489317,0.004684127867221832,0.0009807256133275188,79.81146502494812
749,0.0022147756535559893,0.003920017741620541,0.00098067441541121,79.9070565700531
750,0.002485254779458046,0.02254055254161358,0.0009806231510794939,79.99945831298828
751,0.0007955361506901681,0.0012717614881694317,0.0009805718203402768,80.09196829795837
752,0.0011106152087450027,0.004372523166239262,0.0009805204232014738,80.18540358543396
753,0.0016556581249460578,0.002432905836030841,0.0009804689596710112,80.28070449829102
754,0.0016574175097048283,0.005953316111117601,0.0009804174297568257,80.37237668037415
755,0.0010001444024965167,0.0010525324614718556,0.0009803658334668634,80.47028112411499
756,0.0033469153568148613,0.004475679714232683,0.0009803141708090812,80.56171464920044
757,0.0018032079096883535,0.0023902752436697483,0.0009802624417914463,80.65481472015381
758,0.0015624894294887781,0.0017630119109526277,0.0009802106464219357,80.75294303894043
759,0.0027259408961981535,0.0017460548551753163,0.0009801587847085374,80.84674024581909
760,0.002558270003646612,0.0019635860808193684,0.0009801068566592484,80.94189310073853
761,0.0023162607103586197,0.0030174164567142725,0.0009800548622820775,81.03515958786011
762,0.0004984121187590063,0.0017939378740265965,0.000980002801585042,81.12754011154175
763,0.0016467635286971927,0.00031537178438156843,0.000979950674576171,81.22446298599243
764,0.0022550104185938835,0.004774150904268026,0.0009798984812635029,81.31669044494629
765,0.0016540118958801031,0.00888601690530777,0.0009798462216550864,81.40966320037842
766,0.0020873926114290953,0.00450957240536809,0.0009797938957589805,81.50323605537415
767,0.002158287912607193,0.004883402492851019,0.000979741503583255,81.59757256507874
768,0.0012739512603729963,0.005770091433078051,0.0009796890451359895,81.69017910957336
769,0.001009737723506987,0.001101859612390399,0.000979636520425273,81.78440570831299
770,0.001374944462440908,0.0039688292890787125,0.000979583929459206,81.87930822372437
771,0.0010736135300248861,0.0009666610858403146,0.0009795312722458986,81.97444295883179
772,0.001542240264825523,0.0019490759586915374,0.0009794785487934712,82.0671079158783
773,0.002329505980014801,0.0018550471868366003,0.0009794257591100545,82.16208696365356
774,0.0020970457699149847,0.0013662383425980806,0.0009793729032037892,82.25371217727661
775,0.0059301843866705894,0.0034782050643116236,0.000979319981082826,82.35391616821289
776,0.0008209532825276256,0.0013620412210002542,0.000979266992755327,82.47268891334534
777,0.0016665961593389511,0.0008925932925194502,0.0009792139382294634,82.56550335884094
778,0.0006347804446704686,0.0008163097663782537,0.000979160817513416,82.66725373268127
779,0.0013537842314690351,0.0007959130452945828,0.000979107630615378,82.75880694389343
780,0.002124131191521883,0.00031739979749545455,0.0009790543775435505,82.87580800056458
781,0.0015509184449911118,0.001887221122160554,0.0009790010583061463,82.96837425231934
782,0.0010885236551985145,0.0013415990397334099,0.0009789476729113878,83.06350231170654
783,0.001272901427000761,0.0017202455783262849,0.0009788942213675076,83.15960049629211
784,0.004572561010718346,0.0024942427407950163,0.0009788407036827485,83.27718377113342
785,0.0027527993079274893,0.002287001581862569,0.0009787871198653638,83.36883759498596
786,0.0015160867478698492,0.0006337717059068382,0.0009787334699236168,83.46137690544128
787,0.0015805013244971633,0.0030260300263762474,0.0009786797538657809,83.56169080734253
788,0.0032407883554697037,0.005972609855234623,0.0009786259717001397,83.66325259208679
789,0.002300854539498687,0.001034980290569365,0.0009785721234349875,83.75689792633057
790,0.0017740301555022597,0.0005011748871766031,0.000978518209078628,83.85646915435791
791,0.0018085254123434424,0.0014938373351469636,0.0009784642286393755,83.95556569099426
792,0.0043313936330378056,0.0025777025148272514,0.0009784101821255545,84.04713869094849
793,0.0034291143529117107,0.0032169008627533913,0.0009783560695454997,84.14072489738464
794,0.0050312369130551815,0.0007983048562891781,0.0009783018909075558,84.23406434059143
795,0.0017233028775081038,0.0010719567071646452,0.0009782476462200783,84.32966470718384
796,0.001637888140976429,0.0010583639377728105,0.0009781933354914315,84.43298292160034
797,0.0017523204442113638,0.0015063864411786199,0.000978138958729992,84.52610230445862
798,0.0011221019085496664,0.0007984570111148059,0.0009780845159441443,84.62058591842651
799,0.001399784698151052,0.0005233825650066137,0.0009780300071422848,84.71448993682861
800,0.002678691176697612,0.0008678294252604246,0.0009779754323328191,84.82231450080872
801,0.0023591206409037113,0.0007991666789166629,0.0009779207915241637,86.17881965637207
802,0.002767302095890045,0.001547749969176948,0.0009778660847247443,86.27177882194519
803,0.0018878830596804619,0.0027409230824559927,0.000977811311942998,86.37055134773254
804,0.002479312475770712,0.0007443652721121907,0.000977756473187371,86.46558356285095
805,0.0025917603634297848,0.001560934237204492,0.0009777015684663203,86.56115770339966
806,0.001175870536826551,0.0015584372449666262,0.0009776465977883132,86.65268778800964
807,0.0019245914882048965,0.0021622900385409594,0.0009775915611618263,86.75217485427856
808,0.0005688476376235485,0.00033305594115518034,0.0009775364585953472,86.84388208389282
809,0.002783997682854533,0.0015305543784052134,0.0009774812900973737,86.97218251228333
810,0.0036347738932818174,0.002555422717705369,0.000977426055676413,87.06649804115295
811,0.0034733060747385025,0.004759615752846003,0.000977370755340983,87.1577570438385
812,0.0010156866628676653,0.00425017811357975,0.0009773153890996122,87.25691747665405
813,0.0011369213461875916,0.0020763089414685965,0.0009772599569608381,87.37571287155151
814,0.0011310325935482979,0.004093918949365616,0.0009772044589332095,87.46860027313232
815,0.002299310639500618,0.002052484778687358,0.000977148895025285,87.56077194213867
816,0.0014173313975334167,0.00032915655174292624,0.0009770932652456326,87.65713453292847
817,0.004385547712445259,0.0022674635984003544,0.0009770375696028315,87.76191329956055
818,0.00236702268011868,0.001137919258326292,0.000976981808105471,87.85342502593994
819,0.004330463241785765,0.0021606571972370148,0.0009769259807621497,87.94473361968994
820,0.0018912276718765497,0.0030900221318006516,0.000976870087581477,88.04013848304749
821,0.0010381154716014862,0.0005758479819633067,0.0009768141285720726,88.17191743850708
822,0.0037891368847340345,0.000513726903591305,0.0009767581037425658,88.26441240310669
823,0.0024984690826386213,0.003997453022748232,0.0009767020131015965,88.35845136642456
824,0.0017611425137147307,0.0015042844461277127,0.0009766458566578143,88.45340180397034
825,0.0010779515141621232,0.0003411904617678374,0.0009765896344198798,88.54529452323914
826,0.0029448652639985085,0.0010763071477413177,0.0009765333463964625,88.64469647407532
827,0.0009537370642647147,0.0048835668712854385,0.0009764769925962433,88.74098944664001
828,0.0023503988049924374,0.0006821327260695398,0.000976420573027912,88.83356428146362
829,0.0016379005974158645,0.0006685540429316461,0.0009763640877001698,88.92602062225342
830,0.0034235853236168623,0.0038488046266138554,0.0009763075366217273,89.01903581619263
831,0.002327211666852236,0.0010956950718536973,0.0009762509198013054,89.11161041259766
832,0.0017217904096469283,0.004021531902253628,0.000976194237247635,89.2062840461731
833,0.0016351410886272788,0.0026170858182013035,0.0009761374889694573,89.30516815185547
834,0.002385481260716915,0.010451050475239754,0.0009760806749755235,89.39715385437012
835,0.0007741876179352403,0.0004280164430383593,0.0009760237952745954,89.49283528327942
836,0.0008311887504532933,0.0007903528749011457,0.0009759668498754442,89.58436155319214
837,0.001139646046794951,0.0007857339805923402,0.0009759098387868517,89.69522905349731
838,0.0018606841331347823,0.013573956675827503,0.0009758527620176097,89.78908467292786
839,0.0016439224127680063,0.0023380746133625507,0.0009757956195765202,89.88259053230286
840,0.001164176152087748,0.0006456976407207549,0.0009757384114723954,89.97476148605347
841,0.0012555249268189073,0.00033276210888288915,0.0009756811377140573,90.12506198883057
842,0.004069202579557896,0.001031211344525218,0.0009756237983103384,90.22626209259033
843,0.0022205952554941177,0.0030294519383460283,0.0009755663932700809,90.31884336471558
844,0.0018011012580245733,0.00035263990866951644,0.0009755089226021377,90.41341185569763
845,0.0019423853373154998,0.0007114635081961751,0.0009754513863153713,90.51059556007385
846,0.0020474568009376526,0.001951924292370677,0.0009753937844186547,90.60574340820312
847,0.0013600107049569488,0.0006425249157473445,0.0009753361169208705,90.69990968704224
848,0.0016586299752816558,0.0008089353796094656,0.0009752783838309121,90.79178738594055
849,0.001608269289135933,0.0011489478638395667,0.0009752205851576827,90.9143590927124
850,0.0009081728640012443,0.000714726687874645,0.0009751627209100952,91.00797271728516
851,0.0012213130248710513,0.002688874490559101,0.0009751047910970731,91.10200071334839
852,0.0018861591815948486,0.00044156875810585916,0.0009750467957275503,91.19596242904663
853,0.0021453876979649067,0.0006092125549912453,0.0009749887348104699,91.3058693408966
854,0.0012678307248279452,0.0006693094037473202,0.0009749306083547859,91.39768600463867
855,0.0013416965957731009,0.001438880106434226,0.0009748724163694621,91.49558448791504
856,0.0021029349882155657,0.0005716205341741443,0.0009748141588634725,91.58800959587097
857,0.0032095606438815594,0.0012123287888243794,0.0009747558358458009,91.68317461013794
858,0.001964426599442959,0.00020484908600337803,0.0009746974473254416,91.77577519416809
859,0.0013721163850277662,0.0009106569923460484,0.0009746389933113988,91.8685052394867
860,0.0011110261548310518,0.0036726761609315872,0.0009745804738126871,91.9615707397461
861,0.0017574832309037447,0.00022676153457723558,0.0009745218888383307,92.09283113479614
862,0.0012137427693232894,0.0006170388660393655,0.0009744632383973641,92.18517303466797
863,0.0015677055343985558,0.0016836836002767086,0.000974404522498832,92.28187966346741
864,0.0007534892065450549,0.0010145510314032435,0.0009743457411517891,92.3745105266571
865,0.002116265706717968,0.0010894929291680455,0.0009742868943653002,92.47931289672852
866,0.005514465272426605,0.004709737841039896,0.0009742279821484403,92.57303047180176
867,0.0017516396474093199,0.0006807414465583861,0.0009741690045102945,92.66823244094849
868,0.0025937743484973907,0.002904506865888834,0.0009741099614599576,92.76098680496216
869,0.0015344575513154268,0.0018524938495829701,0.000974050853006535,92.85323905944824
870,0.0023037134669721127,0.00046963623026385903,0.0009739916791591419,92.94578433036804
871,0.0009433256345801055,0.0006470102234743536,0.0009739324399269038,93.04688811302185
872,0.0012921433662995696,0.00048491088091395795,0.0009738731353189557,93.13981747627258
873,0.0013919966295361519,0.0006171257700771093,0.0009738137653444438,93.233478307724
874,0.001195675227791071,0.0007061991491355002,0.000973754330012523,93.33403992652893
875,0.001975093502551317,0.0007425048970617354,0.0009736948293323593,93.42707967758179
876,0.0014469631714746356,0.004772678483277559,0.0009736352633131286,93.5197491645813
877,0.001423249370418489,0.0013753833482041955,0.0009735756319640165,93.61359024047852
878,0.0008180952863767743,0.0004498603811953217,0.0009735159352942189,93.70863223075867
879,0.0014199235010892153,0.002351926639676094,0.000973456173312942,93.80047059059143
880,0.0006309993914328516,0.00035509723238646984,0.0009733963460294015,93.89865398406982
881,0.0010529011487960815,0.0012485493207350373,0.0009733364534528238,93.99215197563171
882,0.0022762324661016464,0.0004722482699435204,0.000973276495592445,94.08849310874939
883,0.0026482203975319862,0.00247797928750515,0.0009732164724575113,94.18052220344543
884,0.002742997370660305,0.002022364642471075,0.0009731563840572792,94.27731919288635
885,0.0019366929773241282,0.0007033729343675077,0.0009730962304010149,94.37307405471802
886,0.002624350367113948,0.0018367174779996276,0.0009730360114979948,94.46704292297363
887,0.0030283965170383453,0.0009205428068526089,0.0009729757273575057,94.55961632728577
888,0.001694162143394351,0.0024649505503475666,0.0009729153779888439,94.65465784072876
889,0.001564157661050558,0.0007614045753143728,0.0009728549634013162,94.74818539619446
890,0.000621942279394716,0.0005180601147003472,0.000972794483604239,94.86564302444458
891,0.0020782887004315853,0.0014406908303499222,0.0009727339386069395,94.95785856246948
892,0.000540667213499546,0.0005405686097219586,0.0009726733284187542,95.05748295783997
893,0.004054827615618706,0.0009853355586528778,0.00097261265304903,95.15419006347656
894,0.0019084732048213482,0.0007671565399505198,0.0009725519125071238,95.24666810035706
895,0.001714855432510376,0.0006470719235949218,0.0009724911068024026,95.33976769447327
896,0.001713883480988443,0.002295668702572584,0.0009724302359442433,95.43251466751099
897,0.002764514647424221,0.0003587522660382092,0.0009723692999420332,95.52596926689148
898,0.0006861700094304979,0.0006207555416040123,0.000972308298805169,95.61687731742859
899,0.0013070076238363981,0.0005662739276885986,0.0009722472325430582,95.7104971408844
900,0.0013829439412802458,0.0005463013076223433,0.0009721861011651179,95.80464696884155
901,0.0017788659315556288,0.0004808478697668761,0.0009721249046807752,96.35885453224182
902,0.0006537686567753553,0.0006443377933464944,0.0009720636430994673,96.45925974845886
903,0.003707539290189743,0.008314881473779678,0.0009720023164306419,96.5528814792633
904,0.001672121463343501,0.0010283102747052908,0.000971940924683756,96.65099954605103
905,0.0009205015376210213,0.0006305135902948678,0.0009718794678682771,96.74665021896362
906,0.0019979700446128845,0.0009377246606163681,0.0009718179459936826,96.83816623687744
907,0.001374375424347818,0.0003047810751013458,0.0009717563590694599,96.92992663383484
908,0.001904359320178628,0.0008826798293739557,0.0009716947071051065,97.026620388031
909,0.000614505261182785,0.002065065549686551,0.00097163299011013,97.16159677505493
910,0.0010405093198642135,0.0005362390074878931,0.0009715712080940476,97.25974202156067
911,0.0007504748064093292,0.00041771706310100853,0.0009715093610663875,97.36005473136902
912,0.0025154738686978817,0.0027797820512205362,0.0009714474490366867,97.46052646636963
913,0.0004907401162199676,0.0001485493703512475,0.0009713854720144929,97.55955910682678
914,0.0009456372354179621,0.0007851021946407855,0.000971323430009364,97.65090084075928
915,0.0028093094006180763,0.008100946433842182,0.0009712613230308674,97.74302673339844
916,0.001552113681100309,0.0013967398554086685,0.0009711991510885811,97.8389732837677
917,0.0007055080495774746,0.00047279358841478825,0.0009711369141920924,97.931725025177
918,0.001910333288833499,0.0020962876733392477,0.0009710746123509993,98.02893376350403
919,0.0034252842888236046,0.0008908992749638855,0.0009710122455749093,98.12457823753357
920,0.0015792002668604255,0.0007508674170821905,0.0009709498138734404,98.2202479839325
921,0.0015845515299588442,0.0014971611090004444,0.00097088731725622,98.31810879707336
922,0.0016478158067911863,0.0024122109171003103,0.0009708247557328863,98.41739988327026
923,0.0013964835088700056,0.004006387200206518,0.0009707621293130867,98.51627492904663
924,0.001586640253663063,0.00043446451309137046,0.0009706994380064792,98.61593246459961
925,0.0033927650656551123,0.0022054773289710283,0.0009706366818227316,98.71510457992554
926,0.0031833085231482983,0.0009720573434606194,0.0009705738607715215,98.80664086341858
927,0.002804454416036606,0.0023007853887975216,0.0009705109748625369,98.90580224990845
928,0.0037395255640149117,0.017337549477815628,0.0009704480241054755,99.00263929367065
929,0.002387448213994503,0.0014402567176148295,0.0009703850085100449,99.09717059135437
930,0.0023005192633718252,0.002550847828388214,0.0009703219280859633,99.19582843780518
931,0.0027136988937854767,0.0008644307381473482,0.0009702587828429583,99.2883825302124
932,0.0024134060367941856,0.000770156504586339,0.0009701955727907676,99.38347458839417
933,0.0013410821557044983,0.0005693322164006531,0.0009701322979391391,99.49400162696838
934,0.0019336901605129242,0.0005819888901896775,0.0009700689582978307,99.58581376075745
935,0.001480151666328311,0.00044660596176981926,0.0009700055538766097,99.67952299118042
936,0.0009673982276581228,0.0006576292216777802,0.0009699420846852544,99.78223586082458
937,0.0020245255436748266,0.0013635052600875497,0.0009698785507335523,99.91850900650024
938,0.0016730772331357002,0.0015569590032100677,0.0009698149520313011,100.0133113861084
939,0.0013293134979903698,0.0004503514210227877,0.0009697512885883086,100.10765480995178
940,0.0011593501549214125,0.002548585645854473,0.0009696875604143923,100.20024609565735
941,0.001931035309098661,0.00019017037993762642,0.0009696237675193803,100.31373739242554
942,0.0010380417807027698,0.0007191249169409275,0.00096955990991311,100.4050624370575
943,0.002052237745374441,0.0018072192324325442,0.0009694959876054289,100.5015709400177
944,0.0034778225235641003,0.0006926242494955659,0.0009694320006061949,100.60042643547058
945,0.0014073526253923774,0.000780841859523207,0.0009693679489252755,100.73574042320251
946,0.0014497439842671156,0.0014007202116772532,0.0009693038325725483,100.83707022666931
947,0.0010525165125727654,0.0007179578533396125,0.0009692396515579007,100.93044209480286
948,0.002725475002080202,0.00042570263030938804,0.0009691754058912305,101.02886939048767
949,0.0020888852886855602,0.0010143558029085398,0.000969111095582445,101.12851047515869
950,0.0018404762959107757,0.00031128566479310393,0.0009690467206414616,101.22277808189392
951,0.0016296611865982413,0.00032205184106715024,0.0009689822810782079,101.31884813308716
952,0.0006159974145703018,0.000891255447641015,0.000968917776902621,101.41309452056885
953,0.001240856247022748,0.0005739955813623965,0.0009688532081246487,101.53333330154419
954,0.0021119103766977787,0.002717440715059638,0.0009687885747542479,101.62674403190613
955,0.004454144276678562,0.0019199041416868567,0.0009687238768013862,101.72045946121216
956,0.004029801115393639,0.002705128164961934,0.0009686591142760406,101.81339812278748
957,0.0025116733741015196,0.0034442031756043434,0.0009685942871881983,101.95717859268188
958,0.0018425153102725744,0.0009630967397242785,0.0009685293955478566,102.0495834350586
959,0.0017562739085406065,0.0024645389057695866,0.0009684644393650225,102.14165997505188
960,0.0010267167817801237,0.00035853899316862226,0.0009683994186497132,102.23500847816467
961,0.0008892077021300793,0.00036012919736094773,0.0009683343334119554,102.36388564109802
962,0.0017013720935210586,0.00039847736479714513,0.0009682691836617865,102.45608258247375
963,0.0007641689153388143,0.0009577529854141176,0.0009682039694092531,102.54976296424866
964,0.0022486622910946608,0.0016398783773183823,0.0009681386906644122,102.64135098457336
965,0.0015838233521208167,0.0029538008384406567,0.0009680733474373305,102.7342324256897
966,0.0008432421600446105,0.00044994408381171525,0.0009680079397380847,102.83387351036072
967,0.0007508258568122983,0.0007340555894188583,0.0009679424675767616,102.92645740509033
968,0.0003928023506887257,0.0009412163635715842,0.0009678769309634579,103.01852226257324
969,0.0013901256024837494,0.0011390334693714976,0.0009678113299082799,103.12530207633972
970,0.0007915132446214557,0.0011841770028695464,0.0009677456644213444,103.21747040748596
971,0.002145536709576845,0.004124915227293968,0.0009676799345127778,103.3098714351654
972,0.000264210335444659,0.0005296641029417515,0.0009676141401927164,103.40649962425232
973,0.002450157655403018,0.0019764909520745277,0.0009675482814713064,103.5358030796051
974,0.0016289881896227598,0.0012847179314121604,0.0009674823583587041,103.63535237312317
975,0.001686399569734931,0.0004445034428499639,0.0009674163708650759,103.72734093666077
976,0.0009464907925575972,0.0005775099853053689,0.0009673503190005976,103.82403111457825
977,0.0009225846733897924,0.0012348339660093188,0.0009672842027754555,103.91768145561218
978,0.004166311584413052,0.005607451777905226,0.0009672180221998452,104.01042485237122
979,0.0012879123678430915,0.00016876352310646325,0.000967151777283973,104.10641479492188
980,0.0017843840178102255,0.0011294791474938393,0.0009670854680380543,104.20645380020142
981,0.001969012198969722,0.0009275269112549722,0.0009670190944723151,104.31744337081909
982,0.0026338647585362196,0.0028520156629383564,0.0009669526565969911,104.40934443473816
983,0.003704285714775324,0.0019483903888612986,0.0009668861544223274,104.50461196899414
984,0.0004127417632844299,0.0003932800318580121,0.00096681958795858,104.59910702705383
985,0.001458996906876564,0.002674560761079192,0.000966752957216014,104.69232368469238
986,0.0011245216010138392,0.00041603873251006007,0.0009666862622049047,104.7909643650055
987,0.0021982924081385136,0.00032690478838048875,0.0009666195029355373,104.88307523727417
988,0.0026358850300312042,0.002445822348818183,0.0009665526794182072,104.97745823860168
989,0.0016689186450093985,0.00015781872207298875,0.000966485791663219,105.07506203651428
990,0.001124285627156496,0.00042636526632122695,0.000966418839680888,105.16878581047058
991,0.0007831419352442026,0.0010717881377786398,0.0009663518234815388,105.2629554271698
992,0.001477972138673067,0.000843646063003689,0.0009662847430755061,105.36034631729126
993,0.0013114254688844085,0.0002109558117808774,0.0009662175984731348,105.45231080055237
994,0.0011257894802838564,0.0011321216588839889,0.0009661503896847792,105.54527068138123
995,0.0013133393367752433,0.000855949823744595,0.000966083116720804,105.63893413543701
996,0.0007678890833631158,0.00029429240385070443,0.0009660157795915833,105.73235130310059
997,0.0012795130023732781,0.0004814105632249266,0.0009659483783075012,105.82327580451965
998,0.002206091769039631,0.0018747405847534537,0.0009658809128789524,105.91673254966736
999,0.0019497356843203306,0.0007036012248136103,0.0009658133833163403,106.01179790496826
1000,0.004615654703229666,0.0022923839278519154,0.000965745789630079,106.10436725616455
1001,0.001156434416770935,0.0006884856265969574,0.0009656781318305925,107.46144032478333
1002,0.001806097337976098,0.0012855554232373834,0.0009656104099283143,107.56354975700378
1003,0.00039503531297668815,0.00038906282861717045,0.0009655426239336879,107.65820240974426
1004,0.0015177112072706223,0.0013748934725299478,0.000965474773857167,107.74975776672363
1005,0.002078671706840396,0.0008761028875596821,0.0009654068597092149,107.93048524856567
1006,0.0014149593189358711,0.0004331841191742569,0.0009653388815003044,108.02706027030945
1007,0.0009306141873821616,0.0004220500704832375,0.0009652708392409191,108.12132859230042
1008,0.002896477235481143,0.001392812468111515,0.0009652027329415517,108.21911120414734
1009,0.002600514329969883,0.002428956562653184,0.0009651345626127052,108.33381843566895
1010,0.0025366018526256084,0.003123523900285363,0.000965066328264892,108.42782258987427
1011,0.0006242491072043777,0.0008255394059233367,0.0009649980299086351,108.52350497245789
1012,0.0012687164125964046,0.0005389375728555024,0.0009649296675544669,108.62161374092102
1013,0.0021821409463882446,0.000907673966139555,0.0009648612412129295,108.71439170837402
1014,0.0014670960372313857,0.0005172524834051728,0.0009647927508945753,108.81060743331909
1015,0.003092470346018672,0.00360693852417171,0.0009647241966099663,108.90250873565674
1016,0.0025381369050592184,0.0009646305115893483,0.0009646555783696743,108.99393892288208
1017,0.0020425040274858475,0.00044868429540656507,0.0009645868961842814,109.08527851104736
1018,0.0016997810453176498,0.0003104464849457145,0.0009645181500643789,109.18521690368652
1019,0.004416806157678366,0.0008825051481835544,0.0009644493400205686,109.27705430984497
1020,0.0009573527495376766,0.00039894162910059094,0.0009643804660634618,109.3687994480133
1021,0.001885447883978486,0.00036053801886737347,0.0009643115282036797,109.46026992797852
1022,0.0017848110292106867,0.0005933230859227479,0.0009642425264518534,109.55207204818726
1023,0.0025082025676965714,0.0011576858814805746,0.0009641734608186237,109.65259265899658
1024,0.004039119463413954,0.002218768000602722,0.0009641043313146417,109.751718044281
1025,0.00043402364826761186,0.00018595124129205942,0.0009640351379505678,109.8437979221344
1026,0.002705831080675125,0.00026611561770550907,0.0009639658807370725,109.94034552574158
1027,0.0015008463524281979,0.0008025976130738854,0.000963896559684836,110.03234887123108
1028,0.0007810524548403919,8.096392411971465e-05,0.0009638271748045489,110.13306093215942
1029,0.0015795993385836482,0.00028971003484912217,0.0009637577261069109,110.23222804069519
1030,0.001362477894872427,0.0008826687699183822,0.0009636882136026319,110.32547426223755
1031,0.002164051868021488,0.0006922598113305867,0.0009636186373024316,110.417316198349
1032,0.001958888489753008,0.0006029093638062477,0.0009635489972170396,110.50928926467896
1033,0.001028045080602169,0.0008031001198105514,0.0009634792933571954,110.60123825073242
1034,0.0029500729870051146,0.0015277046477422118,0.0009634095257336478,110.69712972640991
1035,0.016407836228609085,0.07245336472988129,0.0009633396943571562,110.78982138633728
1036,0.0011863007675856352,0.00044480510405264795,0.0009632697992384893,110.88544201850891
1037,0.001445592613890767,0.0002276196755701676,0.0009631998403884261,110.97797107696533
1038,0.0008614549296908081,0.00043412408558651805,0.0009631298178177548,111.07319188117981
1039,0.0015519850421696901,0.0006046630442142487,0.0009630597315372738,111.17215013504028
1040,0.0020050578750669956,0.00059262674767524,0.0009629895815577914,111.26862835884094
1041,0.00327001279219985,0.0014540257398039103,0.0009629193678901258,111.36515712738037
1042,0.001906196353957057,0.0005212164833210409,0.0009628490905451044,111.4659206867218
1043,0.0016901164781302214,0.0008688330999575555,0.0009627787495335651,111.56236457824707
1044,0.0012107613729313016,0.0006773542845621705,0.0009627083448663551,111.655513048172
1045,0.005697890184819698,0.0019462074851617217,0.0009626378765543322,111.75393557548523
1046,0.0013487781397998333,0.0002539718116167933,0.0009625673446083631,111.84969735145569
1047,0.0011971455533057451,0.0045667910017073154,0.0009624967490393249,111.94826817512512
1048,0.001552962581627071,0.00043311610352247953,0.000962426089858104,112.04004502296448
1049,0.001785830594599247,0.002354678697884083,0.0009623553670755975,112.13292407989502
1050,0.0006967451772652566,0.00037068634992465377,0.0009622845807027113,112.22519111633301
1051,0.0012207070831209421,0.0009127139928750694,0.0009622137307503614,112.31683015823364
1052,0.0008244031923823059,0.0003350014449097216,0.0009621428172294742,112.41883563995361
1053,0.0013413296546787024,0.0007551592425443232,0.0009620718401509853,112.51367664337158
1054,0.0016846696380525827,0.00023532597697339952,0.0009620007995258404,112.60546684265137
1055,0.0006394976517185569,0.00079801568062976,0.0009619296953649945,112.69776678085327
1056,0.0012594825820997357,0.0007404300849884748,0.000961858527679413,112.7916784286499
1057,0.001275398419238627,0.0005511668277904391,0.0009617872964800707,112.88708162307739
1058,0.0020860922522842884,0.0008119196281768382,0.0009617160017779525,112.98112201690674
1059,0.0012795492075383663,0.005683396011590958,0.0009616446435840528,113.08087825775146
1060,0.0017311398405581713,0.0002933512441813946,0.0009615732219093761,113.17446517944336
1061,0.004167483653873205,0.0015647357795387506,0.0009615017367649365,113.27081513404846
1062,0.000789230689406395,0.0006264706025831401,0.0009614301881617578,113.36514544487
1063,0.00040514604188501835,0.0011417303467169404,0.0009613585761108735,113.46355962753296
1064,0.002389524132013321,0.0013573385076597333,0.0009612869006233274,113.55626273155212
1065,0.0021890485659241676,0.000535878527443856,0.000961215161710173,113.65014839172363
1066,0.0030263676308095455,0.001070082769729197,0.0009611433593824727,113.74977993965149
1067,0.0017839574720710516,0.001821423415094614,0.0009610714936512996,113.84428882598877
1068,0.0018554109847173095,0.0018327615689486265,0.0009609995645277365,113.94362664222717
1069,0.0018471824005246162,0.0010846322402358055,0.0009609275720228756,114.03600716590881
1070,0.0010773553512990475,0.0004805617209058255,0.000960855516147819,114.13108158111572
1071,0.0016838887240737677,0.0015079289441928267,0.0009607833969136787,114.2237799167633
1072,0.0015625370433554053,0.00036771022132597864,0.0009607112143315763,114.31675100326538
1073,0.0019403805490583181,0.0008594216778874397,0.0009606389684126435,114.40898752212524
1074,0.0023338794708251953,0.000273490441031754,0.000960566659168021,114.50316071510315
1075,0.0009408660116605461,0.00048805499682202935,0.0009604942866088604,114.59459853172302
1076,0.0009239422506652772,0.0001429450639989227,0.0009604218507463223,114.69312834739685
1077,0.004241333343088627,0.005833999719470739,0.000960349351591577,114.78588938713074
1078,0.0020343975629657507,0.0012096189893782139,0.0009602767891558049,114.87823033332825
1079,0.002255592495203018,0.004495501983910799,0.0009602041634501961,114.97103118896484
1080,0.004679999314248562,0.0005778140621259809,0.0009601314744859504,115.06301712989807
1081,0.001562436344102025,0.0020961484406143427,0.0009600587222742772,115.1760504245758
1082,0.0006735294009558856,0.0003399620472919196,0.0009599859068263961,115.27017569541931
1083,0.0022385024931281805,0.0003694299084600061,0.0009599130281535357,115.36356210708618
1084,0.0024436665698885918,0.00042311521247029305,0.0009598400862669351,115.45591354370117
1085,0.00131131149828434,0.000617505400441587,0.0009597670811778429,115.61669111251831
1086,0.0014621908776462078,0.0008328139665536582,0.0009596940128975174,115.71194338798523
1087,0.0020660418085753918,0.0009734415216371417,0.0009596208814372265,115.80560350418091
1088,0.0006962089100852609,0.0003401986032258719,0.0009595476868082481,115.8972327709198
1089,0.0004960910882800817,0.0001466546527808532,0.0009594744290218697,115.99281001091003
1090,0.002203491283580661,0.0002502953284420073,0.0009594011080893885,116.09389758110046
1091,0.002044704742729664,0.0006777202943339944,0.0009593277240221116,116.18557691574097
1092,0.0012531874235719442,0.0002366897533647716,0.0009592542768313557,116.27969312667847
1093,0.001734151504933834,0.00039563412428833544,0.0009591807665284473,116.39018297195435
1094,0.0021803982090204954,0.003136885818094015,0.0009591071931247228,116.48229575157166
1095,0.00224784342572093,0.0005646143108606339,0.0009590335566315277,116.57390689849854
1096,0.0022846353240311146,0.0006486363126896322,0.0009589598570602182,116.67072892189026
1097,0.0009387956233695149,0.0010283091105520725,0.0009588860944221592,116.80171084403992
1098,0.003903837874531746,0.001129131531342864,0.0009588122687287261,116.89705419540405
1099,0.0018718016799539328,0.00038028520066291094,0.0009587383799913037,116.9883599281311
1100,0.0014723853673785925,0.0003457177372183651,0.0009586644282212867,117.08099365234375
1101,0.0011189207434654236,0.00015367442392744124,0.0009585904134300792,117.61798453330994
1102,0.000993618043139577,0.00044434197479858994,0.0009585163356290951,117.7118468284607
1103,0.0006569625693373382,0.0005176410195417702,0.0009584421948297584,117.80330729484558
1104,0.0010775882983580232,0.0004834527790080756,0.0009583679910435026,117.90277433395386
1105,0.0017742461059242487,0.0005096659297123551,0.0009582937242817708,118.02335119247437
1106,0.0027216575108468533,0.0010577200446277857,0.0009582193945560156,118.12012696266174
1107,0.0014569880440831184,0.0025252806954085827,0.0009581450018776996,118.22050642967224
1108,0.0017008173745125532,0.00037047022487968206,0.0009580705462582955,118.31770396232605
1109,0.0010851765982806683,0.0003089319507125765,0.0009579960277092849,118.40979051589966
1110,0.0021247724071145058,0.0022477374877780676,0.0009579214462421596,118.51235008239746
1111,0.0008265208452939987,0.00024650339037179947,0.0009578468018684211,118.60568118095398
1112,0.003051727544516325,0.0004557416250463575,0.0009577720945995805,118.70505714416504
1113,0.0006608005496673286,0.0007885034428909421,0.0009576973244471584,118.79805898666382
1114,0.002189051825553179,0.0003884647157974541,0.0009576224914226855,118.89963006973267
1115,0.0019169598817825317,0.0009097091387957335,0.0009575475955377018,118.99126958847046
1116,0.0033721444196999073,0.0008141144644469023,0.0009574726368037575,119.08900952339172
1117,0.00240077986381948,0.0009312813635915518,0.0009573976152324119,119.18054509162903
1118,0.0018615092849358916,0.00317933177575469,0.0009573225308352342,119.2791519165039
1119,0.002092092065140605,0.00304404366761446,0.0009572473836238037,119.37066721916199
1120,0.0021364432759582996,0.0005191264790482819,0.0009571721736097089,119.46539640426636
1121,0.0005317130126059055,0.000429804582381621,0.0009570969008045479,119.5597083568573
1122,0.0013829311355948448,0.0005896081565879285,0.000957021565219929,119.6550886631012
1123,0.0019086047541350126,0.000508165976498276,0.0009569461668674698,119.74626398086548
1124,0.0019219713285565376,0.00048634092672728,0.0009568707057587976,119.83919429779053
1125,0.0014538605464622378,0.00040255876956507564,0.0009567951819055496,119.93112921714783
1126,0.0016457585152238607,0.0006584697985090315,0.0009567195953193722,120.02328491210938
1127,0.001653281389735639,0.0008255692082457244,0.0009566439460119224,120.11872124671936
1128,0.0021636656019836664,0.0014697294682264328,0.0009565682339948657,120.21270394325256
1129,0.0006328016752377152,0.00028199757798574865,0.000956492459279878,120.3056812286377
1130,0.0025738393887877464,0.0006478632567450404,0.0009564166218786451,120.39908981323242
1131,0.0016431256663054228,0.001798716839402914,0.0009563407218028615,120.49369692802429
1132,0.0025011617690324783,0.0012156004086136818,0.0009562647590642321,120.58541226387024
1133,0.0020440639927983284,0.002111816545948386,0.0009561887336744717,120.68155860900879
1134,0.0018630672711879015,0.0004556815547402948,0.0009561126456453039,120.77755117416382
1135,0.0025004446506500244,0.0006059791776351631,0.0009560364949884626,120.8690984249115
1136,0.0021662528160959482,0.0003647135745268315,0.0009559602817156913,120.96580100059509
1137,0.0019772611558437347,0.000521521782502532,0.000955884005838743,121.05819249153137
1138,0.0015108573716133833,0.0005333098815754056,0.0009558076673693801,121.1535267829895
1139,0.0011833820026367903,0.0007152852485887706,0.0009557312663193753,121.24728393554688
1140,0.0011671893298625946,0.00039068484329618514,0.0009556548027005106,121.34187459945679
1141,0.0031438451260328293,0.0037480653263628483,0.0009555782765245774,121.44196939468384
1142,0.001080100773833692,0.001078538247384131,0.0009555016878033773,121.53698635101318
1143,0.0034769463818520308,0.004156333394348621,0.0009554250365487211,121.63093113899231
1144,0.0007319740252569318,0.00033276830799877644,0.0009553483227724291,121.72321605682373
1145,0.002305923495441675,0.0004180515534244478,0.000955271546486332,121.81546211242676
1146,0.002831053454428911,0.0017106968443840742,0.0009551947077022694,121.91071271896362
1147,0.0013340224977582693,0.0005177647690288723,0.000955117806432091,122.00593662261963
1148,0.0008100653067231178,0.0004133769834879786,0.0009550408426876558,122.09831666946411
1149,0.002384740859270096,0.0007993621984496713,0.0009549638164808326,122.19224643707275
1150,0.001703348709270358,0.0005748388357460499,0.0009548867278234998,122.28478360176086
1151,0.0015653930604457855,0.0006971965776756406,0.0009548095767275452,122.38018465042114
1152,0.002691621659323573,0.00029795445152558386,0.000954732363204867,122.47214698791504
1153,0.0018492068629711866,0.0002532469225116074,0.000954655087267372,122.59780621528625
1154,0.0009369221515953541,0.00015783763956278563,0.0009545777489269776,122.69619083404541
1155,0.0029527912847697735,0.0006414713570848107,0.0009545003481956099,122.78906583786011
1156,0.0012375488877296448,0.0004105456464458257,0.0009544228850852053,122.88293647766113
1157,0.0007308883359655738,0.00034458472509868443,0.0009543453596077095,122.9951388835907
1158,0.003570082364603877,0.0010857852175831795,0.0009542677717750778,123.08675074577332
1159,0.0015572784468531609,0.002095298608765006,0.0009541901215992755,123.17915940284729
1160,0.0027486260514706373,0.0004613411147147417,0.000954112409092277,123.27172017097473
1161,0.003551300149410963,0.0008218128350563347,0.0009540346342660667,123.37633657455444
1162,0.0014029063750058413,0.0003214295720681548,0.0009539567971326384,123.47090458869934
1163,0.001165039837360382,0.000599355436861515,0.0009538788977039955,123.56373596191406
1164,0.0015663731610402465,0.000597132951952517,0.0009538009359921512,123.65554690361023
1165,0.002906771143898368,0.0004975578631274402,0.0009537229120091279,123.75325131416321
1166,0.00091547955526039,0.00045274689910002053,0.0009536448257669581,123.84486222267151
1167,0.0012135766446590424,0.0010384354973211884,0.0009535666772776838,123.93865728378296
1168,0.0023863660171628,0.0009135972359217703,0.0009534884665533562,124.03308010101318
1169,0.0017275989521294832,0.00020876801863778383,0.0009534101936060365,124.12746930122375
1170,0.0016095011960715055,0.0008271529222838581,0.0009533318584477955,124.25884103775024
1171,0.0021294872276484966,0.0010535428300499916,0.0009532534610907131,124.35344624519348
1172,0.0014046573778614402,0.00032943254336714745,0.0009531750015468796,124.44772624969482
1173,0.0022921331692487,0.0019722129218280315,0.0009530964798283943,124.54623532295227
1174,0.000815129722468555,0.0004430279368534684,0.0009530178959473661,124.64205312728882
1175,0.0011696352157741785,0.0014497750671580434,0.0009529392499159137,124.73378205299377
1176,0.0014654200058430433,0.01595993898808956,0.0009528605417461653,124.82637572288513
1177,0.0012196169700473547,0.0008215941488742828,0.0009527817714502587,124.91849851608276
1178,0.001363212475553155,0.0003224025131203234,0.0009527029390403412,125.0121545791626
1179,0.0030159519519656897,0.0007912273285910487,0.00095262404452857,125.10715818405151
1180,0.001555474242195487,0.008779141120612621,0.0009525450879271113,125.20533037185669
1181,0.002670981688424945,0.012523029930889606,0.0009524660692481414,125.29923248291016
1182,0.0012543625198304653,0.0008044661954045296,0.0009523869885038459,125.39248371124268
1183,0.0026872563175857067,0.0016006282530725002,0.00095230784570642,125.48768734931946
1184,0.0017772899009287357,0.0010345285991206765,0.0009522286408680687,125.58524084091187
1185,0.0008949559996835887,0.0002854052872862667,0.0009521493740010062,125.68286466598511
1186,0.0010627575684338808,0.0021042004227638245,0.0009520700451174565,125.7760910987854
1187,0.0011849183356389403,0.000457590795122087,0.0009519906542296531,125.87159419059753
1188,0.0014101261040195823,0.00025592331076040864,0.0009519112013498391,125.96644759178162
1189,0.001164169399999082,0.0006282887770794332,0.0009518316864902672,126.05773520469666
1190,0.0014483564300462604,0.0004137773357797414,0.0009517521096631994,126.17024421691895
1191,0.0011269939132034779,0.0006355546647682786,0.0009516724708809076,126.2644898891449
1192,0.0011637815041467547,0.0005015116184949875,0.000951592770155673,126.35633683204651
1193,0.0015964610502123833,0.00046466142521239817,0.0009515130074997868,126.45106768608093
1194,0.0006449059583246708,0.0004746535560116172,0.0009514331829255487,126.60548710823059
1195,0.0025245528668165207,0.0011099244002252817,0.0009513532964452692,126.69906330108643
1196,0.001786143402568996,0.0007462141802534461,0.0009512733480712678,126.79084420204163
1197,0.0035230983048677444,0.0006613750010728836,0.0009511933378158733,126.88315939903259
1198,0.001244044629856944,0.0035593057982623577,0.0009511132656914244,126.97622609138489
1199,0.0008853827603161335,0.00024623790523037314,0.0009510331317102693,127.07527685165405
1200,0.0035705617628991604,0.002562690991908312,0.0009509529358847655,127.17503523826599
1201,0.0021689413115382195,0.007203872315585613,0.0009508726782272804,128.52917218208313
1202,0.0023844223469495773,0.000527801166754216,0.0009507923587501906,128.6209146976471
1203,0.0013853436103090644,0.002284236717969179,0.0009507119774658823,128.71710920333862
1204,0.001484302687458694,0.0008708339300937951,0.0009506315343867515,128.81299996376038
1205,0.0011379716452211142,0.00022896233713254333,0.0009505510295252035,128.905282497406
1206,0.0013714478118345141,0.0030621644109487534,0.0009504704628936531,129.0028076171875
1207,0.0036066840402781963,0.0003160810156259686,0.0009503898345045247,129.09678530693054
1208,0.0005652055842801929,0.00211776839569211,0.0009503091443702522,129.19037175178528
1209,0.0015346202999353409,0.00017954579379875213,0.000950228392503279,129.28637981414795
1210,0.0010542621603235602,0.00077672372572124,0.000950147578916058,129.3799479007721
1211,0.0018220196943730116,0.0003833236114587635,0.0009500667036210519,129.4738895893097
1212,0.0012928179930895567,0.007779240142554045,0.0009499857666307324,129.56922268867493
1213,0.0005574323004111648,0.0003508941153995693,0.0009499047679575813,129.76021933555603
1214,0.0019361353479325771,0.0004046205140184611,0.0009498237076140893,129.8527398109436
1215,0.0011102816788479686,0.0006774181965738535,0.0009497425856127573,129.94686651229858
1216,0.0013523295056074858,0.0004493221640586853,0.000949661401966095,130.04020047187805
1217,0.002585990820080042,0.0011637157294899225,0.0009495801566866221,130.1686224937439
1218,0.001283694407902658,0.0005327871185727417,0.0009494988497868676,130.260559797287
1219,0.0024868794716894627,0.000643845007289201,0.0009494174812793701,130.35641598701477
1220,0.0015074920374900103,0.00047297071432694793,0.0009493360511766775,130.45480036735535
1221,0.001331506296992302,0.0004501549992710352,0.0009492545594913474,130.5659191608429
1222,0.0014690030366182327,9.658762428443879e-05,0.000949173006235947,130.65751886367798
1223,0.0024368935264647007,0.00037922387127764523,0.0009490913914230526,130.7515585422516
1224,0.00231609377078712,0.004696277901530266,0.0009490097150652505,130.84519982337952
1225,0.0017737438902258873,0.001221208251081407,0.000948927977175136,130.95461320877075
1226,0.000909402035176754,0.00038692745147272944,0.0009488461777653141,131.04659152030945
1227,0.0010227280436083674,0.00040874117985367775,0.0009487643168483993,131.14261722564697
1228,0.0016783562023192644,0.0008047451847232878,0.0009486823944370158,131.23942112922668
1229,0.0012121357722207904,0.000752375228330493,0.000948600410543797,131.3311161994934
1230,0.0018320700619369745,0.0001288069470319897,0.0009485183651813855,131.42314267158508
1231,0.0024946979247033596,0.0002627703361213207,0.0009484362583624343,131.5184760093689
1232,0.0015146055957302451,0.0006782202981412411,0.0009483540900996049,131.61177563667297
1233,0.0005805170512758195,0.00038760638562962413,0.0009482718604055687,131.70367312431335
1234,0.004293413367122412,0.0022095132153481245,0.0009481895692930067,131.79736042022705
1235,0.0007841374026611447,0.0008070239564403892,0.0009481072167746091,131.8903329372406
1236,0.0013905547093600035,0.0002283602807438001,0.0009480248028630758,131.98496007919312
1237,0.0017649212386459112,0.000330356095219031,0.000947942327571116,132.0844748020172
1238,0.0016549983993172646,0.0008959335391409695,0.0009478597909114482,132.17729353904724
1239,0.0024025440216064453,0.0028784468304365873,0.0009477771928968012,132.2706220149994
1240,0.002236507833003998,0.0012710901210084558,0.0009476945335399121,132.36478924751282
1241,0.0015899131540209055,0.000421373697463423,0.0009476118128535283,132.47620797157288
1242,0.0009570283582434058,0.00036651091068051755,0.000947529030850406,132.5678060054779
1243,0.0027551406528800726,0.0004389946989249438,0.0009474461875433116,132.65989303588867
1244,0.001556810224428773,0.00024639556067995727,0.0009473632829450205,132.7522897720337
1245,0.0035169627517461777,0.0009001279249787331,0.0009472803170683176,132.89221453666687
1246,0.001321696094237268,0.0006283159600570798,0.0009471972899259972,132.98346829414368
1247,0.001569364219903946,0.00038063875399529934,0.0009471142015308633,133.07728028297424
1248,0.0017459690570831299,0.0018609182443469763,0.000947031051895729,133.1705403327942
1249,0.0015253783203661442,0.0002747617254499346,0.0009469478410334171,133.29780912399292
1250,0.0006869544158689678,0.00018457433907315135,0.0009468645689567598,133.39012241363525
1251,0.0022859456948935986,0.006883179768919945,0.0009467812356785987,133.48397541046143
1252,0.00244474271312356,0.0004907726543024182,0.0009466978412117846,133.57635474205017
1253,0.0009172765421681106,0.00023685402993578464,0.0009466143855691784,133.7132384777069
1254,0.000877892307471484,0.0003350267361383885,0.0009465308687636496,133.8059208393097
1255,0.0017455450724810362,0.00026010372675955296,0.0009464472908080777,133.8977677822113
1256,0.002443667035549879,0.0004007955431006849,0.0009463636517153517,133.9922263622284
1257,0.0023338221944868565,0.0012955288402736187,0.0009462799514983694,134.0839400291443
1258,0.002075027674436569,0.0004941624938510358,0.0009461961901700386,134.1782670021057
1259,0.0007672292995266616,0.0003731351171154529,0.0009461123677432766,134.27102756500244
1260,0.0024641468189656734,0.0006655736360698938,0.0009460284842310094,134.3628990650177
1261,0.0017958153039216995,0.00028796191327273846,0.0009459445396461731,134.4839379787445
1262,0.002112943446263671,0.0008724025101400912,0.0009458605340017134,134.5775260925293
1263,0.0017132384236901999,0.0010584776755422354,0.0009457764673105842,134.66933178901672
1264,0.0015567727386951447,0.0008998720441013575,0.0009456923395857503,134.76092529296875
1265,0.0006344481953419745,0.0007084905519150198,0.0009456081508401852,134.91655683517456
1266,0.0016040056943893433,0.00796735379844904,0.0009455239010868714,135.00892543792725
1267,0.0028686400037258863,0.00042468690662644804,0.0009454395903388018,135.10374236106873
1268,0.0015488145872950554,0.0010868307435885072,0.000945355218608978,135.1952862739563
1269,0.001553704496473074,0.000520082307048142,0.0009452707859104111,135.30782198905945
1270,0.0024511772207915783,0.0005160289001651108,0.0009451862922561216,135.40138411521912
1271,0.0010720215504989028,0.0004731849767267704,0.0009451017376591398,135.49767470359802
1272,0.0021946874912828207,0.0007971054292283952,0.0009450171221325048,135.58955216407776
1273,0.0007466771057806909,0.0002439142408547923,0.0009449324456892655,135.69332194328308
1274,0.001121759763918817,0.00031443010084331036,0.00094484770834248,135.78514742851257
1275,0.002232808154076338,0.0013035733718425035,0.0009447629101052158,135.87818908691406
1276,0.0015569741372019053,0.0004066755354870111,0.0009446780509905502,135.97527718544006
1277,0.0036264541558921337,0.004446631297469139,0.0009445931310115692,136.10850930213928
1278,0.0020821276120841503,0.0006363409338518977,0.0009445081501813687,136.20359420776367
1279,0.0014153958763927221,0.0007636043010279536,0.0009444231085130536,136.29501795768738
1280,0.0016043222276493907,0.00044636725215241313,0.0009443380060197386,136.3895914554596
1281,0.0017654987750574946,0.00032933676266111434,0.0009442528427145476,136.48589396476746
1282,0.0008426985586993396,0.0001748327340465039,0.0009441676186106138,136.5775284767151
1283,0.0008577469270676374,0.002840054454281926,0.0009440823337210796,136.67234063148499
1284,0.001351766288280487,0.0002873946214094758,0.0009439969880590972,136.76610946655273
1285,0.0011635078117251396,0.0007925313548184931,0.0009439115816378279,136.8918821811676
1286,0.0034666843712329865,0.0006663143867626786,0.0009438261144704427,136.98705387115479
1287,0.0009008642518892884,0.00028415038832463324,0.0009437405865701216,137.08104920387268
1288,0.004025505855679512,0.0004439015465322882,0.0009436549979500538,137.1734402179718
1289,0.0006540380418300629,0.00044431269634515047,0.0009435693486234384,137.2714822292328
1290,0.0018056316766887903,0.000531939382199198,0.0009434836386034835,137.364675283432
1291,0.0006940226885490119,0.00029643112793564796,0.0009433978679034068,137.4568247795105
1292,0.002589674200862646,0.0003972137637902051,0.0009433120365364351,137.5573604106903
1293,0.0013271989300847054,0.0013344552135095,0.0009432261445158045,137.65997409820557
1294,0.0017082022968679667,0.0003726677387021482,0.0009431401918547611,137.75252151489258
1295,0.0039411261677742004,0.0010909043485298753,0.0009430541785665594,137.84555673599243
1296,0.0019757559057325125,0.000360154255758971,0.000942968104664464,137.93694162368774
1297,0.0023328717797994614,0.0008308726828545332,0.0009428819701617487,138.02971005439758
1298,0.0016516036121174693,0.0006708974251523614,0.0009427957750716962,138.12822675704956
1299,0.0023971362970769405,0.0008997655822895467,0.000942709519407599,138.22699069976807
1300,0.001433642115443945,0.0004207851889077574,0.0009426232031827588,138.32584714889526
1301,0.0023552614729851484,0.0005088532343506813,0.0009425368264104866,138.8843765258789
1302,0.002121095545589924,0.018908070400357246,0.0009424503891041028,138.9834885597229
1303,0.00244642561301589,0.00015019734564702958,0.0009423638912769373,139.07476496696472
1304,0.002193708438426256,0.0009638939518481493,0.0009422773329423291,139.16634225845337
1305,0.0009725593845359981,0.0010560377268120646,0.0009421907141136262,139.2631871700287
1306,0.0005740635097026825,0.00040020872256718576,0.0009421040348041868,139.35497951507568
1307,0.00393806304782629,0.006716362200677395,0.0009420172950273778,139.44911336898804
1308,0.0025816666893661022,0.0006140047335065901,0.0009419304947965755,139.54397010803223
1309,0.0033612370025366545,0.0011072773486375809,0.0009418436341251655,139.6484444141388
1310,0.0019970242865383625,0.0004423207137733698,0.000941756713026543,139.74855422973633
1311,0.0009689214057289064,0.00039947949699126184,0.0009416697315141121,139.8444848060608
1312,0.002281306777149439,0.0003177596372552216,0.0009415826896012866,139.93673515319824
1313,0.0017016853671520948,0.0024070669896900654,0.0009414955873014894,140.0582935810089
1314,0.001970278099179268,0.0003783167339861393,0.0009414084246281529,140.15030074119568
1315,0.0011819165665656328,0.0004909710260108113,0.0009413212015947184,140.24348950386047
1316,0.001417201361618936,0.0010663449065759778,0.0009412339182146372,140.3399155139923
1317,0.0051170955412089825,0.0033937888219952583,0.0009411465745013692,140.43912076950073
1318,0.0016174333868548274,0.00028848243528045714,0.0009410591704683838,140.53239154815674
1319,0.001070434576831758,0.018987758085131645,0.0009409717061291602,140.62617015838623
1320,0.0011979069095104933,0.000636277487501502,0.0009408841814971861,140.71771049499512
1321,0.000927100598346442,0.00031727435998618603,0.0009407965965859591,140.80990171432495
1322,0.0012446368345990777,0.0002519954286981374,0.0009407089514089858,140.90180897712708
1323,0.0008301810594275594,0.00044168622116558254,0.0009406212459797822,140.9936239719391
1324,0.0023977034725248814,0.0014043321134522557,0.0009405334803118738,141.0900399684906
1325,0.00279984506778419,0.0021506473422050476,0.0009404456544187948,141.1838366985321
1326,0.0006475963746197522,9.539539314573631e-05,0.0009403577683140894,141.28097653388977
1327,0.004054552409797907,0.004623795859515667,0.0009402698220113103,141.375563621521
1328,0.0012384576257318258,0.00036964754690416157,0.0009401818155240205,141.4703812599182
1329,0.0005668692756444216,0.001012525288388133,0.0009400937488657915,141.56360864639282
1330,0.0017863119719550014,0.0014248882653191686,0.0009400056220502038,141.65668535232544
1331,0.00043316217488609254,0.0002400929806753993,0.0009399174350908485,141.75080704689026
1332,0.001790529116988182,0.0003567204112187028,0.0009398291880013245,141.84234929084778
1333,0.0017586847534403205,0.0003428430645726621,0.0009397408807952407,141.94044280052185
1334,0.0016075813909992576,0.001677604392170906,0.0009396525134862153,142.03322196006775
1335,0.0021649571135640144,0.0007333463872782886,0.0009395640860878758,142.12934637069702
1336,0.0028544124215841293,0.0006781259435229003,0.0009394755986138585,142.22467637062073
1337,0.002253057202324271,0.0005161139997653663,0.0009393870510778096,142.31872296333313
1338,0.00100162613671273,0.0010333340615034103,0.000939298443493384,142.4103684425354
1339,0.0029247726779431105,0.00039858263335190713,0.000939209775874246,142.50441884994507
1340,0.0013800924643874168,0.0004435101873241365,0.0009391210482340699,142.59645056724548
1341,0.0019100116332992911,0.0007968299323692918,0.0009390322605865378,142.69597172737122
1342,0.00337675167247653,0.0005846839630976319,0.0009389434129453423,142.78858304023743
1343,0.002625865861773491,0.0022027192171663046,0.0009388545053241848,142.88166904449463
1344,0.0007622938137501478,0.0007042090874165297,0.0009387655377367758,142.9757161140442
1345,0.0011973282089456916,0.0004102606326341629,0.0009386765101968356,143.07570934295654
1346,0.0024839192628860474,0.0011894433991983533,0.0009385874227180929,143.168071269989
1347,0.0015848258044570684,0.0004981321981176734,0.0009384982753142863,143.26428270339966
1348,0.00031339298584498465,0.00010459258919581771,0.0009384090679991637,143.3600287437439
1349,0.000654613773804158,0.00036407395964488387,0.0009383198007864816,143.4520721435547
1350,0.0016638519009575248,0.0005560124409385026,0.0009382304736900063,143.54476165771484
1351,0.001193477539345622,0.0009336515213362873,0.0009381410867235132,143.6373734474182
1352,0.0005429715383797884,0.00022845991770736873,0.0009380516399007868,143.73000860214233
1353,0.0007455306476913393,0.0005329001578502357,0.000937962133235621,143.82270193099976
1354,0.002008751966059208,0.0007890824344940484,0.0009378725667418188,143.91691780090332
1355,0.0042525543831288815,0.000482315372209996,0.0009377829404331924,144.00921201705933
1356,0.002355995588004589,0.00019258425163570791,0.0009376932543235636,144.10126876831055
1357,0.0018088731449097395,0.0006789783365093172,0.0009376035084267627,144.1930890083313
1358,0.0013874955475330353,0.000704940059222281,0.0009375137027566301,144.28667879104614
1359,0.0015877167461439967,0.0008713353890925646,0.0009374238373270144,144.38190078735352
1360,0.003090155776590109,0.0012693589087575674,0.0009373339121517746,144.4766252040863
1361,0.0015505105257034302,0.00043075939174741507,0.000937243927244778,144.5684518814087
1362,0.0020837595220655203,9.275284537579864e-05,0.0009371538826199014,144.66983914375305
1363,0.006158365868031979,0.002579936059191823,0.0009370637782910307,144.76628947257996
1364,0.0032032409217208624,0.0004190808685962111,0.0009369736142720613,144.86412405967712
1365,0.002667631022632122,0.006985417567193508,0.0009368833905768977,144.95970630645752
1366,0.001817179610952735,0.0005975945387035608,0.0009367931072194532,145.06047463417053
1367,0.0011700442992150784,0.00019785825861617923,0.0009367027642136508,145.15859723091125
1368,0.0020441189408302307,0.0027890370693057775,0.0009366123615734226,145.25131177902222
1369,0.0008132185321301222,0.000577805913053453,0.0009365218993127098,145.3484857082367
1370,0.0020741834305226803,0.0003192060103174299,0.0009364313774454627,145.44017267227173
1371,0.002669272478669882,0.0006821734132245183,0.0009363407959856411,145.5365767478943
1372,0.002364734187722206,0.0005839555524289608,0.0009362501549472137,145.63043546676636
1373,0.0023458334617316723,0.0006454447866417468,0.0009361594543441585,145.7253861427307
1374,0.0018611535197123885,0.0004785602795891464,0.0009360686941904626,145.82069635391235
1375,0.0018658603075891733,0.00024897282128222287,0.0009359778745001225,145.914057970047
1376,0.0009705591946840286,0.0007615761714987457,0.0009358869952871436,146.01112246513367
1377,0.0017699941527098417,0.00014774109877180308,0.0009357960565655406,146.107319355011
1378,0.0020512863993644714,0.0006175535963848233,0.0009357050583493375,146.20044779777527
1379,0.0012116916477680206,0.00021705598919652402,0.0009356140006525674,146.2975459098816
1380,0.002041141502559185,0.0007681009010411799,0.0009355228834892723,146.39640855789185
1381,0.0005862011457793415,0.0003347983583807945,0.000935431706873504,146.4890615940094
1382,0.0013356192503124475,0.001602722448296845,0.0009353404708193228,146.581711769104
1383,0.0008264114148914814,0.0005616999114863575,0.0009352491753407984,146.68284678459167
1384,0.0025896679144352674,0.0017936561489477754,0.0009351578204520099,146.78162336349487
1385,0.0010063571389764547,0.00016038092144299299,0.0009350664061670453,146.8755865097046
1386,0.0034208297729492188,0.004489168990403414,0.0009349749325000018,146.96897864341736
1387,0.0013802952598780394,0.0004995130584575236,0.0009348833994649858,147.06250071525574
1388,0.0017318176105618477,0.0005064712604507804,0.0009347918070761128,147.15449738502502
1389,0.0018305552657693624,0.0025722705759108067,0.0009347001553475076,147.25087428092957
1390,0.0008564782328903675,0.00027959109866060317,0.000934608444293304,147.36342668533325
1391,0.003354297950863838,0.0009090857929550111,0.0009345166739276451,147.4563910961151
1392,0.003964518196880817,0.004062648396939039,0.0009344248442646829,147.5500566959381
1393,0.0007899363408796489,0.0003291701141279191,0.0009343329553185787,147.64177131652832
1394,0.00192773318849504,0.00041316807619296014,0.0009342410071035029,147.74897718429565
1395,0.001360791502520442,0.0006025965558364987,0.0009341489996336351,147.84043645858765
1396,0.0014357429463416338,0.0003946632787119597,0.0009340569329231642,147.93511700630188
1397,0.0028548534028232098,0.0008581867441534996,0.0009339648069862878,148.06466817855835
1398,0.0015270670410245657,0.0013771806843578815,0.000933872621837213,148.15673828125
1399,0.0020429377909749746,0.0001916678884299472,0.0009337803774901557,148.25631642341614
1400,0.001289338804781437,0.0008638965082354844,0.0009336880739593415,148.3538315296173
1401,0.001344555988907814,0.0005769862327724695,0.0009335957112590046,149.72945618629456
1402,0.0021998020820319653,0.001660809270106256,0.0009335032894033882,149.8222780227661
1403,0.0013603472616523504,0.001225669402629137,0.0009334108084067454,149.9166157245636
1404,0.00596386706456542,0.0003918286820407957,0.0009333182682833376,150.0128083229065
1405,0.001936964108608663,0.0012025701580569148,0.0009332256690474359,150.10989904403687
1406,0.0021963389590382576,0.001157538965344429,0.00093313301071332,150.20900535583496
1407,0.0021407892927527428,0.0026794446166604757,0.000933040293295279,150.3015170097351
1408,0.0023274554405361414,0.0007833301206119359,0.0009329475168076114,150.39543533325195
1409,0.0016135344048961997,0.00026304260245524347,0.0009328546812646241,150.4925615787506
1410,0.0021438454277813435,0.002625338500365615,0.0009327617866806339,150.58615732192993
1411,0.002530870959162712,0.0009397761896252632,0.000932668833069966,150.68315315246582
1412,0.0007331939414143562,0.00014804070815443993,0.000932575820446955,150.78262543678284
1413,0.0012392590288072824,0.0005157474661245942,0.0009324827488259448,150.8837854862213
1414,0.0015537363942712545,0.0005486793234013021,0.0009323896182212883,150.97676134109497
1415,0.0015098711010068655,0.0004768631188198924,0.0009322964286473471,151.07112097740173
1416,0.0005734082078561187,0.0003121009503956884,0.0009322031801184924,151.16257047653198
1417,0.004651608876883984,0.0012216097675263882,0.0009321098726491044,151.30864596366882
1418,0.0016336593544110656,0.0005738483159802854,0.000932016506253572,151.40102362632751
1419,0.001564849866554141,0.00032583397114649415,0.0009319230809462936,151.4938566684723
1420,0.0035836026072502136,0.0006602003122679889,0.0009318295967416768,151.5939426422119
1421,0.002575303427875042,0.0005484502180479467,0.0009317360536541375,151.69639897346497
1422,0.0011553012300282717,0.00030299555510282516,0.0009316424516981018,151.78921341896057
1423,0.0009964199271053076,0.000394357368350029,0.0009315487908880037,151.8818519115448
1424,0.0012756265932694077,0.005453893914818764,0.0009314550712382874,151.97716784477234
1425,0.0010992930037900805,0.0008252150728367269,0.0009313612927634055,152.07374000549316
1426,0.0006685311673209071,0.0001720046711852774,0.0009312674554778198,152.16830968856812
1427,0.002041286788880825,0.0021910290233790874,0.0009311735593960011,152.26050639152527
1428,0.0013587423600256443,0.0004224024305585772,0.0009310796045324293,152.35532879829407
1429,0.001725618145428598,0.00025162234669551253,0.0009309855909015937,152.4520275592804
1430,0.002558021806180477,0.000976319657638669,0.000930891518517992,152.5448088645935
1431,0.0007345154881477356,0.0003906109486706555,0.0009307973873961318,152.6434087753296
1432,0.0013372739776968956,0.00033787780557759106,0.0009307031975505291,152.7380154132843
1433,0.001527496031485498,0.00036169905797578394,0.0009306089489957089,152.82982325553894
1434,0.0016148877330124378,0.0011592082446441054,0.0009305146417462058,152.92790913581848
1435,0.0015180272748693824,0.006375533062964678,0.0009304202758165632,153.02261877059937
1436,0.0024908948689699173,0.0004029960837215185,0.0009303258512213333,153.1160523891449
1437,0.0010291769867762923,0.000628245179541409,0.0009302313679750778,153.20871567726135
1438,0.00296864565461874,0.0009103789925575256,0.0009301368260923668,153.30733633041382
1439,0.0019324058666825294,0.0003359791589900851,0.0009300422255877804,153.400949716568
1440,0.0008477956871502101,0.0009406881872564554,0.0009299475664759069,153.49459862709045
1441,0.0016140140360221267,0.00045785881229676306,0.0009298528487713437,153.61516761779785
1442,0.0012600165791809559,0.0003160690248478204,0.0009297580724886979,153.71259593963623
1443,0.003156553488224745,0.0033234001602977514,0.0009296632376425848,153.80775380134583
1444,0.003937527537345886,0.0008778018527664244,0.0009295683442476295,153.90257000923157
1445,0.0012161857448518276,0.00034647827851586044,0.0009294733923184655,154.04400372505188
1446,0.0010752028319984674,0.0003403593727853149,0.0009293783818697357,154.13802003860474
1447,0.002064062049612403,0.0012178766774013638,0.0009292833129160917,154.23505115509033
1448,0.0028980690985918045,0.0014423924731090665,0.0009291881854721945,154.32777190208435
1449,0.0016106677940115333,0.0003824691229965538,0.000929092999552714,154.45380234718323
1450,0.003266069106757641,0.0006769121973775327,0.000928997755172329,154.54674983024597
1451,0.0007549724541604519,9.204590605804697e-05,0.0009289024523457274,154.63865733146667
1452,0.0010486207902431488,0.0002379445795668289,0.0009288070910876059,154.7311725616455
1453,0.0023017406929284334,0.0003362934512551874,0.0009287116714126706,154.82597398757935
1454,0.0018917600391432643,0.0004559328663162887,0.0009286161933356365,154.92172026634216
1455,0.0013551446609199047,0.0002495896478649229,0.0009285206568712273,155.01402807235718
1456,0.001051836065016687,0.0004505703691393137,0.0009284250620341761,155.1092712879181
1457,0.0011252261465415359,0.0005625126068480313,0.0009283294088392247,155.23120427131653
1458,0.0014905983116477728,0.0008628141367807984,0.0009282336973011242,155.3250925540924
1459,0.0008834948530420661,0.0005148896016180515,0.0009281379274346341,155.41817903518677
1460,0.0020837828051298857,0.0007849916582927108,0.0009280420992545239,155.51335287094116
1461,0.0005796979530714452,0.00043379017733968794,0.0009279462127755712,155.6054253578186
1462,0.0008450131863355637,0.00016706078895367682,0.0009278502680125627,155.69738912582397
1463,0.0015368042513728142,0.00021066826593596488,0.0009277542649802947,155.7916190624237
1464,0.0016092504374682903,0.0007747238269075751,0.0009276582036935717,155.88975167274475
1465,0.001409291522577405,0.000320457766065374,0.0009275620841672079,155.9894073009491
1466,0.0015988824889063835,0.0003137099847663194,0.0009274659064160262,156.08643198013306
1467,0.0025461814366281033,0.0003192171861883253,0.0009273696704548578,156.17852807044983
1468,0.0020469394512474537,0.0004887132672592998,0.0009272733762985439,156.27059483528137
1469,0.0017994696972891688,0.000437041133409366,0.0009271770239619345,156.36343026161194
1470,0.0016491252463310957,0.000473071908345446,0.0009270806134598881,156.46333527565002
1471,0.00178532674908638,0.0008720550104044378,0.0009269841448072721,156.5640745162964
1472,0.002546848263591528,0.0006588962860405445,0.0009268876180189638,156.6627697944641
1473,0.0010886837262660265,0.0005343893426470459,0.0009267910331098485,156.75467920303345
1474,0.001035073189996183,0.0003167966497130692,0.0009266943900948206,156.84816694259644
1475,0.003355663036927581,0.00037578653427772224,0.0009265976889887841,156.94124627113342
1476,0.0011830184375867248,0.00038576143560931087,0.0009265009298066514,157.0331027507782
1477,0.000682358630001545,0.00017828661657404155,0.0009264041125633439,157.128342628479
1478,0.003267980646342039,0.0008329098345711827,0.000926307237273792,157.22016143798828
1479,0.002183089964091778,0.00038597494130954146,0.000926210303952935,157.31269097328186
1480,0.0008922097040340304,0.0002926090091932565,0.0009261133126157217,157.4054455757141
1481,0.0013326577609404922,0.000510087120346725,0.0009260162632771089,157.51999425888062
1482,0.002415219321846962,0.00028243489214219153,0.0009259191559520629,157.61640429496765
1483,0.002711356384679675,0.0004347279900684953,0.0009258219906555591,157.710768699646
1484,0.001350992708466947,0.0006513516418635845,0.0009257247674025813,157.80298733711243
1485,0.0005540178390219808,0.0003153083089273423,0.0009256274862081227,157.95571756362915
1486,0.002419213531538844,0.0002590171352494508,0.0009255301470871856,158.04832363128662
1487,0.0034400857985019684,0.0008073764038272202,0.0009254327500547803,158.14190292358398
1488,0.0016163934487849474,0.00038553663762286305,0.0009253352951259271,158.23584628105164
1489,0.002562969923019409,0.003284243168309331,0.0009252377823156545,158.35751342773438
1490,0.0018799806712195277,0.00024165438662748784,0.0009251402116390006,158.44979238510132
1491,0.001064443844370544,0.00015863824228290468,0.0009250425831110115,158.5420401096344
1492,0.0015531800454482436,0.0034694205969572067,0.0009249448967467431,158.63717770576477
1493,0.0018982989713549614,0.0008205420454032719,0.0009248471525612598,158.73656964302063
1494,0.003976555075496435,0.0005631113308481872,0.0009247493505696349,158.83176279067993
1495,0.0007155918283388019,0.00039299926720559597,0.0009246514907869507,158.92594981193542
1496,0.0029809270054101944,0.0004905762034468353,0.0009245535732282985,159.018235206604
1497,0.0018030439969152212,0.0005450045573525131,0.0009244555979087785,159.1394112110138
1498,0.003018071874976158,0.00041851645801216364,0.0009243575648434994,159.2315068244934
1499,0.0015188511461019516,0.0002956507378257811,0.0009242594740475795,159.325208902359
1500,0.001071906997822225,0.00036721257492899895,0.0009241613255361454,159.41676259040833
1501,0.00041416625026613474,0.0017024015542119741,0.0009240631193243329,159.99658298492432
1502,0.0023784292861819267,0.00022508414986077696,0.0009239648554272866,160.08919024467468
1503,0.0013931365683674812,0.0004370501555968076,0.00092386653386016,160.18183135986328
1504,0.00325964717194438,0.0030529650393873453,0.0009237681546381157,160.27442359924316
1505,0.0025121839717030525,0.0012536345748230815,0.0009236697177763248,160.36885380744934
1506,0.0009460049914196134,0.0006250726873986423,0.0009235712232899677,160.46194577217102
1507,0.0016486499225720763,0.0009583202190697193,0.0009234726711942333,160.55415296554565
1508,0.0030746259726583958,0.0006382057326845825,0.0009233740615043197,160.65422797203064
1509,0.0011055252980440855,0.0025482403580099344,0.0009232753942354337,160.80584144592285
1510,0.0011230962118133903,0.0004627443850040436,0.0009231766694027908,160.9019215106964
1511,0.0035191215574741364,0.00028733682120218873,0.0009230778870216162,160.99578666687012
1512,0.0028133303858339787,0.0007586291176266968,0.0009229790471071428,161.08922362327576
1513,0.001576803158968687,0.0005203505279496312,0.0009228801496746135,161.21760654449463
1514,0.0012830740306526423,0.0005386619013734162,0.0009227811947392788,161.3128204345703
1515,0.0010622147237882018,0.0002000982203753665,0.0009226821823163995,161.40841603279114
1516,0.0010386253707110882,0.00034561907523311675,0.0009225831124212441,161.50207567214966
1517,0.002116062678396702,0.0022712305653840303,0.0009224839850690907,161.67033314704895
1518,0.001976185943931341,0.00023685689666308463,0.0009223848002752259,161.767507314682
1519,0.004346310626715422,0.0008638190920464694,0.0009222855580549451,161.86163544654846
1520,0.0010437326272949576,0.00027392629999667406,0.0009221862584235527,161.95618677139282
1521,0.0010654330253601074,0.00014620133151765913,0.0009220869013963623,162.05210900306702
1522,0.0019557937048375607,0.000373709510313347,0.0009219874869886959,162.14748001098633
1523,0.002678349381312728,0.0015661176294088364,0.000921888015215884,162.2399458885193
1524,0.0019031594274565578,0.00033658358734101057,0.0009217884860932669,162.33362245559692
1525,0.0016655835788697004,0.0009711182792671025,0.000921688899636193,162.4275357723236
1526,0.004514883738011122,0.005668495781719685,0.0009215892558600197,162.5260739326477
1527,0.004226195625960827,0.0005876076174899936,0.0009214895547801137,162.62066102027893
1528,0.0034637004137039185,0.0004526902630459517,0.0009213897964118499,162.7141740322113
1529,0.0031455131247639656,0.0006636457983404398,0.0009212899807706122,162.8113350868225
1530,0.001185544184409082,0.0006101804901845753,0.0009211901078717935,162.90338969230652
1531,0.001403183676302433,0.00013609039888251573,0.0009210901777307957,162.99644947052002
1532,0.0007475977181456983,0.000353462528437376,0.0009209901903630288,163.089195728302
1533,0.0012639787746593356,0.00030067990883253515,0.0009208901457839128,163.20781922340393
1534,0.002278218511492014,0.00029401236679404974,0.000920790044008875,163.3009705543518
1535,0.002290204167366028,0.00034685281571000814,0.000920689885053353,163.39610385894775
1536,0.002346295164898038,0.0013107839040458202,0.0009205896689327923,163.49075508117676
1537,0.001600423245690763,0.0006760681862942874,0.0009204893956626475,163.5892539024353
1538,0.0011346524115651846,0.00047923289821483195,0.0009203890652583822,163.6820468902588
1539,0.0012988264206796885,0.00033074652310460806,0.0009202886777354683,163.77853631973267
1540,0.0016705258749425411,0.0006609169649891555,0.0009201882331093869,163.87173700332642
1541,0.0018681928049772978,0.00205022469162941,0.000920087731395628,163.9864218235016
1542,0.0008793637971393764,0.0003423127927817404,0.00091998717260969,164.07983422279358
1543,0.0015675919130444527,0.0005370480357669294,0.0009198865567670804,164.17275071144104
1544,0.002450527623295784,0.0006657755584456027,0.0009197858838833156,164.26806378364563
1545,0.0017183441668748856,0.000605263514444232,0.0009196851539739205,164.3810064792633
1546,0.0026821938809007406,0.0002965202438645065,0.0009195843670544288,164.47340869903564
1547,0.0016599080990999937,0.00034310182672925293,0.0009194835231403832,164.56567978858948
1548,0.003827506210654974,0.0004772167594637722,0.0009193826222473352,164.66484332084656
1549,0.0030126222409307957,0.0009032293455675244,0.0009192816643908448,164.7765142917633
1550,0.0024440912529826164,0.00019115826580673456,0.0009191806495864812,164.87331914901733
1551,0.0026788616087287664,0.0007242787396535277,0.0009190795778498219,164.9651584625244
1552,0.0016920766793191433,0.0003378416004125029,0.0009189784491964537,165.0576889514923
1553,0.0011863927356898785,0.000340633763698861,0.0009188772636419714,165.18703627586365
1554,0.0016166979912668467,0.0006015366525389254,0.0009187760212019799,165.2802653312683
1555,0.0012395984958857298,0.0002183198812417686,0.0009186747218920913,165.3827784061432
1556,0.0008731684647500515,0.0001307334314333275,0.0009185733657279278,165.47457814216614
1557,0.0027498523704707623,0.006197666749358177,0.0009184719527251193,165.5666127204895
1558,0.002008552895858884,0.0005041850381530821,0.0009183704828993051,165.66403031349182
1559,0.0024103920441120863,0.0005193941760808229,0.0009182689562661333,165.7637095451355
1560,0.0021791185718029737,0.000429049163358286,0.0009181673728412605,165.86079025268555
1561,0.002204868011176586,0.002408428117632866,0.0009180657326403522,165.96550989151
1562,0.002432082546874881,0.001143291243351996,0.0009179640356790825,166.05791640281677
1563,0.0013783399481326342,0.00016340393631253392,0.0009178622819731344,166.15227556228638
1564,0.0016364522743970156,0.0011479384265840054,0.0009177604715381995,166.24941515922546
1565,0.001397465355694294,0.0025477237068116665,0.0009176586043899783,166.37323832511902
1566,0.002046477748081088,0.0005959502304904163,0.0009175566805441801,166.4687225818634
1567,0.0016061938367784023,0.0005742915091104805,0.0009174547000165227,166.56242489814758
1568,0.0013479040935635567,0.00048078299732878804,0.0009173526628227329,166.6599085330963
1569,0.002247014082968235,0.0006034713587723672,0.000917250568978546,166.7541868686676
1570,0.003223201958462596,0.00038834792212583125,0.0009171484184997061,166.84752702713013
1571,0.0017255726270377636,0.0005349106504581869,0.0009170462114019663,166.94045400619507
1572,0.001292250701226294,0.0004796631692443043,0.000916943947701088,167.03705263137817
1573,0.0022035441361367702,0.0006228399579413235,0.0009168416274128418,167.13631916046143
1574,0.001939720823429525,0.00078054319601506,0.0009167392505530067,167.235613822937
1575,0.0010900413617491722,0.00038345850771293044,0.0009166368171373702,167.3287103176117
1576,0.003179749008268118,0.0005724179791286588,0.0009165343271817293,167.42570900917053
1577,0.0032100758980959654,0.0005961477290838957,0.0009164317807018888,167.51735377311707
1578,0.001226121443323791,0.0001719913852866739,0.0009163291777136628,167.61878180503845
1579,0.0015536485007032752,0.00015102175530046225,0.0009162265182328743,167.7108383178711
1580,0.0007030918495729566,0.0004673282674048096,0.0009161238022753541,167.80934500694275
1581,0.003258226905018091,0.0007318006828427315,0.0009160210298569427,167.906982421875
1582,0.001128072733990848,0.0011209482327103615,0.0009159182009934888,168.00074243545532
1583,0.0006380837294273078,0.0005044211866334081,0.00091581531570085,168.0952386856079
1584,0.001510792295448482,0.00021791235485579818,0.0009157123739948923,168.1943154335022
1585,0.0013303507585078478,0.0002434177731629461,0.0009156093758914906,168.28748440742493
1586,0.0022292237263172865,0.0006441232399083674,0.0009155063214065287,168.3822979927063
1587,0.0026021553203463554,0.0004905135720036924,0.000915403210555899,168.47730040550232
1588,0.0017352974973618984,0.0007269633351825178,0.000915300043355502,168.57118725776672
1589,0.0017665482591837645,0.0004452983266673982,0.0009151968198212477,168.66539430618286
1590,0.00135010143276304,0.0005386706325225532,0.0009150935399690547,168.76660132408142
1591,0.003962771035730839,0.00043365510646253824,0.0009149902038148494,168.86147928237915
1592,0.0021667825058102608,0.00022198481019586325,0.0009148868113745681,168.95373940467834
1593,0.0013590746093541384,0.0007060903590172529,0.000914783362664155,169.0488040447235
1594,0.001511756214313209,0.0003843328158836812,0.0009146798576995632,169.14842557907104
1595,0.001996074803173542,0.0005021260003559291,0.0009145762964967545,169.2461884021759
1596,0.0013413333799690008,0.00032617751276120543,0.0009144726790716994,169.33741545677185
1597,0.0011702587362378836,0.0009399074479006231,0.0009143690054403769,169.44244813919067
1598,0.0027511287480592728,0.0006809491897001863,0.0009142652756187749,169.53679990768433
1599,0.0016555204056203365,0.0019391229143366218,0.0009141614896228897,169.62814116477966
1600,0.0012017274275422096,0.00033295448520220816,0.0009140576474687263,169.72109055519104
1601,0.00169343501329422,0.0002865309943445027,0.0009139537491722989,171.0468566417694
1602,0.0023370846174657345,0.00021143959020264447,0.0009138497947496295,171.13787007331848
1603,0.0006861460278742015,0.00019086920656263828,0.0009137457842167493,171.23828125
1604,0.0018959306180477142,0.00027822679840028286,0.000913641717589698,171.3301956653595
1605,0.0016136927297338843,0.000376805110136047,0.0009135375948845242,171.47636198997498
1606,0.0013562941458076239,0.0006919095176272094,0.0009134334161172847,171.5695834159851
1607,0.0013736970722675323,0.00024366828438360244,0.0009133291813040452,171.66308307647705
1608,0.0037139453925192356,0.0015786257572472095,0.0009132248904608801,171.76082730293274
1609,0.0010014455765485764,0.00037762668216601014,0.0009131205436038724,171.8726246356964
1610,0.002172368112951517,0.0017204373143613338,0.0009130161407491134,171.96788263320923
1611,0.0010761242592707276,0.00026616474497132003,0.0009129116819127038,172.06611847877502
1612,0.001805657520890236,0.0005147110787220299,0.0009128071671107522,172.1638307571411
1613,0.003074031323194504,0.00025630119489505887,0.0009127025963593759,172.3370077610016
1614,0.0032947463914752007,0.0024595416616648436,0.0009125979696747016,172.43716168403625
1615,0.002557785715907812,0.0006876804400235415,0.0009124932870728634,172.5331108570099
1616,0.002765566110610962,0.0003955185238737613,0.0009123885485700048,172.62579345703125
1617,0.002811044454574585,0.0014411198208108544,0.0009122837541822783,172.71797847747803
1618,0.0015815016813576221,0.0007243196596391499,0.000912178903925844,172.81165647506714
1619,0.0016454167198389769,0.00036702590296044946,0.0009120739978168712,172.90405774116516
1620,0.0020836384501308203,0.0004967988352291286,0.000911969035871538,172.99693846702576
1621,0.0024558259174227715,0.0016165189445018768,0.0009118640181060306,173.1347188949585
1622,0.0016313029918819666,0.0007082010852172971,0.0009117589445365443,173.23070669174194
1623,0.0021579046733677387,0.0008439599187113345,0.0009116538151792825,173.32534265518188
1624,0.002823704620823264,0.0028734486550092697,0.0009115486300504575,173.4254446029663
1625,0.0023112399503588676,0.002736434806138277,0.0009114433891662902,173.5183289051056
1626,0.0017518968088552356,0.00020663600298576057,0.0009113380925430103,173.6128842830658
1627,0.0036995308473706245,0.0008793187444098294,0.0009112327401968554,173.71232867240906
1628,0.0011926310835406184,0.0008493054774589837,0.0009111273321440726,173.8068368434906
1629,0.0006894785910844803,0.00019708364561665803,0.0009110218684009171,173.93940138816833
1630,0.0016291567590087652,0.00045072223292663693,0.0009109163489836524,174.03863191604614
1631,0.0026140334084630013,0.00038413077709265053,0.0009108107739085512,174.1386821269989
1632,0.0018845642916858196,0.0006956583238206804,0.0009107051431918945,174.2346043586731
1633,0.002994054928421974,0.0011908808955922723,0.0009105994568499717,174.33688402175903
1634,0.0008687653462402523,0.0008024975541047752,0.0009104937148990811,174.43058228492737
1635,0.000834704318549484,0.00016933718870859593,0.0009103879173555295,174.52525281906128
1636,0.0012795431539416313,0.00021374614152591676,0.0009102820642356321,174.616694688797
1637,0.0009604697115719318,0.0003987301024608314,0.0009101761555557128,174.7684485912323
1638,0.0009601103374734521,0.00014308404934126884,0.000910070191332104,174.86076760292053
1639,0.002014939207583666,0.0003622672811616212,0.0009099641715811467,174.95426654815674
1640,0.002268258947879076,0.00039324112003669143,0.0009098580963191908,175.04698634147644
1641,0.001803529798053205,0.0005418099462985992,0.000909751965562594,175.14006996154785
1642,0.0012898938730359077,0.0006921784370206296,0.0009096457793277233,175.23289799690247
1643,0.0014854881446808577,0.0006489574443548918,0.0009095395376309537,175.32759618759155
1644,0.001074494095519185,0.002373712370172143,0.0009094332404886692,175.4206223487854
1645,0.003335502464324236,0.0009030841174535453,0.0009093268879172622,175.51414227485657
1646,0.0018579972675070167,0.000241565823671408,0.0009092204799331334,175.60686540603638
1647,0.003587091341614723,0.00455840677022934,0.0009091140165526922,175.70269012451172
1648,0.0009553767740726471,0.0003202078805770725,0.0009090074977923569,175.79498720169067
1649,0.0008764388039708138,0.0004476596659515053,0.0009089009236685539,175.9050214290619
1650,0.0005002112593501806,0.0003583244397304952,0.0009087942941977181,175.99812507629395
1651,0.0004059037601109594,0.00011519627878442407,0.0009086876093962936,176.09603762626648
1652,0.0009717882494442165,0.00020874649635516107,0.0009085808692807318,176.1885528564453
1653,0.0013845227658748627,0.00033246955717913806,0.0009084740738674938,176.2813115119934
1654,0.0012202535290271044,0.0007711630896665156,0.0009083672231730488,176.3788764476776
1655,0.0009883353486657143,0.0002637151046656072,0.0009082603172138746,176.47026252746582
1656,0.0006897477433085442,0.00027388561284169555,0.0009081533560064571,176.56351375579834
1657,0.002849926706403494,0.00027279535424895585,0.0009080463395672914,176.66487622261047
1658,0.00345022976398468,0.0048560514114797115,0.0009079392679128807,176.76326704025269
1659,0.0009617690229788423,0.00017962782294489443,0.0009078321410597366,176.858172416687
1660,0.001605302793905139,0.0001998612133320421,0.0009077249590243796,176.9527370929718
1661,0.0003812782815657556,0.000127915118355304,0.0009076177218233385,177.0595564842224
1662,0.0009610061533749104,0.00039918124093674123,0.0009075104294731504,177.15409445762634
1663,0.0012667246628552675,0.000548139913007617,0.0009074030819903614,177.2465250492096
1664,0.0033935054671019316,0.0003954353160224855,0.0009072956793915258,177.34396481513977
1665,0.002190537750720978,0.003326594829559326,0.0009071882216932065,177.44279313087463
1666,0.002099887700751424,0.0009178094333037734,0.0009070807089119746,177.54176568984985
1667,0.0009228779817931354,0.0003429319185670465,0.0009069731410644101,177.6338014602661
1668,0.0026418957859277725,0.00045060855336487293,0.0009068655181671011,177.72624397277832
1669,0.0022092461585998535,0.0005873474292457104,0.0009067578402366447,177.82778120040894
1670,0.00277337315492332,0.0008664137567393482,0.000906650107289646,177.9263253211975
1671,0.0018899751594290137,0.0005532230716198683,0.0009065423193427186,178.0200855731964
1672,0.003005371894687414,0.0007494384772144258,0.0009064344764124852,178.11513018608093
1673,0.0006741324323229492,0.00011314772564219311,0.0009063265785155763,178.20766758918762
1674,0.0018398873507976532,0.0002032856282312423,0.000906218625668631,178.30040526390076
1675,0.0019045358058065176,0.000215857318835333,0.0009061106178882972,178.3933825492859
1676,0.002493603155016899,0.0003536392468959093,0.0009060025551912307,178.48753476142883
1677,0.0005594202666543424,0.0002311225252924487,0.0009058944375940968,178.58232998847961
1678,0.001553872018121183,0.0012236166512593627,0.0009057862651135677,178.67407298088074
1679,0.001910276128910482,0.000827767129521817,0.0009056780377663258,178.7674150466919
1680,0.001701741828583181,0.004778576083481312,0.0009055697555690606,178.8622031211853
1681,0.002585462760180235,0.000630062073469162,0.0009054614185384709,178.96222305297852
1682,0.0019036110024899244,0.0005246925866231322,0.0009053530266912633,179.06271409988403
1683,0.001247126143425703,0.0004282605950720608,0.0009052445800441533,179.15894746780396
1684,0.0030119698494672775,0.00035361453774385154,0.0009051360786138648,179.25131154060364
1685,0.0012823509750887752,0.0004452844732441008,0.00090502752241713,179.34292602539062
1686,0.0014016348868608475,0.00035962683614343405,0.0009049189114706899,179.43477082252502
1687,0.000739791605155915,0.00025523590738885105,0.0009048102457912934,179.52822923660278
1688,0.0010242222342640162,0.0001586868747835979,0.0009047015253956979,179.62023758888245
1689,0.002364199608564377,0.0002631251118145883,0.0009045927503006701,179.71479558944702
1690,0.0009082980686798692,0.0006497133290395141,0.0009044839205229839,179.80669736862183
1691,0.001792522962205112,0.0006124817882664502,0.0009043750360794226,179.90123891830444
1692,0.0008549466147087514,0.00028732631471939385,0.0009042660969867771,179.9971137046814
1693,0.0029640677385032177,0.00045062004937790334,0.0009041571032618478,180.09616088867188
1694,0.002303576795384288,0.00022376679407898337,0.0009040480549214422,180.19391226768494
1695,0.0006898031570017338,0.00040268214070238173,0.0009039389519823775,180.28770351409912
1696,0.0030660382471978664,0.0005621897289529443,0.0009038297944614785,180.38159441947937
1697,0.004733122419565916,0.0011894740164279938,0.0009037205823755788,180.47313833236694
1698,0.0008508963510394096,0.00044500496005639434,0.00090361131574152,180.57208800315857
1699,0.0012503293110057712,0.0002569839416537434,0.0009035019945761526,180.67121577262878
1700,0.0018915112596005201,0.0002602588792797178,0.0009033926188963352,180.76954102516174
1701,0.0013940486824139953,0.00020859844516962767,0.0009032831887189351,181.3386607170105
1702,0.001604282995685935,0.00039411705802194774,0.0009031737040608276,181.430180311203
1703,0.0028554589953273535,0.0007342473836615682,0.0009030641649388966,181.52960634231567
1704,0.0027076490223407745,0.0006490731611847878,0.0009029545713700346,181.62137579917908
1705,0.0011963630095124245,0.0003724775742739439,0.0009028449233711421,181.71292352676392
1706,0.001172297284938395,0.0001386546209687367,0.0009027352209591283,181.80689644813538
1707,0.0018428912153467536,0.0005325490492396057,0.0009026254641509107,181.90826797485352
1708,0.0013290205970406532,0.00033529356005601585,0.0009025156529634152,181.9999041557312
1709,0.0030521489679813385,0.00034556305035948753,0.000902405787413576,182.09216833114624
1710,0.003244220046326518,0.0008188545471057296,0.0009022958675183358,182.18475246429443
1711,0.0030010459013283253,0.0011418568901717663,0.0009021858932946455,182.27798199653625
1712,0.00094970827922225,0.00040789853665046394,0.0009020758647594646,182.37178826332092
1713,0.0016643840353935957,0.00026646096375770867,0.000901965781929761,182.46783351898193
1714,0.0012431720970198512,0.00043096425361,0.0009018556448225107,182.5604259967804
1715,0.0017042262479662895,0.0001837628660723567,0.0009017454534546984,182.65225386619568
1716,0.0014239804586395621,0.000286298047285527,0.0009016352078433167,182.74948024749756
1717,0.0016284463927149773,0.0006627818220295012,0.000901524908005367,182.87223029136658
1718,0.00187761802226305,0.001006697304546833,0.0009014145539578591,182.96480011940002
1719,0.0038146525621414185,0.015303359366953373,0.0009013041457178108,183.06652283668518
1720,0.0014539037365466356,0.00036165447090752423,0.0009011936833022483,183.16506600379944
1721,0.000976594164967537,0.0006169402040541172,0.0009010831667282067,183.27189588546753
1722,0.00047305814223363996,0.00010729447240009904,0.0009009725960127287,183.36430978775024
1723,0.001132827252149582,0.00017603213200345635,0.0009008619711728657,183.46524739265442
1724,0.00102941261138767,0.0006846777978353202,0.0009007512922256777,183.5588984489441
1725,0.0016355530824512243,0.0019576631020754576,0.0009006405591882325,183.65274310112
1726,0.001402608584612608,0.0002983367012348026,0.0009005297720776067,183.75122714042664
1727,0.0023096513468772173,0.00033373889164067805,0.0009004189309108851,183.8466203212738
1728,0.0008776841568760574,0.00041263416642323136,0.0009003080357051607,183.94096612930298
1729,0.0018438398838043213,0.0022390244994312525,0.0009001970864775348,184.03682208061218
1730,0.000852912082336843,0.00038181565469130874,0.0009000860832451173,184.1308822631836
1731,0.0010967010166496038,0.000715365691576153,0.0008999750260250263,184.23017382621765
1732,0.001973634585738182,0.00026412983424961567,0.0008998639148343885,184.32792258262634
1733,0.0011049191234633327,0.000265646813204512,0.0008997527496903382,184.41991782188416
1734,0.004128545522689819,0.010609600692987442,0.0008996415306100186,184.51329231262207
1735,0.00304058357141912,0.0008360338397324085,0.000899530257610581,184.60552835464478
1736,0.0012132445117458701,0.00042893682257272303,0.0008994189307091853,184.70062160491943
1737,0.0028025058563798666,0.0031868177466094494,0.0008993075499229996,184.79438281059265
1738,0.0007486419635824859,0.00016944517847150564,0.0008991961152691998,184.8870644569397
1739,0.0007852741400711238,0.0010016890009865165,0.000899084626764971,184.98490691184998
1740,0.002129082102328539,0.00248506641946733,0.0008989730844275054,185.08180570602417
1741,0.001789469039067626,0.00033603713382035494,0.0008988614882740051,185.17392492294312
1742,0.0015999036841094494,0.0007267135079018772,0.0008987498383216792,185.26971316337585
1743,0.0013596792705357075,0.0005041417316533625,0.0008986381345877456,185.36334204673767
1744,0.0010060457279905677,0.00036829872988164425,0.0008985263770894303,185.46247124671936
1745,0.0011476933723315597,0.0006966876680962741,0.0008984145658439678,185.55995988845825
1746,0.001666520955041051,0.0002989749482367188,0.0008983027008686008,185.65692234039307
1747,0.0020708690863102674,0.0006720736855641007,0.0008981907821805803,185.75026965141296
1748,0.0018083311151713133,0.0020958466921001673,0.0008980788097971655,185.84183526039124
1749,0.0040259226225316525,0.0008756185998208821,0.000897966783735624,185.935387134552
1750,0.0010563395917415619,0.0006375015946105123,0.0008978547040132316,186.035306930542
1751,0.0031746327877044678,0.0018785222200676799,0.0008977425706472726,186.1535758972168
1752,0.0012375981314107776,0.0005097835091874003,0.000897630383655039,186.25068068504333
1753,0.002052780706435442,0.00021528267825488,0.0008975181430538317,186.34678316116333
1754,0.003089787205681205,0.001089833676815033,0.0008974058488609597,186.43857383728027
1755,0.0014038770459592342,0.00022107810946181417,0.0008972935010937398,186.54637265205383
1756,0.0019263866124674678,0.0006578377215191722,0.0008971810997694978,186.6406352519989
1757,0.001894280081614852,0.000560052169021219,0.0008970686449055673,186.7514193058014
1758,0.0018135188147425652,0.0004342647735029459,0.0008969561365192901,186.84939527511597
1759,0.0026427998673170805,0.004819584544748068,0.0008968435746280166,186.94132804870605
1760,0.0012634189333766699,0.00019129565043840557,0.000896730959249105,187.03288340568542
1761,0.0014738802565261722,0.0009939847514033318,0.0008966182903999225,187.158061504364
1762,0.0003911991079803556,0.0003220320795662701,0.0008965055680978436,187.25227046012878
1763,0.0026011220179498196,0.0012635040329769254,0.0008963927923602517,187.38061904907227
1764,0.0015386035665869713,0.0013492611469700933,0.0008962799632045381,187.47241306304932
1765,0.0007912516593933105,0.00014808056585025042,0.0008961670806481026,187.56474590301514
1766,0.0016624279087409377,0.0003368764591868967,0.000896054144708353,187.66517305374146
1767,0.0014796913601458073,0.0006028516218066216,0.0008959411554027055,187.76829719543457
1768,0.0012029691133648157,0.0003376725362613797,0.0008958281127485844,187.8648190498352
1769,0.0018935692496597767,0.0007435890729539096,0.0008957150167634225,187.95892763137817
1770,0.0018914411775767803,0.0004146185237914324,0.0008956018674646605,188.05076932907104
1771,0.0018253884045407176,0.0005775546305812895,0.0008954886648697473,188.18495345115662
1772,0.002909901551902294,0.00040767056634649634,0.0008953754089961405,188.28357481956482
1773,0.0017671191599220037,0.0004177802475169301,0.0008952620998613052,188.37685680389404
1774,0.0007226710440590978,0.00041628460166975856,0.0008951487374827153,188.4703712463379
1775,0.0004441158380359411,0.00024710901197977364,0.0008950353218778527,188.59478378295898
1776,0.0008368436247110367,0.001013663480989635,0.0008949218530642075,188.6874349117279
1777,0.0018104796763509512,0.003771364688873291,0.000894808331059278,188.7849841117859
1778,0.0015080496668815613,0.0005980998394079506,0.0008946947558805706,188.87760758399963
1779,0.001704509719274938,0.0007054713787510991,0.0008945811275456001,188.9717619419098
1780,0.001819344935938716,0.0013744295574724674,0.0008944674460718896,189.07014679908752
1781,0.002078710589557886,0.002786528319120407,0.0008943537114769701,189.1623854637146
1782,0.0015323691768571734,0.0001488942070864141,0.0008942399237783808,189.25937151908875
1783,0.001040789531543851,0.0005239428137429059,0.0008941260829936694,189.35640454292297
1784,0.0011601981241255999,0.0005444057169370353,0.0008940121891403913,189.45136761665344
1785,0.0017176081892102957,0.00031432262039743364,0.0008938982422361105,189.5464792251587
1786,0.0021380994003266096,0.0010981368832290173,0.000893784242298399,189.64008045196533
1787,0.0034696515649557114,0.001332971267402172,0.0008936701893448373,189.73173832893372
1788,0.0015437969705089927,0.0006504975608550012,0.0008935560833930134,189.8245813846588
1789,0.002688967389985919,0.004090731032192707,0.0008934419244605241,189.92600083351135
1790,0.0033178566955029964,0.0002087471220875159,0.0008933277125649739,190.018869638443
1791,0.0035324343480169773,0.0003310865431558341,0.0008932134477239762,190.11142253875732
1792,0.003143064212054014,0.35486212372779846,0.0008930991299551515,190.20741724967957
1793,0.004502461291849613,0.0008556212414987385,0.0008929847592761296,190.3036904335022
1794,0.0007223074208013713,0.00030940951546654105,0.0008928703357045473,190.39565873146057
1795,0.0011588302440941334,0.0009610617998987436,0.0008927558592580506,190.50602650642395
1796,0.001394352875649929,0.0004040664935018867,0.0008926413299542931,190.59724688529968
1797,0.002531582722440362,0.004348445683717728,0.0008925267478109366,190.69291305541992
1798,0.0018219811609014869,0.0021854862570762634,0.0008924121128456511,190.78445744514465
1799,0.0014004739932715893,0.002581941429525614,0.0008922974250761147,190.89350938796997
1800,0.002885892055928707,0.0013723662123084068,0.000892182684520014,190.9893867969513
1801,0.0016617983346804976,0.0018175167497247458,0.0008920678911950431,192.36789774894714
1802,0.001319167553447187,0.1542826145887375,0.0008919530451189046,192.45940327644348
1803,0.004902958869934082,0.05887289345264435,0.0008918381463093093,192.55185413360596
1804,0.006500461604446173,0.019312938675284386,0.000891723194783976,192.6515507698059
1805,0.001555674709379673,0.00305300229229033,0.000891608190560632,192.77933931350708
1806,0.0023527201265096664,0.05728638917207718,0.0008914931336570119,192.87286019325256
1807,0.0036086689215153456,0.004958909470587969,0.000891378024090859,192.96456122398376
1808,0.008782902732491493,0.08270985633134842,0.0008912628618799249,193.05967140197754
1809,0.027091119438409805,0.9018862843513489,0.0008911476470419688,193.15961742401123
1810,0.004350777715444565,0.031013373285531998,0.0008910323795947586,193.25551915168762
1811,0.0059041245840489864,0.03742867708206177,0.0008909170595560696,193.3487033843994
1812,0.003906567580997944,0.021560337394475937,0.0008908016869436858,193.4447681903839
1813,0.005682181566953659,0.0053375656716525555,0.0008906862617753992,193.57365250587463
1814,0.004470055922865868,0.07719095051288605,0.0008905707840690097,193.66568851470947
1815,0.002335278084501624,0.0674930214881897,0.0008904552538423254,193.7592363357544
1816,0.005497044883668423,0.044102054089307785,0.0008903396711131625,193.85753655433655
1817,0.006241062190383673,0.14777100086212158,0.0008902240358993452,193.95234274864197
1818,0.0016065830131992698,0.01043644268065691,0.0008901083482187063,194.0477740764618
1819,0.005438248626887798,0.12020902335643768,0.0008899926080890859,194.1398618221283
1820,0.001610832172445953,0.0262127872556448,0.0008898768155283326,194.23786759376526
1821,0.006217810790985823,0.0707537829875946,0.0008897609705543033,194.361652135849
1822,0.0025133623275905848,0.1054835245013237,0.0008896450731848627,194.4563512802124
1823,0.003505547996610403,0.02501610666513443,0.0008895291234378835,194.55034112930298
1824,0.002205583965405822,0.0035601959098130465,0.0008894131213312468,194.65075373649597
1825,0.0018335646018385887,0.010877060703933239,0.0008892970668828413,194.7436125278473
1826,0.001329050282947719,0.001987739000469446,0.0008891809601105642,194.84257435798645
1827,0.0037432722747325897,0.04109492897987366,0.0008890648010323208,194.93791103363037
1828,0.005028242245316505,0.011866234242916107,0.000888948589666024,195.03621864318848
1829,0.004387727472931147,0.0258779376745224,0.0008888323260295953,195.13315677642822
1830,0.0018312290776520967,0.001974336104467511,0.0008887160101409637,195.22507786750793
1831,0.002699943259358406,0.019059956073760986,0.000888599642018067,195.3227777481079
1832,0.002829444594681263,0.01531734224408865,0.0008884832216788501,195.41692733764648
1833,0.0041589210741221905,0.012270920909941196,0.0008883667491412671,195.5462327003479
1834,0.006378216203302145,0.02526002749800682,0.0008882502244232788,195.64041447639465
1835,0.002990235108882189,0.029965249821543694,0.0008881336475428555,195.73187947273254
1836,0.0031301621347665787,0.009345587342977524,0.0008880170185179744,195.82411670684814
1837,0.005933944135904312,0.011490820907056332,0.0008879003373666212,195.97597360610962
1838,0.00305972620844841,0.03142169862985611,0.0008877836041067898,196.06783390045166
1839,0.002871036995202303,0.06826375424861908,0.0008876668187564817,196.16275477409363
1840,0.0056595089845359325,0.005641463212668896,0.0008875499813337067,196.2590217590332
1841,0.00221816124394536,0.004727889318019152,0.0008874330918564828,196.3739993572235
1842,0.0027361258398741484,0.0036550681106746197,0.0008873161503428356,196.46680307388306
1843,0.0019543252419680357,0.012655668891966343,0.0008871991568107992,196.55929470062256
1844,0.002687184140086174,0.004086664412170649,0.0008870821112784152,196.65746307373047
1845,0.03241705149412155,0.40749722719192505,0.0008869650137637335,196.75155329704285
1846,0.002336449921131134,0.019623778760433197,0.0008868478642848121,196.84837126731873
1847,0.003957135137170553,0.012866904027760029,0.0008867306628597171,196.94108319282532
1848,0.00187408528290689,0.013042863458395004,0.0008866134095065222,197.0336651802063
1849,0.004567347466945648,0.005231890827417374,0.0008864961042433094,197.12675046920776
1850,0.0023905865382403135,0.01847592368721962,0.0008863787470881686,197.2203404903412
1851,0.0012658076593652368,0.0012080386513844132,0.0008862613380591978,197.31562280654907
1852,0.001803847961127758,0.0016794501570984721,0.000886143877174503,197.40766429901123
1853,0.0028171781450510025,0.017355941236019135,0.0008860263644521981,197.50050592422485
1854,0.002358666155487299,0.010132814757525921,0.000885908799910405,197.59537744522095
1855,0.009451190941035748,0.2651759684085846,0.0008857911835672537,197.6900930404663
1856,0.004318877588957548,0.010741055011749268,0.000885673515440882,197.78334760665894
1857,0.00635630264878273,0.008771471679210663,0.000885555795549436,197.92314100265503
1858,0.005701347719877958,0.0435086190700531,0.0008854380239110693,198.01598024368286
1859,0.002734467154368758,0.004030334297567606,0.0008853202005439441,198.1096534729004
1860,0.0010052991565316916,0.01714521460235119,0.0008852023254662299,198.20463466644287
1861,0.0025789530482143164,0.06955524533987045,0.000885084398696105,198.30906796455383
1862,0.0028379717841744423,0.009300395846366882,0.0008849664202517546,198.410311460495
1863,0.002628532238304615,0.07307514548301697,0.0008848483901513728,198.50274085998535
1864,0.0036073511000722647,0.03807000443339348,0.0008847303084131612,198.5962953567505
1865,0.007309533655643463,0.020799269899725914,0.0008846121750553297,198.68900299072266
1866,0.004498353227972984,0.012709744274616241,0.0008844939900960958,198.78428888320923
1867,0.0019528975244611502,0.026595350354909897,0.0008843757535536851,198.87846994400024
1868,0.003814318682998419,0.012085087597370148,0.0008842574654463313,198.9735631942749
1869,0.004577654879540205,0.024542907252907753,0.0008841391257922756,199.0656864643097
1870,0.0033245112281292677,0.01373593881726265,0.0008840207346097677,199.15835285186768
1871,0.009924154728651047,0.06703423708677292,0.000883902291917065,199.25383472442627
1872,0.0065736323595047,0.03971916064620018,0.0008837837977324327,199.34686279296875
1873,0.0036973245441913605,0.0257840808480978,0.0008836652520741443,199.44300079345703
1874,0.002217704663053155,0.002590601099655032,0.0008835466549604808,199.5367546081543
1875,0.002875490812584758,0.027648242190480232,0.0008834280064097316,199.6282241344452
1876,0.0026523838751018047,0.012322261929512024,0.0008833093064401938,199.71984720230103
1877,0.0025412016548216343,0.0150635140016675,0.0008831905550701721,199.81221294403076
1878,0.003929008264094591,0.007719008252024651,0.0008830717523179798,199.90593028068542
1879,0.00157718057744205,0.01397077925503254,0.0008829528982019376,200.00261449813843
1880,0.0024729694705456495,0.006651389878243208,0.0008828339927403744,200.09938621520996
1881,0.0024559847079217434,0.006731993984431028,0.0008827150359516268,200.19144868850708
1882,0.001945693977177143,0.013604584150016308,0.0008825960278540396,200.2837417125702
1883,0.0010132326278835535,0.0013895267620682716,0.0008824769684659652,200.37795424461365
1884,0.003361349692568183,0.02422795258462429,0.0008823578578057641,200.47066640853882
1885,0.0011294949799776077,0.030791025608778,0.0008822386958918046,200.56389546394348
1886,0.0023123668506741524,0.024829339236021042,0.000882119482742463,200.65801239013672
1887,0.0025416091084480286,0.0013223743299022317,0.0008820002183761236,200.74990820884705
1888,0.004938778933137655,0.005269515328109264,0.0008818809028111783,200.84283065795898
1889,0.003780723549425602,0.004511090926826,0.0008817615360660271,200.93855834007263
1890,0.002201569266617298,0.016690481454133987,0.0008816421181590779,201.03359651565552
1891,0.0018321810057386756,0.01206246204674244,0.0008815226491087464,201.12922930717468
1892,0.006462076213210821,0.06467331200838089,0.0008814031289334561,201.2213203907013
1893,0.002590654417872429,0.006555390544235706,0.0008812835576516388,201.334317445755
1894,0.0037307708989828825,0.0034316014498472214,0.0008811639352817338,201.43237924575806
1895,0.0013633917551487684,0.06214119866490364,0.000881044261842188,201.52435684204102
1896,0.0031153864692896605,0.013051292859017849,0.0008809245373514573,201.6173334121704
1897,0.0017059340607374907,0.00241074594669044,0.000880804761828004,201.71360301971436
1898,0.0018573231063783169,0.00563472555950284,0.0008806849352902994,201.81102061271667
1899,0.0017950324108824134,0.0779886469244957,0.0008805650577568218,201.90957808494568
1900,0.0013283819425851107,0.039866749197244644,0.0008804451292460585,202.00130915641785
1901,0.001923473784700036,0.008943811058998108,0.0008803251497765035,202.56894659996033
1902,0.0007576073403470218,0.0007520571816712618,0.0008802051193666594,202.66722059249878
1903,0.0013641122495755553,0.0019979432690888643,0.0008800850380350361,202.75966572761536
1904,0.0021553519181907177,0.027316000312566757,0.0008799649058001521,202.85183477401733
1905,0.0013872096315026283,0.008830752223730087,0.0008798447226805329,202.94572973251343
1906,0.003876875853165984,0.014874973334372044,0.0008797244886947121,203.041601896286
1907,0.0032213914673775434,0.0027482255827635527,0.000879604203861232,203.14007353782654
1908,0.0024763839319348335,0.0625750944018364,0.0008794838681986414,203.23283576965332
1909,0.00266780867241323,0.3392903506755829,0.0008793634817254977,203.32539892196655
1910,0.003955485299229622,0.1364370882511139,0.0008792430444603662,203.41743206977844
1911,0.0016270786290988326,0.0013510070275515318,0.0008791225564218196,203.5114803314209
1912,0.0036018926184624434,0.06392990052700043,0.0008790020176284389,203.6049189567566
1913,0.0014642949681729078,0.010837242007255554,0.0008788814280988126,203.72303819656372
1914,0.003098333952948451,0.013074793852865696,0.0008787607878515369,203.81560564041138
1915,0.008448231033980846,0.10812531411647797,0.0008786400969052165,203.91051959991455
1916,0.0079009048640728,0.07617364078760147,0.0008785193552784629,204.0085220336914
1917,0.004054408520460129,0.015704462304711342,0.0008783985629898966,204.12712168693542
1918,0.004392322618514299,0.013785223476588726,0.0008782777200581448,204.21988916397095
1919,0.0029430240392684937,0.005564625840634108,0.0008781568265018434,204.31816959381104
1920,0.0040230825543403625,0.00799061544239521,0.0008780358823396352,204.41394805908203
1921,0.00104059639852494,0.003952610306441784,0.0008779148875901716,204.53352284431458
1922,0.005008315667510033,0.029853230342268944,0.0008777938422721116,204.62558770179749
1923,0.008890809491276741,0.03170957416296005,0.0008776727464041219,204.71893858909607
1924,0.006679128389805555,0.04645548760890961,0.0008775516000048768,204.81332087516785
1925,0.0037169563584029675,0.017575187608599663,0.0008774304030930587,204.92087078094482
1926,0.0065865060314536095,0.03568721190094948,0.0008773091556873578,205.01462984085083
1927,0.00307847885414958,0.06786973029375076,0.0008771878578064717,205.1078817844391
1928,0.007285197265446186,0.021915661171078682,0.0008770665094691062,205.201265335083
1929,0.009425736963748932,0.0669955164194107,0.000876945110693975,205.31239414215088
1930,0.00434609642252326,0.019273364916443825,0.0008768236614997989,205.4049196243286
1931,0.003959229215979576,0.012175500392913818,0.0008767021619053071,205.49833273887634
1932,0.004473647102713585,0.006642699241638184,0.0008765806119292364,205.59301137924194
1933,0.002052761148661375,0.012480627745389938,0.0008764590115903313,205.70145893096924
1934,0.0028149778954684734,0.04503524303436279,0.0008763373609073441,205.79402256011963
1935,0.0015644821105524898,0.006806258112192154,0.0008762156598990346,205.88939118385315
1936,0.00423773005604744,0.02231486327946186,0.000876093908584171,205.9822723865509
1937,0.0035510100424289703,0.028482992202043533,0.0008759721069815287,206.08246636390686
1938,0.0016044529620558023,0.0028088062535971403,0.0008758502551098913,206.174236536026
1939,0.004623497370630503,0.015980752184987068,0.0008757283529880495,206.2729208469391
1940,0.0019191333558410406,0.0021152158733457327,0.0008756064006348022,206.36760473251343
1941,0.005140360444784164,0.00893029198050499,0.0008754843980689562,206.46002769470215
1942,0.002408722648397088,0.009672923944890499,0.0008753623453093258,206.55362129211426
1943,0.0042626080103218555,0.008506929501891136,0.0008752402423747329,206.64862179756165
1944,0.0014892506878823042,0.0028541809879243374,0.0008751180892840074,206.74053049087524
1945,0.0026374398730695248,0.006288052536547184,0.000874995886055987,206.84020805358887
1946,0.004667516797780991,0.03961234539747238,0.0008748736327095166,206.93615293502808
1947,0.0018425140297040343,0.0045954762026667595,0.0008747513292634496,207.02750515937805
1948,0.0022378764115273952,0.016703559085726738,0.0008746289757366463,207.12806820869446
1949,0.002491495106369257,0.020471803843975067,0.0008745065721479755,207.22708535194397
1950,0.0026808399707078934,0.0022862518671900034,0.0008743841185163135,207.3194398880005
1951,0.0015354001661762595,0.004763780161738396,0.0008742616148605438,207.4133539199829
1952,0.003496208693832159,0.005297992844134569,0.000874139061199558,207.51094889640808
1953,0.0025223898701369762,0.0067606172524392605,0.0008740164575522559,207.60701441764832
1954,0.002300859894603491,0.002441780176013708,0.000873893803937544,207.70006704330444
1955,0.0029797349125146866,0.0013621845282614231,0.0008737711003743373,207.79411554336548
1956,0.002065288368612528,0.001327589969150722,0.0008736483468815581,207.89015412330627
1957,0.0013888846151530743,0.009698252193629742,0.0008735255434781366,207.993408203125
1958,0.003744694171473384,0.0030642924830317497,0.0008734026901830106,208.08647751808167
1959,0.001228312961757183,0.0060682138428092,0.0008732797870151256,208.1790747642517
1960,0.002980933291837573,0.07220546156167984,0.0008731568339934349,208.2774670124054
1961,0.003400755813345313,0.13019800186157227,0.0008730338311368995,208.3694417476654
1962,0.001404921873472631,0.0027854163199663162,0.0008729107784644877,208.46726846694946
